tree
version=v4
num_class=1
num_tree_per_iteration=1
label_index=0
max_feature_idx=17
objective=regression
feature_names=dist_to_nearest_tss dist_to_nearest_cancer_tss gene_length in_repeat cpg_island_count cpg_nearest_dist cpg_mean_obs_exp encode_ccre_count encode_promoter_count encode_enhancer_count encode_ctcf_count ot_cancer_hallmark_count ot_disease_count ot_is_cancer_driver ext_n_patients ext_n_datasets ext_n_unique_sites ext_max_abundance
feature_infos=[1:2909057] [23:44668657] [95:2473538] [0:1] [0:71] [0:2598352] [0:1.76] [0:1613] [0:25] [0:1151] [0:148] [0:10] [0:4041] [0:1] [0:59] [0:2] [0:29081] none
tree_sizes=2811 2991 2976 2982 2969 3002 3008 3017 2992 3014 3040 3019 2991 3001 2998 2989 3016 2994 3029 3014 3038 3001 2988 3015 3018 3042 3021 2977 3038 3009 3065 3032 2847 3000 2979 3057 3046 2964 3082 3035 2979 3047 3002 2843 3070 3038 3049

Tree=0
num_leaves=31
num_cat=0
split_feature=16 16 16 16 16 14 16 1 16 16 0 0 2 16 0 8 1 10 1 14 16 1 0 14 12 12 1 0 16 3
split_gain=377.734 80.7836 49.9384 14.3624 9.22704 8.73188 7.97563 4.35756 3.73506 2.84505 2.7856 2.7479 2.63234 2.52685 2.43777 1.82505 1.78419 1.5832 1.38398 1.31852 1.30977 1.19162 1.07393 1.00597 0.95367 0.842801 0.84183 0.832071 0.582336 0.322131
threshold=392.50000000000006 1017.0000000000001 120.50000000000001 2319.0000000000005 246.50000000000003 20.500000000000004 783.50000000000011 2639070.0000000005 1313.5000000000002 6730.0000000000009 117429.00000000001 771770.50000000012 32060.500000000004 61.500000000000007 15829.500000000002 7.5000000000000009 1315321.0000000002 18.500000000000004 2454914.5000000005 8.5000000000000018 460.50000000000006 172995.00000000003 193960.50000000003 31.500000000000004 7.5000000000000009 26.500000000000004 1030267.5000000001 2271.5000000000005 358.50000000000006 1.0000000180025095e-35
decision_type=2 2 2 2 2 2 2 2 2 2 2 2 2 2 2 2 2 2 2 2 2 2 2 2 2 2 2 2 2 2
left_child=2 6 5 7 12 19 14 8 -3 10 -5 18 27 22 16 21 -2 -9 -8 26 -16 -6 -7 -14 -21 -15 -1 -4 -17 -13
right_child=1 3 4 9 15 13 11 17 -10 -11 -12 29 23 25 20 28 -18 -19 -20 24 -22 -23 -24 -25 -26 -27 -28 -29 -30 -31
leaf_value=0.49315837045309108 0.50627033385926867 0.50906818697288425 0.50159582927601443 0.51598486934200927 0.50320410978894359 0.49546415087046614 0.50799325774806514 0.50871072981013454 0.51203908639049189 0.52206200413739889 0.51180103171707703 0.50196527116468825 0.48812062423697006 0.49862552867894439 0.50292485571378087 0.49426247662042455 0.503875564206412 0.50546554274355127 0.5058847445933693 0.48938064931628356 0.50425002870423652 0.50126933511289606 0.48596116223497865 0.49836415229583569 0.4939529181560362 0.49692655735103741 0.48851698541488031 0.49968159546870961 0.50161522113398715 0.49701437944575
leaf_weight=169 2294 1882 647 984 894 2845 2232 1898 2420 127 670 89 24 851 2484 117 1177 469 1196 123 7479 7242 30 4967 1621 5175 235 4637 35 52
leaf_count=169 2294 1882 647 984 894 2845 2232 1898 2420 127 670 89 24 851 2484 117 1177 469 1196 123 7479 7242 30 4967 1621 5175 235 4637 35 52
internal_value=0.502394 0.506861 0.498555 0.510857 0.500139 0.495894 0.504875 0.509791 0.51074 0.514846 0.514291 0.506976 0.499138 0.496584 0.504317 0.50138 0.505458 0.508068 0.507258 0.493032 0.50392 0.501482 0.495364 0.498315 0.49363 0.497166 0.490456 0.499916 0.495954 0.500137
internal_weight=55065 25453 29612 8450 18563 11049 17003 6669 4302 1781 1654 3569 10275 8901 13434 8288 3471 2367 3428 2148 9963 8136 2875 4991 1744 6026 404 5284 152 141
internal_count=55065 25453 29612 8450 18563 11049 17003 6669 4302 1781 1654 3569 10275 8901 13434 8288 3471 2367 3428 2148 9963 8136 2875 4991 1744 6026 404 5284 152 141
is_linear=0
shrinkage=1


Tree=1
num_leaves=31
num_cat=0
split_feature=16 16 16 16 16 14 16 16 10 16 0 0 2 16 0 8 16 10 14 16 16 9 0 4 12 7 7 12 16 3
split_gain=340.908 72.9082 45.07 12.9626 8.32744 7.88092 7.19802 3.45537 3.08983 2.56815 2.514 2.48014 2.39339 2.28057 2.20011 1.64729 1.5606 1.48369 1.19014 1.18423 1.17741 1.09716 0.96981 0.927783 0.860887 0.847523 0.803692 0.678746 0.525593 0.290784
threshold=392.50000000000006 1017.0000000000001 120.50000000000001 2319.0000000000005 246.50000000000003 20.500000000000004 783.50000000000011 1313.5000000000002 6.5000000000000009 6730.0000000000009 117429.00000000001 771770.50000000012 76772.500000000015 61.500000000000007 15829.500000000002 7.5000000000000009 594.50000000000011 31.500000000000004 8.5000000000000018 422.50000000000006 175.50000000000003 33.500000000000007 193960.50000000003 11.500000000000002 7.5000000000000009 23.500000000000004 453.00000000000006 631.50000000000011 358.50000000000006 1.0000000180025095e-35
decision_type=2 2 2 2 2 2 2 2 2 2 2 2 2 2 2 2 2 2 2 2 2 2 2 2 2 2 2 2 2 2
left_child=2 6 5 7 12 18 14 17 -9 10 -5 21 20 22 16 23 -2 -3 27 -16 -4 -8 -7 -6 -20 -15 -14 -1 -17 -13
right_child=1 3 4 9 15 13 11 8 -10 -11 -12 29 26 25 19 28 -18 -19 24 -21 -22 -23 -24 -25 -26 -27 -28 -29 -30 -31
leaf_value=-0.011571729651226869 0.0020961506120572523 0.005985992134053264 -0.0032799867584568498 0.012910938416544743 -0.00083661393706692302 -0.0065838252728264868 0.0056663412684258632 0.0088266233179739098 0.0053754042835489849 0.018684920741290582 0.0089362935568510389 -0.00040777301672933883 -0.0042122702995796889 -0.0042172434702058299 -0.00011934262221581461 -0.0077257509177103712 0.0042909329870012098 0.00035465448999618787 -0.012363668060978796 0.0016383848283124684 -0.0020387244784337353 0.003854737448039232 -0.015614382142937462 -0.010278909634870131 -0.0080195102925989682 -0.005436340429667186 -0.0085786616169153083 0.0068544573059269032 -0.00074040757669958457 -0.0051116122097320388
leaf_weight=399 2183 2842 3742 984 8110 2845 1448 2866 839 127 670 89 2518 2322 1074 117 1288 122 123 8889 3905 1980 30 26 1621 3704 110 4.9999999999999991 35 52
leaf_count=399 2183 2842 3742 984 8110 2845 1448 2866 839 127 670 89 2518 2322 1074 117 1288 122 123 8889 3905 1980 30 26 1621 3704 110 5 35 52
internal_value=-2.60853e-09 0.0042434 -0.00364742 0.00803935 -0.00214247 -0.00617579 0.00235689 0.00702712 0.00804526 0.011829 0.0113015 0.00435279 -0.00309358 -0.00551968 0.00182661 -0.000963306 0.00291068 0.00575422 -0.00889424 0.0014489 -0.00264616 0.00462011 -0.0066786 -0.000866914 -0.00832658 -0.00496666 -0.00439535 -0.011342 -0.00611883 -0.00214492
internal_weight=55065 25453 29612 8450 18563 11049 17003 6669 3705 1781 1654 3569 10275 8901 13434 8288 3471 2964 2148 9963 7647 3428 2875 8136 1744 6026 2628 404 152 141
internal_count=55065 25453 29612 8450 18563 11049 17003 6669 3705 1781 1654 3569 10275 8901 13434 8288 3471 2964 2148 9963 7647 3428 2875 8136 1744 6026 2628 404 152 141
is_linear=0
shrinkage=0.05


Tree=2
num_leaves=31
num_cat=0
split_feature=16 16 16 16 16 16 14 16 1 0 7 0 1 16 0 16 7 14 2 9 0 14 16 16 1 12 1 7 14 12
split_gain=307.672 65.8004 40.9141 11.8248 10.1348 6.50667 4.90678 3.06161 3.03468 2.69052 2.40103 2.3835 2.01568 1.98074 1.82474 1.41441 2.0334 1.29479 1.21226 1.16372 1.08769 1.06607 1.0309 0.947363 0.93055 0.785727 0.780548 0.642914 0.514662 0.276439
threshold=392.50000000000006 1017.0000000000001 96.500000000000014 1837.0000000000002 218.50000000000003 774.50000000000011 20.500000000000004 6730.0000000000009 2639070.0000000005 110406.50000000001 47.500000000000007 771770.50000000012 874789.00000000012 1313.5000000000002 9344.5000000000018 282.50000000000006 12.500000000000002 42.500000000000007 327989.00000000006 41.500000000000007 320756.00000000006 8.5000000000000018 480.50000000000006 55.500000000000007 2454914.5000000005 7.5000000000000009 1030267.5000000001 343.00000000000006 43.500000000000007 113.50000000000001
decision_type=2 2 2 2 2 2 2 2 2 2 2 2 2 2 2 2 2 2 2 2 2 2 2 2 2 2 2 2 2 2
left_child=2 5 6 8 10 12 21 9 13 -5 19 24 14 -3 -2 16 -6 -17 -10 -4 -12 26 -14 27 -7 -23 -1 -8 -25 -13
right_child=1 3 4 7 15 11 23 -9 18 -11 20 29 22 -15 -16 17 -18 -19 -20 -21 -22 25 -24 28 -26 -27 -28 -29 -30 -31
leaf_value=-0.0081266040759681059 0.004202311805592291 0.0060447945522477363 -0.0028280557662958279 0.010996705302317094 0.00062233599042990097 0.004910607761288769 -0.0064145789987812398 0.017751409618710086 0.0053260678731752225 0.0078370681987752558 -0.0041602427552515451 0.0029687203237222198 0.00039944998039897253 0.0084491257637427271 0.0019711448712811724 -0.013628448215825241 -0.0022961244398755094 -0.00058877871966858263 0.002296947221500941 0.0035163161202133846 -0.0090318642888662926 -0.011745986907351779 0.0016106183210989841 -0.005298789445349476 0.0032213726342283145 -0.0075956302019553794 -0.01260949379962765 -0.015638667602501613 -0.00091230447223565917 -0.0031029932038809005
leaf_weight=167 1207 1882 6590 1806 713 2367 2263 127 1564 1077 3931 22 2542 1575 3807 19 3662 5820 419 73 118 123 5689 4193 1245 1618 235 19 68 124
leaf_count=167 1207 1882 6590 1806 713 2367 2263 127 1564 1077 3931 22 2542 1575 3807 19 3662 5820 419 73 118 123 5689 4193 1245 1618 235 19 68 124
internal_value=-4.41968e-09 0.00403124 -0.00346507 0.00763742 -0.00226765 0.00223905 -0.00634979 0.010152 0.00624589 0.00981667 -0.00334212 0.00407529 0.00171802 0.00714041 0.00250832 -0.00114077 -0.0018205 -0.000631442 0.00468617 -0.00275849 -0.00430244 -0.00842652 0.00123658 -0.00566949 0.00432846 -0.00788951 -0.0107497 -0.00649206 -0.00522881 -0.00218667
internal_weight=55065 25453 29612 8450 20926 17003 8686 3010 5440 2883 10712 3758 13245 3457 5014 10214 4375 5839 1983 6663 4049 2143 8231 6543 3612 1741 402 2282 4261 146
internal_count=55065 25453 29612 8450 20926 17003 8686 3010 5440 2883 10712 3758 13245 3457 5014 10214 4375 5839 1983 6663 4049 2143 8231 6543 3612 1741 402 2282 4261 146
is_linear=0
shrinkage=0.05


Tree=3
num_leaves=31
num_cat=0
split_feature=14 14 14 1 14 14 15 14 2 14 4 7 9 6 14 5 1 0 2 14 4 6 0 14 0 1 0 1 0 8
split_gain=231.244 37.5071 23.4921 7.47183 5.40149 5.40049 6.33077 3.94729 2.55275 2.0653 2.01713 2.0028 1.75149 1.45526 1.27302 1.41549 1.25235 1.26154 1.22153 1.21632 1.19659 1.12834 1.10388 1.07492 1.03464 1.02012 0.949107 0.714748 0.537747 0.525282
threshold=50.500000000000007 56.500000000000007 39.500000000000007 2502736.5000000005 20.500000000000004 53.500000000000007 1.5000000000000002 58.500000000000007 147587.00000000003 47.500000000000007 3.5000000000000004 400.50000000000006 414.50000000000006 1.2250000000000003 57.500000000000007 709029.50000000012 2791853.5000000005 282053.50000000006 12610.000000000002 28.500000000000004 14.500000000000002 0.92890000000000017 65166.500000000007 8.5000000000000018 66819.000000000015 5030432.0000000009 143744.50000000003 587513.00000000012 193960.50000000003 1.5000000000000002
decision_type=2 2 2 2 2 2 2 2 2 2 2 2 2 2 2 2 2 2 2 2 2 2 2 2 2 2 2 2 2 2
left_child=2 5 4 7 23 6 24 11 -8 18 12 -3 -7 -9 25 -16 -11 -18 21 28 -12 -4 -21 27 -2 -5 -20 -1 -6 -25
right_child=1 3 9 14 19 10 8 13 -10 16 20 -13 -14 -15 15 -17 17 -19 26 22 -22 -23 -24 29 -26 -27 -28 -29 -30 -31
leaf_value=-0.0068007109173686426 0.0037130644486906466 0.0051385210612277833 -0.0025937661977944049 0.00083308396596464592 -0.0060905059225327953 0.0018525409829586983 0.00019498759409081624 0.007374189754941452 -0.0024556105050034024 -0.0011269915173957846 0.0039695796509687945 0.00069566084361746372 -0.002915693268749563 -0.0082041529432827272 0.0040164767992332808 -0.0030684825833809364 -0.0025141398827695054 -0.0094550931150563441 -0.0032554781489880728 -0.0044715470682934908 0.015758428141070167 0.0002268417488610861 -0.0065785846832716391 -0.0083012982645457832 0.0083154460050113149 0.0031783607010551019 -0.0058500035142427902 -0.011560710506305643 -0.01453069837139773 -0.0065686827765125012
leaf_weight=108 563 5090 1917 769 2068 10800 5857 2608 1075 3235 847 267 196 14.999999999999998 3232 72 1702 68 4885 4740 22 435 716 882 156 1168 380 298 19 875
leaf_count=108 563 5090 1917 769 2068 10800 5857 2608 1075 3235 847 267 196 15 3232 72 1702 68 4885 4740 22 435 716 882 156 1168 380 298 19 875
internal_value=-6.24836e-09 0.00267591 -0.00392339 0.00473213 -0.00577287 0.00128292 0.000247141 0.00569543 -0.000216091 -0.00250116 0.00195083 0.0049171 0.00176752 0.00728479 0.0032653 0.00386199 -0.00171208 -0.00278132 -0.00301962 -0.0051411 0.00426981 -0.00207211 -0.00474817 -0.0079757 0.00471265 0.00224736 -0.00344284 -0.0102965 -0.00616804 -0.00743886
internal_weight=55065 32737 22328 13221 9706 19516 7651 7980 6932 12622 11865 5357 10996 2623 5241 3304 5005 1770 7617 7543 869 2352 5456 2163 719 1937 5265 406 2087 1757
internal_count=55065 32737 22328 13221 9706 19516 7651 7980 6932 12622 11865 5357 10996 2623 5241 3304 5005 1770 7617 7543 869 2352 5456 2163 719 1937 5265 406 2087 1757
is_linear=0
shrinkage=0.05


Tree=4
num_leaves=31
num_cat=0
split_feature=16 16 16 16 16 14 16 1 16 16 2 0 0 0 16 10 1 1 1 4 1 6 14 14 0 0 0 12 1 1
split_gain=255.149 54.7684 34.6611 10.6782 6.73887 5.72007 5.17321 3.21175 2.68431 2.0925 2.0219 1.99275 1.98324 1.69291 1.67635 1.28197 1.23981 1.0735 0.993698 1.10215 0.972551 0.924419 0.871968 0.870114 0.821289 0.777478 0.75935 0.689064 0.629482 0.243082
threshold=404.50000000000006 1017.0000000000001 120.50000000000001 2319.0000000000005 246.50000000000003 20.500000000000004 783.50000000000011 2639070.0000000005 1313.5000000000002 6730.0000000000009 32060.500000000004 117429.00000000001 771770.50000000012 15829.500000000002 61.500000000000007 31.500000000000004 1315321.0000000002 3404403.5000000005 172995.00000000003 11.500000000000002 149240.00000000003 1.0383500000000001 8.5000000000000018 31.500000000000004 193960.50000000003 152291.50000000003 5456.0000000000009 7.5000000000000009 1030267.5000000001 1073029.0000000002
decision_type=2 2 2 2 2 2 2 2 2 2 2 2 2 2 2 2 2 2 2 2 2 2 2 2 2 2 2 2 2 2
left_child=2 6 5 7 10 22 13 8 -3 11 26 -5 17 16 24 -9 -2 -8 21 -20 -15 -6 28 -12 -7 -16 -4 -24 -1 -14
right_child=1 3 4 9 18 14 12 15 -10 -11 23 -13 29 20 25 -17 -18 -19 19 -21 -22 -23 27 -25 -26 -27 -28 -29 -30 -31
leaf_value=-0.0073894811378343627 0.003284647997215825 0.0055045878725225013 -0.00096641047259620871 0.011422497759691315 0.00020867040544878297 -0.005661696626348519 0.0045442739273767281 0.0050728172044577991 0.0080231249764877409 0.016654014707573002 -0.012873694323838003 0.0078838652371627099 -0.0068736979885372362 0.0029929188492211281 -0.0041665907424306625 0.0015844283796580512 0.0012418305814256075 0.0025738714688247808 -0.00094184707061948768 -0.01037311256291207 0.0011147279154089943 0.0054215488791580571 -0.010755696847458363 -0.0033475880566953319 -0.013971090694252043 -0.0071010871379157299 -0.0023411677380450308 -0.0068696638486780634 -0.011401497639909979 -0.0011620297830545608
leaf_weight=169 2150 1882 1349 984 884 2845 2467 2065 2420 127 24 670 22 748 5791 302 1135 961 7912 31 8768 94 123 4967 30 235 3935 1621 235 119
leaf_count=169 2150 1882 1349 984 884 2845 2467 2065 2420 127 24 670 22 748 5791 302 1135 961 7912 31 8768 94 123 4967 30 235 3935 1621 235 119
internal_value=-1.05619e-08 0.0037571 -0.00308322 0.0070262 -0.00179904 -0.00531425 0.0020696 0.00610749 0.00692149 0.0104658 -0.00267195 0.00998964 0.00375294 0.00160025 -0.00475528 0.00462783 0.00257889 0.00399199 -0.000793617 -0.000978786 0.00126239 0.000710207 -0.00763023 -0.00339365 -0.00574889 -0.00428115 -0.00199022 -0.00714434 -0.00972545 -0.00205745
internal_weight=55065 24820 30245 8450 19196 11049 16370 6669 4302 1781 10275 1654 3569 12801 8901 2367 3285 3428 8921 7943 9516 978 2148 4991 2875 6026 5284 1744 404 141
internal_count=55065 24820 30245 8450 19196 11049 16370 6669 4302 1781 10275 1654 3569 12801 8901 2367 3285 3428 8921 7943 9516 978 2148 4991 2875 6026 5284 1744 404 141
is_linear=0
shrinkage=0.05


Tree=5
num_leaves=31
num_cat=0
split_feature=16 16 16 16 16 16 14 1 16 7 16 0 1 2 0 6 16 7 14 9 7 14 8 1 16 7 14 14 14 2
split_gain=230.274 49.4291 31.3021 9.63747 8.11373 4.68662 3.53202 2.89861 2.42259 1.98446 1.88884 1.79846 1.69591 2.01269 1.69335 1.35657 1.27106 1.82038 1.10201 1.06097 1.01531 0.957133 0.787151 0.772604 0.695018 0.57483 0.495685 0.473012 0.455934 0.317338
threshold=404.50000000000006 1017.0000000000001 96.500000000000014 2319.0000000000005 218.50000000000003 746.50000000000011 20.500000000000004 2639070.0000000005 1313.5000000000002 47.500000000000007 6730.0000000000009 117429.00000000001 2599278.5000000005 54272.000000000007 771770.50000000012 0.83355000000000012 282.50000000000006 12.500000000000002 43.500000000000007 41.500000000000007 17.500000000000004 31.500000000000004 1.5000000000000002 2454914.5000000005 55.500000000000007 343.00000000000006 11.500000000000002 21.500000000000004 9.5000000000000018 117351.00000000001
decision_type=2 2 2 2 2 2 2 2 2 2 2 2 2 2 2 2 2 2 2 2 2 2 2 2 2 2 2 2 2 2
left_child=2 5 6 7 9 12 22 8 -3 19 11 -5 13 -2 23 -14 17 -6 -18 -4 -9 -11 28 -7 25 -8 -24 -26 -1 -16
right_child=1 3 4 10 16 14 24 20 -10 21 -12 -13 15 -15 29 -17 18 -19 -20 -21 -22 -23 26 -25 27 -27 -28 -29 -30 -31
leaf_value=-0.0099263687310835493 0.0025284669187549077 0.0052293729973700055 -0.0024199730461219979 0.010851430729608589 0.00070891375348490146 0.0040890574998830058 -0.0055173701785610528 0.0018453089059042524 0.0076219852652865674 -0.012359157571644519 0.015821969130733745 0.0074897306473728914 -0.00041483211302268042 0.00082325520865667479 0.0019759862762502114 0.0013708786926844071 -0.011171098790784595 -0.0020524388375111279 -0.00045919659070598937 0.0036376615344112292 0.0048169255522199422 -0.0036883427718382789 -0.0079239852282172087 0.0026664986811302917 0.0075730950698072539 -0.014237433047818888 -0.0055232090857520308 -0.0045314834829221478 -0.0075686415783269654 -0.0028992160961714836
leaf_weight=274 4842 1882 6590 984 713 2660 2263 335 2420 32 127 670 1713 2693 46 2805 24 3662 6448 73 2032 4017 306 1490 7.9999999999999991 19 730 4253 833 121
leaf_count=274 4842 1882 6590 984 713 2660 2263 335 2420 32 127 670 1713 2693 46 2805 24 3662 6448 73 2032 4017 306 1490 8 19 730 4253 833 121
internal_value=-1.26245e-08 0.00356926 -0.00292907 0.00667492 -0.00190806 0.00196612 -0.00546322 0.00580213 0.00657543 -0.00288413 0.00994258 0.00949021 0.00145979 0.00191905 0.00337973 0.000693832 -0.000944112 -0.00160241 -0.000499091 -0.00235355 0.00439645 -0.00375717 -0.00722518 0.00357838 -0.00488603 -0.00559059 -0.00623301 -0.00450858 -0.00815306 -0.00155597
internal_weight=55065 24820 30245 8450 21559 16370 8686 6669 4302 10712 1781 1654 12053 7535 4317 4518 10847 4375 6472 6663 2367 4049 2143 4150 6543 2282 1036 4261 1107 167
internal_count=55065 24820 30245 8450 21559 16370 8686 6669 4302 10712 1781 1654 12053 7535 4317 4518 10847 4375 6472 6663 2367 4049 2143 4150 6543 2282 1036 4261 1107 167
is_linear=0
shrinkage=0.05


Tree=6
num_leaves=31
num_cat=0
split_feature=16 16 16 16 16 16 14 1 2 16 6 0 0 0 0 9 16 1 1 4 4 14 16 0 16 7 7 2 12 2
split_gain=207.9 43.08 29.838 7.00316 6.24937 6.12995 4.67557 2.53469 1.72913 1.705 1.66046 1.62311 1.57428 1.53773 1.47356 1.5441 1.12725 1.1153 1.01068 1.09495 1.00254 0.929805 0.894401 0.885654 0.811978 0.79016 0.689094 0.592574 0.58948 0.51088
threshold=418.50000000000006 1124.0000000000002 120.50000000000001 2319.0000000000005 783.50000000000011 246.50000000000003 23.500000000000004 1107961.5000000002 76772.500000000015 6730.0000000000009 0.77840000000000009 117429.00000000001 44699.000000000007 771770.50000000012 34963.500000000007 101.50000000000001 91.500000000000014 3404403.5000000005 172995.00000000003 2.5000000000000004 11.500000000000002 8.5000000000000018 175.50000000000003 148602.50000000003 460.50000000000006 29.500000000000004 453.00000000000006 117351.00000000001 631.50000000000011 294103.50000000006
decision_type=2 2 2 2 2 2 2 2 2 2 2 2 2 2 2 2 2 2 2 2 2 2 2 2 2 2 2 2 2 2
left_child=2 4 6 7 14 8 21 12 22 11 -9 -5 -3 17 15 -2 23 -6 19 -7 -20 28 -4 -8 -16 -18 -10 -15 -1 -23
right_child=1 3 5 9 13 18 16 10 26 -11 -12 -13 -14 27 24 -17 25 -19 20 -21 -22 29 -24 -25 -26 -27 -28 -29 -30 -31
leaf_value=-0.0090014282708939294 0.0024011717996595058 0.0082705573480912984 -0.0025791984555710991 0.010308914504690741 0.0042758664321346533 -0.00020915430685533311 -0.0045463821781163583 0.0028649848960598584 -0.0033440545729132558 0.015031492888610914 0.0055616487107815471 0.0071153001807022845 0.0054924320231488641 0.0035891821823761851 -0.00023636693931008946 -0.00033661412226556415 -0.0025425574218012736 0.0025514411099759986 -0.00079335434028386925 0.0033798940398486531 -0.0097871319783126819 -0.0062440737624219166 -0.0014973823642940457 -0.0092966301109898581 0.0012474095628419038 -0.0041905878343274925 -0.0073866834054082692 -0.0025047244118684385 0.0081504273648355524 0.0040713002643555651
leaf_weight=399 4862 1283 3742 984 3383 734 5225 741 2518 127 2491 670 848 56 1102 576 1378 1298 8473 299 31 2388 3905 100 5645 1542 110 138 4.9999999999999991 11.999999999999998
leaf_count=399 4862 1283 3742 984 3383 734 5225 741 2518 127 2491 670 848 56 1102 576 1378 1298 8473 299 31 2388 3905 100 5645 1542 110 138 5 12
internal_value=-1.30391e-08 0.00346911 -0.00272082 0.00672883 0.00210405 -0.00155976 -0.00480267 0.00582647 -0.00240708 0.00944555 0.00494349 0.00901576 0.00716535 0.00361698 0.00149872 0.00211118 -0.00420275 0.00379776 -0.00064686 0.000829916 -0.000826254 -0.0065665 -0.00202679 -0.00463576 0.00100506 -0.00341297 -0.00351354 -0.000744716 -0.00878719 -0.00619233
internal_weight=55065 24204 30861 7144 17060 19812 11049 5363 10275 1781 3232 1654 2131 4875 12185 5438 8245 4681 9537 1033 8504 2804 7647 5325 6747 2920 2628 194 404 2400
internal_count=55065 24204 30861 7144 17060 19812 11049 5363 10275 1781 3232 1654 2131 4875 12185 5438 8245 4681 9537 1033 8504 2804 7647 5325 6747 2920 2628 194 404 2400
is_linear=0
shrinkage=0.05


Tree=7
num_leaves=31
num_cat=0
split_feature=16 16 16 16 16 16 14 10 16 0 10 7 4 9 8 16 14 1 2 1 0 12 15 9 10 16 0 1 1 1
split_gain=187.921 41.9122 24.3039 8.14641 5.91837 4.16864 2.90877 2.56825 2.01485 1.88181 1.73497 1.73492 1.56696 1.38546 1.25106 1.1883 1.07915 1.02558 1.37857 1.17808 0.919236 0.732101 0.715855 0.687355 0.611882 0.6047 0.699877 0.660175 0.427599 0.278115
threshold=392.50000000000006 1017.0000000000001 96.500000000000014 1837.0000000000002 213.50000000000003 594.50000000000011 20.500000000000004 31.500000000000004 6730.0000000000009 110406.50000000001 3.5000000000000004 46.500000000000007 3.5000000000000004 41.500000000000007 7.5000000000000009 867.50000000000011 45.500000000000007 2599278.5000000005 52820.000000000007 5030432.0000000009 143744.50000000003 5.5000000000000009 1.5000000000000002 215.50000000000003 25.500000000000004 45.500000000000007 137542.50000000003 5573347.5000000009 5661285.5000000009 190577.00000000003
decision_type=2 2 2 2 2 2 2 2 2 2 2 2 2 2 2 2 2 2 2 2 2 2 2 2 2 2 2 2 2 2
left_child=2 5 6 7 11 17 21 12 9 -5 15 13 -3 -4 16 -7 -6 18 -2 -19 -13 29 -12 -23 -16 27 -27 -8 -9 -1
right_child=1 3 4 8 14 10 25 28 -10 -11 22 20 -14 -15 24 -17 -18 19 -20 -21 -22 23 -24 -25 -26 26 -28 -29 -30 -31
leaf_value=-0.00090406923324881519 0.0019871163271505165 0.0048390518625013165 -0.002182664606676574 0.0088305377387883268 -0.0038211265870258418 0.0025281435009214758 -0.0048491588422681356 0.0018157865044189391 0.01428050964991588 0.0061882476634613137 0.0066269150951610289 -0.0031748587458493537 0.0079518400428473714 0.0080741860761709538 -0.0042174433363934222 0.0041220071267402784 -0.0007982517663315691 -0.0010289575615214967 0.00030075959158243777 0.00096317639183605129 -0.0054778334872703834 -0.0063700533151855024 0.0011862032612120388 0.0034292275343316692 -0.015067889328702545 -0.0040585898782501493 -0.0070747484693067277 -0.0078095594704360102 -0.0024682313846000146 -0.010508628887901716
leaf_weight=7.9999999999999991 3232 4765 6325 1806 304 4767 1027 120 127 1077 62 3437 442 33 169 1550 10148 1192 1939 1966 496 1981 2295 18 13.999999999999998 5085 200 231 113 136
leaf_count=8 3232 4765 6325 1806 304 4767 1027 120 127 1077 62 3437 442 33 169 1550 10148 1192 1939 1966 496 1981 2295 18 14 5085 200 231 113 136
internal_value=-1.05953e-08 0.00315052 -0.00270805 0.0060286 -0.00178517 0.00172017 -0.00493139 0.00487362 0.00811576 0.00784371 0.00248734 -0.00263997 0.00510343 -0.0021293 -0.000957995 0.00291929 -0.000886209 0.000921209 0.00135479 0.000211229 -0.00346542 -0.00653035 0.00132959 -0.00628165 -0.00505531 -0.0044076 -0.00417286 -0.00539334 -0.000262038 -0.00997604
internal_weight=55065 25453 29612 8450 20926 17003 8686 5440 3010 2883 8674 10291 5207 6358 10635 6317 10452 8329 5171 3158 3933 2143 2357 1999 183 6543 5285 1258 233 144
internal_count=55065 25453 29612 8450 20926 17003 8686 5440 3010 2883 8674 10291 5207 6358 10635 6317 10452 8329 5171 3158 3933 2143 2357 1999 183 6543 5285 1258 233 144
is_linear=0
shrinkage=0.05


Tree=8
num_leaves=31
num_cat=0
split_feature=16 16 16 16 16 16 14 7 5 1 2 2 1 8 0 0 16 14 8 1 16 7 9 0 16 0 8 7 16 16
split_gain=169.6 37.8838 22.0453 7.7524 4.59105 3.90966 3.79633 2.49711 2.13847 1.55695 1.67404 1.50451 1.44229 1.33512 1.31711 1.29625 1.15344 1.13375 1.08159 0.87506 0.83154 0.735639 0.732062 0.714073 0.693436 0.676585 0.659226 0.52584 0.448881 0.447444
threshold=392.50000000000006 1240.0000000000002 120.50000000000001 783.50000000000011 2486.0000000000005 246.50000000000003 20.500000000000004 273.50000000000006 40159.000000000007 2454914.5000000005 461650.50000000006 32060.500000000004 874789.00000000012 7.5000000000000009 305555.00000000006 9344.5000000000018 61.500000000000007 57.500000000000007 5.5000000000000009 172995.00000000003 6730.0000000000009 453.00000000000006 3.5000000000000004 2271.5000000000005 480.50000000000006 193960.50000000003 1.5000000000000002 906.50000000000011 55.500000000000007 358.50000000000006
decision_type=2 2 2 2 2 2 2 2 2 2 2 2 2 2 2 2 2 2 2 2 2 2 2 2 2 2 2 2 2 2
left_child=2 3 6 12 7 11 26 8 -3 10 -5 23 15 19 20 -2 25 -11 -9 -7 -6 -13 -18 -4 -14 -8 -1 -16 -28 -15
right_child=1 4 5 9 14 13 16 18 -10 17 -12 21 24 29 27 -17 22 -19 -20 -21 -22 -23 -24 -25 -26 -27 28 -29 -30 -31
leaf_value=-0.0070762172486717803 0.0033264051764543391 0.0065246432510043528 -2.7688416471614746e-05 0.0042125135167404718 0.0093071462121577225 0.00085039637794726692 -0.0046306569978288937 0.0016650025706659516 0.0021815323112916391 0.0033445985822030209 -0.0013557804257452403 -0.0027031277306267727 0.00015863311137053029 -0.0068361684167002074 0.0058304931787694003 0.0014641658951069472 -0.0019110185615582359 0.0010184722886228841 0.0059849821086832185 -0.00080758017943593011 0.013881178891737248 -0.0068368796814490228 -0.0036844244634080883 -0.0018008670201340128 0.0011490541835577411 -0.012171461062809063 -0.0051539279379531422 0.015703065003803439 -0.011803383018350464 -0.00039195128188513619
leaf_weight=1109 1233 3571 647 3731 983 894 2845 494 308 1198 140 4881 2542 117 333 3860 653 931 205 7242 111 110 5373 4637 5799 30 1013 13.999999999999998 26 35
leaf_count=1109 1233 3571 647 3731 983 894 2845 494 308 1198 140 4881 2542 117 333 3860 653 931 205 7242 111 110 5373 4637 5799 30 1013 14 26 35
internal_value=-1.06874e-08 0.00299301 -0.00257266 0.00191947 0.00645912 -0.00152012 -0.00434096 0.00568412 0.00617986 0.00341375 0.0040111 -0.00217182 0.00125206 -0.000712167 0.00892069 0.00191506 -0.00388558 0.00232749 0.00293262 -0.00062539 0.00977247 -0.00279437 -0.00349229 -0.00158375 0.000847219 -0.00470976 -0.00622771 0.00623322 -0.00532144 -0.00535354
internal_weight=55065 25453 29612 19434 6019 18563 11049 4578 3879 6000 3871 10275 13434 8288 1441 5093 8901 2129 699 8136 1094 4991 6026 5284 8341 2875 2148 347 1039 152
internal_count=55065 25453 29612 19434 6019 18563 11049 4578 3879 6000 3871 10275 13434 8288 1441 5093 8901 2129 699 8136 1094 4991 6026 5284 8341 2875 2148 347 1039 152
is_linear=0
shrinkage=0.05


Tree=9
num_leaves=31
num_cat=0
split_feature=16 16 16 16 16 16 14 0 2 10 2 0 9 0 16 2 5 2 0 16 10 14 16 16 3 9 5 12 12 16
split_gain=153.067 32.1218 22.0418 6.95645 4.53432 3.55772 3.43945 2.18067 1.91987 1.43227 1.26794 1.19757 1.33117 1.18854 1.14731 1.14433 1.13887 0.932354 0.864752 0.958789 0.934018 0.80296 0.773415 0.750665 0.746235 0.743735 0.628849 0.513435 0.509795 0.477927
threshold=418.50000000000006 1313.5000000000002 120.50000000000001 783.50000000000011 282.50000000000006 2486.0000000000005 23.500000000000004 771770.50000000012 71579.500000000015 44.500000000000007 68110.000000000015 34963.500000000007 99.500000000000014 305555.00000000006 175.50000000000003 461650.50000000006 41907.000000000007 1917.0000000000002 152291.50000000003 94.500000000000014 35.500000000000007 8.5000000000000018 794.50000000000011 6730.0000000000009 1.0000000180025095e-35 6.5000000000000009 179583.50000000003 83.500000000000014 631.50000000000011 1406.0000000000002
decision_type=2 2 2 2 2 2 2 2 2 2 2 2 2 2 2 2 2 2 2 2 2 2 2 2 2 2 2 2 2 2
left_child=2 3 6 11 8 7 21 10 14 17 -3 12 -2 23 -4 16 -5 -6 19 -8 -20 28 -17 -7 -11 -13 -10 -15 -1 -9
right_child=1 5 4 15 9 13 18 29 26 24 -12 25 -14 27 -16 22 -18 -19 20 -21 -22 -23 -24 -25 -26 -27 -28 -29 -30 -31
leaf_value=-0.0078994258404871589 0.002110036389482821 0.0068552827293788358 -0.0021964237430756538 0.0037050253212825971 0.0037001628469775908 0.0088418362438024735 -0.0038801711324019045 0.0062873164993016125 -0.0029593767261325969 -0.0041617761793615975 0.0049930057938018463 -0.00087680839451736428 -0.00040338172130173255 0.00099953958146484201 -0.0010544437259373076 0.013202682876389874 0.0014278861881931977 -0.0003497691673138642 -0.0069248310595872754 -0.0026917296188829955 0.0093827213232333864 -0.0052890870126290988 0.00037076567738948359 0.013187744761647408 -0.017439010852610157 0.0010002490692847085 0.0026833574517737277 0.006673536556677389 0.0080464290929775622 0.0012517603017006972
leaf_weight=399 4847 1893 3692 5513 145 983 5521 55 3541 28 1771 577 591 46 5441 11.999999999999998 610 6898 263 2452 8.9999999999999982 2400 398 111 17 6170 50 301 4.9999999999999991 326
leaf_count=399 4847 1893 3692 5513 145 983 5521 55 3541 28 1771 577 591 46 5441 12 610 6898 263 2452 9 2400 398 111 17 6170 50 301 5 326
internal_value=-9.28286e-09 0.00297668 -0.0023346 0.00199056 -0.0013367 0.00634121 -0.00412393 0.00558094 -0.00190126 -0.000323218 0.00595531 0.00128475 0.00183688 0.00847481 -0.00151611 0.00330696 0.00347819 -0.000266339 -0.00360939 -0.00351472 -0.00638199 -0.00563673 0.000749462 0.00928395 -0.00920517 0.000839713 -0.00288074 0.00592187 -0.00770013 0.00198014
internal_weight=55065 24204 30861 18718 19812 5486 11049 4045 12724 7088 3664 12185 5438 1441 9133 6533 6123 7043 8245 7973 272 2804 410 1094 45 6747 3591 347 404 381
internal_count=55065 24204 30861 18718 19812 5486 11049 4045 12724 7088 3664 12185 5438 1441 9133 6533 6123 7043 8245 7973 272 2804 410 1094 45 6747 3591 347 404 381
is_linear=0
shrinkage=0.05


Tree=10
num_leaves=31
num_cat=0
split_feature=14 14 14 1 14 15 14 14 0 0 4 0 14 6 1 7 14 7 1 6 4 6 0 1 12 0 7 5 12 0
split_gain=112.511 17.764 12.1751 4.55017 2.91862 2.40596 3.68997 1.6862 1.57612 1.45704 1.39502 1.27048 1.07541 1.07035 1.04082 0.917388 0.833512 1.00908 0.814804 0.751586 0.731208 0.753993 0.731179 0.57187 0.553114 0.497242 0.613069 0.492724 0.389641 0.361402
threshold=50.500000000000007 56.500000000000007 40.500000000000007 2502736.5000000005 28.500000000000004 1.5000000000000002 53.500000000000007 58.500000000000007 83547.000000000015 613046.50000000012 2.5000000000000004 107020.00000000001 11.500000000000002 1.2250000000000003 3094532.5000000005 23.500000000000004 47.500000000000007 267.50000000000006 549541.50000000012 0.84560000000000002 6.5000000000000009 0.76915000000000011 66819.000000000015 2791853.5000000005 528.50000000000011 385304.50000000006 218.50000000000003 293855.00000000006 4.5000000000000009 534140.00000000012
decision_type=2 2 2 2 2 2 2 2 2 2 2 2 2 2 2 2 2 2 2 2 2 2 2 2 2 2 2 2 2 2
left_child=2 5 4 7 12 22 8 9 -7 -3 -8 16 18 -9 19 -16 17 -4 -1 -6 21 -5 27 -18 -24 26 -13 -2 -14 -27
right_child=1 3 11 20 14 6 10 13 -10 -11 -12 25 28 -15 15 -17 23 -19 -20 -21 -22 -23 24 -25 -26 29 -28 -29 -30 -31
leaf_value=-0.0038377172148256773 0.003084203273762669 0.0036783686040597445 -0.0017377527763262305 0.0008857767774306818 -0.0022392335002607506 0.00032123496312501322 0.0011285565053665953 0.0051488464489883416 -0.0014135746049746239 -0.00089724322450401546 0.0027604263352210036 -0.0033198418791974445 -0.0070730246991268291 -0.0082080549751685963 -0.0028010292460880527 -0.0050771195785365136 -0.00053292227262180416 -0.0063665889104290085 -0.0077492431053342893 -0.0035728077164581401 0.011427175491977642 0.0023969513290051573 0.0075947968021284236 -0.0017689259009813761 -0.0040047740614092033 -0.0087369862477488444 -0.00058298957142963268 -0.0093415837596963949 -0.004522971290593719 -0.0022050605004659135
leaf_weight=178 555 5177 6030 1028 2294 5180 10366 2608 1752 180 1499 1071 157 14.999999999999998 693 1228 2967 120 532 1960 21 4192 145 1367 10.999999999999998 63 253 7.9999999999999991 3383 32
leaf_count=178 555 5177 6030 1028 2294 5180 10366 2608 1752 180 1499 1071 157 15 693 1228 2967 120 532 1960 21 4192 145 1367 11 63 253 8 3383 32
internal_value=-5.30766e-09 0.00186652 -0.00273668 0.00328161 -0.00398427 0.000907872 0.000799282 0.00403334 -0.000117236 0.00352461 0.00133475 -0.00164398 -0.00499275 0.00507215 -0.0032901 -0.00425621 -0.00145391 -0.00182817 -0.00676929 -0.00285374 0.00213696 0.00209937 0.00374625 -0.000922806 0.00677484 -0.00304808 -0.00279695 0.00290601 -0.00463626 -0.00654139
internal_weight=55065 32737 22328 13221 10425 19516 18797 7980 6932 5357 11865 11903 4250 2623 6175 1921 10484 6150 710 4254 5241 5220 719 4334 156 1419 1324 563 3540 95
internal_count=55065 32737 22328 13221 10425 19516 18797 7980 6932 5357 11865 11903 4250 2623 6175 1921 10484 6150 710 4254 5241 5220 719 4334 156 1419 1324 563 3540 95
is_linear=0
shrinkage=0.05


Tree=11
num_leaves=31
num_cat=0
split_feature=14 14 14 1 14 15 14 2 2 10 12 14 2 0 1 14 9 14 4 1 2 5 0 1 12 12 12 0 0 0
split_gain=101.542 16.0321 10.9881 4.13018 2.63411 2.17135 3.33021 1.78967 1.49772 1.54126 1.34486 1.28197 1.25929 1.15198 0.99491 0.97062 0.900267 0.806919 0.792777 0.73734 0.685489 0.660198 0.659951 0.587909 0.578303 0.499373 0.473688 0.442552 0.378683 0.151688
threshold=50.500000000000007 56.500000000000007 40.500000000000007 1858864.0000000002 28.500000000000004 1.5000000000000002 53.500000000000007 147587.00000000003 250067.00000000003 92.500000000000014 9.5000000000000018 58.500000000000007 147587.00000000003 101033.00000000001 113758.50000000001 11.500000000000002 130.50000000000003 47.500000000000007 6.5000000000000009 587513.00000000012 13061.500000000002 709029.50000000012 66819.000000000015 2791853.5000000005 26.500000000000004 528.50000000000011 194.50000000000003 385304.50000000006 193960.50000000003 37236.000000000007
decision_type=2 2 2 2 2 2 2 2 2 2 2 2 2 2 2 2 2 2 2 2 2 2 2 2 2 2 2 2 2 2
left_child=2 5 4 8 15 22 7 -7 11 -10 -8 -3 24 17 -15 19 -14 20 21 -1 -4 -5 26 -19 -6 -24 -2 -16 -17 -20
right_child=1 3 13 18 12 6 10 -9 9 -11 -12 -13 16 14 27 28 -18 23 29 -21 -22 -23 25 -25 -26 -27 -28 -29 -30 -31
leaf_value=-0.0037906511626997312 0.0038537130813264507 0.0036620255830722343 -0.00098196520772975983 0.002187330425051101 -0.0018366971720152059 0.00023282078573531648 0.0048883536149299262 -0.001986531704805995 0.00090269533748408995 0.012711536271267178 0.0011897258011949398 0.0051530597686588776 -0.0088127155388483935 0.015853957810872038 -0.0026939670695327374 -0.0043455396477561229 -0.003813966858386462 -0.00044340151142059024 0.0036261062565687546 -0.0074156051990121319 -0.0021115607486237361 -0.0018485958354184488 0.0072153186909199724 -0.0017096932309378168 -0.0031703310997741869 -0.0038063392244480753 0.00083613928221143322 -0.0062148967201390128 -0.0089613520801005413 0.010423298062117569
leaf_weight=193 359 4349 2003 5989 978 5857 251 1075 548 29 11614 2158 158 6.9999999999999991 1468 3495 210 2915 10.999999999999998 517 4078 103 145 1337 4829 10.999999999999998 204 95 45 34
leaf_count=193 359 4349 2003 5989 978 5857 251 1075 548 29 11614 2158 158 7 1468 3495 210 2915 11 517 4078 103 145 1337 4829 11 204 95 45 34
internal_value=-9.36988e-09 0.0017732 -0.00259986 0.00311753 -0.00378507 0.000862478 0.000759319 -0.000111375 0.00394009 0.00149831 0.00126801 0.00415659 -0.00312561 -0.0015618 -0.0028237 -0.00474314 -0.00596198 -0.00137004 0.002168 -0.0064309 -0.00173951 0.00211906 0.00355892 -0.000841605 -0.00294576 0.00643621 0.00276065 -0.00290836 -0.00440447 0.00877349
internal_weight=55065 32737 22328 13221 10425 19516 18797 6932 7084 577 11865 6507 6175 11903 1570 4250 368 10333 6137 710 6081 6092 719 4252 5807 156 563 1563 3540 45
internal_count=55065 32737 22328 13221 10425 19516 18797 6932 7084 577 11865 6507 6175 11903 1570 4250 368 10333 6137 710 6081 6092 719 4252 5807 156 563 1563 3540 45
is_linear=0
shrinkage=0.05


Tree=12
num_leaves=31
num_cat=0
split_feature=16 16 16 16 16 16 14 0 2 10 2 16 0 0 14 2 5 0 2 16 14 16 3 12 12 0 5 6 16 6
split_gain=117.016 27.3996 15.6589 5.69215 3.22024 3.11998 2.58999 1.86125 1.67905 1.28227 1.16468 1.04486 1.04341 1.04053 0.97171 0.95602 0.96393 0.829177 0.819132 0.795357 0.765639 0.696092 0.691127 0.663099 0.572567 0.569363 0.554087 0.497029 0.421996 0.138693
threshold=418.50000000000006 1313.5000000000002 120.50000000000001 783.50000000000011 282.50000000000006 2486.0000000000005 20.500000000000004 771770.50000000012 71579.500000000015 44.500000000000007 68110.000000000015 6730.0000000000009 34963.500000000007 282053.50000000006 54.500000000000007 461650.50000000006 41907.000000000007 305555.00000000006 1917.0000000000002 61.500000000000007 53.500000000000007 794.50000000000011 1.0000000180025095e-35 25.500000000000004 5.5000000000000009 193960.50000000003 179583.50000000003 0.85345000000000015 1406.0000000000002 0.78710000000000002
decision_type=2 2 2 2 2 2 2 2 2 2 2 2 2 2 2 2 2 2 2 2 2 2 2 2 2 2 2 2 2 2
left_child=2 3 6 12 8 7 24 10 13 18 -3 17 14 -4 -2 16 -5 -7 -6 25 -14 -17 -11 -21 29 -8 -10 -26 -9 -1
right_child=1 5 4 15 9 11 19 28 26 22 -12 -13 20 -15 -16 21 -18 -19 -20 23 -22 -23 -24 -25 27 -27 -28 -29 -30 -31
leaf_value=-0.0089865853197051825 0.0024233268057050682 0.0062064433804939452 -0.0012400203623547216 0.0032478540523735162 0.0034256407231744571 0.0080175700936673724 -0.0037851185791031279 0.005718730771221126 -0.0026657191441945161 -0.0038969534784025145 0.0044217368318535521 0.012041332971020349 0.0019155743596361943 -0.0050786739844647343 0.0010459792700087398 0.012359377918457074 0.001152937361849797 0.0051208832411953967 -0.00037043177297959814 -0.0014990441430617657 0.00041595246608552221 0.00018586049282181042 -0.016673832107879961 -0.0030508727447329893 -0.0041694143893876113 -0.010701733257658656 0.0026308654158277637 -0.0057523942723557882 0.00098714042385415778 -0.005223474349983246
leaf_weight=112 2064 1893 8953 5513 145 983 2845 55 3541 28 1771 127 999 180 3374 11.999999999999998 610 331 6898 793 5748 398 17 5233 1094 30 50 910 326 32
leaf_count=112 2064 1893 8953 5513 145 983 2845 55 3541 28 1771 127 999 180 3374 12 610 331 6898 793 5748 398 17 5233 1094 30 50 910 326 32
internal_value=-8.09143e-09 0.00260264 -0.00204124 0.00169188 -0.00120014 0.00571003 -0.0035494 0.00499809 -0.00167591 -0.000346051 0.00534395 0.00770804 0.00105342 -0.00131573 0.00156879 0.00288266 0.00303917 0.00728833 -0.000292231 -0.00317327 0.00063802 0.000545085 -0.00875004 -0.00284669 -0.00510781 -0.00385766 -0.0025919 -0.00488848 0.0016715 -0.00815454
internal_weight=55065 24204 30861 18718 19812 5486 11049 4045 12724 7088 3664 1441 12185 9133 5438 6533 6123 1314 7043 8901 6747 410 45 6026 2148 2875 3591 2004 381 144
internal_count=55065 24204 30861 18718 19812 5486 11049 4045 12724 7088 3664 1441 12185 9133 5438 6533 6123 1314 7043 8901 6747 410 45 6026 2148 2875 3591 2004 381 144
is_linear=0
shrinkage=0.05


Tree=13
num_leaves=31
num_cat=0
split_feature=16 16 16 16 16 16 10 14 16 2 10 4 7 9 14 1 8 12 6 14 14 14 8 9 1 10 6 7 5 1
split_gain=105.608 26.45 12.9127 5.64938 3.13414 2.52863 1.89868 1.58023 1.48542 1.56389 1.35498 1.2644 1.25333 1.26164 1.12505 1.31057 0.994813 0.966469 0.834145 0.806232 0.777289 0.753398 0.57978 0.555951 0.522667 0.756599 0.654342 0.491879 0.429074 0.366981
threshold=392.50000000000006 999.50000000000011 96.500000000000014 1837.0000000000002 213.50000000000003 594.50000000000011 31.500000000000004 20.500000000000004 4602.5000000000009 173480.00000000003 3.5000000000000004 3.5000000000000004 46.500000000000007 41.500000000000007 54.500000000000007 226694.00000000003 7.5000000000000009 428.50000000000006 0.93690000000000018 45.500000000000007 31.500000000000004 58.500000000000007 1.5000000000000002 426.50000000000006 1858864.0000000002 28.500000000000004 0.81545000000000012 389.50000000000006 11651.500000000002 5661285.5000000009
decision_type=2 2 2 2 2 2 2 2 2 2 2 2 2 2 2 2 2 2 2 2 2 2 2 2 2 2 2 2 2 2
left_child=2 5 7 6 12 14 11 22 9 -5 17 -3 13 -4 15 -2 19 -7 -12 -6 -14 -10 -1 -16 25 -9 -26 -18 -24 -8
right_child=1 3 4 8 16 10 29 24 21 -11 18 -13 20 -15 23 -17 27 -19 -20 -21 -22 -23 28 -25 26 -27 -28 -29 -30 -31
leaf_value=-0.0056252221475459564 0.0035567014699832457 0.0036276096302268624 -0.0015963531334775368 0.0067886198549511325 -0.0032282409168836812 0.002459773471528523 0.0011824759397637116 -0.0028938124027323925 0.011644703546517412 0.0041775021304940371 0.0013410738483080418 0.006319356940804698 -0.010431114956709365 0.0081911732036366435 0.00019766959581404527 0.00086055284173519532 -0.0028814114914203857 0.00068356967249898529 -0.00082927162766263651 -0.00061542775019558056 -0.0026172012678285523 0.0061508228034414482 -0.0042457843584938733 -0.0025756278371483936 -0.0046136795245711459 0.01081352765754898 -0.0031158139075737035 -0.0088142871686082928 -0.00010833703224365386 -0.0027863877463841255
leaf_weight=1107 530 4906 6325 1907 304 5276 120 3547 188 821 1729 479 32 33 4600 3011 136 896 595 10148 3901 94 969 188 1269 9.9999999999999982 1717 47 67 113
leaf_count=1107 530 4906 6325 1907 304 5276 120 3547 188 821 1729 479 32 33 4600 3011 136 896 595 10148 3901 94 969 188 1269 10 1717 47 67 113
internal_value=-7.86818e-09 0.0023618 -0.0020301 0.00461258 -0.00135741 0.00120756 0.00367596 -0.0036507 0.00636055 0.00600298 0.00181447 0.00386716 -0.00197945 -0.00154542 0.000588472 0.00126419 -0.000755465 0.00220193 0.000785401 -0.000691452 -0.00268104 0.00981624 -0.00482924 8.8725e-05 -0.00326463 -0.00285497 -0.00375251 -0.00440914 -0.00397824 -0.000742707
internal_weight=55065 25453 29612 8628 20926 16825 5618 8686 3010 2728 8496 5385 10291 6358 8329 3541 10635 6172 2324 10452 3933 282 2143 4788 6543 3557 2986 183 1036 233
internal_count=55065 25453 29612 8628 20926 16825 5618 8686 3010 2728 8496 5385 10291 6358 8329 3541 10635 6172 2324 10452 3933 282 2143 4788 6543 3557 2986 183 1036 233
is_linear=0
shrinkage=0.05


Tree=14
num_leaves=31
num_cat=0
split_feature=16 16 16 16 16 16 10 1 16 7 10 10 4 5 1 9 16 4 9 1 1 14 9 12 12 12 3 14 7 7
split_gain=95.4352 22.5385 12.9028 4.67234 3.70703 2.59134 1.64087 1.23934 1.22202 1.24883 1.15742 1.14603 1.1361 1.07665 1.05585 1.19261 0.944093 0.924973 0.890843 0.868692 0.845161 0.842638 0.738551 0.715265 0.67999 0.631293 0.610511 0.591666 0.580868 0.426236
threshold=418.50000000000006 1313.5000000000002 175.50000000000003 783.50000000000011 61.500000000000007 2319.0000000000005 6.5000000000000009 565150.50000000012 282.50000000000006 12.500000000000002 1.5000000000000002 44.500000000000007 1.5000000000000002 40159.000000000007 874789.00000000012 66.500000000000014 6730.0000000000009 3.5000000000000004 12.500000000000002 2914177.0000000005 448168.50000000006 13.500000000000002 8.5000000000000018 12.500000000000002 1492.0000000000002 166.50000000000003 1.0000000180025095e-35 58.500000000000007 311.50000000000006 370.00000000000006
decision_type=2 2 2 2 2 2 2 2 2 2 2 2 2 2 2 2 2 2 2 2 2 2 2 2 2 2 2 2 2 2
left_child=2 3 4 14 21 6 13 23 9 12 24 20 -4 -3 15 -2 19 -8 -11 -7 -10 28 -16 -5 -6 -12 -13 -9 -1 -23
right_child=1 5 8 7 10 16 17 27 11 18 25 26 -14 -15 22 -17 -18 -19 -20 -21 -22 29 -24 -25 -26 -27 -28 -29 -30 -31
leaf_value=-0.0054039319885723532 0.0020094010702513326 0.0052208100509022254 0.0004491126647136146 0.0079237866533944899 -0.0019562809958701233 0.0071884018361899719 0.0020042992229268703 0.0024351713606805369 0.0007771703036621411 -0.0034701327328579643 -0.0036570951936664774 -0.0036905213023844135 -0.0065238520902400126 0.0010114016591013114 -0.00071957317638769941 0.00021104540019458676 0.010892542662358397 0.0083940834442036202 -0.0013329273000444401 0.0047129694705984578 -0.00054638125160582436 -0.0036053014105467684 0.00076670807668518962 0.0034874338323278493 -0.0084847576005797742 -0.0021909257733746779 -0.01569931294050133 0.00095552233941090161 0.00805553436756456 -0.011096952531818319
leaf_weight=950 3466 2705 1329 96 7809 1138 778 3932 1545 532 2012 28 61 161 959 1256 127 61 5835 516 5498 4021 6504 1689 40 1157 17 816 7.9999999999999991 19
leaf_count=950 3466 2705 1329 96 7809 1138 778 3932 1545 532 2012 28 61 161 959 1256 127 61 5835 516 5498 4021 6504 1689 40 1157 17 816 8 19
internal_value=-6.4651e-09 0.00235042 -0.00184343 0.00152439 -0.00282771 0.00516872 0.00441504 0.00260324 -0.000781492 -0.00121513 -0.00231534 -0.000306911 0.000142658 0.00498439 0.000945949 0.00153107 0.00673624 0.00246982 -0.00151155 0.00641647 -0.000256031 -0.00395715 0.000575713 0.00372646 -0.00198966 -0.00312188 -0.00825193 0.0021809 -0.00529071 -0.00364081
internal_weight=55065 24204 30861 18718 16016 5486 3705 6533 14845 7757 11018 7088 1390 2866 12185 4722 1781 839 6367 1654 7043 4998 7463 1785 7849 3169 45 4748 958 4040
internal_count=55065 24204 30861 18718 16016 5486 3705 6533 14845 7757 11018 7088 1390 2866 12185 4722 1781 839 6367 1654 7043 4998 7463 1785 7849 3169 45 4748 958 4040
is_linear=0
shrinkage=0.05


Tree=15
num_leaves=31
num_cat=0
split_feature=16 16 16 16 16 16 10 14 5 1 14 7 14 5 5 9 16 8 1 2 12 16 4 7 4 14 12 7 7 4
split_gain=86.1342 21.0322 11.1816 3.90792 2.84719 2.73466 1.66112 1.29608 1.24068 1.1439 1.08795 1.04999 1.03907 1.02518 0.971954 0.872244 0.852201 0.842627 0.783985 0.744668 0.743039 0.715237 0.70978 0.525682 0.491896 0.489362 0.549321 0.415397 0.401029 0.0712097
threshold=404.50000000000006 1240.0000000000002 96.500000000000014 774.50000000000011 218.50000000000003 2319.0000000000005 6.5000000000000009 13.500000000000002 64565.500000000007 565150.50000000012 54.500000000000007 47.500000000000007 54.500000000000007 467156.00000000006 69182.500000000015 38.500000000000007 6730.0000000000009 7.5000000000000009 2914177.0000000005 1110485.5000000002 37.500000000000007 594.50000000000011 2.5000000000000004 311.50000000000006 3.5000000000000004 43.500000000000007 71.500000000000014 462.00000000000006 2.5000000000000004 2.5000000000000004
decision_type=2 2 2 2 2 2 2 2 2 2 2 2 2 2 2 2 2 2 2 2 2 2 2 2 2 2 2 2 2 2
left_child=2 3 7 10 11 6 8 23 -3 14 13 15 -8 -2 -5 -4 18 22 -7 -11 -13 -12 -6 28 -19 27 -27 -9 -1 -18
right_child=1 5 4 9 17 16 12 25 -10 19 21 20 -14 -15 -16 -17 29 24 -20 -21 -22 -23 -24 -25 -26 26 -28 -29 -30 -31
leaf_value=-0.0080319828050338035 0.0015504024643174727 0.0048411175472408696 -0.0014789164414174142 0.0037431187096247306 -0.0007060831432146201 0.0068290133868936153 -0.0051082433443799327 -0.0031101587913807526 0.00078682820076490594 0.0020404060159593678 0.00010036904094670378 -0.0051734319277836043 0.0025895158213275387 -0.013024983789063683 -0.001898482761644618 0.0017291756205168091 0.0093903585364182602 -0.0024046173501697955 0.004477366635562717 -0.0036102309381800461 -0.0022292286151988443 0.0010271122064169484 0.0005277327997699813 0.0076577302649111292 -0.008240565862468692 -0.0042316365068997136 0.0048857466648669539 -0.010697346530566558 -0.0047800164563003636 0.011902228278531974
leaf_weight=107 4213 3094 6444 1646 9329 1138 46 7640 201 4404 4546 227 897 11.999999999999998 80 219 79 137 516 59 3822 3841 1332 7.9999999999999991 49 28 40 18 845 48
leaf_count=107 4213 3094 6444 1646 9329 1138 46 7640 201 4404 4546 227 897 12 80 219 79 137 516 59 3822 3841 1332 8 49 28 40 18 845 48
internal_value=-6.32144e-09 0.00218295 -0.00179141 0.0013594 -0.00118117 0.00475534 0.00406425 -0.00330601 0.00459383 0.00238844 0.000854412 -0.00175938 0.00221351 0.0015087 0.00348154 -0.00137345 0.0063995 -0.000610155 0.00609568 0.00196563 -0.00239441 0.000524797 -0.000551925 -0.00503884 -0.00394565 -0.00309063 0.00113083 -0.00312813 -0.00514633 0.0103483
internal_weight=55065 24820 30245 18801 21559 6019 4238 8686 3295 6189 12612 10712 943 4225 1726 6663 1781 10847 1654 4463 4049 8387 10661 960 186 7726 68 7658 952 127
internal_count=55065 24820 30245 18801 21559 6019 4238 8686 3295 6189 12612 10712 943 4225 1726 6663 1781 10847 1654 4463 4049 8387 10661 960 186 7726 68 7658 952 127
is_linear=0
shrinkage=0.05


Tree=16
num_leaves=31
num_cat=0
split_feature=14 14 14 1 14 15 14 10 7 1 4 0 1 0 9 6 14 1 6 0 8 1 12 12 10 3 9 1 12 12
split_gain=60.4454 9.33028 6.97775 3.0785 1.65958 1.61548 1.94823 1.40719 1.27245 1.22836 1.10027 0.918468 0.876359 0.837399 0.862554 0.794273 0.701618 0.615147 1.22355 0.766204 0.600976 0.70039 0.559708 0.518497 0.871135 0.692622 0.481985 0.473635 0.400759 0.377408
threshold=50.500000000000007 56.500000000000007 40.500000000000007 2502736.5000000005 28.500000000000004 1.5000000000000002 53.500000000000007 1.0000000180025095e-35 12.500000000000002 172995.00000000003 14.500000000000002 101033.00000000001 113758.50000000001 42716.000000000007 96.500000000000014 1.1025000000000003 8.5000000000000018 4882567.5000000009 0.71945000000000003 7329.5000000000009 5.5000000000000009 5365201.0000000009 52.500000000000007 219.50000000000003 3.5000000000000004 1.0000000180025095e-35 3.5000000000000004 587513.00000000012 601.50000000000011 4.5000000000000009
decision_type=2 2 2 2 2 2 2 2 2 2 2 2 2 2 2 2 2 2 2 2 2 2 2 2 2 2 2 2 2 2
left_child=2 5 4 7 16 23 9 15 -9 -7 -8 20 -13 26 -15 -3 27 19 -19 -5 21 -4 -22 25 -25 -2 -6 -1 -14 -18
right_child=1 3 11 17 13 6 10 8 -10 -11 -12 12 28 14 -16 -17 29 18 -20 -21 22 -23 -24 24 -26 -27 -28 -29 -30 -31
leaf_value=-0.0028475148485235576 0.0060988230955107206 0.0037947692082953895 -0.00073628237890095748 0.0038893998442982112 -0.00078156412776695229 0.0016798327749656017 0.00095262263379499454 -0.0037334512532082378 0.0024827146069329757 -0.00033310382916600925 0.012119620139247051 0.015223440569891059 -0.0026290644388095204 -0.0028801663081835646 -0.0060051713516077534 -0.00071800762548350494 -0.0057643139376561542 -0.00025284380656752045 0.0023255739924591067 0.00046345273323417649 -0.0083185260420811143 -0.001849013497352372 -0.0022446764045536789 -0.00020158618329611271 0.0090723781113567215 0.0023087576295801374 -0.0023077184670822781 -0.0067161752836352624 0.00024019665591024105 -0.003393157320894439
leaf_weight=108 208 3861 8197 179 589 866 11843 84 3935 6066 22 6.9999999999999991 1430 1046 280 100 176 556 2667 1839 42 1709 385 195 29 287 4260 298 133 3668
leaf_count=108 208 3861 8197 179 589 866 11843 84 3935 6066 22 7 1430 1046 280 100 176 556 2667 1839 42 1709 385 195 29 287 4260 298 133 3668
internal_value=-6.9742e-09 0.0013681 -0.0020059 0.00239365 -0.00295038 0.000673331 0.000584351 0.00301197 0.0023527 -8.16113e-05 0.00097343 -0.00117868 -0.00230544 -0.00242693 -0.00354045 0.00368082 -0.00371084 0.00145215 0.00188078 0.000767518 -0.00100746 -0.000928269 -0.00284391 0.00299915 0.00100257 0.00390226 -0.00212236 -0.00568803 -0.00238491 -0.00350187
internal_weight=55065 32737 22328 13221 10425 19516 18797 7980 4019 6932 11865 11903 1570 6175 1326 3961 4250 5241 3223 2018 10333 9906 427 719 224 495 4849 406 1563 3844
internal_count=55065 32737 22328 13221 10425 19516 18797 7980 4019 6932 11865 11903 1570 6175 1326 3961 4250 5241 3223 2018 10333 9906 427 719 224 495 4849 406 1563 3844
is_linear=0
shrinkage=0.05


Tree=17
num_leaves=31
num_cat=0
split_feature=16 16 16 16 16 16 0 10 2 4 8 0 1 2 2 16 2 1 16 0 12 1 1 14 14 10 16 12 1 0
split_gain=71.6948 17.9889 9.44358 3.18848 2.74616 2.4454 1.58681 1.14144 1.05911 1.03667 1.03341 1.03252 0.978389 1.17545 1.14291 0.910093 0.967905 0.914507 0.827664 0.902659 0.810207 0.797573 0.782346 0.624379 0.615735 0.488679 0.539941 0.443141 0.384583 0.381562
threshold=418.50000000000006 1240.0000000000002 175.50000000000003 829.50000000000011 61.500000000000007 2319.0000000000005 1390986.0000000002 6.5000000000000009 461650.50000000006 3.5000000000000004 7.5000000000000009 143744.50000000003 7012128.5000000009 119438.00000000001 54272.000000000007 282.50000000000006 71579.500000000015 448168.50000000006 4602.5000000000009 212971.50000000003 324.50000000000006 448168.50000000006 3094532.5000000005 58.500000000000007 13.500000000000002 25.500000000000004 358.50000000000006 51.500000000000007 1258096.5000000002 193960.50000000003
decision_type=2 2 2 2 2 2 2 2 2 2 2 2 2 2 2 2 2 2 2 2 2 2 2 2 2 2 2 2 2 2
left_child=2 3 4 12 24 6 7 -3 9 -5 15 22 14 -14 -2 16 -4 -17 19 -7 -8 -13 -6 -20 27 26 -12 -1 -10 -26
right_child=1 5 10 8 11 18 20 -9 28 -11 25 21 13 -15 -16 17 -18 -19 23 -21 -22 -23 -24 -25 29 -27 -28 -29 -30 -31
leaf_value=-0.0057516006138036172 0.001438200074294552 0.0043464997191695852 -0.00065377891174275989 0.0022296741524543673 -0.0015746375841462071 0.0063417352419407064 -0.0039676508573576828 0.002299865218678612 -0.0031162073727189319 0.004618986040605697 -0.0045519951632743199 -0.010662542768414981 -0.0012984947449265348 0.0011887361998526159 0.00040222176713711948 0.00086042475567765526 -0.0018940719101765207 -0.00052601756785997089 0.010111933892938383 0.0037175429244564366 0.0062862537584858812 -0.0034092530650612824 -0.0025156786972290609 0.005111893747466064 -0.0030892197207846883 -0.01240092161927164 0.0018759771475761182 -0.0035862810790792815 0.0006427453948801735 -0.0076666178743389326
leaf_weight=427 6488 3256 5421 4418 7064 1014 96 862 96 506 177 40 1083 846 4515 1521 2216 5454 188 485 24 700 3214 94 3994 15.999999999999998 40 531 233 46
leaf_count=427 6488 3256 5421 4418 7064 1014 96 862 96 506 177 40 1083 846 4515 1521 2216 5454 188 485 24 700 3214 94 3994 16 40 531 233 46
internal_value=-5.81084e-09 0.00203721 -0.00159777 0.00125298 -0.00243984 0.0044065 0.00375299 0.00391815 0.00229178 0.00247529 -0.000689278 -0.00199884 0.000831006 -0.000207667 0.0010131 -0.000636583 -0.00101369 -0.000223676 0.00596127 0.00549298 -0.00191334 -0.00380271 -0.00186893 0.00844766 -0.00341195 -0.00399222 -0.0033668 -0.00455191 -0.000454705 -0.00314153
internal_weight=55065 24204 30861 18185 16016 6019 4238 4118 5253 4924 14845 11018 12932 1929 11003 14612 7637 6975 1781 1499 120 740 10278 282 4998 233 217 958 329 4040
internal_count=55065 24204 30861 18185 16016 6019 4238 4118 5253 4924 14845 11018 12932 1929 11003 14612 7637 6975 1781 1499 120 740 10278 282 4998 233 217 958 329 4040
is_linear=0
shrinkage=0.05


Tree=18
num_leaves=31
num_cat=0
split_feature=16 16 16 16 16 14 0 7 10 4 5 7 0 16 0 5 4 14 10 0 16 16 0 16 12 14 12 16 5 16
split_gain=64.8115 13.9217 11.4401 2.57509 2.53462 2.49908 1.85379 1.2453 1.2263 1.13638 1.13296 1.12842 1.12239 1.06339 1.01079 1.00775 0.979249 0.912127 1.07251 0.828321 0.777672 0.772336 0.720301 0.643046 0.56669 0.560195 0.433742 0.430995 0.414234 0.41286
threshold=560.50000000000011 175.50000000000003 1550.5000000000002 332.50000000000006 889.50000000000011 28.500000000000004 771770.50000000012 596.50000000000011 15.500000000000002 15.500000000000002 165530.50000000003 2.5000000000000004 143744.50000000003 4602.5000000000009 199330.00000000003 35680.000000000007 11.500000000000002 54.500000000000007 2.5000000000000004 74413.500000000015 94.500000000000014 2376.0000000000005 874358.00000000012 167.50000000000003 62.500000000000007 8.5000000000000018 631.50000000000011 140.50000000000003 362973.00000000006 358.50000000000006
decision_type=2 2 2 2 2 2 2 2 2 2 2 2 2 2 2 2 2 2 2 2 2 2 2 2 2 2 2 2 2 2
left_child=1 5 4 11 17 25 9 10 15 13 -5 14 20 -4 -3 -6 -13 19 -19 -2 -7 28 -23 -14 -10 26 -1 -27 -8 -9
right_child=2 3 6 7 8 12 21 29 24 -11 -12 16 23 -15 -16 -17 -18 18 -20 -21 -22 22 -24 -25 -26 27 -28 -29 -30 -31
leaf_value=-0.0053135046143552873 0.0028597079135471264 0.0032910059495821365 0.0049613063522771774 0.00038185905735575542 0.0029981240881365796 -0.0023605837049609571 0.00069159190952805929 -0.013132459830400373 0.0053260420717186098 -0.011614589566955031 -0.0029440607853638764 -0.00095104830164136783 -0.0034165267921386442 0.0084338227413113098 -0.0047381764809134343 0.00086114830174209708 -0.009200443458547326 0.0013466838805452975 -4.8728622183892079e-05 0.00039054111141006737 -0.0014919957661880621 -0.0042429252786569576 0.0049312464005326177 -0.0093343905040466982 8.004725333917043e-05 -0.0031448570193968123 0.0093783799047563593 -0.013016270792430588 -0.0049989459091391696 -0.0034975131673985653
leaf_weight=400 1253 262 3381 9561 4950 4107 199 11.999999999999998 56 9.9999999999999982 263 10424 715 236 46 621 36 4207 2047 466 6920 24 192 49 625 3809 4.9999999999999991 10.999999999999998 38 140
leaf_count=400 1253 262 3381 9561 4950 4107 199 12 56 10 263 10424 715 236 46 621 36 4207 2047 466 6920 24 192 49 625 3809 5 11 38 140
internal_value=-6.89306e-09 -0.00121048 0.00243085 -0.00035549 0.0017614 -0.00231786 0.0047648 0.000223284 0.00251511 0.00514146 0.000292791 -0.000891691 -0.00194396 0.00518811 0.00209069 0.00275993 -0.000979528 0.00117036 0.000889957 0.00219041 -0.00181552 0.00174856 0.0039104 -0.00379725 0.000512155 -0.00336126 -0.00512985 -0.00317362 -0.000222539 -0.0042663
internal_weight=55065 36760 18305 20744 14225 16016 4080 9976 6252 3627 9824 10768 11791 3617 308 5571 10460 7973 6254 1719 11027 453 216 764 681 4225 405 3820 237 152
internal_count=55065 36760 18305 20744 14225 16016 4080 9976 6252 3627 9824 10768 11791 3617 308 5571 10460 7973 6254 1719 11027 453 216 764 681 4225 405 3820 237 152
is_linear=0
shrinkage=0.05


Tree=19
num_leaves=31
num_cat=0
split_feature=16 16 16 16 16 16 2 6 7 6 2 14 14 2 12 16 14 12 16 5 9 14 12 7 4 3 2 12 12 7
split_gain=58.5453 15.7304 7.08188 2.60208 2.15387 1.75992 1.20631 1.04794 0.983329 1.05163 0.958528 0.956364 0.929969 0.872475 0.861814 0.832805 0.772588 0.72714 0.709218 0.705733 0.66721 0.662225 0.615451 0.565525 0.433143 0.379365 0.481305 0.346003 0.320408 0.300756
threshold=392.50000000000006 1124.0000000000002 91.500000000000014 1837.0000000000002 746.50000000000011 213.50000000000003 79870.000000000015 1.1175000000000004 522.00000000000011 0.77365000000000006 15778.000000000002 55.500000000000007 54.500000000000007 3228.0000000000005 104.50000000000001 22.500000000000004 35.500000000000007 1378.0000000000002 422.50000000000006 467156.00000000006 1.0000000180025095e-35 45.500000000000007 329.50000000000006 651.00000000000011 5.5000000000000009 1.0000000180025095e-35 137733.00000000003 276.50000000000006 451.50000000000006 20.500000000000004
decision_type=2 2 2 2 2 2 2 2 2 2 2 2 2 2 2 2 2 2 2 2 2 2 2 2 2 2 2 2 2 2
left_child=2 4 15 8 12 10 13 -8 9 -3 24 20 19 -5 21 28 -16 -13 -14 -2 -6 -7 -12 -10 -4 27 -27 -17 -1 -30
right_child=1 3 5 6 11 14 7 -9 23 -11 22 17 18 -15 16 25 -18 -19 -20 -21 -22 -23 -24 -25 -26 26 -28 -29 29 -31
leaf_value=-0.004199400238949995 0.0012375673336688174 0.0016206307418271532 -0.00081241532350953137 0.0018571546669276643 0.0086524736651120895 -0.0032740278232248898 0.0041574256715923297 -0.0021910367570489252 -0.0032668308003366573 0.0035546947874739582 -0.0020255150862864926 0.0013551001251162385 -0.0013688872909961897 0.0062387502980247849 -0.011308101396904795 -0.0031706317625504626 -0.00096143937522870111 0.0062863216766017973 0.0004322023406279762 -0.0081526683736129184 0.00276493985163846 1.5629145260153019e-05 -0.00076089340022171569 0.0021298763982545319 -0.015394264649526746 -0.0020329281653946678 -0.0045086495983153799 -0.0018949447291188503 -0.0044378976751287018 0.0011329035113211688
leaf_weight=1141 4505 916 3709 124 50 158 1448 68 96 3024 6000 4262 589 1370 18 2778 5732 76 7572 20 1235 4727 1146 98 4.9999999999999991 3232 209 658 42 57
leaf_count=1141 4505 916 3709 124 50 158 1448 68 96 3024 6000 4262 589 1370 18 2778 5732 76 7572 20 1235 4727 1146 98 5 3232 209 658 42 57
internal_value=-1.08606e-08 0.00175849 -0.00151153 0.00374837 0.000982036 -0.00103636 0.00486673 0.00387254 0.00293399 0.0031051 -0.00148407 0.00179659 0.000620976 0.00587523 -0.000579166 -0.00276981 -0.000994025 0.00144164 0.000302198 0.00119588 0.00299468 -9.08361e-05 -0.00182272 -0.000540966 -0.00083246 -0.00255468 -0.00218343 -0.0029264 -0.00396265 -0.00123256
internal_weight=55065 25453 29612 7144 18309 21495 3010 1516 4134 3940 10860 5623 12686 1494 10635 8117 5750 4338 8161 4525 1285 4885 7146 194 3714 6877 3441 3436 1240 99
internal_count=55065 25453 29612 7144 18309 21495 3010 1516 4134 3940 10860 5623 12686 1494 10635 8117 5750 4338 8161 4525 1285 4885 7146 194 3714 6877 3441 3436 1240 99
is_linear=0
shrinkage=0.05


Tree=20
num_leaves=31
num_cat=0
split_feature=16 16 16 16 14 16 0 2 7 16 0 7 2 2 4 2 15 0 4 16 9 0 16 0 14 14 16 16 2 9
split_gain=53.0468 11.3455 9.36496 2.08859 2.07652 1.85334 1.63581 1.18815 1.124 1.06347 1.02223 1.00735 1.26101 0.965157 0.882062 0.819324 1.17116 0.85545 0.735892 0.715134 0.67442 0.639455 0.580639 0.544678 0.493993 0.474801 0.39532 0.367601 0.332337 0.309391
threshold=560.50000000000011 175.50000000000003 1492.5000000000002 332.50000000000006 28.500000000000004 889.50000000000011 771770.50000000012 461650.50000000006 596.50000000000011 2749.0000000000005 143744.50000000003 2.5000000000000004 32060.500000000004 69559.500000000015 11.500000000000002 25909.500000000004 1.5000000000000002 119253.50000000001 1.0000000180025095e-35 2376.0000000000005 7.5000000000000009 874358.00000000012 167.50000000000003 8217.5000000000018 58.500000000000007 8.5000000000000018 140.50000000000003 358.50000000000006 1110485.5000000002 146.50000000000003
decision_type=2 2 2 2 2 2 2 2 2 2 2 2 2 2 2 2 2 2 2 2 2 2 2 2 2 2 2 2 2 2
left_child=1 4 5 11 25 15 9 23 18 13 20 12 -3 -4 -13 17 -17 -2 -5 -8 -6 -21 -12 -7 -11 29 -27 -10 -9 -1
right_child=2 3 6 8 10 7 19 28 27 24 22 14 -14 -15 -16 16 -18 -19 -20 21 -22 -23 -24 -25 -26 26 -28 -29 -30 -31
leaf_value=-0.0048291730611023861 0.002092151792140882 0.001285028016153076 0.0049475682942989561 -0.00070981985414645592 -0.00081964507224238235 0.0038658484887459385 -0.00043902197011734458 0.00021184677615606373 -0.012433588751091447 0.0072381970284672442 -0.0031608803381953168 -0.00086214955174515281 0.016102622676369371 0.0031486371681164168 -0.0086914750275271756 0.0056845950370647937 0.00056058135820404639 -0.00027283706479529533 0.00045629126690176555 -0.0041861723291135057 -0.0018197821479586833 0.0044574613060034043 -0.0087841360530078166 0.0022438951315758996 0.0049682182954218449 -0.0028456289869557296 -0.012299207232154169 -0.0033419111242592951 -0.0035813003064788132 0.0075816861992957551
leaf_weight=400 2481 293 1516 1620 2077 578 248 290 11.999999999999998 428 715 10424 14.999999999999998 1469 36 114 4926 452 8204 24 8950 192 49 4967 548 3809 10.999999999999998 140 72 4.9999999999999991
leaf_count=400 2481 293 1516 1620 2077 578 248 290 12 428 715 10424 15 1469 36 114 4926 452 8204 24 8950 192 49 4967 548 3809 11 140 72 5
internal_value=-1.28964e-08 -0.00109513 0.00219918 -0.000323286 -0.00209481 0.0015606 0.00420214 0.00223185 0.000197956 0.00453117 -0.00175398 -0.000806187 0.00201166 0.0040624 -0.000889178 0.00106327 0.000676592 0.00172769 0.000263992 0.00139295 -0.00163141 0.00349556 -0.00352264 0.00241303 0.0059643 -0.00304591 -0.00287317 -0.00406738 -0.000543372 -0.00467412
internal_weight=55065 36760 18305 20744 16016 13880 4425 5907 9976 3961 11791 10768 308 2985 10460 7973 5040 2933 9824 464 11027 216 764 5545 976 4225 3820 152 362 405
internal_count=55065 36760 18305 20744 16016 13880 4425 5907 9976 3961 11791 10768 308 2985 10460 7973 5040 2933 9824 464 11027 216 764 5545 976 4225 3820 152 362 405
is_linear=0
shrinkage=0.05


Tree=21
num_leaves=31
num_cat=0
split_feature=16 16 16 16 16 16 2 1 2 1 7 5 7 2 6 6 10 2 12 7 8 0 5 12 1 0 16 6 16 12
split_gain=47.8752 10.2394 8.48886 1.91674 1.88491 1.83171 1.46982 1.20011 1.18763 1.15151 1.01467 0.97581 0.943889 1.3153 0.936346 0.893756 0.890839 0.889123 0.877386 0.850882 0.8363 0.783264 0.724487 0.604847 0.497662 0.415403 0.45 0.386831 0.332146 0.172694
threshold=560.50000000000011 175.50000000000003 1550.5000000000002 61.500000000000007 332.50000000000006 889.50000000000011 78164.000000000015 1107961.5000000002 461650.50000000006 2276854.5000000005 596.50000000000011 165530.50000000003 8.5000000000000018 32060.500000000004 1.1175000000000004 0.94915000000000005 1.5000000000000002 13061.500000000002 423.50000000000006 18.500000000000004 7.5000000000000009 385304.50000000006 362973.00000000006 1492.0000000000002 1258096.5000000002 193960.50000000003 22.500000000000004 0.95710000000000017 358.50000000000006 92.500000000000014
decision_type=2 2 2 2 2 2 2 2 2 2 2 2 2 2 2 2 2 2 2 2 2 2 2 2 2 2 2 2 2 2
left_child=1 3 5 25 12 7 19 17 9 -7 11 -6 13 -3 15 -8 23 -2 -9 22 -14 -18 -4 -5 -10 26 -1 -21 -12 -16
right_child=2 4 6 16 10 8 14 18 24 -11 28 -13 20 -15 29 -17 21 -19 -20 27 -22 -23 -24 -25 -26 -27 -28 -29 -30 -31
leaf_value=-0.003582051761445831 0.002942229160046923 0.00043955670984367539 0.0039175867806011426 -0.0013044697639163967 0.00033345233444044922 0.0028498684983183217 0.0026633535893306145 0.00075321163875838445 -0.0039418392272153931 0.0013904827235765673 -0.011817047172341465 -0.0027531975177083061 -0.0008572162971697009 0.015302823831802174 0.0018319066714094692 0.0049796365485492303 -0.0022447623932430822 0.0011895409465347891 -0.0012573689951403833 0.0059912753197623953 -0.0043249680902041126 -0.0096530564035188365 -0.0026307341919448268 -0.007461315387873875 0.00041004685292758128 -0.0064941651427178355 -0.0024723552416924034 0.0036441406818544368 -0.003174934816080745 -0.0030121231322242804
leaf_weight=1213 1028 1044 508 7809 9561 3772 1338 3870 85 2107 11.999999999999998 263 9532 14.999999999999998 25 605 3133 2444 631 1285 177 36 46 40 288 75 3710 204 140 69
leaf_count=1213 1028 1044 508 7809 9561 3772 1338 3870 85 2107 12 263 9532 15 25 605 3133 2444 631 1285 177 36 46 40 288 75 3710 204 140 69
internal_value=-1.2637e-08 -0.00104037 0.00208923 -0.00199008 -0.000307123 0.00151256 0.00409972 0.00101011 0.00215329 0.00232687 0.00018805 0.000250792 -0.000765874 0.00065151 0.00314901 0.0033848 -0.00162165 0.00170855 0.000471325 0.00504743 -0.000920479 -0.00232922 0.00337349 -0.00133594 -0.000582461 -0.00280222 -0.00274585 0.00566997 -0.00386453 -0.00172324
internal_weight=55065 36760 18305 16016 20744 14225 4080 7973 6252 5879 9976 9824 10768 1059 2037 1943 11018 3472 4501 2043 9709 3169 554 7849 373 4998 4923 1489 152 94
internal_count=55065 36760 18305 16016 20744 14225 4080 7973 6252 5879 9976 9824 10768 1059 2037 1943 11018 3472 4501 2043 9709 3169 554 7849 373 4998 4923 1489 152 94
is_linear=0
shrinkage=0.05


Tree=22
num_leaves=31
num_cat=0
split_feature=16 16 16 16 16 16 1 0 16 1 16 2 7 1 7 14 2 1 15 0 1 7 0 14 5 16 14 7 7 6
split_gain=43.2467 9.52725 7.30423 1.72987 1.59798 1.44052 1.34425 1.09447 1.24082 1.42232 0.974589 0.95104 0.946196 0.937346 0.880642 0.862329 0.853974 1.09 1.04071 0.792751 0.699428 0.653804 0.591495 0.563749 0.66908 0.448583 0.394139 0.457453 0.347415 0.288128
threshold=480.50000000000006 1313.5000000000002 175.50000000000003 61.500000000000007 889.50000000000011 2749.0000000000005 2735295.0000000005 2108.5000000000005 396.50000000000006 10169148.500000002 282.50000000000006 65249.000000000007 656.50000000000011 182649.50000000003 2.5000000000000004 43.500000000000007 25909.500000000004 1258096.5000000002 1.5000000000000002 385304.50000000006 565150.50000000012 23.500000000000004 7786.5000000000009 58.500000000000007 91031.500000000015 4602.5000000000009 13.500000000000002 311.50000000000006 370.00000000000006 0.97915000000000008
decision_type=2 2 2 2 2 2 2 2 2 2 2 2 2 2 2 2 2 2 2 2 2 2 2 2 2 2 2 2 2 2
left_child=2 4 3 26 16 6 11 8 15 -10 14 -3 20 -12 -9 -4 17 -2 -18 21 -6 -5 -8 25 -25 -7 27 -1 -28 -14
right_child=1 5 7 19 12 23 22 10 9 -11 13 -13 29 -15 -16 -17 18 -19 -20 -21 -22 -23 -24 24 -26 -27 28 -29 -30 -31
leaf_value=-0.0036747092741907976 0.0020665806036972594 0.0045882152519103022 0.0063423125237900895 -0.0010132403913331001 0.0029761810853448142 0.0052132001297007713 0.0056860834963203891 0.002294751743753549 0.0055465647355330949 -0.0094612463682410657 0.001232893273753521 0.0027576808119576784 -0.0058235220337967174 -0.00036126319521757189 -0.0010533851792706721 -0.00010114861064267896 0.00443255461644402 0.00039942724527208264 0.00037917274699918874 -0.0063198062387899729 0.0016178249682923707 -0.0018082860013975723 0.0016695557315990835 0.0044803872065150947 -0.0050258439141496313 0.0083737119733752526 -0.0024137450047722673 0.0082648019852507634 -0.0091754482444668314 -0.00015516625081284099
leaf_weight=950 2395 1605 55 4199 1307 281 98 202 207 17 1038 1273 48 8252 6969 901 162 1660 6859 86 3449 6733 1402 620 19 188 4021 7.9999999999999991 19 42
leaf_count=950 2395 1605 55 4199 1307 281 98 202 207 17 1038 1273 48 8252 6969 901 162 1660 6859 86 3449 6733 1402 620 19 188 4021 8 19 42
internal_value=-1.36664e-08 0.00175693 -0.00111754 -0.00189058 0.00113777 0.00355386 0.00314612 -0.000415704 0.00105518 0.00440387 -0.000521149 0.00377866 0.00189504 -0.000183132 -0.000959041 0.000270177 0.000806426 0.00138412 0.000472761 -0.00154057 0.00199117 -0.00150292 0.00193233 0.00516453 0.00419699 0.00648162 -0.00266212 -0.00357415 -0.00244577 -0.0031814
internal_weight=55065 21408 33657 16016 15922 5486 4378 17641 1180 224 16461 2878 4846 9290 7171 956 11076 4055 7021 11018 4756 10932 1500 1108 639 469 4998 958 4040 90
internal_count=55065 21408 33657 16016 15922 5486 4378 17641 1180 224 16461 2878 4846 9290 7171 956 11076 4055 7021 11018 4756 10932 1500 1108 639 469 4998 958 4040 90
is_linear=0
shrinkage=0.05


Tree=23
num_leaves=31
num_cat=0
split_feature=16 16 16 16 16 0 16 6 0 4 10 1 2 2 1 6 7 2 4 0 1 2 10 0 16 14 0 1 2 14
split_gain=39.1849 8.97955 6.37233 1.76003 1.58217 1.35187 1.17535 1.11962 1.07377 1.01781 1.00422 0.950419 0.925868 0.956299 0.84207 0.820401 0.81273 1.16827 0.774538 0.697329 0.709818 0.660038 0.618146 0.607264 0.643669 0.561171 0.528755 0.441193 0.413582 0.28532
threshold=594.50000000000011 175.50000000000003 1550.5000000000002 332.50000000000006 91.500000000000014 771770.50000000012 976.50000000000011 1.1175000000000004 503308.00000000006 15.500000000000002 16.500000000000004 106905.50000000001 25909.500000000004 30470.000000000004 1258096.5000000002 0.76915000000000011 8.5000000000000018 32060.500000000004 11.500000000000002 143744.50000000003 448168.50000000006 12610.000000000002 1.0000000180025095e-35 874358.00000000012 2376.0000000000005 20.500000000000004 185507.00000000003 1015108.5000000001 15511.500000000002 58.500000000000007
decision_type=2 2 2 2 2 2 2 2 2 2 2 2 2 2 2 2 2 2 2 2 2 2 2 2 2 2 2 2 2 2
left_child=1 4 6 16 25 7 12 9 11 -4 15 -5 14 -14 -2 -8 17 -3 -18 21 -21 -6 -10 -7 -25 28 -27 -12 -1 -9
right_child=2 3 5 8 19 23 10 29 22 -11 27 -13 13 -15 -16 -17 18 -19 -20 20 -22 -23 -24 24 -26 26 -28 -29 -30 -31
leaf_value=-0.0037352170821391556 0.0024438257205099366 0.00042082590967945811 0.0042310185189376416 0.0019007958316892102 -0.00040914877625766846 -0.00430508291385684 0.0011237158706932208 -0.0041986334175225393 0.00027636684261088412 -0.011669664120412258 0.0033002463840354499 0.00015781305185618512 -0.0026415721464615773 0.00081069836427098512 0.00072079094089567367 0.002706111511883292 -0.00081081317566241004 0.01442877178555293 -0.0081484206382009799 -0.0096679358509978042 -0.0024545668855300803 -0.0014579604982494837 -0.0038481089281268734 -0.00012922350807363962 0.0038533401498263183 -0.0019855627905251529 -0.0063239717201111021 -0.00058056116390768023 -0.0023407057530311646 0.0010680489540776399
leaf_weight=983 1832 1044 3509 849 2122 46 1093 42 142 9.9999999999999982 87 9914 209 4935 1157 3271 9673 14.999999999999998 36 36 622 5119 252 215 192 5903 71 460 1160 66
leaf_count=983 1832 1044 3509 849 2122 46 1093 42 142 10 87 9914 209 4935 1157 3271 9673 15 36 36 622 5119 252 215 192 5903 71 460 1160 66
internal_value=-1.09896e-08 -0.000896076 0.00198536 -0.000238643 -0.00179606 0.00370996 0.0014459 0.00403161 0.000201459 0.0041855 0.00205669 0.000295318 0.00107707 0.000670384 0.00177691 0.00230982 -0.000694642 0.000620582 -0.000838104 -0.00129226 -0.00285063 -0.00115061 -0.00236193 0.00113433 0.00175001 -0.0022863 -0.00203723 3.71692e-05 -0.00298052 -0.000982095
internal_weight=55065 37941 17124 21925 16016 4080 13044 3627 11157 3519 4911 10763 8133 5144 2989 4364 10768 1059 9709 7899 658 7241 394 453 407 8117 5974 547 2143 108
internal_count=55065 37941 17124 21925 16016 4080 13044 3627 11157 3519 4911 10763 8133 5144 2989 4364 10768 1059 9709 7899 658 7241 394 453 407 8117 5974 547 2143 108
is_linear=0
shrinkage=0.05


Tree=24
num_leaves=31
num_cat=0
split_feature=16 16 16 16 16 1 16 2 1 10 10 7 16 4 0 1 0 10 6 5 15 7 0 9 12 12 5 0 6 12
split_gain=35.3824 8.62166 5.23334 1.61136 1.23631 1.16004 1.10546 1.02269 1.00032 1.05018 0.940793 0.854401 0.815959 0.807589 0.75627 0.715116 0.656524 0.720087 0.642748 0.576195 0.670458 0.51703 0.488537 0.905331 0.698667 0.474197 0.46214 0.437152 0.540313 0.446564
threshold=435.50000000000006 1313.5000000000002 120.50000000000001 783.50000000000011 2749.0000000000005 2735295.0000000005 282.50000000000006 71579.500000000015 448168.50000000006 44.500000000000007 67.500000000000014 1.5000000000000002 45.500000000000007 2.5000000000000004 282053.50000000006 565150.50000000012 143744.50000000003 35.500000000000007 0.83100000000000007 210415.00000000003 1.5000000000000002 3.5000000000000004 21782.000000000004 32.500000000000007 33.500000000000007 190.50000000000003 179583.50000000003 305555.00000000006 0.82710000000000006 38.500000000000007
decision_type=2 2 2 2 2 2 2 2 2 2 2 2 2 2 2 2 2 2 2 2 2 2 2 2 2 2 2 2 2 2
left_child=2 3 12 19 5 11 7 14 13 -10 -7 -3 22 -8 -4 18 21 -18 -5 20 -2 -14 23 -1 -24 -21 -9 29 -29 -6
right_child=1 4 6 15 27 10 8 26 9 -11 -12 -13 16 -15 -16 -17 17 -19 -20 25 -22 -23 24 -25 -26 -27 -28 28 -30 -31
leaf_value=-0.0027808497165510626 0.0028366134229290507 -0.0098406233139767142 -0.00056094992032691509 0.0033446352891916028 0.0014200111121715137 0.0020889424445814401 0.000247509014175952 -0.0016888764941728196 -0.00039780905980469196 -0.0074599375759765302 -0.0023918115552245792 0.0034774683415286565 -7.5609097236274805e-05 0.002649351999864815 -0.0038334585276759668 0.0012496461659769413 -0.0042652613514196974 0.010004884635026639 0.001445973027420597 -0.0031178621984388061 0.00057498864135759043 -0.0017008623908251364 -0.0014122838956650667 -0.00048568362696202114 -0.0043094826183833002 0.00083596553796547656 0.003147697576252881 -0.00015104306393095906 0.0046244117646614593 0.0055908879666268308
leaf_weight=1727 338 11.999999999999998 8953 919 70 1372 1329 3541 6106 53 128 2866 527 475 180 4748 319 8.9999999999999982 866 188 10657 6850 287 572 758 127 50 93 163 782
leaf_count=1727 338 12 8953 919 70 1372 1329 3541 6106 53 128 2866 527 475 180 4748 319 9 866 188 10657 6850 287 572 758 127 50 93 163 782
internal_value=-1.29211e-08 0.00147825 -0.00108668 0.000945262 0.00321174 0.002834 -0.000617435 -0.000906581 -0.000155406 -0.000458701 0.00170645 0.0034216 -0.00196524 0.000880035 -0.000625488 0.00157044 -0.00168212 -0.00387077 0.00242362 0.000584129 0.000644539 -0.00158476 -0.00261749 -0.00220985 -0.003514 -0.00152402 -0.00162145 0.00470387 0.0028902 0.00524842
internal_weight=55065 23329 31736 17843 5486 4378 20687 12724 7963 6159 1500 2878 11049 1804 9133 6533 7705 328 1785 11310 10995 7377 3344 2299 1045 315 3591 1108 256 852
internal_count=55065 23329 31736 17843 5486 4378 20687 12724 7963 6159 1500 2878 11049 1804 9133 6533 7705 328 1785 11310 10995 7377 3344 2299 1045 315 3591 1108 256 852
is_linear=0
shrinkage=0.05


Tree=25
num_leaves=31
num_cat=0
split_feature=16 16 16 16 16 2 1 0 4 0 16 1 8 4 4 16 7 7 0 1 2 12 0 7 8 14 1 7 12 8
split_gain=32.0759 7.33877 5.22494 1.41277 1.30788 1.16448 1.01301 0.956844 0.894458 0.840473 1.01665 0.829921 0.811787 0.770238 0.784789 0.751602 0.712908 0.689307 0.678428 0.601608 0.518656 0.500744 0.48617 0.431491 0.415509 0.391378 0.341984 0.268241 0.237131 0.12717
threshold=594.50000000000011 175.50000000000003 1550.5000000000002 332.50000000000006 64.500000000000014 78164.000000000015 1089086.0000000002 503308.00000000006 3.5000000000000004 8833.5000000000018 1099.5000000000002 67463.000000000015 7.5000000000000009 15.500000000000002 1.5000000000000002 867.50000000000011 18.500000000000004 2.5000000000000004 385304.50000000006 2502736.5000000005 1110485.5000000002 9.5000000000000018 693.50000000000011 370.00000000000006 2.5000000000000004 8.5000000000000018 84521.500000000015 24.500000000000004 55.500000000000007 3.5000000000000004
decision_type=2 2 2 2 2 2 2 2 2 2 2 2 2 2 2 2 2 2 2 2 2 2 2 2 2 2 2 2 2 2
left_child=1 4 6 12 23 16 9 11 15 22 -11 -5 17 14 -7 -8 21 -3 19 -6 -10 -4 -2 25 -9 -1 -18 -20 -14 -25
right_child=2 3 5 7 18 13 8 24 20 10 -12 -13 28 -15 -16 -17 26 -19 27 -21 -22 -23 -24 29 -26 -27 -28 -29 -30 -31
leaf_value=-0.0037368265814441458 0.0010073821567314482 0.0017615810436102464 0.0081255367630735376 0.0022984698295234972 -0.00097893059878758986 0.0018560634379935484 0.00026095309965576901 -0.00071363242165243873 0.0039058268054079173 0.0010794614105962275 0.0028144490771162978 0.00017164384105908381 -0.014619345174116248 -0.011264109877998583 0.0039172563875970968 0.0012889600222826308 0.0020590014569418272 -0.00063860643046041092 -0.0025783267487549371 -0.0017568213995625519 -0.0043757481509773292 0.0022546916501055571 0.003615498201415514 -0.0031821523167070778 -0.0039670759761557071 -0.0021136548893339684 0.004983163054426064 -0.0082083427387903488 -0.0036646537183075583 -0.011853869535670376
leaf_weight=402 226 308 39 480 6643 1315 3340 209 323 3349 1129 10283 4.9999999999999991 9.9999999999999982 712 3802 108 10283 38 3972 20 515 855 6.0000000000000027 185 4892 1381 48 172 14.999999999999998
leaf_count=402 226 308 39 480 6643 1315 3340 209 323 3349 1129 10283 5 10 712 3802 108 10283 38 3972 20 515 855 6 185 4892 1381 48 172 15
internal_value=-1.23571e-08 -0.000810731 0.00179626 -0.000216389 -0.00162434 0.00335789 0.00130778 0.000177914 0.000928028 0.00181907 0.00151694 0.000266515 -0.000624934 0.00251172 0.00258023 0.000808217 0.00420142 -0.00056879 -0.00130589 -0.00127002 0.0034218 0.00266937 0.00307037 -0.00226547 -0.00224188 -0.00223698 0.00477122 -0.00572655 -0.00398219 -0.00940306
internal_weight=55065 37941 17124 21925 16016 4080 13044 11157 7485 5559 4478 10763 10768 2037 2027 7142 2043 10591 10701 10615 343 554 1081 5315 394 5294 1489 86 177 21
internal_count=55065 37941 17124 21925 16016 4080 13044 11157 7485 5559 4478 10763 10768 2037 2027 7142 2043 10591 10701 10615 343 554 1081 5315 394 5294 1489 86 177 21
is_linear=0
shrinkage=0.05


Tree=26
num_leaves=31
num_cat=0
split_feature=14 14 14 1 4 12 5 10 7 9 8 1 6 14 1 12 12 8 0 6 1 6 12 7 0 6 8 3 12 9
split_gain=21.0036 3.13679 2.88162 1.66716 1.09401 1.10485 1.15829 1.0028 1.01176 0.967854 0.771548 0.647448 0.961147 0.630381 0.627492 0.804743 0.632889 0.800511 0.623397 0.62027 0.577623 0.584408 0.569404 0.55567 0.533749 0.504276 0.467937 0.401999 0.397456 0.44839
threshold=50.500000000000007 40.500000000000007 56.500000000000007 2502736.5000000005 2.5000000000000004 12.500000000000002 210415.00000000003 1.0000000180025095e-35 12.500000000000002 14.500000000000002 3.5000000000000004 4882567.5000000009 0.71945000000000003 20.500000000000004 3463563.5000000005 451.50000000000006 31.500000000000004 6.5000000000000009 222917.00000000003 1.1025000000000003 2239754.5000000005 0.84560000000000002 698.00000000000011 17.500000000000004 7329.5000000000009 1.0287500000000003 5.5000000000000009 1.0000000180025095e-35 5.5000000000000009 215.50000000000003
decision_type=2 2 2 2 2 2 2 2 2 2 2 2 2 2 2 2 2 2 2 2 2 2 2 2 2 2 2 2 2 2
left_child=1 13 4 7 5 6 -2 19 -9 27 -7 24 -13 28 16 18 17 -3 -16 -4 21 -15 -17 -22 -5 -11 -18 -6 -1 -30
right_child=2 14 3 11 9 10 -8 8 -10 25 -12 12 -14 20 15 22 26 -19 -20 -21 23 -23 -24 -25 -26 -27 -28 -29 29 -31
leaf_value=-0.0051133004425758903 0.0030965527146452846 -0.0013530326700036941 0.0024967046098932945 0.0025868476648637658 -0.0014260487342665183 0.00034927972580460357 -0.0036809196166495066 -0.0041517673858178965 0.0013908599108264806 0.0016454482227792749 -0.00056536561358809924 -0.00076768816286884546 0.0015175099071567232 -0.00080808080686223932 -0.0012580268455106959 0.0030406805576406524 -0.00012569534815075288 -0.016241255369815199 -0.0044494229267336306 -0.0014906214772501252 -0.001131287564398628 -0.0018791522100547358 -0.0014766122101374617 -0.0025895530067423819 -0.00027251984112556903 -0.0039387746961048629 -0.001984665311899897 -0.0084211547503766325 -0.0024651380213697735 0.0054421052465328523
leaf_weight=144 557 1167 3861 179 70 13464 71 84 3935 2502 2782 556 2667 2824 3058 182 6857 8.9999999999999982 161 100 932 2320 113 2186 1839 41 356 29 2001 18
leaf_count=144 557 1167 3861 179 70 13464 71 84 3935 2502 2782 556 2667 2824 3058 182 6857 9 161 100 932 2320 113 2186 1839 41 356 29 2001 18
internal_value=-1.46701e-08 -0.00118244 0.000806448 0.00137639 0.000420339 0.000272205 0.00232985 0.00183141 0.00127491 0.0013664 0.000192651 0.00068355 0.00112328 -0.00181569 -0.000627806 -0.00118872 -0.000392839 -0.00146834 -0.00141778 0.002396 -0.00161671 -0.00129117 0.00131041 -0.00215371 -1.87735e-05 0.00155526 -0.000217472 -0.00348155 -0.00257561 -0.00239438
internal_weight=55065 22328 32737 13221 19516 16874 628 7980 4019 2642 16246 5241 3223 10425 11903 3514 8389 1176 3219 3961 8262 5144 295 3118 2018 2543 7213 99 2163 2019
internal_count=55065 22328 32737 13221 19516 16874 628 7980 4019 2642 16246 5241 3223 10425 11903 3514 8389 1176 3219 3961 8262 5144 295 3118 2018 2543 7213 99 2163 2019
is_linear=0
shrinkage=0.05


Tree=27
num_leaves=31
num_cat=0
split_feature=16 16 16 16 2 5 10 16 7 16 6 6 1 2 5 2 7 5 6 5 3 1 2 2 5 1 9 9 1 14
split_gain=27.1562 5.88689 4.64348 1.48655 1.03219 1.01984 0.962944 0.981723 0.87641 0.890957 0.735435 0.798546 0.708391 0.839226 0.70309 0.648299 0.634625 0.628692 0.65247 0.539282 0.427385 0.63741 0.478734 0.406523 0.599073 0.405841 0.401711 0.344304 0.310753 0.154916
threshold=594.50000000000011 213.50000000000003 1550.5000000000002 91.500000000000014 78164.000000000015 206724.50000000003 3.5000000000000004 1262.5000000000002 4.5000000000000009 392.50000000000006 1.1175000000000004 0.93100000000000016 3094532.5000000005 732.00000000000011 25122.500000000004 15778.000000000002 18.500000000000004 823382.00000000012 0.9629000000000002 362973.00000000006 1.0000000180025095e-35 6140.0000000000009 137733.00000000003 2630.0000000000005 226473.00000000003 18302822.000000004 7.5000000000000009 15.500000000000002 1561493.0000000002 58.500000000000007
decision_type=2 2 2 2 2 2 2 2 2 2 2 2 2 2 2 2 2 2 2 2 2 2 2 2 2 2 2 2 2 2
left_child=1 3 6 20 16 8 7 14 15 -10 11 -6 13 -5 -2 -3 19 18 -8 -4 21 -1 -22 28 -25 -9 -14 -18 -7 -12
right_child=2 5 4 12 10 23 17 25 9 -11 29 -13 26 -15 -16 -17 27 -19 -20 -21 22 -23 -24 24 -26 -27 -28 -29 -30 -31
leaf_value=-0.010352389634822601 0.0014337868318086298 0.0011501762365812942 0.002943113321786853 -0.0093331949593121466 0.001792424098729279 -0.0038687288478133513 0.00092956578379987638 0.0029208697567408536 -0.00044921593038756407 0.00025979008094814427 -0.004244105987728633 0.0039171175849519891 -0.00039360680431938617 -0.0006757473032127021 -1.0918456741924907e-05 0.0059889796592928618 0.0078556688949262734 -0.0056370806760197723 -0.00069011654280431913 -0.0027060563960910619 -0.0013812489158058637 -0.0021953089556294939 -0.0036697784696940483 -0.0059403534440456412 -0.00058881636839567869 -0.002866226745547781 -0.0018186966964873711 0.0042859866187402026 -0.010966220280978005 -0.00016367656672364476
leaf_weight=24 7127 555 508 28 1262 47 2892 1206 10074 7910 42 681 597 7353 955 79 71 41 792 46 3822 4028 243 70 206 31 2882 1418 23 52
leaf_count=24 7127 555 508 28 1262 47 2892 1206 10074 7910 42 681 597 7353 955 79 71 41 792 46 3822 4028 243 70 206 31 2882 1418 23 52
internal_value=-1.79377e-08 -0.000745977 0.00165277 -0.00136858 0.00312495 -0.000122948 0.00119227 0.00146388 -7.29553e-05 -0.00013737 0.00232829 0.00253727 -0.000985975 -0.000708716 0.00126308 0.00175397 0.00391911 0.000512757 0.000581351 0.00247364 -0.00188045 -0.00224388 -0.00151814 -0.00281222 -0.00194775 0.00277562 -0.00157417 0.00445672 -0.00621308 -0.00198942
internal_weight=55065 37941 17124 18977 4080 18964 13044 9319 18618 17984 2037 1943 10860 7381 8082 634 2043 3725 3684 554 8117 4052 4065 346 276 1237 3479 1489 70 94
internal_count=55065 37941 17124 18977 4080 18964 13044 9319 18618 17984 2037 1943 10860 7381 8082 634 2043 3725 3684 554 8117 4052 4065 346 276 1237 3479 1489 70 94
is_linear=0
shrinkage=0.05


Tree=28
num_leaves=31
num_cat=0
split_feature=16 16 16 5 8 16 0 14 4 10 16 2 6 4 1 0 16 14 1 1 1 0 16 5 1 16 3 1 14 0
split_gain=24.5087 5.32258 4.19082 1.12694 1.05509 1.10803 1.03181 1.02957 0.887005 0.997078 0.938947 0.876507 0.868308 0.822186 0.723988 0.695963 0.725719 0.618279 0.605947 0.58664 0.565585 0.535583 0.53141 0.416044 0.850701 0.351476 0.342536 0.285202 0.226704 0.183446
threshold=594.50000000000011 175.50000000000003 1550.5000000000002 201024.50000000003 6.5000000000000009 373.50000000000006 771770.50000000012 23.500000000000004 3.5000000000000004 3.5000000000000004 1262.5000000000002 117351.00000000001 1.1175000000000004 15.500000000000002 507801.00000000006 65166.500000000007 167.50000000000003 58.500000000000007 1561493.0000000002 172995.00000000003 3056908.0000000005 874358.00000000012 2376.0000000000005 437561.50000000006 1258096.5000000002 81.500000000000014 1.0000000180025095e-35 1089086.0000000002 58.500000000000007 874358.00000000012
decision_type=2 2 2 2 2 2 2 2 2 2 2 2 2 2 2 2 2 2 2 2 2 2 2 2 2 2 2 2 2 2
left_child=1 7 8 4 5 -3 12 25 9 10 -2 19 13 -4 -6 18 -17 -11 -9 -10 -13 -8 -23 29 -25 26 -1 -27 -14 -5
right_child=2 3 6 23 14 -7 21 15 11 17 -12 20 28 -15 -16 16 -18 -19 -20 -21 -22 22 -24 24 -26 27 -28 -29 -30 -31
leaf_value=-0.0027872255323682258 0.0010833547627421437 -0.00039217659814812168 0.003426166187537041 -0.0036593654486542487 0.00048140696858970641 0.00034996804394103525 -0.0043894802126730435 -0.00070213175759770467 0.00066055099743985498 0.0005536888284414335 0.0025867835358489642 -0.00074242529279897615 -0.0040324048477616559 -0.010864068947658682 -0.002907305856537206 -0.001778274264374825 -0.0056739675138580701 -0.0013906406411797463 -0.0014553108582362907 0.0042939706912625266 0.0035268827288580892 -0.00041049451385709139 0.0032080356799476222 0.008791263601455785 -0.0022755296593275644 -0.013637891762759072 -0.0016786294601553152 -0.0003001411430171279 0.0006624610163183368 -0.013242235060269928
leaf_weight=1377 7440 12159 3509 284 219 8577 46 5881 139 2859 1207 257 42 9.9999999999999982 562 2310 126 477 4892 554 111 215 192 21 98 12.000000000000002 1412 5.9999999999999991 66 4.9999999999999991
leaf_count=1377 7440 12159 3509 284 219 8577 46 5881 139 2859 1207 257 42 10 562 2310 126 477 4892 554 111 215 192 21 98 12 1412 6 66 5
internal_value=-2.0169e-08 -0.000708684 0.00157014 -0.000202527 -0.000153158 -8.52042e-05 0.00296872 -0.00140158 0.00113266 0.00100995 0.00129324 0.00251826 0.00324972 0.00338525 -0.00195714 -0.00121676 -0.00198 0.000275644 -0.00104416 0.00356539 0.000545936 0.00071863 0.0012969 -0.00280543 -0.000316824 -0.00227122 -0.00222605 -0.0092182 -0.00116536 -0.00382968
internal_weight=55065 37941 17124 21925 21517 20736 4080 16016 13044 11983 8647 1061 3627 3519 781 13209 2436 3336 10773 693 368 453 407 408 119 2807 2789 18 108 289
internal_count=55065 37941 17124 21925 21517 20736 4080 16016 13044 11983 8647 1061 3627 3519 781 13209 2436 3336 10773 693 368 453 407 408 119 2807 2789 18 108 289
is_linear=0
shrinkage=0.05


Tree=29
num_leaves=31
num_cat=0
split_feature=16 16 16 5 1 15 14 0 16 16 14 16 6 4 12 10 0 1 1 0 16 1 8 5 8 16 1 12 14 10
split_gain=22.1199 4.42505 4.11726 1.13664 1.09245 1.09659 0.952479 0.931208 0.871237 0.853711 1.01324 0.822781 0.783701 0.742611 0.736516 0.700692 0.651703 0.622 0.611339 0.483455 0.479623 0.476458 0.4597 0.611427 0.460396 0.45095 0.427286 0.348148 0.204649 0.0696846
threshold=560.50000000000011 175.50000000000003 1550.5000000000002 201024.50000000003 2276854.5000000005 1.5000000000000002 28.500000000000004 771770.50000000012 954.50000000000011 332.50000000000006 54.500000000000007 680.50000000000011 1.1175000000000004 15.500000000000002 737.50000000000011 2.5000000000000004 143744.50000000003 3094532.5000000005 448168.50000000006 874358.00000000012 2376.0000000000005 2194290.0000000005 1.0000000180025095e-35 437561.50000000006 3.5000000000000004 140.50000000000003 3094532.5000000005 4.5000000000000009 58.500000000000007 3.5000000000000004
decision_type=2 2 2 2 2 2 2 2 2 2 2 2 2 2 2 2 2 2 2 2 2 2 2 2 2 2 2 2 2 2
left_child=1 6 4 9 8 26 25 12 15 14 -11 -7 13 -4 -3 -2 17 -8 -18 -9 -21 -10 23 -5 -24 27 -6 -1 -14 -27
right_child=2 3 7 22 5 11 16 19 21 10 -12 -13 28 -15 -16 -17 18 -19 -20 20 -22 -23 24 -25 -26 29 -28 -29 -30 -31
leaf_value=-0.0039322636040516716 0.0012887041452903768 -0.00039551162971687194 0.0032548627747069959 -0.0029033561519222332 0.0083471481739183836 -0.0006583105718582095 -0.0007422708314548833 -0.0041704824663508768 0.0019225781071250205 0.00065526332223484753 -0.00036255433350827721 0.00073076570270357206 -0.0038312634678818549 -0.01032624356817491 -0.0024140250698421756 -8.110980763365849e-05 -0.0085232041490512743 -0.0015440899721927037 -0.002179647586036915 -0.00038997932781670151 0.0030477173962844078 0.0058279797804254713 -0.0054571256151340237 0.0035585775883019027 0.0015444379236301702 -0.0081973569598835973 0.0026981761522129034 -0.0018437305792780995 0.00062938810288029026 -0.016147504250208538
leaf_weight=210 4156 10096 3509 129 53 1450 7444 46 3166 5047 4743 4025 42 9.9999999999999982 473 1204 40 3583 724 215 192 80 178 51 27 6.9999999999999982 91 4003 66 5
leaf_count=210 4156 10096 3509 129 53 1450 7444 46 3166 5047 4743 4025 42 10 473 1204 40 3583 724 215 192 80 178 51 27 7 91 4003 66 5
internal_value=-2.30331e-08 -0.000707187 0.0014201 -0.000225158 0.00101848 0.000476202 -0.00133151 0.00282027 0.00137254 -0.000174254 0.000162159 0.000362877 0.00308722 0.00321598 -0.000485869 0.000981011 -0.00110068 -0.00100282 -0.00251284 0.000682681 0.00123209 0.00201901 -0.00291623 -0.00107152 -0.00453467 -0.00197566 0.00478166 -0.00194793 -0.00110725 -0.011616
internal_weight=55065 36760 18305 20744 14225 5619 16016 4080 8606 20359 9790 5475 3627 3519 10569 5360 11791 11027 764 453 407 3246 385 180 205 4225 144 4213 108 12
internal_count=55065 36760 18305 20744 14225 5619 16016 4080 8606 20359 9790 5475 3627 3519 10569 5360 11791 11027 764 453 407 3246 385 180 205 4225 144 4213 108 12
is_linear=0
shrinkage=0.05


Tree=30
num_leaves=31
num_cat=0
split_feature=16 14 16 16 16 0 5 7 10 5 7 2 0 16 16 6 12 2 8 14 8 14 14 8 16 5 2 2 12 6
split_gain=19.9634 4.0631 3.72885 1.21204 1.00269 0.885851 0.87024 0.876925 0.824068 0.898181 0.817619 0.763467 0.821241 0.754913 1.09578 0.744071 0.734042 0.70278 0.67747 0.580647 0.789335 0.567589 0.432952 0.364272 0.329409 0.191371 0.186151 0.180368 0.158371 0.125631
threshold=560.50000000000011 42.500000000000007 1313.5000000000002 282.50000000000006 4602.5000000000009 272610.50000000006 165530.50000000003 596.50000000000011 1.0000000180025095e-35 64565.500000000007 1.5000000000000002 143954.50000000003 4986.5000000000009 257.50000000000006 248.50000000000003 0.93690000000000018 1492.0000000000002 2630.0000000000005 1.0000000180025095e-35 54.500000000000007 1.0000000180025095e-35 48.500000000000007 58.500000000000007 4.5000000000000009 396.50000000000006 31805.500000000004 33577.000000000007 14128.000000000002 58.500000000000007 0.84960000000000002
decision_type=2 2 2 2 2 2 2 2 2 2 2 2 2 2 2 2 2 2 2 2 2 2 2 2 2 2 2 2 2 2
left_child=1 13 11 5 8 10 7 -5 23 -10 -3 19 25 14 16 -14 -1 -7 -8 21 -21 -2 27 -4 26 -13 -15 -6 -16 -24
right_child=2 3 4 6 22 17 18 -9 9 -11 -12 12 15 24 28 -17 -18 -19 -20 20 -22 -23 29 -25 -26 -27 -28 -29 -30 -31
leaf_value=-0.0013943446465145353 -0.006281788657326693 0.0022890607847377061 0.0028199020796093087 0.0001469967941358281 0.011992155420069664 -0.01249137718760465 -7.8849104601283408e-05 -0.0033017352377330833 0.001955830566549078 -0.0018917334640193861 -0.00064821379169992808 0.0032452197135941379 0.00050868835665956417 -0.0070215114498980158 0.0015663670275506425 -0.0012645126785776296 -0.0066389704921911586 -0.0024347925933473815 -0.0045457609518734024 -0.0011998330275636503 0.0010253422950860453 0.0019651211096029654 -0.00010109371277488199 0.0050315778595571622 -0.0017175499015693902 0.011139627593500472 -0.015414492289885773 0.0062656307099416657 0.011653719634558614 0.0038189134900509015
leaf_weight=11896 21 242 1946 12427 14.999999999999998 18 159 187 2892 160 11082 155 2029 13.000000000000002 5.0000000000000027 835 67 437 182 421 7445 1905 30 206 12.999999999999998 7.9999999999999991 13.999999999999998 173 18 64
leaf_count=11896 21 242 1946 12427 15 18 159 187 2892 160 11082 155 2029 13 5 835 67 437 182 421 7445 1905 30 206 13 8 14 173 18 64
internal_value=-2.55673e-08 -0.000671835 0.00134909 -0.00030529 0.00243995 -0.000672354 2.84568e-05 9.58443e-05 0.00228251 0.00175407 -0.000585423 0.000882237 0.000188216 -0.0014257 -0.00140278 -8.315e-06 -0.00142377 -0.00283529 -0.00246358 0.00109678 0.000906234 0.00187488 0.00534354 0.00303184 -0.00827496 0.00363927 -0.0114142 0.00672867 0.00947709 0.00256907
internal_weight=55065 36760 18305 24734 5486 11779 12955 12614 5204 3052 11324 12819 3027 12026 11986 2864 11963 455 341 9792 7866 1926 282 2152 40 163 27 188 23 94
internal_count=55065 36760 18305 24734 5486 11779 12955 12614 5204 3052 11324 12819 3027 12026 11986 2864 11963 455 341 9792 7866 1926 282 2152 40 163 27 188 23 94
is_linear=0
shrinkage=0.05


Tree=31
num_leaves=31
num_cat=0
split_feature=16 16 16 16 14 1 5 7 14 1 7 1 7 16 9 5 9 5 6 16 0 16 0 12 3 1 8 7 8 6
split_gain=18.0866 4.65812 2.69728 1.40153 1.15675 0.776345 0.739095 0.737803 1.30736 1.18323 1.12195 1.04564 0.725073 0.722113 0.657254 0.60179 0.59222 0.525356 0.728807 0.470522 0.535319 0.455803 0.444698 0.506629 0.451176 0.580857 0.381247 0.299727 0.269974 0.0468914
threshold=435.50000000000006 999.50000000000011 91.500000000000014 2319.0000000000005 56.500000000000007 1561493.0000000002 8525.0000000000018 63.500000000000007 57.500000000000007 7012128.5000000009 112.50000000000001 7342690.0000000009 453.00000000000006 246.50000000000003 7.5000000000000009 17211.000000000004 57.500000000000007 352.00000000000006 0.82940000000000003 6730.0000000000009 8008.5000000000009 660.50000000000011 148602.50000000003 240.50000000000003 1.0000000180025095e-35 6140.0000000000009 9.5000000000000018 35.500000000000007 1.5000000000000002 0.86355000000000015
decision_type=2 2 2 2 2 2 2 2 2 2 2 2 2 2 2 2 2 2 2 2 2 2 2 2 2 2 2 2 2 2
left_child=2 7 22 4 6 -6 -3 9 10 16 -9 -11 13 14 -4 -15 -2 18 -14 20 -5 -10 24 27 25 -1 -26 -24 -25 -21
right_child=1 3 12 19 5 -7 -8 8 21 11 -12 -13 17 15 -16 -17 -18 -19 -20 29 -22 -23 23 28 26 -27 -28 -29 -30 -31
leaf_value=-0.0096266843278069222 0.00099789304562544192 0.0032341274398316948 4.8940336606027559e-05 0.0054999202777553692 0.0019088537720716925 0.00068535693866534849 0.00021813051489190461 -0.00044297190681600684 -0.0026727270207788771 -0.0078410728478843558 0.0010819350504975669 -0.00051437233505964228 -0.0071342014004739957 -2.0503048468750826e-05 -0.00088305180374972166 -0.0012269422538762568 0.0065078865106041163 0.0048115699953660013 -0.001797506644109147 0.00518877238221176 0.002678679414233756 -0.00066786258171455432 -0.0039575269777739957 -0.0045707470806101774 -0.0011599240991088428 -0.0018397973902524055 0.0081201044859381417 -0.0095435071181074697 0.0085378868152966372 0.0071396575045141672
leaf_weight=24 7256 1422 2294 190 2549 2639 237 1947 382 52 3170 746 90 9040 10786 1167 49 21 221 64 1464 1099 107 6.0000000000000027 3958 3969 10.999999999999998 31 10.999999999999998 63
leaf_count=24 7256 1422 2294 190 2549 2639 237 1947 382 52 3170 746 90 9040 10786 1167 49 21 221 64 1464 1099 107 6 3958 3969 11 31 11 63
internal_value=-2.43845e-08 0.00105688 -0.000776954 0.00197912 0.00165407 0.00128652 0.00280331 0.000515614 0.000123071 0.000835243 0.000501716 -0.000992724 -0.000506726 -0.000473641 -0.000719598 -0.00015845 0.00103494 -0.00282655 -0.00334368 0.00322862 0.00300308 -0.00118513 -0.00156325 -0.00421512 -0.00151157 -0.00188684 -0.001134 -0.00521835 0.00391164 0.00616139
internal_weight=55065 23329 31736 8628 6847 5188 1659 14701 6598 8103 5117 798 23619 23287 13080 10207 7305 332 311 1781 1654 1481 8117 155 7962 3993 3969 138 17 127
internal_count=55065 23329 31736 8628 6847 5188 1659 14701 6598 8103 5117 798 23619 23287 13080 10207 7305 332 311 1781 1654 1481 8117 155 7962 3993 3969 138 17 127
is_linear=0
shrinkage=0.05


Tree=32
num_leaves=29
num_cat=0
split_feature=16 16 16 4 16 10 11 16 9 8 0 4 0 4 4 12 0 0 1 10 1 12 0 12 3 12 9 10
split_gain=16.4294 3.56629 2.87956 1.11146 1.03664 0.956008 0.89413 0.867515 0.849952 0.809553 0.665646 0.653085 0.61658 0.596917 0.750772 0.662475 0.576592 0.733415 0.641151 0.553134 0.527451 0.514038 0.401435 0.457407 0.407213 0.398912 0.351933 0.103838
threshold=594.50000000000011 218.50000000000003 1837.0000000000002 3.5000000000000004 91.500000000000014 3.5000000000000004 1.5000000000000002 1262.5000000000002 217.50000000000003 6.5000000000000009 2271.5000000000005 15.500000000000002 566313.50000000012 2.5000000000000004 9.5000000000000018 20.500000000000004 40413.000000000007 48448.000000000007 455115.00000000006 9.5000000000000018 539481.00000000012 4.5000000000000009 148602.50000000003 240.50000000000003 1.0000000180025095e-35 107.50000000000001 52.500000000000007 1.0000000180025095e-35
decision_type=2 2 2 2 2 2 2 2 2 2 2 2 2 2 2 2 2 2 2 2 2 2 2 2 2 2 2 2
left_child=1 4 3 5 22 7 8 -2 -5 13 21 16 -7 15 -15 -3 18 -18 -4 -12 25 -6 24 -24 -1 -11 -22 -8
right_child=2 9 11 6 10 12 27 -9 -10 20 19 -13 -14 14 -16 -17 17 -19 -20 -21 26 -23 23 -25 -26 -27 -28 -29
leaf_value=-0.0017925128427033956 0.00088027625821968645 0.0010498099810962321 0.0053455174601824938 0.0035565786723533235 -0.0087323436198990471 0.0004767568913309337 -0.0019777481051347265 0.0020906927117100931 0.00048452947739554961 0.0063310537183011665 -0.00077631916817140988 -0.010006364766914067 -0.0011935388845096 0.00099994561825421878 -0.0037465742209137143 -0.00021154346766550432 -0.0018075644762544825 0.0024507448873836964 0.0027745805062789688 -0.002320811167757628 0.0018582962920187863 0.00055743152214512395 -0.0049579218288138037 0.0037172148405841127 -0.0010772919438888013 -0.00042922369983071774 -0.0030301922133776906 -0.0068487895015643275
leaf_weight=3993 7440 1120 370 830 14.999999999999998 2964 21 1848 309 25 9572 9.9999999999999982 679 1916 87 14734 107 1818 705 617 40 1077 138 17 3969 167 454 23
leaf_count=3993 7440 1120 370 830 15 2964 21 1848 309 25 9572 10 679 1916 87 14734 107 1818 705 617 40 1077 138 17 3969 167 454 23
internal_value=-2.29092e-08 -0.00058024 0.00128554 0.000986101 -0.00105419 0.000851882 0.002453 0.00112113 0.00272328 -8.44329e-05 -0.000744132 0.00268954 0.000165415 -1.96752e-05 0.000793605 -0.00012243 0.00273219 0.00221397 0.00365988 -0.000869869 -0.00176987 0.000429037 -0.0014851 -0.00400467 -0.001436 0.000453858 -0.00263407 -0.00453373
internal_weight=55065 37941 17124 14114 19398 12931 1183 9288 1139 18543 11281 3010 3643 17857 2003 15854 3000 1925 1075 10189 686 1092 8117 155 7962 192 494 44
internal_count=55065 37941 17124 14114 19398 12931 1183 9288 1139 18543 11281 3010 3643 17857 2003 15854 3000 1925 1075 10189 686 1092 8117 155 7962 192 494 44
is_linear=0
shrinkage=0.05


Tree=33
num_leaves=31
num_cat=0
split_feature=16 16 16 16 5 2 1 12 1 16 4 12 6 9 2 1 7 5 16 12 16 1 1 8 3 1 2 2 6 8
split_gain=14.909 4.29594 1.87852 1.16866 0.951158 0.741183 0.697656 0.884099 0.872379 0.704222 0.653401 0.634076 0.526871 0.519603 1.00844 0.632774 0.501783 0.450045 0.427563 0.416925 0.344746 0.602007 0.473199 0.46737 0.309261 0.477822 0.439054 0.278727 0.207828 0.0883745
threshold=392.50000000000006 999.50000000000011 91.500000000000014 2319.0000000000005 64565.500000000007 419873.00000000006 455115.00000000006 12.500000000000002 394573.00000000006 783.50000000000011 11.500000000000002 963.50000000000011 0.76915000000000011 6.5000000000000009 3018.0000000000005 659497.50000000012 12.500000000000002 79102.500000000015 4602.5000000000009 138.50000000000003 16.500000000000004 587513.00000000012 464697.50000000006 2.5000000000000004 1.0000000180025095e-35 1999298.5000000002 137733.00000000003 222423.00000000003 0.76915000000000011 5.5000000000000009
decision_type=2 2 2 2 2 2 2 2 2 2 2 2 2 2 2 2 2 2 2 2 2 2 2 2 2 2 2 2 2 2
left_child=2 6 20 4 5 -3 7 9 -9 -2 11 16 -13 15 -15 -8 -4 -6 19 -5 21 22 -1 -23 25 -22 -26 29 -20 -12
right_child=1 3 10 18 17 -7 13 8 -10 -11 27 12 -14 14 -16 -17 -18 -19 28 -21 24 23 -24 -25 26 -27 -28 -29 -30 -31
leaf_value=-0.001266119261815188 0.0028613786313304067 0.0018307569172944871 6.078165218181259e-05 0.0016044471589536818 -0.0047058165463320497 4.2314084986554952e-05 -0.0033715656586365168 0.00058109810157238673 0.002865530069372315 0.011197625931838522 -0.004994947363052938 0.0003071695166056023 -0.0032961260452723617 0.0072835971326022028 0.00031156331340986051 -0.00024741414329076874 -0.00057505383458032083 -0.00010859628197224636 0.0016428000453269664 0.003298483776103792 -0.0011388313496252186 -0.0040090139276915335 0.0048619868457698452 -0.00046756267579150948 -0.00084498012464058003 -0.0022916309799426902 -0.003163041126590869 -0.011030905504034173 0.0053209679478156977 -0.00088544223290770794
leaf_weight=162 99 5768 3789 619 62 644 193 3473 475 34 38 142 355 52 11490 1009 17135 373 46 880 2109 443 39 118 3462 1567 217 15.999999999999998 236 20
leaf_count=162 99 5768 3789 619 62 644 193 3473 475 34 38 142 355 52 11490 1009 17135 373 46 880 2109 443 39 118 3462 1567 217 16 236 20
internal_value=-2.32524e-08 0.000887377 -0.000762789 0.00179446 0.00149764 0.00165114 0.000422207 0.000991161 0.000856013 0.00499926 -0.000518062 -0.000501846 -0.00226676 0.000240006 0.000343037 -0.000749285 -0.000459915 -0.000764763 0.00293545 0.0025991 -0.00141085 -0.00242324 -7.52573e-05 -0.00326433 -0.00130593 -0.00163029 -0.00098179 -0.00520516 0.00472178 -0.00358184
internal_weight=55065 25453 29612 8628 6847 6412 16825 4081 3948 133 21495 21421 497 12744 11542 1202 20924 435 1781 1499 8117 762 201 561 7355 3676 3679 74 282 58
internal_count=55065 25453 29612 8628 6847 6412 16825 4081 3948 133 21495 21421 497 12744 11542 1202 20924 435 1781 1499 8117 762 201 561 7355 3676 3679 74 282 58
is_linear=0
shrinkage=0.05


Tree=34
num_leaves=30
num_cat=0
split_feature=16 16 16 4 10 0 16 6 16 12 16 12 14 0 4 12 16 14 14 12 12 11 16 4 0 10 7 8 7
split_gain=13.4962 3.09565 2.26919 0.861377 0.942599 0.843309 1.10248 0.983164 0.750273 0.69332 0.639783 0.743786 0.699435 0.669847 0.632014 0.620762 0.562648 0.532042 0.504567 0.497391 0.671056 0.756358 0.686981 0.489529 0.487842 0.436389 0.270046 0.262292 0.00504513
threshold=480.50000000000006 1313.5000000000002 120.50000000000001 1.5000000000000002 9.5000000000000018 2108.5000000000005 396.50000000000006 0.7593000000000002 1837.0000000000002 117.50000000000001 829.50000000000011 1648.5000000000002 54.500000000000007 47645.500000000007 15.500000000000002 1085.0000000000002 246.50000000000003 58.500000000000007 42.500000000000007 1492.0000000000002 1085.0000000000002 2.5000000000000004 114.50000000000001 3.5000000000000004 503308.00000000006 71.500000000000014 155.50000000000003 1.0000000180025095e-35 112.50000000000001
decision_type=2 2 2 2 2 2 2 2 2 2 2 2 2 2 2 2 2 2 2 2 2 2 2 2 2 2 2 2 2
left_child=2 10 19 4 8 6 9 -8 -3 -4 12 17 13 -2 23 16 -7 -12 -17 20 21 -1 -22 -5 -14 -6 27 -21 -13
right_child=1 3 5 14 25 15 7 -9 -10 -11 11 28 24 -15 -16 18 -18 -19 -20 26 22 -23 -24 -25 -26 -27 -28 -29 -30
leaf_value=-0.001193761972923271 0.0016754443521646177 0.0010982255685165533 0.0012675852318816119 0.0024869514207294628 0.00025435822194395068 -0.00067636101460286503 -0.00014303640207707728 0.0066523670649732032 0.0026786310437559792 -0.00095510350574878737 0.001232819500533236 0.0091836170174216768 0.00025874052602678157 4.8272512215032285e-05 -0.0096016317274015741 -0.008612479606142075 -0.00015040846354692739 -1.197652110167737e-05 -0.0018743691328057957 0.00049018561102376129 0.0042613072228268115 -0.0065189302451781079 -0.0069009945294038842 0.0043837644742851199 -0.0012204283187300662 -0.0038421197886127538 0.0052491621497799375 -0.0084740325440008559 0.0075232787854835259
leaf_weight=10811 1715 1451 758 1416 530 9178 87 137 1557 653 4704 21 6812 1002 9.9999999999999982 30 11402 1050 363 9.9999999999999982 96 67 15.999999999999998 448 607 74 4.9999999999999991 44 10.999999999999998
leaf_count=10811 1715 1451 758 1416 530 9178 87 137 1557 653 4704 21 6812 1002 10 30 11402 1050 363 10 96 67 16 448 607 74 5 44 11
internal_value=-2.19344e-08 0.00098147 -0.000624315 0.00200576 0.0015544 -0.000337301 0.000756381 0.00401419 0.00191634 0.000238947 0.000628534 0.00104803 0.000389062 0.00107538 0.0028756 -0.000422565 -0.000384968 0.00100567 -0.00239079 -0.00121158 -0.00118697 -0.00122662 0.00266196 0.00294305 0.000137705 -0.000248081 -0.00578652 -0.00681615 0.00863809
internal_weight=55065 21408 33657 5486 3612 22608 1635 224 3008 1411 15922 5786 10136 2717 1874 20973 20580 5754 393 11049 10990 10878 112 1864 7419 604 59 54 32
internal_count=55065 21408 33657 5486 3612 22608 1635 224 3008 1411 15922 5786 10136 2717 1874 20973 20580 5754 393 11049 10990 10878 112 1864 7419 604 59 54 32
is_linear=0
shrinkage=0.05


Tree=35
num_leaves=31
num_cat=0
split_feature=16 14 16 4 10 16 2 14 1 0 0 16 16 16 2 1 7 0 0 1 4 0 6 16 14 1 6 16 2 14
split_gain=12.2383 2.6853 2.1384 0.968298 0.841958 0.836539 0.835468 0.784287 1.15179 0.781244 0.770332 0.718621 0.950755 0.682147 0.645442 0.58983 0.57319 0.55999 0.639895 0.577222 0.566748 0.536019 0.530107 0.518149 0.512173 0.511142 0.31596 0.283567 0.157569 0.144799
threshold=594.50000000000011 42.500000000000007 1837.0000000000002 3.5000000000000004 3.5000000000000004 282.50000000000006 117351.00000000001 54.500000000000007 293635.50000000006 272610.50000000006 242137.00000000003 257.50000000000006 248.50000000000003 1262.5000000000002 2630.0000000000005 1858864.0000000002 3.5000000000000004 40413.000000000007 48448.000000000007 441418.00000000006 1.5000000000000002 566313.50000000012 0.82450000000000012 3880.0000000000005 20.500000000000004 3056908.0000000005 0.91885000000000006 396.50000000000006 33577.000000000007 38.500000000000007
decision_type=2 2 2 2 2 2 2 2 2 2 2 2 2 2 2 2 2 2 2 2 2 2 2 2 2 2 2 2 2 2
left_child=1 11 3 4 13 9 15 8 -7 10 -3 12 24 -2 -11 -5 -9 19 20 26 -19 -6 -21 -20 -1 -8 -4 28 -13 -14
right_child=2 5 17 6 21 7 25 16 -10 14 -12 27 29 -15 -16 -17 -18 18 23 22 -22 -23 -24 -25 -26 -27 -28 -29 -30 -31
leaf_value=-0.0018134259964468443 0.00076530176260809692 -0.00048912146048800311 0.0060605697448271037 0.0025883467538040375 0.00037227516907504881 0.0016649480760089941 -0.0008890829204357758 0.0027143397133588326 9.302729469776584e-05 -0.011810252581882542 0.0033091820100805609 -0.0066690528623134116 0.011119577745541681 0.0018386359812156182 -0.0021728929806585045 0.0064996077123463739 -0.00045542065057961844 -9.1175384027172076e-05 0.0016636858416362182 0.00096170549177075593 -0.0090791047276819452 -0.0011850825661478168 0.0036677788104721612 0.003961435919857109 -0.00096209806274019389 0.0031421176892115123 0.0029088525521651963 -0.0017155832006731108 -0.014395123856234635 0.0014746898566098776
leaf_weight=2155 7440 11189 220 691 2964 1416 269 146 6581 18 135 13.000000000000002 18.000000000000004 1848 437 112 5993 85 1536 332 22 679 398 292 9808 111 125 12.999999999999998 13.999999999999998 4.9999999999999991
leaf_count=2155 7440 11189 220 691 2964 1416 269 146 6581 18 135 13 18 1848 437 112 5993 85 1536 332 22 679 398 292 9808 111 125 13 14 5
internal_value=-2.09677e-08 -0.000500793 0.00110952 0.000851477 0.000726201 -0.000214244 0.00222065 4.50717e-05 0.000371379 -0.000525447 -0.000443811 -0.00111828 -0.00109591 0.000978877 -0.00255666 0.00313462 -0.000379993 0.00231941 0.00181092 0.00323445 -0.00194591 8.19827e-05 0.00243737 0.00203092 -0.00111547 0.000288969 0.00491982 -0.00780075 -0.0107135 0.00903832
internal_weight=55065 37941 17124 14114 12931 25915 1183 14136 7997 11779 11324 12026 11986 9288 455 803 6139 3010 1935 1075 107 3643 730 1828 11963 380 345 40 27 23
internal_count=55065 37941 17124 14114 12931 25915 1183 14136 7997 11779 11324 12026 11986 9288 455 803 6139 3010 1935 1075 107 3643 730 1828 11963 380 345 40 27 23
is_linear=0
shrinkage=0.05


Tree=36
num_leaves=31
num_cat=0
split_feature=16 16 16 16 4 7 14 1 1 9 15 14 2 2 2 16 10 4 16 16 6 14 1 7 14 9 16 12 15 2
split_gain=11.0865 3.00791 1.54984 0.940028 0.788121 0.775688 1.00973 0.958752 0.953302 0.841272 0.807335 0.729365 0.71833 0.883747 0.844736 1.25231 0.784021 0.603799 0.522984 0.499307 0.466474 0.334995 0.396399 0.357454 0.330277 0.578681 0.325702 0.350625 0.299417 0.113385
threshold=418.50000000000006 976.50000000000011 91.500000000000014 2486.0000000000005 3.5000000000000004 59.500000000000007 57.500000000000007 7012128.5000000009 7342690.0000000009 9.5000000000000018 1.5000000000000002 56.500000000000007 147587.00000000003 139914.00000000003 210899.00000000003 348.50000000000006 23.500000000000004 15.500000000000002 426.50000000000006 286.50000000000006 0.93100000000000016 3.5000000000000004 708475.50000000012 44.500000000000007 43.500000000000007 22.500000000000004 6730.0000000000009 39.500000000000007 1.5000000000000002 17750.000000000004
decision_type=2 2 2 2 2 2 2 2 2 2 2 2 2 2 2 2 2 2 2 2 2 2 2 2 2 2 2 2 2 2
left_child=2 5 21 4 11 7 10 9 -9 -2 -7 -3 13 16 19 -16 -4 -6 -8 -14 -15 22 23 -1 28 -26 27 -5 -23 -24
right_child=1 3 12 26 17 6 18 8 -10 -11 -12 -13 14 20 15 -17 -18 -19 -20 -21 -22 24 29 -25 25 -27 -28 -29 -30 -31
leaf_value=-0.00304540564161791 1.7001906979819525e-05 0.0020700840535929936 -0.00034134820147924713 -0.00053139931280022799 0.0031120839173865264 0.0036729070315227341 0.0058641779034720089 -0.0074904406221579919 -0.00049162622226653525 0.0012096551984562397 0.00019354960347085982 0.00085624482655511009 -0.0013944036878419095 0.0045459737301898539 -0.0010994741712625064 0.0020683299141841228 0.016276907752936994 -0.0092086641320792764 -0.0012754256920642036 -0.0035002501941849722 -0.0018356043907976256 -0.00059042564735990689 -0.007717230185244537 0.014323828376683535 0.0096247699166163349 -0.0073691779365566319 0.0051141616974991729 0.002685089311052216 -0.0013568222429846514 -0.003895080623191756
leaf_weight=6.9999999999999982 2043 1619 19381 91 668 172 26 52 736 5352 5337 5253 798 139 1558 390 6.9999999999999991 9.9999999999999982 1495 435 36 1591 33 5 17.000000000000004 6.9999999999999991 127 1223 6409 48
leaf_count=7 2043 1619 19381 91 668 172 26 52 736 5352 5337 5253 798 139 1558 390 7 10 1495 435 36 1591 33 5 17 7 127 1223 6409 48
internal_value=-1.96411e-08 0.000801087 -0.000628321 0.00152612 0.00130274 0.000372578 -1.26219e-05 0.000703498 -0.000954369 0.000880168 0.000302246 0.00114224 -0.000416641 -0.000303329 -0.00111347 -0.000465189 -0.000335264 0.00292903 -0.001153 -0.00213757 0.00323289 -0.00122144 -0.0042037 0.00425034 -0.00118682 0.00465819 0.00269637 0.00246231 -0.00120441 -0.00545985
internal_weight=55065 24204 30861 8991 7550 15213 7030 8183 788 7395 5509 6872 22744 19563 3181 1948 19388 678 1521 1233 175 8117 93 12 8024 24 1441 1314 8000 81
internal_count=55065 24204 30861 8991 7550 15213 7030 8183 788 7395 5509 6872 22744 19563 3181 1948 19388 678 1521 1233 175 8117 93 12 8024 24 1441 1314 8000 81
is_linear=0
shrinkage=0.05


Tree=37
num_leaves=30
num_cat=0
split_feature=16 16 16 4 13 8 10 9 12 12 16 0 16 1 12 6 1 2 16 6 7 6 0 12 9 8 2 1 10
split_gain=10.065 2.21429 1.77528 0.828535 0.780015 0.760912 0.733163 0.678649 0.66689 0.626768 0.764994 0.756628 0.584344 0.566943 0.556108 0.53192 0.517013 0.485561 0.470686 0.611252 0.52431 0.464383 0.361053 0.345148 0.2444 0.216143 0.147618 0.098824 0.0805654
threshold=594.50000000000011 175.50000000000003 1837.0000000000002 3.5000000000000004 1.0000000180025095e-35 6.5000000000000009 3.5000000000000004 217.50000000000003 1492.0000000000002 329.50000000000006 120.50000000000001 143744.50000000003 1262.5000000000002 507801.00000000006 49.500000000000007 1.1175000000000004 441418.00000000006 3715.5000000000005 392.50000000000006 0.71945000000000003 2.5000000000000004 0.85950000000000004 40413.000000000007 107.50000000000001 150.50000000000003 1.0000000180025095e-35 82421.500000000015 3404403.5000000005 1.0000000180025095e-35
decision_type=2 2 2 2 2 2 2 2 2 2 2 2 2 2 2 2 2 2 2 2 2 2 2 2 2 2 2 2 2
left_child=1 8 3 6 7 18 12 -5 9 11 -11 -1 -2 23 -8 16 22 -18 20 -20 -3 -15 -4 -7 25 -10 -17 -28 -6
right_child=2 5 15 4 28 13 14 -9 24 10 -12 -13 -14 21 -16 26 17 -19 19 -21 -22 -23 -24 -25 -26 -27 27 -29 -30
leaf_value=-0.00092250549454259969 0.00069331108849504544 0.0016579306454338246 0.0045867941542639219 0.0030346486403217601 -0.0022330494129685994 0.0060164128092536889 0.0020616615051226301 0.00028963254338183986 0.00058071702110147714 -0.00073394749933520208 0.0012114236074567681 -0.0026218566271416256 0.0016867237728318595 -0.0043814571757638089 -0.00013604073107919811 0.0027995676145697317 -0.0017731772964535845 0.0020316955332291891 -0.00065332210220234816 0.00045022223731284094 -0.0003059249290556562 -0.0014030759854279343 0.0020312998386515825 -0.00021447281524701844 0.0051056367217325697 -0.007325695240176424 -0.0036601874432583615 0.0015041265166826079 -0.0065280583836299522
leaf_weight=12900 7440 349 345 830 21 25 315 309 9.9999999999999982 1612 736 690 1848 207 3328 13.999999999999998 87 2265 1562 6379 12853 356 231 194 4.9999999999999991 63 57 10.999999999999998 23
leaf_count=12900 7440 349 345 830 21 25 315 309 10 1612 736 690 1848 207 3328 14 87 2265 1562 6379 12853 356 231 194 5 63 57 11 23
internal_value=-1.67949e-08 -0.000454153 0.00100619 0.000771079 0.00203759 -0.000127684 0.000655196 0.00229004 -0.000901067 -0.000878475 -0.000124129 -0.0010088 0.000890983 -0.00165919 5.40398e-05 0.00210859 0.00221983 0.00189088 -7.10322e-05 0.000233149 -0.000253997 -0.00249873 0.00356246 0.000499237 -0.00551021 -0.00624331 -0.00186147 -0.0028238 -0.00448788
internal_weight=55065 37941 17124 14114 1183 21925 12931 1139 16016 15938 2348 13590 9288 782 3643 3010 2928 2352 21143 7941 13202 563 576 219 78 73 82 68 44
internal_count=55065 37941 17124 14114 1183 21925 12931 1139 16016 15938 2348 13590 9288 782 3643 3010 2928 2352 21143 7941 13202 563 576 219 78 73 82 68 44
is_linear=0
shrinkage=0.05


Tree=38
num_leaves=31
num_cat=0
split_feature=16 14 16 4 0 4 11 16 16 16 14 1 0 0 9 11 14 7 7 7 1 0 4 0 9 16 6 14 1 7
split_gain=9.08365 2.03846 1.60222 0.747725 0.712994 0.714951 0.704184 0.663757 0.848139 0.635099 0.743931 1.02443 0.681691 0.708025 0.612487 0.570427 0.53771 0.522297 0.493799 1.05104 0.520772 0.462563 0.458057 0.400718 0.387424 0.253264 0.251597 0.130804 0.0798418 0.0797146
threshold=594.50000000000011 42.500000000000007 1837.0000000000002 3.5000000000000004 5456.0000000000009 1.5000000000000002 1.5000000000000002 257.50000000000006 248.50000000000003 282.50000000000006 54.500000000000007 293635.50000000006 272610.50000000006 242137.00000000003 217.50000000000003 4.5000000000000009 55.500000000000007 3.5000000000000004 104.50000000000001 121.50000000000001 755677.50000000012 42716.000000000007 15.500000000000002 124751.00000000001 20.500000000000004 396.50000000000006 0.87535000000000018 38.500000000000007 1561493.0000000002 48.500000000000007
decision_type=2 2 2 2 2 2 2 2 2 2 2 2 2 2 2 2 2 2 2 2 2 2 2 2 2 2 2 2 2 2
left_child=1 7 3 4 5 -2 14 8 21 12 11 -11 13 -3 -5 -6 -14 -12 20 26 23 -1 -21 -4 -22 29 -20 -10 -27 -9
right_child=2 9 18 6 15 -7 -8 25 27 10 17 -13 16 -15 -16 -17 -18 -19 19 22 24 -23 -24 -25 -26 28 -28 -29 -30 -31
leaf_value=-0.00081423209177542344 0.0025181815720953711 -0.0004201229503615632 0.003972169060493475 0.0028829344494544513 0.00047615902334645122 -0.00050495408437808964 -0.0042644790194235963 -0.0076225777110393265 0.010601886337139328 0.0015819227593746989 0.0025839502891317817 9.9453397195248966e-05 -0.0021184598282949509 0.0032213280283946606 0.0002751556801341085 0.0042480945012105661 -0.015119845346536166 -0.00044182143024270654 -0.0069238150618083985 0.0018365410678358807 0.00072789636786116591 -0.0016016494888161912 -0.0088533685717842366 -0.0012465772764457157 0.0028359649738544479 0.0032756819444544187 -0.0017394410496720603 0.0014341300645587494 -0.0047159417946305536 -0.013207746538803106
leaf_weight=9651 861 11189 635 830 11716 253 44 15.000000000000002 18.000000000000004 1416 146 6581 447 135 309 101 7.9999999999999991 5993 31 1327 421 2312 9.9999999999999982 39 452 4.9999999999999973 95 4.9999999999999991 8 11.999999999999998
leaf_count=9651 861 11189 635 830 11716 253 44 15 18 1416 146 6581 447 135 309 101 8 5993 31 1327 421 2312 10 39 452 5 95 5 8 12
internal_value=-1.57023e-08 -0.000431446 0.000955885 0.000732524 0.000622438 0.00183162 0.00193569 -0.000969442 -0.000947948 -0.000181783 4.41641e-05 0.000361965 -0.00045294 -0.000376683 0.00217555 0.000508433 -0.00235033 -0.00036982 0.00200317 0.00134448 0.00262597 -0.000966423 0.00175593 0.00367005 0.00181956 -0.00739172 -0.00301944 0.00862373 -0.0016407 -0.0101445
internal_weight=55065 37941 17124 14114 12931 1114 1183 12026 11986 25915 14136 7997 11779 11324 1139 11817 455 6139 3010 1463 1547 11963 1337 674 873 40 126 23 13 27
internal_count=55065 37941 17124 14114 12931 1114 1183 12026 11986 25915 14136 7997 11779 11324 1139 11817 455 6139 3010 1463 1547 11963 1337 674 873 40 126 23 13 27
is_linear=0
shrinkage=0.05


Tree=39
num_leaves=31
num_cat=0
split_feature=14 4 12 5 7 12 2 14 2 14 10 8 0 7 10 7 1 7 1 14 14 1 7 8 1 12 12 1 5 0
split_gain=5.47513 1.22979 0.80198 1.12745 1.02129 0.853762 1.07101 0.716255 0.668645 0.655956 0.615586 0.61459 0.590139 0.573681 0.463335 0.453012 0.746912 0.490104 0.391398 0.296732 0.288254 0.35661 0.329399 0.284824 0.260124 0.405107 0.313211 0.242005 0.214713 0.203282
threshold=47.500000000000007 3.5000000000000004 12.500000000000002 25626.500000000004 4.5000000000000009 39.500000000000007 18386.000000000004 28.500000000000004 14128.000000000002 56.500000000000007 1.5000000000000002 5.5000000000000009 650623.00000000012 69.500000000000014 4.5000000000000009 14.500000000000002 599907.00000000012 227.50000000000003 26230263.000000004 54.500000000000007 8.5000000000000018 587513.00000000012 44.500000000000007 3.5000000000000004 6140.0000000000009 347.50000000000006 4.5000000000000009 6649835.0000000009 93040.000000000015 29235.000000000004
decision_type=2 2 2 2 2 2 2 2 2 2 2 2 2 2 2 2 2 2 2 2 2 2 2 2 2 2 2 2 2 2
left_child=7 2 3 4 -2 6 -4 20 23 -7 11 13 14 -9 -10 16 -12 -17 -13 -5 21 22 -1 29 25 -22 -26 -14 -23 -3
right_child=1 8 5 19 -6 9 -8 10 12 -11 15 18 27 -15 -16 17 -18 -19 -20 -21 24 28 -24 -25 26 -27 -28 -29 -30 -31
leaf_value=-0.0015423345062775008 0.0052467132012722125 0.0071783006398744229 0.00031988909133237771 -0.0018889053551653587 0.0013506457130240805 0.0001240676571125702 -0.0014083604615121573 -0.00041033411821939883 0.00085766763193975541 0.00060626039888192376 -0.011876687325619081 -0.0027493010546972025 -0.001842921498358224 0.0008234410282017536 0.0023027258082446694 -0.0014559635575149997 0.0030245050414841337 0.00035620654883314871 0.0064094071853751976 0.0018552243146862078 0.0045523493104732355 -0.003907523703857275 0.0051901305449150864 -0.001973981307890579 -0.0032081682470254283 -0.0091993855776020851 -0.0010311691571956746 -0.0091515705980201988 0.00055113337018165083 0.0022658148294001103
leaf_weight=85 250 78 1858 226 514 19168 1732 8165 1765 11159 8.9999999999999982 330 58 1065 809 2954 111 427 11.999999999999998 69 7.0000000000000027 268 23 12.999999999999998 173 22 3642 13.999999999999998 30 29
leaf_count=85 250 78 1858 226 514 19168 1732 8165 1765 11159 9 330 58 1065 809 2954 111 427 12 69 7 268 23 13 173 22 3642 14 30 29
internal_value=-1.73717e-08 0.000337758 0.000257493 0.00161239 0.00262606 0.000215184 -0.000513923 -0.000735934 0.00135266 0.000301495 -0.000552611 -0.000345103 0.00118699 -0.000267968 0.00131192 -0.00111993 0.00189796 -0.00122709 -0.00242616 -0.00101283 -0.00129981 -0.0025668 -0.000105094 0.00500168 -0.00116593 -0.00587576 -0.00112997 -0.00327477 -0.00345863 0.00585024
internal_weight=55065 37742 34976 1059 764 33917 3590 17323 2766 30327 13073 9572 2646 9230 2574 3501 120 3381 342 295 4250 406 108 120 3844 29 3815 72 298 107
internal_count=55065 37742 34976 1059 764 33917 3590 17323 2766 30327 13073 9572 2646 9230 2574 3501 120 3381 342 295 4250 406 108 120 3844 29 3815 72 298 107
is_linear=0
shrinkage=0.05


Tree=40
num_leaves=31
num_cat=0
split_feature=16 16 16 14 8 1 14 0 5 5 1 5 7 0 5 14 0 1 8 12 3 0 16 1 14 7 0 1 7 0
split_gain=7.88785 2.22361 1.00752 0.883981 1.05622 0.805264 0.640933 0.759253 0.640314 0.972836 0.639186 1.13486 0.731256 0.628495 0.621065 0.543532 0.509845 0.460134 0.468488 0.441679 0.410344 0.353527 0.411375 0.351475 0.349484 0.341418 0.383513 0.29102 0.133171 0.146618
threshold=746.50000000000011 246.50000000000003 2319.0000000000005 56.500000000000007 1.5000000000000002 226694.00000000003 23.500000000000004 65166.500000000007 206724.50000000003 187443.50000000003 1089086.0000000002 75988.500000000015 12.500000000000002 69658.500000000015 8525.0000000000018 54.500000000000007 23964.500000000004 4494125.5000000009 1.0000000180025095e-35 4.5000000000000009 1.0000000180025095e-35 8008.5000000000009 4602.5000000000009 2735295.0000000005 58.500000000000007 232.50000000000003 17042.500000000004 9342840.0000000019 104.50000000000001 6678.5000000000009
decision_type=2 2 2 2 2 2 2 2 2 2 2 2 2 2 2 2 2 2 2 2 2 2 2 2 2 2 2 2 2 2
left_child=1 6 3 4 5 -2 25 16 9 15 11 -5 -12 -9 -6 -3 -8 19 -19 -10 -11 28 23 -23 -24 26 -1 -27 -4 -30
right_child=2 8 21 10 14 -7 7 13 17 20 12 -13 -14 -15 -16 -17 -18 18 -20 -21 -22 22 24 -25 -26 27 -28 -29 29 -31
leaf_value=-0.0010269950799702478 0.0058647683182531975 0.0002972061992334867 0.0047217127886550079 0.0013121552422609981 0.0010613651662740899 0.0021921024215059578 -0.00062325732231976398 -0.004008384759931166 -0.0080212544835074825 0.012213337956805816 -0.0016948874520331292 -0.0052623362122547722 0.00044506460837440864 -0.0010653171435724418 -0.0027249214238609367 -0.00021987214288835203 4.8779476773038226e-06 0.0016339877504265466 -0.004835190901498386 6.4953689933346293e-05 0.0036086579010167585 0.0021465471997890099 0.0050718166019295685 0.0004004160890885381 0.001282982037805504 0.00090239596955602017 -0.0022586173237585782 0.010913479407983168 -0.0047696872073927036 0.0035690885285433651
leaf_weight=1791 170 10986 167 3020 1836 1221 9957 191 18 19 442 67 4115 3581 115 9457 4782 34 157 252 51 900 173 424 94 36 977 8.9999999999999982 8 15
leaf_count=1791 170 10986 167 3020 1836 1221 9957 191 18 19 442 67 4115 3581 115 9457 4782 34 157 252 51 900 173 424 94 36 977 9 8 15
internal_value=-1.72871e-08 -0.00032879 0.00108923 0.00091037 0.00158867 0.00264134 -0.000688328 -0.000581463 3.67483e-05 7.81677e-05 0.000613795 0.0011693 0.00023747 -0.00121445 0.000838058 5.80041e-05 -0.000419463 -0.0018059 -0.00368336 -0.000476897 0.0059583 0.00219238 0.0019487 0.00158744 0.0037389 -0.00139151 -0.00146178 0.00292437 0.0042307 0.000660553
internal_weight=55065 42298 12767 10986 3342 1391 21324 18511 20974 20513 7644 3087 4557 3772 1951 20443 14739 461 191 270 70 1781 1591 1324 267 2813 2768 45 190 23
internal_count=55065 42298 12767 10986 3342 1391 21324 18511 20974 20513 7644 3087 4557 3772 1951 20443 14739 461 191 270 70 1781 1591 1324 267 2813 2768 45 190 23
is_linear=0
shrinkage=0.05


Tree=41
num_leaves=31
num_cat=0
split_feature=16 16 14 5 14 16 5 10 7 14 16 9 7 2 9 2 10 9 6 2 7 6 8 16 16 2 10 14 4 2
split_gain=7.16163 1.77955 1.16635 0.767969 0.601344 0.662156 0.594236 0.840915 0.565856 0.902437 0.970554 0.822053 0.58389 0.538982 0.866816 0.778646 0.722857 0.687168 0.529196 0.443225 0.68052 0.470065 0.428348 0.40843 0.754339 0.371773 0.367609 0.314481 0.209098 0.103432
threshold=480.50000000000006 1099.5000000000002 40.500000000000007 64565.500000000007 56.500000000000007 1998.0000000000002 118296.50000000001 1.0000000180025095e-35 63.500000000000007 57.500000000000007 1028.5000000000002 57.500000000000007 112.50000000000001 147587.00000000003 166.50000000000003 139914.00000000003 17.500000000000004 236.50000000000003 1.2550000000000001 154793.00000000003 140.50000000000003 0.93100000000000016 4.5000000000000009 257.50000000000006 248.50000000000003 65249.000000000007 7.5000000000000009 53.500000000000007 1.5000000000000002 51789.000000000007
decision_type=2 2 2 2 2 2 2 2 2 2 2 2 2 2 2 2 2 2 2 2 2 2 2 2 2 2 2 2 2 2
left_child=2 8 19 4 25 -6 27 -8 11 12 -11 18 -10 15 22 16 -4 -16 -2 23 28 -22 -15 24 -1 -3 -17 -5 -21 -13
right_child=1 3 13 6 5 -7 7 -9 9 10 -12 29 -14 14 17 26 -18 -19 -20 20 21 -23 -24 -25 -26 -27 -28 -29 -30 -31
leaf_value=-0.00083083299844686315 0.00066695247741736666 0.0030937174230898979 -0.00019008501928152873 0.0042987650528818642 0.00083674604491559368 0.0019778354278305811 0.0032281510319351991 -0.0018329307878828045 -0.000325160777231345 -0.0013911628049012436 0.0022526916354942863 0.0046664061242932672 0.00083766627147124646 -0.0014607603204934605 0.00083926916563300332 0.0017740417987611335 0.014749707332179871 -0.00096542587808936078 -0.0053191008611087687 -0.0070365373151516381 -0.0024202347906161874 0.0016251345081767497 -0.0042944343805886619 -0.0087802321565126334 0.0082152516226328548 0.0013987299257567267 0.0069427460300065819 -0.0045542941372982045 -0.0020387593501005521 0.010714328882584605
leaf_weight=9907 7709 817 19417 10.999999999999998 3543 1983 148 184 1734 1500 208 10.999999999999998 2860 1344 941 128 7.9999999999999991 1200 37 84 268 98 148 15.999999999999998 23 536 47 106 28 21
leaf_count=9907 7709 817 19417 11 3543 1983 148 184 1734 1500 208 11 2860 1344 941 128 8 1200 37 84 268 98 148 16 23 536 47 106 28 21
internal_value=-1.44948e-08 0.000714953 -0.00045478 0.00134684 0.00147761 0.00124625 -0.00065653 0.000423507 0.000386076 3.39331e-05 -0.000947309 0.000671389 0.000398761 -0.000257622 -0.000816984 -0.000153936 -0.000183856 -0.000172235 0.000638291 -0.000894201 -0.0023813 -0.0013369 -0.00174212 -0.000822708 -0.000809798 0.00242239 0.00316538 -0.003719 -0.00579003 0.00865637
internal_weight=55065 21408 33657 7328 6879 5526 449 332 14080 6302 1708 7778 4594 23233 3633 19600 19425 2141 7746 10424 478 366 1492 9946 9930 1353 175 117 112 32
internal_count=55065 21408 33657 7328 6879 5526 449 332 14080 6302 1708 7778 4594 23233 3633 19600 19425 2141 7746 10424 478 366 1492 9946 9930 1353 175 117 112 32
is_linear=0
shrinkage=0.05


Tree=42
num_leaves=31
num_cat=0
split_feature=16 16 16 0 1 1 1 1 0 6 4 1 4 8 2 8 5 6 0 0 2 2 9 2 9 2 9 16 8 4
split_gain=6.50347 1.9793 0.822058 0.756126 0.9099 1.69024 1.0943 0.735661 0.638143 0.711315 0.570481 0.542073 0.535569 0.931194 0.790487 0.476704 0.413561 0.405156 0.316153 0.459804 0.402293 0.628699 0.452519 0.365095 0.280888 0.24621 0.242826 0.194946 0.0697706 0.065422
threshold=392.50000000000006 1099.5000000000002 91.500000000000014 6068.5000000000009 455115.00000000006 507801.00000000006 293635.50000000006 366491.50000000006 14543.000000000002 0.7732500000000001 11.500000000000002 339206.00000000006 2.5000000000000004 3.5000000000000004 14128.000000000002 5.5000000000000009 201024.50000000003 0.84710000000000008 68091.500000000015 70919.500000000015 113000.50000000001 137733.00000000003 96.500000000000014 189634.00000000003 199.50000000000003 222423.00000000003 17.500000000000004 2376.0000000000005 5.5000000000000009 5.5000000000000009
decision_type=2 2 2 2 2 2 2 2 2 2 2 2 2 2 2 2 2 2 2 2 2 2 2 2 2 2 2 2 2 2
left_child=2 3 18 4 6 -6 -2 11 27 -10 15 24 13 -5 -14 16 -4 -17 20 26 22 -22 -1 -21 -3 28 -20 -9 -12 -13
right_child=1 7 10 12 5 -7 -8 8 9 -11 25 29 14 -15 -16 17 -18 -19 19 23 21 -23 -24 -25 -26 -27 -28 -29 -30 -31
leaf_value=-0.00084927725334722846 0.0014495918281066009 0.0022828324624570911 -0.00024094322798161135 0.00027266498725656848 -0.0098700688739814576 0.00068688781055349017 0.0056804517116205034 0.0018935659772200018 -0.00027792779505807604 0.0011449933965684664 -0.0044518209666287497 0.0068778783870467684 0.0045880578273174745 -0.00078338484837058193 0.00068720367741273761 -0.0028407116393252265 -0.0018566005889580309 -0.00071389167193724155 -0.0030183728289971418 -0.0011775630335458948 0.0029601296645321643 -0.00080313411295009616 -0.0031051377791434572 -0.0044522551542970938 -0.0010243782625915198 -0.010196372873861319 -0.010546851296365531 0.0036864600565125194 -0.00080030547705159264 0.0029824617183731713
leaf_weight=6578 618 1134 19960 11546 39 1251 203 696 1123 4030 38 70 140 2548 1780 322 404 735 21 691 175 303 230 97 68 15.999999999999998 22 194 20 12.999999999999998
leaf_count=6578 618 1134 19960 11546 39 1251 203 696 1123 4030 38 70 140 2548 1780 322 404 735 21 691 175 303 230 97 68 16 22 194 20 13
internal_value=-1.13464e-08 0.000586084 -0.00050379 0.000305725 0.00119518 0.000366984 0.00249628 0.00127951 0.00104846 0.000834895 -0.000341898 0.00236589 0.000188468 8.17416e-05 0.000971865 -0.000326747 -0.000273005 -0.001362 -0.000932493 -0.00185646 -0.000827086 0.000574961 -0.000925533 -0.00158118 0.00209567 -0.00472149 -0.00688569 0.00228475 -0.00319622 0.00627208
internal_weight=55065 25453 29612 18125 2111 1290 821 7328 6043 5153 21495 1285 16014 14094 1920 21421 20364 1057 8117 831 7286 478 6808 788 1202 74 43 890 58 83
internal_count=55065 25453 29612 18125 2111 1290 821 7328 6043 5153 21495 1285 16014 14094 1920 21421 20364 1057 8117 831 7286 478 6808 788 1202 74 43 890 58 83
is_linear=0
shrinkage=0.05


Tree=43
num_leaves=29
num_cat=0
split_feature=14 4 12 5 7 12 2 2 8 14 1 12 2 0 0 5 5 1 0 1 6 2 6 14 14 14 5 1
split_gain=3.67913 1.03795 0.723873 0.97592 0.915778 0.74891 0.936582 0.60751 0.549173 0.61103 0.692281 0.976594 0.625002 0.547452 0.467508 0.465067 0.431193 0.411193 0.508286 0.377885 0.371606 0.349812 0.543848 0.334876 0.286606 0.260852 0.227649 0.215216
threshold=47.500000000000007 3.5000000000000004 12.500000000000002 25626.500000000004 4.5000000000000009 39.500000000000007 18386.000000000004 24590.500000000004 4.5000000000000009 20.500000000000004 3463563.5000000005 435.50000000000006 732.00000000000011 6266.0000000000009 650623.00000000012 77597.000000000015 4759.0000000000009 2194290.0000000005 148602.50000000003 1233075.0000000002 0.96070000000000011 15511.500000000002 0.85345000000000015 53.500000000000007 3.5000000000000004 54.500000000000007 22280.500000000004 6649835.0000000009
decision_type=2 2 2 2 2 2 2 2 2 2 2 2 2 2 2 2 2 2 2 2 2 2 2 2 2 2 2 2
left_child=8 2 3 4 -2 6 -4 17 9 21 12 -12 -11 -7 20 16 19 23 -19 -10 -9 24 -23 -3 -1 -5 -18 -16
right_child=1 7 5 25 -6 13 -8 14 15 10 11 -13 -14 -15 27 -17 26 18 -20 -21 -22 22 -24 -25 -26 -27 -28 -29
leaf_value=-0.006336976663583533 0.0049150380929589418 0.005452713701232131 0.00025980387023694139 -0.0017734769268261251 0.0012257375072765898 0.00082748626023333163 -0.0013563533914193236 0.00085215345960879701 -0.0023207751500966098 -0.0063322649900733503 -0.0011749515873324887 0.001856747446174512 -0.00015365904043603622 0.00016646227078588097 -0.0017364639740777097 0.01351204719029221 -0.011756768807867506 -0.012432280272900404 0.0011091774803205455 -0.00064136442674487116 0.0037459877329476081 0.00045487901782175361 -0.001818098207451554 0.0023886048062490371 -0.0018533047787935117 0.0017370027345072821 -0.0035048053058654226 -0.0086287209063979752
leaf_weight=37 250 127 1858 226 514 3547 1732 2112 665 41 3715 286 9892 26780 58 4.9999999999999991 14.999999999999998 8.9999999999999982 29 675 117 515 538 300 920 69 19 13.999999999999998
leaf_count=37 250 127 1858 226 514 3547 1732 2112 665 41 3715 286 9892 26780 58 5 15 9 29 675 117 515 538 300 920 69 19 14
internal_value=-1.2759e-08 0.000276875 0.000203136 0.00149037 0.00243345 0.00016294 -0.000519929 0.00120926 -0.000603272 -0.000520472 -0.000402905 -0.000958198 -0.000179226 0.000243777 0.000876074 -0.0015605 -0.00161633 0.00285746 -0.00212222 -0.00147491 0.00100421 -0.00133543 -0.000706496 0.00330101 -0.0020273 -0.000952071 -0.00716918 -0.00308673
internal_weight=55065 37742 34976 1059 764 33917 3590 2766 17323 15944 13934 4001 9933 30327 2301 1379 1374 465 38 1340 2229 2010 1053 427 957 295 34 72
internal_count=55065 37742 34976 1059 764 33917 3590 2766 17323 15944 13934 4001 9933 30327 2301 1379 1374 465 38 1340 2229 2010 1053 427 957 295 34 72
is_linear=0
shrinkage=0.05


Tree=44
num_leaves=31
num_cat=0
split_feature=16 16 16 14 8 6 1 0 14 1 14 12 0 5 16 10 1 16 1 10 12 14 16 0 1 14 0 2 2 0
split_gain=5.76718 1.51645 0.774487 0.751422 0.946395 0.810891 0.705438 0.600907 0.588893 0.84792 0.76551 0.561284 0.548902 0.548623 0.537246 0.566397 0.53476 0.500801 0.773438 0.448353 0.372386 0.347604 0.284814 0.365533 0.302246 0.300919 0.256263 0.248027 0.183089 0.123041
threshold=746.50000000000011 282.50000000000006 2319.0000000000005 56.500000000000007 1.5000000000000002 1.0458500000000002 226694.00000000003 771770.50000000012 54.500000000000007 358198.50000000006 47.500000000000007 110.50000000000001 385304.50000000006 36.500000000000007 61.500000000000007 1.5000000000000002 19196259.500000004 422.50000000000006 9166093.0000000019 10.500000000000002 37.500000000000007 55.500000000000007 4602.5000000000009 8008.5000000000009 2735295.0000000005 58.500000000000007 508.50000000000006 81228.000000000015 14128.000000000002 613046.50000000012
decision_type=2 2 2 2 2 2 2 2 2 2 2 2 2 2 2 2 2 2 2 2 2 2 2 2 2 2 2 2 2 2
left_child=1 12 3 4 6 -6 -2 11 9 13 -11 -5 14 -3 26 -16 21 18 -10 -19 -9 -14 23 27 -25 28 -1 -4 -24 -18
right_child=2 8 22 7 5 -7 -8 20 17 10 -12 -13 16 -15 15 -17 29 19 -20 -21 -22 -23 25 24 -26 -27 -28 -29 -30 -31
leaf_value=-0.0026834773711031609 0.0054133617360093388 0.001686969542249955 0.0041837775094667592 5.7931279864816351e-05 0.00089752145001640313 -0.0043024533074533999 0.0019759069733700269 -0.0055611376297237652 -0.0013643307814962702 -0.0030943705823849366 0.00018910431476650883 0.00097765326363011989 -0.0034670014381068936 -0.00078163677787733356 -0.00021668244359413598 -0.00081866455734071241 5.2377036403827723e-05 -0.00017532145786713753 0.0013780173330686979 0.0010055948444828067 -0.00068176899710343153 -0.016696778436501823 0.009800349590399408 0.0018585259927289242 0.00023933179775115882 0.0010449801671628494 -0.00090715284976575173 -0.0047854140032956641 0.0040467963413405869 0.0074177794762751992
leaf_weight=212 170 1524 167 2669 1873 78 1221 42 1635 182 7043 4383 200 264 12971 5592 10.000000000000002 6658 305 914 550 4.9999999999999991 14.999999999999998 900 424 94 4770 7.9999999999999991 173 12.999999999999998
leaf_count=212 170 1524 167 2669 1873 78 1221 42 1635 182 7043 4383 200 264 12971 5592 10 6658 305 914 550 5 15 900 424 94 4770 8 173 13
internal_value=-1.42392e-08 -0.000281139 0.000931367 0.000774554 0.00139993 0.000689419 0.00239637 0.00050112 5.80077e-05 0.000347614 0.000106351 0.000629568 -0.000545416 0.00132245 -0.000521766 -0.00039803 -0.0029864 -0.000216406 -0.00093314 -3.27642e-05 -0.00102882 -0.00379766 0.00189856 0.00162411 0.00134005 0.00335632 -0.000982793 0.00377126 0.00451082 0.00422952
internal_weight=55065 42298 12767 10986 3342 1951 1391 7644 18525 9013 7225 7052 23773 1788 23545 18563 228 9512 1940 7572 592 205 1781 1499 1324 282 4982 175 188 23
internal_count=55065 42298 12767 10986 3342 1951 1391 7644 18525 9013 7225 7052 23773 1788 23545 18563 228 9512 1940 7572 592 205 1781 1499 1324 282 4982 175 188 23
is_linear=0
shrinkage=0.05


Tree=45
num_leaves=31
num_cat=0
split_feature=14 4 14 14 6 9 9 5 12 12 12 14 12 1 2 7 5 12 4 12 8 9 14 2 8 8 2 8 5 2
split_gain=3.06105 0.738291 0.87237 1.29138 1.02018 0.86644 0.531802 0.512519 0.512489 0.504889 0.495046 1.05307 0.818708 0.568109 0.567835 0.561568 0.541667 0.38173 0.694962 0.472817 0.345725 0.233731 0.249292 0.236698 0.202178 0.192331 0.254792 0.160765 0.124388 0.0285421
threshold=42.500000000000007 2.5000000000000004 43.500000000000007 49.500000000000007 0.78055000000000019 14.500000000000002 32.500000000000007 213726.00000000003 1492.0000000000002 27.500000000000004 12.500000000000002 45.500000000000007 48.500000000000007 366491.50000000006 18386.000000000004 63.500000000000007 215678.00000000003 280.50000000000006 4.5000000000000009 104.50000000000001 1.5000000000000002 1.5000000000000002 41.500000000000007 1035.0000000000002 1.0000000180025095e-35 1.0000000180025095e-35 10905.500000000002 1.5000000000000002 408008.50000000006 19305.000000000004
decision_type=2 2 2 2 2 2 2 2 2 2 2 2 2 2 2 2 2 2 2 2 2 2 2 2 2 2 2 2 2 2
left_child=7 10 6 4 -4 -5 29 8 17 21 11 16 14 -13 -12 -14 -2 19 -19 -1 -8 22 -9 -23 -10 28 -27 -26 -11 -3
right_child=1 2 3 5 -6 -7 20 9 24 25 12 13 15 -15 -16 -17 -18 18 -20 -21 -22 23 -24 -25 27 26 -28 -29 -30 -31
leaf_value=-0.00051713845543422299 -0.0022993132330684798 -0.0045757936313748377 0.0020222783416146617 -0.0036477286818719333 -0.0022946868919838663 0.0010783043585388182 0.014644821677704034 -0.0017056584126279332 0.0035718932869981549 -0.010581549775508261 4.7036442385984787e-05 0.0040435803709289279 0.00038346840138731757 0.0010467839790602772 -0.00094009118718578304 -4.7912918311890659e-05 -0.013481163042635958 -0.00021376172503345458 0.0044759407691401182 -0.001258068583274484 0.0059657776546993106 0.0054398744468581624 -0.0082233272471100276 -0.0020512392991597619 -0.0090424427577105171 0.0054155979916209081 -0.0059079448986760728 -0.0037124952093171926 -0.0031019412243450195 -0.00023357393127856866
leaf_weight=6290 104 5.9999999999999973 180 99 570 4544 15.999999999999998 104 5.9999999999999991 29 2842 188 16628 994 2989 13810 11.999999999999998 2090 82 3274 41 21 17 21 25 5.9999999999999991 27 33 6.9999999999999991 10
leaf_count=6290 104 6 180 99 570 4544 16 104 6 29 2842 188 16628 994 2989 13810 12 2090 82 3274 41 21 17 21 25 6 27 33 7 10
internal_value=-1.38297e-08 0.000197109 0.000740043 0.000666489 -0.00125848 0.000977458 0.00616558 -0.000705027 -0.000659254 -0.00303186 0.00011811 0.00107752 8.37717e-05 0.00152373 -0.000458978 0.000187747 -0.00346667 -0.000634896 -3.65124e-05 -0.000770788 0.00842338 -0.00151243 -0.0026274 0.00169834 -0.00511795 -0.00661385 -0.00383898 -0.0060215 -0.0091398 -0.00188021
internal_weight=55065 43033 5466 5393 750 4643 73 12032 11800 232 37567 1298 36269 1182 5831 30438 116 11736 2172 9564 57 163 121 42 64 69 33 58 36 16
internal_count=55065 43033 5466 5393 750 4643 73 12032 11800 232 37567 1298 36269 1182 5831 30438 116 11736 2172 9564 57 163 121 42 64 69 33 58 36 16
is_linear=0
shrinkage=0.05


Tree=46
num_leaves=31
num_cat=0
split_feature=14 14 1 1 12 0 1 12 10 7 6 5 12 12 9 7 2 12 2 14 1 1 15 14 12 1 8 8 14 0
split_gain=2.76267 0.710426 0.705343 0.653164 0.767507 0.649337 0.768673 0.634553 0.632133 0.935924 0.487555 0.462731 0.462678 0.461146 0.447765 0.41892 0.843899 0.781812 0.354147 0.948236 0.482956 0.207552 0.434819 0.197428 0.18414 0.161069 0.210716 0.127581 0.0859347 0.0603848
threshold=42.500000000000007 56.500000000000007 2502736.5000000005 4882567.5000000009 891.50000000000011 1358.5000000000002 22123436.000000004 117.50000000000001 3.5000000000000004 85.500000000000014 1.2750000000000001 213726.00000000003 1492.0000000000002 72.500000000000014 44.500000000000007 1.5000000000000002 9718.0000000000018 35.500000000000007 12610.000000000002 20.500000000000004 434368.00000000006 611305.50000000012 1.5000000000000002 41.500000000000007 1944.0000000000002 5873056.5000000009 1.0000000180025095e-35 1.5000000000000002 31.500000000000004 1223.5000000000002
decision_type=2 2 2 2 2 2 2 2 2 2 2 2 2 2 2 2 2 2 2 2 2 2 2 2 2 2 2 2 2 2
left_child=11 5 8 14 -5 6 7 -2 10 -10 -3 12 18 21 -4 16 -7 -17 19 -1 -20 22 -13 -23 27 26 -15 -14 -26 -8
right_child=1 2 3 4 -6 15 29 -9 9 -11 -12 13 24 25 -16 17 -18 -19 20 -21 -22 23 -24 -25 28 -27 -28 -29 -30 -31
leaf_value=-0.0017291892101147319 0.0022196817315043261 0.0010587026353921975 0.00032343929400699352 0.0006434584709251014 -0.0032343116268245503 0.00023306161010637076 -0.01284431206223406 6.8295750922365992e-05 -0.0024032195347114911 0.00051307220657986318 -0.0054288144444221073 0.0097009349731845898 -0.0093290622023892069 -0.0087368174185440024 -0.0012256025994919918 -0.00074681483507561613 0.0045365197362865093 6.9549279541925748e-05 -0.0015714451620612415 0.00020387957865314766 -0.00059769300414322206 -0.0016616831754197926 -0.0050495045034440007 -0.0069565190701972486 -0.0043363628226896411 -0.011495868841938626 -0.00081256834099328293 -0.0041107165135745635 0.0030031374931990449 -0.0065505887255256556
leaf_weight=805 746 6154 732 3090 133 463 7.9999999999999973 634 339 1458 29 11 21 19 1286 3332 151 24470 1593 2992 6346 143 9 20 6.9999999999999991 14.999999999999998 14.999999999999998 27 8.9999999999999982 8
leaf_count=805 746 6154 732 3090 133 463 8 634 339 1458 29 11 21 19 1286 3332 151 24470 1593 2992 6346 143 9 20 7 15 15 27 9 8
internal_value=-1.54699e-08 0.000187253 0.000492317 4.16719e-05 0.000483343 5.1963e-05 0.00110473 0.00123137 0.000788281 -3.71828e-05 0.00102819 -0.000669787 -0.000626294 -0.00288071 -0.000663722 2.39832e-07 0.00129197 -2.82922e-05 -0.00060315 -0.000205984 -0.000793099 -0.00172519 0.00307114 -0.00231522 -0.00486277 -0.00718392 -0.00525346 -0.00640839 -0.000214884 -0.00975768
internal_weight=55065 43033 13221 5241 3223 29812 1396 1380 7980 1797 6183 12032 11800 232 2018 28416 614 27802 11736 3797 7939 183 20 163 64 49 34 48 16 16
internal_count=55065 43033 13221 5241 3223 29812 1396 1380 7980 1797 6183 12032 11800 232 2018 28416 614 27802 11736 3797 7939 183 20 163 64 49 34 48 16 16
is_linear=0
shrinkage=0.05


end of trees

feature_importances:
ext_n_unique_sites=308
dist_to_nearest_cancer_tss=156
ext_n_patients=155
dist_to_nearest_tss=148
gene_length=102
ot_disease_count=95
encode_ccre_count=87
cpg_nearest_dist=58
cpg_island_count=57
cpg_mean_obs_exp=56
encode_ctcf_count=53
encode_promoter_count=50
encode_enhancer_count=48
in_repeat=14
ext_n_datasets=12
ot_cancer_hallmark_count=4
ot_is_cancer_driver=1

parameters:
[boosting: gbdt]
[objective: regression]
[metric: rmse]
[tree_learner: serial]
[device_type: cpu]
[data_sample_strategy: bagging]
[data: ]
[valid: ]
[num_iterations: 500]
[learning_rate: 0.05]
[num_leaves: 31]
[num_threads: 0]
[seed: 42]
[deterministic: 0]
[force_col_wise: 0]
[force_row_wise: 0]
[histogram_pool_size: -1]
[max_depth: 5]
[min_data_in_leaf: 5]
[min_sum_hessian_in_leaf: 0.001]
[bagging_fraction: 0.8]
[pos_bagging_fraction: 1]
[neg_bagging_fraction: 1]
[bagging_freq: 0]
[bagging_seed: 400]
[bagging_by_query: 0]
[feature_fraction: 0.8]
[feature_fraction_bynode: 1]
[feature_fraction_seed: 30056]
[extra_trees: 0]
[extra_seed: 12879]
[early_stopping_round: 0]
[early_stopping_min_delta: 0]
[first_metric_only: 0]
[max_delta_step: 0]
[lambda_l1: 0]
[lambda_l2: 0.1]
[linear_lambda: 0]
[min_gain_to_split: 0]
[drop_rate: 0.1]
[max_drop: 50]
[skip_drop: 0.5]
[xgboost_dart_mode: 0]
[uniform_drop: 0]
[drop_seed: 17869]
[top_rate: 0.2]
[other_rate: 0.1]
[min_data_per_group: 100]
[max_cat_threshold: 32]
[cat_l2: 10]
[cat_smooth: 10]
[max_cat_to_onehot: 4]
[top_k: 20]
[monotone_constraints: ]
[monotone_constraints_method: basic]
[monotone_penalty: 0]
[feature_contri: ]
[forcedsplits_filename: ]
[refit_decay_rate: 0.9]
[cegb_tradeoff: 1]
[cegb_penalty_split: 0]
[cegb_penalty_feature_lazy: ]
[cegb_penalty_feature_coupled: ]
[path_smooth: 0]
[interaction_constraints: ]
[verbosity: -1]
[saved_feature_importance_type: 0]
[use_quantized_grad: 0]
[num_grad_quant_bins: 4]
[quant_train_renew_leaf: 0]
[stochastic_rounding: 1]
[linear_tree: 0]
[max_bin: 255]
[max_bin_by_feature: ]
[min_data_in_bin: 3]
[bin_construct_sample_cnt: 200000]
[data_random_seed: 175]
[is_enable_sparse: 1]
[enable_bundle: 1]
[use_missing: 1]
[zero_as_missing: 0]
[feature_pre_filter: 1]
[pre_partition: 0]
[two_round: 0]
[header: 0]
[label_column: ]
[weight_column: ]
[group_column: ]
[ignore_column: ]
[categorical_feature: ]
[forcedbins_filename: ]
[precise_float_parser: 0]
[parser_config_file: ]
[objective_seed: 16083]
[num_class: 1]
[is_unbalance: 0]
[scale_pos_weight: 1]
[sigmoid: 1]
[boost_from_average: 1]
[reg_sqrt: 0]
[alpha: 0.9]
[fair_c: 1]
[poisson_max_delta_step: 0.7]
[tweedie_variance_power: 1.5]
[lambdarank_truncation_level: 30]
[lambdarank_norm: 1]
[label_gain: ]
[lambdarank_position_bias_regularization: 0]
[eval_at: ]
[multi_error_top_k: 1]
[auc_mu_weights: ]
[num_machines: 1]
[local_listen_port: 12400]
[time_out: 120]
[machine_list_filename: ]
[machines: ]
[gpu_platform_id: -1]
[gpu_device_id: -1]
[gpu_use_dp: 0]
[num_gpu: 1]

end of parameters

pandas_categorical:null
