dist_to_nearest_tss,in_gene_body,dist_to_nearest_cancer_tss,gene_length,in_repeat,cpg_island_count,cpg_nearest_dist,cpg_mean_obs_exp,encode_ccre_count,encode_promoter_count,encode_enhancer_count,encode_ctcf_count,ot_cancer_hallmark_count,ot_disease_count,ot_is_cancer_driver,label
50211.0,1.0,722388.0,233867.0,1.0,1.0,0.0,1.0,155.0,7.0,113.0,9.0,0.0,204.0,0.0,2.833213344056216
57.0,1.0,3004399.0,3118.0,0.0,1.0,0.0,0.92,3.0,2.0,0.0,0.0,0.0,36.0,0.0,4.969813299576001
234747.0,1.0,6611456.0,13345.0,0.0,1.0,0.0,1.05,32.0,2.0,30.0,0.0,0.0,200.0,0.0,2.5649493574615367
3969.0,1.0,2246985.0,98417.0,0.0,1.0,0.0,0.93,66.0,2.0,50.0,2.0,0.0,171.0,0.0,2.995732273553991
212670.0,0.0,12305392.0,177422.0,1.0,1.0,0.0,0.93,85.0,5.0,47.0,11.0,0.0,112.0,0.0,3.80666248977032
150907.0,1.0,870336.0,685926.0,1.0,3.0,0.0,0.93,464.0,2.0,300.0,34.0,0.0,74.0,0.0,2.079441541679836
50048.0,1.0,2502030.0,74511.0,0.0,0.0,63163.0,0.0,83.0,1.0,68.0,2.0,0.0,45.0,0.0,4.787491742782046
211311.0,0.0,4936389.0,23244.0,0.0,0.0,148072.0,0.0,23.0,1.0,22.0,0.0,0.0,371.0,0.0,2.4849066497880004
124484.0,1.0,395713.0,191707.0,0.0,1.0,0.0,1.22,127.0,1.0,91.0,8.0,0.0,480.0,0.0,2.3978952727983707
60988.0,0.0,3211517.0,100187.0,1.0,1.0,0.0,1.06,79.0,5.0,64.0,1.0,0.0,114.0,0.0,2.772588722239781
45579.0,1.0,449424.0,125097.0,1.0,1.0,0.0,0.84,93.0,1.0,66.0,7.0,0.0,481.0,0.0,3.6375861597263857
430219.0,0.0,22933067.0,7465.0,1.0,3.0,0.0,0.9067,23.0,2.0,21.0,0.0,0.0,600.0,0.0,3.4339872044851463
209987.0,0.0,3373665.0,5345.0,1.0,2.0,0.0,0.8,16.0,2.0,14.0,0.0,0.0,330.0,0.0,3.610917912644224
352098.0,1.0,6102419.0,611853.0,0.0,2.0,0.0,0.78,517.0,2.0,306.0,45.0,0.0,115.0,0.0,5.231108616854587
50977.0,0.0,2671013.0,25167.0,0.0,0.0,1002026.0,0.0,13.0,0.0,5.0,3.0,0.0,50.0,0.0,2.6390573296152584
143360.0,0.0,5884359.0,45277.0,0.0,0.0,290065.0,0.0,37.0,3.0,26.0,2.0,0.0,1029.0,0.0,2.19722457733622
277631.0,0.0,26947766.0,239436.0,1.0,1.0,0.0,0.83,250.0,5.0,228.0,1.0,0.0,210.0,0.0,3.970291913552122
222459.0,0.0,23785928.0,429238.0,0.0,1.0,0.0,0.76,302.0,5.0,200.0,20.0,0.0,238.0,0.0,3.1354942159291497
33280.0,1.0,1456053.0,95324.0,1.0,1.0,0.0,1.13,56.0,2.0,41.0,3.0,0.0,74.0,0.0,3.9318256327243257
293619.0,0.0,23857088.0,429238.0,0.0,1.0,0.0,0.76,302.0,5.0,200.0,20.0,0.0,238.0,0.0,2.70805020110221
195264.0,0.0,26026451.0,448833.0,1.0,2.0,0.0,0.92,446.0,1.0,405.0,6.0,0.0,204.0,0.0,2.19722457733622
889213.0,0.0,1109799.0,22419.0,0.0,0.0,197585.0,0.0,17.0,2.0,9.0,2.0,0.0,203.0,0.0,2.4849066497880004
518395.0,0.0,19481752.0,5269.0,1.0,1.0,0.0,0.88,14.0,2.0,12.0,0.0,0.0,84.0,0.0,2.079441541679836
329625.0,0.0,23893094.0,429238.0,1.0,1.0,0.0,0.76,302.0,5.0,200.0,20.0,0.0,238.0,0.0,1.9459101490553128
3301.0,0.0,471674.0,452412.0,1.0,3.0,0.0,0.8067,468.0,5.0,394.0,16.0,0.0,108.0,0.0,3.8918202981106265
258588.0,0.0,26089775.0,448833.0,1.0,2.0,0.0,0.92,446.0,1.0,405.0,6.0,0.0,204.0,0.0,2.4849066497880004
24567.0,0.0,1349296.0,6378.0,0.0,0.0,42494.0,0.0,9.0,1.0,7.0,0.0,0.0,56.0,0.0,2.995732273553991
198898.0,0.0,1140892.0,5602.0,0.0,1.0,0.0,0.94,9.0,2.0,7.0,0.0,0.0,104.0,0.0,2.6390573296152584
147035.0,0.0,23710504.0,429238.0,1.0,1.0,0.0,0.76,302.0,5.0,200.0,20.0,0.0,238.0,0.0,3.6635616461296463
47014.0,0.0,4939187.0,70638.0,0.0,1.0,0.0,0.95,49.0,2.0,37.0,3.0,0.0,72.0,0.0,3.295836866004329
21341.0,1.0,4584460.0,76056.0,0.0,1.0,0.0,1.12,77.0,1.0,70.0,1.0,0.0,174.0,0.0,3.218875824868201
165678.0,0.0,19129035.0,5269.0,0.0,1.0,0.0,0.88,14.0,2.0,12.0,0.0,0.0,84.0,0.0,3.1354942159291497
424115.0,0.0,1927098.0,148489.0,0.0,1.0,0.0,0.96,128.0,1.0,107.0,1.0,0.0,108.0,0.0,3.218875824868201
223170.0,1.0,3593908.0,363512.0,0.0,1.0,0.0,0.9,362.0,2.0,318.0,16.0,0.0,360.0,0.0,3.295836866004329
102806.0,1.0,2654010.0,441422.0,0.0,1.0,0.0,0.82,400.0,1.0,332.0,13.0,0.0,86.0,0.0,2.9444389791664403
936466.0,0.0,1683570.0,25167.0,0.0,0.0,1002026.0,0.0,13.0,0.0,5.0,3.0,0.0,50.0,0.0,3.218875824868201
7919.0,1.0,4512055.0,9882.0,1.0,1.0,0.0,0.85,11.0,1.0,7.0,2.0,0.0,94.0,0.0,3.4011973816621555
1812309.0,0.0,13259519.0,1475061.0,1.0,1.0,0.0,0.78,839.0,5.0,347.0,113.0,0.0,299.0,0.0,2.70805020110221
466009.0,0.0,940650.0,65530.0,1.0,0.0,34197.0,0.0,55.0,1.0,27.0,6.0,0.0,516.0,0.0,7.489412083508719
95396.0,0.0,25052748.0,66555.0,1.0,1.0,0.0,1.11,57.0,7.0,49.0,0.0,0.0,44.0,0.0,3.737669618283368
63402.0,0.0,24360492.0,19262.0,1.0,1.0,0.0,0.99,8.0,1.0,6.0,0.0,0.0,49.0,0.0,3.1780538303479458
99853.0,0.0,24970155.0,80048.0,0.0,1.0,0.0,0.8,66.0,4.0,49.0,2.0,0.0,740.0,0.0,2.8903717578961645
594396.0,0.0,12063047.0,23144.0,0.0,1.0,0.0,1.1,19.0,1.0,15.0,0.0,0.0,80.0,0.0,2.19722457733622
21159.0,0.0,596719.0,63863.0,0.0,0.0,43104.0,0.0,49.0,1.0,42.0,1.0,0.0,260.0,0.0,2.9444389791664403
42733.0,0.0,4746399.0,313011.0,1.0,2.0,0.0,0.89,429.0,8.0,392.0,6.0,0.0,115.0,0.0,3.80666248977032
8771.0,1.0,680948.0,233867.0,1.0,1.0,0.0,1.0,155.0,7.0,113.0,9.0,0.0,204.0,0.0,4.262679877041316
115567.0,1.0,2641249.0,441422.0,0.0,1.0,0.0,0.82,400.0,1.0,332.0,13.0,0.0,86.0,0.0,3.1780538303479458
310982.0,0.0,1813965.0,148489.0,1.0,1.0,0.0,0.96,128.0,1.0,107.0,1.0,0.0,108.0,0.0,3.295836866004329
15183.0,1.0,2235771.0,98417.0,0.0,1.0,0.0,0.93,66.0,2.0,50.0,2.0,0.0,171.0,0.0,4.430816798843313
690.0,1.0,2539514.0,324575.0,0.0,1.0,0.0,0.86,338.0,4.0,280.0,18.0,0.0,217.0,0.0,2.5649493574615367
5169.0,1.0,392695.0,110683.0,1.0,2.0,0.0,0.925,73.0,2.0,58.0,2.0,0.0,80.0,0.0,2.70805020110221
51012.0,1.0,88627.0,157128.0,0.0,1.0,0.0,1.24,88.0,4.0,59.0,3.0,0.0,94.0,0.0,2.079441541679836
431249.0,0.0,25182490.0,22565.0,1.0,1.0,0.0,0.95,47.0,2.0,45.0,0.0,0.0,423.0,0.0,4.204692619390966
296770.0,0.0,23860239.0,429238.0,1.0,1.0,0.0,0.76,302.0,5.0,200.0,20.0,0.0,238.0,0.0,5.272999558563747
151767.0,0.0,9069551.0,4557.0,0.0,1.0,0.0,1.18,14.0,1.0,13.0,0.0,0.0,232.0,0.0,5.272999558563747
562018.0,0.0,26393205.0,448833.0,0.0,2.0,0.0,0.92,446.0,1.0,405.0,6.0,0.0,204.0,0.0,2.4849066497880004
194465.0,1.0,2345739.0,324575.0,1.0,1.0,0.0,0.86,338.0,4.0,280.0,18.0,0.0,217.0,0.0,4.02535169073515
83241.0,1.0,391350.0,2285.0,0.0,1.0,0.0,0.76,6.0,1.0,3.0,0.0,0.0,34.0,0.0,3.6635616461296463
16338.0,1.0,25131806.0,66555.0,1.0,1.0,0.0,1.11,57.0,7.0,49.0,0.0,0.0,44.0,0.0,5.41164605185504
311352.0,0.0,26142539.0,448833.0,1.0,2.0,0.0,0.92,446.0,1.0,405.0,6.0,0.0,204.0,0.0,2.3978952727983707
90434.0,0.0,15084026.0,24901.0,0.0,3.0,0.0,0.99,31.0,3.0,25.0,2.0,0.0,78.0,0.0,4.700480365792417
279856.0,1.0,23283613.0,429238.0,0.0,1.0,0.0,0.76,302.0,5.0,200.0,20.0,0.0,238.0,0.0,2.5649493574615367
258165.0,0.0,19184875.0,927611.0,0.0,1.0,0.0,0.86,614.0,3.0,475.0,27.0,0.0,168.0,0.0,2.9444389791664403
3920.0,1.0,25144224.0,66555.0,0.0,1.0,0.0,1.11,57.0,7.0,49.0,0.0,0.0,44.0,0.0,3.6375861597263857
691.0,1.0,2539513.0,324575.0,0.0,1.0,0.0,0.86,338.0,4.0,280.0,18.0,0.0,217.0,0.0,2.302585092994046
12879.0,0.0,7122045.0,4735.0,1.0,1.0,0.0,0.85,7.0,1.0,6.0,0.0,0.0,37.0,0.0,3.295836866004329
124405.0,1.0,3114785.0,302818.0,1.0,3.0,0.0,0.94,368.0,2.0,313.0,11.0,0.0,179.0,0.0,2.6390573296152584
27587.0,1.0,1360178.0,30826.0,1.0,1.0,0.0,0.77,26.0,1.0,19.0,0.0,0.0,41.0,0.0,6.07073772800249
196784.0,0.0,4921862.0,23244.0,0.0,0.0,148072.0,0.0,23.0,1.0,22.0,0.0,0.0,371.0,0.0,3.5263605246161616
5405.0,0.0,623825.0,18948.0,0.0,1.0,0.0,1.05,17.0,1.0,15.0,0.0,0.0,63.0,0.0,2.6390573296152584
1817833.0,0.0,6542911.0,23244.0,0.0,0.0,148072.0,0.0,23.0,1.0,22.0,0.0,0.0,371.0,0.0,2.3978952727983707
48789.0,1.0,8317517.0,191178.0,0.0,4.0,0.0,1.0125,250.0,11.0,222.0,1.0,0.0,550.0,0.0,4.060443010546419
43187.0,1.0,3764143.0,8909.0,1.0,0.0,12260.0,0.0,9.0,0.0,5.0,0.0,0.0,192.0,0.0,4.219507705176107
27120.0,0.0,1665033.0,24593.0,1.0,1.0,0.0,1.02,31.0,4.0,25.0,0.0,0.0,540.0,0.0,4.31748811353631
349577.0,0.0,25100818.0,22565.0,0.0,1.0,0.0,0.95,47.0,2.0,45.0,0.0,0.0,423.0,0.0,2.079441541679836
64831.0,1.0,2938895.0,8803.0,1.0,1.0,0.0,0.92,25.0,1.0,24.0,0.0,0.0,88.0,0.0,2.5649493574615367
65974.0,1.0,2316928.0,98417.0,0.0,1.0,0.0,0.93,66.0,2.0,50.0,2.0,0.0,171.0,0.0,3.688879454113936
682453.0,1.0,10301477.0,1181213.0,0.0,1.0,0.0,0.77,966.0,3.0,683.0,63.0,0.0,298.0,0.0,3.218875824868201
347044.0,0.0,19273754.0,927611.0,1.0,1.0,0.0,0.86,614.0,3.0,475.0,27.0,0.0,168.0,0.0,2.6390573296152584
1119838.0,0.0,1340424.0,22419.0,1.0,0.0,197585.0,0.0,17.0,2.0,9.0,2.0,0.0,203.0,0.0,2.70805020110221
764914.0,0.0,19691624.0,927611.0,1.0,1.0,0.0,0.86,614.0,3.0,475.0,27.0,0.0,168.0,0.0,4.290459441148391
44859.0,0.0,627318.0,233867.0,0.0,1.0,0.0,1.0,155.0,7.0,113.0,9.0,0.0,204.0,0.0,2.772588722239781
323707.0,0.0,1082952.0,65530.0,1.0,0.0,34197.0,0.0,55.0,1.0,27.0,6.0,0.0,516.0,0.0,3.6375861597263857
85516.0,0.0,6590269.0,24946.0,1.0,0.0,46680.0,0.0,18.0,0.0,8.0,2.0,0.0,73.0,0.0,4.290459441148391
227056.0,0.0,23790525.0,429238.0,0.0,1.0,0.0,0.76,302.0,5.0,200.0,20.0,0.0,238.0,0.0,2.8903717578961645
131748.0,1.0,1561071.0,362735.0,0.0,1.0,0.0,0.84,227.0,2.0,135.0,32.0,0.0,294.0,0.0,3.4011973816621555
39167.0,0.0,3241025.0,183782.0,1.0,1.0,0.0,0.88,207.0,1.0,195.0,0.0,0.0,153.0,0.0,2.079441541679836
329770.0,0.0,1076889.0,65530.0,1.0,0.0,34197.0,0.0,55.0,1.0,27.0,6.0,0.0,516.0,0.0,3.8918202981106265
131304.0,0.0,5241032.0,16076.0,0.0,1.0,0.0,0.87,17.0,2.0,14.0,0.0,0.0,37.0,0.0,2.079441541679836
1031800.0,0.0,17894910.0,927611.0,1.0,1.0,0.0,0.86,614.0,3.0,475.0,27.0,0.0,168.0,0.0,3.828641396489095
320945.0,1.0,4700720.0,703986.0,0.0,1.0,0.0,0.95,476.0,2.0,230.0,55.0,0.0,139.0,0.0,3.688879454113936
51044.0,1.0,359153.0,2285.0,0.0,1.0,0.0,0.76,6.0,1.0,3.0,0.0,0.0,34.0,0.0,2.19722457733622
422994.0,0.0,643580.0,22419.0,0.0,0.0,197585.0,0.0,17.0,2.0,9.0,2.0,0.0,203.0,0.0,4.74493212836325
272221.0,0.0,24514500.0,5190.0,0.0,0.0,1266.0,0.0,17.0,1.0,16.0,0.0,0.0,167.0,0.0,2.5649493574615367
27213.0,1.0,4027916.0,68577.0,1.0,1.0,0.0,1.04,78.0,3.0,68.0,1.0,0.0,107.0,0.0,5.298317366548036
384124.0,0.0,17423272.0,13893.0,0.0,0.0,1864631.0,0.0,10.0,2.0,8.0,0.0,0.0,168.0,0.0,4.158883083359672
10181.0,0.0,2853866.0,4981.0,0.0,2.0,0.0,0.895,14.0,1.0,13.0,0.0,0.0,331.0,0.0,4.709530201312334
320053.0,0.0,12792061.0,6164.0,1.0,0.0,1011774.0,0.0,11.0,1.0,9.0,0.0,0.0,67.0,0.0,2.3978952727983707
16121.0,0.0,12076601.0,177422.0,0.0,1.0,0.0,0.93,85.0,5.0,47.0,11.0,0.0,112.0,0.0,3.1354942159291497
604142.0,0.0,26574774.0,199148.0,0.0,1.0,0.0,0.9,221.0,2.0,210.0,2.0,0.0,170.0,0.0,3.555348061489413
380708.0,0.0,25131949.0,22565.0,1.0,1.0,0.0,0.95,47.0,2.0,45.0,0.0,0.0,423.0,0.0,2.8903717578961645
85534.0,0.0,5436651.0,9999.0,1.0,0.0,200389.0,0.0,7.0,1.0,6.0,0.0,0.0,42.0,0.0,2.5649493574615367
4086.0,1.0,676263.0,233867.0,0.0,1.0,0.0,1.0,155.0,7.0,113.0,9.0,0.0,204.0,0.0,3.218875824868201
43842.0,1.0,8426511.0,28065.0,0.0,1.0,0.0,0.71,46.0,0.0,29.0,2.0,0.0,38.0,0.0,3.828641396489095
93464.0,0.0,5938796.0,51808.0,0.0,1.0,0.0,1.05,47.0,1.0,39.0,0.0,0.0,123.0,0.0,2.8903717578961645
562244.0,0.0,19488954.0,927611.0,0.0,1.0,0.0,0.86,614.0,3.0,475.0,27.0,0.0,168.0,0.0,4.653960350157523
18783.0,0.0,4706295.0,23244.0,1.0,0.0,148072.0,0.0,23.0,1.0,22.0,0.0,0.0,371.0,0.0,2.302585092994046
1252467.0,0.0,10580476.0,97567.0,0.0,1.0,0.0,0.94,60.0,2.0,43.0,3.0,0.0,141.0,0.0,3.258096538021482
230888.0,0.0,26062075.0,448833.0,0.0,2.0,0.0,0.92,446.0,1.0,405.0,6.0,0.0,204.0,0.0,2.995732273553991
65586.0,1.0,413662.0,75433.0,1.0,1.0,0.0,0.81,82.0,2.0,60.0,4.0,0.0,29.0,0.0,2.9444389791664403
88829.0,0.0,3944694.0,26961.0,1.0,1.0,0.0,0.97,16.0,1.0,9.0,3.0,0.0,83.0,0.0,4.962844630259907
1151090.0,0.0,20077800.0,927611.0,1.0,1.0,0.0,0.86,614.0,3.0,475.0,27.0,0.0,168.0,0.0,2.3978952727983707
372352.0,0.0,12739762.0,6164.0,1.0,0.0,1011774.0,0.0,11.0,1.0,9.0,0.0,0.0,67.0,0.0,3.4657359027997265
496546.0,0.0,26327733.0,448833.0,0.0,2.0,0.0,0.92,446.0,1.0,405.0,6.0,0.0,204.0,0.0,2.995732273553991
715639.0,0.0,12184290.0,23144.0,0.0,1.0,0.0,1.1,19.0,1.0,15.0,0.0,0.0,80.0,0.0,5.786897381366708
57180.0,1.0,25205324.0,66555.0,0.0,1.0,0.0,1.11,57.0,7.0,49.0,0.0,0.0,44.0,0.0,2.5649493574615367
440694.0,0.0,19367404.0,927611.0,1.0,1.0,0.0,0.86,614.0,3.0,475.0,27.0,0.0,168.0,0.0,2.079441541679836
554216.0,0.0,19480926.0,927611.0,1.0,1.0,0.0,0.86,614.0,3.0,475.0,27.0,0.0,168.0,0.0,4.844187086458591
69279.0,1.0,1681288.0,199872.0,0.0,1.0,0.0,0.93,260.0,2.0,234.0,8.0,0.0,99.0,0.0,2.8903717578961645
834100.0,0.0,18129257.0,5269.0,0.0,1.0,0.0,0.88,14.0,2.0,12.0,0.0,0.0,84.0,0.0,3.49650756146648
121894.0,0.0,9099424.0,4557.0,0.0,1.0,0.0,1.18,14.0,1.0,13.0,0.0,0.0,232.0,0.0,2.302585092994046
43520.0,1.0,1707047.0,199872.0,0.0,1.0,0.0,0.93,260.0,2.0,234.0,8.0,0.0,99.0,0.0,4.23410650459726
948647.0,0.0,19912004.0,5269.0,0.0,1.0,0.0,0.88,14.0,2.0,12.0,0.0,0.0,84.0,0.0,3.332204510175204
483553.0,0.0,1093023.0,33425.0,0.0,2.0,0.0,0.89,50.0,1.0,40.0,4.0,0.0,1345.0,0.0,3.58351893845611
744710.0,0.0,12213361.0,23144.0,0.0,1.0,0.0,1.1,19.0,1.0,15.0,0.0,0.0,80.0,0.0,3.258096538021482
171181.0,0.0,23610535.0,94653.0,1.0,1.0,0.0,0.94,76.0,4.0,63.0,2.0,0.0,70.0,0.0,3.044522437723423
463158.0,0.0,943501.0,65530.0,1.0,0.0,34197.0,0.0,55.0,1.0,27.0,6.0,0.0,516.0,0.0,3.7612001156935615
14862.0,1.0,5006803.0,703986.0,0.0,1.0,0.0,0.95,476.0,2.0,230.0,55.0,0.0,139.0,0.0,1.9459101490553128
309204.0,0.0,19235914.0,927611.0,1.0,1.0,0.0,0.86,614.0,3.0,475.0,27.0,0.0,168.0,0.0,3.5263605246161616
1639053.0,0.0,13535407.0,24901.0,0.0,3.0,0.0,0.99,31.0,3.0,25.0,2.0,0.0,78.0,0.0,2.4849066497880004
340540.0,0.0,19267250.0,927611.0,0.0,1.0,0.0,0.86,614.0,3.0,475.0,27.0,0.0,168.0,0.0,2.19722457733622
802906.0,0.0,1817130.0,25167.0,0.0,0.0,1002026.0,0.0,13.0,0.0,5.0,3.0,0.0,50.0,0.0,6.3818160174060985
86344.0,0.0,742809.0,10488.0,1.0,1.0,0.0,0.84,12.0,4.0,7.0,0.0,0.0,333.0,0.0,4.59511985013459
1441224.0,0.0,17485486.0,927611.0,0.0,1.0,0.0,0.86,614.0,3.0,475.0,27.0,0.0,168.0,0.0,3.713572066704308
165376.0,0.0,26124802.0,6230.0,0.0,1.0,0.0,0.97,14.0,1.0,13.0,0.0,0.0,136.0,0.0,3.1780538303479458
267239.0,0.0,26958158.0,239436.0,0.0,1.0,0.0,0.83,250.0,5.0,228.0,1.0,0.0,210.0,0.0,4.189654742026425
418372.0,0.0,19381729.0,5269.0,1.0,1.0,0.0,0.88,14.0,2.0,12.0,0.0,0.0,84.0,0.0,4.219507705176107
78799.0,0.0,5662200.0,45277.0,1.0,0.0,290065.0,0.0,37.0,3.0,26.0,2.0,0.0,1029.0,0.0,4.454347296253507
51118.0,1.0,21753640.0,407899.0,1.0,1.0,0.0,0.82,151.0,4.0,68.0,22.0,0.0,275.0,0.0,3.4339872044851463
111881.0,1.0,3871087.0,293196.0,1.0,1.0,0.0,0.99,464.0,4.0,416.0,6.0,0.0,122.0,0.0,3.6375861597263857
3722.0,0.0,2867769.0,4981.0,0.0,2.0,0.0,0.895,14.0,1.0,13.0,0.0,0.0,331.0,0.0,4.189654742026425
6878.0,0.0,1718397.0,5668.0,0.0,0.0,17747.0,0.0,4.0,1.0,3.0,0.0,0.0,64.0,0.0,3.6375861597263857
96824.0,0.0,1285606.0,42844.0,1.0,0.0,25688.0,0.0,25.0,2.0,12.0,1.0,0.0,22.0,0.0,2.8903717578961645
293895.0,0.0,2005414.0,5668.0,0.0,0.0,17747.0,0.0,4.0,1.0,3.0,0.0,0.0,64.0,0.0,4.204692619390966
17619.0,1.0,2522585.0,324575.0,1.0,1.0,0.0,0.86,338.0,4.0,280.0,18.0,0.0,217.0,0.0,3.9318256327243257
31175.0,0.0,4734841.0,313011.0,1.0,2.0,0.0,0.89,429.0,8.0,392.0,6.0,0.0,115.0,0.0,3.555348061489413
4806.0,0.0,1897404.0,7270.0,1.0,0.0,243.0,0.0,11.0,2.0,9.0,0.0,0.0,19.0,0.0,4.158883083359672
457206.0,0.0,26288393.0,448833.0,0.0,2.0,0.0,0.92,446.0,1.0,405.0,6.0,0.0,204.0,0.0,2.4849066497880004
476381.0,0.0,19403091.0,927611.0,1.0,1.0,0.0,0.86,614.0,3.0,475.0,27.0,0.0,168.0,0.0,4.442651256490317
261140.0,0.0,25012381.0,22565.0,1.0,1.0,0.0,0.95,47.0,2.0,45.0,0.0,0.0,423.0,0.0,3.295836866004329
414003.0,0.0,22950673.0,74922.0,0.0,1.0,0.0,0.98,77.0,2.0,71.0,1.0,0.0,103.0,0.0,4.158883083359672
53013.0,1.0,3085051.0,28962.0,0.0,0.0,83865.0,0.0,30.0,0.0,18.0,3.0,0.0,27.0,0.0,3.367295829986474
304838.0,0.0,2315198.0,25167.0,0.0,0.0,1002026.0,0.0,13.0,0.0,5.0,3.0,0.0,50.0,0.0,2.079441541679836
5406.0,0.0,11430331.0,24249.0,1.0,1.0,0.0,1.02,25.0,1.0,22.0,0.0,0.0,155.0,0.0,3.295836866004329
223328.0,0.0,22726176.0,7465.0,0.0,3.0,0.0,0.9067,23.0,2.0,21.0,0.0,0.0,600.0,0.0,2.3978952727983707
247816.0,0.0,26079003.0,448833.0,1.0,2.0,0.0,0.92,446.0,1.0,405.0,6.0,0.0,204.0,0.0,2.4849066497880004
241789.0,0.0,23944876.0,44883.0,0.0,1.0,0.0,1.05,30.0,1.0,22.0,2.0,0.0,74.0,0.0,3.5263605246161616
51289.0,0.0,19014646.0,5269.0,1.0,1.0,0.0,0.88,14.0,2.0,12.0,0.0,0.0,84.0,0.0,1.9459101490553128
1665428.0,0.0,20837420.0,7465.0,0.0,3.0,0.0,0.9067,23.0,2.0,21.0,0.0,0.0,600.0,0.0,2.772588722239781
45976.0,0.0,2406006.0,74511.0,1.0,0.0,63163.0,0.0,83.0,1.0,68.0,2.0,0.0,45.0,0.0,3.58351893845611
285523.0,0.0,19248880.0,5269.0,1.0,1.0,0.0,0.88,14.0,2.0,12.0,0.0,0.0,84.0,0.0,3.555348061489413
55109.0,0.0,15119351.0,24901.0,0.0,3.0,0.0,0.99,31.0,3.0,25.0,2.0,0.0,78.0,0.0,3.9889840465642745
46600.0,1.0,3661831.0,81730.0,0.0,1.0,0.0,0.82,100.0,3.0,86.0,3.0,0.0,398.0,0.0,4.465908118654584
421901.0,0.0,22942775.0,74922.0,0.0,1.0,0.0,0.98,77.0,2.0,71.0,1.0,0.0,103.0,0.0,5.147494476813453
761003.0,0.0,11099190.0,498345.0,1.0,1.0,0.0,0.75,351.0,4.0,247.0,18.0,0.0,260.0,0.0,2.3978952727983707
76110.0,1.0,840273.0,5083.0,1.0,1.0,0.0,0.99,9.0,2.0,7.0,0.0,0.0,54.0,0.0,2.6390573296152584
60802.0,1.0,2512784.0,74511.0,1.0,0.0,63163.0,0.0,83.0,1.0,68.0,2.0,0.0,45.0,0.0,2.70805020110221
286236.0,0.0,7847050.0,2923.0,1.0,1.0,0.0,0.99,10.0,1.0,9.0,0.0,0.0,226.0,0.0,3.091042453358316
407825.0,0.0,7944701.0,111945.0,0.0,1.0,0.0,0.99,167.0,3.0,163.0,0.0,0.0,931.0,0.0,3.295836866004329
57883.0,1.0,25090261.0,66555.0,1.0,1.0,0.0,1.11,57.0,7.0,49.0,0.0,0.0,44.0,0.0,3.258096538021482
17139.0,0.0,11464349.0,1475061.0,0.0,1.0,0.0,0.78,839.0,5.0,347.0,113.0,0.0,299.0,0.0,4.276666119016055
80912.0,1.0,954632.0,247493.0,0.0,1.0,0.0,0.84,324.0,9.0,302.0,1.0,0.0,250.0,0.0,3.4657359027997265
357266.0,0.0,26188453.0,448833.0,1.0,2.0,0.0,0.92,446.0,1.0,405.0,6.0,0.0,204.0,0.0,3.295836866004329
256161.0,0.0,8965157.0,4557.0,0.0,1.0,0.0,1.18,14.0,1.0,13.0,0.0,0.0,232.0,0.0,5.455321115357702
282937.0,0.0,18680420.0,5269.0,1.0,1.0,0.0,0.88,14.0,2.0,12.0,0.0,0.0,84.0,0.0,2.995732273553991
129354.0,0.0,15045106.0,24901.0,0.0,3.0,0.0,0.99,31.0,3.0,25.0,2.0,0.0,78.0,0.0,2.995732273553991
577897.0,0.0,12046548.0,23144.0,0.0,1.0,0.0,1.1,19.0,1.0,15.0,0.0,0.0,80.0,0.0,2.079441541679836
54809.0,1.0,440194.0,125097.0,0.0,1.0,0.0,0.84,93.0,1.0,66.0,7.0,0.0,481.0,0.0,4.04305126783455
58619.0,0.0,1467434.0,19301.0,0.0,1.0,0.0,0.83,26.0,2.0,23.0,0.0,0.0,51.0,0.0,2.9444389791664403
102695.0,0.0,3266373.0,5345.0,1.0,2.0,0.0,0.8,16.0,2.0,14.0,0.0,0.0,330.0,0.0,2.833213344056216
69833.0,1.0,742010.0,233867.0,0.0,1.0,0.0,1.0,155.0,7.0,113.0,9.0,0.0,204.0,0.0,2.3978952727983707
213120.0,0.0,433706.0,22419.0,1.0,0.0,197585.0,0.0,17.0,2.0,9.0,2.0,0.0,203.0,0.0,3.1354942159291497
7227.0,0.0,2612809.0,25167.0,0.0,0.0,1002026.0,0.0,13.0,0.0,5.0,3.0,0.0,50.0,0.0,3.912023005428146
175587.0,1.0,2581229.0,441422.0,1.0,1.0,0.0,0.82,400.0,1.0,332.0,13.0,0.0,86.0,0.0,5.135798437050262
55561.0,0.0,24814741.0,80048.0,0.0,1.0,0.0,0.8,66.0,4.0,49.0,2.0,0.0,740.0,0.0,5.337538079701318
265659.0,1.0,3551419.0,363512.0,1.0,1.0,0.0,0.9,362.0,2.0,318.0,16.0,0.0,360.0,0.0,4.477336814478207
29121.0,1.0,1721446.0,199872.0,0.0,1.0,0.0,0.93,260.0,2.0,234.0,8.0,0.0,99.0,0.0,3.871201010907891
39897.0,1.0,399373.0,20972.0,1.0,2.0,0.0,0.91,44.0,4.0,39.0,0.0,0.0,117.0,0.0,4.691347882229144
1330568.0,0.0,12777778.0,1475061.0,0.0,1.0,0.0,0.78,839.0,5.0,347.0,113.0,0.0,299.0,0.0,4.158883083359672
421902.0,0.0,23985371.0,429238.0,0.0,1.0,0.0,0.76,302.0,5.0,200.0,20.0,0.0,238.0,0.0,4.976733742420574
38776.0,0.0,24790017.0,22565.0,0.0,1.0,0.0,0.95,47.0,2.0,45.0,0.0,0.0,423.0,0.0,3.295836866004329
68438.0,0.0,2383544.0,74511.0,1.0,0.0,63163.0,0.0,83.0,1.0,68.0,2.0,0.0,45.0,0.0,3.044522437723423
105186.0,1.0,2623432.0,653877.0,0.0,3.0,0.0,0.8933,602.0,4.0,451.0,30.0,0.0,570.0,0.0,3.555348061489413
15021.0,1.0,1100090.0,132301.0,0.0,1.0,0.0,1.15,108.0,1.0,86.0,8.0,0.0,230.0,0.0,4.77912349311153
214335.0,0.0,23653689.0,94653.0,0.0,1.0,0.0,0.94,76.0,4.0,63.0,2.0,0.0,70.0,0.0,2.5649493574615367
88741.0,0.0,24959043.0,80048.0,1.0,1.0,0.0,0.8,66.0,4.0,49.0,2.0,0.0,740.0,0.0,3.58351893845611
28959.0,0.0,144003.0,2437.0,1.0,1.0,0.0,1.01,7.0,1.0,5.0,0.0,0.0,4.0,0.0,3.8918202981106265
131185.0,1.0,6473791.0,394295.0,0.0,1.0,0.0,0.87,336.0,2.0,260.0,23.0,0.0,145.0,0.0,3.1354942159291497
69786.0,0.0,1531822.0,51594.0,1.0,0.0,37936.0,0.0,80.0,2.0,78.0,0.0,0.0,225.0,0.0,3.7612001156935615
41676.0,0.0,3280866.0,302818.0,0.0,3.0,0.0,0.94,368.0,2.0,313.0,11.0,0.0,179.0,0.0,4.04305126783455
420730.0,0.0,23984199.0,429238.0,1.0,1.0,0.0,0.76,302.0,5.0,200.0,20.0,0.0,238.0,0.0,4.430816798843313
536469.0,0.0,26367656.0,448833.0,1.0,2.0,0.0,0.92,446.0,1.0,405.0,6.0,0.0,204.0,0.0,4.477336814478207
21864.0,1.0,7554248.0,42223.0,0.0,1.0,0.0,0.92,27.0,1.0,24.0,0.0,0.0,49.0,0.0,4.110873864173311
125501.0,1.0,2631315.0,441422.0,1.0,1.0,0.0,0.82,400.0,1.0,332.0,13.0,0.0,86.0,0.0,3.58351893845611
55760.0,0.0,3239052.0,164464.0,1.0,1.0,0.0,1.04,151.0,3.0,133.0,4.0,0.0,52.0,0.0,3.8501476017100575
41646.0,1.0,993898.0,247493.0,0.0,1.0,0.0,0.84,324.0,9.0,302.0,1.0,0.0,250.0,0.0,3.044522437723423
491509.0,0.0,22296267.0,407899.0,1.0,1.0,0.0,0.82,151.0,4.0,68.0,22.0,0.0,275.0,0.0,4.060443010546419
422687.0,0.0,24001207.0,19262.0,0.0,1.0,0.0,0.99,8.0,1.0,6.0,0.0,0.0,49.0,0.0,2.70805020110221
385986.0,0.0,1888969.0,148489.0,1.0,1.0,0.0,0.96,128.0,1.0,107.0,1.0,0.0,108.0,0.0,2.70805020110221
122464.0,1.0,1625447.0,148489.0,1.0,1.0,0.0,0.96,128.0,1.0,107.0,1.0,0.0,108.0,0.0,4.990432586778736
376888.0,0.0,12735226.0,6164.0,0.0,0.0,1011774.0,0.0,11.0,1.0,9.0,0.0,0.0,67.0,0.0,2.4849066497880004
152190.0,0.0,519987.0,233867.0,0.0,1.0,0.0,1.0,155.0,7.0,113.0,9.0,0.0,204.0,0.0,3.4339872044851463
1680507.0,0.0,13493953.0,24901.0,1.0,3.0,0.0,0.99,31.0,3.0,25.0,2.0,0.0,78.0,0.0,2.19722457733622
870288.0,0.0,1090874.0,22419.0,1.0,0.0,197585.0,0.0,17.0,2.0,9.0,2.0,0.0,203.0,0.0,2.8903717578961645
211123.0,1.0,21593635.0,407899.0,1.0,1.0,0.0,0.82,151.0,4.0,68.0,22.0,0.0,275.0,0.0,2.6390573296152584
65674.0,0.0,675144.0,33425.0,0.0,2.0,0.0,0.89,50.0,1.0,40.0,4.0,0.0,1345.0,0.0,3.044522437723423
38067.0,0.0,1527400.0,95324.0,0.0,1.0,0.0,1.13,56.0,2.0,41.0,3.0,0.0,74.0,0.0,4.762173934797756
68578.0,1.0,339807.0,191707.0,1.0,1.0,0.0,1.22,127.0,1.0,91.0,8.0,0.0,480.0,0.0,3.7612001156935615
25747.0,0.0,646430.0,233867.0,0.0,1.0,0.0,1.0,155.0,7.0,113.0,9.0,0.0,204.0,0.0,3.555348061489413
38576.0,1.0,3669855.0,81730.0,1.0,1.0,0.0,0.82,100.0,3.0,86.0,3.0,0.0,398.0,0.0,2.4849066497880004
9346.0,0.0,407210.0,110683.0,1.0,2.0,0.0,0.925,73.0,2.0,58.0,2.0,0.0,80.0,0.0,2.079441541679836
26228.0,1.0,6058488.0,51808.0,1.0,1.0,0.0,1.05,47.0,1.0,39.0,0.0,0.0,123.0,0.0,2.079441541679836
51118.0,1.0,21753640.0,407899.0,1.0,1.0,0.0,0.82,151.0,4.0,68.0,22.0,0.0,275.0,0.0,2.4849066497880004
7483.0,1.0,1275522.0,54796.0,0.0,1.0,0.0,0.84,57.0,2.0,44.0,3.0,0.0,357.0,0.0,4.0943445622221
30590.0,1.0,1252415.0,54796.0,0.0,1.0,0.0,0.84,57.0,2.0,44.0,3.0,0.0,357.0,0.0,4.31748811353631
66705.0,0.0,1556038.0,95324.0,1.0,1.0,0.0,1.13,56.0,2.0,41.0,3.0,0.0,74.0,0.0,3.8918202981106265
191375.0,1.0,462604.0,191707.0,0.0,1.0,0.0,1.22,127.0,1.0,91.0,8.0,0.0,480.0,0.0,3.258096538021482
1170467.0,0.0,10689726.0,498345.0,0.0,1.0,0.0,0.75,351.0,4.0,247.0,18.0,0.0,260.0,0.0,6.331501849893691
14119.0,0.0,2591893.0,114373.0,0.0,1.0,0.0,0.99,109.0,5.0,87.0,4.0,0.0,144.0,0.0,4.007333185232471
24557.0,1.0,23538912.0,429238.0,0.0,1.0,0.0,0.76,302.0,5.0,200.0,20.0,0.0,238.0,0.0,2.772588722239781
35459.0,0.0,18998816.0,5269.0,1.0,1.0,0.0,0.88,14.0,2.0,12.0,0.0,0.0,84.0,0.0,4.0943445622221
1026412.0,0.0,19953122.0,927611.0,1.0,1.0,0.0,0.86,614.0,3.0,475.0,27.0,0.0,168.0,0.0,3.49650756146648
1028361.0,0.0,21474487.0,7465.0,1.0,3.0,0.0,0.9067,23.0,2.0,21.0,0.0,0.0,600.0,0.0,3.295836866004329
460114.0,1.0,10987096.0,1475061.0,1.0,1.0,0.0,0.78,839.0,5.0,347.0,113.0,0.0,299.0,0.0,2.3978952727983707
428006.0,0.0,22930854.0,7465.0,0.0,3.0,0.0,0.9067,23.0,2.0,21.0,0.0,0.0,600.0,0.0,3.4011973816621555
924702.0,0.0,1695334.0,25167.0,0.0,0.0,1002026.0,0.0,13.0,0.0,5.0,3.0,0.0,50.0,0.0,4.882801922586371
29081.0,1.0,1416846.0,30826.0,1.0,1.0,0.0,0.77,26.0,1.0,19.0,0.0,0.0,41.0,0.0,2.772588722239781
28064.0,1.0,700241.0,233867.0,1.0,1.0,0.0,1.0,155.0,7.0,113.0,9.0,0.0,204.0,0.0,5.068904202220232
452724.0,0.0,3237107.0,45917.0,1.0,3.0,0.0,1.0267,80.0,3.0,76.0,0.0,0.0,532.0,0.0,4.262679877041316
25667.0,1.0,86232.0,10976.0,0.0,2.0,0.0,0.875,20.0,0.0,17.0,1.0,0.0,26.0,0.0,4.61512051684126
7819.0,0.0,3158348.0,100187.0,1.0,1.0,0.0,1.06,79.0,5.0,64.0,1.0,0.0,114.0,0.0,4.07753744390572
1081.0,1.0,27177835.0,199148.0,0.0,1.0,0.0,0.9,221.0,2.0,210.0,2.0,0.0,170.0,0.0,3.4657359027997265
35957.0,0.0,3891822.0,26961.0,0.0,1.0,0.0,0.97,16.0,1.0,9.0,3.0,0.0,83.0,0.0,3.828641396489095
694152.0,0.0,12162803.0,23144.0,0.0,1.0,0.0,1.1,19.0,1.0,15.0,0.0,0.0,80.0,0.0,5.3471075307174685
375849.0,0.0,25127090.0,22565.0,0.0,1.0,0.0,0.95,47.0,2.0,45.0,0.0,0.0,423.0,0.0,2.70805020110221
344690.0,0.0,7980813.0,111945.0,1.0,1.0,0.0,0.99,167.0,3.0,163.0,0.0,0.0,931.0,0.0,4.248495242049359
262615.0,0.0,483201.0,22419.0,1.0,0.0,197585.0,0.0,17.0,2.0,9.0,2.0,0.0,203.0,0.0,4.5217885770490405
710280.0,0.0,12178931.0,23144.0,0.0,1.0,0.0,1.1,19.0,1.0,15.0,0.0,0.0,80.0,0.0,2.6390573296152584
462925.0,1.0,10984285.0,1475061.0,1.0,1.0,0.0,0.78,839.0,5.0,347.0,113.0,0.0,299.0,0.0,4.127134385045092
151392.0,1.0,2388812.0,324575.0,1.0,1.0,0.0,0.86,338.0,4.0,280.0,18.0,0.0,217.0,0.0,3.091042453358316
515191.0,0.0,26710206.0,239436.0,0.0,1.0,0.0,0.83,250.0,5.0,228.0,1.0,0.0,210.0,0.0,2.6390573296152584
384415.0,0.0,1022244.0,65530.0,0.0,0.0,34197.0,0.0,55.0,1.0,27.0,6.0,0.0,516.0,0.0,3.737669618283368
73058.0,1.0,2947122.0,8803.0,1.0,1.0,0.0,0.92,25.0,1.0,24.0,0.0,0.0,88.0,0.0,4.127134385045092
543730.0,0.0,22348488.0,407899.0,0.0,1.0,0.0,0.82,151.0,4.0,68.0,22.0,0.0,275.0,0.0,4.31748811353631
82636.0,0.0,5439549.0,9999.0,1.0,0.0,200389.0,0.0,7.0,1.0,6.0,0.0,0.0,42.0,0.0,2.5649493574615367
212202.0,0.0,3375880.0,5345.0,0.0,2.0,0.0,0.8,16.0,2.0,14.0,0.0,0.0,330.0,0.0,3.970291913552122
43198.0,1.0,10695496.0,56984.0,0.0,6.0,0.0,1.0383,105.0,1.0,94.0,2.0,0.0,230.0,0.0,2.4849066497880004
901160.0,0.0,12348370.0,1475061.0,0.0,1.0,0.0,0.78,839.0,5.0,347.0,113.0,0.0,299.0,0.0,3.7612001156935615
13963.0,1.0,11454688.0,23144.0,1.0,1.0,0.0,1.1,19.0,1.0,15.0,0.0,0.0,80.0,0.0,3.713572066704308
107972.0,0.0,1274458.0,42844.0,1.0,0.0,25688.0,0.0,25.0,2.0,12.0,1.0,0.0,22.0,0.0,3.367295829986474
19908.0,0.0,2600128.0,25167.0,0.0,0.0,1002026.0,0.0,13.0,0.0,5.0,3.0,0.0,50.0,0.0,3.6635616461296463
12967.0,0.0,4757594.0,50401.0,1.0,1.0,0.0,1.17,29.0,2.0,22.0,2.0,0.0,72.0,0.0,2.833213344056216
7062.0,1.0,3701369.0,81730.0,1.0,1.0,0.0,0.82,100.0,3.0,86.0,3.0,0.0,398.0,0.0,3.610917912644224
729400.0,0.0,12198051.0,23144.0,0.0,1.0,0.0,1.1,19.0,1.0,15.0,0.0,0.0,80.0,0.0,2.5649493574615367
50491.0,0.0,4942664.0,70638.0,1.0,1.0,0.0,0.95,49.0,2.0,37.0,3.0,0.0,72.0,0.0,4.59511985013459
71697.0,0.0,773034.0,49720.0,1.0,1.0,0.0,0.97,43.0,1.0,41.0,1.0,0.0,1031.0,0.0,4.532599493153256
367369.0,0.0,23930838.0,429238.0,0.0,1.0,0.0,0.76,302.0,5.0,200.0,20.0,0.0,238.0,0.0,2.772588722239781
342922.0,1.0,6093243.0,611853.0,1.0,2.0,0.0,0.78,517.0,2.0,306.0,45.0,0.0,115.0,0.0,4.143134726391533
1122347.0,0.0,17804363.0,927611.0,0.0,1.0,0.0,0.86,614.0,3.0,475.0,27.0,0.0,168.0,0.0,2.19722457733622
241615.0,1.0,2298589.0,324575.0,0.0,1.0,0.0,0.86,338.0,4.0,280.0,18.0,0.0,217.0,0.0,3.9889840465642745
1862614.0,0.0,13309824.0,1475061.0,0.0,1.0,0.0,0.78,839.0,5.0,347.0,113.0,0.0,299.0,0.0,2.4849066497880004
105477.0,0.0,25042667.0,66555.0,1.0,1.0,0.0,1.11,57.0,7.0,49.0,0.0,0.0,44.0,0.0,2.079441541679836
576713.0,0.0,19503423.0,927611.0,1.0,1.0,0.0,0.86,614.0,3.0,475.0,27.0,0.0,168.0,0.0,5.937536205082426
56057.0,1.0,3395265.0,91994.0,1.0,1.0,0.0,0.89,60.0,1.0,38.0,3.0,0.0,101.0,0.0,3.7612001156935615
402251.0,1.0,11044959.0,1475061.0,0.0,1.0,0.0,0.78,839.0,5.0,347.0,113.0,0.0,299.0,0.0,3.871201010907891
67753.0,1.0,2318707.0,98417.0,0.0,1.0,0.0,0.93,66.0,2.0,50.0,2.0,0.0,171.0,0.0,5.075173815233827
8550.0,1.0,1274455.0,54796.0,1.0,1.0,0.0,0.84,57.0,2.0,44.0,3.0,0.0,357.0,0.0,2.302585092994046
3564.0,1.0,826218.0,4382.0,0.0,1.0,0.0,0.91,11.0,1.0,10.0,0.0,0.0,32.0,0.0,3.970291913552122
35215.0,1.0,1715352.0,199872.0,0.0,1.0,0.0,0.93,260.0,2.0,234.0,8.0,0.0,99.0,0.0,2.4849066497880004
20081.0,1.0,1015463.0,247493.0,0.0,1.0,0.0,0.84,324.0,9.0,302.0,1.0,0.0,250.0,0.0,2.079441541679836
43960.0,1.0,451043.0,125097.0,0.0,1.0,0.0,0.84,93.0,1.0,66.0,7.0,0.0,481.0,0.0,3.044522437723423
1202571.0,0.0,17724139.0,927611.0,1.0,1.0,0.0,0.86,614.0,3.0,475.0,27.0,0.0,168.0,0.0,6.240275845170769
12912.0,1.0,4592889.0,76056.0,0.0,1.0,0.0,1.12,77.0,1.0,70.0,1.0,0.0,174.0,0.0,2.4849066497880004
239594.0,0.0,22263254.0,7465.0,1.0,3.0,0.0,0.9067,23.0,2.0,21.0,0.0,0.0,600.0,0.0,5.10594547390058
58913.0,1.0,3649518.0,81730.0,0.0,1.0,0.0,0.82,100.0,3.0,86.0,3.0,0.0,398.0,0.0,4.110873864173311
319805.0,0.0,12792309.0,6164.0,1.0,0.0,1011774.0,0.0,11.0,1.0,9.0,0.0,0.0,67.0,0.0,3.970291913552122
342543.0,0.0,1064116.0,65530.0,1.0,0.0,34197.0,0.0,55.0,1.0,27.0,6.0,0.0,516.0,0.0,4.955827057601261
37719.0,1.0,6380325.0,394295.0,1.0,1.0,0.0,0.87,336.0,2.0,260.0,23.0,0.0,145.0,0.0,3.1780538303479458
76127.0,1.0,959417.0,247493.0,1.0,1.0,0.0,0.84,324.0,9.0,302.0,1.0,0.0,250.0,0.0,2.302585092994046
286596.0,0.0,1883602.0,72008.0,0.0,1.0,0.0,0.95,80.0,1.0,74.0,1.0,0.0,151.0,0.0,2.995732273553991
36499.0,1.0,4304390.0,132755.0,0.0,2.0,0.0,0.825,257.0,2.0,254.0,0.0,0.0,169.0,0.0,1.791759469228055
176720.0,0.0,7812843.0,111945.0,0.0,1.0,0.0,0.99,167.0,3.0,163.0,0.0,0.0,931.0,0.0,5.153291594497779
160234.0,1.0,2208810.0,7419.0,0.0,1.0,0.0,0.96,14.0,1.0,13.0,0.0,0.0,59.0,0.0,4.02535169073515
139527.0,0.0,532650.0,233867.0,1.0,1.0,0.0,1.0,155.0,7.0,113.0,9.0,0.0,204.0,0.0,4.31748811353631
872481.0,0.0,1093067.0,22419.0,1.0,0.0,197585.0,0.0,17.0,2.0,9.0,2.0,0.0,203.0,0.0,3.9318256327243257
545662.0,0.0,12014313.0,23144.0,0.0,1.0,0.0,1.1,19.0,1.0,15.0,0.0,0.0,80.0,0.0,3.610917912644224
76272.0,0.0,1485087.0,19301.0,1.0,1.0,0.0,0.83,26.0,2.0,23.0,0.0,0.0,51.0,0.0,4.418840607796598
32628.0,0.0,686801.0,685926.0,1.0,3.0,0.0,0.93,464.0,2.0,300.0,34.0,0.0,74.0,0.0,3.58351893845611
832503.0,0.0,18130854.0,5269.0,1.0,1.0,0.0,0.88,14.0,2.0,12.0,0.0,0.0,84.0,0.0,3.4657359027997265
571381.0,0.0,22992088.0,429238.0,1.0,1.0,0.0,0.76,302.0,5.0,200.0,20.0,0.0,238.0,0.0,5.214935757608986
4007.0,1.0,4601794.0,76056.0,1.0,1.0,0.0,1.12,77.0,1.0,70.0,1.0,0.0,174.0,0.0,3.610917912644224
431374.0,0.0,26262561.0,448833.0,0.0,2.0,0.0,0.92,446.0,1.0,405.0,6.0,0.0,204.0,0.0,3.9889840465642745
65558.0,0.0,5218211.0,36273.0,0.0,0.0,270690.0,0.0,22.0,1.0,21.0,0.0,0.0,1211.0,0.0,2.6390573296152584
637935.0,1.0,4360265.0,26488.0,0.0,1.0,0.0,1.18,26.0,1.0,24.0,0.0,0.0,72.0,0.0,3.1780538303479458
139922.0,0.0,489896.0,57518.0,1.0,0.0,120382.0,0.0,48.0,1.0,37.0,1.0,0.0,225.0,0.0,4.158883083359672
383392.0,0.0,12728722.0,6164.0,1.0,0.0,1011774.0,0.0,11.0,1.0,9.0,0.0,0.0,67.0,0.0,4.990432586778736
623891.0,0.0,12092542.0,23144.0,0.0,1.0,0.0,1.1,19.0,1.0,15.0,0.0,0.0,80.0,0.0,2.5649493574615367
107923.0,0.0,15282383.0,24901.0,0.0,3.0,0.0,0.99,31.0,3.0,25.0,2.0,0.0,78.0,0.0,2.6390573296152584
607373.0,1.0,10839837.0,1475061.0,0.0,1.0,0.0,0.78,839.0,5.0,347.0,113.0,0.0,299.0,0.0,3.295836866004329
79461.0,1.0,615191.0,122207.0,0.0,3.0,0.0,0.8433,148.0,1.0,140.0,1.0,0.0,289.0,0.0,3.1780538303479458
206281.0,0.0,7842404.0,111945.0,1.0,1.0,0.0,0.99,167.0,3.0,163.0,0.0,0.0,931.0,0.0,4.770684624465665
690888.0,0.0,12159539.0,23144.0,0.0,1.0,0.0,1.1,19.0,1.0,15.0,0.0,0.0,80.0,0.0,3.4339872044851463
220964.0,0.0,3384642.0,5345.0,0.0,2.0,0.0,0.8,16.0,2.0,14.0,0.0,0.0,330.0,0.0,3.5263605246161616
365010.0,0.0,23928479.0,429238.0,0.0,1.0,0.0,0.76,302.0,5.0,200.0,20.0,0.0,238.0,0.0,4.406719247264253
230026.0,0.0,23793495.0,429238.0,0.0,1.0,0.0,0.76,302.0,5.0,200.0,20.0,0.0,238.0,0.0,5.424950017481403
778350.0,0.0,12247001.0,23144.0,0.0,1.0,0.0,1.1,19.0,1.0,15.0,0.0,0.0,80.0,0.0,2.6390573296152584
60024.0,1.0,6402630.0,394295.0,1.0,1.0,0.0,0.87,336.0,2.0,260.0,23.0,0.0,145.0,0.0,2.19722457733622
448084.0,0.0,1057554.0,33425.0,0.0,2.0,0.0,0.89,50.0,1.0,40.0,4.0,0.0,1345.0,0.0,3.044522437723423
562795.0,0.0,26522221.0,6230.0,0.0,1.0,0.0,0.97,14.0,1.0,13.0,0.0,0.0,136.0,0.0,4.07753744390572
167515.0,1.0,6959864.0,251902.0,0.0,1.0,0.0,0.94,103.0,1.0,47.0,8.0,0.0,106.0,0.0,3.713572066704308
290178.0,0.0,19216888.0,927611.0,1.0,1.0,0.0,0.86,614.0,3.0,475.0,27.0,0.0,168.0,0.0,4.04305126783455
661351.0,0.0,12130002.0,23144.0,0.0,1.0,0.0,1.1,19.0,1.0,15.0,0.0,0.0,80.0,0.0,2.70805020110221
41845.0,0.0,15132615.0,24901.0,0.0,3.0,0.0,0.99,31.0,3.0,25.0,2.0,0.0,78.0,0.0,3.091042453358316
24650.0,0.0,1349379.0,6378.0,0.0,0.0,42494.0,0.0,9.0,1.0,7.0,0.0,0.0,56.0,0.0,3.1354942159291497
4131.0,1.0,3704300.0,81730.0,1.0,1.0,0.0,0.82,100.0,3.0,86.0,3.0,0.0,398.0,0.0,2.302585092994046
27621.0,0.0,691808.0,685926.0,0.0,3.0,0.0,0.93,464.0,2.0,300.0,34.0,0.0,74.0,0.0,3.1354942159291497
944.0,1.0,720373.0,685926.0,0.0,3.0,0.0,0.93,464.0,2.0,300.0,34.0,0.0,74.0,0.0,3.951243718581428
571499.0,0.0,22991970.0,429238.0,0.0,1.0,0.0,0.76,302.0,5.0,200.0,20.0,0.0,238.0,0.0,5.147494476813453
288622.0,1.0,18638088.0,927611.0,1.0,1.0,0.0,0.86,614.0,3.0,475.0,27.0,0.0,168.0,0.0,3.4657359027997265
324655.0,0.0,23888124.0,429238.0,1.0,1.0,0.0,0.76,302.0,5.0,200.0,20.0,0.0,238.0,0.0,2.5649493574615367
294315.0,0.0,903785.0,33425.0,0.0,2.0,0.0,0.89,50.0,1.0,40.0,4.0,0.0,1345.0,0.0,4.007333185232471
536087.0,0.0,2091097.0,730752.0,1.0,5.0,0.0,0.972,416.0,8.0,251.0,22.0,0.0,327.0,0.0,2.3978952727983707
298253.0,0.0,19224963.0,927611.0,0.0,1.0,0.0,0.86,614.0,3.0,475.0,27.0,0.0,168.0,0.0,2.079441541679836
334345.0,0.0,12777769.0,6164.0,0.0,0.0,1011774.0,0.0,11.0,1.0,9.0,0.0,0.0,67.0,0.0,4.997212273764115
1756134.0,0.0,13418326.0,24901.0,1.0,3.0,0.0,0.99,31.0,3.0,25.0,2.0,0.0,78.0,0.0,3.9318256327243257
1514766.0,0.0,17411944.0,927611.0,0.0,1.0,0.0,0.86,614.0,3.0,475.0,27.0,0.0,168.0,0.0,3.332204510175204
436462.0,0.0,657048.0,22419.0,1.0,0.0,197585.0,0.0,17.0,2.0,9.0,2.0,0.0,203.0,0.0,2.6390573296152584
9883.0,0.0,7180816.0,5233.0,0.0,1.0,0.0,0.89,12.0,1.0,9.0,0.0,0.0,20.0,0.0,4.007333185232471
127304.0,0.0,24997606.0,80048.0,1.0,1.0,0.0,0.8,66.0,4.0,49.0,2.0,0.0,740.0,0.0,5.075173815233827
402197.0,0.0,23965666.0,429238.0,1.0,1.0,0.0,0.76,302.0,5.0,200.0,20.0,0.0,238.0,0.0,5.41164605185504
1029555.0,0.0,1590481.0,25167.0,0.0,0.0,1002026.0,0.0,13.0,0.0,5.0,3.0,0.0,50.0,0.0,4.553876891600541
24090.0,1.0,6008170.0,51808.0,0.0,1.0,0.0,1.05,47.0,1.0,39.0,0.0,0.0,123.0,0.0,3.044522437723423
1199946.0,0.0,17726764.0,927611.0,0.0,1.0,0.0,0.86,614.0,3.0,475.0,27.0,0.0,168.0,0.0,1.791759469228055
767577.0,0.0,18195780.0,5269.0,0.0,1.0,0.0,0.88,14.0,2.0,12.0,0.0,0.0,84.0,0.0,4.30406509320417
50140.0,0.0,779013.0,10488.0,1.0,1.0,0.0,0.84,12.0,4.0,7.0,0.0,0.0,333.0,0.0,2.302585092994046
88152.0,0.0,2082046.0,72008.0,1.0,1.0,0.0,0.95,80.0,1.0,74.0,1.0,0.0,151.0,0.0,3.713572066704308
160855.0,0.0,511322.0,233867.0,1.0,1.0,0.0,1.0,155.0,7.0,113.0,9.0,0.0,204.0,0.0,3.6375861597263857
544825.0,0.0,19471535.0,927611.0,0.0,1.0,0.0,0.86,614.0,3.0,475.0,27.0,0.0,168.0,0.0,5.14166355650266
74090.0,1.0,2948154.0,8803.0,1.0,1.0,0.0,0.92,25.0,1.0,24.0,0.0,0.0,88.0,0.0,2.302585092994046
62402.0,1.0,7606411.0,281987.0,1.0,1.0,0.0,0.98,301.0,2.0,273.0,9.0,0.0,309.0,0.0,2.3978952727983707
871735.0,0.0,19798445.0,927611.0,1.0,1.0,0.0,0.86,614.0,3.0,475.0,27.0,0.0,168.0,0.0,2.9444389791664403
363031.0,0.0,23823634.0,44883.0,0.0,1.0,0.0,1.05,30.0,1.0,22.0,2.0,0.0,74.0,0.0,5.676753802268282
291250.0,0.0,1794233.0,148489.0,1.0,1.0,0.0,0.96,128.0,1.0,107.0,1.0,0.0,108.0,0.0,2.9444389791664403
24635.0,0.0,7313284.0,394619.0,1.0,1.0,0.0,0.89,385.0,1.0,334.0,8.0,0.0,170.0,0.0,3.8918202981106265
3944.0,1.0,3235246.0,302818.0,1.0,3.0,0.0,0.94,368.0,2.0,313.0,11.0,0.0,179.0,0.0,3.610917912644224
747571.0,0.0,12216222.0,23144.0,0.0,1.0,0.0,1.1,19.0,1.0,15.0,0.0,0.0,80.0,0.0,3.8918202981106265
155175.0,0.0,21959933.0,407899.0,0.0,1.0,0.0,0.82,151.0,4.0,68.0,22.0,0.0,275.0,0.0,3.1354942159291497
120035.0,0.0,25028109.0,66555.0,1.0,1.0,0.0,1.11,57.0,7.0,49.0,0.0,0.0,44.0,0.0,3.218875824868201
101865.0,0.0,5420320.0,9999.0,0.0,0.0,200389.0,0.0,7.0,1.0,6.0,0.0,0.0,42.0,0.0,3.49650756146648
363933.0,1.0,6114254.0,611853.0,1.0,2.0,0.0,0.78,517.0,2.0,306.0,45.0,0.0,115.0,0.0,2.5649493574615367
38572.0,1.0,1711995.0,199872.0,0.0,1.0,0.0,0.93,260.0,2.0,234.0,8.0,0.0,99.0,0.0,5.267858159063328
423668.0,0.0,7928858.0,111945.0,0.0,1.0,0.0,0.99,167.0,3.0,163.0,0.0,0.0,931.0,0.0,4.653960350157523
110861.0,0.0,590476.0,49720.0,0.0,1.0,0.0,0.97,43.0,1.0,41.0,1.0,0.0,1031.0,0.0,2.4849066497880004
118835.0,0.0,15293295.0,24901.0,1.0,3.0,0.0,0.99,31.0,3.0,25.0,2.0,0.0,78.0,0.0,3.4657359027997265
644333.0,0.0,17683481.0,13893.0,1.0,0.0,1864631.0,0.0,10.0,2.0,8.0,0.0,0.0,168.0,0.0,4.983606621708336
319247.0,0.0,12792867.0,6164.0,0.0,0.0,1011774.0,0.0,11.0,1.0,9.0,0.0,0.0,67.0,0.0,2.079441541679836
57229.0,0.0,6618556.0,24946.0,0.0,0.0,46680.0,0.0,18.0,0.0,8.0,2.0,0.0,73.0,0.0,4.356708826689592
561257.0,0.0,26392444.0,448833.0,0.0,2.0,0.0,0.92,446.0,1.0,405.0,6.0,0.0,204.0,0.0,2.833213344056216
77456.0,0.0,6768747.0,13345.0,1.0,1.0,0.0,1.05,32.0,2.0,30.0,0.0,0.0,200.0,0.0,4.584967478670572
58814.0,0.0,2932878.0,8803.0,1.0,1.0,0.0,0.92,25.0,1.0,24.0,0.0,0.0,88.0,0.0,4.07753744390572
1676493.0,0.0,13497967.0,24901.0,1.0,3.0,0.0,0.99,31.0,3.0,25.0,2.0,0.0,78.0,0.0,3.4339872044851463
80374.0,0.0,6595411.0,24946.0,1.0,0.0,46680.0,0.0,18.0,0.0,8.0,2.0,0.0,73.0,0.0,4.060443010546419
28639.0,0.0,604199.0,63863.0,1.0,0.0,43104.0,0.0,49.0,1.0,42.0,1.0,0.0,260.0,0.0,3.784189633918261
215380.0,1.0,3601698.0,363512.0,0.0,1.0,0.0,0.9,362.0,2.0,318.0,16.0,0.0,360.0,0.0,2.8903717578961645
360900.0,0.0,19324257.0,5269.0,0.0,1.0,0.0,0.88,14.0,2.0,12.0,0.0,0.0,84.0,0.0,4.605170185988092
72659.0,0.0,4195232.0,132755.0,0.0,2.0,0.0,0.825,257.0,2.0,254.0,0.0,0.0,169.0,0.0,2.079441541679836
51206.0,0.0,1956329.0,104921.0,1.0,1.0,0.0,0.82,80.0,3.0,65.0,1.0,0.0,244.0,0.0,4.762173934797756
1502805.0,0.0,17423905.0,927611.0,0.0,1.0,0.0,0.86,614.0,3.0,475.0,27.0,0.0,168.0,0.0,3.951243718581428
218192.0,1.0,11229018.0,1475061.0,0.0,1.0,0.0,0.78,839.0,5.0,347.0,113.0,0.0,299.0,0.0,3.828641396489095
133947.0,0.0,3448211.0,50222.0,1.0,1.0,0.0,0.86,29.0,1.0,26.0,1.0,0.0,62.0,0.0,2.19722457733622
71491.0,1.0,2523473.0,74511.0,0.0,0.0,63163.0,0.0,83.0,1.0,68.0,2.0,0.0,45.0,0.0,5.752572638825633
570759.0,0.0,12017969.0,1475061.0,1.0,1.0,0.0,0.78,839.0,5.0,347.0,113.0,0.0,299.0,0.0,3.688879454113936
19016.0,0.0,7090150.0,4735.0,1.0,1.0,0.0,0.85,7.0,1.0,6.0,0.0,0.0,37.0,0.0,3.091042453358316
133648.0,0.0,7999638.0,2923.0,0.0,1.0,0.0,0.99,10.0,1.0,9.0,0.0,0.0,226.0,0.0,2.302585092994046
42587.0,0.0,786566.0,10488.0,1.0,1.0,0.0,0.84,12.0,4.0,7.0,0.0,0.0,333.0,0.0,2.8903717578961645
82442.0,0.0,15256902.0,24901.0,0.0,3.0,0.0,0.99,31.0,3.0,25.0,2.0,0.0,78.0,0.0,3.4657359027997265
30177.0,1.0,7574186.0,281987.0,0.0,1.0,0.0,0.98,301.0,2.0,273.0,9.0,0.0,309.0,0.0,5.075173815233827
218387.0,0.0,3382065.0,5345.0,0.0,2.0,0.0,0.8,16.0,2.0,14.0,0.0,0.0,330.0,0.0,4.897839799950911
129349.0,0.0,3851679.0,26488.0,0.0,1.0,0.0,1.18,26.0,1.0,24.0,0.0,0.0,72.0,0.0,3.1780538303479458
278225.0,0.0,1989744.0,5668.0,0.0,0.0,17747.0,0.0,4.0,1.0,3.0,0.0,0.0,64.0,0.0,3.332204510175204
79090.0,0.0,3083546.0,3118.0,1.0,1.0,0.0,0.92,3.0,2.0,0.0,0.0,0.0,36.0,0.0,2.9444389791664403
161323.0,0.0,4091582.0,24238.0,0.0,1.0,0.0,0.84,36.0,1.0,35.0,0.0,0.0,40.0,0.0,2.3978952727983707
363863.0,0.0,7988663.0,111945.0,1.0,1.0,0.0,0.99,167.0,3.0,163.0,0.0,0.0,931.0,0.0,2.995732273553991
42503.0,0.0,1965032.0,104921.0,1.0,1.0,0.0,0.82,80.0,3.0,65.0,1.0,0.0,244.0,0.0,2.995732273553991
55769.0,1.0,18870941.0,927611.0,0.0,1.0,0.0,0.86,614.0,3.0,475.0,27.0,0.0,168.0,0.0,4.584967478670572
597215.0,0.0,22966254.0,429238.0,0.0,1.0,0.0,0.76,302.0,5.0,200.0,20.0,0.0,238.0,0.0,4.02535169073515
37423.0,1.0,7581432.0,281987.0,1.0,1.0,0.0,0.98,301.0,2.0,273.0,9.0,0.0,309.0,0.0,3.1354942159291497
515.0,1.0,2250439.0,98417.0,0.0,1.0,0.0,0.93,66.0,2.0,50.0,2.0,0.0,171.0,0.0,3.828641396489095
5886.0,0.0,624306.0,18948.0,0.0,1.0,0.0,1.05,17.0,1.0,15.0,0.0,0.0,63.0,0.0,4.820281565605037
552879.0,0.0,16486269.0,13893.0,1.0,0.0,1864631.0,0.0,10.0,2.0,8.0,0.0,0.0,168.0,0.0,2.6390573296152584
327033.0,0.0,23890502.0,429238.0,0.0,1.0,0.0,0.76,302.0,5.0,200.0,20.0,0.0,238.0,0.0,3.912023005428146
41858.0,0.0,3205536.0,5345.0,0.0,2.0,0.0,0.8,16.0,2.0,14.0,0.0,0.0,330.0,0.0,3.912023005428146
21048.0,0.0,651129.0,233867.0,0.0,1.0,0.0,1.0,155.0,7.0,113.0,9.0,0.0,204.0,0.0,2.70805020110221
607789.0,0.0,21196969.0,407899.0,1.0,1.0,0.0,0.82,151.0,4.0,68.0,22.0,0.0,275.0,0.0,3.367295829986474
402204.0,0.0,23965673.0,429238.0,1.0,1.0,0.0,0.76,302.0,5.0,200.0,20.0,0.0,238.0,0.0,5.075173815233827
644061.0,1.0,4366391.0,26488.0,0.0,1.0,0.0,1.18,26.0,1.0,24.0,0.0,0.0,72.0,0.0,4.276666119016055
83505.0,0.0,19046862.0,5269.0,1.0,1.0,0.0,0.88,14.0,2.0,12.0,0.0,0.0,84.0,0.0,3.713572066704308
302941.0,0.0,26134128.0,448833.0,1.0,2.0,0.0,0.92,446.0,1.0,405.0,6.0,0.0,204.0,0.0,4.02535169073515
68558.0,0.0,769895.0,49720.0,1.0,1.0,0.0,0.97,43.0,1.0,41.0,1.0,0.0,1031.0,0.0,3.091042453358316
57295.0,0.0,4949468.0,70638.0,1.0,1.0,0.0,0.95,49.0,2.0,37.0,3.0,0.0,72.0,0.0,2.3978952727983707
8766.0,1.0,728195.0,685926.0,1.0,3.0,0.0,0.93,464.0,2.0,300.0,34.0,0.0,74.0,0.0,1.9459101490553128
316957.0,1.0,6067278.0,611853.0,0.0,2.0,0.0,0.78,517.0,2.0,306.0,45.0,0.0,115.0,0.0,4.418840607796598
137187.0,1.0,4653594.0,574324.0,0.0,1.0,0.0,0.93,529.0,2.0,401.0,25.0,0.0,132.0,0.0,4.7535901911063645
140279.0,1.0,4656686.0,574324.0,0.0,1.0,0.0,0.93,529.0,2.0,401.0,25.0,0.0,132.0,0.0,2.995732273553991
81797.0,0.0,5440388.0,9999.0,0.0,0.0,200389.0,0.0,7.0,1.0,6.0,0.0,0.0,42.0,0.0,3.58351893845611
389555.0,0.0,22892403.0,7465.0,1.0,3.0,0.0,0.9067,23.0,2.0,21.0,0.0,0.0,600.0,0.0,3.8918202981106265
1295727.0,0.0,17630983.0,927611.0,1.0,1.0,0.0,0.86,614.0,3.0,475.0,27.0,0.0,168.0,0.0,3.044522437723423
136518.0,0.0,1848037.0,5668.0,1.0,0.0,17747.0,0.0,4.0,1.0,3.0,0.0,0.0,64.0,0.0,3.610917912644224
403493.0,0.0,624079.0,22419.0,0.0,0.0,197585.0,0.0,17.0,2.0,9.0,2.0,0.0,203.0,0.0,5.6937321388027
278234.0,0.0,3441912.0,5345.0,1.0,2.0,0.0,0.8,16.0,2.0,14.0,0.0,0.0,330.0,0.0,4.219507705176107
103237.0,0.0,4219671.0,11350.0,1.0,1.0,0.0,0.9,10.0,5.0,5.0,0.0,0.0,298.0,0.0,3.58351893845611
23731.0,1.0,6968737.0,65768.0,1.0,1.0,0.0,1.01,58.0,1.0,55.0,0.0,0.0,54.0,0.0,4.262679877041316
69511.0,1.0,6412117.0,394295.0,0.0,1.0,0.0,0.87,336.0,2.0,260.0,23.0,0.0,145.0,0.0,2.9444389791664403
86491.0,0.0,24956793.0,80048.0,0.0,1.0,0.0,0.8,66.0,4.0,49.0,2.0,0.0,740.0,0.0,3.4657359027997265
314118.0,0.0,26145305.0,448833.0,1.0,2.0,0.0,0.92,446.0,1.0,405.0,6.0,0.0,204.0,0.0,4.290459441148391
96154.0,1.0,24655087.0,22565.0,0.0,1.0,0.0,0.95,47.0,2.0,45.0,0.0,0.0,423.0,0.0,2.079441541679836
194702.0,1.0,18732008.0,927611.0,0.0,1.0,0.0,0.86,614.0,3.0,475.0,27.0,0.0,168.0,0.0,1.9459101490553128
225035.0,1.0,2273611.0,7419.0,0.0,1.0,0.0,0.96,14.0,1.0,13.0,0.0,0.0,59.0,0.0,4.394449154672439
20599.0,0.0,4495808.0,574324.0,0.0,1.0,0.0,0.93,529.0,2.0,401.0,25.0,0.0,132.0,0.0,1.9459101490553128
655060.0,0.0,22908409.0,429238.0,0.0,1.0,0.0,0.76,302.0,5.0,200.0,20.0,0.0,238.0,0.0,4.127134385045092
824334.0,1.0,18102376.0,927611.0,0.0,1.0,0.0,0.86,614.0,3.0,475.0,27.0,0.0,168.0,0.0,2.19722457733622
74446.0,0.0,15100014.0,24901.0,1.0,3.0,0.0,0.99,31.0,3.0,25.0,2.0,0.0,78.0,0.0,3.8918202981106265
1128029.0,0.0,14046431.0,24901.0,1.0,3.0,0.0,0.99,31.0,3.0,25.0,2.0,0.0,78.0,0.0,3.688879454113936
38664.0,0.0,790489.0,10488.0,0.0,1.0,0.0,0.84,12.0,4.0,7.0,0.0,0.0,333.0,0.0,3.218875824868201
304054.0,0.0,19230764.0,927611.0,1.0,1.0,0.0,0.86,614.0,3.0,475.0,27.0,0.0,168.0,0.0,3.555348061489413
66401.0,0.0,6779802.0,13345.0,1.0,1.0,0.0,1.05,32.0,2.0,30.0,0.0,0.0,200.0,0.0,3.784189633918261
4529.0,0.0,11291473.0,154992.0,1.0,30.0,0.0,0.859,334.0,1.0,328.0,1.0,0.0,405.0,0.0,3.218875824868201
1214265.0,0.0,20140975.0,927611.0,0.0,1.0,0.0,0.86,614.0,3.0,475.0,27.0,0.0,168.0,0.0,2.995732273553991
220895.0,1.0,2319309.0,324575.0,1.0,1.0,0.0,0.86,338.0,4.0,280.0,18.0,0.0,217.0,0.0,4.3694478524670215
125443.0,0.0,3987195.0,39210.0,0.0,1.0,0.0,0.9,42.0,3.0,35.0,0.0,0.0,108.0,0.0,3.295836866004329
54626.0,1.0,25093518.0,66555.0,0.0,1.0,0.0,1.11,57.0,7.0,49.0,0.0,0.0,44.0,0.0,4.07753744390572
299838.0,0.0,22802686.0,7465.0,0.0,3.0,0.0,0.9067,23.0,2.0,21.0,0.0,0.0,600.0,0.0,3.218875824868201
31212.0,1.0,302441.0,191707.0,1.0,1.0,0.0,1.22,127.0,1.0,91.0,8.0,0.0,480.0,0.0,2.19722457733622
15905.0,1.0,53520.0,157128.0,1.0,1.0,0.0,1.24,88.0,4.0,59.0,3.0,0.0,94.0,0.0,4.02535169073515
2427.0,0.0,25516310.0,284620.0,0.0,1.0,0.0,0.97,155.0,2.0,119.0,9.0,0.0,124.0,0.0,2.3978952727983707
66674.0,0.0,1778193.0,5668.0,0.0,0.0,17747.0,0.0,4.0,1.0,3.0,0.0,0.0,64.0,0.0,2.6390573296152584
163564.0,1.0,434793.0,191707.0,0.0,1.0,0.0,1.22,127.0,1.0,91.0,8.0,0.0,480.0,0.0,5.963579343618446
46015.0,1.0,1457948.0,29024.0,1.0,1.0,0.0,0.91,21.0,2.0,19.0,0.0,0.0,128.0,0.0,2.3978952727983707
39015.0,0.0,1931613.0,7270.0,0.0,0.0,243.0,0.0,11.0,2.0,9.0,0.0,0.0,19.0,0.0,3.610917912644224
386598.0,0.0,22889446.0,7465.0,1.0,3.0,0.0,0.9067,23.0,2.0,21.0,0.0,0.0,600.0,0.0,2.3978952727983707
89614.0,0.0,1511994.0,51594.0,0.0,0.0,37936.0,0.0,80.0,2.0,78.0,0.0,0.0,225.0,0.0,3.4657359027997265
234477.0,0.0,12327199.0,177422.0,1.0,1.0,0.0,0.93,85.0,5.0,47.0,11.0,0.0,112.0,0.0,1.6094379124341005
73430.0,1.0,609160.0,122207.0,1.0,3.0,0.0,0.8433,148.0,1.0,140.0,1.0,0.0,289.0,0.0,2.6390573296152584
203559.0,0.0,9017759.0,4557.0,0.0,1.0,0.0,1.18,14.0,1.0,13.0,0.0,0.0,232.0,0.0,2.3978952727983707
261781.0,0.0,22764629.0,7465.0,0.0,3.0,0.0,0.9067,23.0,2.0,21.0,0.0,0.0,600.0,0.0,3.044522437723423
235269.0,0.0,4960347.0,23244.0,0.0,0.0,148072.0,0.0,23.0,1.0,22.0,0.0,0.0,371.0,0.0,5.3981627015177525
37304.0,0.0,1595451.0,23788.0,1.0,1.0,0.0,0.91,20.0,2.0,9.0,2.0,0.0,52.0,0.0,2.6390573296152584
120514.0,0.0,5291148.0,34959.0,0.0,1.0,0.0,0.99,42.0,2.0,33.0,1.0,0.0,99.0,0.0,3.218875824868201
9816.0,1.0,10617473.0,53877.0,0.0,5.0,0.0,0.816,109.0,3.0,102.0,0.0,0.0,35.0,0.0,4.382026634673881
935488.0,0.0,1156074.0,22419.0,1.0,0.0,197585.0,0.0,17.0,2.0,9.0,2.0,0.0,203.0,0.0,3.737669618283368
19320.0,0.0,7089846.0,4735.0,1.0,1.0,0.0,0.85,7.0,1.0,6.0,0.0,0.0,37.0,0.0,2.6390573296152584
3949.0,1.0,4352896.0,48227.0,0.0,1.0,0.0,1.02,31.0,1.0,16.0,5.0,0.0,84.0,0.0,3.218875824868201
441408.0,1.0,11418785.0,498345.0,1.0,1.0,0.0,0.75,351.0,4.0,247.0,18.0,0.0,260.0,0.0,4.394449154672439
29153.0,1.0,748582.0,685926.0,0.0,3.0,0.0,0.93,464.0,2.0,300.0,34.0,0.0,74.0,0.0,5.0238805208462765
11669.0,1.0,11447406.0,24249.0,1.0,1.0,0.0,1.02,25.0,1.0,22.0,0.0,0.0,155.0,0.0,2.3978952727983707
555549.0,0.0,26386736.0,448833.0,0.0,2.0,0.0,0.92,446.0,1.0,405.0,6.0,0.0,204.0,0.0,2.5649493574615367
347749.0,0.0,25098990.0,22565.0,0.0,1.0,0.0,0.95,47.0,2.0,45.0,0.0,0.0,423.0,0.0,2.302585092994046
1110833.0,0.0,10749360.0,498345.0,0.0,1.0,0.0,0.75,351.0,4.0,247.0,18.0,0.0,260.0,0.0,2.302585092994046
1763804.0,0.0,13410656.0,24901.0,1.0,3.0,0.0,0.99,31.0,3.0,25.0,2.0,0.0,78.0,0.0,5.860786223465865
1314410.0,0.0,17612300.0,927611.0,0.0,1.0,0.0,0.86,614.0,3.0,475.0,27.0,0.0,168.0,0.0,3.80666248977032
12822.0,0.0,7096344.0,4735.0,1.0,1.0,0.0,0.85,7.0,1.0,6.0,0.0,0.0,37.0,0.0,3.332204510175204
45464.0,1.0,1452123.0,65530.0,0.0,0.0,34197.0,0.0,55.0,1.0,27.0,6.0,0.0,516.0,0.0,2.302585092994046
60554.0,0.0,4207337.0,132755.0,1.0,2.0,0.0,0.825,257.0,2.0,254.0,0.0,0.0,169.0,0.0,2.995732273553991
110862.0,0.0,590475.0,49720.0,0.0,1.0,0.0,0.97,43.0,1.0,41.0,1.0,0.0,1031.0,0.0,3.4011973816621555
50148.0,0.0,4753814.0,313011.0,1.0,2.0,0.0,0.89,429.0,8.0,392.0,6.0,0.0,115.0,0.0,4.394449154672439
484068.0,0.0,25347119.0,448833.0,0.0,2.0,0.0,0.92,446.0,1.0,405.0,6.0,0.0,204.0,0.0,1.9459101490553128
43344.0,1.0,25104800.0,66555.0,0.0,1.0,0.0,1.11,57.0,7.0,49.0,0.0,0.0,44.0,0.0,3.5263605246161616
462191.0,0.0,26293378.0,448833.0,1.0,2.0,0.0,0.92,446.0,1.0,405.0,6.0,0.0,204.0,0.0,4.584967478670572
1336450.0,0.0,17590260.0,927611.0,1.0,1.0,0.0,0.86,614.0,3.0,475.0,27.0,0.0,168.0,0.0,1.9459101490553128
438257.0,0.0,26269444.0,448833.0,0.0,2.0,0.0,0.92,446.0,1.0,405.0,6.0,0.0,204.0,0.0,3.784189633918261
1404897.0,0.0,20331607.0,927611.0,1.0,1.0,0.0,0.86,614.0,3.0,475.0,27.0,0.0,168.0,0.0,2.995732273553991
422.0,0.0,7289071.0,394619.0,0.0,1.0,0.0,0.89,385.0,1.0,334.0,8.0,0.0,170.0,0.0,3.4011973816621555
50505.0,0.0,8300060.0,22222.0,0.0,1.0,0.0,0.97,16.0,1.0,14.0,0.0,0.0,98.0,0.0,3.367295829986474
567581.0,0.0,2052455.0,25167.0,0.0,0.0,1002026.0,0.0,13.0,0.0,5.0,3.0,0.0,50.0,0.0,3.4339872044851463
2751.0,0.0,3186043.0,164464.0,1.0,1.0,0.0,1.04,151.0,3.0,133.0,4.0,0.0,52.0,0.0,3.218875824868201
17577.0,1.0,2469559.0,74511.0,0.0,0.0,63163.0,0.0,83.0,1.0,68.0,2.0,0.0,45.0,0.0,4.5217885770490405
926450.0,0.0,14248010.0,24901.0,1.0,3.0,0.0,0.99,31.0,3.0,25.0,2.0,0.0,78.0,0.0,2.5649493574615367
354443.0,0.0,1052216.0,65530.0,0.0,0.0,34197.0,0.0,55.0,1.0,27.0,6.0,0.0,516.0,0.0,3.784189633918261
183007.0,0.0,6757745.0,33888.0,0.0,1.0,0.0,1.01,54.0,2.0,52.0,0.0,0.0,590.0,0.0,1.791759469228055
536765.0,0.0,25288006.0,22565.0,1.0,1.0,0.0,0.95,47.0,2.0,45.0,0.0,0.0,423.0,0.0,4.30406509320417
459249.0,0.0,947410.0,65530.0,1.0,0.0,34197.0,0.0,55.0,1.0,27.0,6.0,0.0,516.0,0.0,3.951243718581428
405533.0,0.0,23969002.0,429238.0,0.0,1.0,0.0,0.76,302.0,5.0,200.0,20.0,0.0,238.0,0.0,3.610917912644224
109585.0,0.0,25038559.0,66555.0,0.0,1.0,0.0,1.11,57.0,7.0,49.0,0.0,0.0,44.0,0.0,2.6390573296152584
416621.0,0.0,22221379.0,407899.0,0.0,1.0,0.0,0.82,151.0,4.0,68.0,22.0,0.0,275.0,0.0,2.8903717578961645
1018419.0,0.0,21484429.0,7465.0,1.0,3.0,0.0,0.9067,23.0,2.0,21.0,0.0,0.0,600.0,0.0,4.174387269895637
205827.0,0.0,426413.0,22419.0,1.0,0.0,197585.0,0.0,17.0,2.0,9.0,2.0,0.0,203.0,0.0,2.6390573296152584
47790.0,1.0,407266.0,20972.0,0.0,2.0,0.0,0.91,44.0,4.0,39.0,0.0,0.0,117.0,0.0,3.258096538021482
856.0,1.0,3720100.0,8909.0,1.0,0.0,12260.0,0.0,9.0,0.0,5.0,0.0,0.0,192.0,0.0,5.645446897643238
1485733.0,0.0,17440977.0,927611.0,0.0,1.0,0.0,0.86,614.0,3.0,475.0,27.0,0.0,168.0,0.0,3.970291913552122
2272.0,1.0,3718684.0,8909.0,0.0,0.0,12260.0,0.0,9.0,0.0,5.0,0.0,0.0,192.0,0.0,3.218875824868201
57811.0,1.0,977733.0,247493.0,1.0,1.0,0.0,0.84,324.0,9.0,302.0,1.0,0.0,250.0,0.0,2.4849066497880004
308331.0,1.0,4824738.0,574324.0,0.0,1.0,0.0,0.93,529.0,2.0,401.0,25.0,0.0,132.0,0.0,2.8903717578961645
16882.0,1.0,4129520.0,39210.0,1.0,1.0,0.0,0.9,42.0,3.0,35.0,0.0,0.0,108.0,0.0,4.955827057601261
845848.0,1.0,10464872.0,1181213.0,0.0,1.0,0.0,0.77,966.0,3.0,683.0,63.0,0.0,298.0,0.0,4.007333185232471
1522930.0,0.0,13651530.0,24901.0,1.0,3.0,0.0,0.99,31.0,3.0,25.0,2.0,0.0,78.0,0.0,3.1780538303479458
18253.0,1.0,10931616.0,57801.0,0.0,7.0,0.0,0.7629,114.0,2.0,81.0,3.0,0.0,128.0,0.0,2.70805020110221
729460.0,0.0,12198111.0,23144.0,0.0,1.0,0.0,1.1,19.0,1.0,15.0,0.0,0.0,80.0,0.0,2.19722457733622
46814.0,1.0,11813379.0,498345.0,0.0,1.0,0.0,0.75,351.0,4.0,247.0,18.0,0.0,260.0,0.0,3.1354942159291497
28243.0,0.0,7607880.0,111945.0,1.0,1.0,0.0,0.99,167.0,3.0,163.0,0.0,0.0,931.0,0.0,3.295836866004329
313584.0,1.0,1181605.0,86371.0,1.0,2.0,0.0,0.85,121.0,1.0,113.0,1.0,0.0,381.0,0.0,1.9459101490553128
7822.0,1.0,1374608.0,42844.0,1.0,0.0,25688.0,0.0,25.0,2.0,12.0,1.0,0.0,22.0,0.0,3.737669618283368
157028.0,1.0,2383176.0,324575.0,0.0,1.0,0.0,0.86,338.0,4.0,280.0,18.0,0.0,217.0,0.0,4.276666119016055
20546.0,0.0,1771113.0,199872.0,1.0,1.0,0.0,0.93,260.0,2.0,234.0,8.0,0.0,99.0,0.0,3.80666248977032
458.0,1.0,38073.0,157128.0,0.0,1.0,0.0,1.24,88.0,4.0,59.0,3.0,0.0,94.0,0.0,4.262679877041316
7035.0,1.0,1699188.0,24593.0,1.0,1.0,0.0,1.02,31.0,4.0,25.0,0.0,0.0,540.0,0.0,4.0943445622221
153758.0,0.0,17192906.0,13893.0,1.0,0.0,1864631.0,0.0,10.0,2.0,8.0,0.0,0.0,168.0,0.0,3.218875824868201
51606.0,0.0,1460421.0,19301.0,1.0,1.0,0.0,0.83,26.0,2.0,23.0,0.0,0.0,51.0,0.0,3.5263605246161616
70894.0,0.0,680364.0,33425.0,0.0,2.0,0.0,0.89,50.0,1.0,40.0,4.0,0.0,1345.0,0.0,3.218875824868201
69890.0,1.0,341119.0,191707.0,1.0,1.0,0.0,1.22,127.0,1.0,91.0,8.0,0.0,480.0,0.0,3.332204510175204
261513.0,1.0,527554.0,16502.0,0.0,1.0,0.0,1.11,19.0,3.0,16.0,0.0,0.0,132.0,0.0,4.007333185232471
21891.0,0.0,3172420.0,100187.0,0.0,1.0,0.0,1.06,79.0,5.0,64.0,1.0,0.0,114.0,0.0,2.5649493574615367
214502.0,0.0,435088.0,22419.0,0.0,0.0,197585.0,0.0,17.0,2.0,9.0,2.0,0.0,203.0,0.0,4.51085950651685
510999.0,0.0,23052470.0,429238.0,1.0,1.0,0.0,0.76,302.0,5.0,200.0,20.0,0.0,238.0,0.0,3.8501476017100575
119698.0,1.0,796685.0,5083.0,0.0,1.0,0.0,0.99,9.0,2.0,7.0,0.0,0.0,54.0,0.0,1.791759469228055
144807.0,0.0,527370.0,233867.0,1.0,1.0,0.0,1.0,155.0,7.0,113.0,9.0,0.0,204.0,0.0,2.079441541679836
57956.0,0.0,1324474.0,42844.0,1.0,0.0,25688.0,0.0,25.0,2.0,12.0,1.0,0.0,22.0,0.0,4.543294782270004
178218.0,1.0,11268992.0,1475061.0,0.0,1.0,0.0,0.78,839.0,5.0,347.0,113.0,0.0,299.0,0.0,2.302585092994046
19155.0,1.0,7149562.0,117874.0,0.0,1.0,0.0,0.87,98.0,1.0,75.0,6.0,0.0,201.0,0.0,2.302585092994046
96894.0,1.0,996882.0,23363.0,0.0,2.0,0.0,0.89,34.0,1.0,24.0,1.0,0.0,213.0,0.0,3.5263605246161616
70569.0,0.0,771906.0,49720.0,0.0,1.0,0.0,0.97,43.0,1.0,41.0,1.0,0.0,1031.0,0.0,3.367295829986474
839484.0,0.0,18123873.0,5269.0,1.0,1.0,0.0,0.88,14.0,2.0,12.0,0.0,0.0,84.0,0.0,4.04305126783455
597908.0,0.0,12066559.0,23144.0,0.0,1.0,0.0,1.1,19.0,1.0,15.0,0.0,0.0,80.0,0.0,2.079441541679836
595896.0,0.0,26427083.0,448833.0,0.0,2.0,0.0,0.92,446.0,1.0,405.0,6.0,0.0,204.0,0.0,2.5649493574615367
429672.0,0.0,23994222.0,19262.0,0.0,1.0,0.0,0.99,8.0,1.0,6.0,0.0,0.0,49.0,0.0,4.158883083359672
316037.0,1.0,6066358.0,611853.0,0.0,2.0,0.0,0.78,517.0,2.0,306.0,45.0,0.0,115.0,0.0,4.143134726391533
154467.0,0.0,3318145.0,5345.0,1.0,2.0,0.0,0.8,16.0,2.0,14.0,0.0,0.0,330.0,0.0,2.833213344056216
16081.0,1.0,735510.0,685926.0,1.0,3.0,0.0,0.93,464.0,2.0,300.0,34.0,0.0,74.0,0.0,3.49650756146648
512898.0,0.0,11981549.0,23144.0,0.0,1.0,0.0,1.1,19.0,1.0,15.0,0.0,0.0,80.0,0.0,4.007333185232471
830755.0,0.0,1789281.0,25167.0,0.0,0.0,1002026.0,0.0,13.0,0.0,5.0,3.0,0.0,50.0,0.0,4.859812404361672
104954.0,1.0,11755239.0,498345.0,1.0,1.0,0.0,0.75,351.0,4.0,247.0,18.0,0.0,260.0,0.0,1.9459101490553128
511663.0,0.0,16527485.0,13893.0,1.0,0.0,1864631.0,0.0,10.0,2.0,8.0,0.0,0.0,168.0,0.0,4.875197323201151
72553.0,1.0,3263870.0,115752.0,1.0,0.0,15018.0,0.0,48.0,1.0,18.0,5.0,0.0,173.0,0.0,3.688879454113936
47798.0,1.0,85413.0,157128.0,0.0,1.0,0.0,1.24,88.0,4.0,59.0,3.0,0.0,94.0,0.0,3.258096538021482
8156.0,1.0,2206818.0,52115.0,1.0,0.0,74.0,0.0,47.0,1.0,35.0,2.0,0.0,216.0,0.0,4.262679877041316
2768.0,1.0,11311628.0,68394.0,0.0,2.0,0.0,1.14,77.0,2.0,59.0,2.0,0.0,5.0,0.0,4.418840607796598
45820.0,0.0,3901685.0,26961.0,0.0,1.0,0.0,0.97,16.0,1.0,9.0,3.0,0.0,83.0,0.0,4.356708826689592
15708.0,1.0,25834344.0,34597.0,1.0,1.0,0.0,1.11,35.0,3.0,32.0,0.0,0.0,59.0,0.0,5.438079308923196
372981.0,0.0,26204168.0,448833.0,1.0,2.0,0.0,0.92,446.0,1.0,405.0,6.0,0.0,204.0,0.0,4.23410650459726
107199.0,0.0,24316695.0,19262.0,1.0,1.0,0.0,0.99,8.0,1.0,6.0,0.0,0.0,49.0,0.0,3.912023005428146
41333.0,1.0,23522136.0,429238.0,0.0,1.0,0.0,0.76,302.0,5.0,200.0,20.0,0.0,238.0,0.0,3.6635616461296463
3134.0,1.0,11311994.0,68394.0,1.0,2.0,0.0,1.14,77.0,2.0,59.0,2.0,0.0,5.0,0.0,3.58351893845611
65297.0,1.0,12158019.0,177422.0,0.0,1.0,0.0,0.93,85.0,5.0,47.0,11.0,0.0,112.0,0.0,2.5649493574615367
6827.0,1.0,679004.0,233867.0,0.0,1.0,0.0,1.0,155.0,7.0,113.0,9.0,0.0,204.0,0.0,2.4849066497880004
618239.0,1.0,10828971.0,1475061.0,0.0,1.0,0.0,0.78,839.0,5.0,347.0,113.0,0.0,299.0,0.0,2.9444389791664403
66743.0,1.0,2940807.0,8803.0,0.0,1.0,0.0,0.92,25.0,1.0,24.0,0.0,0.0,88.0,0.0,2.833213344056216
870724.0,0.0,18092633.0,5269.0,0.0,1.0,0.0,0.88,14.0,2.0,12.0,0.0,0.0,84.0,0.0,3.688879454113936
113643.0,0.0,25034501.0,66555.0,0.0,1.0,0.0,1.11,57.0,7.0,49.0,0.0,0.0,44.0,0.0,5.267858159063328
44738.0,0.0,1534071.0,95324.0,1.0,1.0,0.0,1.13,56.0,2.0,41.0,3.0,0.0,74.0,0.0,2.772588722239781
740180.0,0.0,21762668.0,7465.0,0.0,3.0,0.0,0.9067,23.0,2.0,21.0,0.0,0.0,600.0,0.0,3.091042453358316
730839.0,0.0,12199490.0,23144.0,0.0,1.0,0.0,1.1,19.0,1.0,15.0,0.0,0.0,80.0,0.0,2.8903717578961645
30723.0,1.0,448525.0,75433.0,0.0,1.0,0.0,0.81,82.0,2.0,60.0,4.0,0.0,29.0,0.0,4.356708826689592
22267.0,0.0,3839345.0,363512.0,1.0,1.0,0.0,0.9,362.0,2.0,318.0,16.0,0.0,360.0,0.0,4.941642422609304
1361165.0,0.0,20287875.0,927611.0,1.0,1.0,0.0,0.86,614.0,3.0,475.0,27.0,0.0,168.0,0.0,3.9318256327243257
45269.0,1.0,25264957.0,111164.0,0.0,0.0,50884.0,0.0,80.0,1.0,47.0,12.0,0.0,97.0,0.0,4.204692619390966
768452.0,0.0,22573210.0,407899.0,0.0,1.0,0.0,0.82,151.0,4.0,68.0,22.0,0.0,275.0,0.0,2.302585092994046
49676.0,1.0,3658755.0,81730.0,0.0,1.0,0.0,0.82,100.0,3.0,86.0,3.0,0.0,398.0,0.0,4.867534450455582
288678.0,0.0,7844608.0,2923.0,1.0,1.0,0.0,0.99,10.0,1.0,9.0,0.0,0.0,226.0,0.0,3.044522437723423
361342.0,0.0,7991184.0,111945.0,1.0,1.0,0.0,0.99,167.0,3.0,163.0,0.0,0.0,931.0,0.0,3.1354942159291497
100358.0,0.0,450332.0,57518.0,1.0,0.0,120382.0,0.0,48.0,1.0,37.0,1.0,0.0,225.0,0.0,4.59511985013459
59987.0,0.0,6312004.0,200054.0,0.0,1.0,0.0,0.84,127.0,2.0,94.0,6.0,0.0,585.0,0.0,2.6390573296152584
358699.0,1.0,6109020.0,611853.0,0.0,2.0,0.0,0.78,517.0,2.0,306.0,45.0,0.0,115.0,0.0,4.3694478524670215
1148136.0,0.0,17778574.0,927611.0,1.0,1.0,0.0,0.86,614.0,3.0,475.0,27.0,0.0,168.0,0.0,6.274762021241939
15394.0,1.0,624864.0,33425.0,0.0,2.0,0.0,0.89,50.0,1.0,40.0,4.0,0.0,1345.0,0.0,2.19722457733622
372389.0,0.0,7980137.0,111945.0,1.0,1.0,0.0,0.99,167.0,3.0,163.0,0.0,0.0,931.0,0.0,3.737669618283368
549156.0,0.0,26676241.0,239436.0,0.0,1.0,0.0,0.83,250.0,5.0,228.0,1.0,0.0,210.0,0.0,3.5263605246161616
125665.0,1.0,2631151.0,441422.0,1.0,1.0,0.0,0.82,400.0,1.0,332.0,13.0,0.0,86.0,0.0,2.3978952727983707
17534.0,0.0,4453888.0,36831.0,1.0,1.0,0.0,0.77,32.0,1.0,23.0,1.0,0.0,141.0,0.0,4.406719247264253
273005.0,0.0,26952392.0,239436.0,1.0,1.0,0.0,0.83,250.0,5.0,228.0,1.0,0.0,210.0,0.0,2.833213344056216
74078.0,1.0,25744558.0,34597.0,0.0,1.0,0.0,1.11,35.0,3.0,32.0,0.0,0.0,59.0,0.0,3.912023005428146
93590.0,1.0,12186312.0,177422.0,0.0,1.0,0.0,0.93,85.0,5.0,47.0,11.0,0.0,112.0,0.0,2.079441541679836
264483.0,0.0,25015724.0,22565.0,1.0,1.0,0.0,0.95,47.0,2.0,45.0,0.0,0.0,423.0,0.0,4.653960350157523
47664.0,0.0,624513.0,233867.0,1.0,1.0,0.0,1.0,155.0,7.0,113.0,9.0,0.0,204.0,0.0,4.465908118654584
434791.0,0.0,7917735.0,111945.0,1.0,1.0,0.0,0.99,167.0,3.0,163.0,0.0,0.0,931.0,0.0,4.406719247264253
113776.0,0.0,25034368.0,66555.0,0.0,1.0,0.0,1.11,57.0,7.0,49.0,0.0,0.0,44.0,0.0,3.1780538303479458
208899.0,0.0,3372577.0,5345.0,1.0,2.0,0.0,0.8,16.0,2.0,14.0,0.0,0.0,330.0,0.0,2.5649493574615367
1024014.0,0.0,20780744.0,407899.0,0.0,1.0,0.0,0.82,151.0,4.0,68.0,22.0,0.0,275.0,0.0,3.1780538303479458
104915.0,0.0,454889.0,57518.0,1.0,0.0,120382.0,0.0,48.0,1.0,37.0,1.0,0.0,225.0,0.0,2.302585092994046
483821.0,0.0,26315008.0,448833.0,1.0,2.0,0.0,0.92,446.0,1.0,405.0,6.0,0.0,204.0,0.0,3.1780538303479458
73926.0,0.0,8059360.0,2923.0,0.0,1.0,0.0,0.99,10.0,1.0,9.0,0.0,0.0,226.0,0.0,4.174387269895637
307590.0,1.0,18619120.0,927611.0,0.0,1.0,0.0,0.86,614.0,3.0,475.0,27.0,0.0,168.0,0.0,5.855071922202427
291364.0,0.0,23854833.0,429238.0,1.0,1.0,0.0,0.76,302.0,5.0,200.0,20.0,0.0,238.0,0.0,2.70805020110221
29854.0,1.0,702031.0,233867.0,0.0,1.0,0.0,1.0,155.0,7.0,113.0,9.0,0.0,204.0,0.0,4.07753744390572
70766.0,1.0,3859493.0,24238.0,1.0,1.0,0.0,0.84,36.0,1.0,35.0,0.0,0.0,40.0,0.0,5.10594547390058
253813.0,0.0,25005054.0,22565.0,0.0,1.0,0.0,0.95,47.0,2.0,45.0,0.0,0.0,423.0,0.0,3.4011973816621555
88618.0,1.0,827765.0,5083.0,0.0,1.0,0.0,0.99,9.0,2.0,7.0,0.0,0.0,54.0,0.0,5.2832037287379885
80748.0,0.0,4811425.0,70638.0,1.0,1.0,0.0,0.95,49.0,2.0,37.0,3.0,0.0,72.0,0.0,4.3694478524670215
49618.0,0.0,5571803.0,9999.0,1.0,0.0,200389.0,0.0,7.0,1.0,6.0,0.0,0.0,42.0,0.0,2.079441541679836
74694.0,1.0,7618703.0,281987.0,0.0,1.0,0.0,0.98,301.0,2.0,273.0,9.0,0.0,309.0,0.0,2.4849066497880004
249120.0,0.0,19175830.0,927611.0,0.0,1.0,0.0,0.86,614.0,3.0,475.0,27.0,0.0,168.0,0.0,4.0943445622221
577971.0,0.0,16461177.0,13893.0,0.0,0.0,1864631.0,0.0,10.0,2.0,8.0,0.0,0.0,168.0,0.0,3.295836866004329
13748.0,0.0,5297517.0,36273.0,0.0,0.0,270690.0,0.0,22.0,1.0,21.0,0.0,0.0,1211.0,0.0,5.170483995038151
247427.0,0.0,14927033.0,24901.0,0.0,3.0,0.0,0.99,31.0,3.0,25.0,2.0,0.0,78.0,0.0,5.176149732573829
295465.0,0.0,25046706.0,22565.0,1.0,1.0,0.0,0.95,47.0,2.0,45.0,0.0,0.0,423.0,0.0,2.8903717578961645
282571.0,0.0,12829543.0,6164.0,0.0,0.0,1011774.0,0.0,11.0,1.0,9.0,0.0,0.0,67.0,0.0,2.833213344056216
44800.0,0.0,2819247.0,4981.0,1.0,2.0,0.0,0.895,14.0,1.0,13.0,0.0,0.0,331.0,0.0,3.6635616461296463
54976.0,1.0,5366319.0,106004.0,1.0,1.0,0.0,0.82,84.0,2.0,62.0,3.0,0.0,151.0,0.0,3.367295829986474
170956.0,0.0,5192621.0,703986.0,1.0,1.0,0.0,0.95,476.0,2.0,230.0,55.0,0.0,139.0,0.0,3.912023005428146
4699.0,1.0,1030845.0,247493.0,0.0,1.0,0.0,0.84,324.0,9.0,302.0,1.0,0.0,250.0,0.0,3.555348061489413
539484.0,0.0,26498910.0,6230.0,1.0,1.0,0.0,0.97,14.0,1.0,13.0,0.0,0.0,136.0,0.0,3.688879454113936
287109.0,0.0,1790092.0,148489.0,0.0,1.0,0.0,0.96,128.0,1.0,107.0,1.0,0.0,108.0,0.0,5.087596335232384
70975.0,0.0,4001234.0,24238.0,0.0,1.0,0.0,0.84,36.0,1.0,35.0,0.0,0.0,40.0,0.0,2.833213344056216
200478.0,1.0,6645725.0,13345.0,1.0,1.0,0.0,1.05,32.0,2.0,30.0,0.0,0.0,200.0,0.0,5.981414211254481
440854.0,0.0,3248977.0,45917.0,0.0,3.0,0.0,1.0267,80.0,3.0,76.0,0.0,0.0,532.0,0.0,4.0943445622221
13794.0,0.0,521936.0,122207.0,1.0,3.0,0.0,0.8433,148.0,1.0,140.0,1.0,0.0,289.0,0.0,2.772588722239781
38692.0,0.0,4742358.0,313011.0,1.0,2.0,0.0,0.89,429.0,8.0,392.0,6.0,0.0,115.0,0.0,2.5649493574615367
23526.0,1.0,1727041.0,199872.0,0.0,1.0,0.0,0.93,260.0,2.0,234.0,8.0,0.0,99.0,0.0,5.62040086571715
622303.0,0.0,17661451.0,13893.0,0.0,0.0,1864631.0,0.0,10.0,2.0,8.0,0.0,0.0,168.0,0.0,3.951243718581428
621767.0,0.0,12068977.0,1475061.0,0.0,1.0,0.0,0.78,839.0,5.0,347.0,113.0,0.0,299.0,0.0,2.995732273553991
1177314.0,0.0,17749396.0,927611.0,0.0,1.0,0.0,0.86,614.0,3.0,475.0,27.0,0.0,168.0,0.0,2.3978952727983707
42639.0,1.0,1707928.0,199872.0,0.0,1.0,0.0,0.93,260.0,2.0,234.0,8.0,0.0,99.0,0.0,4.276666119016055
113652.0,0.0,3998986.0,39210.0,1.0,1.0,0.0,0.9,42.0,3.0,35.0,0.0,0.0,108.0,0.0,3.871201010907891
150076.0,1.0,2198652.0,7419.0,0.0,1.0,0.0,0.96,14.0,1.0,13.0,0.0,0.0,59.0,0.0,3.49650756146648
345173.0,1.0,23218296.0,429238.0,0.0,1.0,0.0,0.76,302.0,5.0,200.0,20.0,0.0,238.0,0.0,4.836281906951478
564464.0,0.0,19491174.0,927611.0,0.0,1.0,0.0,0.86,614.0,3.0,475.0,27.0,0.0,168.0,0.0,3.6375861597263857
531328.0,0.0,5256406.0,23244.0,1.0,0.0,148072.0,0.0,23.0,1.0,22.0,0.0,0.0,371.0,0.0,3.1780538303479458
290852.0,0.0,23854321.0,429238.0,0.0,1.0,0.0,0.76,302.0,5.0,200.0,20.0,0.0,238.0,0.0,2.70805020110221
277244.0,0.0,16761904.0,13893.0,1.0,0.0,1864631.0,0.0,10.0,2.0,8.0,0.0,0.0,168.0,0.0,2.9444389791664403
300067.0,0.0,16739081.0,13893.0,1.0,0.0,1864631.0,0.0,10.0,2.0,8.0,0.0,0.0,168.0,0.0,2.302585092994046
172920.0,0.0,21977678.0,407899.0,0.0,1.0,0.0,0.82,151.0,4.0,68.0,22.0,0.0,275.0,0.0,3.828641396489095
33028.0,0.0,639149.0,233867.0,1.0,1.0,0.0,1.0,155.0,7.0,113.0,9.0,0.0,204.0,0.0,3.218875824868201
379480.0,0.0,25130721.0,22565.0,0.0,1.0,0.0,0.95,47.0,2.0,45.0,0.0,0.0,423.0,0.0,4.624972813284271
314264.0,0.0,22119022.0,407899.0,0.0,1.0,0.0,0.82,151.0,4.0,68.0,22.0,0.0,275.0,0.0,5.198497031265826
267889.0,1.0,6018210.0,611853.0,1.0,2.0,0.0,0.78,517.0,2.0,306.0,45.0,0.0,115.0,0.0,3.332204510175204
497363.0,0.0,1106833.0,33425.0,0.0,2.0,0.0,0.89,50.0,1.0,40.0,4.0,0.0,1345.0,0.0,3.1354942159291497
376386.0,1.0,25454801.0,448833.0,0.0,2.0,0.0,0.92,446.0,1.0,405.0,6.0,0.0,204.0,0.0,3.258096538021482
31091.0,1.0,703268.0,233867.0,1.0,1.0,0.0,1.0,155.0,7.0,113.0,9.0,0.0,204.0,0.0,4.382026634673881
541700.0,0.0,23021769.0,429238.0,0.0,1.0,0.0,0.76,302.0,5.0,200.0,20.0,0.0,238.0,0.0,3.80666248977032
298021.0,0.0,23861490.0,429238.0,0.0,1.0,0.0,0.76,302.0,5.0,200.0,20.0,0.0,238.0,0.0,4.248495242049359
11179.0,1.0,1739388.0,199872.0,1.0,1.0,0.0,0.93,260.0,2.0,234.0,8.0,0.0,99.0,0.0,3.044522437723423
20661.0,1.0,1427320.0,65530.0,1.0,0.0,34197.0,0.0,55.0,1.0,27.0,6.0,0.0,516.0,0.0,4.248495242049359
579467.0,0.0,22984002.0,429238.0,1.0,1.0,0.0,0.76,302.0,5.0,200.0,20.0,0.0,238.0,0.0,3.7612001156935615
68898.0,0.0,770235.0,49720.0,0.0,1.0,0.0,0.97,43.0,1.0,41.0,1.0,0.0,1031.0,0.0,3.091042453358316
34022.0,0.0,638155.0,233867.0,1.0,1.0,0.0,1.0,155.0,7.0,113.0,9.0,0.0,204.0,0.0,3.9889840465642745
726736.0,0.0,19690093.0,5269.0,1.0,1.0,0.0,0.88,14.0,2.0,12.0,0.0,0.0,84.0,0.0,5.153291594497779
166604.0,0.0,776074.0,33425.0,0.0,2.0,0.0,0.89,50.0,1.0,40.0,4.0,0.0,1345.0,0.0,5.6937321388027
366238.0,0.0,7706779.0,136039.0,1.0,1.0,0.0,0.9,91.0,1.0,68.0,5.0,0.0,495.0,0.0,3.9318256327243257
34261.0,1.0,11412949.0,1475061.0,0.0,1.0,0.0,0.78,839.0,5.0,347.0,113.0,0.0,299.0,0.0,1.9459101490553128
331584.0,1.0,6081905.0,611853.0,0.0,2.0,0.0,0.78,517.0,2.0,306.0,45.0,0.0,115.0,0.0,4.110873864173311
213009.0,0.0,4938087.0,23244.0,0.0,0.0,148072.0,0.0,23.0,1.0,22.0,0.0,0.0,371.0,0.0,2.772588722239781
221309.0,0.0,14953151.0,24901.0,0.0,3.0,0.0,0.99,31.0,3.0,25.0,2.0,0.0,78.0,0.0,2.70805020110221
100691.0,0.0,2069507.0,72008.0,1.0,1.0,0.0,0.95,80.0,1.0,74.0,1.0,0.0,151.0,0.0,3.58351893845611
35688.0,0.0,2828359.0,4981.0,1.0,2.0,0.0,0.895,14.0,1.0,13.0,0.0,0.0,331.0,0.0,3.332204510175204
24757.0,0.0,4916930.0,70638.0,1.0,1.0,0.0,0.95,49.0,2.0,37.0,3.0,0.0,72.0,0.0,4.795790545596741
109570.0,1.0,288294.0,110683.0,1.0,2.0,0.0,0.925,73.0,2.0,58.0,2.0,0.0,80.0,0.0,2.833213344056216
54616.0,0.0,774537.0,10488.0,1.0,1.0,0.0,0.84,12.0,4.0,7.0,0.0,0.0,333.0,0.0,3.7612001156935615
649228.0,1.0,4371558.0,26488.0,0.0,1.0,0.0,1.18,26.0,1.0,24.0,0.0,0.0,72.0,0.0,3.5263605246161616
642804.0,0.0,21860044.0,7465.0,1.0,3.0,0.0,0.9067,23.0,2.0,21.0,0.0,0.0,600.0,0.0,2.3978952727983707
3866.0,0.0,11304994.0,68394.0,0.0,2.0,0.0,1.14,77.0,2.0,59.0,2.0,0.0,5.0,0.0,5.8971538676367405
9200.0,1.0,25138944.0,66555.0,1.0,1.0,0.0,1.11,57.0,7.0,49.0,0.0,0.0,44.0,0.0,3.6375861597263857
69437.0,0.0,5810436.0,45277.0,1.0,0.0,290065.0,0.0,37.0,3.0,26.0,2.0,0.0,1029.0,0.0,3.6635616461296463
1147540.0,0.0,12594750.0,1475061.0,1.0,1.0,0.0,0.78,839.0,5.0,347.0,113.0,0.0,299.0,0.0,7.374629015218945
242097.0,0.0,23805566.0,429238.0,0.0,1.0,0.0,0.76,302.0,5.0,200.0,20.0,0.0,238.0,0.0,2.772588722239781
842526.0,0.0,19769236.0,927611.0,0.0,1.0,0.0,0.86,614.0,3.0,475.0,27.0,0.0,168.0,0.0,2.302585092994046
593599.0,0.0,22969870.0,429238.0,0.0,1.0,0.0,0.76,302.0,5.0,200.0,20.0,0.0,238.0,0.0,3.091042453358316
363362.0,0.0,22139486.0,7465.0,0.0,3.0,0.0,0.9067,23.0,2.0,21.0,0.0,0.0,600.0,0.0,4.61512051684126
390323.0,0.0,18573034.0,5269.0,1.0,1.0,0.0,0.88,14.0,2.0,12.0,0.0,0.0,84.0,0.0,3.332204510175204
77597.0,0.0,6598188.0,24946.0,1.0,0.0,46680.0,0.0,18.0,0.0,8.0,2.0,0.0,73.0,0.0,2.19722457733622
24676.0,0.0,283433.0,2285.0,0.0,1.0,0.0,0.76,6.0,1.0,3.0,0.0,0.0,34.0,0.0,2.4849066497880004
480211.0,1.0,18446499.0,927611.0,0.0,1.0,0.0,0.86,614.0,3.0,475.0,27.0,0.0,168.0,0.0,4.787491742782046
508019.0,0.0,25259260.0,22565.0,0.0,1.0,0.0,0.95,47.0,2.0,45.0,0.0,0.0,423.0,0.0,5.099866427824199
115025.0,0.0,586312.0,49720.0,1.0,1.0,0.0,0.97,43.0,1.0,41.0,1.0,0.0,1031.0,0.0,4.672828834461906
15436.0,1.0,11431774.0,1475061.0,0.0,1.0,0.0,0.78,839.0,5.0,347.0,113.0,0.0,299.0,0.0,2.302585092994046
8904.0,1.0,1415563.0,65530.0,1.0,0.0,34197.0,0.0,55.0,1.0,27.0,6.0,0.0,516.0,0.0,3.1354942159291497
882149.0,1.0,10565061.0,1475061.0,1.0,1.0,0.0,0.78,839.0,5.0,347.0,113.0,0.0,299.0,0.0,4.543294782270004
695267.0,0.0,12163918.0,23144.0,0.0,1.0,0.0,1.1,19.0,1.0,15.0,0.0,0.0,80.0,0.0,4.543294782270004
347906.0,1.0,6098227.0,611853.0,0.0,2.0,0.0,0.78,517.0,2.0,306.0,45.0,0.0,115.0,0.0,3.218875824868201
4663.0,1.0,110336.0,23008.0,1.0,1.0,0.0,1.01,15.0,1.0,12.0,0.0,0.0,101.0,0.0,3.5263605246161616
66085.0,0.0,2535330.0,12239.0,0.0,1.0,0.0,0.6,14.0,1.0,10.0,0.0,0.0,14.0,0.0,1.9459101490553128
526760.0,0.0,23036709.0,429238.0,1.0,1.0,0.0,0.76,302.0,5.0,200.0,20.0,0.0,238.0,0.0,4.465908118654584
314898.0,0.0,24108996.0,19262.0,1.0,1.0,0.0,0.99,8.0,1.0,6.0,0.0,0.0,49.0,0.0,2.995732273553991
203044.0,0.0,2003915.0,104921.0,1.0,1.0,0.0,0.82,80.0,3.0,65.0,1.0,0.0,244.0,0.0,6.0330862217988015
43200.0,1.0,715377.0,233867.0,1.0,1.0,0.0,1.0,155.0,7.0,113.0,9.0,0.0,204.0,0.0,3.295836866004329
329897.0,0.0,26161084.0,448833.0,0.0,2.0,0.0,0.92,446.0,1.0,405.0,6.0,0.0,204.0,0.0,5.135798437050262
714932.0,0.0,12183583.0,23144.0,0.0,1.0,0.0,1.1,19.0,1.0,15.0,0.0,0.0,80.0,0.0,4.143134726391533
9021.0,1.0,1026523.0,247493.0,1.0,1.0,0.0,0.84,324.0,9.0,302.0,1.0,0.0,250.0,0.0,2.6390573296152584
94712.0,0.0,15079748.0,24901.0,0.0,3.0,0.0,0.99,31.0,3.0,25.0,2.0,0.0,78.0,0.0,4.189654742026425
421902.0,0.0,22924750.0,7465.0,1.0,3.0,0.0,0.9067,23.0,2.0,21.0,0.0,0.0,600.0,0.0,2.6390573296152584
96032.0,0.0,6579753.0,24946.0,0.0,0.0,46680.0,0.0,18.0,0.0,8.0,2.0,0.0,73.0,0.0,3.5263605246161616
620906.0,1.0,4400759.0,703986.0,0.0,1.0,0.0,0.95,476.0,2.0,230.0,55.0,0.0,139.0,0.0,2.19722457733622
204307.0,0.0,4929385.0,23244.0,1.0,0.0,148072.0,0.0,23.0,1.0,22.0,0.0,0.0,371.0,0.0,3.6635616461296463
270180.0,0.0,1900018.0,72008.0,1.0,1.0,0.0,0.95,80.0,1.0,74.0,1.0,0.0,151.0,0.0,3.970291913552122
493833.0,0.0,25245074.0,22565.0,0.0,1.0,0.0,0.95,47.0,2.0,45.0,0.0,0.0,423.0,0.0,4.605170185988092
536721.0,0.0,22341479.0,407899.0,0.0,1.0,0.0,0.82,151.0,4.0,68.0,22.0,0.0,275.0,0.0,4.189654742026425
35401.0,0.0,267672.0,47047.0,0.0,1.0,0.0,0.82,74.0,5.0,69.0,0.0,0.0,105.0,0.0,2.4849066497880004
7219.0,0.0,2856828.0,4981.0,0.0,2.0,0.0,0.895,14.0,1.0,13.0,0.0,0.0,331.0,0.0,3.58351893845611
147616.0,0.0,19110973.0,5269.0,0.0,1.0,0.0,0.88,14.0,2.0,12.0,0.0,0.0,84.0,0.0,3.332204510175204
1237324.0,0.0,13937136.0,24901.0,0.0,3.0,0.0,0.99,31.0,3.0,25.0,2.0,0.0,78.0,0.0,4.700480365792417
192624.0,0.0,24434903.0,5190.0,0.0,0.0,1266.0,0.0,17.0,1.0,16.0,0.0,0.0,167.0,0.0,2.8903717578961645
830476.0,0.0,19757186.0,927611.0,0.0,1.0,0.0,0.86,614.0,3.0,475.0,27.0,0.0,168.0,0.0,3.218875824868201
52085.0,1.0,3098444.0,100187.0,1.0,1.0,0.0,1.06,79.0,5.0,64.0,1.0,0.0,114.0,0.0,3.218875824868201
242872.0,1.0,6512852.0,749455.0,1.0,1.0,0.0,0.91,434.0,2.0,202.0,68.0,0.0,68.0,0.0,3.218875824868201
232558.0,0.0,14941902.0,24901.0,0.0,3.0,0.0,0.99,31.0,3.0,25.0,2.0,0.0,78.0,0.0,3.828641396489095
4382.0,1.0,18967739.0,5269.0,0.0,1.0,0.0,0.88,14.0,2.0,12.0,0.0,0.0,84.0,0.0,4.836281906951478
110281.0,1.0,2984345.0,8803.0,0.0,1.0,0.0,0.92,25.0,1.0,24.0,0.0,0.0,88.0,0.0,4.962844630259907
178954.0,0.0,23742423.0,429238.0,0.0,1.0,0.0,0.76,302.0,5.0,200.0,20.0,0.0,238.0,0.0,4.23410650459726
72495.0,1.0,110110.0,157128.0,0.0,1.0,0.0,1.24,88.0,4.0,59.0,3.0,0.0,94.0,0.0,2.6390573296152584
46391.0,1.0,765820.0,685926.0,0.0,3.0,0.0,0.93,464.0,2.0,300.0,34.0,0.0,74.0,0.0,2.772588722239781
132582.0,0.0,1844101.0,5668.0,0.0,0.0,17747.0,0.0,4.0,1.0,3.0,0.0,0.0,64.0,0.0,1.9459101490553128
522453.0,0.0,26702944.0,239436.0,1.0,1.0,0.0,0.83,250.0,5.0,228.0,1.0,0.0,210.0,0.0,3.4657359027997265
70093.0,1.0,7614102.0,281987.0,0.0,1.0,0.0,0.98,301.0,2.0,273.0,9.0,0.0,309.0,0.0,2.833213344056216
49144.0,1.0,1701423.0,199872.0,0.0,1.0,0.0,0.93,260.0,2.0,234.0,8.0,0.0,99.0,0.0,3.258096538021482
307150.0,0.0,1099509.0,65530.0,1.0,0.0,34197.0,0.0,55.0,1.0,27.0,6.0,0.0,516.0,0.0,2.9444389791664403
247481.0,0.0,3411159.0,5345.0,0.0,2.0,0.0,0.8,16.0,2.0,14.0,0.0,0.0,330.0,0.0,3.4339872044851463
487945.0,0.0,17527093.0,13893.0,1.0,0.0,1864631.0,0.0,10.0,2.0,8.0,0.0,0.0,168.0,0.0,4.219507705176107
58972.0,1.0,2779865.0,71803.0,0.0,1.0,0.0,0.82,61.0,1.0,55.0,1.0,0.0,114.0,0.0,3.1354942159291497
399820.0,0.0,22902668.0,7465.0,0.0,3.0,0.0,0.9067,23.0,2.0,21.0,0.0,0.0,600.0,0.0,2.9444389791664403
200064.0,1.0,2340140.0,324575.0,1.0,1.0,0.0,0.86,338.0,4.0,280.0,18.0,0.0,217.0,0.0,2.302585092994046
148910.0,0.0,523267.0,233867.0,1.0,1.0,0.0,1.0,155.0,7.0,113.0,9.0,0.0,204.0,0.0,3.1354942159291497
71398.0,1.0,3637033.0,81730.0,0.0,1.0,0.0,0.82,100.0,3.0,86.0,3.0,0.0,398.0,0.0,3.295836866004329
485821.0,0.0,17524969.0,13893.0,0.0,0.0,1864631.0,0.0,10.0,2.0,8.0,0.0,0.0,168.0,0.0,5.0369526024136295
100655.0,0.0,15073805.0,24901.0,0.0,3.0,0.0,0.99,31.0,3.0,25.0,2.0,0.0,78.0,0.0,4.852030263919617
716718.0,0.0,12185369.0,23144.0,0.0,1.0,0.0,1.1,19.0,1.0,15.0,0.0,0.0,80.0,0.0,4.189654742026425
6669.0,0.0,2857378.0,4981.0,0.0,2.0,0.0,0.895,14.0,1.0,13.0,0.0,0.0,331.0,0.0,2.079441541679836
215328.0,0.0,4940406.0,23244.0,0.0,0.0,148072.0,0.0,23.0,1.0,22.0,0.0,0.0,371.0,0.0,3.7612001156935615
29723.0,1.0,82176.0,10976.0,0.0,2.0,0.0,0.875,20.0,0.0,17.0,1.0,0.0,26.0,0.0,3.4657359027997265
93757.0,1.0,1656810.0,199872.0,1.0,1.0,0.0,0.93,260.0,2.0,234.0,8.0,0.0,99.0,0.0,1.9459101490553128
760468.0,0.0,12229119.0,23144.0,0.0,1.0,0.0,1.1,19.0,1.0,15.0,0.0,0.0,80.0,0.0,2.4849066497880004
16687.0,0.0,3199979.0,164464.0,0.0,1.0,0.0,1.04,151.0,3.0,133.0,4.0,0.0,52.0,0.0,3.4011973816621555
413849.0,0.0,7938677.0,111945.0,1.0,1.0,0.0,0.99,167.0,3.0,163.0,0.0,0.0,931.0,0.0,3.1780538303479458
534647.0,0.0,19498004.0,5269.0,1.0,1.0,0.0,0.88,14.0,2.0,12.0,0.0,0.0,84.0,0.0,4.430816798843313
7966.0,1.0,3492486.0,36667.0,0.0,1.0,0.0,0.95,59.0,2.0,57.0,0.0,0.0,26.0,0.0,3.737669618283368
40401.0,0.0,3685474.0,185746.0,1.0,1.0,0.0,0.79,339.0,8.0,328.0,0.0,0.0,97.0,0.0,3.58351893845611
96581.0,1.0,7338876.0,130198.0,1.0,1.0,0.0,0.91,152.0,4.0,142.0,0.0,0.0,177.0,0.0,3.8501476017100575
46266.0,0.0,3902131.0,26961.0,0.0,1.0,0.0,0.97,16.0,1.0,9.0,3.0,0.0,83.0,0.0,4.430816798843313
172254.0,1.0,891683.0,685926.0,0.0,3.0,0.0,0.93,464.0,2.0,300.0,34.0,0.0,74.0,0.0,2.4849066497880004
44502.0,0.0,1937100.0,7270.0,1.0,0.0,243.0,0.0,11.0,2.0,9.0,0.0,0.0,19.0,0.0,4.852030263919617
23311.0,0.0,10715383.0,56984.0,0.0,6.0,0.0,1.0383,105.0,1.0,94.0,2.0,0.0,230.0,0.0,3.713572066704308
357060.0,0.0,25108301.0,22565.0,0.0,1.0,0.0,0.95,47.0,2.0,45.0,0.0,0.0,423.0,0.0,2.5649493574615367
10430.0,0.0,585990.0,63863.0,1.0,0.0,43104.0,0.0,49.0,1.0,42.0,1.0,0.0,260.0,0.0,4.330733340286331
426626.0,0.0,22938050.0,74922.0,0.0,1.0,0.0,0.98,77.0,2.0,71.0,1.0,0.0,103.0,0.0,2.833213344056216
230359.0,1.0,21574399.0,407899.0,0.0,1.0,0.0,0.82,151.0,4.0,68.0,22.0,0.0,275.0,0.0,4.770684624465665
8879.0,0.0,11295823.0,154992.0,1.0,30.0,0.0,0.859,334.0,1.0,328.0,1.0,0.0,405.0,0.0,2.8903717578961645
79619.0,0.0,4812554.0,70638.0,1.0,1.0,0.0,0.95,49.0,2.0,37.0,3.0,0.0,72.0,0.0,4.02535169073515
56221.0,0.0,171265.0,2437.0,0.0,1.0,0.0,1.01,7.0,1.0,5.0,0.0,0.0,4.0,0.0,6.0063531596017325
751500.0,0.0,22556258.0,407899.0,1.0,1.0,0.0,0.82,151.0,4.0,68.0,22.0,0.0,275.0,0.0,4.663439094112067
216778.0,0.0,2410406.0,730752.0,1.0,5.0,0.0,0.972,416.0,8.0,251.0,22.0,0.0,327.0,0.0,1.9459101490553128
67621.0,0.0,1779140.0,5668.0,0.0,0.0,17747.0,0.0,4.0,1.0,3.0,0.0,0.0,64.0,0.0,4.248495242049359
63267.0,1.0,415981.0,75433.0,1.0,1.0,0.0,0.81,82.0,2.0,60.0,4.0,0.0,29.0,0.0,2.302585092994046
44323.0,1.0,1450982.0,65530.0,0.0,0.0,34197.0,0.0,55.0,1.0,27.0,6.0,0.0,516.0,0.0,5.049856007249537
41473.0,0.0,787680.0,10488.0,1.0,1.0,0.0,0.84,12.0,4.0,7.0,0.0,0.0,333.0,0.0,2.3978952727983707
440.0,0.0,1035984.0,247493.0,0.0,1.0,0.0,0.84,324.0,9.0,302.0,1.0,0.0,250.0,0.0,4.356708826689592
70046.0,1.0,3329474.0,117737.0,0.0,3.0,0.0,1.2433,112.0,7.0,85.0,4.0,0.0,111.0,0.0,3.555348061489413
12201.0,1.0,4424153.0,36831.0,1.0,1.0,0.0,0.77,32.0,1.0,23.0,1.0,0.0,141.0,0.0,1.791759469228055
26679.0,1.0,3681752.0,81730.0,1.0,1.0,0.0,0.82,100.0,3.0,86.0,3.0,0.0,398.0,0.0,3.332204510175204
40142.0,1.0,10873221.0,57801.0,0.0,7.0,0.0,0.7629,114.0,2.0,81.0,3.0,0.0,128.0,0.0,1.3862943611198906
94254.0,0.0,6751949.0,13345.0,0.0,1.0,0.0,1.05,32.0,2.0,30.0,0.0,0.0,200.0,0.0,3.1780538303479458
118505.0,1.0,2638311.0,441422.0,1.0,1.0,0.0,0.82,400.0,1.0,332.0,13.0,0.0,86.0,0.0,2.5649493574615367
31427.0,0.0,2832620.0,4981.0,1.0,2.0,0.0,0.895,14.0,1.0,13.0,0.0,0.0,331.0,0.0,2.833213344056216
370544.0,0.0,24053350.0,19262.0,1.0,1.0,0.0,0.99,8.0,1.0,6.0,0.0,0.0,49.0,0.0,2.302585092994046
252723.0,0.0,473309.0,22419.0,1.0,0.0,197585.0,0.0,17.0,2.0,9.0,2.0,0.0,203.0,0.0,3.1354942159291497
123196.0,1.0,394425.0,191707.0,0.0,1.0,0.0,1.22,127.0,1.0,91.0,8.0,0.0,480.0,0.0,2.833213344056216
36281.0,0.0,683148.0,685926.0,1.0,3.0,0.0,0.93,464.0,2.0,300.0,34.0,0.0,74.0,0.0,2.5649493574615367
20574.0,0.0,2580841.0,12239.0,1.0,1.0,0.0,0.6,14.0,1.0,10.0,0.0,0.0,14.0,0.0,5.117993812416755
97032.0,0.0,4887610.0,2405.0,0.0,0.0,43430.0,0.0,1.0,1.0,0.0,0.0,0.0,208.0,0.0,4.30406509320417
258124.0,1.0,11602069.0,498345.0,1.0,1.0,0.0,0.75,351.0,4.0,247.0,18.0,0.0,260.0,0.0,4.060443010546419
69032.0,1.0,325521.0,194799.0,0.0,1.0,0.0,0.82,226.0,5.0,209.0,0.0,0.0,844.0,0.0,2.079441541679836
295697.0,0.0,24128197.0,19262.0,0.0,1.0,0.0,0.99,8.0,1.0,6.0,0.0,0.0,49.0,0.0,2.3978952727983707
79671.0,1.0,751848.0,233867.0,1.0,1.0,0.0,1.0,155.0,7.0,113.0,9.0,0.0,204.0,0.0,3.091042453358316
390208.0,0.0,26221395.0,448833.0,1.0,2.0,0.0,0.92,446.0,1.0,405.0,6.0,0.0,204.0,0.0,4.553876891600541
483613.0,1.0,10963597.0,1475061.0,0.0,1.0,0.0,0.78,839.0,5.0,347.0,113.0,0.0,299.0,0.0,2.995732273553991
106786.0,0.0,24977088.0,80048.0,0.0,1.0,0.0,0.8,66.0,4.0,49.0,2.0,0.0,740.0,0.0,3.258096538021482
72669.0,0.0,1528939.0,51594.0,1.0,0.0,37936.0,0.0,80.0,2.0,78.0,0.0,0.0,225.0,0.0,3.295836866004329
598706.0,1.0,10848504.0,1475061.0,1.0,1.0,0.0,0.78,839.0,5.0,347.0,113.0,0.0,299.0,0.0,3.332204510175204
393056.0,0.0,1013603.0,65530.0,1.0,0.0,34197.0,0.0,55.0,1.0,27.0,6.0,0.0,516.0,0.0,4.762173934797756
274077.0,0.0,1985596.0,5668.0,1.0,0.0,17747.0,0.0,4.0,1.0,3.0,0.0,0.0,64.0,0.0,5.537334267018537
7769.0,1.0,679946.0,233867.0,1.0,1.0,0.0,1.0,155.0,7.0,113.0,9.0,0.0,204.0,0.0,4.574710978503383
357923.0,1.0,21446835.0,407899.0,0.0,1.0,0.0,0.82,151.0,4.0,68.0,22.0,0.0,275.0,0.0,4.61512051684126
19340.0,1.0,5264429.0,36273.0,0.0,0.0,270690.0,0.0,22.0,1.0,21.0,0.0,0.0,1211.0,0.0,4.290459441148391
39569.0,0.0,4685509.0,23244.0,1.0,0.0,148072.0,0.0,23.0,1.0,22.0,0.0,0.0,371.0,0.0,6.536691597591305
419704.0,1.0,6336020.0,749455.0,1.0,1.0,0.0,0.91,434.0,2.0,202.0,68.0,0.0,68.0,0.0,2.079441541679836
323593.0,0.0,24100301.0,19262.0,0.0,1.0,0.0,0.99,8.0,1.0,6.0,0.0,0.0,49.0,0.0,2.6390573296152584
408491.0,1.0,11038719.0,1475061.0,1.0,1.0,0.0,0.78,839.0,5.0,347.0,113.0,0.0,299.0,0.0,2.8903717578961645
255008.0,0.0,17294156.0,13893.0,1.0,0.0,1864631.0,0.0,10.0,2.0,8.0,0.0,0.0,168.0,0.0,2.9444389791664403
740.0,0.0,12091982.0,177422.0,0.0,1.0,0.0,0.93,85.0,5.0,47.0,11.0,0.0,112.0,0.0,2.3978952727983707
79121.0,1.0,2953185.0,8803.0,0.0,1.0,0.0,0.92,25.0,1.0,24.0,0.0,0.0,88.0,0.0,3.828641396489095
655144.0,0.0,17694292.0,13893.0,0.0,0.0,1864631.0,0.0,10.0,2.0,8.0,0.0,0.0,168.0,0.0,2.079441541679836
230412.0,0.0,14944048.0,24901.0,0.0,3.0,0.0,0.99,31.0,3.0,25.0,2.0,0.0,78.0,0.0,4.356708826689592
60653.0,0.0,6785550.0,13345.0,1.0,1.0,0.0,1.05,32.0,2.0,30.0,0.0,0.0,200.0,0.0,3.828641396489095
32771.0,0.0,2568644.0,12239.0,0.0,1.0,0.0,0.6,14.0,1.0,10.0,0.0,0.0,14.0,0.0,1.6094379124341005
25167.0,0.0,7610956.0,111945.0,1.0,1.0,0.0,0.99,167.0,3.0,163.0,0.0,0.0,931.0,0.0,3.044522437723423
830669.0,0.0,18132688.0,5269.0,1.0,1.0,0.0,0.88,14.0,2.0,12.0,0.0,0.0,84.0,0.0,3.7612001156935615
710889.0,1.0,18215821.0,927611.0,1.0,1.0,0.0,0.86,614.0,3.0,475.0,27.0,0.0,168.0,0.0,3.8501476017100575
56215.0,1.0,6398821.0,394295.0,0.0,1.0,0.0,0.87,336.0,2.0,260.0,23.0,0.0,145.0,0.0,2.5649493574615367
105737.0,0.0,1234053.0,5602.0,0.0,1.0,0.0,0.94,9.0,2.0,7.0,0.0,0.0,104.0,0.0,4.574710978503383
645505.0,0.0,12114156.0,23144.0,0.0,1.0,0.0,1.1,19.0,1.0,15.0,0.0,0.0,80.0,0.0,4.406719247264253
57344.0,0.0,15231804.0,24901.0,0.0,3.0,0.0,0.99,31.0,3.0,25.0,2.0,0.0,78.0,0.0,5.0369526024136295
189338.0,0.0,24431617.0,5190.0,1.0,0.0,1266.0,0.0,17.0,1.0,16.0,0.0,0.0,167.0,0.0,4.23410650459726
4954.0,1.0,677131.0,233867.0,0.0,1.0,0.0,1.0,155.0,7.0,113.0,9.0,0.0,204.0,0.0,3.044522437723423
63745.0,0.0,765408.0,10488.0,0.0,1.0,0.0,0.84,12.0,4.0,7.0,0.0,0.0,333.0,0.0,3.258096538021482
10779.0,1.0,18915931.0,927611.0,0.0,1.0,0.0,0.86,614.0,3.0,475.0,27.0,0.0,168.0,0.0,3.258096538021482
14668.0,1.0,11403693.0,37867.0,0.0,1.0,0.0,0.83,39.0,1.0,34.0,1.0,0.0,57.0,0.0,3.1354942159291497
328537.0,1.0,6179638.0,9017.0,1.0,1.0,0.0,0.76,9.0,1.0,7.0,0.0,0.0,79.0,0.0,4.127134385045092
93974.0,0.0,5428211.0,9999.0,1.0,0.0,200389.0,0.0,7.0,1.0,6.0,0.0,0.0,42.0,0.0,4.356708826689592
24217.0,0.0,695212.0,685926.0,1.0,3.0,0.0,0.93,464.0,2.0,300.0,34.0,0.0,74.0,0.0,5.855071922202427
24835.0,1.0,3158457.0,164464.0,1.0,1.0,0.0,1.04,151.0,3.0,133.0,4.0,0.0,52.0,0.0,3.8918202981106265
831406.0,0.0,18131951.0,5269.0,1.0,1.0,0.0,0.88,14.0,2.0,12.0,0.0,0.0,84.0,0.0,4.343805421853684
136440.0,1.0,4652847.0,574324.0,0.0,1.0,0.0,0.93,529.0,2.0,401.0,25.0,0.0,132.0,0.0,4.68213122712422
146490.0,0.0,5225846.0,16076.0,0.0,1.0,0.0,0.87,17.0,2.0,14.0,0.0,0.0,37.0,0.0,2.70805020110221
14127.0,0.0,12078595.0,177422.0,0.0,1.0,0.0,0.93,85.0,5.0,47.0,11.0,0.0,112.0,0.0,3.912023005428146
291193.0,1.0,6041514.0,611853.0,0.0,2.0,0.0,0.78,517.0,2.0,306.0,45.0,0.0,115.0,0.0,3.218875824868201
6382.0,0.0,25953044.0,6230.0,0.0,1.0,0.0,0.97,14.0,1.0,13.0,0.0,0.0,136.0,0.0,3.610917912644224
249181.0,0.0,26976216.0,239436.0,0.0,1.0,0.0,0.83,250.0,5.0,228.0,1.0,0.0,210.0,0.0,3.5263605246161616
62115.0,1.0,3646316.0,81730.0,0.0,1.0,0.0,0.82,100.0,3.0,86.0,3.0,0.0,398.0,0.0,4.276666119016055
1403046.0,0.0,17523664.0,927611.0,0.0,1.0,0.0,0.86,614.0,3.0,475.0,27.0,0.0,168.0,0.0,2.4849066497880004
836182.0,1.0,10455206.0,1181213.0,0.0,1.0,0.0,0.77,966.0,3.0,683.0,63.0,0.0,298.0,0.0,3.218875824868201
295670.0,0.0,561711.0,16502.0,1.0,1.0,0.0,1.11,19.0,3.0,16.0,0.0,0.0,132.0,0.0,3.1354942159291497
202151.0,0.0,1705134.0,148489.0,0.0,1.0,0.0,0.96,128.0,1.0,107.0,1.0,0.0,108.0,0.0,2.079441541679836
63036.0,0.0,5804035.0,45277.0,0.0,0.0,290065.0,0.0,37.0,3.0,26.0,2.0,0.0,1029.0,0.0,3.6375861597263857
698056.0,0.0,22865413.0,429238.0,0.0,1.0,0.0,0.76,302.0,5.0,200.0,20.0,0.0,238.0,0.0,3.295836866004329
696642.0,0.0,12165293.0,23144.0,0.0,1.0,0.0,1.1,19.0,1.0,15.0,0.0,0.0,80.0,0.0,4.430816798843313
6227.0,1.0,23557242.0,429238.0,0.0,1.0,0.0,0.76,302.0,5.0,200.0,20.0,0.0,238.0,0.0,3.1780538303479458
79868.0,0.0,1521740.0,51594.0,0.0,0.0,37936.0,0.0,80.0,2.0,78.0,0.0,0.0,225.0,0.0,3.80666248977032
66039.0,1.0,3270384.0,115752.0,1.0,0.0,15018.0,0.0,48.0,1.0,18.0,5.0,0.0,173.0,0.0,2.995732273553991
294850.0,0.0,1875348.0,72008.0,1.0,1.0,0.0,0.95,80.0,1.0,74.0,1.0,0.0,151.0,0.0,3.091042453358316
12598.0,0.0,12080124.0,177422.0,0.0,1.0,0.0,0.93,85.0,5.0,47.0,11.0,0.0,112.0,0.0,2.833213344056216
1755410.0,0.0,13202620.0,1475061.0,1.0,1.0,0.0,0.78,839.0,5.0,347.0,113.0,0.0,299.0,0.0,5.541263545158426
405665.0,0.0,626251.0,22419.0,1.0,0.0,197585.0,0.0,17.0,2.0,9.0,2.0,0.0,203.0,0.0,2.5649493574615367
21358.0,1.0,1014186.0,247493.0,0.0,1.0,0.0,0.84,324.0,9.0,302.0,1.0,0.0,250.0,0.0,2.302585092994046
697001.0,0.0,22866468.0,429238.0,1.0,1.0,0.0,0.76,302.0,5.0,200.0,20.0,0.0,238.0,0.0,2.9444389791664403
205448.0,0.0,4930526.0,23244.0,1.0,0.0,148072.0,0.0,23.0,1.0,22.0,0.0,0.0,371.0,0.0,4.382026634673881
197680.0,0.0,18765677.0,5269.0,0.0,1.0,0.0,0.88,14.0,2.0,12.0,0.0,0.0,84.0,0.0,3.4339872044851463
6774.0,1.0,25141370.0,66555.0,0.0,1.0,0.0,1.11,57.0,7.0,49.0,0.0,0.0,44.0,0.0,2.995732273553991
44246.0,1.0,3664185.0,81730.0,0.0,1.0,0.0,0.82,100.0,3.0,86.0,3.0,0.0,398.0,0.0,3.737669618283368
48562.0,0.0,15223022.0,24901.0,1.0,3.0,0.0,0.99,31.0,3.0,25.0,2.0,0.0,78.0,0.0,5.497168225293202
61816.0,0.0,6613969.0,24946.0,0.0,0.0,46680.0,0.0,18.0,0.0,8.0,2.0,0.0,73.0,0.0,3.1780538303479458
24818.0,0.0,195768.0,22419.0,1.0,0.0,197585.0,0.0,17.0,2.0,9.0,2.0,0.0,203.0,0.0,2.3978952727983707
67821.0,0.0,1779340.0,5668.0,1.0,0.0,17747.0,0.0,4.0,1.0,3.0,0.0,0.0,64.0,0.0,3.1354942159291497
780919.0,0.0,19707629.0,927611.0,1.0,1.0,0.0,0.86,614.0,3.0,475.0,27.0,0.0,168.0,0.0,2.6390573296152584
412029.0,1.0,11035181.0,1475061.0,0.0,1.0,0.0,0.78,839.0,5.0,347.0,113.0,0.0,299.0,0.0,4.51085950651685
105260.0,0.0,596077.0,49720.0,0.0,1.0,0.0,0.97,43.0,1.0,41.0,1.0,0.0,1031.0,0.0,4.718498871295094
35486.0,1.0,35486.0,295701.0,1.0,4.0,0.0,0.79,293.0,12.0,253.0,4.0,6.0,1315.0,1.0,2.3978952727983707
90895.0,0.0,5941365.0,51808.0,1.0,1.0,0.0,1.05,47.0,1.0,39.0,0.0,0.0,123.0,0.0,3.6635616461296463
370565.0,0.0,591151.0,22419.0,1.0,0.0,197585.0,0.0,17.0,2.0,9.0,2.0,0.0,203.0,0.0,1.9459101490553128
136593.0,0.0,25006895.0,80048.0,1.0,1.0,0.0,0.8,66.0,4.0,49.0,2.0,0.0,740.0,0.0,5.214935757608986
167750.0,0.0,23731219.0,429238.0,0.0,1.0,0.0,0.76,302.0,5.0,200.0,20.0,0.0,238.0,0.0,3.610917912644224
705810.0,0.0,22857659.0,429238.0,0.0,1.0,0.0,0.76,302.0,5.0,200.0,20.0,0.0,238.0,0.0,2.5649493574615367
24506.0,0.0,4916679.0,70638.0,1.0,1.0,0.0,0.95,49.0,2.0,37.0,3.0,0.0,72.0,0.0,2.9444389791664403
73691.0,1.0,1577654.0,29024.0,0.0,1.0,0.0,0.91,21.0,2.0,19.0,0.0,0.0,128.0,0.0,2.8903717578961645
49971.0,0.0,2814076.0,4981.0,1.0,2.0,0.0,0.895,14.0,1.0,13.0,0.0,0.0,331.0,0.0,3.7612001156935615
32900.0,0.0,7203833.0,5233.0,1.0,1.0,0.0,0.89,12.0,1.0,9.0,0.0,0.0,20.0,0.0,4.890349128221754
810856.0,0.0,18152501.0,5269.0,0.0,1.0,0.0,0.88,14.0,2.0,12.0,0.0,0.0,84.0,0.0,2.833213344056216
401745.0,0.0,24022149.0,19262.0,1.0,1.0,0.0,0.99,8.0,1.0,6.0,0.0,0.0,49.0,0.0,3.091042453358316
86312.0,0.0,1253478.0,5602.0,1.0,1.0,0.0,0.94,9.0,2.0,7.0,0.0,0.0,104.0,0.0,4.290459441148391
555196.0,0.0,19481906.0,927611.0,0.0,1.0,0.0,0.86,614.0,3.0,475.0,27.0,0.0,168.0,0.0,3.970291913552122
7106.0,1.0,7106.0,88574.0,0.0,3.0,0.0,0.8933,135.0,2.0,124.0,3.0,4.0,335.0,1.0,2.3978952727983707
207662.0,0.0,4932740.0,23244.0,1.0,0.0,148072.0,0.0,23.0,1.0,22.0,0.0,0.0,371.0,0.0,6.326149473155099
76697.0,0.0,778034.0,49720.0,1.0,1.0,0.0,0.97,43.0,1.0,41.0,1.0,0.0,1031.0,0.0,2.772588722239781
532202.0,1.0,10915008.0,1475061.0,0.0,1.0,0.0,0.78,839.0,5.0,347.0,113.0,0.0,299.0,0.0,3.784189633918261
175053.0,0.0,7958233.0,2923.0,0.0,1.0,0.0,0.99,10.0,1.0,9.0,0.0,0.0,226.0,0.0,3.5263605246161616
99098.0,1.0,2657718.0,441422.0,1.0,1.0,0.0,0.82,400.0,1.0,332.0,13.0,0.0,86.0,0.0,2.9444389791664403
290998.0,0.0,900468.0,33425.0,1.0,2.0,0.0,0.89,50.0,1.0,40.0,4.0,0.0,1345.0,0.0,2.772588722239781
31137.0,0.0,18957847.0,927611.0,0.0,1.0,0.0,0.86,614.0,3.0,475.0,27.0,0.0,168.0,0.0,4.477336814478207
81187.0,0.0,2545997.0,730752.0,1.0,5.0,0.0,0.972,416.0,8.0,251.0,22.0,0.0,327.0,0.0,2.079441541679836
49659.0,0.0,779494.0,10488.0,1.0,1.0,0.0,0.84,12.0,4.0,7.0,0.0,0.0,333.0,0.0,4.61512051684126
167738.0,0.0,9160271.0,97567.0,0.0,1.0,0.0,0.94,60.0,2.0,43.0,3.0,0.0,141.0,0.0,3.044522437723423
401977.0,0.0,24021917.0,19262.0,1.0,1.0,0.0,0.99,8.0,1.0,6.0,0.0,0.0,49.0,0.0,5.605802066295998
465992.0,0.0,940667.0,65530.0,1.0,0.0,34197.0,0.0,55.0,1.0,27.0,6.0,0.0,516.0,0.0,4.61512051684126
62265.0,1.0,3337255.0,117737.0,1.0,3.0,0.0,1.2433,112.0,7.0,85.0,4.0,0.0,111.0,0.0,3.6635616461296463
90146.0,1.0,12182868.0,177422.0,1.0,1.0,0.0,0.93,85.0,5.0,47.0,11.0,0.0,112.0,0.0,2.995732273553991
286033.0,1.0,1209156.0,86371.0,1.0,2.0,0.0,0.85,121.0,1.0,113.0,1.0,0.0,381.0,0.0,3.044522437723423
254441.0,0.0,22757289.0,7465.0,1.0,3.0,0.0,0.9067,23.0,2.0,21.0,0.0,0.0,600.0,0.0,3.713572066704308
34880.0,1.0,3864622.0,46371.0,1.0,1.0,0.0,0.65,27.0,1.0,16.0,4.0,0.0,240.0,0.0,4.804021044733257
26520.0,0.0,1477443.0,29024.0,0.0,1.0,0.0,0.91,21.0,2.0,19.0,0.0,0.0,128.0,0.0,3.4011973816621555
213300.0,0.0,2833336.0,25167.0,1.0,0.0,1002026.0,0.0,13.0,0.0,5.0,3.0,0.0,50.0,0.0,3.6375861597263857
88817.0,1.0,309047.0,110683.0,1.0,2.0,0.0,0.925,73.0,2.0,58.0,2.0,0.0,80.0,0.0,2.302585092994046
96665.0,0.0,732488.0,10488.0,1.0,1.0,0.0,0.84,12.0,4.0,7.0,0.0,0.0,333.0,0.0,2.772588722239781
117347.0,1.0,799036.0,5083.0,0.0,1.0,0.0,0.99,9.0,2.0,7.0,0.0,0.0,54.0,0.0,3.4657359027997265
166562.0,0.0,4891640.0,23244.0,1.0,0.0,148072.0,0.0,23.0,1.0,22.0,0.0,0.0,371.0,0.0,3.58351893845611
53665.0,0.0,3226527.0,183782.0,1.0,1.0,0.0,0.88,207.0,1.0,195.0,0.0,0.0,153.0,0.0,5.69035945432406
255414.0,0.0,22758262.0,7465.0,0.0,3.0,0.0,0.9067,23.0,2.0,21.0,0.0,0.0,600.0,0.0,2.19722457733622
1237307.0,0.0,13937153.0,24901.0,0.0,3.0,0.0,0.99,31.0,3.0,25.0,2.0,0.0,78.0,0.0,4.04305126783455
47698.0,0.0,23611167.0,429238.0,0.0,1.0,0.0,0.76,302.0,5.0,200.0,20.0,0.0,238.0,0.0,4.897839799950911
79841.0,0.0,4032797.0,39210.0,1.0,1.0,0.0,0.9,42.0,3.0,35.0,0.0,0.0,108.0,0.0,2.6390573296152584
239011.0,1.0,21565747.0,407899.0,0.0,1.0,0.0,0.82,151.0,4.0,68.0,22.0,0.0,275.0,0.0,3.367295829986474
286412.0,0.0,14888048.0,24901.0,0.0,3.0,0.0,0.99,31.0,3.0,25.0,2.0,0.0,78.0,0.0,3.737669618283368
8850.0,0.0,477223.0,452412.0,1.0,3.0,0.0,0.8067,468.0,5.0,394.0,16.0,0.0,108.0,0.0,3.218875824868201
916777.0,0.0,19843487.0,927611.0,0.0,1.0,0.0,0.86,614.0,3.0,475.0,27.0,0.0,168.0,0.0,3.1354942159291497
12937.0,1.0,8483290.0,28065.0,0.0,1.0,0.0,0.71,46.0,0.0,29.0,2.0,0.0,38.0,0.0,4.624972813284271
46686.0,0.0,2554729.0,12239.0,0.0,1.0,0.0,0.6,14.0,1.0,10.0,0.0,0.0,14.0,0.0,5.236441962829949
403751.0,0.0,16635397.0,13893.0,0.0,0.0,1864631.0,0.0,10.0,2.0,8.0,0.0,0.0,168.0,0.0,2.4849066497880004
345526.0,0.0,1824672.0,72008.0,0.0,1.0,0.0,0.95,80.0,1.0,74.0,1.0,0.0,151.0,0.0,2.19722457733622
71298.0,1.0,7615307.0,281987.0,1.0,1.0,0.0,0.98,301.0,2.0,273.0,9.0,0.0,309.0,0.0,3.7612001156935615
209192.0,1.0,2331012.0,324575.0,0.0,1.0,0.0,0.86,338.0,4.0,280.0,18.0,0.0,217.0,0.0,4.060443010546419
37851.0,1.0,3670580.0,81730.0,0.0,1.0,0.0,0.82,100.0,3.0,86.0,3.0,0.0,398.0,0.0,3.295836866004329
18013.0,1.0,5265756.0,36273.0,0.0,0.0,270690.0,0.0,22.0,1.0,21.0,0.0,0.0,1211.0,0.0,2.9444389791664403
23563.0,1.0,2475545.0,74511.0,0.0,0.0,63163.0,0.0,83.0,1.0,68.0,2.0,0.0,45.0,0.0,3.4011973816621555
449705.0,0.0,26280892.0,448833.0,1.0,2.0,0.0,0.92,446.0,1.0,405.0,6.0,0.0,204.0,0.0,2.302585092994046
81174.0,1.0,3370148.0,91994.0,0.0,1.0,0.0,0.89,60.0,1.0,38.0,3.0,0.0,101.0,0.0,3.295836866004329
324119.0,0.0,23862546.0,44883.0,0.0,1.0,0.0,1.05,30.0,1.0,22.0,2.0,0.0,74.0,0.0,3.912023005428146
230262.0,0.0,8700615.0,28065.0,0.0,1.0,0.0,0.71,46.0,0.0,29.0,2.0,0.0,38.0,0.0,3.1354942159291497
33971.0,0.0,4691107.0,23244.0,0.0,0.0,148072.0,0.0,23.0,1.0,22.0,0.0,0.0,371.0,0.0,3.1354942159291497
68006.0,0.0,604171.0,233867.0,0.0,1.0,0.0,1.0,155.0,7.0,113.0,9.0,0.0,204.0,0.0,3.1780538303479458
7465.0,1.0,11010827.0,43655.0,0.0,9.0,0.0,0.7778,98.0,1.0,94.0,0.0,0.0,543.0,0.0,4.584967478670572
434546.0,0.0,17473694.0,13893.0,0.0,0.0,1864631.0,0.0,10.0,2.0,8.0,0.0,0.0,168.0,0.0,2.302585092994046
28852.0,1.0,1460481.0,95324.0,1.0,1.0,0.0,1.13,56.0,2.0,41.0,3.0,0.0,74.0,0.0,4.406719247264253
241112.0,0.0,23804581.0,429238.0,0.0,1.0,0.0,0.76,302.0,5.0,200.0,20.0,0.0,238.0,0.0,2.9444389791664403
374631.0,0.0,7977895.0,111945.0,0.0,1.0,0.0,0.99,167.0,3.0,163.0,0.0,0.0,931.0,0.0,4.499809670330265
339106.0,0.0,24084788.0,19262.0,1.0,1.0,0.0,0.99,8.0,1.0,6.0,0.0,0.0,49.0,0.0,7.0825485693553
235914.0,0.0,1934284.0,72008.0,0.0,1.0,0.0,0.95,80.0,1.0,74.0,1.0,0.0,151.0,0.0,3.332204510175204
971046.0,0.0,1648990.0,25167.0,1.0,0.0,1002026.0,0.0,13.0,0.0,5.0,3.0,0.0,50.0,0.0,1.6094379124341005
140883.0,0.0,11588093.0,1475061.0,1.0,1.0,0.0,0.78,839.0,5.0,347.0,113.0,0.0,299.0,0.0,4.0943445622221
688517.0,0.0,12135727.0,1475061.0,0.0,1.0,0.0,0.78,839.0,5.0,347.0,113.0,0.0,299.0,0.0,4.3694478524670215
28103.0,0.0,2902167.0,8803.0,1.0,1.0,0.0,0.92,25.0,1.0,24.0,0.0,0.0,88.0,0.0,2.079441541679836
7663.0,1.0,45278.0,157128.0,1.0,1.0,0.0,1.24,88.0,4.0,59.0,3.0,0.0,94.0,0.0,2.19722457733622
3963.0,1.0,1279042.0,54796.0,1.0,1.0,0.0,0.84,57.0,2.0,44.0,3.0,0.0,357.0,0.0,3.1780538303479458
159185.0,1.0,2207761.0,7419.0,0.0,1.0,0.0,0.96,14.0,1.0,13.0,0.0,0.0,59.0,0.0,3.044522437723423
345232.0,0.0,12766882.0,6164.0,0.0,0.0,1011774.0,0.0,11.0,1.0,9.0,0.0,0.0,67.0,0.0,3.4339872044851463
15232.0,1.0,2235722.0,98417.0,0.0,1.0,0.0,0.93,66.0,2.0,50.0,2.0,0.0,171.0,0.0,2.70805020110221
200690.0,0.0,2820726.0,25167.0,1.0,0.0,1002026.0,0.0,13.0,0.0,5.0,3.0,0.0,50.0,0.0,2.5649493574615367
16542.0,1.0,54157.0,157128.0,1.0,1.0,0.0,1.24,88.0,4.0,59.0,3.0,0.0,94.0,0.0,4.90527477843843
32778.0,0.0,686651.0,685926.0,1.0,3.0,0.0,0.93,464.0,2.0,300.0,34.0,0.0,74.0,0.0,2.4849066497880004
15394.0,1.0,624864.0,33425.0,0.0,2.0,0.0,0.89,50.0,1.0,40.0,4.0,0.0,1345.0,0.0,1.3862943611198906
7156.0,0.0,712273.0,685926.0,1.0,3.0,0.0,0.93,464.0,2.0,300.0,34.0,0.0,74.0,0.0,4.962844630259907
43828.0,1.0,3664603.0,81730.0,0.0,1.0,0.0,0.82,100.0,3.0,86.0,3.0,0.0,398.0,0.0,4.564348191467836
107058.0,0.0,4005580.0,39210.0,0.0,1.0,0.0,0.9,42.0,3.0,35.0,0.0,0.0,108.0,0.0,2.8903717578961645
14118.0,1.0,1475215.0,95324.0,0.0,1.0,0.0,1.13,56.0,2.0,41.0,3.0,0.0,74.0,0.0,3.1780538303479458
419971.0,0.0,22922819.0,7465.0,1.0,3.0,0.0,0.9067,23.0,2.0,21.0,0.0,0.0,600.0,0.0,2.302585092994046
63825.0,0.0,25895012.0,448833.0,0.0,2.0,0.0,0.92,446.0,1.0,405.0,6.0,0.0,204.0,0.0,2.9444389791664403
318740.0,0.0,26149927.0,448833.0,1.0,2.0,0.0,0.92,446.0,1.0,405.0,6.0,0.0,204.0,0.0,5.857933154483459
36841.0,0.0,3041297.0,3118.0,0.0,1.0,0.0,0.92,3.0,2.0,0.0,0.0,0.0,36.0,0.0,4.477336814478207
71509.0,1.0,379618.0,2285.0,1.0,1.0,0.0,0.76,6.0,1.0,3.0,0.0,0.0,34.0,0.0,4.30406509320417
241659.0,0.0,19168369.0,927611.0,0.0,1.0,0.0,0.86,614.0,3.0,475.0,27.0,0.0,168.0,0.0,5.198497031265826
775759.0,0.0,11084434.0,498345.0,1.0,1.0,0.0,0.75,351.0,4.0,247.0,18.0,0.0,260.0,0.0,1.9459101490553128
115116.0,1.0,386345.0,191707.0,0.0,1.0,0.0,1.22,127.0,1.0,91.0,8.0,0.0,480.0,0.0,5.5093883366279774
155751.0,1.0,6690452.0,13345.0,0.0,1.0,0.0,1.05,32.0,2.0,30.0,0.0,0.0,200.0,0.0,2.8903717578961645
8185.0,1.0,7280464.0,394619.0,1.0,1.0,0.0,0.89,385.0,1.0,334.0,8.0,0.0,170.0,0.0,3.8501476017100575
164904.0,1.0,2213480.0,7419.0,1.0,1.0,0.0,0.96,14.0,1.0,13.0,0.0,0.0,59.0,0.0,2.6390573296152584
89630.0,0.0,24959932.0,80048.0,0.0,1.0,0.0,0.8,66.0,4.0,49.0,2.0,0.0,740.0,0.0,5.093750200806762
420609.0,0.0,686650.0,16502.0,0.0,1.0,0.0,1.11,19.0,3.0,16.0,0.0,0.0,132.0,0.0,3.784189633918261
421817.0,0.0,7930709.0,111945.0,1.0,1.0,0.0,0.99,167.0,3.0,163.0,0.0,0.0,931.0,0.0,5.010635294096256
606269.0,1.0,10840941.0,1475061.0,1.0,1.0,0.0,0.78,839.0,5.0,347.0,113.0,0.0,299.0,0.0,2.70805020110221
563446.0,1.0,10883764.0,1475061.0,0.0,1.0,0.0,0.78,839.0,5.0,347.0,113.0,0.0,299.0,0.0,3.8918202981106265
4032.0,0.0,25835219.0,448833.0,0.0,2.0,0.0,0.92,446.0,1.0,405.0,6.0,0.0,204.0,0.0,4.927253685157205
376893.0,0.0,23940362.0,429238.0,1.0,1.0,0.0,0.76,302.0,5.0,200.0,20.0,0.0,238.0,0.0,3.951243718581428
62254.0,1.0,734431.0,233867.0,1.0,1.0,0.0,1.0,155.0,7.0,113.0,9.0,0.0,204.0,0.0,3.9889840465642745
79375.0,1.0,2953439.0,8803.0,0.0,1.0,0.0,0.92,25.0,1.0,24.0,0.0,0.0,88.0,0.0,2.302585092994046
76958.0,1.0,7091759.0,117874.0,1.0,1.0,0.0,0.87,98.0,1.0,75.0,6.0,0.0,201.0,0.0,5.049856007249537
1197207.0,0.0,17729503.0,927611.0,0.0,1.0,0.0,0.86,614.0,3.0,475.0,27.0,0.0,168.0,0.0,5.049856007249537
38111.0,0.0,5560296.0,9999.0,0.0,0.0,200389.0,0.0,7.0,1.0,6.0,0.0,0.0,42.0,0.0,5.010635294096256
998267.0,0.0,19924977.0,927611.0,1.0,1.0,0.0,0.86,614.0,3.0,475.0,27.0,0.0,168.0,0.0,4.060443010546419
82422.0,0.0,746731.0,10488.0,0.0,1.0,0.0,0.84,12.0,4.0,7.0,0.0,0.0,333.0,0.0,2.5649493574615367
29528.0,0.0,3212820.0,164464.0,1.0,1.0,0.0,1.04,151.0,3.0,133.0,4.0,0.0,52.0,0.0,4.31748811353631
458252.0,0.0,948407.0,65530.0,1.0,0.0,34197.0,0.0,55.0,1.0,27.0,6.0,0.0,516.0,0.0,3.1354942159291497
421868.0,0.0,22924716.0,7465.0,1.0,3.0,0.0,0.9067,23.0,2.0,21.0,0.0,0.0,600.0,0.0,4.0943445622221
205488.0,0.0,4930566.0,23244.0,1.0,0.0,148072.0,0.0,23.0,1.0,22.0,0.0,0.0,371.0,0.0,3.7612001156935615
134976.0,1.0,6620748.0,749455.0,0.0,1.0,0.0,0.91,434.0,2.0,202.0,68.0,0.0,68.0,0.0,4.543294782270004
18014.0,1.0,1521977.0,29024.0,0.0,1.0,0.0,0.91,21.0,2.0,19.0,0.0,0.0,128.0,0.0,4.976733742420574
244446.0,0.0,12337168.0,177422.0,1.0,1.0,0.0,0.93,85.0,5.0,47.0,11.0,0.0,112.0,0.0,5.003946305945459
7549.0,1.0,1395314.0,30826.0,1.0,1.0,0.0,0.77,26.0,1.0,19.0,0.0,0.0,41.0,0.0,4.290459441148391
16019.0,1.0,287248.0,191707.0,1.0,1.0,0.0,1.22,127.0,1.0,91.0,8.0,0.0,480.0,0.0,2.079441541679836
34323.0,1.0,460680.0,125097.0,1.0,1.0,0.0,0.84,93.0,1.0,66.0,7.0,0.0,481.0,0.0,4.553876891600541
4032.0,1.0,676209.0,233867.0,0.0,1.0,0.0,1.0,155.0,7.0,113.0,9.0,0.0,204.0,0.0,5.318119993844216
427870.0,0.0,26259057.0,448833.0,0.0,2.0,0.0,0.92,446.0,1.0,405.0,6.0,0.0,204.0,0.0,2.19722457733622
257188.0,0.0,17296336.0,13893.0,0.0,0.0,1864631.0,0.0,10.0,2.0,8.0,0.0,0.0,168.0,0.0,2.9444389791664403
27836.0,0.0,5494349.0,9999.0,0.0,0.0,200389.0,0.0,7.0,1.0,6.0,0.0,0.0,42.0,0.0,3.58351893845611
101581.0,0.0,2068617.0,72008.0,1.0,1.0,0.0,0.95,80.0,1.0,74.0,1.0,0.0,151.0,0.0,3.555348061489413
576023.0,0.0,12023233.0,1475061.0,1.0,1.0,0.0,0.78,839.0,5.0,347.0,113.0,0.0,299.0,0.0,4.6443908991413725
28510.0,0.0,2902574.0,8803.0,1.0,1.0,0.0,0.92,25.0,1.0,24.0,0.0,0.0,88.0,0.0,3.218875824868201
68002.0,1.0,967542.0,247493.0,0.0,1.0,0.0,0.84,324.0,9.0,302.0,1.0,0.0,250.0,0.0,5.187385805840755
24656.0,1.0,6239043.0,216542.0,0.0,2.0,0.0,0.965,177.0,3.0,111.0,11.0,0.0,147.0,0.0,2.772588722239781
7286.0,0.0,30329.0,157128.0,1.0,1.0,0.0,1.24,88.0,4.0,59.0,3.0,0.0,94.0,0.0,4.770684624465665
873542.0,0.0,1094128.0,22419.0,1.0,0.0,197585.0,0.0,17.0,2.0,9.0,2.0,0.0,203.0,0.0,4.406719247264253
5161.0,0.0,644818.0,14979.0,0.0,1.0,0.0,1.0,14.0,2.0,12.0,0.0,0.0,47.0,0.0,2.4849066497880004
328704.0,0.0,26159891.0,448833.0,0.0,2.0,0.0,0.92,446.0,1.0,405.0,6.0,0.0,204.0,0.0,4.976733742420574
31119.0,1.0,7071079.0,47630.0,1.0,0.0,21519.0,0.0,47.0,2.0,34.0,1.0,0.0,52.0,0.0,2.995732273553991
205845.0,0.0,3369523.0,5345.0,1.0,2.0,0.0,0.8,16.0,2.0,14.0,0.0,0.0,330.0,0.0,4.442651256490317
155635.0,1.0,6600089.0,749455.0,0.0,1.0,0.0,0.91,434.0,2.0,202.0,68.0,0.0,68.0,0.0,2.6390573296152584
360534.0,1.0,6110855.0,611853.0,0.0,2.0,0.0,0.78,517.0,2.0,306.0,45.0,0.0,115.0,0.0,2.772588722239781
87950.0,0.0,5828949.0,45277.0,0.0,0.0,290065.0,0.0,37.0,3.0,26.0,2.0,0.0,1029.0,0.0,5.043425116919247
1076246.0,0.0,17850464.0,927611.0,0.0,1.0,0.0,0.86,614.0,3.0,475.0,27.0,0.0,168.0,0.0,1.9459101490553128
463412.0,0.0,17502560.0,13893.0,1.0,0.0,1864631.0,0.0,10.0,2.0,8.0,0.0,0.0,168.0,0.0,2.772588722239781
529680.0,0.0,23033789.0,429238.0,1.0,1.0,0.0,0.76,302.0,5.0,200.0,20.0,0.0,238.0,0.0,2.3978952727983707
615021.0,0.0,22948448.0,429238.0,0.0,1.0,0.0,0.76,302.0,5.0,200.0,20.0,0.0,238.0,0.0,5.342334251964811
429565.0,0.0,7922961.0,111945.0,1.0,1.0,0.0,0.99,167.0,3.0,163.0,0.0,0.0,931.0,0.0,2.833213344056216
14960.0,0.0,704469.0,685926.0,1.0,3.0,0.0,0.93,464.0,2.0,300.0,34.0,0.0,74.0,0.0,4.143134726391533
118503.0,0.0,15055957.0,24901.0,0.0,3.0,0.0,0.99,31.0,3.0,25.0,2.0,0.0,78.0,0.0,3.58351893845611
64390.0,1.0,12157112.0,177422.0,1.0,1.0,0.0,0.93,85.0,5.0,47.0,11.0,0.0,112.0,0.0,5.093750200806762
28717.0,1.0,5340060.0,106004.0,0.0,1.0,0.0,0.82,84.0,2.0,62.0,3.0,0.0,151.0,0.0,2.70805020110221
18922.0,0.0,18922.0,88574.0,0.0,3.0,0.0,0.8933,135.0,2.0,124.0,3.0,4.0,335.0,1.0,3.367295829986474
116745.0,1.0,918799.0,247493.0,1.0,1.0,0.0,0.84,324.0,9.0,302.0,1.0,0.0,250.0,0.0,3.688879454113936
64275.0,0.0,4215969.0,21201.0,1.0,1.0,0.0,0.95,12.0,2.0,10.0,0.0,0.0,111.0,0.0,3.912023005428146
55964.0,0.0,24814338.0,80048.0,0.0,1.0,0.0,0.8,66.0,4.0,49.0,2.0,0.0,740.0,0.0,3.9318256327243257
161327.0,1.0,880756.0,685926.0,1.0,3.0,0.0,0.93,464.0,2.0,300.0,34.0,0.0,74.0,0.0,2.302585092994046
647913.0,0.0,26479100.0,448833.0,1.0,2.0,0.0,0.92,446.0,1.0,405.0,6.0,0.0,204.0,0.0,2.079441541679836
37297.0,1.0,2725293.0,81217.0,1.0,0.0,68976.0,0.0,57.0,1.0,25.0,5.0,0.0,16.0,0.0,1.9459101490553128
191211.0,0.0,24232683.0,19262.0,0.0,1.0,0.0,0.99,8.0,1.0,6.0,0.0,0.0,49.0,0.0,4.8283137373023015
82917.0,0.0,4029721.0,39210.0,1.0,1.0,0.0,0.9,42.0,3.0,35.0,0.0,0.0,108.0,0.0,3.828641396489095
407075.0,0.0,627661.0,22419.0,1.0,0.0,197585.0,0.0,17.0,2.0,9.0,2.0,0.0,203.0,0.0,2.772588722239781
64849.0,1.0,25083295.0,66555.0,1.0,1.0,0.0,1.11,57.0,7.0,49.0,0.0,0.0,44.0,0.0,5.10594547390058
78890.0,0.0,5953370.0,51808.0,1.0,1.0,0.0,1.05,47.0,1.0,39.0,0.0,0.0,123.0,0.0,2.302585092994046
31454.0,1.0,703631.0,233867.0,0.0,1.0,0.0,1.0,155.0,7.0,113.0,9.0,0.0,204.0,0.0,4.07753744390572
1312759.0,0.0,21190089.0,7465.0,1.0,3.0,0.0,0.9067,23.0,2.0,21.0,0.0,0.0,600.0,0.0,2.70805020110221
122683.0,1.0,7584054.0,158239.0,0.0,1.0,0.0,0.89,240.0,2.0,234.0,0.0,0.0,1086.0,0.0,2.3978952727983707
34026.0,1.0,71641.0,157128.0,1.0,1.0,0.0,1.24,88.0,4.0,59.0,3.0,0.0,94.0,0.0,5.438079308923196
68359.0,1.0,2324662.0,61494.0,0.0,2.0,0.0,0.95,66.0,3.0,58.0,1.0,0.0,34.0,0.0,2.19722457733622
569919.0,0.0,16469229.0,13893.0,1.0,0.0,1864631.0,0.0,10.0,2.0,8.0,0.0,0.0,168.0,0.0,3.58351893845611
576306.0,1.0,10195330.0,1181213.0,0.0,1.0,0.0,0.77,966.0,3.0,683.0,63.0,0.0,298.0,0.0,2.8903717578961645
1483273.0,0.0,17443437.0,927611.0,0.0,1.0,0.0,0.86,614.0,3.0,475.0,27.0,0.0,168.0,0.0,5.978885764901122
802328.0,0.0,21700520.0,7465.0,0.0,3.0,0.0,0.9067,23.0,2.0,21.0,0.0,0.0,600.0,0.0,4.158883083359672
1254.0,1.0,493749.0,125097.0,0.0,1.0,0.0,0.84,93.0,1.0,66.0,7.0,0.0,481.0,0.0,2.4849066497880004
47191.0,0.0,7467132.0,23048.0,0.0,1.0,0.0,0.91,31.0,1.0,27.0,1.0,0.0,76.0,0.0,4.653960350157523
116053.0,1.0,800330.0,5083.0,1.0,1.0,0.0,0.99,9.0,2.0,7.0,0.0,0.0,54.0,0.0,2.4849066497880004
387681.0,0.0,19351038.0,5269.0,0.0,1.0,0.0,0.88,14.0,2.0,12.0,0.0,0.0,84.0,0.0,3.218875824868201
50369.0,1.0,1438134.0,30826.0,1.0,1.0,0.0,0.77,26.0,1.0,19.0,0.0,0.0,41.0,0.0,2.9444389791664403
5867.0,0.0,2858180.0,4981.0,0.0,2.0,0.0,0.895,14.0,1.0,13.0,0.0,0.0,331.0,0.0,3.610917912644224
263130.0,0.0,22765978.0,7465.0,0.0,3.0,0.0,0.9067,23.0,2.0,21.0,0.0,0.0,600.0,0.0,2.833213344056216
1771.0,1.0,2862276.0,4981.0,0.0,2.0,0.0,0.895,14.0,1.0,13.0,0.0,0.0,331.0,0.0,4.060443010546419
3658.0,0.0,1321071.0,6378.0,0.0,0.0,42494.0,0.0,9.0,1.0,7.0,0.0,0.0,56.0,0.0,2.4849066497880004
1435.0,0.0,5523620.0,9999.0,0.0,0.0,200389.0,0.0,7.0,1.0,6.0,0.0,0.0,42.0,0.0,4.219507705176107
645270.0,0.0,21857578.0,7465.0,0.0,3.0,0.0,0.9067,23.0,2.0,21.0,0.0,0.0,600.0,0.0,3.1780538303479458
227938.0,0.0,22730786.0,7465.0,1.0,3.0,0.0,0.9067,23.0,2.0,21.0,0.0,0.0,600.0,0.0,3.912023005428146
29803.0,1.0,465200.0,125097.0,0.0,1.0,0.0,0.84,93.0,1.0,66.0,7.0,0.0,481.0,0.0,4.812184355372417
207876.0,1.0,2548940.0,441422.0,1.0,1.0,0.0,0.82,400.0,1.0,332.0,13.0,0.0,86.0,0.0,3.367295829986474
731492.0,0.0,12200143.0,23144.0,0.0,1.0,0.0,1.1,19.0,1.0,15.0,0.0,0.0,80.0,0.0,6.113682179832232
537343.0,0.0,23026126.0,429238.0,0.0,1.0,0.0,0.76,302.0,5.0,200.0,20.0,0.0,238.0,0.0,3.044522437723423
151964.0,0.0,21956722.0,407899.0,1.0,1.0,0.0,0.82,151.0,4.0,68.0,22.0,0.0,275.0,0.0,2.4849066497880004
245514.0,1.0,21559244.0,407899.0,0.0,1.0,0.0,0.82,151.0,4.0,68.0,22.0,0.0,275.0,0.0,3.332204510175204
100795.0,1.0,934749.0,247493.0,1.0,1.0,0.0,0.84,324.0,9.0,302.0,1.0,0.0,250.0,0.0,3.1354942159291497
47227.0,1.0,1703340.0,199872.0,0.0,1.0,0.0,0.93,260.0,2.0,234.0,8.0,0.0,99.0,0.0,3.091042453358316
47102.0,0.0,782051.0,10488.0,1.0,1.0,0.0,0.84,12.0,4.0,7.0,0.0,0.0,333.0,0.0,4.276666119016055
133846.0,0.0,25014298.0,66555.0,0.0,1.0,0.0,1.11,57.0,7.0,49.0,0.0,0.0,44.0,0.0,4.158883083359672
20285.0,0.0,2894349.0,8803.0,1.0,1.0,0.0,0.92,25.0,1.0,24.0,0.0,0.0,88.0,0.0,3.828641396489095
751996.0,0.0,22811473.0,429238.0,0.0,1.0,0.0,0.76,302.0,5.0,200.0,20.0,0.0,238.0,0.0,3.218875824868201
218487.0,1.0,7070162.0,394619.0,0.0,1.0,0.0,0.89,385.0,1.0,334.0,8.0,0.0,170.0,0.0,3.295836866004329
238815.0,0.0,19202172.0,5269.0,1.0,1.0,0.0,0.88,14.0,2.0,12.0,0.0,0.0,84.0,0.0,5.525452939131784
19940.0,1.0,2231014.0,98417.0,0.0,1.0,0.0,0.93,66.0,2.0,50.0,2.0,0.0,171.0,0.0,4.804021044733257
10828.0,0.0,629248.0,18948.0,0.0,1.0,0.0,1.05,17.0,1.0,15.0,0.0,0.0,63.0,0.0,2.3978952727983707
295515.0,0.0,23858984.0,429238.0,0.0,1.0,0.0,0.76,302.0,5.0,200.0,20.0,0.0,238.0,0.0,3.7612001156935615
15639.0,0.0,703790.0,685926.0,0.0,3.0,0.0,0.93,464.0,2.0,300.0,34.0,0.0,74.0,0.0,3.58351893845611
40558.0,1.0,994986.0,247493.0,0.0,1.0,0.0,0.84,324.0,9.0,302.0,1.0,0.0,250.0,0.0,5.572154032177765
104392.0,1.0,5415735.0,106004.0,0.0,1.0,0.0,0.82,84.0,2.0,62.0,3.0,0.0,151.0,0.0,4.204692619390966
57338.0,0.0,15231798.0,24901.0,0.0,3.0,0.0,0.99,31.0,3.0,25.0,2.0,0.0,78.0,0.0,2.19722457733622
621718.0,0.0,12090369.0,23144.0,0.0,1.0,0.0,1.1,19.0,1.0,15.0,0.0,0.0,80.0,0.0,2.772588722239781
78651.0,0.0,24108014.0,44883.0,0.0,1.0,0.0,1.05,30.0,1.0,22.0,2.0,0.0,74.0,0.0,2.772588722239781
29458.0,1.0,701635.0,233867.0,0.0,1.0,0.0,1.0,155.0,7.0,113.0,9.0,0.0,204.0,0.0,4.48863636973214
198725.0,1.0,2341479.0,324575.0,0.0,1.0,0.0,0.86,338.0,4.0,280.0,18.0,0.0,217.0,0.0,6.336825731146441
23017.0,1.0,456231.0,75433.0,1.0,1.0,0.0,0.81,82.0,2.0,60.0,4.0,0.0,29.0,0.0,2.19722457733622
57451.0,0.0,6788752.0,13345.0,1.0,1.0,0.0,1.05,32.0,2.0,30.0,0.0,0.0,200.0,0.0,4.465908118654584
42287.0,1.0,79902.0,157128.0,0.0,1.0,0.0,1.24,88.0,4.0,59.0,3.0,0.0,94.0,0.0,3.295836866004329
16572.0,1.0,1520535.0,29024.0,0.0,1.0,0.0,0.91,21.0,2.0,19.0,0.0,0.0,128.0,0.0,3.970291913552122
397848.0,0.0,7954678.0,111945.0,0.0,1.0,0.0,0.99,167.0,3.0,163.0,0.0,0.0,931.0,0.0,2.4849066497880004
66509.0,1.0,7345718.0,146155.0,1.0,2.0,0.0,0.845,141.0,4.0,101.0,9.0,0.0,171.0,0.0,1.6094379124341005
36721.0,0.0,635456.0,233867.0,0.0,1.0,0.0,1.0,155.0,7.0,113.0,9.0,0.0,204.0,0.0,5.545177444479562
277405.0,1.0,3539673.0,363512.0,0.0,1.0,0.0,0.9,362.0,2.0,318.0,16.0,0.0,360.0,0.0,2.995732273553991
146797.0,0.0,15321257.0,24901.0,0.0,3.0,0.0,0.99,31.0,3.0,25.0,2.0,0.0,78.0,0.0,4.736198448394496
352662.0,1.0,6102983.0,611853.0,0.0,2.0,0.0,0.78,517.0,2.0,306.0,45.0,0.0,115.0,0.0,2.833213344056216
334008.0,0.0,23852657.0,44883.0,0.0,1.0,0.0,1.05,30.0,1.0,22.0,2.0,0.0,74.0,0.0,2.3978952727983707
674210.0,1.0,10293234.0,1181213.0,0.0,1.0,0.0,0.77,966.0,3.0,683.0,63.0,0.0,298.0,0.0,2.70805020110221
317322.0,1.0,6438402.0,749455.0,1.0,1.0,0.0,0.91,434.0,2.0,202.0,68.0,0.0,68.0,0.0,1.3862943611198906
218800.0,1.0,2267376.0,7419.0,1.0,1.0,0.0,0.96,14.0,1.0,13.0,0.0,0.0,59.0,0.0,2.19722457733622
169271.0,1.0,2217847.0,7419.0,0.0,1.0,0.0,0.96,14.0,1.0,13.0,0.0,0.0,59.0,0.0,3.091042453358316
32544.0,0.0,650964.0,18948.0,1.0,1.0,0.0,1.05,17.0,1.0,15.0,0.0,0.0,63.0,0.0,3.1354942159291497
1524819.0,0.0,20978029.0,7465.0,1.0,3.0,0.0,0.9067,23.0,2.0,21.0,0.0,0.0,600.0,0.0,4.430816798843313
53604.0,1.0,361713.0,2285.0,1.0,1.0,0.0,0.76,6.0,1.0,3.0,0.0,0.0,34.0,0.0,1.9459101490553128
112682.0,1.0,6733521.0,13345.0,0.0,1.0,0.0,1.05,32.0,2.0,30.0,0.0,0.0,200.0,0.0,2.3978952727983707
248174.0,0.0,22751022.0,7465.0,1.0,3.0,0.0,0.9067,23.0,2.0,21.0,0.0,0.0,600.0,0.0,2.6390573296152584
4951.0,1.0,677128.0,233867.0,0.0,1.0,0.0,1.0,155.0,7.0,113.0,9.0,0.0,204.0,0.0,2.4849066497880004
469039.0,0.0,19395749.0,927611.0,1.0,1.0,0.0,0.86,614.0,3.0,475.0,27.0,0.0,168.0,0.0,2.772588722239781
490897.0,0.0,19454254.0,5269.0,0.0,1.0,0.0,0.88,14.0,2.0,12.0,0.0,0.0,84.0,0.0,3.5263605246161616
1134414.0,0.0,7702769.0,3021.0,1.0,1.0,0.0,0.71,0.0,0.0,0.0,0.0,0.0,15.0,0.0,3.4011973816621555
723250.0,0.0,12191901.0,23144.0,0.0,1.0,0.0,1.1,19.0,1.0,15.0,0.0,0.0,80.0,0.0,3.5263605246161616
274671.0,0.0,22777519.0,7465.0,1.0,3.0,0.0,0.9067,23.0,2.0,21.0,0.0,0.0,600.0,0.0,3.871201010907891
25384.0,0.0,2576031.0,12239.0,1.0,1.0,0.0,0.6,14.0,1.0,10.0,0.0,0.0,14.0,0.0,3.367295829986474
91785.0,1.0,2665031.0,441422.0,0.0,1.0,0.0,0.82,400.0,1.0,332.0,13.0,0.0,86.0,0.0,2.5649493574615367
80783.0,1.0,954761.0,247493.0,0.0,1.0,0.0,0.84,324.0,9.0,302.0,1.0,0.0,250.0,0.0,4.836281906951478
55230.0,1.0,487348.0,111490.0,1.0,1.0,0.0,0.86,77.0,1.0,66.0,2.0,0.0,122.0,0.0,2.079441541679836
406700.0,0.0,23970169.0,429238.0,1.0,1.0,0.0,0.76,302.0,5.0,200.0,20.0,0.0,238.0,0.0,2.70805020110221
121707.0,0.0,24302187.0,19262.0,1.0,1.0,0.0,0.99,8.0,1.0,6.0,0.0,0.0,49.0,0.0,3.912023005428146
264277.0,0.0,3427955.0,5345.0,1.0,2.0,0.0,0.8,16.0,2.0,14.0,0.0,0.0,330.0,0.0,4.68213122712422
1353695.0,0.0,17573015.0,927611.0,1.0,1.0,0.0,0.86,614.0,3.0,475.0,27.0,0.0,168.0,0.0,3.1780538303479458
50056.0,0.0,5233713.0,36273.0,1.0,0.0,270690.0,0.0,22.0,1.0,21.0,0.0,0.0,1211.0,0.0,2.4849066497880004
554468.0,0.0,4276798.0,26488.0,0.0,1.0,0.0,1.18,26.0,1.0,24.0,0.0,0.0,72.0,0.0,1.791759469228055
268087.0,1.0,4753578.0,703986.0,1.0,1.0,0.0,0.95,476.0,2.0,230.0,55.0,0.0,139.0,0.0,2.6390573296152584
702024.0,0.0,12170675.0,23144.0,0.0,1.0,0.0,1.1,19.0,1.0,15.0,0.0,0.0,80.0,0.0,4.394449154672439
1956.0,0.0,5285725.0,36273.0,0.0,0.0,270690.0,0.0,22.0,1.0,21.0,0.0,0.0,1211.0,0.0,5.298317366548036
429470.0,0.0,1038940.0,33425.0,1.0,2.0,0.0,0.89,50.0,1.0,40.0,4.0,0.0,1345.0,0.0,3.367295829986474
264954.0,1.0,6015275.0,611853.0,1.0,2.0,0.0,0.78,517.0,2.0,306.0,45.0,0.0,115.0,0.0,3.784189633918261
208745.0,0.0,3372423.0,5345.0,0.0,2.0,0.0,0.8,16.0,2.0,14.0,0.0,0.0,330.0,0.0,4.060443010546419
38417.0,0.0,15136043.0,24901.0,0.0,3.0,0.0,0.99,31.0,3.0,25.0,2.0,0.0,78.0,0.0,4.983606621708336
59625.0,0.0,1322805.0,42844.0,1.0,0.0,25688.0,0.0,25.0,2.0,12.0,1.0,0.0,22.0,0.0,2.302585092994046
1163833.0,0.0,12611043.0,1475061.0,0.0,1.0,0.0,0.78,839.0,5.0,347.0,113.0,0.0,299.0,0.0,2.19722457733622
116558.0,0.0,4046817.0,24238.0,1.0,1.0,0.0,0.84,36.0,1.0,35.0,0.0,0.0,40.0,0.0,3.044522437723423
1068251.0,0.0,12515461.0,1475061.0,1.0,1.0,0.0,0.78,839.0,5.0,347.0,113.0,0.0,299.0,0.0,4.262679877041316
154660.0,1.0,874089.0,685926.0,0.0,3.0,0.0,0.93,464.0,2.0,300.0,34.0,0.0,74.0,0.0,3.49650756146648
304762.0,0.0,19231472.0,927611.0,1.0,1.0,0.0,0.86,614.0,3.0,475.0,27.0,0.0,168.0,0.0,4.262679877041316
53969.0,1.0,2784868.0,71803.0,0.0,1.0,0.0,0.82,61.0,1.0,55.0,1.0,0.0,114.0,0.0,3.828641396489095
49294.0,0.0,779859.0,10488.0,1.0,1.0,0.0,0.84,12.0,4.0,7.0,0.0,0.0,333.0,0.0,4.465908118654584
210291.0,0.0,430877.0,22419.0,0.0,0.0,197585.0,0.0,17.0,2.0,9.0,2.0,0.0,203.0,0.0,3.367295829986474
316048.0,0.0,19279405.0,5269.0,0.0,1.0,0.0,0.88,14.0,2.0,12.0,0.0,0.0,84.0,0.0,2.772588722239781
146675.0,0.0,525502.0,233867.0,0.0,1.0,0.0,1.0,155.0,7.0,113.0,9.0,0.0,204.0,0.0,3.258096538021482
69092.0,1.0,6441083.0,200054.0,0.0,1.0,0.0,0.84,127.0,2.0,94.0,6.0,0.0,585.0,0.0,4.276666119016055
1056970.0,0.0,20747788.0,407899.0,1.0,1.0,0.0,0.82,151.0,4.0,68.0,22.0,0.0,275.0,0.0,5.14166355650266
492278.0,0.0,25243519.0,22565.0,0.0,1.0,0.0,0.95,47.0,2.0,45.0,0.0,0.0,423.0,0.0,2.4849066497880004
90028.0,0.0,25058116.0,66555.0,1.0,1.0,0.0,1.11,57.0,7.0,49.0,0.0,0.0,44.0,0.0,2.8903717578961645
5856.0,0.0,4750483.0,50401.0,1.0,1.0,0.0,1.17,29.0,2.0,22.0,2.0,0.0,72.0,0.0,5.945420608606575
144664.0,0.0,5227672.0,16076.0,0.0,1.0,0.0,0.87,17.0,2.0,14.0,0.0,0.0,37.0,0.0,3.9318256327243257
54782.0,1.0,440221.0,125097.0,1.0,1.0,0.0,0.84,93.0,1.0,66.0,7.0,0.0,481.0,0.0,4.584967478670572
70728.0,0.0,601449.0,233867.0,0.0,1.0,0.0,1.0,155.0,7.0,113.0,9.0,0.0,204.0,0.0,4.02535169073515
186201.0,0.0,12278923.0,177422.0,0.0,1.0,0.0,0.93,85.0,5.0,47.0,11.0,0.0,112.0,0.0,3.295836866004329
124710.0,0.0,5907550.0,51808.0,0.0,1.0,0.0,1.05,47.0,1.0,39.0,0.0,0.0,123.0,0.0,2.5649493574615367
1069603.0,0.0,1550433.0,25167.0,0.0,0.0,1002026.0,0.0,13.0,0.0,5.0,3.0,0.0,50.0,0.0,3.912023005428146
86915.0,1.0,3843344.0,24238.0,0.0,1.0,0.0,0.84,36.0,1.0,35.0,0.0,0.0,40.0,0.0,4.465908118654584
332695.0,0.0,23896164.0,429238.0,1.0,1.0,0.0,0.76,302.0,5.0,200.0,20.0,0.0,238.0,0.0,2.3978952727983707
171495.0,0.0,5240167.0,34959.0,1.0,1.0,0.0,0.99,42.0,2.0,33.0,1.0,0.0,99.0,0.0,3.555348061489413
1512118.0,0.0,13662342.0,24901.0,1.0,3.0,0.0,0.99,31.0,3.0,25.0,2.0,0.0,78.0,0.0,3.332204510175204
182441.0,0.0,12275163.0,177422.0,1.0,1.0,0.0,0.93,85.0,5.0,47.0,11.0,0.0,112.0,0.0,2.4849066497880004
41029.0,0.0,1933627.0,7270.0,1.0,0.0,243.0,0.0,11.0,2.0,9.0,0.0,0.0,19.0,0.0,2.833213344056216
310092.0,0.0,22812940.0,7465.0,0.0,3.0,0.0,0.9067,23.0,2.0,21.0,0.0,0.0,600.0,0.0,3.1354942159291497
333075.0,0.0,26892322.0,239436.0,0.0,1.0,0.0,0.83,250.0,5.0,228.0,1.0,0.0,210.0,0.0,4.262679877041316
367150.0,0.0,17406298.0,13893.0,0.0,0.0,1864631.0,0.0,10.0,2.0,8.0,0.0,0.0,168.0,0.0,2.19722457733622
329519.0,0.0,26160706.0,448833.0,0.0,2.0,0.0,0.92,446.0,1.0,405.0,6.0,0.0,204.0,0.0,3.49650756146648
108594.0,1.0,2982658.0,8803.0,0.0,1.0,0.0,0.92,25.0,1.0,24.0,0.0,0.0,88.0,0.0,3.80666248977032
100643.0,0.0,16938505.0,13893.0,0.0,0.0,1864631.0,0.0,10.0,2.0,8.0,0.0,0.0,168.0,0.0,3.951243718581428
438924.0,0.0,1680350.0,144288.0,1.0,0.0,20200.0,0.0,73.0,1.0,42.0,6.0,0.0,1090.0,0.0,2.3978952727983707
59005.0,1.0,3758073.0,363512.0,1.0,1.0,0.0,0.9,362.0,2.0,318.0,16.0,0.0,360.0,0.0,2.19722457733622
870094.0,0.0,22693375.0,429238.0,1.0,1.0,0.0,0.76,302.0,5.0,200.0,20.0,0.0,238.0,0.0,4.30406509320417
1707059.0,0.0,20795789.0,7465.0,1.0,3.0,0.0,0.9067,23.0,2.0,21.0,0.0,0.0,600.0,0.0,4.23410650459726
121507.0,1.0,7363802.0,130198.0,0.0,1.0,0.0,0.91,152.0,4.0,142.0,0.0,0.0,177.0,0.0,2.772588722239781
154684.0,1.0,12247406.0,177422.0,0.0,1.0,0.0,0.93,85.0,5.0,47.0,11.0,0.0,112.0,0.0,3.4657359027997265
528771.0,0.0,26359958.0,448833.0,1.0,2.0,0.0,0.92,446.0,1.0,405.0,6.0,0.0,204.0,0.0,4.0943445622221
427200.0,0.0,22930048.0,7465.0,1.0,3.0,0.0,0.9067,23.0,2.0,21.0,0.0,0.0,600.0,0.0,2.302585092994046
3573.0,0.0,7105593.0,4735.0,1.0,1.0,0.0,0.85,7.0,1.0,6.0,0.0,0.0,37.0,0.0,4.605170185988092
37911.0,0.0,2911975.0,8803.0,1.0,1.0,0.0,0.92,25.0,1.0,24.0,0.0,0.0,88.0,0.0,3.1354942159291497
36494.0,0.0,1971041.0,104921.0,1.0,1.0,0.0,0.82,80.0,3.0,65.0,1.0,0.0,244.0,0.0,2.833213344056216
325688.0,0.0,591729.0,16502.0,1.0,1.0,0.0,1.11,19.0,3.0,16.0,0.0,0.0,132.0,0.0,2.8903717578961645
79050.0,1.0,956494.0,247493.0,0.0,1.0,0.0,0.84,324.0,9.0,302.0,1.0,0.0,250.0,0.0,3.091042453358316
51860.0,1.0,411336.0,20972.0,1.0,2.0,0.0,0.91,44.0,4.0,39.0,0.0,0.0,117.0,0.0,2.833213344056216
900212.0,1.0,10519236.0,1181213.0,0.0,1.0,0.0,0.77,966.0,3.0,683.0,63.0,0.0,298.0,0.0,2.772588722239781
266980.0,1.0,6017301.0,611853.0,1.0,2.0,0.0,0.78,517.0,2.0,306.0,45.0,0.0,115.0,0.0,4.812184355372417
15027.0,0.0,22588.0,157128.0,1.0,1.0,0.0,1.24,88.0,4.0,59.0,3.0,0.0,94.0,0.0,2.079441541679836
125682.0,0.0,5866681.0,45277.0,0.0,0.0,290065.0,0.0,37.0,3.0,26.0,2.0,0.0,1029.0,0.0,3.367295829986474
143641.0,0.0,2752876.0,118133.0,1.0,0.0,21729.0,0.0,103.0,0.0,69.0,7.0,0.0,19.0,0.0,4.584967478670572
827260.0,0.0,18136097.0,5269.0,0.0,1.0,0.0,0.88,14.0,2.0,12.0,0.0,0.0,84.0,0.0,2.6390573296152584
8738.0,0.0,3864603.0,26961.0,0.0,1.0,0.0,0.97,16.0,1.0,9.0,3.0,0.0,83.0,0.0,6.212606095751519
1096883.0,0.0,17829827.0,927611.0,0.0,1.0,0.0,0.86,614.0,3.0,475.0,27.0,0.0,168.0,0.0,3.5263605246161616
63838.0,0.0,765315.0,10488.0,0.0,1.0,0.0,0.84,12.0,4.0,7.0,0.0,0.0,333.0,0.0,2.9444389791664403
1152824.0,0.0,17773886.0,927611.0,1.0,1.0,0.0,0.86,614.0,3.0,475.0,27.0,0.0,168.0,0.0,2.6390573296152584
308109.0,0.0,2019628.0,5668.0,1.0,0.0,17747.0,0.0,4.0,1.0,3.0,0.0,0.0,64.0,0.0,4.0943445622221
294690.0,1.0,1014119.0,685926.0,0.0,3.0,0.0,0.93,464.0,2.0,300.0,34.0,0.0,74.0,0.0,3.871201010907891
17457.0,1.0,288686.0,191707.0,1.0,1.0,0.0,1.22,127.0,1.0,91.0,8.0,0.0,480.0,0.0,4.110873864173311
383677.0,0.0,26214864.0,448833.0,0.0,2.0,0.0,0.92,446.0,1.0,405.0,6.0,0.0,204.0,0.0,3.713572066704308
226092.0,0.0,835562.0,33425.0,1.0,2.0,0.0,0.89,50.0,1.0,40.0,4.0,0.0,1345.0,0.0,4.31748811353631
35858.0,0.0,2828189.0,4981.0,0.0,2.0,0.0,0.895,14.0,1.0,13.0,0.0,0.0,331.0,0.0,2.8903717578961645
20823.0,0.0,4524959.0,9882.0,1.0,1.0,0.0,0.85,11.0,1.0,7.0,2.0,0.0,94.0,0.0,3.871201010907891
32736.0,0.0,576734.0,33425.0,0.0,2.0,0.0,0.89,50.0,1.0,40.0,4.0,0.0,1345.0,0.0,3.5263605246161616
114197.0,1.0,6149502.0,216542.0,0.0,2.0,0.0,0.965,177.0,3.0,111.0,11.0,0.0,147.0,0.0,3.367295829986474
714587.0,0.0,22848882.0,429238.0,1.0,1.0,0.0,0.76,302.0,5.0,200.0,20.0,0.0,238.0,0.0,2.833213344056216
567897.0,0.0,26399084.0,448833.0,1.0,2.0,0.0,0.92,446.0,1.0,405.0,6.0,0.0,204.0,0.0,5.673323267171493
199882.0,0.0,5211780.0,34959.0,0.0,1.0,0.0,0.99,42.0,2.0,33.0,1.0,0.0,99.0,0.0,4.0943445622221
35285.0,1.0,707462.0,233867.0,1.0,1.0,0.0,1.0,155.0,7.0,113.0,9.0,0.0,204.0,0.0,4.418840607796598
3849.0,1.0,7113015.0,4735.0,0.0,1.0,0.0,0.85,7.0,1.0,6.0,0.0,0.0,37.0,0.0,3.1354942159291497
405366.0,0.0,1908349.0,148489.0,1.0,1.0,0.0,0.96,128.0,1.0,107.0,1.0,0.0,108.0,0.0,3.332204510175204
59123.0,1.0,11388087.0,1475061.0,0.0,1.0,0.0,0.78,839.0,5.0,347.0,113.0,0.0,299.0,0.0,5.236441962829949
523381.0,0.0,17562529.0,13893.0,0.0,0.0,1864631.0,0.0,10.0,2.0,8.0,0.0,0.0,168.0,0.0,5.703782474656201
399375.0,1.0,23164094.0,429238.0,0.0,1.0,0.0,0.76,302.0,5.0,200.0,20.0,0.0,238.0,0.0,2.772588722239781
707377.0,0.0,12176028.0,23144.0,0.0,1.0,0.0,1.1,19.0,1.0,15.0,0.0,0.0,80.0,0.0,2.5649493574615367
461786.0,1.0,10985424.0,1475061.0,1.0,1.0,0.0,0.78,839.0,5.0,347.0,113.0,0.0,299.0,0.0,3.1780538303479458
38190.0,0.0,15212650.0,24901.0,0.0,3.0,0.0,0.99,31.0,3.0,25.0,2.0,0.0,78.0,0.0,4.262679877041316
27867.0,0.0,1739386.0,5668.0,1.0,0.0,17747.0,0.0,4.0,1.0,3.0,0.0,0.0,64.0,0.0,2.5649493574615367
367797.0,1.0,1127392.0,86371.0,1.0,2.0,0.0,0.85,121.0,1.0,113.0,1.0,0.0,381.0,0.0,3.6635616461296463
17882.0,0.0,3201174.0,164464.0,0.0,1.0,0.0,1.04,151.0,3.0,133.0,4.0,0.0,52.0,0.0,3.912023005428146
27826.0,1.0,6370432.0,394295.0,1.0,1.0,0.0,0.87,336.0,2.0,260.0,23.0,0.0,145.0,0.0,4.59511985013459
199221.0,0.0,419807.0,22419.0,1.0,0.0,197585.0,0.0,17.0,2.0,9.0,2.0,0.0,203.0,0.0,3.7612001156935615
321012.0,0.0,1085647.0,65530.0,0.0,0.0,34197.0,0.0,55.0,1.0,27.0,6.0,0.0,516.0,0.0,2.5649493574615367
705497.0,0.0,22857972.0,429238.0,0.0,1.0,0.0,0.76,302.0,5.0,200.0,20.0,0.0,238.0,0.0,3.1354942159291497
204799.0,0.0,12297521.0,177422.0,1.0,1.0,0.0,0.93,85.0,5.0,47.0,11.0,0.0,112.0,0.0,2.8903717578961645
1081474.0,0.0,1538562.0,25167.0,0.0,0.0,1002026.0,0.0,13.0,0.0,5.0,3.0,0.0,50.0,0.0,3.688879454113936
32617.0,0.0,3215909.0,164464.0,1.0,1.0,0.0,1.04,151.0,3.0,133.0,4.0,0.0,52.0,0.0,3.7612001156935615
407186.0,0.0,627772.0,22419.0,1.0,0.0,197585.0,0.0,17.0,2.0,9.0,2.0,0.0,203.0,0.0,2.772588722239781
502205.0,0.0,18461152.0,5269.0,1.0,1.0,0.0,0.88,14.0,2.0,12.0,0.0,0.0,84.0,0.0,3.4011973816621555
106596.0,1.0,642326.0,122207.0,0.0,3.0,0.0,0.8433,148.0,1.0,140.0,1.0,0.0,289.0,0.0,3.49650756146648
411234.0,0.0,25162475.0,22565.0,0.0,1.0,0.0,0.95,47.0,2.0,45.0,0.0,0.0,423.0,0.0,2.19722457733622
15014.0,0.0,704415.0,685926.0,1.0,3.0,0.0,0.93,464.0,2.0,300.0,34.0,0.0,74.0,0.0,2.995732273553991
255826.0,0.0,8965492.0,4557.0,0.0,1.0,0.0,1.18,14.0,1.0,13.0,0.0,0.0,232.0,0.0,3.6375861597263857
239738.0,0.0,2859774.0,25167.0,0.0,0.0,1002026.0,0.0,13.0,0.0,5.0,3.0,0.0,50.0,0.0,4.564348191467836
726972.0,0.0,18236385.0,5269.0,0.0,1.0,0.0,0.88,14.0,2.0,12.0,0.0,0.0,84.0,0.0,3.332204510175204
214304.0,1.0,2514314.0,653877.0,0.0,3.0,0.0,0.8933,602.0,4.0,451.0,30.0,0.0,570.0,0.0,2.19722457733622
37135.0,0.0,3276325.0,302818.0,0.0,3.0,0.0,0.94,368.0,2.0,313.0,11.0,0.0,179.0,0.0,2.70805020110221
30942.0,0.0,11049234.0,43655.0,1.0,9.0,0.0,0.7778,98.0,1.0,94.0,0.0,0.0,543.0,0.0,2.70805020110221
75192.0,1.0,2949256.0,8803.0,0.0,1.0,0.0,0.92,25.0,1.0,24.0,0.0,0.0,88.0,0.0,2.772588722239781
106983.0,1.0,928561.0,247493.0,1.0,1.0,0.0,0.84,324.0,9.0,302.0,1.0,0.0,250.0,0.0,2.19722457733622
336152.0,1.0,6187253.0,9017.0,1.0,1.0,0.0,0.76,9.0,1.0,7.0,0.0,0.0,79.0,0.0,2.302585092994046
58987.0,1.0,25089157.0,66555.0,1.0,1.0,0.0,1.11,57.0,7.0,49.0,0.0,0.0,44.0,0.0,4.430816798843313
5169.0,0.0,10733525.0,56984.0,0.0,6.0,0.0,1.0383,105.0,1.0,94.0,2.0,0.0,230.0,0.0,4.406719247264253
25937.0,1.0,3791141.0,363512.0,0.0,1.0,0.0,0.9,362.0,2.0,318.0,16.0,0.0,360.0,0.0,2.6390573296152584
11165.0,1.0,2463147.0,74511.0,1.0,0.0,63163.0,0.0,83.0,1.0,68.0,2.0,0.0,45.0,0.0,5.905361848054571
8334.0,0.0,4444688.0,36831.0,1.0,1.0,0.0,0.77,32.0,1.0,23.0,1.0,0.0,141.0,0.0,3.9318256327243257
156658.0,0.0,6784094.0,33888.0,0.0,1.0,0.0,1.01,54.0,2.0,52.0,0.0,0.0,590.0,0.0,3.784189633918261
94700.0,0.0,3340263.0,15369.0,1.0,1.0,0.0,0.71,12.0,1.0,5.0,4.0,0.0,184.0,0.0,4.330733340286331
393153.0,0.0,22896001.0,7465.0,0.0,3.0,0.0,0.9067,23.0,2.0,21.0,0.0,0.0,600.0,0.0,3.871201010907891
131769.0,0.0,5148763.0,91010.0,1.0,1.0,0.0,1.06,105.0,1.0,89.0,2.0,0.0,137.0,0.0,3.5263605246161616
101984.0,0.0,1280446.0,42844.0,0.0,0.0,25688.0,0.0,25.0,2.0,12.0,1.0,0.0,22.0,0.0,2.772588722239781
729010.0,1.0,18197700.0,927611.0,0.0,1.0,0.0,0.86,614.0,3.0,475.0,27.0,0.0,168.0,0.0,3.688879454113936
74642.0,0.0,5957618.0,51808.0,0.0,1.0,0.0,1.05,47.0,1.0,39.0,0.0,0.0,123.0,0.0,1.9459101490553128
1138573.0,0.0,20065283.0,927611.0,0.0,1.0,0.0,0.86,614.0,3.0,475.0,27.0,0.0,168.0,0.0,5.476463551931511
1397235.0,0.0,21105613.0,7465.0,0.0,3.0,0.0,0.9067,23.0,2.0,21.0,0.0,0.0,600.0,0.0,3.912023005428146
89839.0,1.0,127454.0,157128.0,0.0,1.0,0.0,1.24,88.0,4.0,59.0,3.0,0.0,94.0,0.0,2.079441541679836
53875.0,0.0,168919.0,2437.0,0.0,1.0,0.0,1.01,7.0,1.0,5.0,0.0,0.0,4.0,0.0,4.574710978503383
610.0,0.0,3542052.0,31830.0,1.0,0.0,8910.0,0.0,59.0,1.0,57.0,0.0,0.0,15.0,0.0,2.8903717578961645
37760.0,0.0,9183558.0,4557.0,0.0,1.0,0.0,1.18,14.0,1.0,13.0,0.0,0.0,232.0,0.0,3.6375861597263857
129231.0,1.0,6471837.0,394295.0,1.0,1.0,0.0,0.87,336.0,2.0,260.0,23.0,0.0,145.0,0.0,2.70805020110221
108207.0,1.0,18818503.0,927611.0,0.0,1.0,0.0,0.86,614.0,3.0,475.0,27.0,0.0,168.0,0.0,2.833213344056216
748130.0,0.0,18215227.0,5269.0,1.0,1.0,0.0,0.88,14.0,2.0,12.0,0.0,0.0,84.0,0.0,5.288267030694535
179910.0,1.0,4696317.0,574324.0,0.0,1.0,0.0,0.93,529.0,2.0,401.0,25.0,0.0,132.0,0.0,4.709530201312334
285987.0,0.0,1120672.0,65530.0,1.0,0.0,34197.0,0.0,55.0,1.0,27.0,6.0,0.0,516.0,0.0,4.700480365792417
6438.0,0.0,7295087.0,394619.0,0.0,1.0,0.0,0.89,385.0,1.0,334.0,8.0,0.0,170.0,0.0,3.784189633918261
37910.0,0.0,3277100.0,302818.0,1.0,3.0,0.0,0.94,368.0,2.0,313.0,11.0,0.0,179.0,0.0,4.248495242049359
417221.0,0.0,22947455.0,74922.0,0.0,1.0,0.0,0.98,77.0,2.0,71.0,1.0,0.0,103.0,0.0,4.867534450455582
242190.0,0.0,24484469.0,5190.0,0.0,0.0,1266.0,0.0,17.0,1.0,16.0,0.0,0.0,167.0,0.0,5.318119993844216
275194.0,0.0,22778042.0,7465.0,0.0,3.0,0.0,0.9067,23.0,2.0,21.0,0.0,0.0,600.0,0.0,4.672828834461906
31244.0,0.0,5490941.0,9999.0,0.0,0.0,200389.0,0.0,7.0,1.0,6.0,0.0,0.0,42.0,0.0,4.0943445622221
11261.0,1.0,730690.0,685926.0,1.0,3.0,0.0,0.93,464.0,2.0,300.0,34.0,0.0,74.0,0.0,3.80666248977032
51697.0,1.0,2302651.0,98417.0,1.0,1.0,0.0,0.93,66.0,2.0,50.0,2.0,0.0,171.0,0.0,4.276666119016055
18875.0,1.0,1406640.0,30826.0,1.0,1.0,0.0,0.77,26.0,1.0,19.0,0.0,0.0,41.0,0.0,2.3978952727983707
279969.0,0.0,22782817.0,7465.0,1.0,3.0,0.0,0.9067,23.0,2.0,21.0,0.0,0.0,600.0,0.0,3.688879454113936
257156.0,0.0,23820625.0,429238.0,1.0,1.0,0.0,0.76,302.0,5.0,200.0,20.0,0.0,238.0,0.0,3.970291913552122
4066.0,1.0,8239908.0,32804.0,0.0,1.0,0.0,0.74,30.0,1.0,20.0,3.0,0.0,62.0,0.0,2.3978952727983707
8519.0,1.0,17047667.0,13893.0,0.0,0.0,1864631.0,0.0,10.0,2.0,8.0,0.0,0.0,168.0,0.0,3.7612001156935615
458209.0,0.0,26289396.0,448833.0,0.0,2.0,0.0,0.92,446.0,1.0,405.0,6.0,0.0,204.0,0.0,3.6375861597263857
11978.0,1.0,4593823.0,76056.0,0.0,1.0,0.0,1.12,77.0,1.0,70.0,1.0,0.0,174.0,0.0,4.442651256490317
19806.0,1.0,4416548.0,36831.0,1.0,1.0,0.0,0.77,32.0,1.0,23.0,1.0,0.0,141.0,0.0,3.044522437723423
30741.0,0.0,1742260.0,5668.0,0.0,0.0,17747.0,0.0,4.0,1.0,3.0,0.0,0.0,64.0,0.0,2.772588722239781
814343.0,0.0,18149014.0,5269.0,1.0,1.0,0.0,0.88,14.0,2.0,12.0,0.0,0.0,84.0,0.0,2.995732273553991
1278326.0,0.0,20526432.0,407899.0,1.0,1.0,0.0,0.82,151.0,4.0,68.0,22.0,0.0,275.0,0.0,3.6375861597263857
1048510.0,0.0,10811683.0,498345.0,0.0,1.0,0.0,0.75,351.0,4.0,247.0,18.0,0.0,260.0,0.0,4.110873864173311
500360.0,0.0,16538788.0,13893.0,1.0,0.0,1864631.0,0.0,10.0,2.0,8.0,0.0,0.0,168.0,0.0,3.8918202981106265
12237.0,0.0,22490611.0,7465.0,1.0,3.0,0.0,0.9067,23.0,2.0,21.0,0.0,0.0,600.0,0.0,3.1354942159291497
237313.0,0.0,4962391.0,23244.0,0.0,0.0,148072.0,0.0,23.0,1.0,22.0,0.0,0.0,371.0,0.0,1.9459101490553128
140006.0,1.0,2188582.0,7419.0,1.0,1.0,0.0,0.96,14.0,1.0,13.0,0.0,0.0,59.0,0.0,3.6375861597263857
1374967.0,0.0,12822177.0,1475061.0,1.0,1.0,0.0,0.78,839.0,5.0,347.0,113.0,0.0,299.0,0.0,3.555348061489413
1153851.0,0.0,20080561.0,927611.0,0.0,1.0,0.0,0.86,614.0,3.0,475.0,27.0,0.0,168.0,0.0,1.9459101490553128
1408219.0,0.0,21094629.0,7465.0,1.0,3.0,0.0,0.9067,23.0,2.0,21.0,0.0,0.0,600.0,0.0,1.791759469228055
271276.0,0.0,22774124.0,7465.0,1.0,3.0,0.0,0.9067,23.0,2.0,21.0,0.0,0.0,600.0,0.0,3.332204510175204
2601.0,0.0,11289545.0,154992.0,1.0,30.0,0.0,0.859,334.0,1.0,328.0,1.0,0.0,405.0,0.0,4.0943445622221
1990.0,1.0,2862057.0,4981.0,0.0,2.0,0.0,0.895,14.0,1.0,13.0,0.0,0.0,331.0,0.0,4.127134385045092
207489.0,1.0,3609589.0,363512.0,0.0,1.0,0.0,0.9,362.0,2.0,318.0,16.0,0.0,360.0,0.0,3.58351893845611
23902.0,1.0,455346.0,75433.0,0.0,1.0,0.0,0.81,82.0,2.0,60.0,4.0,0.0,29.0,0.0,2.3978952727983707
463197.0,0.0,1656077.0,144288.0,1.0,0.0,20200.0,0.0,73.0,1.0,42.0,6.0,0.0,1090.0,0.0,1.6094379124341005
416735.0,1.0,11030475.0,1475061.0,0.0,1.0,0.0,0.78,839.0,5.0,347.0,113.0,0.0,299.0,0.0,3.4657359027997265
109493.0,1.0,2983557.0,8803.0,0.0,1.0,0.0,0.92,25.0,1.0,24.0,0.0,0.0,88.0,0.0,5.905361848054571
111368.0,0.0,25036776.0,66555.0,1.0,1.0,0.0,1.11,57.0,7.0,49.0,0.0,0.0,44.0,0.0,3.6635616461296463
1200694.0,0.0,20127404.0,927611.0,0.0,1.0,0.0,0.86,614.0,3.0,475.0,27.0,0.0,168.0,0.0,4.290459441148391
56693.0,0.0,1546026.0,95324.0,1.0,1.0,0.0,1.13,56.0,2.0,41.0,3.0,0.0,74.0,0.0,2.19722457733622
53547.0,0.0,18980257.0,927611.0,0.0,1.0,0.0,0.86,614.0,3.0,475.0,27.0,0.0,168.0,0.0,3.58351893845611
5718.0,0.0,713711.0,685926.0,0.0,3.0,0.0,0.93,464.0,2.0,300.0,34.0,0.0,74.0,0.0,2.772588722239781
13807.0,1.0,4422547.0,36831.0,1.0,1.0,0.0,0.77,32.0,1.0,23.0,1.0,0.0,141.0,0.0,5.337538079701318
390719.0,1.0,23172750.0,429238.0,0.0,1.0,0.0,0.76,302.0,5.0,200.0,20.0,0.0,238.0,0.0,2.19722457733622
105599.0,1.0,5855920.0,611853.0,1.0,2.0,0.0,0.78,517.0,2.0,306.0,45.0,0.0,115.0,0.0,2.4849066497880004
453191.0,0.0,11921842.0,23144.0,0.0,1.0,0.0,1.1,19.0,1.0,15.0,0.0,0.0,80.0,0.0,2.6390573296152584
829828.0,1.0,10448852.0,1181213.0,1.0,1.0,0.0,0.77,966.0,3.0,683.0,63.0,0.0,298.0,0.0,2.302585092994046
131557.0,0.0,25016587.0,66555.0,0.0,1.0,0.0,1.11,57.0,7.0,49.0,0.0,0.0,44.0,0.0,3.091042453358316
44133.0,0.0,159177.0,2437.0,1.0,1.0,0.0,1.01,7.0,1.0,5.0,0.0,0.0,4.0,0.0,6.569481420414296
1850258.0,0.0,6986925.0,3021.0,0.0,1.0,0.0,0.71,0.0,0.0,0.0,0.0,0.0,15.0,0.0,3.258096538021482
2342.0,0.0,18929052.0,927611.0,0.0,1.0,0.0,0.86,614.0,3.0,475.0,27.0,0.0,168.0,0.0,4.290459441148391
636832.0,1.0,4359162.0,26488.0,0.0,1.0,0.0,1.18,26.0,1.0,24.0,0.0,0.0,72.0,0.0,2.302585092994046
383920.0,0.0,24039974.0,19262.0,0.0,1.0,0.0,0.99,8.0,1.0,6.0,0.0,0.0,49.0,0.0,4.584967478670572
545102.0,0.0,19508459.0,5269.0,1.0,1.0,0.0,0.88,14.0,2.0,12.0,0.0,0.0,84.0,0.0,5.673323267171493
744138.0,0.0,17783286.0,13893.0,1.0,0.0,1864631.0,0.0,10.0,2.0,8.0,0.0,0.0,168.0,0.0,4.859812404361672
561475.0,0.0,19488185.0,927611.0,1.0,1.0,0.0,0.86,614.0,3.0,475.0,27.0,0.0,168.0,0.0,2.995732273553991
46309.0,1.0,4550445.0,9882.0,0.0,1.0,0.0,0.85,11.0,1.0,7.0,2.0,0.0,94.0,0.0,3.7612001156935615
239196.0,0.0,4169455.0,24238.0,1.0,1.0,0.0,0.84,36.0,1.0,35.0,0.0,0.0,40.0,0.0,3.1354942159291497
27347.0,0.0,692082.0,685926.0,1.0,3.0,0.0,0.93,464.0,2.0,300.0,34.0,0.0,74.0,0.0,4.356708826689592
428862.0,0.0,23992331.0,429238.0,0.0,1.0,0.0,0.76,302.0,5.0,200.0,20.0,0.0,238.0,0.0,6.208590026096629
21062.0,0.0,4457416.0,36831.0,0.0,1.0,0.0,0.77,32.0,1.0,23.0,1.0,0.0,141.0,0.0,2.079441541679836
42731.0,0.0,786422.0,10488.0,1.0,1.0,0.0,0.84,12.0,4.0,7.0,0.0,0.0,333.0,0.0,3.688879454113936
1681195.0,0.0,13128405.0,1475061.0,0.0,1.0,0.0,0.78,839.0,5.0,347.0,113.0,0.0,299.0,0.0,2.995732273553991
307435.0,0.0,16731713.0,13893.0,0.0,0.0,1864631.0,0.0,10.0,2.0,8.0,0.0,0.0,168.0,0.0,3.4011973816621555
6868.0,0.0,1718387.0,5668.0,0.0,0.0,17747.0,0.0,4.0,1.0,3.0,0.0,0.0,64.0,0.0,4.700480365792417
32659.0,0.0,1859939.0,7270.0,1.0,0.0,243.0,0.0,11.0,2.0,9.0,0.0,0.0,19.0,0.0,4.248495242049359
11475.0,0.0,2852572.0,4981.0,0.0,2.0,0.0,0.895,14.0,1.0,13.0,0.0,0.0,331.0,0.0,3.58351893845611
157120.0,0.0,23720589.0,429238.0,0.0,1.0,0.0,0.76,302.0,5.0,200.0,20.0,0.0,238.0,0.0,5.220355825078324
13896.0,1.0,686073.0,233867.0,1.0,1.0,0.0,1.0,155.0,7.0,113.0,9.0,0.0,204.0,0.0,2.4849066497880004
164364.0,1.0,3928631.0,69035.0,0.0,1.0,0.0,0.89,84.0,1.0,66.0,4.0,0.0,148.0,0.0,3.1354942159291497
363431.0,0.0,584017.0,22419.0,1.0,0.0,197585.0,0.0,17.0,2.0,9.0,2.0,0.0,203.0,0.0,1.9459101490553128
140245.0,1.0,2188821.0,7419.0,0.0,1.0,0.0,0.96,14.0,1.0,13.0,0.0,0.0,59.0,0.0,2.19722457733622
83051.0,0.0,1794570.0,5668.0,1.0,0.0,17747.0,0.0,4.0,1.0,3.0,0.0,0.0,64.0,0.0,3.688879454113936
79010.0,1.0,751187.0,233867.0,1.0,1.0,0.0,1.0,155.0,7.0,113.0,9.0,0.0,204.0,0.0,3.6635616461296463
269405.0,1.0,18657305.0,927611.0,0.0,1.0,0.0,0.86,614.0,3.0,475.0,27.0,0.0,168.0,0.0,2.5649493574615367
42600.0,1.0,452403.0,125097.0,0.0,1.0,0.0,0.84,93.0,1.0,66.0,7.0,0.0,481.0,0.0,2.4849066497880004
1137262.0,0.0,17789448.0,927611.0,1.0,1.0,0.0,0.86,614.0,3.0,475.0,27.0,0.0,168.0,0.0,3.9889840465642745
877219.0,0.0,19803929.0,927611.0,1.0,1.0,0.0,0.86,614.0,3.0,475.0,27.0,0.0,168.0,0.0,4.23410650459726
51555.0,0.0,2549860.0,12239.0,1.0,1.0,0.0,0.6,14.0,1.0,10.0,0.0,0.0,14.0,0.0,4.605170185988092
35872.0,0.0,2792688.0,441422.0,1.0,1.0,0.0,0.82,400.0,1.0,332.0,13.0,0.0,86.0,0.0,4.663439094112067
278647.0,0.0,1990166.0,5668.0,0.0,0.0,17747.0,0.0,4.0,1.0,3.0,0.0,0.0,64.0,0.0,2.772588722239781
149361.0,0.0,21954119.0,407899.0,1.0,1.0,0.0,0.82,151.0,4.0,68.0,22.0,0.0,275.0,0.0,2.4849066497880004
11647.0,0.0,524083.0,122207.0,1.0,3.0,0.0,0.8433,148.0,1.0,140.0,1.0,0.0,289.0,0.0,3.555348061489413
277389.0,0.0,1988908.0,5668.0,1.0,0.0,17747.0,0.0,4.0,1.0,3.0,0.0,0.0,64.0,0.0,2.8903717578961645
5268.0,0.0,2999188.0,3118.0,1.0,1.0,0.0,0.92,3.0,2.0,0.0,0.0,0.0,36.0,0.0,5.3981627015177525
241472.0,0.0,26983925.0,239436.0,0.0,1.0,0.0,0.83,250.0,5.0,228.0,1.0,0.0,210.0,0.0,4.248495242049359
87.0,1.0,1035457.0,247493.0,0.0,1.0,0.0,0.84,324.0,9.0,302.0,1.0,0.0,250.0,0.0,3.218875824868201
206638.0,1.0,2333566.0,324575.0,1.0,1.0,0.0,0.86,338.0,4.0,280.0,18.0,0.0,217.0,0.0,3.044522437723423
72482.0,1.0,380591.0,2285.0,0.0,1.0,0.0,0.76,6.0,1.0,3.0,0.0,0.0,34.0,0.0,3.091042453358316
454771.0,0.0,26285958.0,448833.0,0.0,2.0,0.0,0.92,446.0,1.0,405.0,6.0,0.0,204.0,0.0,2.833213344056216
89236.0,1.0,2963300.0,8803.0,1.0,1.0,0.0,0.92,25.0,1.0,24.0,0.0,0.0,88.0,0.0,3.610917912644224
36473.0,0.0,3040929.0,3118.0,0.0,1.0,0.0,0.92,3.0,2.0,0.0,0.0,0.0,36.0,0.0,4.330733340286331
459231.0,0.0,16579917.0,13893.0,1.0,0.0,1864631.0,0.0,10.0,2.0,8.0,0.0,0.0,168.0,0.0,4.499809670330265
191505.0,1.0,2348699.0,324575.0,0.0,1.0,0.0,0.86,338.0,4.0,280.0,18.0,0.0,217.0,0.0,4.394449154672439
51118.0,1.0,21753640.0,407899.0,1.0,1.0,0.0,0.82,151.0,4.0,68.0,22.0,0.0,275.0,0.0,1.3862943611198906
682320.0,0.0,18281037.0,5269.0,1.0,1.0,0.0,0.88,14.0,2.0,12.0,0.0,0.0,84.0,0.0,3.4657359027997265
306912.0,0.0,916382.0,33425.0,1.0,2.0,0.0,0.89,50.0,1.0,40.0,4.0,0.0,1345.0,0.0,2.772588722239781
449028.0,0.0,19375738.0,927611.0,1.0,1.0,0.0,0.86,614.0,3.0,475.0,27.0,0.0,168.0,0.0,3.6635616461296463
139870.0,0.0,17179018.0,13893.0,0.0,0.0,1864631.0,0.0,10.0,2.0,8.0,0.0,0.0,168.0,0.0,3.091042453358316
204571.0,0.0,425157.0,22419.0,1.0,0.0,197585.0,0.0,17.0,2.0,9.0,2.0,0.0,203.0,0.0,2.5649493574615367
432022.0,0.0,26263209.0,448833.0,0.0,2.0,0.0,0.92,446.0,1.0,405.0,6.0,0.0,204.0,0.0,5.921578419643816
374115.0,0.0,594701.0,22419.0,1.0,0.0,197585.0,0.0,17.0,2.0,9.0,2.0,0.0,203.0,0.0,3.332204510175204
315413.0,0.0,22818261.0,7465.0,0.0,3.0,0.0,0.9067,23.0,2.0,21.0,0.0,0.0,600.0,0.0,2.70805020110221
26559.0,0.0,3031015.0,3118.0,1.0,1.0,0.0,0.92,3.0,2.0,0.0,0.0,0.0,36.0,0.0,3.610917912644224
69801.0,0.0,1781320.0,5668.0,0.0,0.0,17747.0,0.0,4.0,1.0,3.0,0.0,0.0,64.0,0.0,5.84354441703136
785236.0,0.0,11074957.0,498345.0,1.0,1.0,0.0,0.75,351.0,4.0,247.0,18.0,0.0,260.0,0.0,2.3978952727983707
202704.0,0.0,14971756.0,24901.0,1.0,3.0,0.0,0.99,31.0,3.0,25.0,2.0,0.0,78.0,0.0,2.079441541679836
709713.0,1.0,10737497.0,1475061.0,1.0,1.0,0.0,0.78,839.0,5.0,347.0,113.0,0.0,299.0,0.0,4.276666119016055
219776.0,0.0,4944854.0,23244.0,0.0,0.0,148072.0,0.0,23.0,1.0,22.0,0.0,0.0,371.0,0.0,2.9444389791664403
37367.0,1.0,1564241.0,51594.0,1.0,0.0,37936.0,0.0,80.0,2.0,78.0,0.0,0.0,225.0,0.0,4.962844630259907
1732271.0,0.0,13179481.0,1475061.0,1.0,1.0,0.0,0.78,839.0,5.0,347.0,113.0,0.0,299.0,0.0,2.995732273553991
159332.0,0.0,512845.0,233867.0,0.0,1.0,0.0,1.0,155.0,7.0,113.0,9.0,0.0,204.0,0.0,2.3978952727983707
76042.0,1.0,113657.0,157128.0,1.0,1.0,0.0,1.24,88.0,4.0,59.0,3.0,0.0,94.0,0.0,3.6375861597263857
213271.0,0.0,5003849.0,2405.0,1.0,0.0,43430.0,0.0,1.0,1.0,0.0,0.0,0.0,208.0,0.0,2.5649493574615367
540747.0,0.0,26500173.0,6230.0,1.0,1.0,0.0,0.97,14.0,1.0,13.0,0.0,0.0,136.0,0.0,2.19722457733622
421701.0,0.0,23985170.0,429238.0,0.0,1.0,0.0,0.76,302.0,5.0,200.0,20.0,0.0,238.0,0.0,1.9459101490553128
517961.0,1.0,4503704.0,703986.0,1.0,1.0,0.0,0.95,476.0,2.0,230.0,55.0,0.0,139.0,0.0,2.3978952727983707
26976.0,0.0,495349.0,452412.0,1.0,3.0,0.0,0.8067,468.0,5.0,394.0,16.0,0.0,108.0,0.0,3.58351893845611
9945.0,1.0,3255508.0,15369.0,0.0,1.0,0.0,0.71,12.0,1.0,5.0,4.0,0.0,184.0,0.0,3.871201010907891
37007.0,1.0,3671424.0,81730.0,0.0,1.0,0.0,0.82,100.0,3.0,86.0,3.0,0.0,398.0,0.0,4.262679877041316
16193.0,1.0,3167099.0,164464.0,0.0,1.0,0.0,1.04,151.0,3.0,133.0,4.0,0.0,52.0,0.0,4.30406509320417
40625.0,1.0,4565176.0,76056.0,0.0,1.0,0.0,1.12,77.0,1.0,70.0,1.0,0.0,174.0,0.0,2.6390573296152584
36205.0,0.0,4480202.0,574324.0,1.0,1.0,0.0,0.93,529.0,2.0,401.0,25.0,0.0,132.0,0.0,2.8903717578961645
237021.0,0.0,457607.0,22419.0,0.0,0.0,197585.0,0.0,17.0,2.0,9.0,2.0,0.0,203.0,0.0,3.5263605246161616
247571.0,0.0,468157.0,22419.0,1.0,0.0,197585.0,0.0,17.0,2.0,9.0,2.0,0.0,203.0,0.0,4.189654742026425
317319.0,1.0,6438405.0,749455.0,1.0,1.0,0.0,0.91,434.0,2.0,202.0,68.0,0.0,68.0,0.0,3.1354942159291497
314697.0,0.0,26274123.0,6230.0,1.0,1.0,0.0,0.97,14.0,1.0,13.0,0.0,0.0,136.0,0.0,4.394449154672439
26356.0,0.0,4918529.0,70638.0,1.0,1.0,0.0,0.95,49.0,2.0,37.0,3.0,0.0,72.0,0.0,2.3978952727983707
119850.0,1.0,796533.0,5083.0,1.0,1.0,0.0,0.99,9.0,2.0,7.0,0.0,0.0,54.0,0.0,5.010635294096256
53705.0,1.0,3654726.0,81730.0,0.0,1.0,0.0,0.82,100.0,3.0,86.0,3.0,0.0,398.0,0.0,4.276666119016055
152422.0,0.0,519755.0,233867.0,1.0,1.0,0.0,1.0,155.0,7.0,113.0,9.0,0.0,204.0,0.0,4.68213122712422
125543.0,1.0,6720660.0,13345.0,1.0,1.0,0.0,1.05,32.0,2.0,30.0,0.0,0.0,200.0,0.0,2.4849066497880004
5834.0,0.0,713595.0,685926.0,1.0,3.0,0.0,0.93,464.0,2.0,300.0,34.0,0.0,74.0,0.0,2.19722457733622
36827.0,0.0,655247.0,18948.0,0.0,1.0,0.0,1.05,17.0,1.0,15.0,0.0,0.0,63.0,0.0,2.079441541679836
21409.0,0.0,2842638.0,4981.0,0.0,2.0,0.0,0.895,14.0,1.0,13.0,0.0,0.0,331.0,0.0,2.5649493574615367
81187.0,0.0,2545997.0,730752.0,1.0,5.0,0.0,0.972,416.0,8.0,251.0,22.0,0.0,327.0,0.0,2.19722457733622
112430.0,1.0,2644386.0,441422.0,1.0,1.0,0.0,0.82,400.0,1.0,332.0,13.0,0.0,86.0,0.0,3.091042453358316
198.0,0.0,671979.0,233867.0,0.0,1.0,0.0,1.0,155.0,7.0,113.0,9.0,0.0,204.0,0.0,3.555348061489413
424102.0,1.0,6331622.0,749455.0,1.0,1.0,0.0,0.91,434.0,2.0,202.0,68.0,0.0,68.0,0.0,3.6635616461296463
38928.0,1.0,1711639.0,199872.0,0.0,1.0,0.0,0.93,260.0,2.0,234.0,8.0,0.0,99.0,0.0,1.791759469228055
65009.0,1.0,2939073.0,8803.0,0.0,1.0,0.0,0.92,25.0,1.0,24.0,0.0,0.0,88.0,0.0,4.290459441148391
108845.0,0.0,6737358.0,13345.0,1.0,1.0,0.0,1.05,32.0,2.0,30.0,0.0,0.0,200.0,0.0,4.465908118654584
217205.0,0.0,22720053.0,7465.0,0.0,3.0,0.0,0.9067,23.0,2.0,21.0,0.0,0.0,600.0,0.0,4.204692619390966
729924.0,0.0,21772924.0,7465.0,1.0,3.0,0.0,0.9067,23.0,2.0,21.0,0.0,0.0,600.0,0.0,1.9459101490553128
372919.0,0.0,1746355.0,144288.0,1.0,0.0,20200.0,0.0,73.0,1.0,42.0,6.0,0.0,1090.0,0.0,4.02535169073515
131455.0,1.0,6714748.0,13345.0,0.0,1.0,0.0,1.05,32.0,2.0,30.0,0.0,0.0,200.0,0.0,3.713572066704308
839693.0,0.0,20965065.0,407899.0,0.0,1.0,0.0,0.82,151.0,4.0,68.0,22.0,0.0,275.0,0.0,4.653960350157523
117946.0,1.0,917598.0,247493.0,1.0,1.0,0.0,0.84,324.0,9.0,302.0,1.0,0.0,250.0,0.0,4.727387818712341
217860.0,0.0,8688213.0,28065.0,0.0,1.0,0.0,0.71,46.0,0.0,29.0,2.0,0.0,38.0,0.0,4.532599493153256
26856.0,0.0,25491881.0,284620.0,1.0,1.0,0.0,0.97,155.0,2.0,119.0,9.0,0.0,124.0,0.0,3.912023005428146
1410088.0,0.0,20394670.0,407899.0,0.0,1.0,0.0,0.82,151.0,4.0,68.0,22.0,0.0,275.0,0.0,3.4339872044851463
441569.0,0.0,22246327.0,407899.0,1.0,1.0,0.0,0.82,151.0,4.0,68.0,22.0,0.0,275.0,0.0,4.718498871295094
8977.0,1.0,1274028.0,54796.0,0.0,1.0,0.0,0.84,57.0,2.0,44.0,3.0,0.0,357.0,0.0,3.688879454113936
697198.0,0.0,12165849.0,23144.0,0.0,1.0,0.0,1.1,19.0,1.0,15.0,0.0,0.0,80.0,0.0,4.736198448394496
52656.0,1.0,52656.0,88574.0,1.0,3.0,0.0,0.8933,135.0,2.0,124.0,3.0,4.0,335.0,1.0,4.477336814478207
47652.0,1.0,25262574.0,111164.0,1.0,0.0,50884.0,0.0,80.0,1.0,47.0,12.0,0.0,97.0,0.0,4.454347296253507
169122.0,0.0,23732591.0,429238.0,0.0,1.0,0.0,0.76,302.0,5.0,200.0,20.0,0.0,238.0,0.0,4.820281565605037
53358.0,1.0,412834.0,20972.0,1.0,2.0,0.0,0.91,44.0,4.0,39.0,0.0,0.0,117.0,0.0,3.091042453358316
106868.0,0.0,6739335.0,13345.0,0.0,1.0,0.0,1.05,32.0,2.0,30.0,0.0,0.0,200.0,0.0,4.31748811353631
99139.0,0.0,602198.0,49720.0,1.0,1.0,0.0,0.97,43.0,1.0,41.0,1.0,0.0,1031.0,0.0,3.091042453358316
146377.0,0.0,24388656.0,5190.0,1.0,0.0,1266.0,0.0,17.0,1.0,16.0,0.0,0.0,167.0,0.0,3.332204510175204
254350.0,0.0,4979428.0,23244.0,0.0,0.0,148072.0,0.0,23.0,1.0,22.0,0.0,0.0,371.0,0.0,2.70805020110221
36007.0,1.0,3672424.0,81730.0,0.0,1.0,0.0,0.82,100.0,3.0,86.0,3.0,0.0,398.0,0.0,3.295836866004329
1049918.0,0.0,19976628.0,927611.0,1.0,1.0,0.0,0.86,614.0,3.0,475.0,27.0,0.0,168.0,0.0,3.713572066704308
60940.0,0.0,3244232.0,164464.0,0.0,1.0,0.0,1.04,151.0,3.0,133.0,4.0,0.0,52.0,0.0,4.30406509320417
18596.0,0.0,2892660.0,8803.0,0.0,1.0,0.0,0.92,25.0,1.0,24.0,0.0,0.0,88.0,0.0,2.833213344056216
20845.0,1.0,11266099.0,154992.0,0.0,30.0,0.0,0.859,334.0,1.0,328.0,1.0,0.0,405.0,0.0,3.713572066704308
11706.0,1.0,24198371.0,44883.0,1.0,1.0,0.0,1.05,30.0,1.0,22.0,2.0,0.0,74.0,0.0,4.204692619390966
545781.0,0.0,26376968.0,448833.0,0.0,2.0,0.0,0.92,446.0,1.0,405.0,6.0,0.0,204.0,0.0,4.852030263919617
98083.0,1.0,937461.0,247493.0,0.0,1.0,0.0,0.84,324.0,9.0,302.0,1.0,0.0,250.0,0.0,3.044522437723423
503810.0,0.0,25255051.0,22565.0,1.0,1.0,0.0,0.95,47.0,2.0,45.0,0.0,0.0,423.0,0.0,2.3978952727983707
290222.0,0.0,25041463.0,22565.0,1.0,1.0,0.0,0.95,47.0,2.0,45.0,0.0,0.0,423.0,0.0,3.58351893845611
249927.0,0.0,25001168.0,22565.0,0.0,1.0,0.0,0.95,47.0,2.0,45.0,0.0,0.0,423.0,0.0,5.521460917862246
310787.0,0.0,16728361.0,13893.0,0.0,0.0,1864631.0,0.0,10.0,2.0,8.0,0.0,0.0,168.0,0.0,2.9444389791664403
548547.0,0.0,26676850.0,239436.0,1.0,1.0,0.0,0.83,250.0,5.0,228.0,1.0,0.0,210.0,0.0,3.6375861597263857
1603136.0,0.0,7234047.0,3021.0,1.0,1.0,0.0,0.71,0.0,0.0,0.0,0.0,0.0,15.0,0.0,2.19722457733622
345588.0,0.0,1824610.0,72008.0,0.0,1.0,0.0,0.95,80.0,1.0,74.0,1.0,0.0,151.0,0.0,3.295836866004329
15358.0,0.0,7304007.0,394619.0,1.0,1.0,0.0,0.89,385.0,1.0,334.0,8.0,0.0,170.0,0.0,4.820281565605037
148103.0,1.0,2196679.0,7419.0,1.0,1.0,0.0,0.96,14.0,1.0,13.0,0.0,0.0,59.0,0.0,2.8903717578961645
64533.0,1.0,424009.0,20972.0,1.0,2.0,0.0,0.91,44.0,4.0,39.0,0.0,0.0,117.0,0.0,2.995732273553991
1143641.0,0.0,20070351.0,927611.0,0.0,1.0,0.0,0.86,614.0,3.0,475.0,27.0,0.0,168.0,0.0,4.110873864173311
695903.0,0.0,12164554.0,23144.0,0.0,1.0,0.0,1.1,19.0,1.0,15.0,0.0,0.0,80.0,0.0,5.303304908059076
22629.0,1.0,445744.0,452412.0,0.0,3.0,0.0,0.8067,468.0,5.0,394.0,16.0,0.0,108.0,0.0,2.995732273553991
1137996.0,0.0,21364852.0,7465.0,1.0,3.0,0.0,0.9067,23.0,2.0,21.0,0.0,0.0,600.0,0.0,4.23410650459726
194400.0,1.0,2345804.0,324575.0,1.0,1.0,0.0,0.86,338.0,4.0,280.0,18.0,0.0,217.0,0.0,5.493061443340548
33389.0,0.0,11051681.0,43655.0,0.0,9.0,0.0,0.7778,98.0,1.0,94.0,0.0,0.0,543.0,0.0,4.31748811353631
19343.0,0.0,3875208.0,26961.0,0.0,1.0,0.0,0.97,16.0,1.0,9.0,3.0,0.0,83.0,0.0,4.248495242049359
21353.0,0.0,21826111.0,407899.0,0.0,1.0,0.0,0.82,151.0,4.0,68.0,22.0,0.0,275.0,0.0,3.5263605246161616
101918.0,1.0,637648.0,122207.0,1.0,3.0,0.0,0.8433,148.0,1.0,140.0,1.0,0.0,289.0,0.0,3.258096538021482
195596.0,1.0,2344608.0,324575.0,0.0,1.0,0.0,0.86,338.0,4.0,280.0,18.0,0.0,217.0,0.0,3.295836866004329
63478.0,0.0,764815.0,49720.0,1.0,1.0,0.0,0.97,43.0,1.0,41.0,1.0,0.0,1031.0,0.0,3.091042453358316
457206.0,0.0,26288393.0,448833.0,0.0,2.0,0.0,0.92,446.0,1.0,405.0,6.0,0.0,204.0,0.0,3.912023005428146
38990.0,1.0,1711577.0,199872.0,0.0,1.0,0.0,0.93,260.0,2.0,234.0,8.0,0.0,99.0,0.0,4.07753744390572
65256.0,0.0,636081.0,49720.0,1.0,1.0,0.0,0.97,43.0,1.0,41.0,1.0,0.0,1031.0,0.0,3.555348061489413
11953.0,1.0,27166963.0,199148.0,0.0,1.0,0.0,0.9,221.0,2.0,210.0,2.0,0.0,170.0,0.0,5.075173815233827
331796.0,0.0,7967919.0,111945.0,1.0,1.0,0.0,0.99,167.0,3.0,163.0,0.0,0.0,931.0,0.0,2.3978952727983707
30775.0,0.0,189811.0,22419.0,0.0,0.0,197585.0,0.0,17.0,2.0,9.0,2.0,0.0,203.0,0.0,3.688879454113936
327574.0,0.0,23891043.0,429238.0,0.0,1.0,0.0,0.76,302.0,5.0,200.0,20.0,0.0,238.0,0.0,3.80666248977032
697216.0,0.0,12165867.0,23144.0,0.0,1.0,0.0,1.1,19.0,1.0,15.0,0.0,0.0,80.0,0.0,2.772588722239781
46610.0,0.0,4750276.0,313011.0,1.0,2.0,0.0,0.89,429.0,8.0,392.0,6.0,0.0,115.0,0.0,4.110873864173311
36293.0,1.0,708470.0,233867.0,1.0,1.0,0.0,1.0,155.0,7.0,113.0,9.0,0.0,204.0,0.0,5.093750200806762
66037.0,0.0,24804265.0,80048.0,1.0,1.0,0.0,0.8,66.0,4.0,49.0,2.0,0.0,740.0,0.0,3.044522437723423
4319.0,0.0,7292968.0,394619.0,1.0,1.0,0.0,0.89,385.0,1.0,334.0,8.0,0.0,170.0,0.0,2.6390573296152584
55268.0,1.0,439735.0,125097.0,1.0,1.0,0.0,0.84,93.0,1.0,66.0,7.0,0.0,481.0,0.0,2.302585092994046
1460924.0,0.0,13713536.0,24901.0,0.0,3.0,0.0,0.99,31.0,3.0,25.0,2.0,0.0,78.0,0.0,4.110873864173311
56.0,0.0,2198606.0,52115.0,0.0,0.0,74.0,0.0,47.0,1.0,35.0,2.0,0.0,216.0,0.0,2.6390573296152584
25094.0,0.0,5308863.0,36273.0,1.0,0.0,270690.0,0.0,22.0,1.0,21.0,0.0,0.0,1211.0,0.0,3.688879454113936
54423.0,0.0,4946596.0,70638.0,1.0,1.0,0.0,0.95,49.0,2.0,37.0,3.0,0.0,72.0,0.0,3.091042453358316
43762.0,1.0,1706805.0,199872.0,0.0,1.0,0.0,0.93,260.0,2.0,234.0,8.0,0.0,99.0,0.0,2.4849066497880004
629799.0,0.0,12098450.0,23144.0,0.0,1.0,0.0,1.1,19.0,1.0,15.0,0.0,0.0,80.0,0.0,3.332204510175204
253177.0,0.0,19179887.0,927611.0,0.0,1.0,0.0,0.86,614.0,3.0,475.0,27.0,0.0,168.0,0.0,4.499809670330265
11356.0,1.0,4424998.0,36831.0,0.0,1.0,0.0,0.77,32.0,1.0,23.0,1.0,0.0,141.0,0.0,2.833213344056216
1001604.0,0.0,10858589.0,498345.0,1.0,1.0,0.0,0.75,351.0,4.0,247.0,18.0,0.0,260.0,0.0,4.61512051684126
441346.0,0.0,23122123.0,429238.0,0.0,1.0,0.0,0.76,302.0,5.0,200.0,20.0,0.0,238.0,0.0,4.454347296253507
465942.0,0.0,17505090.0,13893.0,1.0,0.0,1864631.0,0.0,10.0,2.0,8.0,0.0,0.0,168.0,0.0,3.970291913552122
723996.0,0.0,21778852.0,7465.0,1.0,3.0,0.0,0.9067,23.0,2.0,21.0,0.0,0.0,600.0,0.0,6.267200548541362
5538.0,0.0,2858509.0,4981.0,0.0,2.0,0.0,0.895,14.0,1.0,13.0,0.0,0.0,331.0,0.0,2.19722457733622
186918.0,1.0,4703325.0,574324.0,1.0,1.0,0.0,0.93,529.0,2.0,401.0,25.0,0.0,132.0,0.0,5.010635294096256
427156.0,0.0,22937520.0,74922.0,0.0,1.0,0.0,0.98,77.0,2.0,71.0,1.0,0.0,103.0,0.0,2.833213344056216
388792.0,0.0,26219979.0,448833.0,1.0,2.0,0.0,0.92,446.0,1.0,405.0,6.0,0.0,204.0,0.0,4.867534450455582
388080.0,0.0,22890928.0,7465.0,1.0,3.0,0.0,0.9067,23.0,2.0,21.0,0.0,0.0,600.0,0.0,4.110873864173311
91372.0,1.0,825011.0,5083.0,1.0,1.0,0.0,0.99,9.0,2.0,7.0,0.0,0.0,54.0,0.0,3.5263605246161616
6526.0,0.0,7102640.0,4735.0,1.0,1.0,0.0,0.85,7.0,1.0,6.0,0.0,0.0,37.0,0.0,2.995732273553991
70382.0,0.0,2549654.0,25167.0,1.0,0.0,1002026.0,0.0,13.0,0.0,5.0,3.0,0.0,50.0,0.0,3.688879454113936
15220.0,1.0,3384300.0,117737.0,1.0,3.0,0.0,1.2433,112.0,7.0,85.0,4.0,0.0,111.0,0.0,4.04305126783455
354607.0,0.0,24069287.0,19262.0,1.0,1.0,0.0,0.99,8.0,1.0,6.0,0.0,0.0,49.0,0.0,6.056784013228625
357246.0,0.0,26188433.0,448833.0,1.0,2.0,0.0,0.92,446.0,1.0,405.0,6.0,0.0,204.0,0.0,2.833213344056216
99224.0,0.0,24969526.0,80048.0,0.0,1.0,0.0,0.8,66.0,4.0,49.0,2.0,0.0,740.0,0.0,3.218875824868201
300568.0,0.0,910038.0,33425.0,1.0,2.0,0.0,0.89,50.0,1.0,40.0,4.0,0.0,1345.0,0.0,3.49650756146648
39785.0,0.0,154829.0,2437.0,0.0,1.0,0.0,1.01,7.0,1.0,5.0,0.0,0.0,4.0,0.0,3.49650756146648
330423.0,1.0,6080744.0,611853.0,0.0,2.0,0.0,0.78,517.0,2.0,306.0,45.0,0.0,115.0,0.0,1.9459101490553128
325165.0,0.0,26156352.0,448833.0,0.0,2.0,0.0,0.92,446.0,1.0,405.0,6.0,0.0,204.0,0.0,3.4011973816621555
186372.0,0.0,4911450.0,23244.0,0.0,0.0,148072.0,0.0,23.0,1.0,22.0,0.0,0.0,371.0,0.0,3.737669618283368
213239.0,0.0,4938317.0,23244.0,0.0,0.0,148072.0,0.0,23.0,1.0,22.0,0.0,0.0,371.0,0.0,3.044522437723423
69934.0,0.0,18893423.0,5269.0,1.0,1.0,0.0,0.88,14.0,2.0,12.0,0.0,0.0,84.0,0.0,3.295836866004329
434079.0,0.0,654665.0,22419.0,0.0,0.0,197585.0,0.0,17.0,2.0,9.0,2.0,0.0,203.0,0.0,4.653960350157523
159228.0,0.0,2779264.0,25167.0,0.0,0.0,1002026.0,0.0,13.0,0.0,5.0,3.0,0.0,50.0,0.0,3.6375861597263857
666.0,1.0,3707765.0,81730.0,0.0,1.0,0.0,0.82,100.0,3.0,86.0,3.0,0.0,398.0,0.0,3.555348061489413
162297.0,1.0,2210873.0,7419.0,0.0,1.0,0.0,0.96,14.0,1.0,13.0,0.0,0.0,59.0,0.0,3.688879454113936
11197.0,1.0,10351165.0,58915.0,0.0,3.0,0.0,0.93,60.0,3.0,43.0,3.0,0.0,399.0,0.0,4.770684624465665
199039.0,1.0,2341165.0,324575.0,1.0,1.0,0.0,0.86,338.0,4.0,280.0,18.0,0.0,217.0,0.0,5.730099782973574
2898.0,1.0,112101.0,23008.0,1.0,1.0,0.0,1.01,15.0,1.0,12.0,0.0,0.0,101.0,0.0,2.70805020110221
41353.0,1.0,3775725.0,363512.0,0.0,1.0,0.0,0.9,362.0,2.0,318.0,16.0,0.0,360.0,0.0,3.713572066704308
88642.0,1.0,789979.0,49720.0,0.0,1.0,0.0,0.97,43.0,1.0,41.0,1.0,0.0,1031.0,0.0,4.0943445622221
78759.0,1.0,1582722.0,29024.0,0.0,1.0,0.0,0.91,21.0,2.0,19.0,0.0,0.0,128.0,0.0,3.9889840465642745
33863.0,0.0,1926461.0,7270.0,1.0,0.0,243.0,0.0,11.0,2.0,9.0,0.0,0.0,19.0,0.0,3.7612001156935615
156366.0,0.0,506340.0,57518.0,0.0,0.0,120382.0,0.0,48.0,1.0,37.0,1.0,0.0,225.0,0.0,4.276666119016055
205662.0,0.0,4930740.0,23244.0,1.0,0.0,148072.0,0.0,23.0,1.0,22.0,0.0,0.0,371.0,0.0,2.302585092994046
292101.0,0.0,901571.0,33425.0,1.0,2.0,0.0,0.89,50.0,1.0,40.0,4.0,0.0,1345.0,0.0,4.454347296253507
15989.0,1.0,6976479.0,65768.0,0.0,1.0,0.0,1.01,58.0,1.0,55.0,0.0,0.0,54.0,0.0,2.70805020110221
14511.0,1.0,21790247.0,407899.0,0.0,1.0,0.0,0.82,151.0,4.0,68.0,22.0,0.0,275.0,0.0,3.951243718581428
534779.0,0.0,19461489.0,927611.0,0.0,1.0,0.0,0.86,614.0,3.0,475.0,27.0,0.0,168.0,0.0,4.77912349311153
54191.0,1.0,6396797.0,394295.0,1.0,1.0,0.0,0.87,336.0,2.0,260.0,23.0,0.0,145.0,0.0,2.772588722239781
216910.0,1.0,2323294.0,324575.0,0.0,1.0,0.0,0.86,338.0,4.0,280.0,18.0,0.0,217.0,0.0,3.970291913552122
94301.0,0.0,577876.0,233867.0,0.0,1.0,0.0,1.0,155.0,7.0,113.0,9.0,0.0,204.0,0.0,3.1780538303479458
442429.0,0.0,26273616.0,448833.0,0.0,2.0,0.0,0.92,446.0,1.0,405.0,6.0,0.0,204.0,0.0,4.23410650459726
17563.0,1.0,5266206.0,36273.0,0.0,0.0,270690.0,0.0,22.0,1.0,21.0,0.0,0.0,1211.0,0.0,3.555348061489413
10322.0,1.0,1622433.0,23788.0,0.0,1.0,0.0,0.91,20.0,2.0,9.0,2.0,0.0,52.0,0.0,4.543294782270004
41158.0,0.0,1966377.0,104921.0,0.0,1.0,0.0,0.82,80.0,3.0,65.0,1.0,0.0,244.0,0.0,5.135798437050262
54196.0,1.0,6396802.0,394295.0,1.0,1.0,0.0,0.87,336.0,2.0,260.0,23.0,0.0,145.0,0.0,4.709530201312334
236759.0,0.0,457345.0,22419.0,0.0,0.0,197585.0,0.0,17.0,2.0,9.0,2.0,0.0,203.0,0.0,2.70805020110221
427535.0,0.0,22937141.0,74922.0,0.0,1.0,0.0,0.98,77.0,2.0,71.0,1.0,0.0,103.0,0.0,2.3978952727983707
398267.0,0.0,7954259.0,111945.0,0.0,1.0,0.0,0.99,167.0,3.0,163.0,0.0,0.0,931.0,0.0,3.091042453358316
38733.0,0.0,2874632.0,6403.0,0.0,0.0,1561.0,0.0,2.0,0.0,2.0,0.0,0.0,73.0,0.0,3.1780538303479458
11452.0,1.0,5272317.0,36273.0,0.0,0.0,270690.0,0.0,22.0,1.0,21.0,0.0,0.0,1211.0,0.0,2.079441541679836
36806.0,0.0,151850.0,2437.0,1.0,1.0,0.0,1.01,7.0,1.0,5.0,0.0,0.0,4.0,0.0,5.135798437050262
51904.0,1.0,3656527.0,81730.0,0.0,1.0,0.0,0.82,100.0,3.0,86.0,3.0,0.0,398.0,0.0,5.14166355650266
583609.0,1.0,10863601.0,1475061.0,1.0,1.0,0.0,0.78,839.0,5.0,347.0,113.0,0.0,299.0,0.0,2.833213344056216
243556.0,1.0,6602647.0,13345.0,0.0,1.0,0.0,1.05,32.0,2.0,30.0,0.0,0.0,200.0,0.0,3.737669618283368
135890.0,0.0,25006192.0,80048.0,0.0,1.0,0.0,0.8,66.0,4.0,49.0,2.0,0.0,740.0,0.0,4.330733340286331
2213.0,1.0,2253167.0,98417.0,0.0,1.0,0.0,0.93,66.0,2.0,50.0,2.0,0.0,171.0,0.0,4.394449154672439
22987.0,0.0,255258.0,47047.0,1.0,1.0,0.0,0.82,74.0,5.0,69.0,0.0,0.0,105.0,0.0,4.23410650459726
1218386.0,0.0,20145096.0,927611.0,0.0,1.0,0.0,0.86,614.0,3.0,475.0,27.0,0.0,168.0,0.0,3.218875824868201
233638.0,1.0,8599787.0,42871.0,1.0,0.0,69624.0,0.0,25.0,0.0,14.0,5.0,0.0,351.0,0.0,3.49650756146648
186624.0,0.0,14987836.0,24901.0,1.0,3.0,0.0,0.99,31.0,3.0,25.0,2.0,0.0,78.0,0.0,4.5217885770490405
214321.0,0.0,3377999.0,5345.0,0.0,2.0,0.0,0.8,16.0,2.0,14.0,0.0,0.0,330.0,0.0,2.5649493574615367
563854.0,0.0,26661543.0,239436.0,0.0,1.0,0.0,0.83,250.0,5.0,228.0,1.0,0.0,210.0,0.0,4.90527477843843
350030.0,1.0,18576680.0,927611.0,0.0,1.0,0.0,0.86,614.0,3.0,475.0,27.0,0.0,168.0,0.0,3.8918202981106265
489544.0,0.0,12582266.0,177422.0,0.0,1.0,0.0,0.93,85.0,5.0,47.0,11.0,0.0,112.0,0.0,2.302585092994046
16654.0,0.0,4708424.0,23244.0,0.0,0.0,148072.0,0.0,23.0,1.0,22.0,0.0,0.0,371.0,0.0,5.811140992976701
773975.0,0.0,14400485.0,24901.0,1.0,3.0,0.0,0.99,31.0,3.0,25.0,2.0,0.0,78.0,0.0,2.19722457733622
11527.0,0.0,629947.0,18948.0,0.0,1.0,0.0,1.05,17.0,1.0,15.0,0.0,0.0,63.0,0.0,2.995732273553991
290499.0,0.0,12821615.0,6164.0,1.0,0.0,1011774.0,0.0,11.0,1.0,9.0,0.0,0.0,67.0,0.0,3.218875824868201
44594.0,1.0,404070.0,20972.0,0.0,2.0,0.0,0.91,44.0,4.0,39.0,0.0,0.0,117.0,0.0,3.828641396489095
362917.0,1.0,6113238.0,611853.0,0.0,2.0,0.0,0.78,517.0,2.0,306.0,45.0,0.0,115.0,0.0,2.995732273553991
38267.0,0.0,1930865.0,7270.0,0.0,0.0,243.0,0.0,11.0,2.0,9.0,0.0,0.0,19.0,0.0,3.367295829986474
179478.0,0.0,2799514.0,25167.0,0.0,0.0,1002026.0,0.0,13.0,0.0,5.0,3.0,0.0,50.0,0.0,3.784189633918261
135517.0,0.0,19098874.0,5269.0,1.0,1.0,0.0,0.88,14.0,2.0,12.0,0.0,0.0,84.0,0.0,5.0238805208462765
6138.0,0.0,548716.0,111490.0,0.0,1.0,0.0,0.86,77.0,1.0,66.0,2.0,0.0,122.0,0.0,2.8903717578961645
237256.0,1.0,8603405.0,42871.0,1.0,0.0,69624.0,0.0,25.0,0.0,14.0,5.0,0.0,351.0,0.0,5.556828061699537
56757.0,1.0,3093772.0,100187.0,0.0,1.0,0.0,1.06,79.0,5.0,64.0,1.0,0.0,114.0,0.0,3.044522437723423
201598.0,1.0,2338606.0,324575.0,1.0,1.0,0.0,0.86,338.0,4.0,280.0,18.0,0.0,217.0,0.0,3.218875824868201
28949.0,1.0,1721618.0,199872.0,1.0,1.0,0.0,0.93,260.0,2.0,234.0,8.0,0.0,99.0,0.0,4.3694478524670215
3871.0,1.0,2202533.0,52115.0,1.0,0.0,74.0,0.0,47.0,1.0,35.0,2.0,0.0,216.0,0.0,3.1780538303479458
48128.0,0.0,657598.0,33425.0,0.0,2.0,0.0,0.89,50.0,1.0,40.0,4.0,0.0,1345.0,0.0,2.302585092994046
117893.0,1.0,7579264.0,158239.0,0.0,1.0,0.0,0.89,240.0,2.0,234.0,0.0,0.0,1086.0,0.0,3.091042453358316
50459.0,1.0,1438874.0,95324.0,1.0,1.0,0.0,1.13,56.0,2.0,41.0,3.0,0.0,74.0,0.0,2.19722457733622
1746101.0,0.0,13428359.0,24901.0,0.0,3.0,0.0,0.99,31.0,3.0,25.0,2.0,0.0,78.0,0.0,4.6443908991413725
304538.0,1.0,1733861.0,362735.0,0.0,1.0,0.0,0.84,227.0,2.0,135.0,32.0,0.0,294.0,0.0,3.871201010907891
134271.0,0.0,15308731.0,24901.0,1.0,3.0,0.0,0.99,31.0,3.0,25.0,2.0,0.0,78.0,0.0,4.0943445622221
7758.0,0.0,583318.0,63863.0,0.0,0.0,43104.0,0.0,49.0,1.0,42.0,1.0,0.0,260.0,0.0,5.337538079701318
226033.0,1.0,2314171.0,324575.0,0.0,1.0,0.0,0.86,338.0,4.0,280.0,18.0,0.0,217.0,0.0,3.5263605246161616
114813.0,1.0,4631220.0,574324.0,1.0,1.0,0.0,0.93,529.0,2.0,401.0,25.0,0.0,132.0,0.0,3.1780538303479458
635892.0,1.0,4358222.0,26488.0,0.0,1.0,0.0,1.18,26.0,1.0,24.0,0.0,0.0,72.0,0.0,3.332204510175204
40825.0,0.0,788328.0,10488.0,0.0,1.0,0.0,0.84,12.0,4.0,7.0,0.0,0.0,333.0,0.0,3.9889840465642745
317227.0,1.0,6067548.0,611853.0,0.0,2.0,0.0,0.78,517.0,2.0,306.0,45.0,0.0,115.0,0.0,3.555348061489413
416194.0,0.0,22919042.0,7465.0,1.0,3.0,0.0,0.9067,23.0,2.0,21.0,0.0,0.0,600.0,0.0,2.833213344056216
659383.0,0.0,19622740.0,5269.0,1.0,1.0,0.0,0.88,14.0,2.0,12.0,0.0,0.0,84.0,0.0,4.941642422609304
159587.0,0.0,509561.0,57518.0,1.0,0.0,120382.0,0.0,48.0,1.0,37.0,1.0,0.0,225.0,0.0,2.4849066497880004
14926.0,1.0,10347436.0,58915.0,1.0,3.0,0.0,0.93,60.0,3.0,43.0,3.0,0.0,399.0,0.0,1.9459101490553128
360945.0,0.0,19287655.0,927611.0,1.0,1.0,0.0,0.86,614.0,3.0,475.0,27.0,0.0,168.0,0.0,4.060443010546419
4112.0,1.0,393752.0,110683.0,0.0,2.0,0.0,0.925,73.0,2.0,58.0,2.0,0.0,80.0,0.0,2.995732273553991
230204.0,1.0,18696506.0,927611.0,1.0,1.0,0.0,0.86,614.0,3.0,475.0,27.0,0.0,168.0,0.0,4.442651256490317
6094.0,1.0,678271.0,233867.0,0.0,1.0,0.0,1.0,155.0,7.0,113.0,9.0,0.0,204.0,0.0,3.4339872044851463
581412.0,1.0,8947561.0,42871.0,1.0,0.0,69624.0,0.0,25.0,0.0,14.0,5.0,0.0,351.0,0.0,5.37989735354046
49215.0,1.0,25098929.0,66555.0,0.0,1.0,0.0,1.11,57.0,7.0,49.0,0.0,0.0,44.0,0.0,2.5649493574615367
322694.0,1.0,1752017.0,362735.0,0.0,1.0,0.0,0.84,227.0,2.0,135.0,32.0,0.0,294.0,0.0,2.302585092994046
492338.0,0.0,18471019.0,5269.0,0.0,1.0,0.0,0.88,14.0,2.0,12.0,0.0,0.0,84.0,0.0,2.079441541679836
205821.0,1.0,2462124.0,61494.0,0.0,2.0,0.0,0.95,66.0,3.0,58.0,1.0,0.0,34.0,0.0,3.258096538021482
1723932.0,0.0,13450528.0,24901.0,1.0,3.0,0.0,0.99,31.0,3.0,25.0,2.0,0.0,78.0,0.0,3.367295829986474
11127.0,1.0,546857.0,122207.0,1.0,3.0,0.0,0.8433,148.0,1.0,140.0,1.0,0.0,289.0,0.0,3.713572066704308
337872.0,0.0,2049391.0,5668.0,0.0,0.0,17747.0,0.0,4.0,1.0,3.0,0.0,0.0,64.0,0.0,3.828641396489095
277639.0,1.0,3539439.0,363512.0,0.0,1.0,0.0,0.9,362.0,2.0,318.0,16.0,0.0,360.0,0.0,4.31748811353631
17409.0,0.0,1486554.0,29024.0,1.0,1.0,0.0,0.91,21.0,2.0,19.0,0.0,0.0,128.0,0.0,2.4849066497880004
1046968.0,0.0,17879742.0,927611.0,1.0,1.0,0.0,0.86,614.0,3.0,475.0,27.0,0.0,168.0,0.0,2.079441541679836
57384.0,0.0,172428.0,2437.0,0.0,1.0,0.0,1.01,7.0,1.0,5.0,0.0,0.0,4.0,0.0,3.871201010907891
332122.0,1.0,6082443.0,611853.0,0.0,2.0,0.0,0.78,517.0,2.0,306.0,45.0,0.0,115.0,0.0,4.553876891600541
372054.0,0.0,26203241.0,448833.0,1.0,2.0,0.0,0.92,446.0,1.0,405.0,6.0,0.0,204.0,0.0,3.258096538021482
379343.0,0.0,19306053.0,927611.0,0.0,1.0,0.0,0.86,614.0,3.0,475.0,27.0,0.0,168.0,0.0,4.890349128221754
508092.0,0.0,26339279.0,448833.0,1.0,2.0,0.0,0.92,446.0,1.0,405.0,6.0,0.0,204.0,0.0,3.4657359027997265
68575.0,0.0,760578.0,10488.0,0.0,1.0,0.0,0.84,12.0,4.0,7.0,0.0,0.0,333.0,0.0,2.3978952727983707
26947.0,0.0,1919545.0,7270.0,0.0,0.0,243.0,0.0,11.0,2.0,9.0,0.0,0.0,19.0,0.0,2.4849066497880004
337932.0,0.0,2957968.0,25167.0,0.0,0.0,1002026.0,0.0,13.0,0.0,5.0,3.0,0.0,50.0,0.0,4.691347882229144
529312.0,0.0,26696085.0,239436.0,0.0,1.0,0.0,0.83,250.0,5.0,228.0,1.0,0.0,210.0,0.0,2.19722457733622
20726.0,0.0,3025182.0,3118.0,0.0,1.0,0.0,0.92,3.0,2.0,0.0,0.0,0.0,36.0,0.0,2.19722457733622
46235.0,1.0,2710581.0,441422.0,1.0,1.0,0.0,0.82,400.0,1.0,332.0,13.0,0.0,86.0,0.0,3.4011973816621555
783360.0,0.0,19710070.0,927611.0,1.0,1.0,0.0,0.86,614.0,3.0,475.0,27.0,0.0,168.0,0.0,3.80666248977032
185513.0,0.0,1154277.0,5602.0,1.0,1.0,0.0,0.94,9.0,2.0,7.0,0.0,0.0,104.0,0.0,2.9444389791664403
310334.0,1.0,4826741.0,574324.0,1.0,1.0,0.0,0.93,529.0,2.0,401.0,25.0,0.0,132.0,0.0,4.262679877041316
36840.0,0.0,2564575.0,12239.0,0.0,1.0,0.0,0.6,14.0,1.0,10.0,0.0,0.0,14.0,0.0,3.091042453358316
67931.0,0.0,4960104.0,70638.0,0.0,1.0,0.0,0.95,49.0,2.0,37.0,3.0,0.0,72.0,0.0,2.5649493574615367
1223654.0,0.0,20581104.0,407899.0,1.0,1.0,0.0,0.82,151.0,4.0,68.0,22.0,0.0,275.0,0.0,2.6390573296152584
233136.0,0.0,4163395.0,24238.0,1.0,1.0,0.0,0.84,36.0,1.0,35.0,0.0,0.0,40.0,0.0,3.912023005428146
278503.0,1.0,6028824.0,611853.0,0.0,2.0,0.0,0.78,517.0,2.0,306.0,45.0,0.0,115.0,0.0,4.007333185232471
425328.0,0.0,23988797.0,429238.0,0.0,1.0,0.0,0.76,302.0,5.0,200.0,20.0,0.0,238.0,0.0,3.4657359027997265
11437.0,1.0,2239517.0,98417.0,1.0,1.0,0.0,0.93,66.0,2.0,50.0,2.0,0.0,171.0,0.0,3.737669618283368
1178279.0,0.0,17748431.0,927611.0,0.0,1.0,0.0,0.86,614.0,3.0,475.0,27.0,0.0,168.0,0.0,5.099866427824199
9319.0,1.0,3173973.0,164464.0,1.0,1.0,0.0,1.04,151.0,3.0,133.0,4.0,0.0,52.0,0.0,3.4011973816621555
270934.0,1.0,6122035.0,9017.0,0.0,1.0,0.0,0.76,9.0,1.0,7.0,0.0,0.0,79.0,0.0,4.330733340286331
67835.0,0.0,5454350.0,9999.0,0.0,0.0,200389.0,0.0,7.0,1.0,6.0,0.0,0.0,42.0,0.0,1.9459101490553128
335031.0,0.0,555617.0,22419.0,1.0,0.0,197585.0,0.0,17.0,2.0,9.0,2.0,0.0,203.0,0.0,5.765191102784844
380916.0,0.0,24042978.0,19262.0,1.0,1.0,0.0,0.99,8.0,1.0,6.0,0.0,0.0,49.0,0.0,2.8903717578961645
394303.0,0.0,614889.0,22419.0,1.0,0.0,197585.0,0.0,17.0,2.0,9.0,2.0,0.0,203.0,0.0,2.302585092994046
43706.0,1.0,81321.0,157128.0,0.0,1.0,0.0,1.24,88.0,4.0,59.0,3.0,0.0,94.0,0.0,4.406719247264253
263899.0,1.0,6014220.0,611853.0,1.0,2.0,0.0,0.78,517.0,2.0,306.0,45.0,0.0,115.0,0.0,3.1780538303479458
41605.0,0.0,660025.0,18948.0,1.0,1.0,0.0,1.05,17.0,1.0,15.0,0.0,0.0,63.0,0.0,2.079441541679836
6617.0,1.0,3638456.0,185746.0,0.0,1.0,0.0,0.79,339.0,8.0,328.0,0.0,0.0,97.0,0.0,2.772588722239781
389218.0,0.0,22193976.0,407899.0,0.0,1.0,0.0,0.82,151.0,4.0,68.0,22.0,0.0,275.0,0.0,3.7612001156935615
79936.0,0.0,2699972.0,25167.0,0.0,0.0,1002026.0,0.0,13.0,0.0,5.0,3.0,0.0,50.0,0.0,2.9444389791664403
1417689.0,0.0,20344399.0,927611.0,1.0,1.0,0.0,0.86,614.0,3.0,475.0,27.0,0.0,168.0,0.0,3.9318256327243257
16793.0,1.0,1404558.0,30826.0,1.0,1.0,0.0,0.77,26.0,1.0,19.0,0.0,0.0,41.0,0.0,3.1780538303479458
1482522.0,0.0,21020326.0,7465.0,0.0,3.0,0.0,0.9067,23.0,2.0,21.0,0.0,0.0,600.0,0.0,7.798112628829788
52364.0,0.0,3227828.0,183782.0,1.0,1.0,0.0,0.88,207.0,1.0,195.0,0.0,0.0,153.0,0.0,3.1354942159291497
124349.0,1.0,3692729.0,363512.0,0.0,1.0,0.0,0.9,362.0,2.0,318.0,16.0,0.0,360.0,0.0,2.6390573296152584
33936.0,1.0,1001608.0,247493.0,0.0,1.0,0.0,0.84,324.0,9.0,302.0,1.0,0.0,250.0,0.0,4.189654742026425
261622.0,0.0,14912838.0,24901.0,0.0,3.0,0.0,0.99,31.0,3.0,25.0,2.0,0.0,78.0,0.0,2.772588722239781
125675.0,1.0,6720528.0,13345.0,0.0,1.0,0.0,1.05,32.0,2.0,30.0,0.0,0.0,200.0,0.0,3.6375861597263857
100448.0,1.0,636178.0,122207.0,0.0,3.0,0.0,0.8433,148.0,1.0,140.0,1.0,0.0,289.0,0.0,2.4849066497880004
104079.0,1.0,375308.0,191707.0,1.0,1.0,0.0,1.22,127.0,1.0,91.0,8.0,0.0,480.0,0.0,2.3978952727983707
89294.0,1.0,12182016.0,177422.0,0.0,1.0,0.0,0.93,85.0,5.0,47.0,11.0,0.0,112.0,0.0,4.276666119016055
308153.0,0.0,917623.0,33425.0,1.0,2.0,0.0,0.89,50.0,1.0,40.0,4.0,0.0,1345.0,0.0,2.302585092994046
206537.0,0.0,2420647.0,730752.0,1.0,5.0,0.0,0.972,416.0,8.0,251.0,22.0,0.0,327.0,0.0,4.30406509320417
56152.0,1.0,25091992.0,66555.0,0.0,1.0,0.0,1.11,57.0,7.0,49.0,0.0,0.0,44.0,0.0,2.70805020110221
259254.0,0.0,23822723.0,429238.0,0.0,1.0,0.0,0.76,302.0,5.0,200.0,20.0,0.0,238.0,0.0,3.258096538021482
113962.0,1.0,3703116.0,363512.0,0.0,1.0,0.0,0.9,362.0,2.0,318.0,16.0,0.0,360.0,0.0,2.302585092994046
256287.0,0.0,23819756.0,429238.0,1.0,1.0,0.0,0.76,302.0,5.0,200.0,20.0,0.0,238.0,0.0,3.044522437723423
996679.0,0.0,12443889.0,1475061.0,1.0,1.0,0.0,0.78,839.0,5.0,347.0,113.0,0.0,299.0,0.0,2.9444389791664403
6723.0,0.0,1718242.0,5668.0,1.0,0.0,17747.0,0.0,4.0,1.0,3.0,0.0,0.0,64.0,0.0,3.332204510175204
330224.0,0.0,24093670.0,19262.0,0.0,1.0,0.0,0.99,8.0,1.0,6.0,0.0,0.0,49.0,0.0,4.418840607796598
764908.0,1.0,10682302.0,1475061.0,0.0,1.0,0.0,0.78,839.0,5.0,347.0,113.0,0.0,299.0,0.0,4.330733340286331
16470.0,1.0,1266535.0,54796.0,0.0,1.0,0.0,0.84,57.0,2.0,44.0,3.0,0.0,357.0,0.0,3.4339872044851463
38501.0,1.0,7582510.0,281987.0,1.0,1.0,0.0,0.98,301.0,2.0,273.0,9.0,0.0,309.0,0.0,2.833213344056216
43771.0,0.0,657566.0,49720.0,1.0,1.0,0.0,0.97,43.0,1.0,41.0,1.0,0.0,1031.0,0.0,3.5263605246161616
374196.0,1.0,23189273.0,429238.0,0.0,1.0,0.0,0.76,302.0,5.0,200.0,20.0,0.0,238.0,0.0,2.8903717578961645
387035.0,0.0,17426183.0,13893.0,0.0,0.0,1864631.0,0.0,10.0,2.0,8.0,0.0,0.0,168.0,0.0,3.555348061489413
529260.0,0.0,26649656.0,199148.0,1.0,1.0,0.0,0.9,221.0,2.0,210.0,2.0,0.0,170.0,0.0,3.258096538021482
778795.0,0.0,12247446.0,23144.0,0.0,1.0,0.0,1.1,19.0,1.0,15.0,0.0,0.0,80.0,0.0,3.49650756146648
101433.0,0.0,5310229.0,34959.0,0.0,1.0,0.0,0.99,42.0,2.0,33.0,1.0,0.0,99.0,0.0,2.3978952727983707
26375.0,0.0,644795.0,18948.0,1.0,1.0,0.0,1.05,17.0,1.0,15.0,0.0,0.0,63.0,0.0,3.912023005428146
537014.0,0.0,17576162.0,13893.0,1.0,0.0,1864631.0,0.0,10.0,2.0,8.0,0.0,0.0,168.0,0.0,4.143134726391533
41961.0,1.0,25106183.0,66555.0,0.0,1.0,0.0,1.11,57.0,7.0,49.0,0.0,0.0,44.0,0.0,2.9444389791664403
156085.0,0.0,516092.0,233867.0,0.0,1.0,0.0,1.0,155.0,7.0,113.0,9.0,0.0,204.0,0.0,3.4339872044851463
1385908.0,0.0,17540802.0,927611.0,1.0,1.0,0.0,0.86,614.0,3.0,475.0,27.0,0.0,168.0,0.0,2.19722457733622
409548.0,0.0,25160789.0,22565.0,1.0,1.0,0.0,0.95,47.0,2.0,45.0,0.0,0.0,423.0,0.0,3.6635616461296463
1497757.0,0.0,13676703.0,24901.0,1.0,3.0,0.0,0.99,31.0,3.0,25.0,2.0,0.0,78.0,0.0,4.158883083359672
2247.0,1.0,27247995.0,57989.0,0.0,1.0,0.0,0.9,32.0,2.0,22.0,0.0,0.0,184.0,0.0,3.1780538303479458
192290.0,0.0,9135719.0,97567.0,0.0,1.0,0.0,0.94,60.0,2.0,43.0,3.0,0.0,141.0,0.0,5.41610040220442
537407.0,0.0,2082629.0,25167.0,1.0,0.0,1002026.0,0.0,13.0,0.0,5.0,3.0,0.0,50.0,0.0,3.295836866004329
985347.0,0.0,20819411.0,407899.0,1.0,1.0,0.0,0.82,151.0,4.0,68.0,22.0,0.0,275.0,0.0,2.70805020110221
1779449.0,0.0,13395011.0,24901.0,0.0,3.0,0.0,0.99,31.0,3.0,25.0,2.0,0.0,78.0,0.0,4.248495242049359
11482.0,1.0,2239472.0,98417.0,1.0,1.0,0.0,0.93,66.0,2.0,50.0,2.0,0.0,171.0,0.0,2.302585092994046
18295.0,1.0,24888597.0,80048.0,0.0,1.0,0.0,0.8,66.0,4.0,49.0,2.0,0.0,740.0,0.0,2.772588722239781
596669.0,0.0,22966800.0,429238.0,0.0,1.0,0.0,0.76,302.0,5.0,200.0,20.0,0.0,238.0,0.0,4.59511985013459
288465.0,0.0,12381187.0,177422.0,0.0,1.0,0.0,0.93,85.0,5.0,47.0,11.0,0.0,112.0,0.0,3.713572066704308
414788.0,0.0,1024258.0,33425.0,1.0,2.0,0.0,0.89,50.0,1.0,40.0,4.0,0.0,1345.0,0.0,3.6375861597263857
340776.0,0.0,1065883.0,65530.0,0.0,0.0,34197.0,0.0,55.0,1.0,27.0,6.0,0.0,516.0,0.0,3.688879454113936
350514.0,1.0,6405210.0,749455.0,0.0,1.0,0.0,0.91,434.0,2.0,202.0,68.0,0.0,68.0,0.0,3.828641396489095
27900.0,1.0,10990392.0,43655.0,1.0,9.0,0.0,0.7778,98.0,1.0,94.0,0.0,0.0,543.0,0.0,2.70805020110221
102283.0,1.0,5413626.0,106004.0,0.0,1.0,0.0,0.82,84.0,2.0,62.0,3.0,0.0,151.0,0.0,3.951243718581428
531059.0,0.0,11999710.0,23144.0,0.0,1.0,0.0,1.1,19.0,1.0,15.0,0.0,0.0,80.0,0.0,2.772588722239781
433796.0,1.0,25397391.0,448833.0,0.0,2.0,0.0,0.92,446.0,1.0,405.0,6.0,0.0,204.0,0.0,3.044522437723423
73638.0,1.0,2947702.0,8803.0,0.0,1.0,0.0,0.92,25.0,1.0,24.0,0.0,0.0,88.0,0.0,2.9444389791664403
59233.0,1.0,3091271.0,28962.0,0.0,0.0,83865.0,0.0,30.0,0.0,18.0,3.0,0.0,27.0,0.0,4.30406509320417
238527.0,1.0,25592660.0,448833.0,0.0,2.0,0.0,0.92,446.0,1.0,405.0,6.0,0.0,204.0,0.0,3.295836866004329
27551.0,1.0,11419659.0,1475061.0,1.0,1.0,0.0,0.78,839.0,5.0,347.0,113.0,0.0,299.0,0.0,3.4011973816621555
653093.0,1.0,10272117.0,1181213.0,1.0,1.0,0.0,0.77,966.0,3.0,683.0,63.0,0.0,298.0,0.0,3.8918202981106265
144863.0,0.0,527314.0,233867.0,1.0,1.0,0.0,1.0,155.0,7.0,113.0,9.0,0.0,204.0,0.0,3.737669618283368
365303.0,0.0,22868151.0,7465.0,1.0,3.0,0.0,0.9067,23.0,2.0,21.0,0.0,0.0,600.0,0.0,4.804021044733257
444571.0,0.0,26275758.0,448833.0,1.0,2.0,0.0,0.92,446.0,1.0,405.0,6.0,0.0,204.0,0.0,4.330733340286331
366346.0,0.0,7706887.0,136039.0,1.0,1.0,0.0,0.9,91.0,1.0,68.0,5.0,0.0,495.0,0.0,3.912023005428146
1205558.0,0.0,17721152.0,927611.0,1.0,1.0,0.0,0.86,614.0,3.0,475.0,27.0,0.0,168.0,0.0,4.736198448394496
205239.0,0.0,425825.0,22419.0,1.0,0.0,197585.0,0.0,17.0,2.0,9.0,2.0,0.0,203.0,0.0,3.258096538021482
491337.0,0.0,1100807.0,33425.0,1.0,2.0,0.0,0.89,50.0,1.0,40.0,4.0,0.0,1345.0,0.0,2.079441541679836
791360.0,0.0,17830508.0,13893.0,0.0,0.0,1864631.0,0.0,10.0,2.0,8.0,0.0,0.0,168.0,0.0,4.672828834461906
265161.0,1.0,2275043.0,324575.0,0.0,1.0,0.0,0.86,338.0,4.0,280.0,18.0,0.0,217.0,0.0,3.044522437723423
304038.0,1.0,23259431.0,429238.0,0.0,1.0,0.0,0.76,302.0,5.0,200.0,20.0,0.0,238.0,0.0,2.19722457733622
44320.0,1.0,25265906.0,111164.0,1.0,0.0,50884.0,0.0,80.0,1.0,47.0,12.0,0.0,97.0,0.0,4.418840607796598
59018.0,0.0,6616767.0,24946.0,0.0,0.0,46680.0,0.0,18.0,0.0,8.0,2.0,0.0,73.0,0.0,3.1780538303479458
12499.0,1.0,3226691.0,302818.0,1.0,3.0,0.0,0.94,368.0,2.0,313.0,11.0,0.0,179.0,0.0,3.258096538021482
3997.0,1.0,1746570.0,199872.0,0.0,1.0,0.0,0.93,260.0,2.0,234.0,8.0,0.0,99.0,0.0,2.9444389791664403
691830.0,0.0,12160481.0,23144.0,0.0,1.0,0.0,1.1,19.0,1.0,15.0,0.0,0.0,80.0,0.0,2.9444389791664403
32637.0,0.0,2568778.0,12239.0,0.0,1.0,0.0,0.6,14.0,1.0,10.0,0.0,0.0,14.0,0.0,2.302585092994046
27452.0,0.0,1920050.0,7270.0,0.0,0.0,243.0,0.0,11.0,2.0,9.0,0.0,0.0,19.0,0.0,3.091042453358316
427679.0,0.0,25178920.0,22565.0,0.0,1.0,0.0,0.95,47.0,2.0,45.0,0.0,0.0,423.0,0.0,2.995732273553991
166232.0,1.0,4682639.0,574324.0,1.0,1.0,0.0,0.93,529.0,2.0,401.0,25.0,0.0,132.0,0.0,5.455321115357702
110757.0,0.0,25037387.0,66555.0,0.0,1.0,0.0,1.11,57.0,7.0,49.0,0.0,0.0,44.0,0.0,3.8501476017100575
42230.0,1.0,11404980.0,1475061.0,1.0,1.0,0.0,0.78,839.0,5.0,347.0,113.0,0.0,299.0,0.0,3.58351893845611
162323.0,1.0,4678730.0,574324.0,1.0,1.0,0.0,0.93,529.0,2.0,401.0,25.0,0.0,132.0,0.0,2.079441541679836
885.0,0.0,3151414.0,100187.0,0.0,1.0,0.0,1.06,79.0,5.0,64.0,1.0,0.0,114.0,0.0,4.174387269895637
102127.0,0.0,15276587.0,24901.0,0.0,3.0,0.0,0.99,31.0,3.0,25.0,2.0,0.0,78.0,0.0,5.529429087511423
6248.0,0.0,4718830.0,23244.0,0.0,0.0,148072.0,0.0,23.0,1.0,22.0,0.0,0.0,371.0,0.0,2.302585092994046
730156.0,0.0,12198807.0,23144.0,0.0,1.0,0.0,1.1,19.0,1.0,15.0,0.0,0.0,80.0,0.0,4.158883083359672
420602.0,0.0,22923450.0,7465.0,1.0,3.0,0.0,0.9067,23.0,2.0,21.0,0.0,0.0,600.0,0.0,5.220355825078324
452010.0,0.0,26411436.0,6230.0,0.0,1.0,0.0,0.97,14.0,1.0,13.0,0.0,0.0,136.0,0.0,3.044522437723423
1371639.0,0.0,12818849.0,1475061.0,1.0,1.0,0.0,0.78,839.0,5.0,347.0,113.0,0.0,299.0,0.0,4.158883083359672
71914.0,0.0,757239.0,10488.0,1.0,1.0,0.0,0.84,12.0,4.0,7.0,0.0,0.0,333.0,0.0,3.332204510175204
91300.0,0.0,580877.0,233867.0,0.0,1.0,0.0,1.0,155.0,7.0,113.0,9.0,0.0,204.0,0.0,2.995732273553991
591559.0,0.0,8245624.0,3021.0,1.0,1.0,0.0,0.71,0.0,0.0,0.0,0.0,0.0,15.0,0.0,3.713572066704308
1194065.0,0.0,7643118.0,3021.0,1.0,1.0,0.0,0.71,0.0,0.0,0.0,0.0,0.0,15.0,0.0,3.367295829986474
14193.0,1.0,6356799.0,394295.0,1.0,1.0,0.0,0.87,336.0,2.0,260.0,23.0,0.0,145.0,0.0,2.3978952727983707
2042.0,0.0,25150186.0,66555.0,0.0,1.0,0.0,1.11,57.0,7.0,49.0,0.0,0.0,44.0,0.0,3.610917912644224
35169.0,1.0,1715398.0,199872.0,0.0,1.0,0.0,0.93,260.0,2.0,234.0,8.0,0.0,99.0,0.0,2.5649493574615367
321072.0,0.0,26152259.0,448833.0,1.0,2.0,0.0,0.92,446.0,1.0,405.0,6.0,0.0,204.0,0.0,4.543294782270004
636562.0,0.0,19563272.0,927611.0,1.0,1.0,0.0,0.86,614.0,3.0,475.0,27.0,0.0,168.0,0.0,3.367295829986474
1618526.0,0.0,13555934.0,24901.0,1.0,3.0,0.0,0.99,31.0,3.0,25.0,2.0,0.0,78.0,0.0,3.218875824868201
338146.0,1.0,6088467.0,611853.0,1.0,2.0,0.0,0.78,517.0,2.0,306.0,45.0,0.0,115.0,0.0,5.66988092298052
264868.0,0.0,23828337.0,429238.0,1.0,1.0,0.0,0.76,302.0,5.0,200.0,20.0,0.0,238.0,0.0,5.863631175598097
23767.0,1.0,695944.0,233867.0,1.0,1.0,0.0,1.0,155.0,7.0,113.0,9.0,0.0,204.0,0.0,3.49650756146648
1564898.0,0.0,13609562.0,24901.0,0.0,3.0,0.0,0.99,31.0,3.0,25.0,2.0,0.0,78.0,0.0,2.4849066497880004
48235.0,1.0,3351285.0,117737.0,1.0,3.0,0.0,1.2433,112.0,7.0,85.0,4.0,0.0,111.0,0.0,3.044522437723423
11569.0,1.0,3696862.0,81730.0,1.0,1.0,0.0,0.82,100.0,3.0,86.0,3.0,0.0,398.0,0.0,2.9444389791664403
407890.0,0.0,24016004.0,19262.0,1.0,1.0,0.0,0.99,8.0,1.0,6.0,0.0,0.0,49.0,0.0,3.555348061489413
693384.0,0.0,12162035.0,23144.0,0.0,1.0,0.0,1.1,19.0,1.0,15.0,0.0,0.0,80.0,0.0,4.248495242049359
508504.0,0.0,23054965.0,429238.0,0.0,1.0,0.0,0.76,302.0,5.0,200.0,20.0,0.0,238.0,0.0,1.9459101490553128
524931.0,0.0,19451641.0,927611.0,0.0,1.0,0.0,0.86,614.0,3.0,475.0,27.0,0.0,168.0,0.0,5.3981627015177525
231654.0,0.0,26062841.0,448833.0,1.0,2.0,0.0,0.92,446.0,1.0,405.0,6.0,0.0,204.0,0.0,2.302585092994046
44065.0,1.0,6386671.0,394295.0,0.0,1.0,0.0,0.87,336.0,2.0,260.0,23.0,0.0,145.0,0.0,3.367295829986474
448511.0,0.0,16590637.0,13893.0,1.0,0.0,1864631.0,0.0,10.0,2.0,8.0,0.0,0.0,168.0,0.0,4.189654742026425
33722.0,0.0,1926320.0,7270.0,0.0,0.0,243.0,0.0,11.0,2.0,9.0,0.0,0.0,19.0,0.0,5.288267030694535
530095.0,0.0,1589179.0,144288.0,0.0,0.0,20200.0,0.0,73.0,1.0,42.0,6.0,0.0,1090.0,0.0,2.8903717578961645
416666.0,0.0,22948010.0,74922.0,1.0,1.0,0.0,0.98,77.0,2.0,71.0,1.0,0.0,103.0,0.0,4.382026634673881
477772.0,0.0,26437198.0,6230.0,0.0,1.0,0.0,0.97,14.0,1.0,13.0,0.0,0.0,136.0,0.0,4.04305126783455
703940.0,0.0,12172591.0,23144.0,0.0,1.0,0.0,1.1,19.0,1.0,15.0,0.0,0.0,80.0,0.0,4.6443908991413725
93060.0,0.0,6753143.0,13345.0,0.0,1.0,0.0,1.05,32.0,2.0,30.0,0.0,0.0,200.0,0.0,3.828641396489095
635912.0,0.0,22927557.0,429238.0,1.0,1.0,0.0,0.76,302.0,5.0,200.0,20.0,0.0,238.0,0.0,4.110873864173311
62188.0,0.0,4205703.0,132755.0,1.0,2.0,0.0,0.825,257.0,2.0,254.0,0.0,0.0,169.0,0.0,5.231108616854587
50451.0,0.0,4595357.0,5752.0,0.0,1.0,0.0,1.0,14.0,1.0,13.0,0.0,0.0,133.0,0.0,3.4339872044851463
399703.0,0.0,22902551.0,7465.0,0.0,3.0,0.0,0.9067,23.0,2.0,21.0,0.0,0.0,600.0,0.0,3.951243718581428
54346.0,0.0,2547069.0,12239.0,1.0,1.0,0.0,0.6,14.0,1.0,10.0,0.0,0.0,14.0,0.0,6.093569770045136
63181.0,1.0,2937245.0,8803.0,0.0,1.0,0.0,0.92,25.0,1.0,24.0,0.0,0.0,88.0,0.0,2.079441541679836
950278.0,0.0,21552570.0,7465.0,0.0,3.0,0.0,0.9067,23.0,2.0,21.0,0.0,0.0,600.0,0.0,4.5217885770490405
691794.0,0.0,19655151.0,5269.0,1.0,1.0,0.0,0.88,14.0,2.0,12.0,0.0,0.0,84.0,0.0,3.970291913552122
106519.0,1.0,2712531.0,114373.0,0.0,1.0,0.0,0.99,109.0,5.0,87.0,4.0,0.0,144.0,0.0,4.02535169073515
1660358.0,0.0,13514102.0,24901.0,1.0,3.0,0.0,0.99,31.0,3.0,25.0,2.0,0.0,78.0,0.0,2.19722457733622
27127.0,0.0,3882992.0,26961.0,0.0,1.0,0.0,0.97,16.0,1.0,9.0,3.0,0.0,83.0,0.0,4.330733340286331
691894.0,0.0,12160545.0,23144.0,0.0,1.0,0.0,1.1,19.0,1.0,15.0,0.0,0.0,80.0,0.0,4.499809670330265
70325.0,0.0,771662.0,49720.0,0.0,1.0,0.0,0.97,43.0,1.0,41.0,1.0,0.0,1031.0,0.0,3.912023005428146
87106.0,0.0,2707142.0,25167.0,0.0,0.0,1002026.0,0.0,13.0,0.0,5.0,3.0,0.0,50.0,0.0,2.19722457733622
1749879.0,0.0,13424581.0,24901.0,0.0,3.0,0.0,0.99,31.0,3.0,25.0,2.0,0.0,78.0,0.0,3.80666248977032
148773.0,0.0,23712242.0,429238.0,1.0,1.0,0.0,0.76,302.0,5.0,200.0,20.0,0.0,238.0,0.0,2.9444389791664403
416872.0,0.0,22919720.0,7465.0,1.0,3.0,0.0,0.9067,23.0,2.0,21.0,0.0,0.0,600.0,0.0,3.713572066704308
139828.0,0.0,2759864.0,25167.0,1.0,0.0,1002026.0,0.0,13.0,0.0,5.0,3.0,0.0,50.0,0.0,2.079441541679836
647125.0,0.0,12115776.0,23144.0,0.0,1.0,0.0,1.1,19.0,1.0,15.0,0.0,0.0,80.0,0.0,2.70805020110221
2329.0,0.0,1752896.0,199872.0,0.0,1.0,0.0,0.93,260.0,2.0,234.0,8.0,0.0,99.0,0.0,3.091042453358316
493562.0,0.0,22298320.0,407899.0,0.0,1.0,0.0,0.82,151.0,4.0,68.0,22.0,0.0,275.0,0.0,3.218875824868201
262352.0,0.0,1907846.0,72008.0,0.0,1.0,0.0,0.95,80.0,1.0,74.0,1.0,0.0,151.0,0.0,3.9318256327243257
218584.0,0.0,12311306.0,177422.0,0.0,1.0,0.0,0.93,85.0,5.0,47.0,11.0,0.0,112.0,0.0,1.9459101490553128
1599122.0,0.0,13575338.0,24901.0,0.0,3.0,0.0,0.99,31.0,3.0,25.0,2.0,0.0,78.0,0.0,3.8918202981106265
87567.0,0.0,15262027.0,24901.0,0.0,3.0,0.0,0.99,31.0,3.0,25.0,2.0,0.0,78.0,0.0,3.610917912644224
21273.0,0.0,25169417.0,66555.0,1.0,1.0,0.0,1.11,57.0,7.0,49.0,0.0,0.0,44.0,0.0,4.07753744390572
456085.0,1.0,6206406.0,611853.0,0.0,2.0,0.0,0.78,517.0,2.0,306.0,45.0,0.0,115.0,0.0,2.9444389791664403
495889.0,0.0,25247130.0,22565.0,0.0,1.0,0.0,0.95,47.0,2.0,45.0,0.0,0.0,423.0,0.0,2.5649493574615367
19026.0,1.0,6013234.0,51808.0,1.0,1.0,0.0,1.05,47.0,1.0,39.0,0.0,0.0,123.0,0.0,2.4849066497880004
38515.0,0.0,7475808.0,23048.0,0.0,1.0,0.0,0.91,31.0,1.0,27.0,1.0,0.0,76.0,0.0,4.23410650459726
678777.0,0.0,22884692.0,429238.0,0.0,1.0,0.0,0.76,302.0,5.0,200.0,20.0,0.0,238.0,0.0,2.4849066497880004
26034.0,0.0,3006004.0,28962.0,1.0,0.0,83865.0,0.0,30.0,0.0,18.0,3.0,0.0,27.0,0.0,4.859812404361672
335224.0,0.0,18628133.0,5269.0,1.0,1.0,0.0,0.88,14.0,2.0,12.0,0.0,0.0,84.0,0.0,2.6390573296152584
282044.0,0.0,23845513.0,429238.0,0.0,1.0,0.0,0.76,302.0,5.0,200.0,20.0,0.0,238.0,0.0,3.555348061489413
18063.0,0.0,6353928.0,200054.0,0.0,1.0,0.0,0.84,127.0,2.0,94.0,6.0,0.0,585.0,0.0,2.833213344056216
395307.0,0.0,7957219.0,111945.0,0.0,1.0,0.0,0.99,167.0,3.0,163.0,0.0,0.0,931.0,0.0,2.5649493574615367
1746987.0,0.0,13194197.0,1475061.0,1.0,1.0,0.0,0.78,839.0,5.0,347.0,113.0,0.0,299.0,0.0,2.9444389791664403
375375.0,0.0,25126616.0,22565.0,1.0,1.0,0.0,0.95,47.0,2.0,45.0,0.0,0.0,423.0,0.0,2.5649493574615367
378925.0,0.0,22881773.0,7465.0,1.0,3.0,0.0,0.9067,23.0,2.0,21.0,0.0,0.0,600.0,0.0,2.9444389791664403
214285.0,1.0,2262861.0,7419.0,0.0,1.0,0.0,0.96,14.0,1.0,13.0,0.0,0.0,59.0,0.0,5.393627546352362
55732.0,0.0,4947905.0,70638.0,1.0,1.0,0.0,0.95,49.0,2.0,37.0,3.0,0.0,72.0,0.0,4.04305126783455
16115.0,1.0,3809242.0,95481.0,1.0,1.0,0.0,0.84,51.0,2.0,22.0,6.0,0.0,125.0,0.0,3.044522437723423
7294.0,1.0,3701137.0,81730.0,1.0,1.0,0.0,0.82,100.0,3.0,86.0,3.0,0.0,398.0,0.0,3.332204510175204
10260.0,0.0,24860042.0,80048.0,0.0,1.0,0.0,0.8,66.0,4.0,49.0,2.0,0.0,740.0,0.0,2.3978952727983707
277235.0,0.0,22780083.0,7465.0,1.0,3.0,0.0,0.9067,23.0,2.0,21.0,0.0,0.0,600.0,0.0,3.871201010907891
24167.0,0.0,804986.0,10488.0,0.0,1.0,0.0,0.84,12.0,4.0,7.0,0.0,0.0,333.0,0.0,5.288267030694535
343276.0,0.0,1826922.0,72008.0,0.0,1.0,0.0,0.95,80.0,1.0,74.0,1.0,0.0,151.0,0.0,4.624972813284271
25536.0,1.0,2477518.0,74511.0,1.0,0.0,63163.0,0.0,83.0,1.0,68.0,2.0,0.0,45.0,0.0,3.4011973816621555
192670.0,1.0,2347534.0,324575.0,0.0,1.0,0.0,0.86,338.0,4.0,280.0,18.0,0.0,217.0,0.0,7.226936018493289
2128.0,0.0,5285897.0,36273.0,0.0,0.0,270690.0,0.0,22.0,1.0,21.0,0.0,0.0,1211.0,0.0,2.3978952727983707
291.0,0.0,3645364.0,185746.0,0.0,1.0,0.0,0.79,339.0,8.0,328.0,0.0,0.0,97.0,0.0,3.4339872044851463
476646.0,0.0,16562502.0,13893.0,0.0,0.0,1864631.0,0.0,10.0,2.0,8.0,0.0,0.0,168.0,0.0,5.332718793265369
382659.0,0.0,12729455.0,6164.0,1.0,0.0,1011774.0,0.0,11.0,1.0,9.0,0.0,0.0,67.0,0.0,3.713572066704308
43127.0,1.0,3665304.0,81730.0,1.0,1.0,0.0,0.82,100.0,3.0,86.0,3.0,0.0,398.0,0.0,4.0943445622221
24928.0,0.0,600488.0,63863.0,0.0,0.0,43104.0,0.0,49.0,1.0,42.0,1.0,0.0,260.0,0.0,3.6375861597263857
360818.0,0.0,1045841.0,65530.0,1.0,0.0,34197.0,0.0,55.0,1.0,27.0,6.0,0.0,516.0,0.0,3.4011973816621555
13483.0,1.0,6978985.0,65768.0,1.0,1.0,0.0,1.01,58.0,1.0,55.0,0.0,0.0,54.0,0.0,3.5263605246161616
121850.0,0.0,25026294.0,66555.0,0.0,1.0,0.0,1.11,57.0,7.0,49.0,0.0,0.0,44.0,0.0,3.367295829986474
272921.0,0.0,22775769.0,7465.0,0.0,3.0,0.0,0.9067,23.0,2.0,21.0,0.0,0.0,600.0,0.0,4.454347296253507
108108.0,0.0,25040036.0,66555.0,1.0,1.0,0.0,1.11,57.0,7.0,49.0,0.0,0.0,44.0,0.0,3.555348061489413
221623.0,0.0,16817525.0,13893.0,0.0,0.0,1864631.0,0.0,10.0,2.0,8.0,0.0,0.0,168.0,0.0,4.955827057601261
37985.0,0.0,17077133.0,13893.0,1.0,0.0,1864631.0,0.0,10.0,2.0,8.0,0.0,0.0,168.0,0.0,3.367295829986474
77967.0,0.0,623370.0,49720.0,1.0,1.0,0.0,0.97,43.0,1.0,41.0,1.0,0.0,1031.0,0.0,4.060443010546419
191811.0,1.0,2348393.0,324575.0,0.0,1.0,0.0,0.86,338.0,4.0,280.0,18.0,0.0,217.0,0.0,3.367295829986474
403371.0,0.0,623957.0,22419.0,0.0,0.0,197585.0,0.0,17.0,2.0,9.0,2.0,0.0,203.0,0.0,4.68213122712422
13018.0,0.0,17026130.0,13893.0,0.0,0.0,1864631.0,0.0,10.0,2.0,8.0,0.0,0.0,168.0,0.0,2.3978952727983707
853336.0,0.0,21649512.0,7465.0,1.0,3.0,0.0,0.9067,23.0,2.0,21.0,0.0,0.0,600.0,0.0,2.6390573296152584
469929.0,1.0,18456781.0,927611.0,1.0,1.0,0.0,0.86,614.0,3.0,475.0,27.0,0.0,168.0,0.0,2.9444389791664403
14413.0,0.0,14413.0,88574.0,0.0,3.0,0.0,0.8933,135.0,2.0,124.0,3.0,4.0,335.0,1.0,1.791759469228055
33746.0,1.0,71361.0,157128.0,1.0,1.0,0.0,1.24,88.0,4.0,59.0,3.0,0.0,94.0,0.0,2.4849066497880004
158013.0,1.0,2382191.0,324575.0,0.0,1.0,0.0,0.86,338.0,4.0,280.0,18.0,0.0,217.0,0.0,3.1780538303479458
24294.0,0.0,1667859.0,24593.0,1.0,1.0,0.0,1.02,31.0,4.0,25.0,0.0,0.0,540.0,0.0,2.3978952727983707
18464.0,0.0,4706614.0,23244.0,0.0,0.0,148072.0,0.0,23.0,1.0,22.0,0.0,0.0,371.0,0.0,4.158883083359672
54355.0,0.0,8078931.0,2923.0,1.0,1.0,0.0,0.99,10.0,1.0,9.0,0.0,0.0,226.0,0.0,3.5263605246161616
212588.0,1.0,4728995.0,574324.0,0.0,1.0,0.0,0.93,529.0,2.0,401.0,25.0,0.0,132.0,0.0,3.555348061489413
1138609.0,0.0,10721584.0,498345.0,1.0,1.0,0.0,0.75,351.0,4.0,247.0,18.0,0.0,260.0,0.0,2.70805020110221
27373.0,1.0,1087738.0,132301.0,0.0,1.0,0.0,1.15,108.0,1.0,86.0,8.0,0.0,230.0,0.0,2.302585092994046
35516.0,0.0,683913.0,685926.0,1.0,3.0,0.0,0.93,464.0,2.0,300.0,34.0,0.0,74.0,0.0,4.700480365792417
204074.0,0.0,424660.0,22419.0,1.0,0.0,197585.0,0.0,17.0,2.0,9.0,2.0,0.0,203.0,0.0,5.60947179518496
297918.0,0.0,12814196.0,6164.0,1.0,0.0,1011774.0,0.0,11.0,1.0,9.0,0.0,0.0,67.0,0.0,2.5649493574615367
87607.0,0.0,584570.0,233867.0,0.0,1.0,0.0,1.0,155.0,7.0,113.0,9.0,0.0,204.0,0.0,2.19722457733622
62691.0,1.0,1687876.0,199872.0,0.0,1.0,0.0,0.93,260.0,2.0,234.0,8.0,0.0,99.0,0.0,4.653960350157523
207467.0,1.0,18719243.0,927611.0,0.0,1.0,0.0,0.86,614.0,3.0,475.0,27.0,0.0,168.0,0.0,4.663439094112067
38868.0,0.0,790285.0,10488.0,0.0,1.0,0.0,0.84,12.0,4.0,7.0,0.0,0.0,333.0,0.0,3.091042453358316
24687.0,1.0,11422523.0,1475061.0,0.0,1.0,0.0,0.78,839.0,5.0,347.0,113.0,0.0,299.0,0.0,3.6635616461296463
161285.0,0.0,19087995.0,927611.0,0.0,1.0,0.0,0.86,614.0,3.0,475.0,27.0,0.0,168.0,0.0,4.74493212836325
622520.0,1.0,10824690.0,1475061.0,1.0,1.0,0.0,0.78,839.0,5.0,347.0,113.0,0.0,299.0,0.0,2.6390573296152584
422948.0,0.0,7929578.0,111945.0,1.0,1.0,0.0,0.99,167.0,3.0,163.0,0.0,0.0,931.0,0.0,4.248495242049359
144449.0,0.0,527728.0,233867.0,1.0,1.0,0.0,1.0,155.0,7.0,113.0,9.0,0.0,204.0,0.0,3.1780538303479458
144059.0,1.0,4660466.0,574324.0,0.0,1.0,0.0,0.93,529.0,2.0,401.0,25.0,0.0,132.0,0.0,5.545177444479562
93267.0,0.0,11999455.0,177422.0,0.0,1.0,0.0,0.93,85.0,5.0,47.0,11.0,0.0,112.0,0.0,4.77912349311153
397602.0,0.0,12714512.0,6164.0,0.0,0.0,1011774.0,0.0,11.0,1.0,9.0,0.0,0.0,67.0,0.0,2.3978952727983707
28990.0,0.0,15203450.0,24901.0,1.0,3.0,0.0,0.99,31.0,3.0,25.0,2.0,0.0,78.0,0.0,2.3978952727983707
605125.0,1.0,10842085.0,1475061.0,0.0,1.0,0.0,0.78,839.0,5.0,347.0,113.0,0.0,299.0,0.0,2.833213344056216
80924.0,1.0,23482545.0,429238.0,0.0,1.0,0.0,0.76,302.0,5.0,200.0,20.0,0.0,238.0,0.0,4.718498871295094
410501.0,0.0,22954175.0,74922.0,1.0,1.0,0.0,0.98,77.0,2.0,71.0,1.0,0.0,103.0,0.0,2.6390573296152584
102129.0,0.0,11962322.0,498345.0,1.0,1.0,0.0,0.75,351.0,4.0,247.0,18.0,0.0,260.0,0.0,2.3978952727983707
811669.0,0.0,18151688.0,5269.0,1.0,1.0,0.0,0.88,14.0,2.0,12.0,0.0,0.0,84.0,0.0,1.9459101490553128
264929.0,1.0,2275275.0,324575.0,0.0,1.0,0.0,0.86,338.0,4.0,280.0,18.0,0.0,217.0,0.0,2.8903717578961645
43362.0,0.0,25191506.0,66555.0,1.0,1.0,0.0,1.11,57.0,7.0,49.0,0.0,0.0,44.0,0.0,4.691347882229144
1720492.0,0.0,20683849.0,5269.0,0.0,1.0,0.0,0.88,14.0,2.0,12.0,0.0,0.0,84.0,0.0,5.459585514144159
274677.0,0.0,12837437.0,6164.0,1.0,0.0,1011774.0,0.0,11.0,1.0,9.0,0.0,0.0,67.0,0.0,3.8918202981106265
38550.0,1.0,3352814.0,50222.0,0.0,1.0,0.0,0.86,29.0,1.0,26.0,1.0,0.0,62.0,0.0,3.970291913552122
300710.0,0.0,23864179.0,429238.0,0.0,1.0,0.0,0.76,302.0,5.0,200.0,20.0,0.0,238.0,0.0,3.49650756146648
259402.0,1.0,3557676.0,363512.0,0.0,1.0,0.0,0.9,362.0,2.0,318.0,16.0,0.0,360.0,0.0,4.04305126783455
16735.0,0.0,702694.0,685926.0,0.0,3.0,0.0,0.93,464.0,2.0,300.0,34.0,0.0,74.0,0.0,3.295836866004329
553070.0,0.0,26384257.0,448833.0,0.0,2.0,0.0,0.92,446.0,1.0,405.0,6.0,0.0,204.0,0.0,3.80666248977032
214371.0,0.0,2834407.0,25167.0,1.0,0.0,1002026.0,0.0,13.0,0.0,5.0,3.0,0.0,50.0,0.0,3.58351893845611
735136.0,0.0,15909596.0,24901.0,0.0,3.0,0.0,0.99,31.0,3.0,25.0,2.0,0.0,78.0,0.0,2.833213344056216
425565.0,0.0,22939111.0,74922.0,0.0,1.0,0.0,0.98,77.0,2.0,71.0,1.0,0.0,103.0,0.0,3.218875824868201
303818.0,0.0,24546097.0,5190.0,0.0,0.0,1266.0,0.0,17.0,1.0,16.0,0.0,0.0,167.0,0.0,4.0943445622221
283565.0,1.0,6472159.0,749455.0,0.0,1.0,0.0,0.91,434.0,2.0,202.0,68.0,0.0,68.0,0.0,4.060443010546419
23394.0,0.0,595026.0,18948.0,1.0,1.0,0.0,1.05,17.0,1.0,15.0,0.0,0.0,63.0,0.0,3.4657359027997265
239960.0,0.0,8710313.0,28065.0,0.0,1.0,0.0,0.71,46.0,0.0,29.0,2.0,0.0,38.0,0.0,2.9444389791664403
430220.0,0.0,12681894.0,6164.0,0.0,0.0,1011774.0,0.0,11.0,1.0,9.0,0.0,0.0,67.0,0.0,2.833213344056216
1070.0,0.0,7108096.0,4735.0,1.0,1.0,0.0,0.85,7.0,1.0,6.0,0.0,0.0,37.0,0.0,2.5649493574615367
835097.0,0.0,21667751.0,7465.0,0.0,3.0,0.0,0.9067,23.0,2.0,21.0,0.0,0.0,600.0,0.0,4.276666119016055
16455.0,1.0,11001837.0,43655.0,1.0,9.0,0.0,0.7778,98.0,1.0,94.0,0.0,0.0,543.0,0.0,5.030437921392435
788.0,0.0,3583299.0,7012.0,1.0,0.0,53434.0,0.0,11.0,2.0,9.0,0.0,0.0,186.0,0.0,4.61512051684126
323688.0,0.0,26154875.0,448833.0,0.0,2.0,0.0,0.92,446.0,1.0,405.0,6.0,0.0,204.0,0.0,3.610917912644224
87616.0,0.0,5828615.0,45277.0,0.0,0.0,290065.0,0.0,37.0,3.0,26.0,2.0,0.0,1029.0,0.0,2.8903717578961645
31438.0,0.0,4923611.0,70638.0,0.0,1.0,0.0,0.95,49.0,2.0,37.0,3.0,0.0,72.0,0.0,3.091042453358316
87275.0,0.0,5828274.0,45277.0,0.0,0.0,290065.0,0.0,37.0,3.0,26.0,2.0,0.0,1029.0,0.0,2.3978952727983707
874564.0,0.0,19801274.0,927611.0,1.0,1.0,0.0,0.86,614.0,3.0,475.0,27.0,0.0,168.0,0.0,3.688879454113936
355713.0,0.0,24068181.0,19262.0,1.0,1.0,0.0,0.99,8.0,1.0,6.0,0.0,0.0,49.0,0.0,2.9444389791664403
971.0,1.0,5282798.0,36273.0,0.0,0.0,270690.0,0.0,22.0,1.0,21.0,0.0,0.0,1211.0,0.0,4.948759890378168
58595.0,0.0,2932659.0,8803.0,0.0,1.0,0.0,0.92,25.0,1.0,24.0,0.0,0.0,88.0,0.0,4.736198448394496
12997.0,1.0,3137532.0,100187.0,0.0,1.0,0.0,1.06,79.0,5.0,64.0,1.0,0.0,114.0,0.0,2.5649493574615367
331152.0,0.0,26162339.0,448833.0,1.0,2.0,0.0,0.92,446.0,1.0,405.0,6.0,0.0,204.0,0.0,4.836281906951478
539319.0,0.0,1579955.0,144288.0,1.0,0.0,20200.0,0.0,73.0,1.0,42.0,6.0,0.0,1090.0,0.0,2.995732273553991
17522.0,1.0,3881980.0,46371.0,1.0,1.0,0.0,0.65,27.0,1.0,16.0,4.0,0.0,240.0,0.0,1.3862943611198906
161694.0,0.0,2008504.0,72008.0,1.0,1.0,0.0,0.95,80.0,1.0,74.0,1.0,0.0,151.0,0.0,2.833213344056216
389281.0,0.0,2100800.0,5668.0,1.0,0.0,17747.0,0.0,4.0,1.0,3.0,0.0,0.0,64.0,0.0,3.218875824868201
162146.0,0.0,19125503.0,5269.0,0.0,1.0,0.0,0.88,14.0,2.0,12.0,0.0,0.0,84.0,0.0,3.044522437723423
58650.0,1.0,25089494.0,66555.0,1.0,1.0,0.0,1.11,57.0,7.0,49.0,0.0,0.0,44.0,0.0,5.003946305945459
333423.0,0.0,7969546.0,111945.0,0.0,1.0,0.0,0.99,167.0,3.0,163.0,0.0,0.0,931.0,0.0,2.19722457733622
703304.0,0.0,12171955.0,23144.0,0.0,1.0,0.0,1.1,19.0,1.0,15.0,0.0,0.0,80.0,0.0,2.302585092994046
479710.0,0.0,16559438.0,13893.0,1.0,0.0,1864631.0,0.0,10.0,2.0,8.0,0.0,0.0,168.0,0.0,3.555348061489413
24657.0,1.0,7557041.0,42223.0,0.0,1.0,0.0,0.92,27.0,1.0,24.0,0.0,0.0,49.0,0.0,3.49650756146648
72985.0,1.0,962559.0,247493.0,0.0,1.0,0.0,0.84,324.0,9.0,302.0,1.0,0.0,250.0,0.0,4.59511985013459
66396.0,0.0,6779807.0,13345.0,0.0,1.0,0.0,1.05,32.0,2.0,30.0,0.0,0.0,200.0,0.0,3.4657359027997265
417726.0,0.0,988933.0,65530.0,1.0,0.0,34197.0,0.0,55.0,1.0,27.0,6.0,0.0,516.0,0.0,2.833213344056216
759287.0,0.0,12227938.0,23144.0,0.0,1.0,0.0,1.1,19.0,1.0,15.0,0.0,0.0,80.0,0.0,2.079441541679836
17446.0,1.0,6360052.0,394295.0,1.0,1.0,0.0,0.87,336.0,2.0,260.0,23.0,0.0,145.0,0.0,3.332204510175204
32356.0,1.0,6374962.0,394295.0,1.0,1.0,0.0,0.87,336.0,2.0,260.0,23.0,0.0,145.0,0.0,2.079441541679836
302896.0,0.0,12809218.0,6164.0,1.0,0.0,1011774.0,0.0,11.0,1.0,9.0,0.0,0.0,67.0,0.0,4.060443010546419
221634.0,1.0,2318570.0,324575.0,1.0,1.0,0.0,0.86,338.0,4.0,280.0,18.0,0.0,217.0,0.0,2.772588722239781
93859.0,0.0,5938401.0,51808.0,1.0,1.0,0.0,1.05,47.0,1.0,39.0,0.0,0.0,123.0,0.0,4.007333185232471
55876.0,0.0,3301439.0,15369.0,0.0,1.0,0.0,0.71,12.0,1.0,5.0,4.0,0.0,184.0,0.0,3.044522437723423
144858.0,0.0,527319.0,233867.0,1.0,1.0,0.0,1.0,155.0,7.0,113.0,9.0,0.0,204.0,0.0,5.010635294096256
1556149.0,0.0,13618311.0,24901.0,0.0,3.0,0.0,0.99,31.0,3.0,25.0,2.0,0.0,78.0,0.0,2.302585092994046
246312.0,0.0,19173022.0,927611.0,1.0,1.0,0.0,0.86,614.0,3.0,475.0,27.0,0.0,168.0,0.0,2.079441541679836
1743305.0,0.0,20706662.0,5269.0,1.0,1.0,0.0,0.88,14.0,2.0,12.0,0.0,0.0,84.0,0.0,4.804021044733257
674363.0,0.0,12121573.0,1475061.0,1.0,1.0,0.0,0.78,839.0,5.0,347.0,113.0,0.0,299.0,0.0,3.688879454113936
68575.0,0.0,5215194.0,36273.0,1.0,0.0,270690.0,0.0,22.0,1.0,21.0,0.0,0.0,1211.0,0.0,3.610917912644224
417867.0,0.0,22946809.0,74922.0,0.0,1.0,0.0,0.98,77.0,2.0,71.0,1.0,0.0,103.0,0.0,3.912023005428146
301620.0,1.0,3465298.0,5345.0,0.0,2.0,0.0,0.8,16.0,2.0,14.0,0.0,0.0,330.0,0.0,3.49650756146648
22633.0,1.0,201166.0,106468.0,0.0,0.0,4677.0,0.0,76.0,3.0,57.0,4.0,0.0,63.0,0.0,4.919980925828125
75956.0,1.0,1579919.0,29024.0,1.0,1.0,0.0,0.91,21.0,2.0,19.0,0.0,0.0,128.0,0.0,3.218875824868201
535992.0,0.0,26689405.0,239436.0,0.0,1.0,0.0,0.83,250.0,5.0,228.0,1.0,0.0,210.0,0.0,2.3978952727983707
26191.0,0.0,645986.0,233867.0,0.0,1.0,0.0,1.0,155.0,7.0,113.0,9.0,0.0,204.0,0.0,2.4849066497880004
386566.0,0.0,22889414.0,7465.0,1.0,3.0,0.0,0.9067,23.0,2.0,21.0,0.0,0.0,600.0,0.0,2.302585092994046
58058.0,0.0,6617727.0,24946.0,1.0,0.0,46680.0,0.0,18.0,0.0,8.0,2.0,0.0,73.0,0.0,2.70805020110221
121786.0,0.0,3977651.0,26961.0,0.0,1.0,0.0,0.97,16.0,1.0,9.0,3.0,0.0,83.0,0.0,4.290459441148391
58784.0,1.0,25251442.0,111164.0,0.0,0.0,50884.0,0.0,80.0,1.0,47.0,12.0,0.0,97.0,0.0,3.5263605246161616
204621.0,0.0,4929699.0,23244.0,0.0,0.0,148072.0,0.0,23.0,1.0,22.0,0.0,0.0,371.0,0.0,2.19722457733622
119645.0,1.0,563019.0,691653.0,1.0,3.0,0.0,0.8,504.0,7.0,285.0,41.0,0.0,275.0,0.0,3.6635616461296463
102824.0,1.0,295040.0,110683.0,1.0,2.0,0.0,0.925,73.0,2.0,58.0,2.0,0.0,80.0,0.0,6.180016653652572
421717.0,0.0,22924565.0,7465.0,1.0,3.0,0.0,0.9067,23.0,2.0,21.0,0.0,0.0,600.0,0.0,3.6635616461296463
135336.0,1.0,12228058.0,177422.0,0.0,1.0,0.0,0.93,85.0,5.0,47.0,11.0,0.0,112.0,0.0,4.007333185232471
439720.0,0.0,19366430.0,927611.0,1.0,1.0,0.0,0.86,614.0,3.0,475.0,27.0,0.0,168.0,0.0,4.983606621708336
170586.0,1.0,12263308.0,177422.0,0.0,1.0,0.0,0.93,85.0,5.0,47.0,11.0,0.0,112.0,0.0,4.770684624465665
252742.0,0.0,26972655.0,239436.0,1.0,1.0,0.0,0.83,250.0,5.0,228.0,1.0,0.0,210.0,0.0,4.804021044733257
392150.0,0.0,17431298.0,13893.0,0.0,0.0,1864631.0,0.0,10.0,2.0,8.0,0.0,0.0,168.0,0.0,3.4011973816621555
188683.0,1.0,6657520.0,13345.0,1.0,1.0,0.0,1.05,32.0,2.0,30.0,0.0,0.0,200.0,0.0,3.4011973816621555
272006.0,0.0,1898192.0,72008.0,1.0,1.0,0.0,0.95,80.0,1.0,74.0,1.0,0.0,151.0,0.0,2.70805020110221
258874.0,0.0,26966523.0,239436.0,1.0,1.0,0.0,0.83,250.0,5.0,228.0,1.0,0.0,210.0,0.0,3.951243718581428
9531.0,0.0,3865396.0,26961.0,1.0,1.0,0.0,0.97,16.0,1.0,9.0,3.0,0.0,83.0,0.0,3.4339872044851463
455731.0,0.0,950928.0,65530.0,0.0,0.0,34197.0,0.0,55.0,1.0,27.0,6.0,0.0,516.0,0.0,3.091042453358316
60156.0,1.0,6695568.0,749455.0,1.0,1.0,0.0,0.91,434.0,2.0,202.0,68.0,0.0,68.0,0.0,4.8283137373023015
142860.0,1.0,4659267.0,574324.0,0.0,1.0,0.0,0.93,529.0,2.0,401.0,25.0,0.0,132.0,0.0,4.110873864173311
28976.0,0.0,672361.0,49720.0,0.0,1.0,0.0,0.97,43.0,1.0,41.0,1.0,0.0,1031.0,0.0,5.58724865840025
70899.0,1.0,7614908.0,281987.0,1.0,1.0,0.0,0.98,301.0,2.0,273.0,9.0,0.0,309.0,0.0,2.4849066497880004
386575.0,1.0,1106004.0,685926.0,1.0,3.0,0.0,0.93,464.0,2.0,300.0,34.0,0.0,74.0,0.0,4.61512051684126
1778979.0,0.0,13395481.0,24901.0,0.0,3.0,0.0,0.99,31.0,3.0,25.0,2.0,0.0,78.0,0.0,4.51085950651685
689179.0,0.0,12157830.0,23144.0,0.0,1.0,0.0,1.1,19.0,1.0,15.0,0.0,0.0,80.0,0.0,5.0369526024136295
244531.0,0.0,1925667.0,72008.0,0.0,1.0,0.0,0.95,80.0,1.0,74.0,1.0,0.0,151.0,0.0,3.784189633918261
33951.0,0.0,1858647.0,7270.0,0.0,0.0,243.0,0.0,11.0,2.0,9.0,0.0,0.0,19.0,0.0,2.4849066497880004
4894.0,1.0,2255848.0,98417.0,0.0,1.0,0.0,0.93,66.0,2.0,50.0,2.0,0.0,171.0,0.0,2.70805020110221
334950.0,1.0,1054379.0,685926.0,0.0,3.0,0.0,0.93,464.0,2.0,300.0,34.0,0.0,74.0,0.0,2.302585092994046
25346.0,1.0,3683085.0,81730.0,1.0,1.0,0.0,0.82,100.0,3.0,86.0,3.0,0.0,398.0,0.0,3.044522437723423
21155.0,0.0,2983606.0,7813.0,0.0,1.0,0.0,0.93,17.0,5.0,12.0,0.0,0.0,275.0,0.0,2.772588722239781
157574.0,0.0,7975712.0,2923.0,0.0,1.0,0.0,0.99,10.0,1.0,9.0,0.0,0.0,226.0,0.0,3.8918202981106265
80889.0,0.0,1792408.0,5668.0,1.0,0.0,17747.0,0.0,4.0,1.0,3.0,0.0,0.0,64.0,0.0,4.290459441148391
274477.0,0.0,17313625.0,13893.0,0.0,0.0,1864631.0,0.0,10.0,2.0,8.0,0.0,0.0,168.0,0.0,2.8903717578961645
94058.0,0.0,24964360.0,80048.0,1.0,1.0,0.0,0.8,66.0,4.0,49.0,2.0,0.0,740.0,0.0,3.784189633918261
295848.0,0.0,1798831.0,148489.0,0.0,1.0,0.0,0.96,128.0,1.0,107.0,1.0,0.0,108.0,0.0,2.8903717578961645
444866.0,0.0,3244965.0,45917.0,0.0,3.0,0.0,1.0267,80.0,3.0,76.0,0.0,0.0,532.0,0.0,2.6390573296152584
607958.0,1.0,10839252.0,1475061.0,0.0,1.0,0.0,0.78,839.0,5.0,347.0,113.0,0.0,299.0,0.0,5.087596335232384
955901.0,0.0,19919258.0,5269.0,1.0,1.0,0.0,0.88,14.0,2.0,12.0,0.0,0.0,84.0,0.0,3.295836866004329
11624.0,1.0,1023920.0,247493.0,0.0,1.0,0.0,0.84,324.0,9.0,302.0,1.0,0.0,250.0,0.0,2.70805020110221
290421.0,0.0,26121608.0,448833.0,0.0,2.0,0.0,0.92,446.0,1.0,405.0,6.0,0.0,204.0,0.0,2.5649493574615367
43293.0,0.0,785860.0,10488.0,1.0,1.0,0.0,0.84,12.0,4.0,7.0,0.0,0.0,333.0,0.0,4.418840607796598
347657.0,1.0,6097978.0,611853.0,1.0,2.0,0.0,0.78,517.0,2.0,306.0,45.0,0.0,115.0,0.0,4.700480365792417
2164.0,1.0,8472517.0,28065.0,1.0,1.0,0.0,0.71,46.0,0.0,29.0,2.0,0.0,38.0,0.0,2.079441541679836
58112.0,1.0,436891.0,125097.0,1.0,1.0,0.0,0.84,93.0,1.0,66.0,7.0,0.0,481.0,0.0,3.295836866004329
45837.0,1.0,11401373.0,1475061.0,1.0,1.0,0.0,0.78,839.0,5.0,347.0,113.0,0.0,299.0,0.0,3.4339872044851463
111824.0,1.0,5395593.0,36273.0,0.0,0.0,270690.0,0.0,22.0,1.0,21.0,0.0,0.0,1211.0,0.0,4.442651256490317
128263.0,0.0,6243728.0,200054.0,0.0,1.0,0.0,0.84,127.0,2.0,94.0,6.0,0.0,585.0,0.0,2.19722457733622
408424.0,0.0,24015470.0,19262.0,0.0,1.0,0.0,0.99,8.0,1.0,6.0,0.0,0.0,49.0,0.0,4.605170185988092
560890.0,0.0,23002579.0,429238.0,0.0,1.0,0.0,0.76,302.0,5.0,200.0,20.0,0.0,238.0,0.0,2.995732273553991
116894.0,1.0,2990958.0,8803.0,0.0,1.0,0.0,0.92,25.0,1.0,24.0,0.0,0.0,88.0,0.0,5.407171771460119
403771.0,0.0,12708343.0,6164.0,0.0,0.0,1011774.0,0.0,11.0,1.0,9.0,0.0,0.0,67.0,0.0,3.688879454113936
209024.0,0.0,23648378.0,94653.0,0.0,1.0,0.0,0.94,76.0,4.0,63.0,2.0,0.0,70.0,0.0,3.49650756146648
45229.0,0.0,626948.0,233867.0,0.0,1.0,0.0,1.0,155.0,7.0,113.0,9.0,0.0,204.0,0.0,3.80666248977032
74493.0,1.0,3261930.0,115752.0,1.0,0.0,15018.0,0.0,48.0,1.0,18.0,5.0,0.0,173.0,0.0,4.276666119016055
190379.0,0.0,23629733.0,94653.0,1.0,1.0,0.0,0.94,76.0,4.0,63.0,2.0,0.0,70.0,0.0,3.1354942159291497
368544.0,0.0,12743570.0,6164.0,0.0,0.0,1011774.0,0.0,11.0,1.0,9.0,0.0,0.0,67.0,0.0,3.5263605246161616
141075.0,0.0,6230916.0,200054.0,1.0,1.0,0.0,0.84,127.0,2.0,94.0,6.0,0.0,585.0,0.0,3.970291913552122
149068.0,0.0,523109.0,233867.0,1.0,1.0,0.0,1.0,155.0,7.0,113.0,9.0,0.0,204.0,0.0,3.555348061489413
690777.0,1.0,10309801.0,1181213.0,1.0,1.0,0.0,0.77,966.0,3.0,683.0,63.0,0.0,298.0,0.0,3.4339872044851463
352010.0,0.0,17391158.0,13893.0,0.0,0.0,1864631.0,0.0,10.0,2.0,8.0,0.0,0.0,168.0,0.0,4.634728988229636
438137.0,0.0,658723.0,22419.0,1.0,0.0,197585.0,0.0,17.0,2.0,9.0,2.0,0.0,203.0,0.0,2.70805020110221
28724.0,1.0,1086387.0,132301.0,1.0,1.0,0.0,1.15,108.0,1.0,86.0,8.0,0.0,230.0,0.0,3.784189633918261
9841.0,0.0,1045385.0,247493.0,1.0,1.0,0.0,0.84,324.0,9.0,302.0,1.0,0.0,250.0,0.0,3.871201010907891
79361.0,1.0,751538.0,233867.0,1.0,1.0,0.0,1.0,155.0,7.0,113.0,9.0,0.0,204.0,0.0,2.833213344056216
48984.0,1.0,2789853.0,71803.0,0.0,1.0,0.0,0.82,61.0,1.0,55.0,1.0,0.0,114.0,0.0,2.772588722239781
320910.0,0.0,26152097.0,448833.0,1.0,2.0,0.0,0.92,446.0,1.0,405.0,6.0,0.0,204.0,0.0,2.8903717578961645
29377.0,0.0,3674450.0,185746.0,1.0,1.0,0.0,0.79,339.0,8.0,328.0,0.0,0.0,97.0,0.0,3.4339872044851463
3965.0,0.0,4609766.0,76056.0,1.0,1.0,0.0,1.12,77.0,1.0,70.0,1.0,0.0,174.0,0.0,3.4339872044851463
1303275.0,0.0,20229985.0,927611.0,1.0,1.0,0.0,0.86,614.0,3.0,475.0,27.0,0.0,168.0,0.0,4.189654742026425
82234.0,0.0,2369748.0,74511.0,0.0,0.0,63163.0,0.0,83.0,1.0,68.0,2.0,0.0,45.0,0.0,2.6390573296152584
249951.0,0.0,1920247.0,72008.0,1.0,1.0,0.0,0.95,80.0,1.0,74.0,1.0,0.0,151.0,0.0,2.3978952727983707
123468.0,0.0,24993770.0,80048.0,1.0,1.0,0.0,0.8,66.0,4.0,49.0,2.0,0.0,740.0,0.0,3.9318256327243257
111994.0,1.0,2986058.0,8803.0,0.0,1.0,0.0,0.92,25.0,1.0,24.0,0.0,0.0,88.0,0.0,2.5649493574615367
134900.0,0.0,5875899.0,45277.0,1.0,0.0,290065.0,0.0,37.0,3.0,26.0,2.0,0.0,1029.0,0.0,2.833213344056216
19464.0,1.0,6362070.0,394295.0,0.0,1.0,0.0,0.87,336.0,2.0,260.0,23.0,0.0,145.0,0.0,4.31748811353631
39630.0,1.0,7583639.0,281987.0,0.0,1.0,0.0,0.98,301.0,2.0,273.0,9.0,0.0,309.0,0.0,2.079441541679836
440670.0,1.0,6315054.0,749455.0,0.0,1.0,0.0,0.91,434.0,2.0,202.0,68.0,0.0,68.0,0.0,3.713572066704308
45125.0,0.0,113430.0,125719.0,0.0,1.0,0.0,0.96,126.0,2.0,113.0,5.0,0.0,245.0,0.0,3.044522437723423
364903.0,0.0,23928372.0,429238.0,1.0,1.0,0.0,0.76,302.0,5.0,200.0,20.0,0.0,238.0,0.0,1.9459101490553128
1542847.0,0.0,6267925.0,23244.0,1.0,0.0,148072.0,0.0,23.0,1.0,22.0,0.0,0.0,371.0,0.0,2.4849066497880004
10763.0,1.0,3697668.0,81730.0,1.0,1.0,0.0,0.82,100.0,3.0,86.0,3.0,0.0,398.0,0.0,2.4849066497880004
529642.0,0.0,25301545.0,448833.0,1.0,2.0,0.0,0.92,446.0,1.0,405.0,6.0,0.0,204.0,0.0,2.302585092994046
310398.0,1.0,3474076.0,5345.0,0.0,2.0,0.0,0.8,16.0,2.0,14.0,0.0,0.0,330.0,0.0,3.871201010907891
551604.0,0.0,26382791.0,448833.0,1.0,2.0,0.0,0.92,446.0,1.0,405.0,6.0,0.0,204.0,0.0,2.5649493574615367
79073.0,1.0,3372249.0,91994.0,0.0,1.0,0.0,0.89,60.0,1.0,38.0,3.0,0.0,101.0,0.0,4.852030263919617
44636.0,0.0,3195165.0,100187.0,0.0,1.0,0.0,1.06,79.0,5.0,64.0,1.0,0.0,114.0,0.0,3.044522437723423
204453.0,0.0,4929531.0,23244.0,1.0,0.0,148072.0,0.0,23.0,1.0,22.0,0.0,0.0,371.0,0.0,3.9318256327243257
295188.0,1.0,4726477.0,703986.0,1.0,1.0,0.0,0.95,476.0,2.0,230.0,55.0,0.0,139.0,0.0,4.663439094112067
840810.0,0.0,18122547.0,5269.0,0.0,1.0,0.0,0.88,14.0,2.0,12.0,0.0,0.0,84.0,0.0,3.80666248977032
255488.0,0.0,2875524.0,25167.0,0.0,0.0,1002026.0,0.0,13.0,0.0,5.0,3.0,0.0,50.0,0.0,3.555348061489413
28476.0,1.0,369388.0,110683.0,1.0,2.0,0.0,0.925,73.0,2.0,58.0,2.0,0.0,80.0,0.0,3.58351893845611
292865.0,0.0,25044106.0,22565.0,0.0,1.0,0.0,0.95,47.0,2.0,45.0,0.0,0.0,423.0,0.0,3.912023005428146
687414.0,0.0,12156065.0,23144.0,0.0,1.0,0.0,1.1,19.0,1.0,15.0,0.0,0.0,80.0,0.0,3.610917912644224
118840.0,1.0,4635247.0,574324.0,0.0,1.0,0.0,0.93,529.0,2.0,401.0,25.0,0.0,132.0,0.0,4.0943445622221
21818.0,0.0,7614305.0,111945.0,1.0,1.0,0.0,0.99,167.0,3.0,163.0,0.0,0.0,931.0,0.0,1.9459101490553128
1140676.0,0.0,20067386.0,927611.0,0.0,1.0,0.0,0.86,614.0,3.0,475.0,27.0,0.0,168.0,0.0,4.07753744390572
94908.0,0.0,19058265.0,5269.0,1.0,1.0,0.0,0.88,14.0,2.0,12.0,0.0,0.0,84.0,0.0,3.4011973816621555
20202.0,0.0,5303971.0,36273.0,0.0,0.0,270690.0,0.0,22.0,1.0,21.0,0.0,0.0,1211.0,0.0,3.044522437723423
23964.0,0.0,805189.0,10488.0,0.0,1.0,0.0,0.84,12.0,4.0,7.0,0.0,0.0,333.0,0.0,3.295836866004329
246394.0,0.0,11693604.0,1475061.0,0.0,1.0,0.0,0.78,839.0,5.0,347.0,113.0,0.0,299.0,0.0,4.543294782270004
202605.0,0.0,498732.0,49720.0,1.0,1.0,0.0,0.97,43.0,1.0,41.0,1.0,0.0,1031.0,0.0,4.330733340286331
541885.0,0.0,807926.0,16502.0,0.0,1.0,0.0,1.11,19.0,3.0,16.0,0.0,0.0,132.0,0.0,3.295836866004329
283182.0,0.0,26942215.0,239436.0,1.0,1.0,0.0,0.83,250.0,5.0,228.0,1.0,0.0,210.0,0.0,4.127134385045092
46363.0,1.0,3662068.0,81730.0,0.0,1.0,0.0,0.82,100.0,3.0,86.0,3.0,0.0,398.0,0.0,4.276666119016055
19037.0,0.0,4455391.0,36831.0,0.0,1.0,0.0,0.77,32.0,1.0,23.0,1.0,0.0,141.0,0.0,4.248495242049359
20706.0,1.0,4871467.0,70638.0,1.0,1.0,0.0,0.95,49.0,2.0,37.0,3.0,0.0,72.0,0.0,4.812184355372417
37662.0,0.0,634515.0,233867.0,1.0,1.0,0.0,1.0,155.0,7.0,113.0,9.0,0.0,204.0,0.0,2.3978952727983707
20742.0,0.0,3204034.0,164464.0,1.0,1.0,0.0,1.04,151.0,3.0,133.0,4.0,0.0,52.0,0.0,4.499809670330265
795702.0,0.0,21707146.0,7465.0,1.0,3.0,0.0,0.9067,23.0,2.0,21.0,0.0,0.0,600.0,0.0,4.430816798843313
445775.0,0.0,11914426.0,23144.0,0.0,1.0,0.0,1.1,19.0,1.0,15.0,0.0,0.0,80.0,0.0,3.912023005428146
542049.0,0.0,19468759.0,927611.0,1.0,1.0,0.0,0.86,614.0,3.0,475.0,27.0,0.0,168.0,0.0,4.454347296253507
139593.0,0.0,3303271.0,5345.0,0.0,2.0,0.0,0.8,16.0,2.0,14.0,0.0,0.0,330.0,0.0,3.8918202981106265
34486.0,0.0,652906.0,18948.0,1.0,1.0,0.0,1.05,17.0,1.0,15.0,0.0,0.0,63.0,0.0,5.66988092298052
94591.0,1.0,23468878.0,429238.0,0.0,1.0,0.0,0.76,302.0,5.0,200.0,20.0,0.0,238.0,0.0,4.477336814478207
46835.0,1.0,11813358.0,498345.0,0.0,1.0,0.0,0.75,351.0,4.0,247.0,18.0,0.0,260.0,0.0,4.204692619390966
12652.0,1.0,1022892.0,247493.0,1.0,1.0,0.0,0.84,324.0,9.0,302.0,1.0,0.0,250.0,0.0,3.912023005428146
48746.0,1.0,6391352.0,394295.0,0.0,1.0,0.0,0.87,336.0,2.0,260.0,23.0,0.0,145.0,0.0,3.713572066704308
15086.0,1.0,527492.0,111490.0,1.0,1.0,0.0,0.86,77.0,1.0,66.0,2.0,0.0,122.0,0.0,4.262679877041316
272195.0,0.0,23835664.0,429238.0,0.0,1.0,0.0,0.76,302.0,5.0,200.0,20.0,0.0,238.0,0.0,3.044522437723423
705331.0,0.0,12173982.0,23144.0,0.0,1.0,0.0,1.1,19.0,1.0,15.0,0.0,0.0,80.0,0.0,4.07753744390572
216967.0,1.0,8583116.0,42871.0,0.0,0.0,69624.0,0.0,25.0,0.0,14.0,5.0,0.0,351.0,0.0,5.564520407322694
250711.0,0.0,471297.0,22419.0,0.0,0.0,197585.0,0.0,17.0,2.0,9.0,2.0,0.0,203.0,0.0,2.772588722239781
415491.0,0.0,22918339.0,7465.0,1.0,3.0,0.0,0.9067,23.0,2.0,21.0,0.0,0.0,600.0,0.0,5.14166355650266
278724.0,1.0,6029045.0,611853.0,0.0,2.0,0.0,0.78,517.0,2.0,306.0,45.0,0.0,115.0,0.0,5.0238805208462765
734803.0,0.0,12203454.0,23144.0,0.0,1.0,0.0,1.1,19.0,1.0,15.0,0.0,0.0,80.0,0.0,2.5649493574615367
56818.0,0.0,3701891.0,185746.0,1.0,1.0,0.0,0.79,339.0,8.0,328.0,0.0,0.0,97.0,0.0,3.1780538303479458
91009.0,1.0,792346.0,49720.0,1.0,1.0,0.0,0.97,43.0,1.0,41.0,1.0,0.0,1031.0,0.0,4.23410650459726
155719.0,0.0,516458.0,233867.0,0.0,1.0,0.0,1.0,155.0,7.0,113.0,9.0,0.0,204.0,0.0,2.772588722239781
417911.0,0.0,22946765.0,74922.0,0.0,1.0,0.0,0.98,77.0,2.0,71.0,1.0,0.0,103.0,0.0,3.332204510175204
471536.0,0.0,26430962.0,6230.0,0.0,1.0,0.0,0.97,14.0,1.0,13.0,0.0,0.0,136.0,0.0,2.079441541679836
21550.0,1.0,1360880.0,42844.0,0.0,0.0,25688.0,0.0,25.0,2.0,12.0,1.0,0.0,22.0,0.0,2.8903717578961645
73667.0,0.0,8059619.0,2923.0,1.0,1.0,0.0,0.99,10.0,1.0,9.0,0.0,0.0,226.0,0.0,3.1354942159291497
1320173.0,0.0,17606537.0,927611.0,1.0,1.0,0.0,0.86,614.0,3.0,475.0,27.0,0.0,168.0,0.0,2.995732273553991
62867.0,0.0,2538548.0,12239.0,1.0,1.0,0.0,0.6,14.0,1.0,10.0,0.0,0.0,14.0,0.0,4.204692619390966
16684.0,0.0,519046.0,122207.0,1.0,3.0,0.0,0.8433,148.0,1.0,140.0,1.0,0.0,289.0,0.0,3.1354942159291497
1167000.0,0.0,21335848.0,7465.0,1.0,3.0,0.0,0.9067,23.0,2.0,21.0,0.0,0.0,600.0,0.0,3.1354942159291497
730161.0,0.0,12198812.0,23144.0,0.0,1.0,0.0,1.1,19.0,1.0,15.0,0.0,0.0,80.0,0.0,3.713572066704308
23503.0,0.0,1668650.0,24593.0,0.0,1.0,0.0,1.02,31.0,4.0,25.0,0.0,0.0,540.0,0.0,5.159055299214529
1305769.0,0.0,20232479.0,927611.0,0.0,1.0,0.0,0.86,614.0,3.0,475.0,27.0,0.0,168.0,0.0,3.6375861597263857
298160.0,0.0,26927237.0,239436.0,1.0,1.0,0.0,0.83,250.0,5.0,228.0,1.0,0.0,210.0,0.0,3.295836866004329
422785.0,0.0,18540572.0,5269.0,0.0,1.0,0.0,0.88,14.0,2.0,12.0,0.0,0.0,84.0,0.0,2.4849066497880004
55023.0,0.0,617154.0,233867.0,1.0,1.0,0.0,1.0,155.0,7.0,113.0,9.0,0.0,204.0,0.0,3.688879454113936
277386.0,0.0,12370108.0,177422.0,0.0,1.0,0.0,0.93,85.0,5.0,47.0,11.0,0.0,112.0,0.0,3.091042453358316
103583.0,1.0,6652141.0,749455.0,0.0,1.0,0.0,0.91,434.0,2.0,202.0,68.0,0.0,68.0,0.0,2.5649493574615367
188811.0,0.0,409397.0,22419.0,0.0,0.0,197585.0,0.0,17.0,2.0,9.0,2.0,0.0,203.0,0.0,2.70805020110221
184523.0,0.0,12277245.0,177422.0,0.0,1.0,0.0,0.93,85.0,5.0,47.0,11.0,0.0,112.0,0.0,3.80666248977032
17983.0,1.0,4094655.0,39210.0,1.0,1.0,0.0,0.9,42.0,3.0,35.0,0.0,0.0,108.0,0.0,3.332204510175204
300687.0,0.0,12393409.0,177422.0,1.0,1.0,0.0,0.93,85.0,5.0,47.0,11.0,0.0,112.0,0.0,4.927253685157205
100262.0,0.0,15274722.0,24901.0,1.0,3.0,0.0,0.99,31.0,3.0,25.0,2.0,0.0,78.0,0.0,4.219507705176107
185535.0,1.0,6660668.0,13345.0,0.0,1.0,0.0,1.05,32.0,2.0,30.0,0.0,0.0,200.0,0.0,4.418840607796598
240324.0,0.0,11687534.0,1475061.0,0.0,1.0,0.0,0.78,839.0,5.0,347.0,113.0,0.0,299.0,0.0,2.6390573296152584
4958.0,0.0,3860823.0,26961.0,0.0,1.0,0.0,0.97,16.0,1.0,9.0,3.0,0.0,83.0,0.0,2.9444389791664403
85822.0,0.0,6589963.0,24946.0,1.0,0.0,46680.0,0.0,18.0,0.0,8.0,2.0,0.0,73.0,0.0,3.4011973816621555
1694648.0,0.0,13479812.0,24901.0,0.0,3.0,0.0,0.99,31.0,3.0,25.0,2.0,0.0,78.0,0.0,2.70805020110221
96659.0,0.0,5183873.0,91010.0,1.0,1.0,0.0,1.06,105.0,1.0,89.0,2.0,0.0,137.0,0.0,3.555348061489413
133944.0,0.0,25004246.0,80048.0,1.0,1.0,0.0,0.8,66.0,4.0,49.0,2.0,0.0,740.0,0.0,3.367295829986474
203910.0,0.0,1132617.0,105735.0,0.0,1.0,0.0,1.05,99.0,2.0,86.0,3.0,0.0,204.0,0.0,6.161207321695077
212460.0,0.0,24657842.0,80048.0,0.0,1.0,0.0,0.8,66.0,4.0,49.0,2.0,0.0,740.0,0.0,4.997212273764115
42568.0,1.0,992976.0,247493.0,0.0,1.0,0.0,0.84,324.0,9.0,302.0,1.0,0.0,250.0,0.0,3.9318256327243257
145028.0,0.0,5227308.0,16076.0,1.0,1.0,0.0,0.87,17.0,2.0,14.0,0.0,0.0,37.0,0.0,4.276666119016055
320384.0,0.0,26151571.0,448833.0,1.0,2.0,0.0,0.92,446.0,1.0,405.0,6.0,0.0,204.0,0.0,2.9444389791664403
199131.0,0.0,5084638.0,36273.0,1.0,0.0,270690.0,0.0,22.0,1.0,21.0,0.0,0.0,1211.0,0.0,3.5263605246161616
333580.0,0.0,12426302.0,177422.0,0.0,1.0,0.0,0.93,85.0,5.0,47.0,11.0,0.0,112.0,0.0,4.663439094112067
780778.0,0.0,11079415.0,498345.0,0.0,1.0,0.0,0.75,351.0,4.0,247.0,18.0,0.0,260.0,0.0,2.4849066497880004
119587.0,0.0,25028557.0,66555.0,0.0,1.0,0.0,1.11,57.0,7.0,49.0,0.0,0.0,44.0,0.0,3.218875824868201
319676.0,0.0,2031195.0,5668.0,0.0,0.0,17747.0,0.0,4.0,1.0,3.0,0.0,0.0,64.0,0.0,2.5649493574615367
221854.0,0.0,4946932.0,23244.0,0.0,0.0,148072.0,0.0,23.0,1.0,22.0,0.0,0.0,371.0,0.0,3.555348061489413
317991.0,0.0,22820839.0,7465.0,1.0,3.0,0.0,0.9067,23.0,2.0,21.0,0.0,0.0,600.0,0.0,2.995732273553991
310990.0,0.0,22813838.0,7465.0,0.0,3.0,0.0,0.9067,23.0,2.0,21.0,0.0,0.0,600.0,0.0,3.1780538303479458
16044.0,1.0,381820.0,110683.0,0.0,2.0,0.0,0.925,73.0,2.0,58.0,2.0,0.0,80.0,0.0,2.6390573296152584
93854.0,1.0,795191.0,49720.0,0.0,1.0,0.0,0.97,43.0,1.0,41.0,1.0,0.0,1031.0,0.0,2.079441541679836
67211.0,0.0,1778730.0,5668.0,0.0,0.0,17747.0,0.0,4.0,1.0,3.0,0.0,0.0,64.0,0.0,3.8918202981106265
473226.0,0.0,17512374.0,13893.0,0.0,0.0,1864631.0,0.0,10.0,2.0,8.0,0.0,0.0,168.0,0.0,4.158883083359672
8772.0,0.0,2611264.0,25167.0,1.0,0.0,1002026.0,0.0,13.0,0.0,5.0,3.0,0.0,50.0,0.0,1.9459101490553128
111114.0,1.0,6735089.0,13345.0,0.0,1.0,0.0,1.05,32.0,2.0,30.0,0.0,0.0,200.0,0.0,5.662960480135946
319130.0,0.0,26150317.0,448833.0,1.0,2.0,0.0,0.92,446.0,1.0,405.0,6.0,0.0,204.0,0.0,3.9889840465642745
149809.0,1.0,3909015.0,293196.0,0.0,1.0,0.0,0.99,464.0,4.0,416.0,6.0,0.0,122.0,0.0,5.209486152841421
71739.0,1.0,109354.0,157128.0,1.0,1.0,0.0,1.24,88.0,4.0,59.0,3.0,0.0,94.0,0.0,2.5649493574615367
296704.0,0.0,17335852.0,13893.0,1.0,0.0,1864631.0,0.0,10.0,2.0,8.0,0.0,0.0,168.0,0.0,4.564348191467836
315541.0,1.0,6065862.0,611853.0,1.0,2.0,0.0,0.78,517.0,2.0,306.0,45.0,0.0,115.0,0.0,3.091042453358316
28766.0,0.0,497139.0,452412.0,1.0,3.0,0.0,0.8067,468.0,5.0,394.0,16.0,0.0,108.0,0.0,3.332204510175204
355085.0,1.0,6105406.0,611853.0,0.0,2.0,0.0,0.78,517.0,2.0,306.0,45.0,0.0,115.0,0.0,4.787491742782046
40941.0,0.0,631236.0,233867.0,1.0,1.0,0.0,1.0,155.0,7.0,113.0,9.0,0.0,204.0,0.0,3.4657359027997265
0.0,1.0,4267891.0,132755.0,0.0,2.0,0.0,0.825,257.0,2.0,254.0,0.0,0.0,169.0,0.0,3.784189633918261
7870.0,0.0,1043414.0,247493.0,1.0,1.0,0.0,0.84,324.0,9.0,302.0,1.0,0.0,250.0,0.0,3.091042453358316
197777.0,1.0,6557947.0,749455.0,1.0,1.0,0.0,0.91,434.0,2.0,202.0,68.0,0.0,68.0,0.0,3.737669618283368
389316.0,1.0,10008340.0,1181213.0,0.0,1.0,0.0,0.77,966.0,3.0,683.0,63.0,0.0,298.0,0.0,2.5649493574615367
640432.0,0.0,14534028.0,24901.0,0.0,3.0,0.0,0.99,31.0,3.0,25.0,2.0,0.0,78.0,0.0,5.225746673713202
47822.0,1.0,5359165.0,106004.0,1.0,1.0,0.0,0.82,84.0,2.0,62.0,3.0,0.0,151.0,0.0,4.454347296253507
84817.0,0.0,786154.0,49720.0,1.0,1.0,0.0,0.97,43.0,1.0,41.0,1.0,0.0,1031.0,0.0,3.218875824868201
63140.0,0.0,3226818.0,5345.0,1.0,2.0,0.0,0.8,16.0,2.0,14.0,0.0,0.0,330.0,0.0,3.737669618283368
58480.0,0.0,6617305.0,24946.0,0.0,0.0,46680.0,0.0,18.0,0.0,8.0,2.0,0.0,73.0,0.0,3.4657359027997265
46415.0,1.0,25101729.0,66555.0,0.0,1.0,0.0,1.11,57.0,7.0,49.0,0.0,0.0,44.0,0.0,2.302585092994046
61566.0,0.0,5222203.0,36273.0,1.0,0.0,270690.0,0.0,22.0,1.0,21.0,0.0,0.0,1211.0,0.0,2.079441541679836
487731.0,0.0,1631543.0,144288.0,1.0,0.0,20200.0,0.0,73.0,1.0,42.0,6.0,0.0,1090.0,0.0,4.969813299576001
40060.0,1.0,454943.0,125097.0,1.0,1.0,0.0,0.84,93.0,1.0,66.0,7.0,0.0,481.0,0.0,2.8903717578961645
206508.0,0.0,815978.0,33425.0,1.0,2.0,0.0,0.89,50.0,1.0,40.0,4.0,0.0,1345.0,0.0,2.302585092994046
3210.0,0.0,5286979.0,36273.0,0.0,0.0,270690.0,0.0,22.0,1.0,21.0,0.0,0.0,1211.0,0.0,3.970291913552122
38529.0,0.0,2874428.0,6403.0,1.0,0.0,1561.0,0.0,2.0,0.0,2.0,0.0,0.0,73.0,0.0,4.430816798843313
412483.0,0.0,15586943.0,24901.0,1.0,3.0,0.0,0.99,31.0,3.0,25.0,2.0,0.0,78.0,0.0,4.897839799950911
381524.0,0.0,24042370.0,19262.0,0.0,1.0,0.0,0.99,8.0,1.0,6.0,0.0,0.0,49.0,0.0,3.951243718581428
266860.0,1.0,11180350.0,1475061.0,0.0,1.0,0.0,0.78,839.0,5.0,347.0,113.0,0.0,299.0,0.0,2.3978952727983707
826762.0,0.0,18136595.0,5269.0,0.0,1.0,0.0,0.88,14.0,2.0,12.0,0.0,0.0,84.0,0.0,2.8903717578961645
704581.0,0.0,12173232.0,23144.0,0.0,1.0,0.0,1.1,19.0,1.0,15.0,0.0,0.0,80.0,0.0,4.795790545596741
737345.0,1.0,10709865.0,1475061.0,0.0,1.0,0.0,0.78,839.0,5.0,347.0,113.0,0.0,299.0,0.0,4.454347296253507
578608.0,1.0,4443057.0,703986.0,1.0,1.0,0.0,0.95,476.0,2.0,230.0,55.0,0.0,139.0,0.0,2.6390573296152584
25167.0,1.0,3214023.0,302818.0,1.0,3.0,0.0,0.94,368.0,2.0,313.0,11.0,0.0,179.0,0.0,3.555348061489413
6574.0,1.0,225697.0,47047.0,0.0,1.0,0.0,0.82,74.0,5.0,69.0,0.0,0.0,105.0,0.0,4.23410650459726
128741.0,1.0,6717462.0,13345.0,1.0,1.0,0.0,1.05,32.0,2.0,30.0,0.0,0.0,200.0,0.0,7.052721049232323
452062.0,0.0,672648.0,22419.0,0.0,0.0,197585.0,0.0,17.0,2.0,9.0,2.0,0.0,203.0,0.0,2.079441541679836
237438.0,0.0,458024.0,22419.0,0.0,0.0,197585.0,0.0,17.0,2.0,9.0,2.0,0.0,203.0,0.0,3.80666248977032
399855.0,0.0,620441.0,22419.0,0.0,0.0,197585.0,0.0,17.0,2.0,9.0,2.0,0.0,203.0,0.0,3.044522437723423
555921.0,0.0,19482631.0,927611.0,0.0,1.0,0.0,0.86,614.0,3.0,475.0,27.0,0.0,168.0,0.0,2.9444389791664403
330719.0,1.0,11116491.0,1475061.0,0.0,1.0,0.0,0.78,839.0,5.0,347.0,113.0,0.0,299.0,0.0,2.3978952727983707
214616.0,0.0,12307338.0,177422.0,1.0,1.0,0.0,0.93,85.0,5.0,47.0,11.0,0.0,112.0,0.0,2.302585092994046
23943.0,1.0,3375577.0,117737.0,0.0,3.0,0.0,1.2433,112.0,7.0,85.0,4.0,0.0,111.0,0.0,3.970291913552122
339469.0,0.0,24084425.0,19262.0,0.0,1.0,0.0,0.99,8.0,1.0,6.0,0.0,0.0,49.0,0.0,4.31748811353631
542961.0,0.0,19469671.0,927611.0,1.0,1.0,0.0,0.86,614.0,3.0,475.0,27.0,0.0,168.0,0.0,3.49650756146648
564252.0,0.0,19490962.0,927611.0,0.0,1.0,0.0,0.86,614.0,3.0,475.0,27.0,0.0,168.0,0.0,4.804021044733257
141801.0,1.0,861230.0,685926.0,1.0,3.0,0.0,0.93,464.0,2.0,300.0,34.0,0.0,74.0,0.0,3.6635616461296463
60328.0,0.0,2391654.0,74511.0,0.0,0.0,63163.0,0.0,83.0,1.0,68.0,2.0,0.0,45.0,0.0,3.6635616461296463
30957.0,1.0,750386.0,685926.0,0.0,3.0,0.0,0.93,464.0,2.0,300.0,34.0,0.0,74.0,0.0,4.736198448394496
49809.0,0.0,1761328.0,5668.0,1.0,0.0,17747.0,0.0,4.0,1.0,3.0,0.0,0.0,64.0,0.0,2.4849066497880004
5409.0,1.0,489594.0,125097.0,1.0,1.0,0.0,0.84,93.0,1.0,66.0,7.0,0.0,481.0,0.0,2.3978952727983707
104270.0,1.0,5415613.0,106004.0,0.0,1.0,0.0,0.82,84.0,2.0,62.0,3.0,0.0,151.0,0.0,3.5263605246161616
696081.0,0.0,18267276.0,5269.0,1.0,1.0,0.0,0.88,14.0,2.0,12.0,0.0,0.0,84.0,0.0,2.70805020110221
7724.0,0.0,18971081.0,5269.0,0.0,1.0,0.0,0.88,14.0,2.0,12.0,0.0,0.0,84.0,0.0,3.1780538303479458
257926.0,0.0,22062684.0,407899.0,1.0,1.0,0.0,0.82,151.0,4.0,68.0,22.0,0.0,275.0,0.0,3.828641396489095
83795.0,0.0,1492610.0,19301.0,1.0,1.0,0.0,0.83,26.0,2.0,23.0,0.0,0.0,51.0,0.0,5.6240175061873385
27386.0,0.0,3210678.0,164464.0,0.0,1.0,0.0,1.04,151.0,3.0,133.0,4.0,0.0,52.0,0.0,4.23410650459726
469543.0,1.0,4552122.0,703986.0,0.0,1.0,0.0,0.95,476.0,2.0,230.0,55.0,0.0,139.0,0.0,3.1780538303479458
224828.0,0.0,4949906.0,23244.0,1.0,0.0,148072.0,0.0,23.0,1.0,22.0,0.0,0.0,371.0,0.0,4.007333185232471
279800.0,0.0,1782783.0,148489.0,0.0,1.0,0.0,0.96,128.0,1.0,107.0,1.0,0.0,108.0,0.0,2.6390573296152584
425868.0,1.0,23137601.0,429238.0,0.0,1.0,0.0,0.76,302.0,5.0,200.0,20.0,0.0,238.0,0.0,4.143134726391533
84336.0,1.0,951208.0,247493.0,1.0,1.0,0.0,0.84,324.0,9.0,302.0,1.0,0.0,250.0,0.0,3.58351893845611
640580.0,0.0,5365658.0,23244.0,1.0,0.0,148072.0,0.0,23.0,1.0,22.0,0.0,0.0,371.0,0.0,3.218875824868201
82913.0,0.0,3094790.0,40613.0,0.0,2.0,0.0,0.855,36.0,1.0,24.0,2.0,0.0,549.0,0.0,3.295836866004329
1144882.0,0.0,14029578.0,24901.0,1.0,3.0,0.0,0.99,31.0,3.0,25.0,2.0,0.0,78.0,0.0,3.4011973816621555
265331.0,1.0,3551747.0,363512.0,0.0,1.0,0.0,0.9,362.0,2.0,318.0,16.0,0.0,360.0,0.0,6.507277712385012
34803.0,1.0,3864699.0,46371.0,1.0,1.0,0.0,0.65,27.0,1.0,16.0,4.0,0.0,240.0,0.0,2.302585092994046
350945.0,0.0,9969969.0,1181213.0,0.0,1.0,0.0,0.77,966.0,3.0,683.0,63.0,0.0,298.0,0.0,4.499809670330265
87871.0,1.0,359100.0,191707.0,0.0,1.0,0.0,1.22,127.0,1.0,91.0,8.0,0.0,480.0,0.0,2.772588722239781
191845.0,1.0,2348359.0,324575.0,0.0,1.0,0.0,0.86,338.0,4.0,280.0,18.0,0.0,217.0,0.0,3.332204510175204
64312.0,1.0,2938376.0,8803.0,1.0,1.0,0.0,0.92,25.0,1.0,24.0,0.0,0.0,88.0,0.0,4.543294782270004
651912.0,0.0,9979921.0,97567.0,0.0,1.0,0.0,0.94,60.0,2.0,43.0,3.0,0.0,141.0,0.0,2.9444389791664403
104562.0,0.0,11964755.0,498345.0,1.0,1.0,0.0,0.75,351.0,4.0,247.0,18.0,0.0,260.0,0.0,3.044522437723423
46754.0,0.0,1455569.0,19301.0,0.0,1.0,0.0,0.83,26.0,2.0,23.0,0.0,0.0,51.0,0.0,3.4011973816621555
611547.0,0.0,19574904.0,5269.0,1.0,1.0,0.0,0.88,14.0,2.0,12.0,0.0,0.0,84.0,0.0,3.044522437723423
15869.0,0.0,7093297.0,4735.0,1.0,1.0,0.0,0.85,7.0,1.0,6.0,0.0,0.0,37.0,0.0,3.7612001156935615
48270.0,0.0,4751936.0,313011.0,1.0,2.0,0.0,0.89,429.0,8.0,392.0,6.0,0.0,115.0,0.0,4.23410650459726
916777.0,0.0,19843487.0,927611.0,0.0,1.0,0.0,0.86,614.0,3.0,475.0,27.0,0.0,168.0,0.0,2.3978952727983707
233399.0,0.0,2386637.0,25167.0,0.0,0.0,1002026.0,0.0,13.0,0.0,5.0,3.0,0.0,50.0,0.0,3.295836866004329
604624.0,1.0,10842586.0,1475061.0,1.0,1.0,0.0,0.78,839.0,5.0,347.0,113.0,0.0,299.0,0.0,3.258096538021482
8970.0,0.0,24233309.0,5190.0,1.0,0.0,1266.0,0.0,17.0,1.0,16.0,0.0,0.0,167.0,0.0,3.258096538021482
22617.0,1.0,6365223.0,394295.0,1.0,1.0,0.0,0.87,336.0,2.0,260.0,23.0,0.0,145.0,0.0,2.302585092994046
78812.0,0.0,15095648.0,24901.0,0.0,3.0,0.0,0.99,31.0,3.0,25.0,2.0,0.0,78.0,0.0,3.332204510175204
387762.0,0.0,22890610.0,7465.0,1.0,3.0,0.0,0.9067,23.0,2.0,21.0,0.0,0.0,600.0,0.0,3.367295829986474
227997.0,0.0,8698350.0,28065.0,1.0,1.0,0.0,0.71,46.0,0.0,29.0,2.0,0.0,38.0,0.0,2.4849066497880004
26312.0,0.0,1477651.0,29024.0,0.0,1.0,0.0,0.91,21.0,2.0,19.0,0.0,0.0,128.0,0.0,3.828641396489095
195671.0,1.0,2344533.0,324575.0,0.0,1.0,0.0,0.86,338.0,4.0,280.0,18.0,0.0,217.0,0.0,5.241747015059643
35219.0,0.0,15209679.0,24901.0,0.0,3.0,0.0,0.99,31.0,3.0,25.0,2.0,0.0,78.0,0.0,2.3978952727983707
1158299.0,0.0,14016161.0,24901.0,0.0,3.0,0.0,0.99,31.0,3.0,25.0,2.0,0.0,78.0,0.0,2.079441541679836
7768.0,1.0,1286352.0,108267.0,1.0,1.0,0.0,1.06,79.0,1.0,60.0,6.0,0.0,92.0,0.0,2.3978952727983707
116455.0,1.0,799928.0,5083.0,1.0,1.0,0.0,0.99,9.0,2.0,7.0,0.0,0.0,54.0,0.0,1.9459101490553128
7966.0,1.0,3492486.0,36667.0,0.0,1.0,0.0,0.95,59.0,2.0,57.0,0.0,0.0,26.0,0.0,2.3978952727983707
166963.0,1.0,6679240.0,13345.0,1.0,1.0,0.0,1.05,32.0,2.0,30.0,0.0,0.0,200.0,0.0,2.6390573296152584
528550.0,0.0,26359737.0,448833.0,1.0,2.0,0.0,0.92,446.0,1.0,405.0,6.0,0.0,204.0,0.0,3.970291913552122
91189.0,0.0,2711225.0,25167.0,0.0,0.0,1002026.0,0.0,13.0,0.0,5.0,3.0,0.0,50.0,0.0,2.4849066497880004
54173.0,1.0,4838000.0,70638.0,0.0,1.0,0.0,0.95,49.0,2.0,37.0,3.0,0.0,72.0,0.0,3.218875824868201
1339178.0,0.0,13835282.0,24901.0,0.0,3.0,0.0,0.99,31.0,3.0,25.0,2.0,0.0,78.0,0.0,4.394449154672439
792887.0,1.0,10654323.0,1475061.0,1.0,1.0,0.0,0.78,839.0,5.0,347.0,113.0,0.0,299.0,0.0,2.6390573296152584
75878.0,0.0,2695914.0,25167.0,0.0,0.0,1002026.0,0.0,13.0,0.0,5.0,3.0,0.0,50.0,0.0,1.9459101490553128
8324.0,0.0,1719843.0,5668.0,0.0,0.0,17747.0,0.0,4.0,1.0,3.0,0.0,0.0,64.0,0.0,3.951243718581428
38166.0,1.0,25272060.0,111164.0,0.0,0.0,50884.0,0.0,80.0,1.0,47.0,12.0,0.0,97.0,0.0,2.3978952727983707
22385.0,1.0,4447203.0,16174.0,1.0,1.0,0.0,1.0,13.0,4.0,4.0,2.0,0.0,107.0,0.0,4.060443010546419
43378.0,1.0,4562423.0,76056.0,0.0,1.0,0.0,1.12,77.0,1.0,70.0,1.0,0.0,174.0,0.0,3.1354942159291497
5397.0,1.0,17044545.0,13893.0,0.0,0.0,1864631.0,0.0,10.0,2.0,8.0,0.0,0.0,168.0,0.0,3.4339872044851463
88056.0,0.0,6758147.0,13345.0,0.0,1.0,0.0,1.05,32.0,2.0,30.0,0.0,0.0,200.0,0.0,2.9444389791664403
6074.0,1.0,3702357.0,81730.0,1.0,1.0,0.0,0.82,100.0,3.0,86.0,3.0,0.0,398.0,0.0,3.970291913552122
335997.0,0.0,26889400.0,239436.0,1.0,1.0,0.0,0.83,250.0,5.0,228.0,1.0,0.0,210.0,0.0,2.5649493574615367
1213818.0,0.0,10541827.0,97567.0,1.0,1.0,0.0,0.94,60.0,2.0,43.0,3.0,0.0,141.0,0.0,3.367295829986474
12197.0,1.0,6354803.0,394295.0,1.0,1.0,0.0,0.87,336.0,2.0,260.0,23.0,0.0,145.0,0.0,3.1354942159291497
278690.0,1.0,18648020.0,927611.0,0.0,1.0,0.0,0.86,614.0,3.0,475.0,27.0,0.0,168.0,0.0,5.62040086571715
1002440.0,0.0,12449650.0,1475061.0,1.0,1.0,0.0,0.78,839.0,5.0,347.0,113.0,0.0,299.0,0.0,6.152732694704104
175127.0,0.0,19138484.0,5269.0,0.0,1.0,0.0,0.88,14.0,2.0,12.0,0.0,0.0,84.0,0.0,3.4339872044851463
1448734.0,0.0,13725726.0,24901.0,0.0,3.0,0.0,0.99,31.0,3.0,25.0,2.0,0.0,78.0,0.0,2.833213344056216
368483.0,0.0,1038176.0,65530.0,1.0,0.0,34197.0,0.0,55.0,1.0,27.0,6.0,0.0,516.0,0.0,3.8501476017100575
80545.0,0.0,781882.0,49720.0,1.0,1.0,0.0,0.97,43.0,1.0,41.0,1.0,0.0,1031.0,0.0,1.9459101490553128
732051.0,1.0,10715159.0,1475061.0,0.0,1.0,0.0,0.78,839.0,5.0,347.0,113.0,0.0,299.0,0.0,2.079441541679836
406737.0,0.0,627323.0,22419.0,1.0,0.0,197585.0,0.0,17.0,2.0,9.0,2.0,0.0,203.0,0.0,4.77912349311153
645988.0,0.0,26477175.0,448833.0,1.0,2.0,0.0,0.92,446.0,1.0,405.0,6.0,0.0,204.0,0.0,3.295836866004329
51118.0,1.0,21753640.0,407899.0,1.0,1.0,0.0,0.82,151.0,4.0,68.0,22.0,0.0,275.0,0.0,1.3862943611198906
333923.0,0.0,2953959.0,25167.0,0.0,0.0,1002026.0,0.0,13.0,0.0,5.0,3.0,0.0,50.0,0.0,4.04305126783455
528855.0,0.0,19455565.0,927611.0,1.0,1.0,0.0,0.86,614.0,3.0,475.0,27.0,0.0,168.0,0.0,3.6635616461296463
2276.0,0.0,1037820.0,247493.0,0.0,1.0,0.0,0.84,324.0,9.0,302.0,1.0,0.0,250.0,0.0,3.8918202981106265
23734.0,1.0,10994558.0,43655.0,0.0,9.0,0.0,0.7778,98.0,1.0,94.0,0.0,0.0,543.0,0.0,3.1780538303479458
233150.0,0.0,453736.0,22419.0,0.0,0.0,197585.0,0.0,17.0,2.0,9.0,2.0,0.0,203.0,0.0,4.143134726391533
4243.0,1.0,3309963.0,48140.0,1.0,1.0,0.0,0.86,27.0,1.0,19.0,2.0,0.0,111.0,0.0,3.044522437723423
3579.0,0.0,10309212.0,13765.0,1.0,0.0,4153.0,0.0,31.0,1.0,28.0,1.0,0.0,94.0,0.0,3.58351893845611
9855.0,0.0,2854192.0,4981.0,0.0,2.0,0.0,0.895,14.0,1.0,13.0,0.0,0.0,331.0,0.0,3.713572066704308
317331.0,0.0,19244041.0,927611.0,0.0,1.0,0.0,0.86,614.0,3.0,475.0,27.0,0.0,168.0,0.0,3.6635616461296463
293828.0,0.0,25045069.0,22565.0,1.0,1.0,0.0,0.95,47.0,2.0,45.0,0.0,0.0,423.0,0.0,3.6375861597263857
54541.0,0.0,4213350.0,132755.0,1.0,2.0,0.0,0.825,257.0,2.0,254.0,0.0,0.0,169.0,0.0,2.4849066497880004
109160.0,1.0,3136403.0,15369.0,1.0,1.0,0.0,0.71,12.0,1.0,5.0,4.0,0.0,184.0,0.0,2.4849066497880004
58315.0,0.0,6617470.0,24946.0,0.0,0.0,46680.0,0.0,18.0,0.0,8.0,2.0,0.0,73.0,0.0,3.688879454113936
10420.0,1.0,4735498.0,23244.0,0.0,0.0,148072.0,0.0,23.0,1.0,22.0,0.0,0.0,371.0,0.0,3.4011973816621555
1607.0,1.0,69516.0,37745.0,0.0,1.0,0.0,1.04,42.0,2.0,38.0,0.0,0.0,134.0,0.0,4.02535169073515
488401.0,0.0,25239642.0,22565.0,0.0,1.0,0.0,0.95,47.0,2.0,45.0,0.0,0.0,423.0,0.0,4.158883083359672
273113.0,0.0,19236470.0,5269.0,1.0,1.0,0.0,0.88,14.0,2.0,12.0,0.0,0.0,84.0,0.0,4.07753744390572
10594.0,0.0,2853453.0,4981.0,0.0,2.0,0.0,0.895,14.0,1.0,13.0,0.0,0.0,331.0,0.0,4.454347296253507
261847.0,0.0,1973366.0,5668.0,0.0,0.0,17747.0,0.0,4.0,1.0,3.0,0.0,0.0,64.0,0.0,3.332204510175204
295790.0,1.0,21508968.0,407899.0,1.0,1.0,0.0,0.82,151.0,4.0,68.0,22.0,0.0,275.0,0.0,2.5649493574615367
84682.0,0.0,1493497.0,19301.0,0.0,1.0,0.0,0.83,26.0,2.0,23.0,0.0,0.0,51.0,0.0,2.4849066497880004
39193.0,0.0,15213653.0,24901.0,0.0,3.0,0.0,0.99,31.0,3.0,25.0,2.0,0.0,78.0,0.0,4.276666119016055
16156.0,0.0,6830047.0,13345.0,1.0,1.0,0.0,1.05,32.0,2.0,30.0,0.0,0.0,200.0,0.0,4.912654885736052
13887.0,0.0,7006355.0,65768.0,1.0,1.0,0.0,1.01,58.0,1.0,55.0,0.0,0.0,54.0,0.0,2.995732273553991
8487.0,0.0,1759054.0,199872.0,0.0,1.0,0.0,0.93,260.0,2.0,234.0,8.0,0.0,99.0,0.0,5.049856007249537
35393.0,1.0,8401542.0,42871.0,1.0,0.0,69624.0,0.0,25.0,0.0,14.0,5.0,0.0,351.0,0.0,2.6390573296152584
70185.0,0.0,15244645.0,24901.0,0.0,3.0,0.0,0.99,31.0,3.0,25.0,2.0,0.0,78.0,0.0,3.970291913552122
720.0,1.0,25960146.0,6230.0,0.0,1.0,0.0,0.97,14.0,1.0,13.0,0.0,0.0,136.0,0.0,2.5649493574615367
325774.0,1.0,18600936.0,927611.0,0.0,1.0,0.0,0.86,614.0,3.0,475.0,27.0,0.0,168.0,0.0,2.995732273553991
363991.0,0.0,630032.0,16502.0,1.0,1.0,0.0,1.11,19.0,3.0,16.0,0.0,0.0,132.0,0.0,2.3978952727983707
204476.0,0.0,7928810.0,2923.0,1.0,1.0,0.0,0.99,10.0,1.0,9.0,0.0,0.0,226.0,0.0,4.204692619390966
436727.0,0.0,1046197.0,33425.0,0.0,2.0,0.0,0.89,50.0,1.0,40.0,4.0,0.0,1345.0,0.0,2.4849066497880004
662112.0,0.0,18301245.0,5269.0,0.0,1.0,0.0,0.88,14.0,2.0,12.0,0.0,0.0,84.0,0.0,3.1780538303479458
373520.0,0.0,22876368.0,7465.0,1.0,3.0,0.0,0.9067,23.0,2.0,21.0,0.0,0.0,600.0,0.0,4.0943445622221
12859.0,1.0,2238095.0,98417.0,1.0,1.0,0.0,0.93,66.0,2.0,50.0,2.0,0.0,171.0,0.0,3.970291913552122
17034.0,1.0,7549418.0,42223.0,0.0,1.0,0.0,0.92,27.0,1.0,24.0,0.0,0.0,49.0,0.0,3.1780538303479458
793709.0,1.0,10653501.0,1475061.0,1.0,1.0,0.0,0.78,839.0,5.0,347.0,113.0,0.0,299.0,0.0,2.772588722239781
138472.0,0.0,25009672.0,66555.0,0.0,1.0,0.0,1.11,57.0,7.0,49.0,0.0,0.0,44.0,0.0,3.258096538021482
464827.0,0.0,941832.0,65530.0,1.0,0.0,34197.0,0.0,55.0,1.0,27.0,6.0,0.0,516.0,0.0,3.091042453358316
24867.0,0.0,4917040.0,70638.0,1.0,1.0,0.0,0.95,49.0,2.0,37.0,3.0,0.0,72.0,0.0,5.771441123130016
818911.0,1.0,10437935.0,1181213.0,0.0,1.0,0.0,0.77,966.0,3.0,683.0,63.0,0.0,298.0,0.0,2.772588722239781
973390.0,0.0,14201070.0,24901.0,1.0,3.0,0.0,0.99,31.0,3.0,25.0,2.0,0.0,78.0,0.0,4.3694478524670215
40256.0,0.0,2823791.0,4981.0,1.0,2.0,0.0,0.895,14.0,1.0,13.0,0.0,0.0,331.0,0.0,5.0238805208462765
1451964.0,0.0,13722496.0,24901.0,0.0,3.0,0.0,0.99,31.0,3.0,25.0,2.0,0.0,78.0,0.0,3.49650756146648
662462.0,1.0,10784748.0,1475061.0,0.0,1.0,0.0,0.78,839.0,5.0,347.0,113.0,0.0,299.0,0.0,2.3978952727983707
183389.0,0.0,19146746.0,5269.0,0.0,1.0,0.0,0.88,14.0,2.0,12.0,0.0,0.0,84.0,0.0,2.70805020110221
20840.0,1.0,11426370.0,1475061.0,1.0,1.0,0.0,0.78,839.0,5.0,347.0,113.0,0.0,299.0,0.0,4.6443908991413725
57722.0,1.0,417198.0,20972.0,1.0,2.0,0.0,0.91,44.0,4.0,39.0,0.0,0.0,117.0,0.0,3.1780538303479458
387392.0,0.0,23950861.0,429238.0,0.0,1.0,0.0,0.76,302.0,5.0,200.0,20.0,0.0,238.0,0.0,3.5263605246161616
27878.0,1.0,3122651.0,100187.0,0.0,1.0,0.0,1.06,79.0,5.0,64.0,1.0,0.0,114.0,0.0,3.1354942159291497
412139.0,0.0,25163380.0,22565.0,1.0,1.0,0.0,0.95,47.0,2.0,45.0,0.0,0.0,423.0,0.0,3.4011973816621555
70499.0,1.0,3637932.0,81730.0,0.0,1.0,0.0,0.82,100.0,3.0,86.0,3.0,0.0,398.0,0.0,4.189654742026425
32705.0,1.0,2863812.0,118133.0,0.0,0.0,21729.0,0.0,103.0,0.0,69.0,7.0,0.0,19.0,0.0,2.833213344056216
188.0,1.0,11286756.0,154992.0,0.0,30.0,0.0,0.859,334.0,1.0,328.0,1.0,0.0,405.0,0.0,3.258096538021482
284401.0,0.0,26940996.0,239436.0,0.0,1.0,0.0,0.83,250.0,5.0,228.0,1.0,0.0,210.0,0.0,2.4849066497880004
251104.0,1.0,8617253.0,42871.0,0.0,0.0,69624.0,0.0,25.0,0.0,14.0,5.0,0.0,351.0,0.0,5.407171771460119
67106.0,1.0,7611115.0,281987.0,0.0,1.0,0.0,0.98,301.0,2.0,273.0,9.0,0.0,309.0,0.0,2.6390573296152584
42345.0,1.0,3666086.0,81730.0,0.0,1.0,0.0,0.82,100.0,3.0,86.0,3.0,0.0,398.0,0.0,2.302585092994046
11917.0,0.0,880540.0,5517.0,0.0,1.0,0.0,0.89,10.0,2.0,8.0,0.0,0.0,559.0,0.0,2.8903717578961645
98580.0,0.0,9229429.0,97567.0,1.0,1.0,0.0,0.94,60.0,2.0,43.0,3.0,0.0,141.0,0.0,4.852030263919617
49129.0,0.0,15223589.0,24901.0,0.0,3.0,0.0,0.99,31.0,3.0,25.0,2.0,0.0,78.0,0.0,4.343805421853684
328589.0,0.0,19255299.0,927611.0,1.0,1.0,0.0,0.86,614.0,3.0,475.0,27.0,0.0,168.0,0.0,4.02535169073515
221247.0,0.0,4946325.0,23244.0,0.0,0.0,148072.0,0.0,23.0,1.0,22.0,0.0,0.0,371.0,0.0,5.062595033026967
111223.0,0.0,11558433.0,1475061.0,1.0,1.0,0.0,0.78,839.0,5.0,347.0,113.0,0.0,299.0,0.0,3.091042453358316
103467.0,1.0,5414810.0,106004.0,0.0,1.0,0.0,0.82,84.0,2.0,62.0,3.0,0.0,151.0,0.0,4.248495242049359
237135.0,0.0,3400813.0,5345.0,0.0,2.0,0.0,0.8,16.0,2.0,14.0,0.0,0.0,330.0,0.0,5.598421958998375
460917.0,0.0,26292104.0,448833.0,0.0,2.0,0.0,0.92,446.0,1.0,405.0,6.0,0.0,204.0,0.0,3.8918202981106265
436823.0,0.0,657409.0,22419.0,1.0,0.0,197585.0,0.0,17.0,2.0,9.0,2.0,0.0,203.0,0.0,3.80666248977032
19113.0,0.0,1651868.0,23788.0,1.0,1.0,0.0,0.91,20.0,2.0,9.0,2.0,0.0,52.0,0.0,2.3978952727983707
41215.0,1.0,400691.0,20972.0,0.0,2.0,0.0,0.91,44.0,4.0,39.0,0.0,0.0,117.0,0.0,2.079441541679836
1835302.0,0.0,13282512.0,1475061.0,0.0,1.0,0.0,0.78,839.0,5.0,347.0,113.0,0.0,299.0,0.0,3.4339872044851463
236406.0,0.0,11683616.0,1475061.0,0.0,1.0,0.0,0.78,839.0,5.0,347.0,113.0,0.0,299.0,0.0,1.791759469228055
8042.0,0.0,7117208.0,4735.0,1.0,1.0,0.0,0.85,7.0,1.0,6.0,0.0,0.0,37.0,0.0,3.610917912644224
114659.0,1.0,1543982.0,362735.0,0.0,1.0,0.0,0.84,227.0,2.0,135.0,32.0,0.0,294.0,0.0,4.007333185232471
185934.0,0.0,19149291.0,5269.0,0.0,1.0,0.0,0.88,14.0,2.0,12.0,0.0,0.0,84.0,0.0,3.784189633918261
24947.0,0.0,7145986.0,5233.0,1.0,1.0,0.0,0.89,12.0,1.0,9.0,0.0,0.0,20.0,0.0,3.8501476017100575
70903.0,1.0,2321857.0,98417.0,1.0,1.0,0.0,0.93,66.0,2.0,50.0,2.0,0.0,171.0,0.0,4.8283137373023015
1579751.0,0.0,13594709.0,24901.0,0.0,3.0,0.0,0.99,31.0,3.0,25.0,2.0,0.0,78.0,0.0,4.430816798843313
534358.0,0.0,26644558.0,199148.0,1.0,1.0,0.0,0.9,221.0,2.0,210.0,2.0,0.0,170.0,0.0,3.044522437723423
88252.0,1.0,2962316.0,8803.0,1.0,1.0,0.0,0.92,25.0,1.0,24.0,0.0,0.0,88.0,0.0,4.060443010546419
854726.0,0.0,21648122.0,7465.0,0.0,3.0,0.0,0.9067,23.0,2.0,21.0,0.0,0.0,600.0,0.0,3.091042453358316
103533.0,0.0,24083132.0,44883.0,1.0,1.0,0.0,1.05,30.0,1.0,22.0,2.0,0.0,74.0,0.0,2.995732273553991
467952.0,1.0,6218273.0,611853.0,1.0,2.0,0.0,0.78,517.0,2.0,306.0,45.0,0.0,115.0,0.0,2.5649493574615367
425777.0,0.0,23998117.0,19262.0,1.0,1.0,0.0,0.99,8.0,1.0,6.0,0.0,0.0,49.0,0.0,2.9444389791664403
105185.0,1.0,930359.0,247493.0,0.0,1.0,0.0,0.84,324.0,9.0,302.0,1.0,0.0,250.0,0.0,2.3978952727983707
38054.0,1.0,997490.0,247493.0,0.0,1.0,0.0,0.84,324.0,9.0,302.0,1.0,0.0,250.0,0.0,3.258096538021482
187421.0,0.0,3351099.0,5345.0,0.0,2.0,0.0,0.8,16.0,2.0,14.0,0.0,0.0,330.0,0.0,5.44673737166631
530568.0,0.0,26648348.0,199148.0,1.0,1.0,0.0,0.9,221.0,2.0,210.0,2.0,0.0,170.0,0.0,4.663439094112067
34918.0,1.0,3864584.0,46371.0,1.0,1.0,0.0,0.65,27.0,1.0,16.0,4.0,0.0,240.0,0.0,4.262679877041316
872509.0,0.0,21630339.0,7465.0,0.0,3.0,0.0,0.9067,23.0,2.0,21.0,0.0,0.0,600.0,0.0,4.969813299576001
670653.0,0.0,14503807.0,24901.0,0.0,3.0,0.0,0.99,31.0,3.0,25.0,2.0,0.0,78.0,0.0,2.079441541679836
35207.0,1.0,7253442.0,394619.0,0.0,1.0,0.0,0.89,385.0,1.0,334.0,8.0,0.0,170.0,0.0,3.737669618283368
21631.0,0.0,5500554.0,9999.0,1.0,0.0,200389.0,0.0,7.0,1.0,6.0,0.0,0.0,42.0,0.0,3.9318256327243257
256542.0,0.0,23820011.0,429238.0,1.0,1.0,0.0,0.76,302.0,5.0,200.0,20.0,0.0,238.0,0.0,3.218875824868201
426905.0,1.0,23136564.0,429238.0,0.0,1.0,0.0,0.76,302.0,5.0,200.0,20.0,0.0,238.0,0.0,3.49650756146648
666950.0,1.0,10780260.0,1475061.0,0.0,1.0,0.0,0.78,839.0,5.0,347.0,113.0,0.0,299.0,0.0,2.19722457733622
868401.0,0.0,22673159.0,407899.0,0.0,1.0,0.0,0.82,151.0,4.0,68.0,22.0,0.0,275.0,0.0,3.610917912644224
25286.0,0.0,694143.0,685926.0,0.0,3.0,0.0,0.93,464.0,2.0,300.0,34.0,0.0,74.0,0.0,2.9444389791664403
422463.0,0.0,22227221.0,407899.0,0.0,1.0,0.0,0.82,151.0,4.0,68.0,22.0,0.0,275.0,0.0,4.672828834461906
130589.0,1.0,6715614.0,13345.0,0.0,1.0,0.0,1.05,32.0,2.0,30.0,0.0,0.0,200.0,0.0,3.332204510175204
115013.0,1.0,12207735.0,177422.0,0.0,1.0,0.0,0.93,85.0,5.0,47.0,11.0,0.0,112.0,0.0,4.406719247264253
781355.0,0.0,12250006.0,23144.0,0.0,1.0,0.0,1.1,19.0,1.0,15.0,0.0,0.0,80.0,0.0,4.718498871295094
98525.0,1.0,2972589.0,8803.0,0.0,1.0,0.0,0.92,25.0,1.0,24.0,0.0,0.0,88.0,0.0,4.158883083359672
182167.0,0.0,19145524.0,5269.0,0.0,1.0,0.0,0.88,14.0,2.0,12.0,0.0,0.0,84.0,0.0,2.70805020110221
41517.0,1.0,742854.0,49720.0,0.0,1.0,0.0,0.97,43.0,1.0,41.0,1.0,0.0,1031.0,0.0,4.787491742782046
641391.0,1.0,4363721.0,26488.0,0.0,1.0,0.0,1.18,26.0,1.0,24.0,0.0,0.0,72.0,0.0,4.465908118654584
30844.0,1.0,1252161.0,54796.0,1.0,1.0,0.0,0.84,57.0,2.0,44.0,3.0,0.0,357.0,0.0,2.19722457733622
69468.0,1.0,2521450.0,74511.0,0.0,0.0,63163.0,0.0,83.0,1.0,68.0,2.0,0.0,45.0,0.0,3.6375861597263857
80942.0,1.0,954602.0,247493.0,0.0,1.0,0.0,0.84,324.0,9.0,302.0,1.0,0.0,250.0,0.0,3.091042453358316
28692.0,1.0,6371298.0,394295.0,1.0,1.0,0.0,0.87,336.0,2.0,260.0,23.0,0.0,145.0,0.0,4.110873864173311
1201.0,0.0,1201.0,88574.0,0.0,3.0,0.0,0.8933,135.0,2.0,124.0,3.0,4.0,335.0,1.0,3.1780538303479458
443202.0,1.0,11004008.0,1475061.0,0.0,1.0,0.0,0.78,839.0,5.0,347.0,113.0,0.0,299.0,0.0,3.688879454113936
48637.0,1.0,430611.0,75433.0,0.0,1.0,0.0,0.81,82.0,2.0,60.0,4.0,0.0,29.0,0.0,3.610917912644224
6575.0,1.0,726004.0,685926.0,0.0,3.0,0.0,0.93,464.0,2.0,300.0,34.0,0.0,74.0,0.0,2.302585092994046
67977.0,1.0,2519959.0,74511.0,0.0,0.0,63163.0,0.0,83.0,1.0,68.0,2.0,0.0,45.0,0.0,3.258096538021482
709138.0,0.0,12177789.0,23144.0,0.0,1.0,0.0,1.1,19.0,1.0,15.0,0.0,0.0,80.0,0.0,3.4011973816621555
12204.0,1.0,6980264.0,65768.0,1.0,1.0,0.0,1.01,58.0,1.0,55.0,0.0,0.0,54.0,0.0,3.295836866004329
21119.0,1.0,3218071.0,302818.0,0.0,3.0,0.0,0.94,368.0,2.0,313.0,11.0,0.0,179.0,0.0,3.6635616461296463
1438490.0,0.0,20365200.0,927611.0,1.0,1.0,0.0,0.86,614.0,3.0,475.0,27.0,0.0,168.0,0.0,1.9459101490553128
396235.0,1.0,11463958.0,498345.0,0.0,1.0,0.0,0.75,351.0,4.0,247.0,18.0,0.0,260.0,0.0,3.258096538021482
344782.0,0.0,23908251.0,429238.0,0.0,1.0,0.0,0.76,302.0,5.0,200.0,20.0,0.0,238.0,0.0,3.6375861597263857
2211.0,0.0,25150355.0,66555.0,0.0,1.0,0.0,1.11,57.0,7.0,49.0,0.0,0.0,44.0,0.0,3.044522437723423
2576.0,0.0,24239703.0,5190.0,0.0,0.0,1266.0,0.0,17.0,1.0,16.0,0.0,0.0,167.0,0.0,4.941642422609304
91152.0,0.0,5941108.0,51808.0,1.0,1.0,0.0,1.05,47.0,1.0,39.0,0.0,0.0,123.0,0.0,3.6375861597263857
103875.0,0.0,6742328.0,13345.0,0.0,1.0,0.0,1.05,32.0,2.0,30.0,0.0,0.0,200.0,0.0,3.4011973816621555
417515.0,0.0,17456663.0,13893.0,1.0,0.0,1864631.0,0.0,10.0,2.0,8.0,0.0,0.0,168.0,0.0,3.912023005428146
1910450.0,0.0,6635528.0,23244.0,1.0,0.0,148072.0,0.0,23.0,1.0,22.0,0.0,0.0,371.0,0.0,2.079441541679836
52998.0,0.0,2548417.0,12239.0,1.0,1.0,0.0,0.6,14.0,1.0,10.0,0.0,0.0,14.0,0.0,2.833213344056216
21794.0,0.0,3838872.0,363512.0,0.0,1.0,0.0,0.9,362.0,2.0,318.0,16.0,0.0,360.0,0.0,2.4849066497880004
480985.0,0.0,1090455.0,33425.0,1.0,2.0,0.0,0.89,50.0,1.0,40.0,4.0,0.0,1345.0,0.0,3.1780538303479458
108620.0,1.0,2648196.0,441422.0,1.0,1.0,0.0,0.82,400.0,1.0,332.0,13.0,0.0,86.0,0.0,3.044522437723423
35412.0,1.0,1715155.0,199872.0,0.0,1.0,0.0,0.93,260.0,2.0,234.0,8.0,0.0,99.0,0.0,3.091042453358316
26177.0,0.0,693252.0,685926.0,1.0,3.0,0.0,0.93,464.0,2.0,300.0,34.0,0.0,74.0,0.0,3.1780538303479458
309185.0,0.0,23872654.0,429238.0,0.0,1.0,0.0,0.76,302.0,5.0,200.0,20.0,0.0,238.0,0.0,3.871201010907891
124422.0,1.0,990689.0,132301.0,0.0,1.0,0.0,1.15,108.0,1.0,86.0,8.0,0.0,230.0,0.0,4.624972813284271
806707.0,0.0,19770064.0,5269.0,1.0,1.0,0.0,0.88,14.0,2.0,12.0,0.0,0.0,84.0,0.0,2.4849066497880004
95787.0,0.0,3951652.0,26961.0,1.0,1.0,0.0,0.97,16.0,1.0,9.0,3.0,0.0,83.0,0.0,4.110873864173311
135353.0,0.0,25012791.0,66555.0,0.0,1.0,0.0,1.11,57.0,7.0,49.0,0.0,0.0,44.0,0.0,5.241747015059643
234171.0,0.0,8704524.0,28065.0,1.0,1.0,0.0,0.71,46.0,0.0,29.0,2.0,0.0,38.0,0.0,3.367295829986474
1273567.0,0.0,17653143.0,927611.0,1.0,1.0,0.0,0.86,614.0,3.0,475.0,27.0,0.0,168.0,0.0,3.091042453358316
53575.0,0.0,3217253.0,5345.0,0.0,2.0,0.0,0.8,16.0,2.0,14.0,0.0,0.0,330.0,0.0,2.8903717578961645
27225.0,0.0,2592811.0,25167.0,0.0,0.0,1002026.0,0.0,13.0,0.0,5.0,3.0,0.0,50.0,0.0,3.80666248977032
77549.0,1.0,115164.0,157128.0,0.0,1.0,0.0,1.24,88.0,4.0,59.0,3.0,0.0,94.0,0.0,2.833213344056216
11461.0,1.0,4594340.0,76056.0,0.0,1.0,0.0,1.12,77.0,1.0,70.0,1.0,0.0,174.0,0.0,4.727387818712341
703630.0,0.0,12172281.0,23144.0,0.0,1.0,0.0,1.1,19.0,1.0,15.0,0.0,0.0,80.0,0.0,2.302585092994046
829231.0,0.0,21673617.0,7465.0,0.0,3.0,0.0,0.9067,23.0,2.0,21.0,0.0,0.0,600.0,0.0,4.852030263919617
47374.0,0.0,4751040.0,313011.0,0.0,2.0,0.0,0.89,429.0,8.0,392.0,6.0,0.0,115.0,0.0,4.189654742026425
14350.0,0.0,3197642.0,164464.0,0.0,1.0,0.0,1.04,151.0,3.0,133.0,4.0,0.0,52.0,0.0,3.9889840465642745
426801.0,0.0,3046837.0,25167.0,0.0,0.0,1002026.0,0.0,13.0,0.0,5.0,3.0,0.0,50.0,0.0,2.70805020110221
126276.0,0.0,2746312.0,25167.0,0.0,0.0,1002026.0,0.0,13.0,0.0,5.0,3.0,0.0,50.0,0.0,4.007333185232471
186598.0,1.0,457827.0,191707.0,1.0,1.0,0.0,1.22,127.0,1.0,91.0,8.0,0.0,480.0,0.0,4.499809670330265
287634.0,1.0,6037955.0,611853.0,1.0,2.0,0.0,0.78,517.0,2.0,306.0,45.0,0.0,115.0,0.0,5.926926025970411
285204.0,0.0,1996723.0,5668.0,1.0,0.0,17747.0,0.0,4.0,1.0,3.0,0.0,0.0,64.0,0.0,4.955827057601261
416042.0,0.0,22918890.0,7465.0,1.0,3.0,0.0,0.9067,23.0,2.0,21.0,0.0,0.0,600.0,0.0,3.951243718581428
120643.0,1.0,7582014.0,158239.0,0.0,1.0,0.0,0.89,240.0,2.0,234.0,0.0,0.0,1086.0,0.0,4.574710978503383
48467.0,0.0,780686.0,10488.0,1.0,1.0,0.0,0.84,12.0,4.0,7.0,0.0,0.0,333.0,0.0,2.302585092994046
59595.0,1.0,11387615.0,1475061.0,1.0,1.0,0.0,0.78,839.0,5.0,347.0,113.0,0.0,299.0,0.0,2.302585092994046
200808.0,0.0,3525611.0,145173.0,1.0,3.0,0.0,0.9033,132.0,7.0,99.0,6.0,0.0,122.0,0.0,6.54534966033442
766620.0,0.0,19729977.0,5269.0,1.0,1.0,0.0,0.88,14.0,2.0,12.0,0.0,0.0,84.0,0.0,4.204692619390966
367579.0,0.0,26198766.0,448833.0,1.0,2.0,0.0,0.92,446.0,1.0,405.0,6.0,0.0,204.0,0.0,5.616771097666572
794874.0,0.0,12242084.0,1475061.0,1.0,1.0,0.0,0.78,839.0,5.0,347.0,113.0,0.0,299.0,0.0,5.043425116919247
1608.0,1.0,3706823.0,81730.0,1.0,1.0,0.0,0.82,100.0,3.0,86.0,3.0,0.0,398.0,0.0,3.4657359027997265
26430.0,0.0,2574985.0,12239.0,0.0,1.0,0.0,0.6,14.0,1.0,10.0,0.0,0.0,14.0,0.0,5.123963979403259
137431.0,0.0,25968618.0,448833.0,0.0,2.0,0.0,0.92,446.0,1.0,405.0,6.0,0.0,204.0,0.0,3.044522437723423
191956.0,0.0,23631310.0,94653.0,1.0,1.0,0.0,0.94,76.0,4.0,63.0,2.0,0.0,70.0,0.0,3.6375861597263857
25231.0,1.0,1725336.0,199872.0,0.0,1.0,0.0,0.93,260.0,2.0,234.0,8.0,0.0,99.0,0.0,4.07753744390572
10238.0,0.0,242509.0,47047.0,0.0,1.0,0.0,0.82,74.0,5.0,69.0,0.0,0.0,105.0,0.0,6.22455842927536
69890.0,0.0,4198001.0,132755.0,1.0,2.0,0.0,0.825,257.0,2.0,254.0,0.0,0.0,169.0,0.0,4.343805421853684
256608.0,0.0,17295756.0,13893.0,0.0,0.0,1864631.0,0.0,10.0,2.0,8.0,0.0,0.0,168.0,0.0,3.091042453358316
151419.0,1.0,852756.0,49720.0,0.0,1.0,0.0,0.97,43.0,1.0,41.0,1.0,0.0,1031.0,0.0,2.3978952727983707
727210.0,0.0,12195861.0,23144.0,0.0,1.0,0.0,1.1,19.0,1.0,15.0,0.0,0.0,80.0,0.0,3.713572066704308
47904.0,0.0,25879091.0,448833.0,0.0,2.0,0.0,0.92,446.0,1.0,405.0,6.0,0.0,204.0,0.0,6.093569770045136
83508.0,1.0,2957572.0,8803.0,1.0,1.0,0.0,0.92,25.0,1.0,24.0,0.0,0.0,88.0,0.0,2.5649493574615367
256817.0,0.0,25008058.0,22565.0,1.0,1.0,0.0,0.95,47.0,2.0,45.0,0.0,0.0,423.0,0.0,2.3978952727983707
267563.0,0.0,26957834.0,239436.0,0.0,1.0,0.0,0.83,250.0,5.0,228.0,1.0,0.0,210.0,0.0,3.49650756146648
92538.0,1.0,12185260.0,177422.0,1.0,1.0,0.0,0.93,85.0,5.0,47.0,11.0,0.0,112.0,0.0,5.402677381872279
147596.0,1.0,4664003.0,574324.0,0.0,1.0,0.0,0.93,529.0,2.0,401.0,25.0,0.0,132.0,0.0,3.951243718581428
16608.0,1.0,3166684.0,164464.0,0.0,1.0,0.0,1.04,151.0,3.0,133.0,4.0,0.0,52.0,0.0,1.9459101490553128
485955.0,0.0,26317142.0,448833.0,1.0,2.0,0.0,0.92,446.0,1.0,405.0,6.0,0.0,204.0,0.0,3.49650756146648
68095.0,0.0,19031452.0,5269.0,0.0,1.0,0.0,0.88,14.0,2.0,12.0,0.0,0.0,84.0,0.0,2.5649493574615367
45661.0,0.0,2818386.0,4981.0,1.0,2.0,0.0,0.895,14.0,1.0,13.0,0.0,0.0,331.0,0.0,3.555348061489413
305521.0,0.0,19232231.0,927611.0,1.0,1.0,0.0,0.86,614.0,3.0,475.0,27.0,0.0,168.0,0.0,3.4657359027997265
65413.0,1.0,6408019.0,394295.0,0.0,1.0,0.0,0.87,336.0,2.0,260.0,23.0,0.0,145.0,0.0,2.4849066497880004
666845.0,1.0,10285869.0,1181213.0,0.0,1.0,0.0,0.77,966.0,3.0,683.0,63.0,0.0,298.0,0.0,5.579729825986222
1770191.0,0.0,13217401.0,1475061.0,1.0,1.0,0.0,0.78,839.0,5.0,347.0,113.0,0.0,299.0,0.0,3.091042453358316
169825.0,0.0,2789861.0,25167.0,0.0,0.0,1002026.0,0.0,13.0,0.0,5.0,3.0,0.0,50.0,0.0,2.9444389791664403
477490.0,0.0,22282248.0,407899.0,1.0,1.0,0.0,0.82,151.0,4.0,68.0,22.0,0.0,275.0,0.0,3.828641396489095
13043.0,1.0,3323380.0,115752.0,0.0,0.0,15018.0,0.0,48.0,1.0,18.0,5.0,0.0,173.0,0.0,2.302585092994046
69055.0,1.0,2943119.0,8803.0,0.0,1.0,0.0,0.92,25.0,1.0,24.0,0.0,0.0,88.0,0.0,2.3978952727983707
107155.0,0.0,6739048.0,13345.0,1.0,1.0,0.0,1.05,32.0,2.0,30.0,0.0,0.0,200.0,0.0,3.332204510175204
11999.0,1.0,10350363.0,58915.0,0.0,3.0,0.0,0.93,60.0,3.0,43.0,3.0,0.0,399.0,0.0,2.772588722239781
1441325.0,0.0,17485385.0,927611.0,0.0,1.0,0.0,0.86,614.0,3.0,475.0,27.0,0.0,168.0,0.0,4.77912349311153
210321.0,0.0,4935399.0,23244.0,0.0,0.0,148072.0,0.0,23.0,1.0,22.0,0.0,0.0,371.0,0.0,4.430816798843313
31258.0,1.0,2038793.0,104921.0,1.0,1.0,0.0,0.82,80.0,3.0,65.0,1.0,0.0,244.0,0.0,3.1780538303479458
332838.0,0.0,23896307.0,429238.0,0.0,1.0,0.0,0.76,302.0,5.0,200.0,20.0,0.0,238.0,0.0,3.091042453358316
10477.0,0.0,25158621.0,66555.0,1.0,1.0,0.0,1.11,57.0,7.0,49.0,0.0,0.0,44.0,0.0,2.3978952727983707
43111.0,1.0,451892.0,125097.0,1.0,1.0,0.0,0.84,93.0,1.0,66.0,7.0,0.0,481.0,0.0,2.833213344056216
65738.0,1.0,7609747.0,281987.0,0.0,1.0,0.0,0.98,301.0,2.0,273.0,9.0,0.0,309.0,0.0,3.58351893845611
298248.0,1.0,3461926.0,5345.0,0.0,2.0,0.0,0.8,16.0,2.0,14.0,0.0,0.0,330.0,0.0,6.740519359606223
60236.0,0.0,8776947.0,3021.0,1.0,1.0,0.0,0.71,0.0,0.0,0.0,0.0,0.0,15.0,0.0,2.079441541679836
1732355.0,0.0,13442105.0,24901.0,0.0,3.0,0.0,0.99,31.0,3.0,25.0,2.0,0.0,78.0,0.0,4.219507705176107
654442.0,0.0,12123093.0,23144.0,0.0,1.0,0.0,1.1,19.0,1.0,15.0,0.0,0.0,80.0,0.0,4.406719247264253
295379.0,0.0,25046620.0,22565.0,1.0,1.0,0.0,0.95,47.0,2.0,45.0,0.0,0.0,423.0,0.0,3.258096538021482
215145.0,0.0,12307867.0,177422.0,1.0,1.0,0.0,0.93,85.0,5.0,47.0,11.0,0.0,112.0,0.0,2.6390573296152584
91894.0,1.0,793231.0,49720.0,0.0,1.0,0.0,0.97,43.0,1.0,41.0,1.0,0.0,1031.0,0.0,2.079441541679836
49518.0,0.0,3979777.0,24238.0,0.0,1.0,0.0,0.84,36.0,1.0,35.0,0.0,0.0,40.0,0.0,4.02535169073515
33550.0,0.0,7204483.0,5233.0,1.0,1.0,0.0,0.89,12.0,1.0,9.0,0.0,0.0,20.0,0.0,4.127134385045092
1306466.0,0.0,17620244.0,927611.0,1.0,1.0,0.0,0.86,614.0,3.0,475.0,27.0,0.0,168.0,0.0,3.8918202981106265
69558.0,0.0,25078586.0,66555.0,1.0,1.0,0.0,1.11,57.0,7.0,49.0,0.0,0.0,44.0,0.0,3.5263605246161616
93391.0,0.0,2713427.0,25167.0,0.0,0.0,1002026.0,0.0,13.0,0.0,5.0,3.0,0.0,50.0,0.0,2.079441541679836
21847.0,0.0,3026303.0,3118.0,1.0,1.0,0.0,0.92,3.0,2.0,0.0,0.0,0.0,36.0,0.0,2.5649493574615367
916933.0,0.0,1703103.0,25167.0,1.0,0.0,1002026.0,0.0,13.0,0.0,5.0,3.0,0.0,50.0,0.0,2.079441541679836
99015.0,0.0,1283415.0,42844.0,0.0,0.0,25688.0,0.0,25.0,2.0,12.0,1.0,0.0,22.0,0.0,3.784189633918261
672579.0,0.0,10000588.0,97567.0,0.0,1.0,0.0,0.94,60.0,2.0,43.0,3.0,0.0,141.0,0.0,4.48863636973214
206225.0,0.0,3369903.0,5345.0,1.0,2.0,0.0,0.8,16.0,2.0,14.0,0.0,0.0,330.0,0.0,3.091042453358316
409803.0,0.0,23973272.0,429238.0,1.0,1.0,0.0,0.76,302.0,5.0,200.0,20.0,0.0,238.0,0.0,3.4339872044851463
101769.0,0.0,2721805.0,25167.0,1.0,0.0,1002026.0,0.0,13.0,0.0,5.0,3.0,0.0,50.0,0.0,2.5649493574615367
107408.0,1.0,6479399.0,200054.0,0.0,1.0,0.0,0.84,127.0,2.0,94.0,6.0,0.0,585.0,0.0,3.555348061489413
21863.0,1.0,4538270.0,574324.0,1.0,1.0,0.0,0.93,529.0,2.0,401.0,25.0,0.0,132.0,0.0,4.691347882229144
22258.0,1.0,59873.0,157128.0,0.0,1.0,0.0,1.24,88.0,4.0,59.0,3.0,0.0,94.0,0.0,4.110873864173311
9234.0,1.0,10353128.0,58915.0,0.0,3.0,0.0,0.93,60.0,3.0,43.0,3.0,0.0,399.0,0.0,2.70805020110221
347444.0,0.0,12440166.0,177422.0,1.0,1.0,0.0,0.93,85.0,5.0,47.0,11.0,0.0,112.0,0.0,3.258096538021482
97559.0,1.0,2659257.0,441422.0,1.0,1.0,0.0,0.82,400.0,1.0,332.0,13.0,0.0,86.0,0.0,3.367295829986474
98816.0,0.0,22404032.0,7465.0,1.0,3.0,0.0,0.9067,23.0,2.0,21.0,0.0,0.0,600.0,0.0,4.454347296253507
188952.0,0.0,409538.0,22419.0,0.0,0.0,197585.0,0.0,17.0,2.0,9.0,2.0,0.0,203.0,0.0,2.6390573296152584
120534.0,1.0,391763.0,191707.0,0.0,1.0,0.0,1.22,127.0,1.0,91.0,8.0,0.0,480.0,0.0,2.3978952727983707
56090.0,1.0,438913.0,125097.0,1.0,1.0,0.0,0.84,93.0,1.0,66.0,7.0,0.0,481.0,0.0,4.3694478524670215
60100.0,0.0,3243392.0,164464.0,1.0,1.0,0.0,1.04,151.0,3.0,133.0,4.0,0.0,52.0,0.0,5.68697535633982
55842.0,1.0,25254384.0,111164.0,0.0,0.0,50884.0,0.0,80.0,1.0,47.0,12.0,0.0,97.0,0.0,3.332204510175204
309399.0,0.0,23872868.0,429238.0,0.0,1.0,0.0,0.76,302.0,5.0,200.0,20.0,0.0,238.0,0.0,1.9459101490553128
202281.0,0.0,499056.0,49720.0,0.0,1.0,0.0,0.97,43.0,1.0,41.0,1.0,0.0,1031.0,0.0,3.4339872044851463
53812.0,1.0,725989.0,233867.0,1.0,1.0,0.0,1.0,155.0,7.0,113.0,9.0,0.0,204.0,0.0,2.772588722239781
9994.0,0.0,2884058.0,8803.0,0.0,1.0,0.0,0.92,25.0,1.0,24.0,0.0,0.0,88.0,0.0,3.871201010907891
877144.0,0.0,22686325.0,429238.0,1.0,1.0,0.0,0.76,302.0,5.0,200.0,20.0,0.0,238.0,0.0,2.70805020110221
44685.0,0.0,1453500.0,19301.0,1.0,1.0,0.0,0.83,26.0,2.0,23.0,0.0,0.0,51.0,0.0,3.58351893845611
32045.0,1.0,704222.0,233867.0,1.0,1.0,0.0,1.0,155.0,7.0,113.0,9.0,0.0,204.0,0.0,1.791759469228055
8420.0,1.0,25139724.0,66555.0,1.0,1.0,0.0,1.11,57.0,7.0,49.0,0.0,0.0,44.0,0.0,3.4339872044851463
114414.0,0.0,2505622.0,25167.0,0.0,0.0,1002026.0,0.0,13.0,0.0,5.0,3.0,0.0,50.0,0.0,2.5649493574615367
207813.0,1.0,2332391.0,324575.0,1.0,1.0,0.0,0.86,338.0,4.0,280.0,18.0,0.0,217.0,0.0,3.951243718581428
481143.0,1.0,6231464.0,611853.0,1.0,2.0,0.0,0.78,517.0,2.0,306.0,45.0,0.0,115.0,0.0,3.1354942159291497
6035.0,0.0,17033113.0,13893.0,0.0,0.0,1864631.0,0.0,10.0,2.0,8.0,0.0,0.0,168.0,0.0,4.718498871295094
569612.0,0.0,17608760.0,13893.0,1.0,0.0,1864631.0,0.0,10.0,2.0,8.0,0.0,0.0,168.0,0.0,3.9889840465642745
138327.0,0.0,2031871.0,72008.0,0.0,1.0,0.0,0.95,80.0,1.0,74.0,1.0,0.0,151.0,0.0,2.19722457733622
87197.0,1.0,2961261.0,8803.0,1.0,1.0,0.0,0.92,25.0,1.0,24.0,0.0,0.0,88.0,0.0,2.70805020110221
499761.0,0.0,4222091.0,26488.0,0.0,1.0,0.0,1.18,26.0,1.0,24.0,0.0,0.0,72.0,0.0,2.3978952727983707
422217.0,0.0,7930309.0,111945.0,1.0,1.0,0.0,0.99,167.0,3.0,163.0,0.0,0.0,931.0,0.0,2.3978952727983707
267295.0,1.0,6017616.0,611853.0,1.0,2.0,0.0,0.78,517.0,2.0,306.0,45.0,0.0,115.0,0.0,2.6390573296152584
728857.0,0.0,12197508.0,23144.0,0.0,1.0,0.0,1.1,19.0,1.0,15.0,0.0,0.0,80.0,0.0,4.143134726391533
417190.0,0.0,22920038.0,7465.0,1.0,3.0,0.0,0.9067,23.0,2.0,21.0,0.0,0.0,600.0,0.0,6.327936783729195
488140.0,0.0,12580862.0,177422.0,1.0,1.0,0.0,0.93,85.0,5.0,47.0,11.0,0.0,112.0,0.0,2.6390573296152584
1196107.0,0.0,1416693.0,22419.0,0.0,0.0,197585.0,0.0,17.0,2.0,9.0,2.0,0.0,203.0,0.0,3.951243718581428
878352.0,0.0,1098938.0,22419.0,0.0,0.0,197585.0,0.0,17.0,2.0,9.0,2.0,0.0,203.0,0.0,2.6390573296152584
16239.0,0.0,591799.0,63863.0,0.0,0.0,43104.0,0.0,49.0,1.0,42.0,1.0,0.0,260.0,0.0,3.9889840465642745
5589.0,0.0,7103577.0,4735.0,0.0,1.0,0.0,0.85,7.0,1.0,6.0,0.0,0.0,37.0,0.0,4.442651256490317
24991.0,1.0,2731825.0,441422.0,1.0,1.0,0.0,0.82,400.0,1.0,332.0,13.0,0.0,86.0,0.0,3.737669618283368
84221.0,1.0,392330.0,2285.0,0.0,1.0,0.0,0.76,6.0,1.0,3.0,0.0,0.0,34.0,0.0,2.079441541679836
468165.0,1.0,6218486.0,611853.0,0.0,2.0,0.0,0.78,517.0,2.0,306.0,45.0,0.0,115.0,0.0,3.044522437723423
606829.0,0.0,21896019.0,7465.0,0.0,3.0,0.0,0.9067,23.0,2.0,21.0,0.0,0.0,600.0,0.0,3.1780538303479458
906402.0,0.0,1126988.0,22419.0,0.0,0.0,197585.0,0.0,17.0,2.0,9.0,2.0,0.0,203.0,0.0,2.079441541679836
727887.0,0.0,12196538.0,23144.0,0.0,1.0,0.0,1.1,19.0,1.0,15.0,0.0,0.0,80.0,0.0,3.4339872044851463
706917.0,1.0,10325941.0,1181213.0,1.0,1.0,0.0,0.77,966.0,3.0,683.0,63.0,0.0,298.0,0.0,4.290459441148391
31703.0,1.0,11415507.0,1475061.0,0.0,1.0,0.0,0.78,839.0,5.0,347.0,113.0,0.0,299.0,0.0,3.295836866004329
15903.0,0.0,4452257.0,36831.0,1.0,1.0,0.0,0.77,32.0,1.0,23.0,1.0,0.0,141.0,0.0,5.267858159063328
269182.0,1.0,3547896.0,363512.0,1.0,1.0,0.0,0.9,362.0,2.0,318.0,16.0,0.0,360.0,0.0,5.480638923341991
17262.0,1.0,380602.0,110683.0,1.0,2.0,0.0,0.925,73.0,2.0,58.0,2.0,0.0,80.0,0.0,3.8501476017100575
17379.0,1.0,4418975.0,36831.0,0.0,1.0,0.0,0.77,32.0,1.0,23.0,1.0,0.0,141.0,0.0,2.19722457733622
523728.0,0.0,26701669.0,239436.0,0.0,1.0,0.0,0.83,250.0,5.0,228.0,1.0,0.0,210.0,0.0,2.5649493574615367
965630.0,0.0,1654406.0,25167.0,0.0,0.0,1002026.0,0.0,13.0,0.0,5.0,3.0,0.0,50.0,0.0,2.833213344056216
6100.0,1.0,3683731.0,45917.0,0.0,3.0,0.0,1.0267,80.0,3.0,76.0,0.0,0.0,532.0,0.0,5.030437921392435
399468.0,0.0,12712646.0,6164.0,1.0,0.0,1011774.0,0.0,11.0,1.0,9.0,0.0,0.0,67.0,0.0,3.1780538303479458
621738.0,0.0,12090389.0,23144.0,0.0,1.0,0.0,1.1,19.0,1.0,15.0,0.0,0.0,80.0,0.0,3.828641396489095
51045.0,1.0,2503027.0,74511.0,0.0,0.0,63163.0,0.0,83.0,1.0,68.0,2.0,0.0,45.0,0.0,4.110873864173311
705259.0,0.0,18258098.0,5269.0,0.0,1.0,0.0,0.88,14.0,2.0,12.0,0.0,0.0,84.0,0.0,3.688879454113936
1242643.0,0.0,10617550.0,498345.0,0.0,1.0,0.0,0.75,351.0,4.0,247.0,18.0,0.0,260.0,0.0,3.332204510175204
66137.0,1.0,331727.0,110683.0,1.0,2.0,0.0,0.925,73.0,2.0,58.0,2.0,0.0,80.0,0.0,3.332204510175204
53859.0,1.0,6425850.0,200054.0,0.0,1.0,0.0,0.84,127.0,2.0,94.0,6.0,0.0,585.0,0.0,3.610917912644224
702174.0,0.0,12170825.0,23144.0,0.0,1.0,0.0,1.1,19.0,1.0,15.0,0.0,0.0,80.0,0.0,3.49650756146648
417814.0,0.0,22920662.0,7465.0,1.0,3.0,0.0,0.9067,23.0,2.0,21.0,0.0,0.0,600.0,0.0,4.343805421853684
51888.0,0.0,1460703.0,19301.0,1.0,1.0,0.0,0.83,26.0,2.0,23.0,0.0,0.0,51.0,0.0,2.302585092994046
656711.0,0.0,1963325.0,25167.0,0.0,0.0,1002026.0,0.0,13.0,0.0,5.0,3.0,0.0,50.0,0.0,3.258096538021482
502491.0,0.0,3122527.0,25167.0,0.0,0.0,1002026.0,0.0,13.0,0.0,5.0,3.0,0.0,50.0,0.0,3.044522437723423
69032.0,1.0,325521.0,194799.0,0.0,1.0,0.0,0.82,226.0,5.0,209.0,0.0,0.0,844.0,0.0,2.9444389791664403
203801.0,0.0,4928879.0,23244.0,0.0,0.0,148072.0,0.0,23.0,1.0,22.0,0.0,0.0,371.0,0.0,3.367295829986474
112018.0,1.0,6734185.0,13345.0,0.0,1.0,0.0,1.05,32.0,2.0,30.0,0.0,0.0,200.0,0.0,2.772588722239781
971812.0,0.0,21531036.0,7465.0,1.0,3.0,0.0,0.9067,23.0,2.0,21.0,0.0,0.0,600.0,0.0,3.9889840465642745
1161407.0,0.0,17765303.0,927611.0,0.0,1.0,0.0,0.86,614.0,3.0,475.0,27.0,0.0,168.0,0.0,4.007333185232471
433314.0,0.0,699355.0,16502.0,1.0,1.0,0.0,1.11,19.0,3.0,16.0,0.0,0.0,132.0,0.0,2.19722457733622
33421.0,0.0,1537384.0,29024.0,1.0,1.0,0.0,0.91,21.0,2.0,19.0,0.0,0.0,128.0,0.0,3.295836866004329
89186.0,1.0,7331481.0,130198.0,0.0,1.0,0.0,0.91,152.0,4.0,142.0,0.0,0.0,177.0,0.0,3.1354942159291497
7487.0,1.0,1275518.0,54796.0,0.0,1.0,0.0,0.84,57.0,2.0,44.0,3.0,0.0,357.0,0.0,4.3694478524670215
30306.0,0.0,3213598.0,164464.0,0.0,1.0,0.0,1.04,151.0,3.0,133.0,4.0,0.0,52.0,0.0,3.688879454113936
303247.0,0.0,26134434.0,448833.0,1.0,2.0,0.0,0.92,446.0,1.0,405.0,6.0,0.0,204.0,0.0,2.4849066497880004
150260.0,0.0,9177749.0,97567.0,1.0,1.0,0.0,0.94,60.0,2.0,43.0,3.0,0.0,141.0,0.0,4.672828834461906
31369.0,0.0,649789.0,18948.0,0.0,1.0,0.0,1.05,17.0,1.0,15.0,0.0,0.0,63.0,0.0,2.8903717578961645
19082.0,1.0,92817.0,10976.0,1.0,2.0,0.0,0.875,20.0,0.0,17.0,1.0,0.0,26.0,0.0,4.727387818712341
290460.0,0.0,2001979.0,5668.0,1.0,0.0,17747.0,0.0,4.0,1.0,3.0,0.0,0.0,64.0,0.0,2.302585092994046
112465.0,0.0,3613954.0,145173.0,0.0,3.0,0.0,0.9033,132.0,7.0,99.0,6.0,0.0,122.0,0.0,4.23410650459726
31324.0,0.0,8501677.0,28065.0,1.0,1.0,0.0,0.71,46.0,0.0,29.0,2.0,0.0,38.0,0.0,2.5649493574615367
113180.0,0.0,15061280.0,24901.0,0.0,3.0,0.0,0.99,31.0,3.0,25.0,2.0,0.0,78.0,0.0,2.6390573296152584
105356.0,0.0,6740847.0,13345.0,0.0,1.0,0.0,1.05,32.0,2.0,30.0,0.0,0.0,200.0,0.0,3.091042453358316
282527.0,0.0,26241953.0,6230.0,0.0,1.0,0.0,0.97,14.0,1.0,13.0,0.0,0.0,136.0,0.0,2.19722457733622
24542.0,1.0,373322.0,110683.0,1.0,2.0,0.0,0.925,73.0,2.0,58.0,2.0,0.0,80.0,0.0,1.791759469228055
38463.0,1.0,710640.0,233867.0,1.0,1.0,0.0,1.0,155.0,7.0,113.0,9.0,0.0,204.0,0.0,2.4849066497880004
52546.0,0.0,619631.0,233867.0,0.0,1.0,0.0,1.0,155.0,7.0,113.0,9.0,0.0,204.0,0.0,3.295836866004329
57843.0,0.0,3208372.0,100187.0,1.0,1.0,0.0,1.06,79.0,5.0,64.0,1.0,0.0,114.0,0.0,2.8903717578961645
120264.0,0.0,3992374.0,39210.0,1.0,1.0,0.0,0.9,42.0,3.0,35.0,0.0,0.0,108.0,0.0,5.017279836814924
294552.0,0.0,23858021.0,429238.0,0.0,1.0,0.0,0.76,302.0,5.0,200.0,20.0,0.0,238.0,0.0,3.6375861597263857
39067.0,1.0,3275139.0,48140.0,1.0,1.0,0.0,0.86,27.0,1.0,19.0,2.0,0.0,111.0,0.0,3.58351893845611
6521.0,1.0,4885652.0,70638.0,0.0,1.0,0.0,0.95,49.0,2.0,37.0,3.0,0.0,72.0,0.0,3.367295829986474
225701.0,1.0,2274277.0,7419.0,0.0,1.0,0.0,0.96,14.0,1.0,13.0,0.0,0.0,59.0,0.0,4.406719247264253
184079.0,1.0,4700486.0,574324.0,0.0,1.0,0.0,0.93,529.0,2.0,401.0,25.0,0.0,132.0,0.0,3.58351893845611
269924.0,0.0,26955473.0,239436.0,0.0,1.0,0.0,0.83,250.0,5.0,228.0,1.0,0.0,210.0,0.0,2.5649493574615367
45741.0,1.0,1704826.0,199872.0,1.0,1.0,0.0,0.93,260.0,2.0,234.0,8.0,0.0,99.0,0.0,4.23410650459726
7493.0,1.0,1286077.0,108267.0,1.0,1.0,0.0,1.06,79.0,1.0,60.0,6.0,0.0,92.0,0.0,3.258096538021482
1651792.0,0.0,6376870.0,23244.0,1.0,0.0,148072.0,0.0,23.0,1.0,22.0,0.0,0.0,371.0,0.0,3.9889840465642745
50538.0,0.0,4754204.0,313011.0,0.0,2.0,0.0,0.89,429.0,8.0,392.0,6.0,0.0,115.0,0.0,3.218875824868201
275374.0,0.0,26106561.0,448833.0,0.0,2.0,0.0,0.92,446.0,1.0,405.0,6.0,0.0,204.0,0.0,2.6390573296152584
675807.0,0.0,22887662.0,429238.0,1.0,1.0,0.0,0.76,302.0,5.0,200.0,20.0,0.0,238.0,0.0,2.079441541679836
88793.0,1.0,2339747.0,98417.0,0.0,1.0,0.0,0.93,66.0,2.0,50.0,2.0,0.0,171.0,0.0,2.079441541679836
899.0,0.0,7108267.0,4735.0,0.0,1.0,0.0,0.85,7.0,1.0,6.0,0.0,0.0,37.0,0.0,2.19722457733622
439493.0,0.0,3250338.0,45917.0,0.0,3.0,0.0,1.0267,80.0,3.0,76.0,0.0,0.0,532.0,0.0,3.5263605246161616
62827.0,0.0,3377091.0,50222.0,1.0,1.0,0.0,0.86,29.0,1.0,26.0,1.0,0.0,62.0,0.0,3.7612001156935615
22630.0,1.0,445743.0,452412.0,0.0,3.0,0.0,0.8067,468.0,5.0,394.0,16.0,0.0,108.0,0.0,2.19722457733622
415919.0,0.0,22918767.0,7465.0,1.0,3.0,0.0,0.9067,23.0,2.0,21.0,0.0,0.0,600.0,0.0,3.044522437723423
113451.0,1.0,384680.0,191707.0,0.0,1.0,0.0,1.22,127.0,1.0,91.0,8.0,0.0,480.0,0.0,3.6635616461296463
52401.0,1.0,6395007.0,394295.0,0.0,1.0,0.0,0.87,336.0,2.0,260.0,23.0,0.0,145.0,0.0,4.584967478670572
1080342.0,0.0,17846368.0,927611.0,1.0,1.0,0.0,0.86,614.0,3.0,475.0,27.0,0.0,168.0,0.0,4.859812404361672
349716.0,1.0,6100037.0,611853.0,0.0,2.0,0.0,0.78,517.0,2.0,306.0,45.0,0.0,115.0,0.0,2.3978952727983707
241307.0,0.0,8711660.0,28065.0,0.0,1.0,0.0,0.71,46.0,0.0,29.0,2.0,0.0,38.0,0.0,4.8283137373023015
396847.0,0.0,12715267.0,6164.0,1.0,0.0,1011774.0,0.0,11.0,1.0,9.0,0.0,0.0,67.0,0.0,4.859812404361672
123959.0,1.0,567333.0,691653.0,0.0,3.0,0.0,0.8,504.0,7.0,285.0,41.0,0.0,275.0,0.0,4.691347882229144
28928.0,0.0,1353657.0,6378.0,1.0,0.0,42494.0,0.0,9.0,1.0,7.0,0.0,0.0,56.0,0.0,4.770684624465665
17064.0,1.0,736493.0,685926.0,0.0,3.0,0.0,0.93,464.0,2.0,300.0,34.0,0.0,74.0,0.0,4.927253685157205
10161.0,0.0,11028453.0,43655.0,1.0,9.0,0.0,0.7778,98.0,1.0,94.0,0.0,0.0,543.0,0.0,3.555348061489413
344685.0,0.0,7980808.0,111945.0,1.0,1.0,0.0,0.99,167.0,3.0,163.0,0.0,0.0,931.0,0.0,4.330733340286331
144636.0,0.0,527541.0,233867.0,1.0,1.0,0.0,1.0,155.0,7.0,113.0,9.0,0.0,204.0,0.0,3.332204510175204
180966.0,0.0,520371.0,49720.0,1.0,1.0,0.0,0.97,43.0,1.0,41.0,1.0,0.0,1031.0,0.0,2.4849066497880004
17541.0,0.0,22485307.0,7465.0,0.0,3.0,0.0,0.9067,23.0,2.0,21.0,0.0,0.0,600.0,0.0,5.159055299214529
26709.0,1.0,4865464.0,70638.0,0.0,1.0,0.0,0.95,49.0,2.0,37.0,3.0,0.0,72.0,0.0,3.970291913552122
65879.0,0.0,4202012.0,132755.0,1.0,2.0,0.0,0.825,257.0,2.0,254.0,0.0,0.0,169.0,0.0,3.555348061489413
868635.0,1.0,10487659.0,1181213.0,1.0,1.0,0.0,0.77,966.0,3.0,683.0,63.0,0.0,298.0,0.0,3.828641396489095
31414.0,0.0,1472549.0,29024.0,0.0,1.0,0.0,0.91,21.0,2.0,19.0,0.0,0.0,128.0,0.0,6.018593214496234
10651.0,0.0,8143937.0,2923.0,0.0,1.0,0.0,0.99,10.0,1.0,9.0,0.0,0.0,226.0,0.0,2.772588722239781
64122.0,0.0,3250084.0,48140.0,0.0,1.0,0.0,0.86,27.0,1.0,19.0,2.0,0.0,111.0,0.0,2.995732273553991
392270.0,0.0,7960256.0,111945.0,1.0,1.0,0.0,0.99,167.0,3.0,163.0,0.0,0.0,931.0,0.0,3.4011973816621555
16467.0,1.0,95432.0,10976.0,1.0,2.0,0.0,0.875,20.0,0.0,17.0,1.0,0.0,26.0,0.0,3.80666248977032
385601.0,0.0,24038293.0,19262.0,1.0,1.0,0.0,0.99,8.0,1.0,6.0,0.0,0.0,49.0,0.0,4.382026634673881
481432.0,0.0,1090902.0,33425.0,1.0,2.0,0.0,0.89,50.0,1.0,40.0,4.0,0.0,1345.0,0.0,4.0943445622221
966410.0,0.0,14208050.0,24901.0,0.0,3.0,0.0,0.99,31.0,3.0,25.0,2.0,0.0,78.0,0.0,4.61512051684126
1833546.0,0.0,13340914.0,24901.0,0.0,3.0,0.0,0.99,31.0,3.0,25.0,2.0,0.0,78.0,0.0,3.367295829986474
115243.0,1.0,11744950.0,498345.0,1.0,1.0,0.0,0.75,351.0,4.0,247.0,18.0,0.0,260.0,0.0,3.737669618283368
65614.0,0.0,19028971.0,5269.0,1.0,1.0,0.0,0.88,14.0,2.0,12.0,0.0,0.0,84.0,0.0,2.5649493574615367
5167.0,1.0,2879231.0,8803.0,0.0,1.0,0.0,0.92,25.0,1.0,24.0,0.0,0.0,88.0,0.0,5.198497031265826
329831.0,0.0,2041350.0,5668.0,1.0,0.0,17747.0,0.0,4.0,1.0,3.0,0.0,0.0,64.0,0.0,3.044522437723423
124683.0,0.0,660413.0,122207.0,1.0,3.0,0.0,0.8433,148.0,1.0,140.0,1.0,0.0,289.0,0.0,2.9444389791664403
552999.0,0.0,26512425.0,6230.0,0.0,1.0,0.0,0.97,14.0,1.0,13.0,0.0,0.0,136.0,0.0,2.4849066497880004
11562.0,1.0,5272207.0,36273.0,0.0,0.0,270690.0,0.0,22.0,1.0,21.0,0.0,0.0,1211.0,0.0,2.6390573296152584
116549.0,0.0,4841627.0,23244.0,0.0,0.0,148072.0,0.0,23.0,1.0,22.0,0.0,0.0,371.0,0.0,3.1780538303479458
540236.0,0.0,5265314.0,23244.0,0.0,0.0,148072.0,0.0,23.0,1.0,22.0,0.0,0.0,371.0,0.0,2.5649493574615367
246015.0,1.0,11201195.0,1475061.0,0.0,1.0,0.0,0.78,839.0,5.0,347.0,113.0,0.0,299.0,0.0,4.343805421853684
464969.0,1.0,6215290.0,611853.0,1.0,2.0,0.0,0.78,517.0,2.0,306.0,45.0,0.0,115.0,0.0,3.4657359027997265
71517.0,0.0,5212252.0,36273.0,0.0,0.0,270690.0,0.0,22.0,1.0,21.0,0.0,0.0,1211.0,0.0,4.30406509320417
82491.0,1.0,2674325.0,441422.0,0.0,1.0,0.0,0.82,400.0,1.0,332.0,13.0,0.0,86.0,0.0,3.4657359027997265
405822.0,0.0,23969291.0,429238.0,0.0,1.0,0.0,0.76,302.0,5.0,200.0,20.0,0.0,238.0,0.0,4.248495242049359
1433476.0,0.0,20360186.0,927611.0,0.0,1.0,0.0,0.86,614.0,3.0,475.0,27.0,0.0,168.0,0.0,3.1780538303479458
833198.0,0.0,8003985.0,3021.0,1.0,1.0,0.0,0.71,0.0,0.0,0.0,0.0,0.0,15.0,0.0,4.02535169073515
142285.0,0.0,5889975.0,51808.0,0.0,1.0,0.0,1.05,47.0,1.0,39.0,0.0,0.0,123.0,0.0,2.6390573296152584
30986.0,1.0,448262.0,75433.0,0.0,1.0,0.0,0.81,82.0,2.0,60.0,4.0,0.0,29.0,0.0,2.772588722239781
14720.0,1.0,11450457.0,24249.0,1.0,1.0,0.0,1.02,25.0,1.0,22.0,0.0,0.0,155.0,0.0,3.8501476017100575
29882.0,0.0,15144578.0,24901.0,1.0,3.0,0.0,0.99,31.0,3.0,25.0,2.0,0.0,78.0,0.0,2.6390573296152584
86671.0,1.0,7082046.0,117874.0,0.0,1.0,0.0,0.87,98.0,1.0,75.0,6.0,0.0,201.0,0.0,3.1354942159291497
13970.0,1.0,1401735.0,30826.0,0.0,1.0,0.0,0.77,26.0,1.0,19.0,0.0,0.0,41.0,0.0,4.143134726391533
189760.0,0.0,3912090.0,26488.0,1.0,1.0,0.0,1.18,26.0,1.0,24.0,0.0,0.0,72.0,0.0,2.5649493574615367
737055.0,0.0,18226302.0,5269.0,1.0,1.0,0.0,0.88,14.0,2.0,12.0,0.0,0.0,84.0,0.0,3.091042453358316
130718.0,0.0,2750754.0,25167.0,1.0,0.0,1002026.0,0.0,13.0,0.0,5.0,3.0,0.0,50.0,0.0,2.6390573296152584
69208.0,0.0,25078936.0,66555.0,1.0,1.0,0.0,1.11,57.0,7.0,49.0,0.0,0.0,44.0,0.0,2.995732273553991
286778.0,0.0,23077898.0,74922.0,0.0,1.0,0.0,0.98,77.0,2.0,71.0,1.0,0.0,103.0,0.0,2.70805020110221
90800.0,1.0,23472669.0,429238.0,0.0,1.0,0.0,0.76,302.0,5.0,200.0,20.0,0.0,238.0,0.0,3.7612001156935615
98564.0,1.0,2658252.0,441422.0,0.0,1.0,0.0,0.82,400.0,1.0,332.0,13.0,0.0,86.0,0.0,3.044522437723423
329970.0,0.0,1789304.0,144288.0,0.0,0.0,20200.0,0.0,73.0,1.0,42.0,6.0,0.0,1090.0,0.0,1.3862943611198906
134488.0,1.0,6711715.0,13345.0,1.0,1.0,0.0,1.05,32.0,2.0,30.0,0.0,0.0,200.0,0.0,2.19722457733622
622683.0,0.0,19586040.0,5269.0,1.0,1.0,0.0,0.88,14.0,2.0,12.0,0.0,0.0,84.0,0.0,4.584967478670572
29411.0,1.0,11359614.0,37867.0,1.0,1.0,0.0,0.83,39.0,1.0,34.0,1.0,0.0,57.0,0.0,4.330733340286331
801576.0,0.0,8035607.0,3021.0,1.0,1.0,0.0,0.71,0.0,0.0,0.0,0.0,0.0,15.0,0.0,4.219507705176107
1171708.0,0.0,5896786.0,23244.0,0.0,0.0,148072.0,0.0,23.0,1.0,22.0,0.0,0.0,371.0,0.0,3.218875824868201
19501.0,0.0,2581914.0,12239.0,1.0,1.0,0.0,0.6,14.0,1.0,10.0,0.0,0.0,14.0,0.0,5.66988092298052
1311662.0,0.0,20238372.0,927611.0,0.0,1.0,0.0,0.86,614.0,3.0,475.0,27.0,0.0,168.0,0.0,4.442651256490317
26215.0,0.0,7517794.0,281987.0,0.0,1.0,0.0,0.98,301.0,2.0,273.0,9.0,0.0,309.0,0.0,2.079441541679836
249873.0,0.0,470459.0,22419.0,0.0,0.0,197585.0,0.0,17.0,2.0,9.0,2.0,0.0,203.0,0.0,2.9444389791664403
623230.0,0.0,11236963.0,498345.0,1.0,1.0,0.0,0.75,351.0,4.0,247.0,18.0,0.0,260.0,0.0,3.6635616461296463
2054.0,1.0,8241920.0,32804.0,0.0,1.0,0.0,0.74,30.0,1.0,20.0,3.0,0.0,62.0,0.0,3.9889840465642745
248784.0,0.0,17287932.0,13893.0,0.0,0.0,1864631.0,0.0,10.0,2.0,8.0,0.0,0.0,168.0,0.0,3.4339872044851463
605856.0,0.0,21896992.0,7465.0,0.0,3.0,0.0,0.9067,23.0,2.0,21.0,0.0,0.0,600.0,0.0,3.295836866004329
89118.0,1.0,946426.0,247493.0,0.0,1.0,0.0,0.84,324.0,9.0,302.0,1.0,0.0,250.0,0.0,3.58351893845611
110757.0,0.0,25037387.0,66555.0,0.0,1.0,0.0,1.11,57.0,7.0,49.0,0.0,0.0,44.0,0.0,5.117993812416755
169219.0,1.0,3647859.0,363512.0,0.0,1.0,0.0,0.9,362.0,2.0,318.0,16.0,0.0,360.0,0.0,4.718498871295094
220342.0,0.0,440928.0,22419.0,0.0,0.0,197585.0,0.0,17.0,2.0,9.0,2.0,0.0,203.0,0.0,4.465908118654584
82645.0,1.0,2674171.0,441422.0,1.0,1.0,0.0,0.82,400.0,1.0,332.0,13.0,0.0,86.0,0.0,2.19722457733622
107251.0,0.0,24977553.0,80048.0,1.0,1.0,0.0,0.8,66.0,4.0,49.0,2.0,0.0,740.0,0.0,2.079441541679836
25874.0,0.0,1918472.0,7270.0,0.0,0.0,243.0,0.0,11.0,2.0,9.0,0.0,0.0,19.0,0.0,2.3978952727983707
59333.0,0.0,3242625.0,164464.0,0.0,1.0,0.0,1.04,151.0,3.0,133.0,4.0,0.0,52.0,0.0,3.80666248977032
322074.0,0.0,1084585.0,65530.0,1.0,0.0,34197.0,0.0,55.0,1.0,27.0,6.0,0.0,516.0,0.0,3.4011973816621555
68744.0,1.0,2942808.0,8803.0,0.0,1.0,0.0,0.92,25.0,1.0,24.0,0.0,0.0,88.0,0.0,2.5649493574615367
31393.0,0.0,1976142.0,104921.0,0.0,1.0,0.0,0.82,80.0,3.0,65.0,1.0,0.0,244.0,0.0,3.737669618283368
57899.0,1.0,421349.0,75433.0,1.0,1.0,0.0,0.81,82.0,2.0,60.0,4.0,0.0,29.0,0.0,4.394449154672439
2918.0,1.0,112081.0,23008.0,1.0,1.0,0.0,1.01,15.0,1.0,12.0,0.0,0.0,101.0,0.0,1.9459101490553128
219049.0,1.0,7069600.0,394619.0,1.0,1.0,0.0,0.89,385.0,1.0,334.0,8.0,0.0,170.0,0.0,3.9889840465642745
20327.0,1.0,6362933.0,394295.0,0.0,1.0,0.0,0.87,336.0,2.0,260.0,23.0,0.0,145.0,0.0,3.091042453358316
200783.0,1.0,2339421.0,324575.0,1.0,1.0,0.0,0.86,338.0,4.0,280.0,18.0,0.0,217.0,0.0,2.4849066497880004
302097.0,0.0,24544376.0,5190.0,0.0,0.0,1266.0,0.0,17.0,1.0,16.0,0.0,0.0,167.0,0.0,4.262679877041316
92693.0,0.0,1508915.0,51594.0,0.0,0.0,37936.0,0.0,80.0,2.0,78.0,0.0,0.0,225.0,0.0,5.5909869805108565
6271.0,1.0,43886.0,157128.0,1.0,1.0,0.0,1.24,88.0,4.0,59.0,3.0,0.0,94.0,0.0,5.214935757608986
453658.0,0.0,19417015.0,5269.0,1.0,1.0,0.0,0.88,14.0,2.0,12.0,0.0,0.0,84.0,0.0,3.332204510175204
784019.0,0.0,12252670.0,23144.0,0.0,1.0,0.0,1.1,19.0,1.0,15.0,0.0,0.0,80.0,0.0,2.4849066497880004
59969.0,1.0,6402575.0,394295.0,1.0,1.0,0.0,0.87,336.0,2.0,260.0,23.0,0.0,145.0,0.0,3.218875824868201
62875.0,1.0,432128.0,125097.0,0.0,1.0,0.0,0.84,93.0,1.0,66.0,7.0,0.0,481.0,0.0,4.7535901911063645
557593.0,0.0,26388780.0,448833.0,1.0,2.0,0.0,0.92,446.0,1.0,405.0,6.0,0.0,204.0,0.0,2.833213344056216
341257.0,0.0,22844105.0,7465.0,0.0,3.0,0.0,0.9067,23.0,2.0,21.0,0.0,0.0,600.0,0.0,4.060443010546419
232141.0,0.0,452727.0,22419.0,0.0,0.0,197585.0,0.0,17.0,2.0,9.0,2.0,0.0,203.0,0.0,3.258096538021482
43514.0,1.0,25266712.0,111164.0,0.0,0.0,50884.0,0.0,80.0,1.0,47.0,12.0,0.0,97.0,0.0,3.218875824868201
19714.0,1.0,24443728.0,28449.0,0.0,1.0,0.0,0.99,11.0,1.0,7.0,2.0,0.0,68.0,0.0,2.079441541679836
14626.0,0.0,1907224.0,7270.0,1.0,0.0,243.0,0.0,11.0,2.0,9.0,0.0,0.0,19.0,0.0,2.302585092994046
59663.0,1.0,3757415.0,363512.0,1.0,1.0,0.0,0.9,362.0,2.0,318.0,16.0,0.0,360.0,0.0,3.8501476017100575
425616.0,0.0,23989085.0,429238.0,0.0,1.0,0.0,0.76,302.0,5.0,200.0,20.0,0.0,238.0,0.0,3.1780538303479458
50856.0,0.0,4943029.0,70638.0,1.0,1.0,0.0,0.95,49.0,2.0,37.0,3.0,0.0,72.0,0.0,1.9459101490553128
520347.0,0.0,26705050.0,239436.0,0.0,1.0,0.0,0.83,250.0,5.0,228.0,1.0,0.0,210.0,0.0,3.295836866004329
777076.0,0.0,12245727.0,23144.0,0.0,1.0,0.0,1.1,19.0,1.0,15.0,0.0,0.0,80.0,0.0,2.19722457733622
26491.0,0.0,645686.0,233867.0,1.0,1.0,0.0,1.0,155.0,7.0,113.0,9.0,0.0,204.0,0.0,2.6390573296152584
36867.0,0.0,6883070.0,13345.0,0.0,1.0,0.0,1.05,32.0,2.0,30.0,0.0,0.0,200.0,0.0,2.302585092994046
370357.0,0.0,1036302.0,65530.0,0.0,0.0,34197.0,0.0,55.0,1.0,27.0,6.0,0.0,516.0,0.0,3.610917912644224
57285.0,1.0,3651146.0,81730.0,0.0,1.0,0.0,0.82,100.0,3.0,86.0,3.0,0.0,398.0,0.0,4.02535169073515
47398.0,0.0,2572638.0,25167.0,0.0,0.0,1002026.0,0.0,13.0,0.0,5.0,3.0,0.0,50.0,0.0,4.532599493153256
26680.0,1.0,8443673.0,28065.0,0.0,1.0,0.0,0.71,46.0,0.0,29.0,2.0,0.0,38.0,0.0,2.70805020110221
302880.0,0.0,24545159.0,5190.0,0.0,0.0,1266.0,0.0,17.0,1.0,16.0,0.0,0.0,167.0,0.0,2.995732273553991
280061.0,0.0,25031302.0,22565.0,0.0,1.0,0.0,0.95,47.0,2.0,45.0,0.0,0.0,423.0,0.0,2.772588722239781
17319.0,0.0,3167848.0,100187.0,1.0,1.0,0.0,1.06,79.0,5.0,64.0,1.0,0.0,114.0,0.0,4.189654742026425
345450.0,1.0,8711599.0,42871.0,0.0,0.0,69624.0,0.0,25.0,0.0,14.0,5.0,0.0,351.0,0.0,3.218875824868201
84733.0,0.0,2085465.0,72008.0,0.0,1.0,0.0,0.95,80.0,1.0,74.0,1.0,0.0,151.0,0.0,3.044522437723423
1006601.0,0.0,21496247.0,7465.0,0.0,3.0,0.0,0.9067,23.0,2.0,21.0,0.0,0.0,600.0,0.0,6.9363427358340495
91978.0,0.0,5832977.0,45277.0,1.0,0.0,290065.0,0.0,37.0,3.0,26.0,2.0,0.0,1029.0,0.0,4.248495242049359
38304.0,1.0,6380910.0,394295.0,1.0,1.0,0.0,0.87,336.0,2.0,260.0,23.0,0.0,145.0,0.0,2.995732273553991
246744.0,0.0,467330.0,22419.0,0.0,0.0,197585.0,0.0,17.0,2.0,9.0,2.0,0.0,203.0,0.0,2.19722457733622
654427.0,0.0,26524489.0,199148.0,1.0,1.0,0.0,0.9,221.0,2.0,210.0,2.0,0.0,170.0,0.0,2.6390573296152584
165882.0,0.0,1173908.0,5602.0,0.0,1.0,0.0,0.94,9.0,2.0,7.0,0.0,0.0,104.0,0.0,3.4339872044851463
27311.0,0.0,3844389.0,363512.0,1.0,1.0,0.0,0.9,362.0,2.0,318.0,16.0,0.0,360.0,0.0,2.8903717578961645
668654.0,0.0,14505806.0,24901.0,0.0,3.0,0.0,0.99,31.0,3.0,25.0,2.0,0.0,78.0,0.0,2.3978952727983707
34351.0,1.0,1469612.0,29024.0,0.0,1.0,0.0,0.91,21.0,2.0,19.0,0.0,0.0,128.0,0.0,3.091042453358316
106108.0,0.0,6740095.0,13345.0,0.0,1.0,0.0,1.05,32.0,2.0,30.0,0.0,0.0,200.0,0.0,2.6390573296152584
797372.0,0.0,12244582.0,1475061.0,1.0,1.0,0.0,0.78,839.0,5.0,347.0,113.0,0.0,299.0,0.0,4.700480365792417
160506.0,0.0,510480.0,57518.0,1.0,0.0,120382.0,0.0,48.0,1.0,37.0,1.0,0.0,225.0,0.0,3.295836866004329
85207.0,0.0,6760996.0,13345.0,0.0,1.0,0.0,1.05,32.0,2.0,30.0,0.0,0.0,200.0,0.0,4.90527477843843
15559.0,1.0,10502768.0,39995.0,1.0,1.0,0.0,0.8,47.0,3.0,30.0,0.0,0.0,27.0,0.0,3.555348061489413
91412.0,0.0,5832411.0,45277.0,1.0,0.0,290065.0,0.0,37.0,3.0,26.0,2.0,0.0,1029.0,0.0,3.688879454113936
34353.0,0.0,2908417.0,8803.0,0.0,1.0,0.0,0.92,25.0,1.0,24.0,0.0,0.0,88.0,0.0,2.9444389791664403
229138.0,0.0,449724.0,22419.0,0.0,0.0,197585.0,0.0,17.0,2.0,9.0,2.0,0.0,203.0,0.0,3.9889840465642745
207280.0,0.0,1999679.0,104921.0,1.0,1.0,0.0,0.82,80.0,3.0,65.0,1.0,0.0,244.0,0.0,2.833213344056216
11150.0,1.0,3732106.0,8909.0,0.0,0.0,12260.0,0.0,9.0,0.0,5.0,0.0,0.0,192.0,0.0,4.23410650459726
303154.0,0.0,24120740.0,19262.0,1.0,1.0,0.0,0.99,8.0,1.0,6.0,0.0,0.0,49.0,0.0,3.218875824868201
90266.0,1.0,11356944.0,1475061.0,1.0,1.0,0.0,0.78,839.0,5.0,347.0,113.0,0.0,299.0,0.0,3.1354942159291497
104284.0,1.0,5415627.0,106004.0,0.0,1.0,0.0,0.82,84.0,2.0,62.0,3.0,0.0,151.0,0.0,4.465908118654584
957701.0,0.0,1662335.0,25167.0,1.0,0.0,1002026.0,0.0,13.0,0.0,5.0,3.0,0.0,50.0,0.0,4.605170185988092
62836.0,0.0,4205055.0,132755.0,1.0,2.0,0.0,0.825,257.0,2.0,254.0,0.0,0.0,169.0,0.0,3.4011973816621555
72998.0,0.0,3318561.0,15369.0,1.0,1.0,0.0,0.71,12.0,1.0,5.0,4.0,0.0,184.0,0.0,3.295836866004329
23788.0,1.0,6366394.0,394295.0,1.0,1.0,0.0,0.87,336.0,2.0,260.0,23.0,0.0,145.0,0.0,3.091042453358316
243798.0,0.0,8714151.0,28065.0,0.0,1.0,0.0,0.71,46.0,0.0,29.0,2.0,0.0,38.0,0.0,4.584967478670572
525083.0,0.0,2102101.0,730752.0,1.0,5.0,0.0,0.972,416.0,8.0,251.0,22.0,0.0,327.0,0.0,2.302585092994046
918219.0,0.0,19881576.0,5269.0,0.0,1.0,0.0,0.88,14.0,2.0,12.0,0.0,0.0,84.0,0.0,3.7612001156935615
64202.0,1.0,7608211.0,281987.0,0.0,1.0,0.0,0.98,301.0,2.0,273.0,9.0,0.0,309.0,0.0,3.58351893845611
1288571.0,0.0,20215281.0,927611.0,0.0,1.0,0.0,0.86,614.0,3.0,475.0,27.0,0.0,168.0,0.0,3.1354942159291497
31125.0,1.0,7078041.0,4735.0,1.0,1.0,0.0,0.85,7.0,1.0,6.0,0.0,0.0,37.0,0.0,3.784189633918261
46671.0,1.0,177128.0,106468.0,0.0,0.0,4677.0,0.0,76.0,3.0,57.0,4.0,0.0,63.0,0.0,4.007333185232471
187423.0,0.0,3351101.0,5345.0,0.0,2.0,0.0,0.8,16.0,2.0,14.0,0.0,0.0,330.0,0.0,2.4849066497880004
270851.0,0.0,26954546.0,239436.0,0.0,1.0,0.0,0.83,250.0,5.0,228.0,1.0,0.0,210.0,0.0,3.4011973816621555
113714.0,1.0,2614904.0,653877.0,0.0,3.0,0.0,0.8933,602.0,4.0,451.0,30.0,0.0,570.0,0.0,4.890349128221754
59426.0,0.0,612751.0,233867.0,1.0,1.0,0.0,1.0,155.0,7.0,113.0,9.0,0.0,204.0,0.0,4.859812404361672
471946.0,0.0,15646406.0,24901.0,1.0,3.0,0.0,0.99,31.0,3.0,25.0,2.0,0.0,78.0,0.0,3.367295829986474
1871.0,1.0,7286778.0,394619.0,0.0,1.0,0.0,0.89,385.0,1.0,334.0,8.0,0.0,170.0,0.0,3.258096538021482
386339.0,0.0,3006375.0,25167.0,0.0,0.0,1002026.0,0.0,13.0,0.0,5.0,3.0,0.0,50.0,0.0,4.700480365792417
18609.0,0.0,3663682.0,185746.0,1.0,1.0,0.0,0.79,339.0,8.0,328.0,0.0,0.0,97.0,0.0,4.204692619390966
36027.0,1.0,1714540.0,199872.0,1.0,1.0,0.0,0.93,260.0,2.0,234.0,8.0,0.0,99.0,0.0,4.127134385045092
44995.0,1.0,990549.0,247493.0,0.0,1.0,0.0,0.84,324.0,9.0,302.0,1.0,0.0,250.0,0.0,3.1780538303479458
104583.0,0.0,25043561.0,66555.0,1.0,1.0,0.0,1.11,57.0,7.0,49.0,0.0,0.0,44.0,0.0,2.70805020110221
130205.0,0.0,2039993.0,72008.0,1.0,1.0,0.0,0.95,80.0,1.0,74.0,1.0,0.0,151.0,0.0,3.044522437723423
1402268.0,0.0,13772192.0,24901.0,0.0,3.0,0.0,0.99,31.0,3.0,25.0,2.0,0.0,78.0,0.0,3.912023005428146
491805.0,0.0,26451231.0,6230.0,1.0,1.0,0.0,0.97,14.0,1.0,13.0,0.0,0.0,136.0,0.0,3.367295829986474
34951.0,0.0,1927549.0,7270.0,1.0,0.0,243.0,0.0,11.0,2.0,9.0,0.0,0.0,19.0,0.0,3.58351893845611
118273.0,1.0,798110.0,5083.0,0.0,1.0,0.0,0.99,9.0,2.0,7.0,0.0,0.0,54.0,0.0,3.80666248977032
157990.0,0.0,1181800.0,5602.0,0.0,1.0,0.0,0.94,9.0,2.0,7.0,0.0,0.0,104.0,0.0,2.19722457733622
84118.0,0.0,785455.0,49720.0,0.0,1.0,0.0,0.97,43.0,1.0,41.0,1.0,0.0,1031.0,0.0,3.091042453358316
23641.0,1.0,10994651.0,43655.0,0.0,9.0,0.0,0.7778,98.0,1.0,94.0,0.0,0.0,543.0,0.0,3.367295829986474
677937.0,0.0,12125147.0,1475061.0,0.0,1.0,0.0,0.78,839.0,5.0,347.0,113.0,0.0,299.0,0.0,3.295836866004329
51367.0,1.0,3657064.0,81730.0,1.0,1.0,0.0,0.82,100.0,3.0,86.0,3.0,0.0,398.0,0.0,2.995732273553991
388106.0,0.0,18575251.0,5269.0,1.0,1.0,0.0,0.88,14.0,2.0,12.0,0.0,0.0,84.0,0.0,3.044522437723423
118756.0,1.0,790933.0,233867.0,0.0,1.0,0.0,1.0,155.0,7.0,113.0,9.0,0.0,204.0,0.0,5.10594547390058
543231.0,0.0,19469941.0,927611.0,1.0,1.0,0.0,0.86,614.0,3.0,475.0,27.0,0.0,168.0,0.0,3.4657359027997265
198519.0,1.0,2341685.0,324575.0,0.0,1.0,0.0,0.86,338.0,4.0,280.0,18.0,0.0,217.0,0.0,4.219507705176107
625407.0,1.0,10821803.0,1475061.0,1.0,1.0,0.0,0.78,839.0,5.0,347.0,113.0,0.0,299.0,0.0,2.5649493574615367
705270.0,0.0,12173921.0,23144.0,0.0,1.0,0.0,1.1,19.0,1.0,15.0,0.0,0.0,80.0,0.0,4.912654885736052
82079.0,1.0,1586042.0,29024.0,0.0,1.0,0.0,0.91,21.0,2.0,19.0,0.0,0.0,128.0,0.0,2.079441541679836
58678.0,0.0,613499.0,233867.0,1.0,1.0,0.0,1.0,155.0,7.0,113.0,9.0,0.0,204.0,0.0,3.1354942159291497
651775.0,1.0,10270799.0,1181213.0,0.0,1.0,0.0,0.77,966.0,3.0,683.0,63.0,0.0,298.0,0.0,4.983606621708336
288518.0,1.0,6038839.0,611853.0,0.0,2.0,0.0,0.78,517.0,2.0,306.0,45.0,0.0,115.0,0.0,6.29156913955832
1651333.0,0.0,13098543.0,1475061.0,0.0,1.0,0.0,0.78,839.0,5.0,347.0,113.0,0.0,299.0,0.0,2.8903717578961645
11646.0,1.0,4736724.0,23244.0,0.0,0.0,148072.0,0.0,23.0,1.0,22.0,0.0,0.0,371.0,0.0,2.3978952727983707
21057.0,1.0,3218133.0,302818.0,0.0,3.0,0.0,0.94,368.0,2.0,313.0,11.0,0.0,179.0,0.0,3.1354942159291497
138625.0,0.0,25008927.0,80048.0,0.0,1.0,0.0,0.8,66.0,4.0,49.0,2.0,0.0,740.0,0.0,4.262679877041316
58082.0,0.0,4209809.0,132755.0,1.0,2.0,0.0,0.825,257.0,2.0,254.0,0.0,0.0,169.0,0.0,4.04305126783455
251275.0,0.0,1155384.0,65530.0,1.0,0.0,34197.0,0.0,55.0,1.0,27.0,6.0,0.0,516.0,0.0,3.258096538021482
492185.0,1.0,10955025.0,1475061.0,1.0,1.0,0.0,0.78,839.0,5.0,347.0,113.0,0.0,299.0,0.0,4.770684624465665
193932.0,0.0,23633286.0,94653.0,0.0,1.0,0.0,0.94,76.0,4.0,63.0,2.0,0.0,70.0,0.0,3.091042453358316
10848.0,1.0,27234856.0,24225.0,1.0,2.0,0.0,0.83,23.0,3.0,18.0,0.0,0.0,66.0,0.0,4.143134726391533
153253.0,1.0,424482.0,191707.0,0.0,1.0,0.0,1.22,127.0,1.0,91.0,8.0,0.0,480.0,0.0,3.49650756146648
1287246.0,0.0,20517512.0,407899.0,1.0,1.0,0.0,0.82,151.0,4.0,68.0,22.0,0.0,275.0,0.0,2.19722457733622
120371.0,0.0,5911889.0,51808.0,1.0,1.0,0.0,1.05,47.0,1.0,39.0,0.0,0.0,123.0,0.0,4.02535169073515
11805.0,1.0,2239149.0,98417.0,0.0,1.0,0.0,0.93,66.0,2.0,50.0,2.0,0.0,171.0,0.0,2.8903717578961645
460966.0,0.0,26292153.0,448833.0,0.0,2.0,0.0,0.92,446.0,1.0,405.0,6.0,0.0,204.0,0.0,3.8501476017100575
3237.0,0.0,6266936.0,216542.0,1.0,2.0,0.0,0.965,177.0,3.0,111.0,11.0,0.0,147.0,0.0,3.4011973816621555
305283.0,0.0,24565019.0,80048.0,0.0,1.0,0.0,0.8,66.0,4.0,49.0,2.0,0.0,740.0,0.0,2.995732273553991
1315518.0,0.0,13858942.0,24901.0,1.0,3.0,0.0,0.99,31.0,3.0,25.0,2.0,0.0,78.0,0.0,3.218875824868201
88077.0,0.0,203121.0,2437.0,0.0,1.0,0.0,1.01,7.0,1.0,5.0,0.0,0.0,4.0,0.0,2.995732273553991
55945.0,1.0,56222.0,11664.0,0.0,1.0,0.0,0.75,12.0,2.0,6.0,3.0,0.0,32.0,0.0,4.007333185232471
126837.0,1.0,6719366.0,13345.0,1.0,1.0,0.0,1.05,32.0,2.0,30.0,0.0,0.0,200.0,0.0,3.49650756146648
796145.0,0.0,19759502.0,5269.0,0.0,1.0,0.0,0.88,14.0,2.0,12.0,0.0,0.0,84.0,0.0,1.9459101490553128
248301.0,1.0,3568777.0,363512.0,0.0,1.0,0.0,0.9,362.0,2.0,318.0,16.0,0.0,360.0,0.0,5.746203190540153
97089.0,1.0,5408432.0,106004.0,0.0,1.0,0.0,0.82,84.0,2.0,62.0,3.0,0.0,151.0,0.0,3.80666248977032
34653.0,0.0,653073.0,18948.0,0.0,1.0,0.0,1.05,17.0,1.0,15.0,0.0,0.0,63.0,0.0,3.1354942159291497
75258.0,0.0,776595.0,49720.0,0.0,1.0,0.0,0.97,43.0,1.0,41.0,1.0,0.0,1031.0,0.0,2.995732273553991
301985.0,0.0,12810129.0,6164.0,1.0,0.0,1011774.0,0.0,11.0,1.0,9.0,0.0,0.0,67.0,0.0,2.19722457733622
528675.0,0.0,26696722.0,239436.0,0.0,1.0,0.0,0.83,250.0,5.0,228.0,1.0,0.0,210.0,0.0,2.6390573296152584
69146.0,0.0,7445177.0,23048.0,0.0,1.0,0.0,0.91,31.0,1.0,27.0,1.0,0.0,76.0,0.0,3.7612001156935615
58373.0,1.0,25206517.0,66555.0,0.0,1.0,0.0,1.11,57.0,7.0,49.0,0.0,0.0,44.0,0.0,3.688879454113936
287109.0,0.0,1119550.0,65530.0,1.0,0.0,34197.0,0.0,55.0,1.0,27.0,6.0,0.0,516.0,0.0,3.4339872044851463
6705.0,0.0,3862570.0,26961.0,0.0,1.0,0.0,0.97,16.0,1.0,9.0,3.0,0.0,83.0,0.0,4.343805421853684
34035.0,1.0,305264.0,191707.0,1.0,1.0,0.0,1.22,127.0,1.0,91.0,8.0,0.0,480.0,0.0,3.295836866004329
58356.0,0.0,3988615.0,24238.0,1.0,1.0,0.0,0.84,36.0,1.0,35.0,0.0,0.0,40.0,0.0,3.555348061489413
413287.0,0.0,22951389.0,74922.0,0.0,1.0,0.0,0.98,77.0,2.0,71.0,1.0,0.0,103.0,0.0,2.4849066497880004
706461.0,0.0,12175112.0,23144.0,0.0,1.0,0.0,1.1,19.0,1.0,15.0,0.0,0.0,80.0,0.0,4.465908118654584
307930.0,0.0,917400.0,33425.0,0.0,2.0,0.0,0.89,50.0,1.0,40.0,4.0,0.0,1345.0,0.0,2.70805020110221
332585.0,0.0,1074074.0,65530.0,1.0,0.0,34197.0,0.0,55.0,1.0,27.0,6.0,0.0,516.0,0.0,2.4849066497880004
16916.0,1.0,3331180.0,50222.0,1.0,1.0,0.0,0.86,29.0,1.0,26.0,1.0,0.0,62.0,0.0,2.302585092994046
40804.0,0.0,18922553.0,5269.0,1.0,1.0,0.0,0.88,14.0,2.0,12.0,0.0,0.0,84.0,0.0,5.332718793265369
42345.0,1.0,1708222.0,199872.0,0.0,1.0,0.0,0.93,260.0,2.0,234.0,8.0,0.0,99.0,0.0,3.784189633918261
89374.0,0.0,5432811.0,9999.0,1.0,0.0,200389.0,0.0,7.0,1.0,6.0,0.0,0.0,42.0,0.0,4.02535169073515
9241.0,0.0,1720760.0,5668.0,1.0,0.0,17747.0,0.0,4.0,1.0,3.0,0.0,0.0,64.0,0.0,3.091042453358316
130282.0,1.0,7038435.0,117874.0,1.0,1.0,0.0,0.87,98.0,1.0,75.0,6.0,0.0,201.0,0.0,3.1354942159291497
1117535.0,0.0,17809175.0,927611.0,1.0,1.0,0.0,0.86,614.0,3.0,475.0,27.0,0.0,168.0,0.0,6.884486652042782
103392.0,1.0,3713686.0,363512.0,1.0,1.0,0.0,0.9,362.0,2.0,318.0,16.0,0.0,360.0,0.0,3.218875824868201
430676.0,0.0,19394033.0,5269.0,1.0,1.0,0.0,0.88,14.0,2.0,12.0,0.0,0.0,84.0,0.0,1.791759469228055
30470.0,1.0,1720097.0,199872.0,0.0,1.0,0.0,0.93,260.0,2.0,234.0,8.0,0.0,99.0,0.0,4.31748811353631
5433.0,1.0,25142711.0,66555.0,0.0,1.0,0.0,1.11,57.0,7.0,49.0,0.0,0.0,44.0,0.0,2.772588722239781
732426.0,0.0,18230931.0,5269.0,0.0,1.0,0.0,0.88,14.0,2.0,12.0,0.0,0.0,84.0,0.0,2.079441541679836
262656.0,0.0,17301804.0,13893.0,1.0,0.0,1864631.0,0.0,10.0,2.0,8.0,0.0,0.0,168.0,0.0,2.995732273553991
65900.0,0.0,3070356.0,3118.0,1.0,1.0,0.0,0.92,3.0,2.0,0.0,0.0,0.0,36.0,0.0,3.218875824868201
479068.0,0.0,26438494.0,6230.0,1.0,1.0,0.0,0.97,14.0,1.0,13.0,0.0,0.0,136.0,0.0,4.143134726391533
524711.0,0.0,2102473.0,730752.0,1.0,5.0,0.0,0.972,416.0,8.0,251.0,22.0,0.0,327.0,0.0,2.19722457733622
830572.0,0.0,11029621.0,498345.0,0.0,1.0,0.0,0.75,351.0,4.0,247.0,18.0,0.0,260.0,0.0,3.610917912644224
457103.0,0.0,1662171.0,144288.0,1.0,0.0,20200.0,0.0,73.0,1.0,42.0,6.0,0.0,1090.0,0.0,3.9318256327243257
605995.0,1.0,10841215.0,1475061.0,1.0,1.0,0.0,0.78,839.0,5.0,347.0,113.0,0.0,299.0,0.0,4.7535901911063645
548825.0,1.0,9070199.0,1181213.0,1.0,1.0,0.0,0.77,966.0,3.0,683.0,63.0,0.0,298.0,0.0,4.204692619390966
13021.0,1.0,2237933.0,98417.0,0.0,1.0,0.0,0.93,66.0,2.0,50.0,2.0,0.0,171.0,0.0,3.8918202981106265
10037.0,1.0,839190.0,10488.0,0.0,1.0,0.0,0.84,12.0,4.0,7.0,0.0,0.0,333.0,0.0,4.442651256490317
71848.0,0.0,5960412.0,51808.0,0.0,1.0,0.0,1.05,47.0,1.0,39.0,0.0,0.0,123.0,0.0,2.4849066497880004
159.0,0.0,7288808.0,394619.0,1.0,1.0,0.0,0.89,385.0,1.0,334.0,8.0,0.0,170.0,0.0,4.875197323201151
37225.0,0.0,655645.0,18948.0,0.0,1.0,0.0,1.05,17.0,1.0,15.0,0.0,0.0,63.0,0.0,4.007333185232471
736590.0,0.0,18226767.0,5269.0,1.0,1.0,0.0,0.88,14.0,2.0,12.0,0.0,0.0,84.0,0.0,4.948759890378168
112269.0,0.0,462243.0,57518.0,1.0,0.0,120382.0,0.0,48.0,1.0,37.0,1.0,0.0,225.0,0.0,5.71042701737487
296988.0,1.0,3460666.0,5345.0,1.0,2.0,0.0,0.8,16.0,2.0,14.0,0.0,0.0,330.0,0.0,2.833213344056216
126490.0,0.0,2746526.0,25167.0,0.0,0.0,1002026.0,0.0,13.0,0.0,5.0,3.0,0.0,50.0,0.0,4.04305126783455
22077.0,1.0,2228877.0,98417.0,1.0,1.0,0.0,0.93,66.0,2.0,50.0,2.0,0.0,171.0,0.0,2.4849066497880004
20217.0,0.0,11880410.0,498345.0,1.0,1.0,0.0,0.75,351.0,4.0,247.0,18.0,0.0,260.0,0.0,1.791759469228055
2487.0,1.0,3180805.0,164464.0,0.0,1.0,0.0,1.04,151.0,3.0,133.0,4.0,0.0,52.0,0.0,6.2878585601617845
20938.0,0.0,3025394.0,3118.0,1.0,1.0,0.0,0.92,3.0,2.0,0.0,0.0,0.0,36.0,0.0,5.049856007249537
764209.0,0.0,19690919.0,927611.0,1.0,1.0,0.0,0.86,614.0,3.0,475.0,27.0,0.0,168.0,0.0,3.970291913552122
300835.0,0.0,19227545.0,927611.0,1.0,1.0,0.0,0.86,614.0,3.0,475.0,27.0,0.0,168.0,0.0,4.394449154672439
17893.0,1.0,4587908.0,76056.0,0.0,1.0,0.0,1.12,77.0,1.0,70.0,1.0,0.0,174.0,0.0,4.23410650459726
216187.0,0.0,9111822.0,97567.0,0.0,1.0,0.0,0.94,60.0,2.0,43.0,3.0,0.0,141.0,0.0,5.723585101952381
33219.0,0.0,576251.0,33425.0,1.0,2.0,0.0,0.89,50.0,1.0,40.0,4.0,0.0,1345.0,0.0,2.8903717578961645
289748.0,0.0,23853217.0,429238.0,0.0,1.0,0.0,0.76,302.0,5.0,200.0,20.0,0.0,238.0,0.0,4.897839799950911
237412.0,1.0,21567346.0,407899.0,1.0,1.0,0.0,0.82,151.0,4.0,68.0,22.0,0.0,275.0,0.0,3.7612001156935615
231473.0,0.0,26062660.0,448833.0,1.0,2.0,0.0,0.92,446.0,1.0,405.0,6.0,0.0,204.0,0.0,2.70805020110221
12101.0,1.0,4100537.0,39210.0,0.0,1.0,0.0,0.9,42.0,3.0,35.0,0.0,0.0,108.0,0.0,2.8903717578961645
773154.0,0.0,12241805.0,23144.0,0.0,1.0,0.0,1.1,19.0,1.0,15.0,0.0,0.0,80.0,0.0,2.9444389791664403
105703.0,1.0,1609666.0,29024.0,0.0,1.0,0.0,0.91,21.0,2.0,19.0,0.0,0.0,128.0,0.0,2.6390573296152584
282728.0,0.0,3446406.0,5345.0,0.0,2.0,0.0,0.8,16.0,2.0,14.0,0.0,0.0,330.0,0.0,3.713572066704308
261541.0,0.0,482127.0,22419.0,0.0,0.0,197585.0,0.0,17.0,2.0,9.0,2.0,0.0,203.0,0.0,3.091042453358316
421307.0,0.0,22943369.0,74922.0,0.0,1.0,0.0,0.98,77.0,2.0,71.0,1.0,0.0,103.0,0.0,2.3978952727983707
71255.0,1.0,379364.0,2285.0,1.0,1.0,0.0,0.76,6.0,1.0,3.0,0.0,0.0,34.0,0.0,5.337538079701318
383472.0,0.0,22188230.0,407899.0,0.0,1.0,0.0,0.82,151.0,4.0,68.0,22.0,0.0,275.0,0.0,4.418840607796598
773771.0,1.0,10392795.0,1181213.0,0.0,1.0,0.0,0.77,966.0,3.0,683.0,63.0,0.0,298.0,0.0,3.8918202981106265
341814.0,0.0,25093055.0,22565.0,0.0,1.0,0.0,0.95,47.0,2.0,45.0,0.0,0.0,423.0,0.0,4.158883083359672
721622.0,0.0,12190273.0,23144.0,0.0,1.0,0.0,1.1,19.0,1.0,15.0,0.0,0.0,80.0,0.0,2.302585092994046
278612.0,1.0,6028933.0,611853.0,0.0,2.0,0.0,0.78,517.0,2.0,306.0,45.0,0.0,115.0,0.0,3.295836866004329
1814968.0,0.0,13262178.0,1475061.0,0.0,1.0,0.0,0.78,839.0,5.0,347.0,113.0,0.0,299.0,0.0,5.583496308781699
1538.0,1.0,3719418.0,8909.0,0.0,0.0,12260.0,0.0,9.0,0.0,5.0,0.0,0.0,192.0,0.0,3.5263605246161616
52514.0,1.0,25200658.0,66555.0,0.0,1.0,0.0,1.11,57.0,7.0,49.0,0.0,0.0,44.0,0.0,4.110873864173311
10929.0,0.0,933253.0,45568.0,1.0,1.0,0.0,0.8,32.0,1.0,25.0,2.0,0.0,48.0,0.0,3.610917912644224
327728.0,0.0,1842470.0,72008.0,0.0,1.0,0.0,0.95,80.0,1.0,74.0,1.0,0.0,151.0,0.0,3.713572066704308
672524.0,0.0,12141175.0,23144.0,0.0,1.0,0.0,1.1,19.0,1.0,15.0,0.0,0.0,80.0,0.0,3.044522437723423
41576.0,1.0,1708991.0,199872.0,0.0,1.0,0.0,0.93,260.0,2.0,234.0,8.0,0.0,99.0,0.0,5.517452896464707
212562.0,0.0,16826586.0,13893.0,0.0,0.0,1864631.0,0.0,10.0,2.0,8.0,0.0,0.0,168.0,0.0,2.19722457733622
634134.0,0.0,17673282.0,13893.0,1.0,0.0,1864631.0,0.0,10.0,2.0,8.0,0.0,0.0,168.0,0.0,3.091042453358316
200391.0,0.0,19127101.0,927611.0,1.0,1.0,0.0,0.86,614.0,3.0,475.0,27.0,0.0,168.0,0.0,2.833213344056216
550511.0,1.0,18376199.0,927611.0,0.0,1.0,0.0,0.86,614.0,3.0,475.0,27.0,0.0,168.0,0.0,3.871201010907891
16294.0,1.0,10379178.0,31179.0,0.0,1.0,0.0,0.98,46.0,2.0,41.0,0.0,0.0,42.0,0.0,2.8903717578961645
27104.0,0.0,645524.0,18948.0,1.0,1.0,0.0,1.05,17.0,1.0,15.0,0.0,0.0,63.0,0.0,2.302585092994046
745161.0,0.0,17784309.0,13893.0,0.0,0.0,1864631.0,0.0,10.0,2.0,8.0,0.0,0.0,168.0,0.0,2.6390573296152584
210351.0,1.0,2329853.0,324575.0,0.0,1.0,0.0,0.86,338.0,4.0,280.0,18.0,0.0,217.0,0.0,5.752572638825633
1633247.0,0.0,13541213.0,24901.0,0.0,3.0,0.0,0.99,31.0,3.0,25.0,2.0,0.0,78.0,0.0,4.290459441148391
302740.0,0.0,19229450.0,927611.0,1.0,1.0,0.0,0.86,614.0,3.0,475.0,27.0,0.0,168.0,0.0,3.044522437723423
39344.0,0.0,632833.0,233867.0,1.0,1.0,0.0,1.0,155.0,7.0,113.0,9.0,0.0,204.0,0.0,3.951243718581428
548800.0,0.0,9876809.0,97567.0,1.0,1.0,0.0,0.94,60.0,2.0,43.0,3.0,0.0,141.0,0.0,3.8918202981106265
431248.0,0.0,26262435.0,448833.0,0.0,2.0,0.0,0.92,446.0,1.0,405.0,6.0,0.0,204.0,0.0,3.1354942159291497
35513.0,0.0,2828534.0,4981.0,1.0,2.0,0.0,0.895,14.0,1.0,13.0,0.0,0.0,331.0,0.0,4.406719247264253
60681.0,1.0,18866029.0,927611.0,0.0,1.0,0.0,0.86,614.0,3.0,475.0,27.0,0.0,168.0,0.0,2.833213344056216
137804.0,1.0,4654211.0,574324.0,0.0,1.0,0.0,0.93,529.0,2.0,401.0,25.0,0.0,132.0,0.0,3.4011973816621555
952201.0,0.0,18011156.0,5269.0,1.0,1.0,0.0,0.88,14.0,2.0,12.0,0.0,0.0,84.0,0.0,4.276666119016055
5255.0,0.0,3188547.0,164464.0,1.0,1.0,0.0,1.04,151.0,3.0,133.0,4.0,0.0,52.0,0.0,2.70805020110221
301427.0,0.0,26132614.0,448833.0,0.0,2.0,0.0,0.92,446.0,1.0,405.0,6.0,0.0,204.0,0.0,2.3978952727983707
85365.0,1.0,1761336.0,167091.0,1.0,1.0,0.0,0.91,109.0,1.0,62.0,5.0,0.0,253.0,0.0,2.5649493574615367
18615.0,0.0,1321175.0,5602.0,0.0,1.0,0.0,0.94,9.0,2.0,7.0,0.0,0.0,104.0,0.0,5.41164605185504
34247.0,1.0,7578256.0,281987.0,0.0,1.0,0.0,0.98,301.0,2.0,273.0,9.0,0.0,309.0,0.0,3.1780538303479458
598332.0,1.0,10848878.0,1475061.0,1.0,1.0,0.0,0.78,839.0,5.0,347.0,113.0,0.0,299.0,0.0,3.295836866004329
597072.0,1.0,10850138.0,1475061.0,0.0,1.0,0.0,0.78,839.0,5.0,347.0,113.0,0.0,299.0,0.0,3.091042453358316
345712.0,0.0,566298.0,22419.0,1.0,0.0,197585.0,0.0,17.0,2.0,9.0,2.0,0.0,203.0,0.0,2.5649493574615367
16417.0,1.0,735846.0,685926.0,0.0,3.0,0.0,0.93,464.0,2.0,300.0,34.0,0.0,74.0,0.0,4.31748811353631
1809874.0,0.0,13257084.0,1475061.0,1.0,1.0,0.0,0.78,839.0,5.0,347.0,113.0,0.0,299.0,0.0,2.6390573296152584
153033.0,0.0,7980253.0,2923.0,0.0,1.0,0.0,0.99,10.0,1.0,9.0,0.0,0.0,226.0,0.0,1.9459101490553128
44009.0,1.0,81624.0,157128.0,0.0,1.0,0.0,1.24,88.0,4.0,59.0,3.0,0.0,94.0,0.0,4.158883083359672
313133.0,0.0,16726015.0,13893.0,1.0,0.0,1864631.0,0.0,10.0,2.0,8.0,0.0,0.0,168.0,0.0,3.49650756146648
134525.0,0.0,5146007.0,91010.0,1.0,1.0,0.0,1.06,105.0,1.0,89.0,2.0,0.0,137.0,0.0,3.367295829986474
329970.0,0.0,1789304.0,144288.0,0.0,0.0,20200.0,0.0,73.0,1.0,42.0,6.0,0.0,1090.0,0.0,2.4849066497880004
133656.0,0.0,25003958.0,80048.0,1.0,1.0,0.0,0.8,66.0,4.0,49.0,2.0,0.0,740.0,0.0,3.713572066704308
876091.0,0.0,19802801.0,927611.0,1.0,1.0,0.0,0.86,614.0,3.0,475.0,27.0,0.0,168.0,0.0,3.58351893845611
26612.0,1.0,2801233.0,159272.0,0.0,1.0,0.0,0.87,167.0,2.0,156.0,1.0,0.0,64.0,0.0,2.302585092994046
1632465.0,0.0,20595822.0,5269.0,0.0,1.0,0.0,0.88,14.0,2.0,12.0,0.0,0.0,84.0,0.0,2.302585092994046
169257.0,1.0,4685664.0,574324.0,1.0,1.0,0.0,0.93,529.0,2.0,401.0,25.0,0.0,132.0,0.0,4.812184355372417
183885.0,0.0,14990575.0,24901.0,1.0,3.0,0.0,0.99,31.0,3.0,25.0,2.0,0.0,78.0,0.0,3.7612001156935615
77735.0,0.0,6598050.0,24946.0,1.0,0.0,46680.0,0.0,18.0,0.0,8.0,2.0,0.0,73.0,0.0,2.6390573296152584
222940.0,0.0,443526.0,22419.0,1.0,0.0,197585.0,0.0,17.0,2.0,9.0,2.0,0.0,203.0,0.0,2.9444389791664403
223226.0,0.0,4948304.0,23244.0,0.0,0.0,148072.0,0.0,23.0,1.0,22.0,0.0,0.0,371.0,0.0,2.772588722239781
1892.0,1.0,1113219.0,132301.0,0.0,1.0,0.0,1.15,108.0,1.0,86.0,8.0,0.0,230.0,0.0,3.1354942159291497
262986.0,0.0,483572.0,22419.0,1.0,0.0,197585.0,0.0,17.0,2.0,9.0,2.0,0.0,203.0,0.0,3.295836866004329
14862.0,1.0,5006803.0,703986.0,0.0,1.0,0.0,0.95,476.0,2.0,230.0,55.0,0.0,139.0,0.0,2.4849066497880004
200178.0,0.0,14974282.0,24901.0,1.0,3.0,0.0,0.99,31.0,3.0,25.0,2.0,0.0,78.0,0.0,5.236441962829949
410619.0,0.0,22913467.0,7465.0,0.0,3.0,0.0,0.9067,23.0,2.0,21.0,0.0,0.0,600.0,0.0,3.4339872044851463
482872.0,0.0,1636402.0,144288.0,1.0,0.0,20200.0,0.0,73.0,1.0,42.0,6.0,0.0,1090.0,0.0,2.3978952727983707
431353.0,0.0,12680761.0,6164.0,0.0,0.0,1011774.0,0.0,11.0,1.0,9.0,0.0,0.0,67.0,0.0,3.610917912644224
11790.0,0.0,23427564.0,94653.0,1.0,1.0,0.0,0.94,76.0,4.0,63.0,2.0,0.0,70.0,0.0,4.564348191467836
20487.0,0.0,1482496.0,148489.0,0.0,1.0,0.0,0.96,128.0,1.0,107.0,1.0,0.0,108.0,0.0,2.995732273553991
362846.0,0.0,3326985.0,45917.0,0.0,3.0,0.0,1.0267,80.0,3.0,76.0,0.0,0.0,532.0,0.0,2.4849066497880004
416814.0,0.0,26808583.0,239436.0,1.0,1.0,0.0,0.83,250.0,5.0,228.0,1.0,0.0,210.0,0.0,2.5649493574615367
268395.0,0.0,9596404.0,97567.0,0.0,1.0,0.0,0.94,60.0,2.0,43.0,3.0,0.0,141.0,0.0,3.044522437723423
17477.0,0.0,4909650.0,70638.0,0.0,1.0,0.0,0.95,49.0,2.0,37.0,3.0,0.0,72.0,0.0,2.8903717578961645
62724.0,1.0,1687843.0,199872.0,0.0,1.0,0.0,0.93,260.0,2.0,234.0,8.0,0.0,99.0,0.0,3.49650756146648
14032.0,1.0,3694399.0,81730.0,0.0,1.0,0.0,0.82,100.0,3.0,86.0,3.0,0.0,398.0,0.0,3.80666248977032
47676.0,1.0,6079936.0,51808.0,1.0,1.0,0.0,1.05,47.0,1.0,39.0,0.0,0.0,123.0,0.0,3.4339872044851463
6575.0,1.0,726004.0,685926.0,0.0,3.0,0.0,0.93,464.0,2.0,300.0,34.0,0.0,74.0,0.0,5.298317366548036
11479.0,0.0,2608557.0,25167.0,1.0,0.0,1002026.0,0.0,13.0,0.0,5.0,3.0,0.0,50.0,0.0,4.007333185232471
26048.0,0.0,4462402.0,36831.0,1.0,1.0,0.0,0.77,32.0,1.0,23.0,1.0,0.0,141.0,0.0,3.044522437723423
323813.0,1.0,6074134.0,611853.0,1.0,2.0,0.0,0.78,517.0,2.0,306.0,45.0,0.0,115.0,0.0,3.58351893845611
931295.0,0.0,1688741.0,25167.0,0.0,0.0,1002026.0,0.0,13.0,0.0,5.0,3.0,0.0,50.0,0.0,3.4339872044851463
302335.0,0.0,24544614.0,5190.0,0.0,0.0,1266.0,0.0,17.0,1.0,16.0,0.0,0.0,167.0,0.0,3.044522437723423
247766.0,0.0,23811235.0,429238.0,1.0,1.0,0.0,0.76,302.0,5.0,200.0,20.0,0.0,238.0,0.0,4.158883083359672
355204.0,0.0,7695745.0,136039.0,0.0,1.0,0.0,0.9,91.0,1.0,68.0,5.0,0.0,495.0,0.0,2.8903717578961645
439271.0,0.0,1680003.0,144288.0,1.0,0.0,20200.0,0.0,73.0,1.0,42.0,6.0,0.0,1090.0,0.0,4.04305126783455
100277.0,1.0,2656539.0,441422.0,1.0,1.0,0.0,0.82,400.0,1.0,332.0,13.0,0.0,86.0,0.0,5.087596335232384
560072.0,0.0,17599220.0,13893.0,0.0,0.0,1864631.0,0.0,10.0,2.0,8.0,0.0,0.0,168.0,0.0,2.9444389791664403
62171.0,0.0,21866929.0,407899.0,0.0,1.0,0.0,0.82,151.0,4.0,68.0,22.0,0.0,275.0,0.0,6.408528791059498
52927.0,1.0,442076.0,125097.0,1.0,1.0,0.0,0.84,93.0,1.0,66.0,7.0,0.0,481.0,0.0,3.091042453358316
13352.0,0.0,2770168.0,441422.0,1.0,1.0,0.0,0.82,400.0,1.0,332.0,13.0,0.0,86.0,0.0,5.575949103146316
18684.0,1.0,1470649.0,95324.0,0.0,1.0,0.0,1.13,56.0,2.0,41.0,3.0,0.0,74.0,0.0,3.332204510175204
664569.0,0.0,12111779.0,1475061.0,1.0,1.0,0.0,0.78,839.0,5.0,347.0,113.0,0.0,299.0,0.0,4.787491742782046
89461.0,1.0,3361861.0,91994.0,1.0,1.0,0.0,0.89,60.0,1.0,38.0,3.0,0.0,101.0,0.0,2.19722457733622
165556.0,0.0,2785592.0,25167.0,1.0,0.0,1002026.0,0.0,13.0,0.0,5.0,3.0,0.0,50.0,0.0,2.9444389791664403
4152.0,1.0,3712808.0,66841.0,1.0,1.0,0.0,0.82,29.0,1.0,16.0,3.0,0.0,54.0,0.0,3.367295829986474
703187.0,0.0,19629897.0,927611.0,1.0,1.0,0.0,0.86,614.0,3.0,475.0,27.0,0.0,168.0,0.0,4.812184355372417
18029.0,0.0,4707049.0,23244.0,0.0,0.0,148072.0,0.0,23.0,1.0,22.0,0.0,0.0,371.0,0.0,4.07753744390572
192391.0,1.0,2347813.0,324575.0,0.0,1.0,0.0,0.86,338.0,4.0,280.0,18.0,0.0,217.0,0.0,5.288267030694535
430540.0,0.0,26261727.0,448833.0,1.0,2.0,0.0,0.92,446.0,1.0,405.0,6.0,0.0,204.0,0.0,3.951243718581428
22307.0,1.0,293536.0,191707.0,1.0,1.0,0.0,1.22,127.0,1.0,91.0,8.0,0.0,480.0,0.0,3.091042453358316
188923.0,0.0,15363383.0,24901.0,0.0,3.0,0.0,0.99,31.0,3.0,25.0,2.0,0.0,78.0,0.0,4.844187086458591
54137.0,0.0,1946735.0,7270.0,1.0,0.0,243.0,0.0,11.0,2.0,9.0,0.0,0.0,19.0,0.0,3.80666248977032
1398036.0,0.0,17528674.0,927611.0,1.0,1.0,0.0,0.86,614.0,3.0,475.0,27.0,0.0,168.0,0.0,4.718498871295094
56567.0,0.0,772586.0,10488.0,1.0,1.0,0.0,0.84,12.0,4.0,7.0,0.0,0.0,333.0,0.0,2.995732273553991
212434.0,0.0,4142693.0,24238.0,0.0,1.0,0.0,0.84,36.0,1.0,35.0,0.0,0.0,40.0,0.0,2.079441541679836
234556.0,0.0,17273704.0,13893.0,1.0,0.0,1864631.0,0.0,10.0,2.0,8.0,0.0,0.0,168.0,0.0,4.343805421853684
957064.0,0.0,1662972.0,25167.0,0.0,0.0,1002026.0,0.0,13.0,0.0,5.0,3.0,0.0,50.0,0.0,3.737669618283368
54080.0,0.0,2674116.0,25167.0,1.0,0.0,1002026.0,0.0,13.0,0.0,5.0,3.0,0.0,50.0,0.0,2.3978952727983707
1620459.0,0.0,13554001.0,24901.0,1.0,3.0,0.0,0.99,31.0,3.0,25.0,2.0,0.0,78.0,0.0,3.9889840465642745
250869.0,0.0,22753717.0,7465.0,1.0,3.0,0.0,0.9067,23.0,2.0,21.0,0.0,0.0,600.0,0.0,4.653960350157523
45536.0,1.0,764965.0,685926.0,0.0,3.0,0.0,0.93,464.0,2.0,300.0,34.0,0.0,74.0,0.0,3.091042453358316
29807.0,1.0,3344071.0,50222.0,0.0,1.0,0.0,0.86,29.0,1.0,26.0,1.0,0.0,62.0,0.0,3.1780538303479458
328554.0,0.0,19255264.0,927611.0,1.0,1.0,0.0,0.86,614.0,3.0,475.0,27.0,0.0,168.0,0.0,5.308267697401205
297021.0,0.0,12815093.0,6164.0,0.0,0.0,1011774.0,0.0,11.0,1.0,9.0,0.0,0.0,67.0,0.0,3.258096538021482
474917.0,0.0,16564231.0,13893.0,0.0,0.0,1864631.0,0.0,10.0,2.0,8.0,0.0,0.0,168.0,0.0,5.575949103146316
119568.0,0.0,7049149.0,117874.0,0.0,1.0,0.0,0.87,98.0,1.0,75.0,6.0,0.0,201.0,0.0,3.688879454113936
222247.0,0.0,4947325.0,23244.0,0.0,0.0,148072.0,0.0,23.0,1.0,22.0,0.0,0.0,371.0,0.0,4.941642422609304
499679.0,0.0,16539469.0,13893.0,0.0,0.0,1864631.0,0.0,10.0,2.0,8.0,0.0,0.0,168.0,0.0,2.079441541679836
13925.0,1.0,3322498.0,115752.0,1.0,0.0,15018.0,0.0,48.0,1.0,18.0,5.0,0.0,173.0,0.0,4.844187086458591
22828.0,0.0,3268391.0,15369.0,1.0,1.0,0.0,0.71,12.0,1.0,5.0,4.0,0.0,184.0,0.0,5.648974238161206
399564.0,0.0,16639584.0,13893.0,0.0,0.0,1864631.0,0.0,10.0,2.0,8.0,0.0,0.0,168.0,0.0,4.852030263919617
289469.0,1.0,6039790.0,611853.0,1.0,2.0,0.0,0.78,517.0,2.0,306.0,45.0,0.0,115.0,0.0,5.8888779583328805
829134.0,0.0,19755844.0,927611.0,0.0,1.0,0.0,0.86,614.0,3.0,475.0,27.0,0.0,168.0,0.0,4.890349128221754
455747.0,0.0,950912.0,65530.0,0.0,0.0,34197.0,0.0,55.0,1.0,27.0,6.0,0.0,516.0,0.0,3.6635616461296463
835255.0,0.0,1784781.0,25167.0,0.0,0.0,1002026.0,0.0,13.0,0.0,5.0,3.0,0.0,50.0,0.0,1.9459101490553128
245315.0,0.0,465901.0,22419.0,0.0,0.0,197585.0,0.0,17.0,2.0,9.0,2.0,0.0,203.0,0.0,4.454347296253507
16930.0,0.0,3872795.0,26961.0,1.0,1.0,0.0,0.97,16.0,1.0,9.0,3.0,0.0,83.0,0.0,2.19722457733622
27540.0,1.0,3871962.0,46371.0,0.0,1.0,0.0,0.65,27.0,1.0,16.0,4.0,0.0,240.0,0.0,2.995732273553991
678432.0,0.0,18284925.0,5269.0,1.0,1.0,0.0,0.88,14.0,2.0,12.0,0.0,0.0,84.0,0.0,4.060443010546419
419738.0,0.0,22922586.0,7465.0,1.0,3.0,0.0,0.9067,23.0,2.0,21.0,0.0,0.0,600.0,0.0,3.713572066704308
735289.0,0.0,12182499.0,1475061.0,1.0,1.0,0.0,0.78,839.0,5.0,347.0,113.0,0.0,299.0,0.0,4.0943445622221
438587.0,0.0,12673527.0,6164.0,0.0,0.0,1011774.0,0.0,11.0,1.0,9.0,0.0,0.0,67.0,0.0,2.9444389791664403
5672.0,0.0,2858375.0,4981.0,0.0,2.0,0.0,0.895,14.0,1.0,13.0,0.0,0.0,331.0,0.0,2.995732273553991
1635605.0,0.0,13538855.0,24901.0,1.0,3.0,0.0,0.99,31.0,3.0,25.0,2.0,0.0,78.0,0.0,3.6375861597263857
361539.0,1.0,6111860.0,611853.0,0.0,2.0,0.0,0.78,517.0,2.0,306.0,45.0,0.0,115.0,0.0,3.4339872044851463
238149.0,0.0,24989390.0,22565.0,1.0,1.0,0.0,0.95,47.0,2.0,45.0,0.0,0.0,423.0,0.0,2.8903717578961645
1684344.0,0.0,13490116.0,24901.0,1.0,3.0,0.0,0.99,31.0,3.0,25.0,2.0,0.0,78.0,0.0,4.060443010546419
20533.0,1.0,2708529.0,81217.0,1.0,0.0,68976.0,0.0,57.0,1.0,25.0,5.0,0.0,16.0,0.0,1.9459101490553128
705401.0,0.0,12174052.0,23144.0,0.0,1.0,0.0,1.1,19.0,1.0,15.0,0.0,0.0,80.0,0.0,2.995732273553991
2491.0,1.0,2248463.0,98417.0,0.0,1.0,0.0,0.93,66.0,2.0,50.0,2.0,0.0,171.0,0.0,2.3978952727983707
416477.0,0.0,22919325.0,7465.0,1.0,3.0,0.0,0.9067,23.0,2.0,21.0,0.0,0.0,600.0,0.0,2.6390573296152584
81583.0,0.0,2538453.0,25167.0,1.0,0.0,1002026.0,0.0,13.0,0.0,5.0,3.0,0.0,50.0,0.0,3.218875824868201
1738723.0,0.0,13435737.0,24901.0,1.0,3.0,0.0,0.99,31.0,3.0,25.0,2.0,0.0,78.0,0.0,2.079441541679836
13573.0,0.0,2941877.0,10609.0,1.0,1.0,0.0,0.92,19.0,1.0,18.0,0.0,0.0,23.0,0.0,4.51085950651685
65750.0,1.0,429253.0,125097.0,0.0,1.0,0.0,0.84,93.0,1.0,66.0,7.0,0.0,481.0,0.0,5.746203190540153
74288.0,1.0,2948352.0,8803.0,0.0,1.0,0.0,0.92,25.0,1.0,24.0,0.0,0.0,88.0,0.0,4.454347296253507
204730.0,0.0,425316.0,22419.0,1.0,0.0,197585.0,0.0,17.0,2.0,9.0,2.0,0.0,203.0,0.0,2.70805020110221
10746.0,1.0,8459607.0,28065.0,0.0,1.0,0.0,0.71,46.0,0.0,29.0,2.0,0.0,38.0,0.0,4.060443010546419
714379.0,0.0,12183030.0,23144.0,0.0,1.0,0.0,1.1,19.0,1.0,15.0,0.0,0.0,80.0,0.0,2.4849066497880004
26226.0,1.0,6368832.0,394295.0,1.0,1.0,0.0,0.87,336.0,2.0,260.0,23.0,0.0,145.0,0.0,4.430816798843313
24217.0,1.0,1465116.0,95324.0,1.0,1.0,0.0,1.13,56.0,2.0,41.0,3.0,0.0,74.0,0.0,4.02535169073515
81442.0,0.0,1520166.0,51594.0,1.0,0.0,37936.0,0.0,80.0,2.0,78.0,0.0,0.0,225.0,0.0,3.295836866004329
26539.0,1.0,11335399.0,68394.0,0.0,2.0,0.0,1.14,77.0,2.0,59.0,2.0,0.0,5.0,0.0,2.9444389791664403
225780.0,1.0,25605407.0,448833.0,1.0,2.0,0.0,0.92,446.0,1.0,405.0,6.0,0.0,204.0,0.0,4.962844630259907
60408.0,0.0,3243700.0,164464.0,1.0,1.0,0.0,1.04,151.0,3.0,133.0,4.0,0.0,52.0,0.0,3.610917912644224
61442.0,1.0,23502027.0,429238.0,0.0,1.0,0.0,0.76,302.0,5.0,200.0,20.0,0.0,238.0,0.0,2.70805020110221
100713.0,0.0,25047431.0,66555.0,1.0,1.0,0.0,1.11,57.0,7.0,49.0,0.0,0.0,44.0,0.0,5.877735781779639
360229.0,0.0,23923698.0,429238.0,1.0,1.0,0.0,0.76,302.0,5.0,200.0,20.0,0.0,238.0,0.0,4.74493212836325
1148340.0,0.0,10711853.0,498345.0,1.0,1.0,0.0,0.75,351.0,4.0,247.0,18.0,0.0,260.0,0.0,2.5649493574615367
61144.0,1.0,7107573.0,117874.0,1.0,1.0,0.0,0.87,98.0,1.0,75.0,6.0,0.0,201.0,0.0,3.8918202981106265
36389.0,1.0,7672512.0,111945.0,0.0,1.0,0.0,0.99,167.0,3.0,163.0,0.0,0.0,931.0,0.0,4.127134385045092
849.0,1.0,5282920.0,36273.0,0.0,0.0,270690.0,0.0,22.0,1.0,21.0,0.0,0.0,1211.0,0.0,2.302585092994046
20637.0,0.0,1303642.0,54796.0,0.0,1.0,0.0,0.84,57.0,2.0,44.0,3.0,0.0,357.0,0.0,2.6390573296152584
54543.0,0.0,15229003.0,24901.0,1.0,3.0,0.0,0.99,31.0,3.0,25.0,2.0,0.0,78.0,0.0,3.044522437723423
10339.0,0.0,6042599.0,51808.0,1.0,1.0,0.0,1.05,47.0,1.0,39.0,0.0,0.0,123.0,0.0,5.241747015059643
2221.0,1.0,721650.0,685926.0,0.0,3.0,0.0,0.93,464.0,2.0,300.0,34.0,0.0,74.0,0.0,2.70805020110221
199537.0,0.0,5084232.0,36273.0,1.0,0.0,270690.0,0.0,22.0,1.0,21.0,0.0,0.0,1211.0,0.0,4.07753744390572
47018.0,0.0,11065310.0,43655.0,1.0,9.0,0.0,0.7778,98.0,1.0,94.0,0.0,0.0,543.0,0.0,2.772588722239781
205005.0,0.0,23768474.0,429238.0,0.0,1.0,0.0,0.76,302.0,5.0,200.0,20.0,0.0,238.0,0.0,2.772588722239781
887118.0,0.0,19813828.0,927611.0,1.0,1.0,0.0,0.86,614.0,3.0,475.0,27.0,0.0,168.0,0.0,2.995732273553991
122838.0,0.0,7045879.0,117874.0,0.0,1.0,0.0,0.87,98.0,1.0,75.0,6.0,0.0,201.0,0.0,3.6635616461296463
137705.0,0.0,25008007.0,80048.0,0.0,1.0,0.0,0.8,66.0,4.0,49.0,2.0,0.0,740.0,0.0,4.430816798843313
119686.0,1.0,2420518.0,324575.0,0.0,1.0,0.0,0.86,338.0,4.0,280.0,18.0,0.0,217.0,0.0,3.6375861597263857
372307.0,1.0,1122882.0,86371.0,1.0,2.0,0.0,0.85,121.0,1.0,113.0,1.0,0.0,381.0,0.0,3.80666248977032
252105.0,1.0,3564973.0,363512.0,0.0,1.0,0.0,0.9,362.0,2.0,318.0,16.0,0.0,360.0,0.0,4.820281565605037
311125.0,1.0,3474803.0,5345.0,1.0,2.0,0.0,0.8,16.0,2.0,14.0,0.0,0.0,330.0,0.0,4.394449154672439
72713.0,0.0,5449472.0,9999.0,1.0,0.0,200389.0,0.0,7.0,1.0,6.0,0.0,0.0,42.0,0.0,3.6635616461296463
2640.0,1.0,6673145.0,24946.0,1.0,0.0,46680.0,0.0,18.0,0.0,8.0,2.0,0.0,73.0,0.0,5.5053315359323625
757052.0,0.0,12225703.0,23144.0,0.0,1.0,0.0,1.1,19.0,1.0,15.0,0.0,0.0,80.0,0.0,3.49650756146648
91221.0,0.0,3336784.0,15369.0,1.0,1.0,0.0,0.71,12.0,1.0,5.0,4.0,0.0,184.0,0.0,2.6390573296152584
5106.0,0.0,1897704.0,7270.0,1.0,0.0,243.0,0.0,11.0,2.0,9.0,0.0,0.0,19.0,0.0,2.4849066497880004
60508.0,0.0,4664570.0,23244.0,0.0,0.0,148072.0,0.0,23.0,1.0,22.0,0.0,0.0,371.0,0.0,4.787491742782046
169327.0,0.0,389913.0,22419.0,1.0,0.0,197585.0,0.0,17.0,2.0,9.0,2.0,0.0,203.0,0.0,2.19722457733622
83354.0,1.0,952190.0,247493.0,0.0,1.0,0.0,0.84,324.0,9.0,302.0,1.0,0.0,250.0,0.0,2.772588722239781
1160554.0,0.0,20087264.0,927611.0,1.0,1.0,0.0,0.86,614.0,3.0,475.0,27.0,0.0,168.0,0.0,4.634728988229636
46200.0,0.0,25194344.0,66555.0,1.0,1.0,0.0,1.11,57.0,7.0,49.0,0.0,0.0,44.0,0.0,4.07753744390572
36001.0,0.0,2828046.0,4981.0,1.0,2.0,0.0,0.895,14.0,1.0,13.0,0.0,0.0,331.0,0.0,2.8903717578961645
20355.0,0.0,5542540.0,9999.0,0.0,0.0,200389.0,0.0,7.0,1.0,6.0,0.0,0.0,42.0,0.0,3.8918202981106265
319427.0,0.0,26905970.0,239436.0,1.0,1.0,0.0,0.83,250.0,5.0,228.0,1.0,0.0,210.0,0.0,5.14166355650266
26554.0,0.0,3031010.0,3118.0,1.0,1.0,0.0,0.92,3.0,2.0,0.0,0.0,0.0,36.0,0.0,2.079441541679836
104559.0,1.0,2978623.0,8803.0,0.0,1.0,0.0,0.92,25.0,1.0,24.0,0.0,0.0,88.0,0.0,3.044522437723423
195103.0,1.0,6651100.0,13345.0,1.0,1.0,0.0,1.05,32.0,2.0,30.0,0.0,0.0,200.0,0.0,3.4657359027997265
31806.0,0.0,650226.0,18948.0,0.0,1.0,0.0,1.05,17.0,1.0,15.0,0.0,0.0,63.0,0.0,3.218875824868201
418992.0,0.0,11866202.0,1475061.0,1.0,1.0,0.0,0.78,839.0,5.0,347.0,113.0,0.0,299.0,0.0,2.4849066497880004
9884.0,1.0,10372768.0,31179.0,0.0,1.0,0.0,0.98,46.0,2.0,41.0,0.0,0.0,42.0,0.0,3.8501476017100575
216594.0,1.0,6629609.0,13345.0,0.0,1.0,0.0,1.05,32.0,2.0,30.0,0.0,0.0,200.0,0.0,1.3862943611198906
57786.0,1.0,323827.0,16502.0,1.0,1.0,0.0,1.11,19.0,3.0,16.0,0.0,0.0,132.0,0.0,2.4849066497880004
291536.0,0.0,17330684.0,13893.0,1.0,0.0,1864631.0,0.0,10.0,2.0,8.0,0.0,0.0,168.0,0.0,3.828641396489095
6069.0,1.0,17045217.0,13893.0,0.0,0.0,1864631.0,0.0,10.0,2.0,8.0,0.0,0.0,168.0,0.0,3.970291913552122
326031.0,0.0,22130789.0,407899.0,1.0,1.0,0.0,0.82,151.0,4.0,68.0,22.0,0.0,275.0,0.0,3.912023005428146
62963.0,1.0,2937027.0,8803.0,1.0,1.0,0.0,0.92,25.0,1.0,24.0,0.0,0.0,88.0,0.0,2.833213344056216
84474.0,0.0,6761729.0,13345.0,1.0,1.0,0.0,1.05,32.0,2.0,30.0,0.0,0.0,200.0,0.0,5.545177444479562
102576.0,0.0,15277036.0,24901.0,0.0,3.0,0.0,0.99,31.0,3.0,25.0,2.0,0.0,78.0,0.0,3.5263605246161616
245937.0,1.0,2510879.0,441422.0,1.0,1.0,0.0,0.82,400.0,1.0,332.0,13.0,0.0,86.0,0.0,4.382026634673881
13069.0,0.0,1763636.0,199872.0,1.0,1.0,0.0,0.93,260.0,2.0,234.0,8.0,0.0,99.0,0.0,3.58351893845611
11855.0,0.0,1336584.0,6378.0,1.0,0.0,42494.0,0.0,9.0,1.0,7.0,0.0,0.0,56.0,0.0,5.749392985908253
202836.0,0.0,4927914.0,23244.0,0.0,0.0,148072.0,0.0,23.0,1.0,22.0,0.0,0.0,371.0,0.0,2.6390573296152584
44765.0,0.0,1962770.0,104921.0,1.0,1.0,0.0,0.82,80.0,3.0,65.0,1.0,0.0,244.0,0.0,4.934473933130692
160342.0,0.0,1179448.0,5602.0,0.0,1.0,0.0,0.94,9.0,2.0,7.0,0.0,0.0,104.0,0.0,4.48863636973214
862515.0,0.0,10997678.0,498345.0,1.0,1.0,0.0,0.75,351.0,4.0,247.0,18.0,0.0,260.0,0.0,3.4657359027997265
778704.0,0.0,19705414.0,927611.0,0.0,1.0,0.0,0.86,614.0,3.0,475.0,27.0,0.0,168.0,0.0,3.7612001156935615
210338.0,0.0,9117671.0,97567.0,1.0,1.0,0.0,0.94,60.0,2.0,43.0,3.0,0.0,141.0,0.0,1.3862943611198906
403366.0,1.0,11043844.0,1475061.0,0.0,1.0,0.0,0.78,839.0,5.0,347.0,113.0,0.0,299.0,0.0,5.313205979041787
308466.0,1.0,8674615.0,42871.0,0.0,0.0,69624.0,0.0,25.0,0.0,14.0,5.0,0.0,351.0,0.0,3.610917912644224
268125.0,0.0,22770973.0,7465.0,1.0,3.0,0.0,0.9067,23.0,2.0,21.0,0.0,0.0,600.0,0.0,3.6375861597263857
121864.0,1.0,794041.0,233867.0,1.0,1.0,0.0,1.0,155.0,7.0,113.0,9.0,0.0,204.0,0.0,3.6375861597263857
36042.0,1.0,1714525.0,199872.0,1.0,1.0,0.0,0.93,260.0,2.0,234.0,8.0,0.0,99.0,0.0,6.137727054086234
62467.0,1.0,333696.0,191707.0,0.0,1.0,0.0,1.22,127.0,1.0,91.0,8.0,0.0,480.0,0.0,3.970291913552122
140079.0,1.0,6482685.0,394295.0,0.0,1.0,0.0,0.87,336.0,2.0,260.0,23.0,0.0,145.0,0.0,2.19722457733622
36277.0,1.0,1714290.0,199872.0,1.0,1.0,0.0,0.93,260.0,2.0,234.0,8.0,0.0,99.0,0.0,2.995732273553991
406492.0,0.0,17445640.0,13893.0,1.0,0.0,1864631.0,0.0,10.0,2.0,8.0,0.0,0.0,168.0,0.0,3.332204510175204
89876.0,1.0,307988.0,110683.0,0.0,2.0,0.0,0.925,73.0,2.0,58.0,2.0,0.0,80.0,0.0,2.3978952727983707
365416.0,0.0,26196603.0,448833.0,1.0,2.0,0.0,0.92,446.0,1.0,405.0,6.0,0.0,204.0,0.0,2.833213344056216
84817.0,0.0,786154.0,49720.0,1.0,1.0,0.0,0.97,43.0,1.0,41.0,1.0,0.0,1031.0,0.0,2.4849066497880004
43160.0,1.0,7587169.0,281987.0,0.0,1.0,0.0,0.98,301.0,2.0,273.0,9.0,0.0,309.0,0.0,4.158883083359672
1310855.0,0.0,20237565.0,927611.0,0.0,1.0,0.0,0.86,614.0,3.0,475.0,27.0,0.0,168.0,0.0,3.58351893845611
272625.0,0.0,17311773.0,13893.0,0.0,0.0,1864631.0,0.0,10.0,2.0,8.0,0.0,0.0,168.0,0.0,3.295836866004329
147229.0,0.0,15321689.0,24901.0,0.0,3.0,0.0,0.99,31.0,3.0,25.0,2.0,0.0,78.0,0.0,3.871201010907891
20435.0,1.0,4871738.0,70638.0,1.0,1.0,0.0,0.95,49.0,2.0,37.0,3.0,0.0,72.0,0.0,2.4849066497880004
117309.0,1.0,799074.0,5083.0,0.0,1.0,0.0,0.99,9.0,2.0,7.0,0.0,0.0,54.0,0.0,5.420534999272286
138643.0,0.0,11585853.0,1475061.0,0.0,1.0,0.0,0.78,839.0,5.0,347.0,113.0,0.0,299.0,0.0,2.772588722239781
1350666.0,0.0,13823794.0,24901.0,0.0,3.0,0.0,0.99,31.0,3.0,25.0,2.0,0.0,78.0,0.0,4.48863636973214
248782.0,0.0,17287930.0,13893.0,0.0,0.0,1864631.0,0.0,10.0,2.0,8.0,0.0,0.0,168.0,0.0,5.71042701737487
310111.0,0.0,16729037.0,13893.0,1.0,0.0,1864631.0,0.0,10.0,2.0,8.0,0.0,0.0,168.0,0.0,2.6390573296152584
1423989.0,0.0,17502721.0,927611.0,0.0,1.0,0.0,0.86,614.0,3.0,475.0,27.0,0.0,168.0,0.0,4.709530201312334
9369.0,0.0,1720888.0,5668.0,0.0,0.0,17747.0,0.0,4.0,1.0,3.0,0.0,0.0,64.0,0.0,2.6390573296152584
122658.0,1.0,566032.0,691653.0,0.0,3.0,0.0,0.8,504.0,7.0,285.0,41.0,0.0,275.0,0.0,2.5649493574615367
248919.0,0.0,19175629.0,927611.0,1.0,1.0,0.0,0.86,614.0,3.0,475.0,27.0,0.0,168.0,0.0,2.5649493574615367
29189.0,1.0,3210001.0,302818.0,1.0,3.0,0.0,0.94,368.0,2.0,313.0,11.0,0.0,179.0,0.0,3.5263605246161616
244739.0,1.0,2295465.0,324575.0,0.0,1.0,0.0,0.86,338.0,4.0,280.0,18.0,0.0,217.0,0.0,5.017279836814924
12933.0,0.0,7096233.0,4735.0,1.0,1.0,0.0,0.85,7.0,1.0,6.0,0.0,0.0,37.0,0.0,4.718498871295094
72541.0,1.0,380650.0,2285.0,0.0,1.0,0.0,0.76,6.0,1.0,3.0,0.0,0.0,34.0,0.0,4.976733742420574
20445.0,0.0,252716.0,47047.0,1.0,1.0,0.0,0.82,74.0,5.0,69.0,0.0,0.0,105.0,0.0,2.302585092994046
513381.0,0.0,19440091.0,927611.0,1.0,1.0,0.0,0.86,614.0,3.0,475.0,27.0,0.0,168.0,0.0,3.218875824868201
199679.0,0.0,1128386.0,105735.0,1.0,1.0,0.0,1.05,99.0,2.0,86.0,3.0,0.0,204.0,0.0,3.828641396489095
1680146.0,0.0,13127356.0,1475061.0,1.0,1.0,0.0,0.78,839.0,5.0,347.0,113.0,0.0,299.0,0.0,2.3978952727983707
965182.0,0.0,19928539.0,5269.0,1.0,1.0,0.0,0.88,14.0,2.0,12.0,0.0,0.0,84.0,0.0,4.07753744390572
78146.0,1.0,319718.0,110683.0,0.0,2.0,0.0,0.925,73.0,2.0,58.0,2.0,0.0,80.0,0.0,4.110873864173311
537136.0,0.0,23026333.0,429238.0,0.0,1.0,0.0,0.76,302.0,5.0,200.0,20.0,0.0,238.0,0.0,4.844187086458591
1846598.0,0.0,13293808.0,1475061.0,0.0,1.0,0.0,0.78,839.0,5.0,347.0,113.0,0.0,299.0,0.0,5.529429087511423
94270.0,0.0,3357052.0,91994.0,1.0,1.0,0.0,0.89,60.0,1.0,38.0,3.0,0.0,101.0,0.0,2.19722457733622
4516.0,0.0,3821594.0,363512.0,1.0,1.0,0.0,0.9,362.0,2.0,318.0,16.0,0.0,360.0,0.0,4.060443010546419
19986.0,1.0,377878.0,110683.0,1.0,2.0,0.0,0.925,73.0,2.0,58.0,2.0,0.0,80.0,0.0,4.189654742026425
234492.0,0.0,1935706.0,72008.0,1.0,1.0,0.0,0.95,80.0,1.0,74.0,1.0,0.0,151.0,0.0,4.204692619390966
999631.0,0.0,1620405.0,25167.0,0.0,0.0,1002026.0,0.0,13.0,0.0,5.0,3.0,0.0,50.0,0.0,5.049856007249537
429346.0,0.0,7923180.0,111945.0,0.0,1.0,0.0,0.99,167.0,3.0,163.0,0.0,0.0,931.0,0.0,3.4657359027997265
394224.0,0.0,7958302.0,111945.0,0.0,1.0,0.0,0.99,167.0,3.0,163.0,0.0,0.0,931.0,0.0,4.844187086458591
532092.0,1.0,10151116.0,1181213.0,1.0,1.0,0.0,0.77,966.0,3.0,683.0,63.0,0.0,298.0,0.0,2.772588722239781
400263.0,0.0,26231450.0,448833.0,1.0,2.0,0.0,0.92,446.0,1.0,405.0,6.0,0.0,204.0,0.0,3.737669618283368
10739.0,0.0,1761306.0,199872.0,0.0,1.0,0.0,0.93,260.0,2.0,234.0,8.0,0.0,99.0,0.0,4.532599493153256
100086.0,0.0,22402762.0,7465.0,1.0,3.0,0.0,0.9067,23.0,2.0,21.0,0.0,0.0,600.0,0.0,2.8903717578961645
472841.0,0.0,1082311.0,33425.0,1.0,2.0,0.0,0.89,50.0,1.0,40.0,4.0,0.0,1345.0,0.0,4.6443908991413725
1080534.0,0.0,21422314.0,7465.0,1.0,3.0,0.0,0.9067,23.0,2.0,21.0,0.0,0.0,600.0,0.0,3.912023005428146
104293.0,1.0,6476284.0,200054.0,0.0,1.0,0.0,0.84,127.0,2.0,94.0,6.0,0.0,585.0,0.0,3.80666248977032
303792.0,0.0,23867261.0,429238.0,0.0,1.0,0.0,0.76,302.0,5.0,200.0,20.0,0.0,238.0,0.0,5.225746673713202
852392.0,0.0,11007801.0,498345.0,0.0,1.0,0.0,0.75,351.0,4.0,247.0,18.0,0.0,260.0,0.0,2.3978952727983707
708848.0,0.0,12177499.0,23144.0,0.0,1.0,0.0,1.1,19.0,1.0,15.0,0.0,0.0,80.0,0.0,3.091042453358316
146184.0,0.0,525993.0,233867.0,0.0,1.0,0.0,1.0,155.0,7.0,113.0,9.0,0.0,204.0,0.0,5.872117789475416
58207.0,0.0,5225562.0,36273.0,0.0,0.0,270690.0,0.0,22.0,1.0,21.0,0.0,0.0,1211.0,0.0,2.70805020110221
309188.0,0.0,16729960.0,13893.0,1.0,0.0,1864631.0,0.0,10.0,2.0,8.0,0.0,0.0,168.0,0.0,2.9444389791664403
254775.0,0.0,1915423.0,72008.0,1.0,1.0,0.0,0.95,80.0,1.0,74.0,1.0,0.0,151.0,0.0,3.1780538303479458
320420.0,0.0,2940456.0,25167.0,0.0,0.0,1002026.0,0.0,13.0,0.0,5.0,3.0,0.0,50.0,0.0,3.6375861597263857
943409.0,0.0,19906766.0,5269.0,1.0,1.0,0.0,0.88,14.0,2.0,12.0,0.0,0.0,84.0,0.0,5.204006687076795
710869.0,1.0,10736341.0,1475061.0,0.0,1.0,0.0,0.78,839.0,5.0,347.0,113.0,0.0,299.0,0.0,4.672828834461906
967.0,1.0,7637090.0,111945.0,1.0,1.0,0.0,0.99,167.0,3.0,163.0,0.0,0.0,931.0,0.0,4.736198448394496
704356.0,0.0,12173007.0,23144.0,0.0,1.0,0.0,1.1,19.0,1.0,15.0,0.0,0.0,80.0,0.0,2.079441541679836
91302.0,1.0,18835408.0,927611.0,0.0,1.0,0.0,0.86,614.0,3.0,475.0,27.0,0.0,168.0,0.0,3.1780538303479458
762857.0,0.0,12231508.0,23144.0,0.0,1.0,0.0,1.1,19.0,1.0,15.0,0.0,0.0,80.0,0.0,2.079441541679836
414926.0,0.0,11862136.0,1475061.0,0.0,1.0,0.0,0.78,839.0,5.0,347.0,113.0,0.0,299.0,0.0,4.634728988229636
909028.0,1.0,10528052.0,1181213.0,1.0,1.0,0.0,0.77,966.0,3.0,683.0,63.0,0.0,298.0,0.0,3.044522437723423
649251.0,1.0,4372414.0,703986.0,0.0,1.0,0.0,0.95,476.0,2.0,230.0,55.0,0.0,139.0,0.0,3.737669618283368
447041.0,0.0,1672233.0,144288.0,1.0,0.0,20200.0,0.0,73.0,1.0,42.0,6.0,0.0,1090.0,0.0,2.3978952727983707
95635.0,0.0,24965937.0,80048.0,1.0,1.0,0.0,0.8,66.0,4.0,49.0,2.0,0.0,740.0,0.0,2.6390573296152584
707670.0,0.0,12176321.0,23144.0,0.0,1.0,0.0,1.1,19.0,1.0,15.0,0.0,0.0,80.0,0.0,3.688879454113936
239032.0,0.0,459618.0,22419.0,0.0,0.0,197585.0,0.0,17.0,2.0,9.0,2.0,0.0,203.0,0.0,3.555348061489413
242821.0,0.0,24994062.0,22565.0,1.0,1.0,0.0,0.95,47.0,2.0,45.0,0.0,0.0,423.0,0.0,3.951243718581428
523778.0,0.0,23039691.0,429238.0,1.0,1.0,0.0,0.76,302.0,5.0,200.0,20.0,0.0,238.0,0.0,2.772588722239781
184876.0,0.0,405462.0,22419.0,1.0,0.0,197585.0,0.0,17.0,2.0,9.0,2.0,0.0,203.0,0.0,4.454347296253507
166865.0,0.0,2786901.0,25167.0,1.0,0.0,1002026.0,0.0,13.0,0.0,5.0,3.0,0.0,50.0,0.0,2.19722457733622
53150.0,1.0,1697417.0,199872.0,1.0,1.0,0.0,0.93,260.0,2.0,234.0,8.0,0.0,99.0,0.0,5.231108616854587
1177503.0,0.0,21325345.0,7465.0,1.0,3.0,0.0,0.9067,23.0,2.0,21.0,0.0,0.0,600.0,0.0,4.143134726391533
521819.0,0.0,2098217.0,25167.0,0.0,0.0,1002026.0,0.0,13.0,0.0,5.0,3.0,0.0,50.0,0.0,3.1354942159291497
406274.0,0.0,3026310.0,25167.0,1.0,0.0,1002026.0,0.0,13.0,0.0,5.0,3.0,0.0,50.0,0.0,4.262679877041316
25304.0,1.0,1464029.0,95324.0,1.0,1.0,0.0,1.13,56.0,2.0,41.0,3.0,0.0,74.0,0.0,4.007333185232471
130216.0,0.0,2750252.0,25167.0,0.0,0.0,1002026.0,0.0,13.0,0.0,5.0,3.0,0.0,50.0,0.0,2.302585092994046
80195.0,0.0,5821194.0,45277.0,1.0,0.0,290065.0,0.0,37.0,3.0,26.0,2.0,0.0,1029.0,0.0,3.871201010907891
7617.0,1.0,45232.0,157128.0,1.0,1.0,0.0,1.24,88.0,4.0,59.0,3.0,0.0,94.0,0.0,3.49650756146648
13083.0,0.0,1763650.0,199872.0,1.0,1.0,0.0,0.93,260.0,2.0,234.0,8.0,0.0,99.0,0.0,1.3862943611198906
391260.0,0.0,1015399.0,65530.0,0.0,0.0,34197.0,0.0,55.0,1.0,27.0,6.0,0.0,516.0,0.0,3.1354942159291497
779841.0,0.0,18183516.0,5269.0,0.0,1.0,0.0,0.88,14.0,2.0,12.0,0.0,0.0,84.0,0.0,6.035481432524756
650711.0,0.0,22912758.0,429238.0,1.0,1.0,0.0,0.76,302.0,5.0,200.0,20.0,0.0,238.0,0.0,1.9459101490553128
473732.0,0.0,17512880.0,13893.0,0.0,0.0,1864631.0,0.0,10.0,2.0,8.0,0.0,0.0,168.0,0.0,2.19722457733622
944138.0,0.0,17983286.0,13893.0,0.0,0.0,1864631.0,0.0,10.0,2.0,8.0,0.0,0.0,168.0,0.0,4.174387269895637
20991.0,1.0,3162301.0,164464.0,1.0,1.0,0.0,1.04,151.0,3.0,133.0,4.0,0.0,52.0,0.0,3.951243718581428
1057718.0,0.0,14116742.0,24901.0,0.0,3.0,0.0,0.99,31.0,3.0,25.0,2.0,0.0,78.0,0.0,3.4339872044851463
211290.0,0.0,4936368.0,23244.0,0.0,0.0,148072.0,0.0,23.0,1.0,22.0,0.0,0.0,371.0,0.0,2.079441541679836
321558.0,0.0,12790556.0,6164.0,1.0,0.0,1011774.0,0.0,11.0,1.0,9.0,0.0,0.0,67.0,0.0,3.713572066704308
394777.0,0.0,22897625.0,7465.0,0.0,3.0,0.0,0.9067,23.0,2.0,21.0,0.0,0.0,600.0,0.0,3.4657359027997265
872232.0,0.0,19798942.0,927611.0,1.0,1.0,0.0,0.86,614.0,3.0,475.0,27.0,0.0,168.0,0.0,2.4849066497880004
8166.0,1.0,4597635.0,76056.0,0.0,1.0,0.0,1.12,77.0,1.0,70.0,1.0,0.0,174.0,0.0,2.6390573296152584
50906.0,1.0,2502888.0,74511.0,0.0,0.0,63163.0,0.0,83.0,1.0,68.0,2.0,0.0,45.0,0.0,3.970291913552122
373178.0,0.0,12738936.0,6164.0,0.0,0.0,1011774.0,0.0,11.0,1.0,9.0,0.0,0.0,67.0,0.0,2.4849066497880004
2415.0,1.0,1033129.0,247493.0,0.0,1.0,0.0,0.84,324.0,9.0,302.0,1.0,0.0,250.0,0.0,3.6375861597263857
383988.0,0.0,1022671.0,65530.0,0.0,0.0,34197.0,0.0,55.0,1.0,27.0,6.0,0.0,516.0,0.0,3.80666248977032
55564.0,0.0,616613.0,233867.0,1.0,1.0,0.0,1.0,155.0,7.0,113.0,9.0,0.0,204.0,0.0,5.6240175061873385
312864.0,0.0,22815712.0,7465.0,1.0,3.0,0.0,0.9067,23.0,2.0,21.0,0.0,0.0,600.0,0.0,4.007333185232471
950534.0,0.0,1669502.0,25167.0,0.0,0.0,1002026.0,0.0,13.0,0.0,5.0,3.0,0.0,50.0,0.0,2.833213344056216
14020.0,0.0,10326811.0,13765.0,0.0,0.0,4153.0,0.0,31.0,1.0,28.0,1.0,0.0,94.0,0.0,3.4657359027997265
43624.0,1.0,11403586.0,1475061.0,1.0,1.0,0.0,0.78,839.0,5.0,347.0,113.0,0.0,299.0,0.0,3.1780538303479458
542466.0,0.0,19469176.0,927611.0,1.0,1.0,0.0,0.86,614.0,3.0,475.0,27.0,0.0,168.0,0.0,2.995732273553991
1413074.0,0.0,13761386.0,24901.0,1.0,3.0,0.0,0.99,31.0,3.0,25.0,2.0,0.0,78.0,0.0,2.8903717578961645
12440.0,1.0,1400205.0,30826.0,0.0,1.0,0.0,0.77,26.0,1.0,19.0,0.0,0.0,41.0,0.0,2.772588722239781
4967.0,1.0,3640106.0,185746.0,1.0,1.0,0.0,0.79,339.0,8.0,328.0,0.0,0.0,97.0,0.0,2.5649493574615367
707718.0,0.0,12176369.0,23144.0,0.0,1.0,0.0,1.1,19.0,1.0,15.0,0.0,0.0,80.0,0.0,1.9459101490553128
375069.0,0.0,7977457.0,111945.0,1.0,1.0,0.0,0.99,167.0,3.0,163.0,0.0,0.0,931.0,0.0,4.290459441148391
52538.0,0.0,619639.0,233867.0,0.0,1.0,0.0,1.0,155.0,7.0,113.0,9.0,0.0,204.0,0.0,4.77912349311153
229966.0,0.0,14944494.0,24901.0,0.0,3.0,0.0,0.99,31.0,3.0,25.0,2.0,0.0,78.0,0.0,3.951243718581428
271259.0,0.0,22774107.0,7465.0,1.0,3.0,0.0,0.9067,23.0,2.0,21.0,0.0,0.0,600.0,0.0,3.610917912644224
13385.0,1.0,2212047.0,52115.0,0.0,0.0,74.0,0.0,47.0,1.0,35.0,2.0,0.0,216.0,0.0,2.079441541679836
56131.0,1.0,1694436.0,199872.0,1.0,1.0,0.0,0.93,260.0,2.0,234.0,8.0,0.0,99.0,0.0,3.970291913552122
741519.0,0.0,12210170.0,23144.0,0.0,1.0,0.0,1.1,19.0,1.0,15.0,0.0,0.0,80.0,0.0,2.19722457733622
50847.0,0.0,4943020.0,70638.0,1.0,1.0,0.0,0.95,49.0,2.0,37.0,3.0,0.0,72.0,0.0,2.6390573296152584
122908.0,0.0,2497128.0,25167.0,1.0,0.0,1002026.0,0.0,13.0,0.0,5.0,3.0,0.0,50.0,0.0,4.48863636973214
41428.0,0.0,659848.0,18948.0,1.0,1.0,0.0,1.05,17.0,1.0,15.0,0.0,0.0,63.0,0.0,3.091042453358316
24656.0,0.0,1349385.0,6378.0,0.0,0.0,42494.0,0.0,9.0,1.0,7.0,0.0,0.0,56.0,0.0,2.079441541679836
347308.0,1.0,6097629.0,611853.0,1.0,2.0,0.0,0.78,517.0,2.0,306.0,45.0,0.0,115.0,0.0,3.688879454113936
41933.0,0.0,25476804.0,284620.0,1.0,1.0,0.0,0.97,155.0,2.0,119.0,9.0,0.0,124.0,0.0,4.875197323201151
247134.0,0.0,14927326.0,24901.0,1.0,3.0,0.0,0.99,31.0,3.0,25.0,2.0,0.0,78.0,0.0,2.9444389791664403
418842.0,0.0,22945834.0,74922.0,1.0,1.0,0.0,0.98,77.0,2.0,71.0,1.0,0.0,103.0,0.0,2.19722457733622
50944.0,0.0,778209.0,10488.0,1.0,1.0,0.0,0.84,12.0,4.0,7.0,0.0,0.0,333.0,0.0,5.153291594497779
510797.0,0.0,23052672.0,429238.0,1.0,1.0,0.0,0.76,302.0,5.0,200.0,20.0,0.0,238.0,0.0,4.127134385045092
210445.0,1.0,25620742.0,448833.0,1.0,2.0,0.0,0.92,446.0,1.0,405.0,6.0,0.0,204.0,0.0,2.70805020110221
626464.0,1.0,4395201.0,703986.0,1.0,1.0,0.0,0.95,476.0,2.0,230.0,55.0,0.0,139.0,0.0,3.828641396489095
522048.0,0.0,26703349.0,239436.0,0.0,1.0,0.0,0.83,250.0,5.0,228.0,1.0,0.0,210.0,0.0,3.367295829986474
79020.0,1.0,956524.0,247493.0,0.0,1.0,0.0,0.84,324.0,9.0,302.0,1.0,0.0,250.0,0.0,4.110873864173311
20431.0,0.0,1483532.0,29024.0,1.0,1.0,0.0,0.91,21.0,2.0,19.0,0.0,0.0,128.0,0.0,2.4849066497880004
75699.0,0.0,777036.0,49720.0,0.0,1.0,0.0,0.97,43.0,1.0,41.0,1.0,0.0,1031.0,0.0,2.9444389791664403
44426.0,0.0,1079970.0,247493.0,0.0,1.0,0.0,0.84,324.0,9.0,302.0,1.0,0.0,250.0,0.0,2.772588722239781
209164.0,0.0,429750.0,22419.0,1.0,0.0,197585.0,0.0,17.0,2.0,9.0,2.0,0.0,203.0,0.0,2.833213344056216
68532.0,1.0,7612541.0,281987.0,1.0,1.0,0.0,0.98,301.0,2.0,273.0,9.0,0.0,309.0,0.0,4.110873864173311
51977.0,0.0,4755643.0,313011.0,0.0,2.0,0.0,0.89,429.0,8.0,392.0,6.0,0.0,115.0,0.0,2.19722457733622
47294.0,0.0,3232898.0,183782.0,0.0,1.0,0.0,0.88,207.0,1.0,195.0,0.0,0.0,153.0,0.0,3.091042453358316
510479.0,0.0,26714918.0,239436.0,0.0,1.0,0.0,0.83,250.0,5.0,228.0,1.0,0.0,210.0,0.0,2.70805020110221
323226.0,1.0,18603484.0,927611.0,1.0,1.0,0.0,0.86,614.0,3.0,475.0,27.0,0.0,168.0,0.0,5.049856007249537
21828.0,0.0,5305597.0,36273.0,0.0,0.0,270690.0,0.0,22.0,1.0,21.0,0.0,0.0,1211.0,0.0,2.19722457733622
1641609.0,0.0,17285101.0,927611.0,1.0,1.0,0.0,0.86,614.0,3.0,475.0,27.0,0.0,168.0,0.0,3.5263605246161616
814280.0,0.0,11045913.0,498345.0,1.0,1.0,0.0,0.75,351.0,4.0,247.0,18.0,0.0,260.0,0.0,1.9459101490553128
427638.0,0.0,22232396.0,407899.0,1.0,1.0,0.0,0.82,151.0,4.0,68.0,22.0,0.0,275.0,0.0,3.6375861597263857
211826.0,0.0,3375504.0,5345.0,1.0,2.0,0.0,0.8,16.0,2.0,14.0,0.0,0.0,330.0,0.0,2.4849066497880004
751480.0,0.0,12220131.0,23144.0,0.0,1.0,0.0,1.1,19.0,1.0,15.0,0.0,0.0,80.0,0.0,5.093750200806762
125791.0,0.0,15048669.0,24901.0,0.0,3.0,0.0,0.99,31.0,3.0,25.0,2.0,0.0,78.0,0.0,5.2574953720277815
56455.0,0.0,3121248.0,40613.0,1.0,2.0,0.0,0.855,36.0,1.0,24.0,2.0,0.0,549.0,0.0,4.8283137373023015
98631.0,0.0,602706.0,49720.0,0.0,1.0,0.0,0.97,43.0,1.0,41.0,1.0,0.0,1031.0,0.0,4.158883083359672
298610.0,0.0,1108049.0,65530.0,0.0,0.0,34197.0,0.0,55.0,1.0,27.0,6.0,0.0,516.0,0.0,4.189654742026425
23836.0,1.0,10338526.0,58915.0,0.0,3.0,0.0,0.93,60.0,3.0,43.0,3.0,0.0,399.0,0.0,4.634728988229636
43376.0,1.0,80991.0,157128.0,0.0,1.0,0.0,1.24,88.0,4.0,59.0,3.0,0.0,94.0,0.0,4.0943445622221
3035.0,1.0,5280734.0,36273.0,1.0,0.0,270690.0,0.0,22.0,1.0,21.0,0.0,0.0,1211.0,0.0,2.833213344056216
156015.0,0.0,15018445.0,24901.0,0.0,3.0,0.0,0.99,31.0,3.0,25.0,2.0,0.0,78.0,0.0,5.8944028342648505
242555.0,0.0,14931905.0,24901.0,1.0,3.0,0.0,0.99,31.0,3.0,25.0,2.0,0.0,78.0,0.0,3.7612001156935615
32482.0,0.0,639695.0,233867.0,1.0,1.0,0.0,1.0,155.0,7.0,113.0,9.0,0.0,204.0,0.0,3.610917912644224
37468.0,0.0,3893333.0,26961.0,0.0,1.0,0.0,0.97,16.0,1.0,9.0,3.0,0.0,83.0,0.0,6.7580945044277305
541381.0,0.0,18421976.0,5269.0,1.0,1.0,0.0,0.88,14.0,2.0,12.0,0.0,0.0,84.0,0.0,2.8903717578961645
6271.0,1.0,43886.0,157128.0,1.0,1.0,0.0,1.24,88.0,4.0,59.0,3.0,0.0,94.0,0.0,4.624972813284271
359329.0,0.0,25110570.0,22565.0,0.0,1.0,0.0,0.95,47.0,2.0,45.0,0.0,0.0,423.0,0.0,4.90527477843843
15953.0,1.0,1518936.0,148489.0,1.0,1.0,0.0,0.96,128.0,1.0,107.0,1.0,0.0,108.0,0.0,3.871201010907891
76182.0,1.0,2950246.0,8803.0,0.0,1.0,0.0,0.92,25.0,1.0,24.0,0.0,0.0,88.0,0.0,2.772588722239781
227317.0,1.0,2275893.0,7419.0,0.0,1.0,0.0,0.96,14.0,1.0,13.0,0.0,0.0,59.0,0.0,2.3978952727983707
25347.0,0.0,5309116.0,36273.0,1.0,0.0,270690.0,0.0,22.0,1.0,21.0,0.0,0.0,1211.0,0.0,2.4849066497880004
355564.0,0.0,24068330.0,19262.0,1.0,1.0,0.0,0.99,8.0,1.0,6.0,0.0,0.0,49.0,0.0,2.079441541679836
15315.0,1.0,3884187.0,46371.0,1.0,1.0,0.0,0.65,27.0,1.0,16.0,4.0,0.0,240.0,0.0,4.330733340286331
19609.0,0.0,1344338.0,6378.0,1.0,0.0,42494.0,0.0,9.0,1.0,7.0,0.0,0.0,56.0,0.0,5.752572638825633
647679.0,0.0,26478866.0,448833.0,0.0,2.0,0.0,0.92,446.0,1.0,405.0,6.0,0.0,204.0,0.0,3.688879454113936
1413884.0,0.0,13760576.0,24901.0,0.0,3.0,0.0,0.99,31.0,3.0,25.0,2.0,0.0,78.0,0.0,5.272999558563747
192203.0,1.0,2348001.0,324575.0,0.0,1.0,0.0,0.86,338.0,4.0,280.0,18.0,0.0,217.0,0.0,4.07753744390572
189650.0,0.0,9138359.0,97567.0,1.0,1.0,0.0,0.94,60.0,2.0,43.0,3.0,0.0,141.0,0.0,3.8918202981106265
530053.0,0.0,19456763.0,927611.0,0.0,1.0,0.0,0.86,614.0,3.0,475.0,27.0,0.0,168.0,0.0,2.079441541679836
768345.0,0.0,19731702.0,5269.0,1.0,1.0,0.0,0.88,14.0,2.0,12.0,0.0,0.0,84.0,0.0,3.737669618283368
448494.0,0.0,26279681.0,448833.0,1.0,2.0,0.0,0.92,446.0,1.0,405.0,6.0,0.0,204.0,0.0,3.688879454113936
266043.0,1.0,2274161.0,324575.0,0.0,1.0,0.0,0.86,338.0,4.0,280.0,18.0,0.0,217.0,0.0,4.867534450455582
123412.0,1.0,394641.0,191707.0,0.0,1.0,0.0,1.22,127.0,1.0,91.0,8.0,0.0,480.0,0.0,2.833213344056216
503560.0,0.0,25254801.0,22565.0,1.0,1.0,0.0,0.95,47.0,2.0,45.0,0.0,0.0,423.0,0.0,2.3978952727983707
267818.0,0.0,1138841.0,65530.0,1.0,0.0,34197.0,0.0,55.0,1.0,27.0,6.0,0.0,516.0,0.0,3.5263605246161616
14434.0,0.0,7303083.0,394619.0,1.0,1.0,0.0,0.89,385.0,1.0,334.0,8.0,0.0,170.0,0.0,2.3978952727983707
88847.0,1.0,2339801.0,98417.0,0.0,1.0,0.0,0.93,66.0,2.0,50.0,2.0,0.0,171.0,0.0,1.6094379124341005
319774.0,0.0,26905623.0,239436.0,1.0,1.0,0.0,0.83,250.0,5.0,228.0,1.0,0.0,210.0,0.0,3.5263605246161616
29112.0,0.0,4921285.0,70638.0,0.0,1.0,0.0,0.95,49.0,2.0,37.0,3.0,0.0,72.0,0.0,4.204692619390966
58025.0,0.0,2932089.0,8803.0,0.0,1.0,0.0,0.92,25.0,1.0,24.0,0.0,0.0,88.0,0.0,2.3978952727983707
47770.0,0.0,1537103.0,95324.0,0.0,1.0,0.0,1.13,56.0,2.0,41.0,3.0,0.0,74.0,0.0,3.555348061489413
1045997.0,0.0,17880713.0,927611.0,1.0,1.0,0.0,0.86,614.0,3.0,475.0,27.0,0.0,168.0,0.0,5.2832037287379885
204136.0,0.0,424722.0,22419.0,1.0,0.0,197585.0,0.0,17.0,2.0,9.0,2.0,0.0,203.0,0.0,4.553876891600541
346477.0,1.0,6096798.0,611853.0,1.0,2.0,0.0,0.78,517.0,2.0,306.0,45.0,0.0,115.0,0.0,2.70805020110221
312475.0,0.0,19275832.0,5269.0,0.0,1.0,0.0,0.88,14.0,2.0,12.0,0.0,0.0,84.0,0.0,3.295836866004329
425941.0,0.0,22938735.0,74922.0,0.0,1.0,0.0,0.98,77.0,2.0,71.0,1.0,0.0,103.0,0.0,2.079441541679836
15603.0,1.0,11431607.0,1475061.0,1.0,1.0,0.0,0.78,839.0,5.0,347.0,113.0,0.0,299.0,0.0,4.955827057601261
425369.0,0.0,22928217.0,7465.0,0.0,3.0,0.0,0.9067,23.0,2.0,21.0,0.0,0.0,600.0,0.0,2.5649493574615367
86326.0,0.0,25061818.0,66555.0,0.0,1.0,0.0,1.11,57.0,7.0,49.0,0.0,0.0,44.0,0.0,2.3978952727983707
242163.0,1.0,3574915.0,363512.0,0.0,1.0,0.0,0.9,362.0,2.0,318.0,16.0,0.0,360.0,0.0,4.0943445622221
11389.0,1.0,6981079.0,65768.0,0.0,1.0,0.0,1.01,58.0,1.0,55.0,0.0,0.0,54.0,0.0,4.718498871295094
18034.0,0.0,7152899.0,5233.0,1.0,1.0,0.0,0.89,12.0,1.0,9.0,0.0,0.0,20.0,0.0,3.9318256327243257
1161885.0,0.0,17764825.0,927611.0,0.0,1.0,0.0,0.86,614.0,3.0,475.0,27.0,0.0,168.0,0.0,2.302585092994046
40650.0,1.0,4565151.0,76056.0,0.0,1.0,0.0,1.12,77.0,1.0,70.0,1.0,0.0,174.0,0.0,2.9444389791664403
784225.0,0.0,18179132.0,5269.0,0.0,1.0,0.0,0.88,14.0,2.0,12.0,0.0,0.0,84.0,0.0,4.3694478524670215
39529.0,0.0,789624.0,10488.0,0.0,1.0,0.0,0.84,12.0,4.0,7.0,0.0,0.0,333.0,0.0,3.951243718581428
180515.0,0.0,14993945.0,24901.0,0.0,3.0,0.0,0.99,31.0,3.0,25.0,2.0,0.0,78.0,0.0,5.529429087511423
83202.0,0.0,3087658.0,3118.0,1.0,1.0,0.0,0.92,3.0,2.0,0.0,0.0,0.0,36.0,0.0,3.4657359027997265
33749.0,0.0,2635164.0,12239.0,1.0,1.0,0.0,0.6,14.0,1.0,10.0,0.0,0.0,14.0,0.0,3.4339872044851463
1356700.0,0.0,6081778.0,23244.0,0.0,0.0,148072.0,0.0,23.0,1.0,22.0,0.0,0.0,371.0,0.0,2.772588722239781
1264440.0,0.0,12711650.0,1475061.0,0.0,1.0,0.0,0.78,839.0,5.0,347.0,113.0,0.0,299.0,0.0,4.574710978503383
102641.0,0.0,1814160.0,5668.0,0.0,0.0,17747.0,0.0,4.0,1.0,3.0,0.0,0.0,64.0,0.0,2.3978952727983707
425063.0,0.0,2202121.0,730752.0,1.0,5.0,0.0,0.972,416.0,8.0,251.0,22.0,0.0,327.0,0.0,3.091042453358316
150466.0,0.0,17189614.0,13893.0,0.0,0.0,1864631.0,0.0,10.0,2.0,8.0,0.0,0.0,168.0,0.0,3.610917912644224
520245.0,0.0,23043224.0,429238.0,1.0,1.0,0.0,0.76,302.0,5.0,200.0,20.0,0.0,238.0,0.0,3.091042453358316
17816.0,1.0,3690615.0,81730.0,0.0,1.0,0.0,0.82,100.0,3.0,86.0,3.0,0.0,398.0,0.0,3.737669618283368
12331.0,0.0,5509854.0,9999.0,1.0,0.0,200389.0,0.0,7.0,1.0,6.0,0.0,0.0,42.0,0.0,4.356708826689592
297536.0,0.0,1109123.0,65530.0,0.0,0.0,34197.0,0.0,55.0,1.0,27.0,6.0,0.0,516.0,0.0,4.219507705176107
289424.0,1.0,18637286.0,927611.0,0.0,1.0,0.0,0.86,614.0,3.0,475.0,27.0,0.0,168.0,0.0,3.713572066704308
10737.0,1.0,10373621.0,31179.0,1.0,1.0,0.0,0.98,46.0,2.0,41.0,0.0,0.0,42.0,0.0,3.80666248977032
458885.0,0.0,7799426.0,136039.0,0.0,1.0,0.0,0.9,91.0,1.0,68.0,5.0,0.0,495.0,0.0,3.80666248977032
363933.0,1.0,6114254.0,611853.0,1.0,2.0,0.0,0.78,517.0,2.0,306.0,45.0,0.0,115.0,0.0,3.58351893845611
832851.0,0.0,18130506.0,5269.0,1.0,1.0,0.0,0.88,14.0,2.0,12.0,0.0,0.0,84.0,0.0,2.5649493574615367
59404.0,1.0,25088740.0,66555.0,1.0,1.0,0.0,1.11,57.0,7.0,49.0,0.0,0.0,44.0,0.0,4.48863636973214
424407.0,0.0,7928119.0,111945.0,0.0,1.0,0.0,0.99,167.0,3.0,163.0,0.0,0.0,931.0,0.0,2.3978952727983707
280139.0,0.0,17319287.0,13893.0,0.0,0.0,1864631.0,0.0,10.0,2.0,8.0,0.0,0.0,168.0,0.0,2.772588722239781
308266.0,1.0,11138944.0,1475061.0,0.0,1.0,0.0,0.78,839.0,5.0,347.0,113.0,0.0,299.0,0.0,3.332204510175204
225725.0,0.0,4950803.0,23244.0,0.0,0.0,148072.0,0.0,23.0,1.0,22.0,0.0,0.0,371.0,0.0,5.327876168789581
35377.0,0.0,2407537.0,145074.0,0.0,1.0,0.0,1.07,126.0,5.0,103.0,4.0,0.0,535.0,0.0,2.4849066497880004
1348795.0,0.0,13825665.0,24901.0,1.0,3.0,0.0,0.99,31.0,3.0,25.0,2.0,0.0,78.0,0.0,2.19722457733622
163485.0,0.0,23602839.0,94653.0,0.0,1.0,0.0,0.94,76.0,4.0,63.0,2.0,0.0,70.0,0.0,2.3978952727983707
303305.0,0.0,26134492.0,448833.0,1.0,2.0,0.0,0.92,446.0,1.0,405.0,6.0,0.0,204.0,0.0,3.6375861597263857
330831.0,1.0,6081152.0,611853.0,0.0,2.0,0.0,0.78,517.0,2.0,306.0,45.0,0.0,115.0,0.0,4.624972813284271
43005.0,1.0,451998.0,125097.0,1.0,1.0,0.0,0.84,93.0,1.0,66.0,7.0,0.0,481.0,0.0,5.062595033026967
303343.0,0.0,26134530.0,448833.0,1.0,2.0,0.0,0.92,446.0,1.0,405.0,6.0,0.0,204.0,0.0,3.6375861597263857
593359.0,0.0,22970110.0,429238.0,0.0,1.0,0.0,0.76,302.0,5.0,200.0,20.0,0.0,238.0,0.0,3.828641396489095
245407.0,0.0,3967737.0,26488.0,1.0,1.0,0.0,1.18,26.0,1.0,24.0,0.0,0.0,72.0,0.0,3.295836866004329
175546.0,0.0,7957740.0,2923.0,0.0,1.0,0.0,0.99,10.0,1.0,9.0,0.0,0.0,226.0,0.0,4.897839799950911
42274.0,0.0,677155.0,685926.0,0.0,3.0,0.0,0.93,464.0,2.0,300.0,34.0,0.0,74.0,0.0,2.995732273553991
4438.0,1.0,25143706.0,66555.0,1.0,1.0,0.0,1.11,57.0,7.0,49.0,0.0,0.0,44.0,0.0,4.204692619390966
261071.0,0.0,1972590.0,5668.0,1.0,0.0,17747.0,0.0,4.0,1.0,3.0,0.0,0.0,64.0,0.0,5.14166355650266
126653.0,1.0,2630163.0,441422.0,1.0,1.0,0.0,0.82,400.0,1.0,332.0,13.0,0.0,86.0,0.0,4.836281906951478
552387.0,0.0,23011082.0,429238.0,0.0,1.0,0.0,0.76,302.0,5.0,200.0,20.0,0.0,238.0,0.0,3.1354942159291497
152501.0,0.0,19115858.0,5269.0,1.0,1.0,0.0,0.88,14.0,2.0,12.0,0.0,0.0,84.0,0.0,2.9444389791664403
92659.0,0.0,3358663.0,91994.0,0.0,1.0,0.0,0.89,60.0,1.0,38.0,3.0,0.0,101.0,0.0,2.8903717578961645
18999.0,0.0,849624.0,5517.0,1.0,1.0,0.0,0.89,10.0,2.0,8.0,0.0,0.0,559.0,0.0,3.912023005428146
2527.0,1.0,465846.0,452412.0,0.0,3.0,0.0,0.8067,468.0,5.0,394.0,16.0,0.0,108.0,0.0,2.833213344056216
528825.0,0.0,26360012.0,448833.0,1.0,2.0,0.0,0.92,446.0,1.0,405.0,6.0,0.0,204.0,0.0,6.021023349349527
20326.0,1.0,2472308.0,74511.0,0.0,0.0,63163.0,0.0,83.0,1.0,68.0,2.0,0.0,45.0,0.0,3.044522437723423
41819.0,1.0,1708748.0,199872.0,0.0,1.0,0.0,0.93,260.0,2.0,234.0,8.0,0.0,99.0,0.0,3.970291913552122
568970.0,0.0,16470178.0,13893.0,0.0,0.0,1864631.0,0.0,10.0,2.0,8.0,0.0,0.0,168.0,0.0,2.5649493574615367
73611.0,0.0,2527804.0,12239.0,0.0,1.0,0.0,0.6,14.0,1.0,10.0,0.0,0.0,14.0,0.0,2.079441541679836
591185.0,1.0,10856025.0,1475061.0,0.0,1.0,0.0,0.78,839.0,5.0,347.0,113.0,0.0,299.0,0.0,3.912023005428146
41473.0,0.0,787680.0,10488.0,1.0,1.0,0.0,0.84,12.0,4.0,7.0,0.0,0.0,333.0,0.0,5.123963979403259
44146.0,0.0,628031.0,233867.0,0.0,1.0,0.0,1.0,155.0,7.0,113.0,9.0,0.0,204.0,0.0,6.410174881966167
70914.0,1.0,3637517.0,81730.0,0.0,1.0,0.0,0.82,100.0,3.0,86.0,3.0,0.0,398.0,0.0,4.795790545596741
2445.0,1.0,1280560.0,54796.0,0.0,1.0,0.0,0.84,57.0,2.0,44.0,3.0,0.0,357.0,0.0,3.258096538021482
7966.0,1.0,3492486.0,36667.0,0.0,1.0,0.0,0.95,59.0,2.0,57.0,0.0,0.0,26.0,0.0,2.995732273553991
691958.0,0.0,22871511.0,429238.0,0.0,1.0,0.0,0.76,302.0,5.0,200.0,20.0,0.0,238.0,0.0,4.499809670330265
9811.0,1.0,25138333.0,66555.0,1.0,1.0,0.0,1.11,57.0,7.0,49.0,0.0,0.0,44.0,0.0,2.079441541679836
92308.0,1.0,1010618.0,133152.0,0.0,1.0,0.0,0.84,87.0,2.0,69.0,2.0,0.0,274.0,0.0,2.833213344056216
345258.0,0.0,25096499.0,22565.0,0.0,1.0,0.0,0.95,47.0,2.0,45.0,0.0,0.0,423.0,0.0,3.258096538021482
85199.0,1.0,950345.0,247493.0,0.0,1.0,0.0,0.84,324.0,9.0,302.0,1.0,0.0,250.0,0.0,3.9318256327243257
187359.0,1.0,6658844.0,13345.0,1.0,1.0,0.0,1.05,32.0,2.0,30.0,0.0,0.0,200.0,0.0,3.258096538021482
2122.0,0.0,1752689.0,199872.0,1.0,1.0,0.0,0.93,260.0,2.0,234.0,8.0,0.0,99.0,0.0,4.382026634673881
666266.0,0.0,12134917.0,23144.0,0.0,1.0,0.0,1.1,19.0,1.0,15.0,0.0,0.0,80.0,0.0,3.295836866004329
16768.0,0.0,655409.0,233867.0,1.0,1.0,0.0,1.0,155.0,7.0,113.0,9.0,0.0,204.0,0.0,3.091042453358316
398016.0,0.0,12714098.0,6164.0,0.0,0.0,1011774.0,0.0,11.0,1.0,9.0,0.0,0.0,67.0,0.0,3.044522437723423
4531.0,0.0,266698.0,191707.0,1.0,1.0,0.0,1.22,127.0,1.0,91.0,8.0,0.0,480.0,0.0,3.4657359027997265
427860.0,0.0,12684254.0,6164.0,0.0,0.0,1011774.0,0.0,11.0,1.0,9.0,0.0,0.0,67.0,0.0,2.4849066497880004
13399.0,0.0,930783.0,45568.0,0.0,1.0,0.0,0.8,32.0,1.0,25.0,2.0,0.0,48.0,0.0,4.290459441148391
1835.0,1.0,1113276.0,132301.0,0.0,1.0,0.0,1.15,108.0,1.0,86.0,8.0,0.0,230.0,0.0,2.3978952727983707
7051.0,1.0,679228.0,233867.0,1.0,1.0,0.0,1.0,155.0,7.0,113.0,9.0,0.0,204.0,0.0,3.49650756146648
7404.0,1.0,1275601.0,54796.0,0.0,1.0,0.0,0.84,57.0,2.0,44.0,3.0,0.0,357.0,0.0,4.700480365792417
52537.0,0.0,3203066.0,100187.0,1.0,1.0,0.0,1.06,79.0,5.0,64.0,1.0,0.0,114.0,0.0,2.995732273553991
623498.0,0.0,19586855.0,5269.0,1.0,1.0,0.0,0.88,14.0,2.0,12.0,0.0,0.0,84.0,0.0,3.688879454113936
23058.0,0.0,696371.0,685926.0,0.0,3.0,0.0,0.93,464.0,2.0,300.0,34.0,0.0,74.0,0.0,3.1780538303479458
681606.0,0.0,22881863.0,429238.0,1.0,1.0,0.0,0.76,302.0,5.0,200.0,20.0,0.0,238.0,0.0,6.016157159698354
6562.0,1.0,3810516.0,363512.0,0.0,1.0,0.0,0.9,362.0,2.0,318.0,16.0,0.0,360.0,0.0,3.218875824868201
361533.0,1.0,6111854.0,611853.0,0.0,2.0,0.0,0.78,517.0,2.0,306.0,45.0,0.0,115.0,0.0,3.49650756146648
3943.0,1.0,676120.0,233867.0,1.0,1.0,0.0,1.0,155.0,7.0,113.0,9.0,0.0,204.0,0.0,3.258096538021482
678257.0,1.0,18248453.0,927611.0,0.0,1.0,0.0,0.86,614.0,3.0,475.0,27.0,0.0,168.0,0.0,2.3978952727983707
56147.0,0.0,1464962.0,19301.0,1.0,1.0,0.0,0.83,26.0,2.0,23.0,0.0,0.0,51.0,0.0,4.394449154672439
317320.0,1.0,6438404.0,749455.0,1.0,1.0,0.0,0.91,434.0,2.0,202.0,68.0,0.0,68.0,0.0,3.713572066704308
1857265.0,0.0,13317195.0,24901.0,0.0,3.0,0.0,0.99,31.0,3.0,25.0,2.0,0.0,78.0,0.0,3.332204510175204
306046.0,0.0,19232756.0,927611.0,1.0,1.0,0.0,0.86,614.0,3.0,475.0,27.0,0.0,168.0,0.0,4.543294782270004
172877.0,0.0,2792913.0,25167.0,1.0,0.0,1002026.0,0.0,13.0,0.0,5.0,3.0,0.0,50.0,0.0,2.995732273553991
1827785.0,0.0,13274995.0,1475061.0,0.0,1.0,0.0,0.78,839.0,5.0,347.0,113.0,0.0,299.0,0.0,2.4849066497880004
153726.0,0.0,518451.0,233867.0,1.0,1.0,0.0,1.0,155.0,7.0,113.0,9.0,0.0,204.0,0.0,2.3978952727983707
60462.0,0.0,6615323.0,24946.0,1.0,0.0,46680.0,0.0,18.0,0.0,8.0,2.0,0.0,73.0,0.0,3.091042453358316
589779.0,0.0,4312109.0,26488.0,0.0,1.0,0.0,1.18,26.0,1.0,24.0,0.0,0.0,72.0,0.0,4.110873864173311
358605.0,1.0,1136584.0,86371.0,0.0,2.0,0.0,0.85,121.0,1.0,113.0,1.0,0.0,381.0,0.0,4.68213122712422
281831.0,0.0,3445509.0,5345.0,0.0,2.0,0.0,0.8,16.0,2.0,14.0,0.0,0.0,330.0,0.0,2.772588722239781
1210434.0,0.0,10649759.0,498345.0,0.0,1.0,0.0,0.75,351.0,4.0,247.0,18.0,0.0,260.0,0.0,2.70805020110221
5496.0,1.0,11122749.0,20371.0,0.0,1.0,0.0,0.99,42.0,0.0,39.0,0.0,0.0,16.0,0.0,3.5263605246161616
235828.0,0.0,456414.0,22419.0,0.0,0.0,197585.0,0.0,17.0,2.0,9.0,2.0,0.0,203.0,0.0,3.044522437723423
52402.0,0.0,1955133.0,104921.0,1.0,1.0,0.0,0.82,80.0,3.0,65.0,1.0,0.0,244.0,0.0,4.820281565605037
22780.0,0.0,491153.0,452412.0,1.0,3.0,0.0,0.8067,468.0,5.0,394.0,16.0,0.0,108.0,0.0,2.70805020110221
255647.0,0.0,16783501.0,13893.0,1.0,0.0,1864631.0,0.0,10.0,2.0,8.0,0.0,0.0,168.0,0.0,4.691347882229144
427741.0,0.0,19354451.0,927611.0,1.0,1.0,0.0,0.86,614.0,3.0,475.0,27.0,0.0,168.0,0.0,4.31748811353631
7683.0,1.0,6668102.0,24946.0,0.0,0.0,46680.0,0.0,18.0,0.0,8.0,2.0,0.0,73.0,0.0,3.1354942159291497
25653.0,0.0,7314302.0,394619.0,1.0,1.0,0.0,0.89,385.0,1.0,334.0,8.0,0.0,170.0,0.0,4.672828834461906
325659.0,0.0,23889128.0,429238.0,0.0,1.0,0.0,0.76,302.0,5.0,200.0,20.0,0.0,238.0,0.0,2.19722457733622
87934.0,0.0,1799453.0,5668.0,1.0,0.0,17747.0,0.0,4.0,1.0,3.0,0.0,0.0,64.0,0.0,3.1354942159291497
185049.0,0.0,14989411.0,24901.0,0.0,3.0,0.0,0.99,31.0,3.0,25.0,2.0,0.0,78.0,0.0,4.143134726391533
213673.0,0.0,3377351.0,5345.0,0.0,2.0,0.0,0.8,16.0,2.0,14.0,0.0,0.0,330.0,0.0,2.079441541679836
1838702.0,0.0,13285912.0,1475061.0,1.0,1.0,0.0,0.78,839.0,5.0,347.0,113.0,0.0,299.0,0.0,2.079441541679836
242917.0,1.0,2297287.0,324575.0,0.0,1.0,0.0,0.86,338.0,4.0,280.0,18.0,0.0,217.0,0.0,3.367295829986474
941867.0,0.0,19905224.0,5269.0,1.0,1.0,0.0,0.88,14.0,2.0,12.0,0.0,0.0,84.0,0.0,2.9444389791664403
772575.0,0.0,12241226.0,23144.0,0.0,1.0,0.0,1.1,19.0,1.0,15.0,0.0,0.0,80.0,0.0,4.418840607796598
404615.0,0.0,25155856.0,22565.0,0.0,1.0,0.0,0.95,47.0,2.0,45.0,0.0,0.0,423.0,0.0,2.19722457733622
1816693.0,0.0,13263903.0,1475061.0,1.0,1.0,0.0,0.78,839.0,5.0,347.0,113.0,0.0,299.0,0.0,5.752572638825633
241138.0,1.0,2299066.0,324575.0,1.0,1.0,0.0,0.86,338.0,4.0,280.0,18.0,0.0,217.0,0.0,2.4849066497880004
241440.0,1.0,8607589.0,42871.0,1.0,0.0,69624.0,0.0,25.0,0.0,14.0,5.0,0.0,351.0,0.0,2.8903717578961645
37766.0,0.0,656186.0,18948.0,1.0,1.0,0.0,1.05,17.0,1.0,15.0,0.0,0.0,63.0,0.0,4.762173934797756
523705.0,0.0,26701692.0,239436.0,0.0,1.0,0.0,0.83,250.0,5.0,228.0,1.0,0.0,210.0,0.0,2.19722457733622
365688.0,1.0,11081522.0,1475061.0,0.0,1.0,0.0,0.78,839.0,5.0,347.0,113.0,0.0,299.0,0.0,2.5649493574615367
151043.0,1.0,2389161.0,324575.0,1.0,1.0,0.0,0.86,338.0,4.0,280.0,18.0,0.0,217.0,0.0,3.332204510175204
348584.0,0.0,8488599.0,3021.0,1.0,1.0,0.0,0.71,0.0,0.0,0.0,0.0,0.0,15.0,0.0,4.31748811353631
25801.0,1.0,2477783.0,74511.0,0.0,0.0,63163.0,0.0,83.0,1.0,68.0,2.0,0.0,45.0,0.0,2.6390573296152584
46512.0,0.0,11081733.0,20371.0,0.0,1.0,0.0,0.99,42.0,0.0,39.0,0.0,0.0,16.0,0.0,2.8903717578961645
199497.0,0.0,3363175.0,5345.0,1.0,2.0,0.0,0.8,16.0,2.0,14.0,0.0,0.0,330.0,0.0,4.804021044733257
362114.0,0.0,3327717.0,45917.0,0.0,3.0,0.0,1.0267,80.0,3.0,76.0,0.0,0.0,532.0,0.0,4.219507705176107
257665.0,0.0,24499944.0,5190.0,0.0,0.0,1266.0,0.0,17.0,1.0,16.0,0.0,0.0,167.0,0.0,2.995732273553991
28782.0,0.0,8104504.0,2923.0,0.0,1.0,0.0,0.99,10.0,1.0,9.0,0.0,0.0,226.0,0.0,3.4011973816621555
344805.0,0.0,26175992.0,448833.0,1.0,2.0,0.0,0.92,446.0,1.0,405.0,6.0,0.0,204.0,0.0,4.727387818712341
533694.0,0.0,23029775.0,429238.0,1.0,1.0,0.0,0.76,302.0,5.0,200.0,20.0,0.0,238.0,0.0,2.8903717578961645
322339.0,1.0,6433385.0,749455.0,0.0,1.0,0.0,0.91,434.0,2.0,202.0,68.0,0.0,68.0,0.0,3.49650756146648
15732.0,0.0,591292.0,63863.0,0.0,0.0,43104.0,0.0,49.0,1.0,42.0,1.0,0.0,260.0,0.0,4.418840607796598
76940.0,0.0,4815233.0,70638.0,1.0,1.0,0.0,0.95,49.0,2.0,37.0,3.0,0.0,72.0,0.0,3.610917912644224
362262.0,1.0,6112583.0,611853.0,0.0,2.0,0.0,0.78,517.0,2.0,306.0,45.0,0.0,115.0,0.0,2.3978952727983707
104092.0,1.0,3135098.0,302818.0,0.0,3.0,0.0,0.94,368.0,2.0,313.0,11.0,0.0,179.0,0.0,4.31748811353631
37074.0,1.0,7581083.0,281987.0,1.0,1.0,0.0,0.98,301.0,2.0,273.0,9.0,0.0,309.0,0.0,3.737669618283368
5803.0,1.0,18920907.0,927611.0,0.0,1.0,0.0,0.86,614.0,3.0,475.0,27.0,0.0,168.0,0.0,2.9444389791664403
4923.0,1.0,3820434.0,95481.0,1.0,1.0,0.0,0.84,51.0,2.0,22.0,6.0,0.0,125.0,0.0,6.735780014242327
13398.0,1.0,2212060.0,52115.0,0.0,0.0,74.0,0.0,47.0,1.0,35.0,2.0,0.0,216.0,0.0,2.19722457733622
3440.0,0.0,25151584.0,66555.0,0.0,1.0,0.0,1.11,57.0,7.0,49.0,0.0,0.0,44.0,0.0,3.295836866004329
373404.0,0.0,12738710.0,6164.0,0.0,0.0,1011774.0,0.0,11.0,1.0,9.0,0.0,0.0,67.0,0.0,2.70805020110221
72297.0,1.0,963247.0,247493.0,1.0,1.0,0.0,0.84,324.0,9.0,302.0,1.0,0.0,250.0,0.0,3.091042453358316
697417.0,0.0,19624127.0,927611.0,0.0,1.0,0.0,0.86,614.0,3.0,475.0,27.0,0.0,168.0,0.0,2.302585092994046
70401.0,0.0,5213368.0,36273.0,0.0,0.0,270690.0,0.0,22.0,1.0,21.0,0.0,0.0,1211.0,0.0,4.882801922586371
9348.0,1.0,7159369.0,117874.0,1.0,1.0,0.0,0.87,98.0,1.0,75.0,6.0,0.0,201.0,0.0,2.079441541679836
422003.0,0.0,22942673.0,74922.0,0.0,1.0,0.0,0.98,77.0,2.0,71.0,1.0,0.0,103.0,0.0,5.147494476813453
19722.0,0.0,7151211.0,5233.0,1.0,1.0,0.0,0.89,12.0,1.0,9.0,0.0,0.0,20.0,0.0,3.044522437723423
24863.0,1.0,88362.0,27588.0,0.0,1.0,0.0,0.92,30.0,2.0,23.0,1.0,0.0,81.0,0.0,4.110873864173311
11203.0,1.0,483800.0,125097.0,1.0,1.0,0.0,0.84,93.0,1.0,66.0,7.0,0.0,481.0,0.0,3.258096538021482
265646.0,0.0,3429324.0,5345.0,1.0,2.0,0.0,0.8,16.0,2.0,14.0,0.0,0.0,330.0,0.0,2.3978952727983707
1433340.0,0.0,13741120.0,24901.0,1.0,3.0,0.0,0.99,31.0,3.0,25.0,2.0,0.0,78.0,0.0,5.030437921392435
321943.0,1.0,23241526.0,429238.0,1.0,1.0,0.0,0.76,302.0,5.0,200.0,20.0,0.0,238.0,0.0,3.218875824868201
51570.0,1.0,1550038.0,51594.0,1.0,0.0,37936.0,0.0,80.0,2.0,78.0,0.0,0.0,225.0,0.0,2.70805020110221
142277.0,0.0,529900.0,233867.0,1.0,1.0,0.0,1.0,155.0,7.0,113.0,9.0,0.0,204.0,0.0,4.867534450455582
112067.0,0.0,5299595.0,34959.0,1.0,1.0,0.0,0.99,42.0,2.0,33.0,1.0,0.0,99.0,0.0,5.902633333401366
130875.0,0.0,23570229.0,94653.0,1.0,1.0,0.0,0.94,76.0,4.0,63.0,2.0,0.0,70.0,0.0,4.919980925828125
657661.0,0.0,22905808.0,429238.0,0.0,1.0,0.0,0.76,302.0,5.0,200.0,20.0,0.0,238.0,0.0,3.970291913552122
363822.0,1.0,6114143.0,611853.0,0.0,2.0,0.0,0.78,517.0,2.0,306.0,45.0,0.0,115.0,0.0,2.6390573296152584
35864.0,0.0,24278143.0,5190.0,0.0,0.0,1266.0,0.0,17.0,1.0,16.0,0.0,0.0,167.0,0.0,3.58351893845611
10965.0,0.0,3250155.0,302818.0,1.0,3.0,0.0,0.94,368.0,2.0,313.0,11.0,0.0,179.0,0.0,4.532599493153256
206928.0,1.0,2333276.0,324575.0,0.0,1.0,0.0,0.86,338.0,4.0,280.0,18.0,0.0,217.0,0.0,2.3978952727983707
41911.0,0.0,4745577.0,313011.0,1.0,2.0,0.0,0.89,429.0,8.0,392.0,6.0,0.0,115.0,0.0,2.3978952727983707
41800.0,1.0,993744.0,247493.0,1.0,1.0,0.0,0.84,324.0,9.0,302.0,1.0,0.0,250.0,0.0,2.4849066497880004
395942.0,0.0,12716172.0,6164.0,0.0,0.0,1011774.0,0.0,11.0,1.0,9.0,0.0,0.0,67.0,0.0,4.624972813284271
227628.0,0.0,448214.0,22419.0,0.0,0.0,197585.0,0.0,17.0,2.0,9.0,2.0,0.0,203.0,0.0,3.555348061489413
186288.0,0.0,19112998.0,927611.0,1.0,1.0,0.0,0.86,614.0,3.0,475.0,27.0,0.0,168.0,0.0,4.90527477843843
33760.0,1.0,3365760.0,117737.0,1.0,3.0,0.0,1.2433,112.0,7.0,85.0,4.0,0.0,111.0,0.0,3.9318256327243257
92982.0,0.0,15081478.0,24901.0,1.0,3.0,0.0,0.99,31.0,3.0,25.0,2.0,0.0,78.0,0.0,2.6390573296152584
10772.0,0.0,1046316.0,247493.0,1.0,1.0,0.0,0.84,324.0,9.0,302.0,1.0,0.0,250.0,0.0,4.007333185232471
58611.0,0.0,3255595.0,48140.0,0.0,1.0,0.0,0.86,27.0,1.0,19.0,2.0,0.0,111.0,0.0,4.74493212836325
83598.0,0.0,433572.0,57518.0,1.0,0.0,120382.0,0.0,48.0,1.0,37.0,1.0,0.0,225.0,0.0,2.302585092994046
29063.0,1.0,513515.0,111490.0,0.0,1.0,0.0,0.86,77.0,1.0,66.0,2.0,0.0,122.0,0.0,6.075346031088684
315843.0,0.0,23879312.0,429238.0,0.0,1.0,0.0,0.76,302.0,5.0,200.0,20.0,0.0,238.0,0.0,5.476463551931511
31118.0,1.0,302347.0,191707.0,0.0,1.0,0.0,1.22,127.0,1.0,91.0,8.0,0.0,480.0,0.0,2.19722457733622
11116.0,1.0,1024428.0,247493.0,0.0,1.0,0.0,0.84,324.0,9.0,302.0,1.0,0.0,250.0,0.0,3.713572066704308
22630.0,1.0,445743.0,452412.0,0.0,3.0,0.0,0.8067,468.0,5.0,394.0,16.0,0.0,108.0,0.0,1.791759469228055
641722.0,1.0,10260746.0,1181213.0,1.0,1.0,0.0,0.77,966.0,3.0,683.0,63.0,0.0,298.0,0.0,3.1780538303479458
779.0,0.0,25817857.0,34597.0,0.0,1.0,0.0,1.11,35.0,3.0,32.0,0.0,0.0,59.0,0.0,2.079441541679836
326424.0,0.0,12419146.0,177422.0,0.0,1.0,0.0,0.93,85.0,5.0,47.0,11.0,0.0,112.0,0.0,2.302585092994046
38397.0,1.0,1712170.0,199872.0,0.0,1.0,0.0,0.93,260.0,2.0,234.0,8.0,0.0,99.0,0.0,4.499809670330265
998688.0,0.0,20806070.0,407899.0,0.0,1.0,0.0,0.82,151.0,4.0,68.0,22.0,0.0,275.0,0.0,4.007333185232471
88082.0,1.0,359311.0,191707.0,0.0,1.0,0.0,1.22,127.0,1.0,91.0,8.0,0.0,480.0,0.0,2.302585092994046
43625.0,0.0,16995523.0,13893.0,1.0,0.0,1864631.0,0.0,10.0,2.0,8.0,0.0,0.0,168.0,0.0,2.772588722239781
27994.0,0.0,570572.0,111490.0,0.0,1.0,0.0,0.86,77.0,1.0,66.0,2.0,0.0,122.0,0.0,4.290459441148391
48989.0,1.0,320218.0,191707.0,1.0,1.0,0.0,1.22,127.0,1.0,91.0,8.0,0.0,480.0,0.0,4.0943445622221
149469.0,0.0,3313147.0,5345.0,0.0,2.0,0.0,0.8,16.0,2.0,14.0,0.0,0.0,330.0,0.0,2.70805020110221
16516.0,1.0,1098595.0,132301.0,1.0,1.0,0.0,1.15,108.0,1.0,86.0,8.0,0.0,230.0,0.0,4.143134726391533
58856.0,0.0,2542559.0,12239.0,0.0,1.0,0.0,0.6,14.0,1.0,10.0,0.0,0.0,14.0,0.0,3.044522437723423
397958.0,1.0,11049252.0,1475061.0,1.0,1.0,0.0,0.78,839.0,5.0,347.0,113.0,0.0,299.0,0.0,4.07753744390572
135477.0,1.0,6710726.0,13345.0,0.0,1.0,0.0,1.05,32.0,2.0,30.0,0.0,0.0,200.0,0.0,2.5649493574615367
257627.0,0.0,18705730.0,5269.0,0.0,1.0,0.0,0.88,14.0,2.0,12.0,0.0,0.0,84.0,0.0,4.0943445622221
561028.0,0.0,2066156.0,730752.0,0.0,5.0,0.0,0.972,416.0,8.0,251.0,22.0,0.0,327.0,0.0,3.737669618283368
10055.0,0.0,27560.0,157128.0,1.0,1.0,0.0,1.24,88.0,4.0,59.0,3.0,0.0,94.0,0.0,2.302585092994046
829505.0,0.0,18133852.0,5269.0,0.0,1.0,0.0,0.88,14.0,2.0,12.0,0.0,0.0,84.0,0.0,2.9444389791664403
364968.0,0.0,7987558.0,111945.0,1.0,1.0,0.0,0.99,167.0,3.0,163.0,0.0,0.0,931.0,0.0,3.4011973816621555
312990.0,1.0,3504088.0,363512.0,0.0,1.0,0.0,0.9,362.0,2.0,318.0,16.0,0.0,360.0,0.0,2.833213344056216
670284.0,1.0,10289308.0,1181213.0,0.0,1.0,0.0,0.77,966.0,3.0,683.0,63.0,0.0,298.0,0.0,3.1354942159291497
23959.0,0.0,5307728.0,36273.0,0.0,0.0,270690.0,0.0,22.0,1.0,21.0,0.0,0.0,1211.0,0.0,5.700443573390687
1286.0,0.0,7289935.0,394619.0,0.0,1.0,0.0,0.89,385.0,1.0,334.0,8.0,0.0,170.0,0.0,3.295836866004329
38044.0,0.0,4687034.0,23244.0,0.0,0.0,148072.0,0.0,23.0,1.0,22.0,0.0,0.0,371.0,0.0,4.382026634673881
34229.0,1.0,2722225.0,81217.0,1.0,0.0,68976.0,0.0,57.0,1.0,25.0,5.0,0.0,16.0,0.0,4.276666119016055
183442.0,1.0,4699849.0,574324.0,1.0,1.0,0.0,0.93,529.0,2.0,401.0,25.0,0.0,132.0,0.0,2.19722457733622
728600.0,0.0,12197251.0,23144.0,0.0,1.0,0.0,1.1,19.0,1.0,15.0,0.0,0.0,80.0,0.0,3.091042453358316
101322.0,0.0,1812841.0,5668.0,1.0,0.0,17747.0,0.0,4.0,1.0,3.0,0.0,0.0,64.0,0.0,3.784189633918261
273683.0,0.0,1985202.0,5668.0,1.0,0.0,17747.0,0.0,4.0,1.0,3.0,0.0,0.0,64.0,0.0,2.5649493574615367
107234.0,0.0,3270912.0,5345.0,1.0,2.0,0.0,0.8,16.0,2.0,14.0,0.0,0.0,330.0,0.0,3.258096538021482
36461.0,1.0,442787.0,75433.0,0.0,1.0,0.0,0.81,82.0,2.0,60.0,4.0,0.0,29.0,0.0,2.6390573296152584
13488.0,0.0,2587927.0,12239.0,0.0,1.0,0.0,0.6,14.0,1.0,10.0,0.0,0.0,14.0,0.0,2.3978952727983707
532564.0,0.0,2094620.0,730752.0,0.0,5.0,0.0,0.972,416.0,8.0,251.0,22.0,0.0,327.0,0.0,3.6635616461296463
675477.0,1.0,10294501.0,1181213.0,1.0,1.0,0.0,0.77,966.0,3.0,683.0,63.0,0.0,298.0,0.0,2.4849066497880004
453772.0,0.0,26284959.0,448833.0,1.0,2.0,0.0,0.92,446.0,1.0,405.0,6.0,0.0,204.0,0.0,4.430816798843313
695560.0,0.0,12164211.0,23144.0,0.0,1.0,0.0,1.1,19.0,1.0,15.0,0.0,0.0,80.0,0.0,4.262679877041316
1734205.0,0.0,20697562.0,5269.0,0.0,1.0,0.0,0.88,14.0,2.0,12.0,0.0,0.0,84.0,0.0,4.672828834461906
52211.0,1.0,6394817.0,394295.0,0.0,1.0,0.0,0.87,336.0,2.0,260.0,23.0,0.0,145.0,0.0,3.258096538021482
300046.0,0.0,1106613.0,65530.0,0.0,0.0,34197.0,0.0,55.0,1.0,27.0,6.0,0.0,516.0,0.0,3.951243718581428
5169.0,1.0,392695.0,110683.0,1.0,2.0,0.0,0.925,73.0,2.0,58.0,2.0,0.0,80.0,0.0,2.19722457733622
5550.0,1.0,43165.0,157128.0,0.0,1.0,0.0,1.24,88.0,4.0,59.0,3.0,0.0,94.0,0.0,2.772588722239781
164615.0,0.0,17203763.0,13893.0,1.0,0.0,1864631.0,0.0,10.0,2.0,8.0,0.0,0.0,168.0,0.0,2.19722457733622
29199.0,1.0,1460134.0,95324.0,1.0,1.0,0.0,1.13,56.0,2.0,41.0,3.0,0.0,74.0,0.0,4.962844630259907
1989.0,1.0,3718967.0,8909.0,1.0,0.0,12260.0,0.0,9.0,0.0,5.0,0.0,0.0,192.0,0.0,4.941642422609304
5082.0,0.0,2858965.0,4981.0,0.0,2.0,0.0,0.895,14.0,1.0,13.0,0.0,0.0,331.0,0.0,2.302585092994046
700758.0,0.0,22862711.0,429238.0,0.0,1.0,0.0,0.76,302.0,5.0,200.0,20.0,0.0,238.0,0.0,2.772588722239781
245863.0,1.0,18680847.0,927611.0,1.0,1.0,0.0,0.86,614.0,3.0,475.0,27.0,0.0,168.0,0.0,4.23410650459726
497848.0,0.0,11966499.0,23144.0,0.0,1.0,0.0,1.1,19.0,1.0,15.0,0.0,0.0,80.0,0.0,2.4849066497880004
393131.0,0.0,22895979.0,7465.0,0.0,3.0,0.0,0.9067,23.0,2.0,21.0,0.0,0.0,600.0,0.0,4.976733742420574
326053.0,0.0,22828901.0,7465.0,0.0,3.0,0.0,0.9067,23.0,2.0,21.0,0.0,0.0,600.0,0.0,3.871201010907891
6969.0,1.0,6025291.0,51808.0,1.0,1.0,0.0,1.05,47.0,1.0,39.0,0.0,0.0,123.0,0.0,3.6635616461296463
419563.0,0.0,22224321.0,407899.0,1.0,1.0,0.0,0.82,151.0,4.0,68.0,22.0,0.0,275.0,0.0,3.737669618283368
160057.0,0.0,6780695.0,33888.0,0.0,1.0,0.0,1.01,54.0,2.0,52.0,0.0,0.0,590.0,0.0,5.402677381872279
32942.0,0.0,5773941.0,45277.0,1.0,0.0,290065.0,0.0,37.0,3.0,26.0,2.0,0.0,1029.0,0.0,2.5649493574615367
27501.0,0.0,801652.0,10488.0,1.0,1.0,0.0,0.84,12.0,4.0,7.0,0.0,0.0,333.0,0.0,2.3978952727983707
33590.0,1.0,6065850.0,51808.0,0.0,1.0,0.0,1.05,47.0,1.0,39.0,0.0,0.0,123.0,0.0,2.079441541679836
1393524.0,0.0,17533186.0,927611.0,0.0,1.0,0.0,0.86,614.0,3.0,475.0,27.0,0.0,168.0,0.0,4.430816798843313
391785.0,0.0,612371.0,22419.0,1.0,0.0,197585.0,0.0,17.0,2.0,9.0,2.0,0.0,203.0,0.0,4.727387818712341
330453.0,0.0,2041972.0,5668.0,1.0,0.0,17747.0,0.0,4.0,1.0,3.0,0.0,0.0,64.0,0.0,4.330733340286331
278440.0,0.0,4000770.0,26488.0,0.0,1.0,0.0,1.18,26.0,1.0,24.0,0.0,0.0,72.0,0.0,5.958424693029782
239732.0,0.0,12332454.0,177422.0,1.0,1.0,0.0,0.93,85.0,5.0,47.0,11.0,0.0,112.0,0.0,2.833213344056216
15122.0,1.0,479881.0,125097.0,1.0,1.0,0.0,0.84,93.0,1.0,66.0,7.0,0.0,481.0,0.0,4.736198448394496
240537.0,0.0,8710890.0,28065.0,1.0,1.0,0.0,0.71,46.0,0.0,29.0,2.0,0.0,38.0,0.0,3.5263605246161616
691686.0,0.0,12160337.0,23144.0,0.0,1.0,0.0,1.1,19.0,1.0,15.0,0.0,0.0,80.0,0.0,3.555348061489413
343414.0,0.0,23906883.0,429238.0,0.0,1.0,0.0,0.76,302.0,5.0,200.0,20.0,0.0,238.0,0.0,5.420534999272286
71025.0,1.0,971013.0,23363.0,0.0,2.0,0.0,0.89,34.0,1.0,24.0,1.0,0.0,213.0,0.0,3.5263605246161616
9165.0,0.0,3248355.0,302818.0,1.0,3.0,0.0,0.94,368.0,2.0,313.0,11.0,0.0,179.0,0.0,3.332204510175204
145502.0,1.0,23417967.0,429238.0,0.0,1.0,0.0,0.76,302.0,5.0,200.0,20.0,0.0,238.0,0.0,5.093750200806762
50314.0,0.0,5233455.0,36273.0,0.0,0.0,270690.0,0.0,22.0,1.0,21.0,0.0,0.0,1211.0,0.0,2.8903717578961645
22750.0,0.0,2578665.0,12239.0,0.0,1.0,0.0,0.6,14.0,1.0,10.0,0.0,0.0,14.0,0.0,3.5263605246161616
429028.0,0.0,23994866.0,19262.0,0.0,1.0,0.0,0.99,8.0,1.0,6.0,0.0,0.0,49.0,0.0,4.110873864173311
28945.0,1.0,1358820.0,30826.0,0.0,1.0,0.0,0.77,26.0,1.0,19.0,0.0,0.0,41.0,0.0,2.5649493574615367
334690.0,1.0,18592020.0,927611.0,0.0,1.0,0.0,0.86,614.0,3.0,475.0,27.0,0.0,168.0,0.0,3.218875824868201
25486.0,1.0,3157806.0,164464.0,0.0,1.0,0.0,1.04,151.0,3.0,133.0,4.0,0.0,52.0,0.0,3.912023005428146
65794.0,0.0,2437954.0,145074.0,0.0,1.0,0.0,1.07,126.0,5.0,103.0,4.0,0.0,535.0,0.0,3.1780538303479458
928883.0,0.0,18034474.0,5269.0,1.0,1.0,0.0,0.88,14.0,2.0,12.0,0.0,0.0,84.0,0.0,2.8903717578961645
54677.0,1.0,3184513.0,302818.0,0.0,3.0,0.0,0.94,368.0,2.0,313.0,11.0,0.0,179.0,0.0,2.4849066497880004
5080.0,1.0,1403735.0,19301.0,0.0,1.0,0.0,0.83,26.0,2.0,23.0,0.0,0.0,51.0,0.0,3.555348061489413
110277.0,1.0,7571648.0,158239.0,1.0,1.0,0.0,0.89,240.0,2.0,234.0,0.0,0.0,1086.0,0.0,2.8903717578961645
1659928.0,0.0,20842920.0,7465.0,0.0,3.0,0.0,0.9067,23.0,2.0,21.0,0.0,0.0,600.0,0.0,2.302585092994046
300373.0,0.0,23863842.0,429238.0,0.0,1.0,0.0,0.76,302.0,5.0,200.0,20.0,0.0,238.0,0.0,2.833213344056216
69943.0,0.0,5452242.0,9999.0,1.0,0.0,200389.0,0.0,7.0,1.0,6.0,0.0,0.0,42.0,0.0,2.079441541679836
168640.0,0.0,4893718.0,23244.0,0.0,0.0,148072.0,0.0,23.0,1.0,22.0,0.0,0.0,371.0,0.0,2.3978952727983707
369672.0,0.0,11816882.0,1475061.0,0.0,1.0,0.0,0.78,839.0,5.0,347.0,113.0,0.0,299.0,0.0,3.044522437723423
452701.0,0.0,673287.0,22419.0,0.0,0.0,197585.0,0.0,17.0,2.0,9.0,2.0,0.0,203.0,0.0,1.9459101490553128
56668.0,0.0,4948841.0,70638.0,0.0,1.0,0.0,0.95,49.0,2.0,37.0,3.0,0.0,72.0,0.0,3.091042453358316
213965.0,0.0,4939043.0,23244.0,1.0,0.0,148072.0,0.0,23.0,1.0,22.0,0.0,0.0,371.0,0.0,4.110873864173311
88091.0,0.0,1251699.0,5602.0,1.0,1.0,0.0,0.94,9.0,2.0,7.0,0.0,0.0,104.0,0.0,3.80666248977032
1174660.0,0.0,10685533.0,498345.0,1.0,1.0,0.0,0.75,351.0,4.0,247.0,18.0,0.0,260.0,0.0,5.2574953720277815
1822309.0,0.0,13269519.0,1475061.0,1.0,1.0,0.0,0.78,839.0,5.0,347.0,113.0,0.0,299.0,0.0,4.110873864173311
265988.0,0.0,25017229.0,22565.0,0.0,1.0,0.0,0.95,47.0,2.0,45.0,0.0,0.0,423.0,0.0,2.19722457733622
316769.0,0.0,1819752.0,148489.0,0.0,1.0,0.0,0.96,128.0,1.0,107.0,1.0,0.0,108.0,0.0,2.4849066497880004
1298701.0,0.0,20506057.0,407899.0,0.0,1.0,0.0,0.82,151.0,4.0,68.0,22.0,0.0,275.0,0.0,2.70805020110221
270156.0,1.0,3546922.0,363512.0,1.0,1.0,0.0,0.9,362.0,2.0,318.0,16.0,0.0,360.0,0.0,3.5263605246161616
114048.0,0.0,25945235.0,448833.0,1.0,2.0,0.0,0.92,446.0,1.0,405.0,6.0,0.0,204.0,0.0,4.418840607796598
321498.0,1.0,18605212.0,927611.0,0.0,1.0,0.0,0.86,614.0,3.0,475.0,27.0,0.0,168.0,0.0,4.248495242049359
791287.0,0.0,22772182.0,429238.0,1.0,1.0,0.0,0.76,302.0,5.0,200.0,20.0,0.0,238.0,0.0,2.4849066497880004
16474.0,0.0,7154459.0,5233.0,1.0,1.0,0.0,0.89,12.0,1.0,9.0,0.0,0.0,20.0,0.0,5.703782474656201
117161.0,1.0,799222.0,5083.0,0.0,1.0,0.0,0.99,9.0,2.0,7.0,0.0,0.0,54.0,0.0,5.111987788356544
3196.0,0.0,3820274.0,363512.0,1.0,1.0,0.0,0.9,362.0,2.0,318.0,16.0,0.0,360.0,0.0,4.127134385045092
317322.0,1.0,6438402.0,749455.0,1.0,1.0,0.0,0.91,434.0,2.0,202.0,68.0,0.0,68.0,0.0,2.772588722239781
4275.0,0.0,11291219.0,154992.0,1.0,30.0,0.0,0.859,334.0,1.0,328.0,1.0,0.0,405.0,0.0,5.556828061699537
231121.0,0.0,12323843.0,177422.0,0.0,1.0,0.0,0.93,85.0,5.0,47.0,11.0,0.0,112.0,0.0,4.564348191467836
108963.0,0.0,22611811.0,7465.0,1.0,3.0,0.0,0.9067,23.0,2.0,21.0,0.0,0.0,600.0,0.0,3.828641396489095
550214.0,0.0,2053197.0,148489.0,1.0,1.0,0.0,0.96,128.0,1.0,107.0,1.0,0.0,108.0,0.0,7.501634457883413
237529.0,0.0,24186365.0,19262.0,0.0,1.0,0.0,0.99,8.0,1.0,6.0,0.0,0.0,49.0,0.0,2.833213344056216
402595.0,0.0,7949931.0,111945.0,1.0,1.0,0.0,0.99,167.0,3.0,163.0,0.0,0.0,931.0,0.0,5.634789603169249
85422.0,0.0,1238120.0,27512.0,0.0,1.0,0.0,0.82,43.0,2.0,36.0,2.0,0.0,231.0,0.0,4.248495242049359
176260.0,0.0,17215408.0,13893.0,0.0,0.0,1864631.0,0.0,10.0,2.0,8.0,0.0,0.0,168.0,0.0,2.19722457733622
438474.0,1.0,11008736.0,1475061.0,0.0,1.0,0.0,0.78,839.0,5.0,347.0,113.0,0.0,299.0,0.0,2.079441541679836
84375.0,0.0,2085823.0,72008.0,0.0,1.0,0.0,0.95,80.0,1.0,74.0,1.0,0.0,151.0,0.0,4.61512051684126
40968.0,0.0,2579068.0,25167.0,0.0,0.0,1002026.0,0.0,13.0,0.0,5.0,3.0,0.0,50.0,0.0,4.0943445622221
98990.0,0.0,3344553.0,15369.0,1.0,1.0,0.0,0.71,12.0,1.0,5.0,4.0,0.0,184.0,0.0,3.970291913552122
83777.0,0.0,5948483.0,51808.0,0.0,1.0,0.0,1.05,47.0,1.0,39.0,0.0,0.0,123.0,0.0,2.9444389791664403
351608.0,1.0,6101929.0,611853.0,0.0,2.0,0.0,0.78,517.0,2.0,306.0,45.0,0.0,115.0,0.0,4.276666119016055
59013.0,1.0,6401619.0,394295.0,1.0,1.0,0.0,0.87,336.0,2.0,260.0,23.0,0.0,145.0,0.0,2.995732273553991
57260.0,1.0,437743.0,125097.0,1.0,1.0,0.0,0.84,93.0,1.0,66.0,7.0,0.0,481.0,0.0,2.9444389791664403
9371.0,0.0,18953986.0,5269.0,0.0,1.0,0.0,0.88,14.0,2.0,12.0,0.0,0.0,84.0,0.0,3.1354942159291497
318819.0,0.0,12793295.0,6164.0,0.0,0.0,1011774.0,0.0,11.0,1.0,9.0,0.0,0.0,67.0,0.0,4.356708826689592
176460.0,0.0,23615814.0,94653.0,0.0,1.0,0.0,0.94,76.0,4.0,63.0,2.0,0.0,70.0,0.0,2.70805020110221
87542.0,0.0,1514066.0,51594.0,0.0,0.0,37936.0,0.0,80.0,2.0,78.0,0.0,0.0,225.0,0.0,2.9444389791664403
500681.0,0.0,1110151.0,33425.0,1.0,2.0,0.0,0.89,50.0,1.0,40.0,4.0,0.0,1345.0,0.0,2.70805020110221
130698.0,0.0,25017446.0,66555.0,0.0,1.0,0.0,1.11,57.0,7.0,49.0,0.0,0.0,44.0,0.0,3.258096538021482
264445.0,0.0,23827914.0,429238.0,1.0,1.0,0.0,0.76,302.0,5.0,200.0,20.0,0.0,238.0,0.0,2.079441541679836
476643.0,0.0,19403353.0,927611.0,0.0,1.0,0.0,0.86,614.0,3.0,475.0,27.0,0.0,168.0,0.0,5.560681631015528
9510.0,0.0,709919.0,685926.0,1.0,3.0,0.0,0.93,464.0,2.0,300.0,34.0,0.0,74.0,0.0,4.8283137373023015
90413.0,0.0,19053770.0,5269.0,1.0,1.0,0.0,0.88,14.0,2.0,12.0,0.0,0.0,84.0,0.0,5.68697535633982
120702.0,1.0,795681.0,5083.0,1.0,1.0,0.0,0.99,9.0,2.0,7.0,0.0,0.0,54.0,0.0,2.8903717578961645
730274.0,0.0,12198925.0,23144.0,0.0,1.0,0.0,1.1,19.0,1.0,15.0,0.0,0.0,80.0,0.0,3.044522437723423
37084.0,1.0,709261.0,233867.0,1.0,1.0,0.0,1.0,155.0,7.0,113.0,9.0,0.0,204.0,0.0,2.079441541679836
303793.0,0.0,913263.0,33425.0,0.0,2.0,0.0,0.89,50.0,1.0,40.0,4.0,0.0,1345.0,0.0,2.302585092994046
428821.0,0.0,23992290.0,429238.0,1.0,1.0,0.0,0.76,302.0,5.0,200.0,20.0,0.0,238.0,0.0,5.303304908059076
78654.0,1.0,116269.0,157128.0,1.0,1.0,0.0,1.24,88.0,4.0,59.0,3.0,0.0,94.0,0.0,4.189654742026425
53338.0,1.0,6395944.0,394295.0,0.0,1.0,0.0,0.87,336.0,2.0,260.0,23.0,0.0,145.0,0.0,3.58351893845611
1583650.0,0.0,7253533.0,3021.0,1.0,1.0,0.0,0.71,0.0,0.0,0.0,0.0,0.0,15.0,0.0,4.343805421853684
294053.0,0.0,903523.0,33425.0,0.0,2.0,0.0,0.89,50.0,1.0,40.0,4.0,0.0,1345.0,0.0,1.9459101490553128
22323.0,1.0,3160969.0,164464.0,1.0,1.0,0.0,1.04,151.0,3.0,133.0,4.0,0.0,52.0,0.0,2.4849066497880004
415443.0,0.0,25166684.0,22565.0,1.0,1.0,0.0,0.95,47.0,2.0,45.0,0.0,0.0,423.0,0.0,5.700443573390687
14691.0,1.0,2702687.0,81217.0,1.0,0.0,68976.0,0.0,57.0,1.0,25.0,5.0,0.0,16.0,0.0,2.079441541679836
890389.0,0.0,10218398.0,97567.0,0.0,1.0,0.0,0.94,60.0,2.0,43.0,3.0,0.0,141.0,0.0,2.079441541679836
193620.0,0.0,12286342.0,177422.0,1.0,1.0,0.0,0.93,85.0,5.0,47.0,11.0,0.0,112.0,0.0,4.0943445622221
126535.0,1.0,6719668.0,13345.0,1.0,1.0,0.0,1.05,32.0,2.0,30.0,0.0,0.0,200.0,0.0,4.48863636973214
144763.0,0.0,3867093.0,26488.0,0.0,1.0,0.0,1.18,26.0,1.0,24.0,0.0,0.0,72.0,0.0,3.951243718581428
10226.0,1.0,3698205.0,81730.0,1.0,1.0,0.0,0.82,100.0,3.0,86.0,3.0,0.0,398.0,0.0,3.4339872044851463
14031.0,0.0,705398.0,685926.0,1.0,3.0,0.0,0.93,464.0,2.0,300.0,34.0,0.0,74.0,0.0,2.995732273553991
232385.0,0.0,4957463.0,23244.0,0.0,0.0,148072.0,0.0,23.0,1.0,22.0,0.0,0.0,371.0,0.0,2.833213344056216
834478.0,0.0,18128879.0,5269.0,0.0,1.0,0.0,0.88,14.0,2.0,12.0,0.0,0.0,84.0,0.0,2.995732273553991
304360.0,0.0,1807343.0,148489.0,0.0,1.0,0.0,0.96,128.0,1.0,107.0,1.0,0.0,108.0,0.0,2.3978952727983707
642008.0,0.0,17681156.0,13893.0,0.0,0.0,1864631.0,0.0,10.0,2.0,8.0,0.0,0.0,168.0,0.0,4.04305126783455
104457.0,0.0,15070003.0,24901.0,1.0,3.0,0.0,0.99,31.0,3.0,25.0,2.0,0.0,78.0,0.0,2.5649493574615367
198875.0,1.0,2455178.0,61494.0,1.0,2.0,0.0,0.95,66.0,3.0,58.0,1.0,0.0,34.0,0.0,2.995732273553991
182389.0,0.0,4907467.0,23244.0,1.0,0.0,148072.0,0.0,23.0,1.0,22.0,0.0,0.0,371.0,0.0,4.820281565605037
5175.0,0.0,5527360.0,9999.0,1.0,0.0,200389.0,0.0,7.0,1.0,6.0,0.0,0.0,42.0,0.0,3.9318256327243257
276903.0,0.0,26948494.0,239436.0,1.0,1.0,0.0,0.83,250.0,5.0,228.0,1.0,0.0,210.0,0.0,2.079441541679836
410725.0,0.0,19337435.0,927611.0,0.0,1.0,0.0,0.86,614.0,3.0,475.0,27.0,0.0,168.0,0.0,4.454347296253507
468544.0,0.0,26299731.0,448833.0,0.0,2.0,0.0,0.92,446.0,1.0,405.0,6.0,0.0,204.0,0.0,3.332204510175204
329096.0,0.0,26160283.0,448833.0,1.0,2.0,0.0,0.92,446.0,1.0,405.0,6.0,0.0,204.0,0.0,5.14166355650266
141787.0,1.0,2190363.0,7419.0,0.0,1.0,0.0,0.96,14.0,1.0,13.0,0.0,0.0,59.0,0.0,2.19722457733622
196701.0,0.0,417287.0,22419.0,1.0,0.0,197585.0,0.0,17.0,2.0,9.0,2.0,0.0,203.0,0.0,3.218875824868201
83215.0,1.0,3368107.0,91994.0,1.0,1.0,0.0,0.89,60.0,1.0,38.0,3.0,0.0,101.0,0.0,3.258096538021482
446601.0,0.0,16592547.0,13893.0,1.0,0.0,1864631.0,0.0,10.0,2.0,8.0,0.0,0.0,168.0,0.0,4.442651256490317
735042.0,0.0,12203693.0,23144.0,0.0,1.0,0.0,1.1,19.0,1.0,15.0,0.0,0.0,80.0,0.0,2.6390573296152584
706826.0,0.0,12175477.0,23144.0,0.0,1.0,0.0,1.1,19.0,1.0,15.0,0.0,0.0,80.0,0.0,4.189654742026425
66965.0,1.0,2941029.0,8803.0,0.0,1.0,0.0,0.92,25.0,1.0,24.0,0.0,0.0,88.0,0.0,3.4011973816621555
1841.0,1.0,116885.0,2437.0,0.0,1.0,0.0,1.01,7.0,1.0,5.0,0.0,0.0,4.0,0.0,2.3978952727983707
674568.0,1.0,10293592.0,1181213.0,1.0,1.0,0.0,0.77,966.0,3.0,683.0,63.0,0.0,298.0,0.0,3.332204510175204
23501.0,0.0,3027957.0,3118.0,1.0,1.0,0.0,0.92,3.0,2.0,0.0,0.0,0.0,36.0,0.0,2.302585092994046
32847.0,1.0,5999413.0,51808.0,1.0,1.0,0.0,1.05,47.0,1.0,39.0,0.0,0.0,123.0,0.0,2.70805020110221
69476.0,1.0,2320430.0,98417.0,1.0,1.0,0.0,0.93,66.0,2.0,50.0,2.0,0.0,171.0,0.0,4.882801922586371
43669.0,1.0,354195.0,110683.0,0.0,2.0,0.0,0.925,73.0,2.0,58.0,2.0,0.0,80.0,0.0,3.4339872044851463
38091.0,0.0,3683164.0,185746.0,0.0,1.0,0.0,0.79,339.0,8.0,328.0,0.0,0.0,97.0,0.0,3.784189633918261
213430.0,0.0,23652784.0,94653.0,0.0,1.0,0.0,0.94,76.0,4.0,63.0,2.0,0.0,70.0,0.0,4.875197323201151
9387.0,0.0,691950.0,49720.0,0.0,1.0,0.0,0.97,43.0,1.0,41.0,1.0,0.0,1031.0,0.0,4.110873864173311
862929.0,1.0,10481953.0,1181213.0,1.0,1.0,0.0,0.77,966.0,3.0,683.0,63.0,0.0,298.0,0.0,2.70805020110221
398914.0,0.0,7953612.0,111945.0,0.0,1.0,0.0,0.99,167.0,3.0,163.0,0.0,0.0,931.0,0.0,3.871201010907891
1500066.0,0.0,17426644.0,927611.0,0.0,1.0,0.0,0.86,614.0,3.0,475.0,27.0,0.0,168.0,0.0,2.833213344056216
598812.0,1.0,10848398.0,1475061.0,1.0,1.0,0.0,0.78,839.0,5.0,347.0,113.0,0.0,299.0,0.0,3.9889840465642745
38533.0,0.0,680896.0,685926.0,1.0,3.0,0.0,0.93,464.0,2.0,300.0,34.0,0.0,74.0,0.0,2.302585092994046
185915.0,0.0,1153875.0,5602.0,1.0,1.0,0.0,0.94,9.0,2.0,7.0,0.0,0.0,104.0,0.0,4.477336814478207
21844.0,1.0,3795234.0,363512.0,0.0,1.0,0.0,0.9,362.0,2.0,318.0,16.0,0.0,360.0,0.0,5.1298987149230735
174444.0,0.0,3488708.0,50222.0,0.0,1.0,0.0,0.86,29.0,1.0,26.0,1.0,0.0,62.0,0.0,2.302585092994046
19296.0,0.0,1730815.0,5668.0,1.0,0.0,17747.0,0.0,4.0,1.0,3.0,0.0,0.0,64.0,0.0,3.970291913552122
481734.0,1.0,6232055.0,611853.0,1.0,2.0,0.0,0.78,517.0,2.0,306.0,45.0,0.0,115.0,0.0,4.174387269895637
125796.0,1.0,6720407.0,13345.0,1.0,1.0,0.0,1.05,32.0,2.0,30.0,0.0,0.0,200.0,0.0,2.5649493574615367
13226.0,1.0,50841.0,157128.0,1.0,1.0,0.0,1.24,88.0,4.0,59.0,3.0,0.0,94.0,0.0,3.218875824868201
322286.0,0.0,931756.0,33425.0,1.0,2.0,0.0,0.89,50.0,1.0,40.0,4.0,0.0,1345.0,0.0,3.218875824868201
129099.0,0.0,5243237.0,16076.0,0.0,1.0,0.0,0.87,17.0,2.0,14.0,0.0,0.0,37.0,0.0,4.127134385045092
19817.0,0.0,24166848.0,44883.0,0.0,1.0,0.0,1.05,30.0,1.0,22.0,2.0,0.0,74.0,0.0,4.955827057601261
65927.0,1.0,3270496.0,115752.0,1.0,0.0,15018.0,0.0,48.0,1.0,18.0,5.0,0.0,173.0,0.0,3.688879454113936
68700.0,0.0,16970448.0,13893.0,0.0,0.0,1864631.0,0.0,10.0,2.0,8.0,0.0,0.0,168.0,0.0,4.691347882229144
98906.0,1.0,634636.0,122207.0,0.0,3.0,0.0,0.8433,148.0,1.0,140.0,1.0,0.0,289.0,0.0,3.1354942159291497
21136.0,0.0,1345865.0,6378.0,1.0,0.0,42494.0,0.0,9.0,1.0,7.0,0.0,0.0,56.0,0.0,2.9444389791664403
1149131.0,0.0,20075841.0,927611.0,0.0,1.0,0.0,0.86,614.0,3.0,475.0,27.0,0.0,168.0,0.0,4.700480365792417
105006.0,1.0,5416349.0,106004.0,0.0,1.0,0.0,0.82,84.0,2.0,62.0,3.0,0.0,151.0,0.0,4.51085950651685
409696.0,0.0,7942830.0,111945.0,1.0,1.0,0.0,0.99,167.0,3.0,163.0,0.0,0.0,931.0,0.0,3.713572066704308
86112.0,0.0,743041.0,10488.0,1.0,1.0,0.0,0.84,12.0,4.0,7.0,0.0,0.0,333.0,0.0,3.871201010907891
31882.0,1.0,4456700.0,16174.0,1.0,1.0,0.0,1.0,13.0,4.0,4.0,2.0,0.0,107.0,0.0,5.407171771460119
92375.0,0.0,1803894.0,5668.0,0.0,0.0,17747.0,0.0,4.0,1.0,3.0,0.0,0.0,64.0,0.0,4.127134385045092
454283.0,0.0,16584865.0,13893.0,1.0,0.0,1864631.0,0.0,10.0,2.0,8.0,0.0,0.0,168.0,0.0,4.882801922586371
190988.0,1.0,6655215.0,13345.0,0.0,1.0,0.0,1.05,32.0,2.0,30.0,0.0,0.0,200.0,0.0,5.8888779583328805
44832.0,1.0,18881878.0,927611.0,0.0,1.0,0.0,0.86,614.0,3.0,475.0,27.0,0.0,168.0,0.0,3.044522437723423
284733.0,1.0,6035054.0,611853.0,1.0,2.0,0.0,0.78,517.0,2.0,306.0,45.0,0.0,115.0,0.0,3.555348061489413
33453.0,0.0,638724.0,233867.0,1.0,1.0,0.0,1.0,155.0,7.0,113.0,9.0,0.0,204.0,0.0,3.58351893845611
3221.0,1.0,1883000.0,8052.0,0.0,1.0,0.0,0.88,6.0,2.0,2.0,0.0,0.0,300.0,0.0,2.302585092994046
175691.0,0.0,21980449.0,407899.0,0.0,1.0,0.0,0.82,151.0,4.0,68.0,22.0,0.0,275.0,0.0,2.302585092994046
32745.0,0.0,1441560.0,19301.0,0.0,1.0,0.0,0.83,26.0,2.0,23.0,0.0,0.0,51.0,0.0,2.4849066497880004
574470.0,1.0,4447195.0,703986.0,1.0,1.0,0.0,0.95,476.0,2.0,230.0,55.0,0.0,139.0,0.0,3.218875824868201
17248.0,1.0,215023.0,47047.0,0.0,1.0,0.0,0.82,74.0,5.0,69.0,0.0,0.0,105.0,0.0,4.02535169073515
57827.0,1.0,25252399.0,111164.0,0.0,0.0,50884.0,0.0,80.0,1.0,47.0,12.0,0.0,97.0,0.0,3.951243718581428
941549.0,0.0,14232911.0,24901.0,0.0,3.0,0.0,0.99,31.0,3.0,25.0,2.0,0.0,78.0,0.0,1.9459101490553128
80984.0,1.0,389093.0,2285.0,0.0,1.0,0.0,0.76,6.0,1.0,3.0,0.0,0.0,34.0,0.0,3.044522437723423
9536.0,1.0,10322327.0,13765.0,1.0,0.0,4153.0,0.0,31.0,1.0,28.0,1.0,0.0,94.0,0.0,3.044522437723423
445539.0,0.0,15619999.0,24901.0,1.0,3.0,0.0,0.99,31.0,3.0,25.0,2.0,0.0,78.0,0.0,2.19722457733622
47942.0,1.0,720119.0,233867.0,0.0,1.0,0.0,1.0,155.0,7.0,113.0,9.0,0.0,204.0,0.0,2.772588722239781
5433.0,1.0,2245521.0,98417.0,0.0,1.0,0.0,0.93,66.0,2.0,50.0,2.0,0.0,171.0,0.0,3.555348061489413
21002.0,0.0,5304771.0,36273.0,1.0,0.0,270690.0,0.0,22.0,1.0,21.0,0.0,0.0,1211.0,0.0,2.772588722239781
598335.0,1.0,10848875.0,1475061.0,1.0,1.0,0.0,0.78,839.0,5.0,347.0,113.0,0.0,299.0,0.0,2.995732273553991
318863.0,1.0,6436861.0,749455.0,0.0,1.0,0.0,0.91,434.0,2.0,202.0,68.0,0.0,68.0,0.0,2.19722457733622
42502.0,0.0,157546.0,2437.0,0.0,1.0,0.0,1.01,7.0,1.0,5.0,0.0,0.0,4.0,0.0,3.9889840465642745
12256.0,1.0,731685.0,685926.0,1.0,3.0,0.0,0.93,464.0,2.0,300.0,34.0,0.0,74.0,0.0,3.332204510175204
86606.0,0.0,4805567.0,70638.0,1.0,1.0,0.0,0.95,49.0,2.0,37.0,3.0,0.0,72.0,0.0,4.143134726391533
20981.0,0.0,3876846.0,26961.0,0.0,1.0,0.0,0.97,16.0,1.0,9.0,3.0,0.0,83.0,0.0,5.293304824724492
1354865.0,0.0,12802075.0,1475061.0,1.0,1.0,0.0,0.78,839.0,5.0,347.0,113.0,0.0,299.0,0.0,3.7612001156935615
12745.0,0.0,6045005.0,51808.0,0.0,1.0,0.0,1.05,47.0,1.0,39.0,0.0,0.0,123.0,0.0,2.772588722239781
3805.0,0.0,2616231.0,25167.0,0.0,0.0,1002026.0,0.0,13.0,0.0,5.0,3.0,0.0,50.0,0.0,4.442651256490317
6666.0,0.0,24179999.0,44883.0,1.0,1.0,0.0,1.05,30.0,1.0,22.0,2.0,0.0,74.0,0.0,4.0943445622221
15886.0,0.0,5299655.0,36273.0,1.0,0.0,270690.0,0.0,22.0,1.0,21.0,0.0,0.0,1211.0,0.0,3.555348061489413
67276.0,1.0,426752.0,20972.0,1.0,2.0,0.0,0.91,44.0,4.0,39.0,0.0,0.0,117.0,0.0,2.3978952727983707
237915.0,0.0,24185979.0,19262.0,0.0,1.0,0.0,0.99,8.0,1.0,6.0,0.0,0.0,49.0,0.0,4.110873864173311
39763.0,0.0,4685315.0,23244.0,1.0,0.0,148072.0,0.0,23.0,1.0,22.0,0.0,0.0,371.0,0.0,4.477336814478207
285955.0,1.0,6036276.0,611853.0,0.0,2.0,0.0,0.78,517.0,2.0,306.0,45.0,0.0,115.0,0.0,5.049856007249537
353549.0,1.0,6103870.0,611853.0,1.0,2.0,0.0,0.78,517.0,2.0,306.0,45.0,0.0,115.0,0.0,3.332204510175204
211069.0,0.0,23650423.0,94653.0,0.0,1.0,0.0,0.94,76.0,4.0,63.0,2.0,0.0,70.0,0.0,2.5649493574615367
21339.0,1.0,6363945.0,394295.0,0.0,1.0,0.0,0.87,336.0,2.0,260.0,23.0,0.0,145.0,0.0,4.990432586778736
13047.0,0.0,410911.0,110683.0,1.0,2.0,0.0,0.925,73.0,2.0,58.0,2.0,0.0,80.0,0.0,2.079441541679836
402166.0,0.0,12709948.0,6164.0,1.0,0.0,1011774.0,0.0,11.0,1.0,9.0,0.0,0.0,67.0,0.0,3.970291913552122
561868.0,0.0,19488578.0,927611.0,0.0,1.0,0.0,0.86,614.0,3.0,475.0,27.0,0.0,168.0,0.0,1.791759469228055
401502.0,1.0,11045708.0,1475061.0,0.0,1.0,0.0,0.78,839.0,5.0,347.0,113.0,0.0,299.0,0.0,4.060443010546419
91497.0,1.0,12184219.0,177422.0,1.0,1.0,0.0,0.93,85.0,5.0,47.0,11.0,0.0,112.0,0.0,4.844187086458591
58531.0,1.0,25760105.0,34597.0,1.0,1.0,0.0,1.11,35.0,3.0,32.0,0.0,0.0,59.0,0.0,4.0943445622221
31280.0,0.0,3276843.0,15369.0,1.0,1.0,0.0,0.71,12.0,1.0,5.0,4.0,0.0,184.0,0.0,3.091042453358316
63589.0,1.0,415659.0,75433.0,1.0,1.0,0.0,0.81,82.0,2.0,60.0,4.0,0.0,29.0,0.0,2.833213344056216
696766.0,0.0,12165417.0,23144.0,0.0,1.0,0.0,1.1,19.0,1.0,15.0,0.0,0.0,80.0,0.0,2.995732273553991
742755.0,0.0,12211406.0,23144.0,0.0,1.0,0.0,1.1,19.0,1.0,15.0,0.0,0.0,80.0,0.0,3.258096538021482
368569.0,0.0,2988605.0,25167.0,0.0,0.0,1002026.0,0.0,13.0,0.0,5.0,3.0,0.0,50.0,0.0,4.110873864173311
175602.0,0.0,7957684.0,2923.0,0.0,1.0,0.0,0.99,10.0,1.0,9.0,0.0,0.0,226.0,0.0,3.4011973816621555
33344.0,1.0,6907408.0,33888.0,1.0,1.0,0.0,1.01,54.0,2.0,52.0,0.0,0.0,590.0,0.0,3.4011973816621555
215160.0,0.0,435746.0,22419.0,0.0,0.0,197585.0,0.0,17.0,2.0,9.0,2.0,0.0,203.0,0.0,5.10594547390058
14770.0,1.0,1831931.0,167091.0,0.0,1.0,0.0,0.91,109.0,1.0,62.0,5.0,0.0,253.0,0.0,4.941642422609304
42293.0,1.0,7678416.0,111945.0,0.0,1.0,0.0,0.99,167.0,3.0,163.0,0.0,0.0,931.0,0.0,2.8903717578961645
61110.0,0.0,6785093.0,13345.0,1.0,1.0,0.0,1.05,32.0,2.0,30.0,0.0,0.0,200.0,0.0,2.6390573296152584
122733.0,0.0,24993035.0,80048.0,1.0,1.0,0.0,0.8,66.0,4.0,49.0,2.0,0.0,740.0,0.0,2.5649493574615367
1136796.0,0.0,17789914.0,927611.0,1.0,1.0,0.0,0.86,614.0,3.0,475.0,27.0,0.0,168.0,0.0,4.787491742782046
62623.0,0.0,3217569.0,183782.0,0.0,1.0,0.0,0.88,207.0,1.0,195.0,0.0,0.0,153.0,0.0,4.406719247264253
75080.0,0.0,4005339.0,24238.0,1.0,1.0,0.0,0.84,36.0,1.0,35.0,0.0,0.0,40.0,0.0,3.091042453358316
267193.0,1.0,2273011.0,324575.0,0.0,1.0,0.0,0.86,338.0,4.0,280.0,18.0,0.0,217.0,0.0,4.174387269895637
35926.0,0.0,1303864.0,5602.0,1.0,1.0,0.0,0.94,9.0,2.0,7.0,0.0,0.0,104.0,0.0,2.6390573296152584
76078.0,1.0,748255.0,233867.0,1.0,1.0,0.0,1.0,155.0,7.0,113.0,9.0,0.0,204.0,0.0,2.772588722239781
276470.0,1.0,23286999.0,429238.0,0.0,1.0,0.0,0.76,302.0,5.0,200.0,20.0,0.0,238.0,0.0,4.5217885770490405
295554.0,0.0,12816560.0,6164.0,1.0,0.0,1011774.0,0.0,11.0,1.0,9.0,0.0,0.0,67.0,0.0,3.58351893845611
376463.0,0.0,22126385.0,7465.0,0.0,3.0,0.0,0.9067,23.0,2.0,21.0,0.0,0.0,600.0,0.0,2.5649493574615367
33841.0,0.0,652261.0,18948.0,1.0,1.0,0.0,1.05,17.0,1.0,15.0,0.0,0.0,63.0,0.0,3.58351893845611
314098.0,1.0,6064419.0,611853.0,0.0,2.0,0.0,0.78,517.0,2.0,306.0,45.0,0.0,115.0,0.0,4.248495242049359
523061.0,0.0,23040408.0,429238.0,0.0,1.0,0.0,0.76,302.0,5.0,200.0,20.0,0.0,238.0,0.0,5.638354669333745
223256.0,0.0,4948334.0,23244.0,0.0,0.0,148072.0,0.0,23.0,1.0,22.0,0.0,0.0,371.0,0.0,3.8918202981106265
308514.0,0.0,19271871.0,5269.0,0.0,1.0,0.0,0.88,14.0,2.0,12.0,0.0,0.0,84.0,0.0,2.5649493574615367
66747.0,1.0,337976.0,191707.0,1.0,1.0,0.0,1.22,127.0,1.0,91.0,8.0,0.0,480.0,0.0,3.044522437723423
82508.0,1.0,390617.0,2285.0,0.0,1.0,0.0,0.76,6.0,1.0,3.0,0.0,0.0,34.0,0.0,2.302585092994046
136057.0,1.0,2184633.0,7419.0,0.0,1.0,0.0,0.96,14.0,1.0,13.0,0.0,0.0,59.0,0.0,4.007333185232471
59787.0,1.0,3648644.0,81730.0,0.0,1.0,0.0,0.82,100.0,3.0,86.0,3.0,0.0,398.0,0.0,4.454347296253507
138935.0,0.0,9002397.0,3021.0,0.0,1.0,0.0,0.71,0.0,0.0,0.0,0.0,0.0,14.0,0.0,3.332204510175204
618350.0,0.0,19581707.0,5269.0,1.0,1.0,0.0,0.88,14.0,2.0,12.0,0.0,0.0,84.0,0.0,4.262679877041316
5948.0,0.0,5399461.0,57244.0,1.0,0.0,32260.0,0.0,42.0,3.0,23.0,2.0,0.0,846.0,0.0,2.5649493574615367
2167.0,0.0,25816469.0,34597.0,1.0,1.0,0.0,1.11,35.0,3.0,32.0,0.0,0.0,59.0,0.0,2.079441541679836
117743.0,1.0,6558042.0,24946.0,0.0,0.0,46680.0,0.0,18.0,0.0,8.0,2.0,0.0,73.0,0.0,3.610917912644224
205348.0,0.0,4930426.0,23244.0,1.0,0.0,148072.0,0.0,23.0,1.0,22.0,0.0,0.0,371.0,0.0,2.19722457733622
468475.0,1.0,6218796.0,611853.0,0.0,2.0,0.0,0.78,517.0,2.0,306.0,45.0,0.0,115.0,0.0,2.3978952727983707
778689.0,0.0,12247340.0,23144.0,0.0,1.0,0.0,1.1,19.0,1.0,15.0,0.0,0.0,80.0,0.0,2.6390573296152584
12206.0,0.0,7121372.0,4735.0,0.0,1.0,0.0,0.85,7.0,1.0,6.0,0.0,0.0,37.0,0.0,3.610917912644224
46986.0,1.0,766415.0,685926.0,0.0,3.0,0.0,0.93,464.0,2.0,300.0,34.0,0.0,74.0,0.0,4.442651256490317
48983.0,1.0,768412.0,685926.0,0.0,3.0,0.0,0.93,464.0,2.0,300.0,34.0,0.0,74.0,0.0,3.828641396489095
158490.0,1.0,6950839.0,251902.0,1.0,1.0,0.0,0.94,103.0,1.0,47.0,8.0,0.0,106.0,0.0,3.044522437723423
31091.0,1.0,6961377.0,65768.0,1.0,1.0,0.0,1.01,58.0,1.0,55.0,0.0,0.0,54.0,0.0,2.19722457733622
56555.0,1.0,6399161.0,394295.0,0.0,1.0,0.0,0.87,336.0,2.0,260.0,23.0,0.0,145.0,0.0,3.6635616461296463
231873.0,1.0,2308331.0,324575.0,0.0,1.0,0.0,0.86,338.0,4.0,280.0,18.0,0.0,217.0,0.0,7.818832443803404
184118.0,0.0,4909196.0,23244.0,0.0,0.0,148072.0,0.0,23.0,1.0,22.0,0.0,0.0,371.0,0.0,3.9318256327243257
35052.0,0.0,1443867.0,19301.0,0.0,1.0,0.0,0.83,26.0,2.0,23.0,0.0,0.0,51.0,0.0,3.4339872044851463
1139705.0,0.0,17787005.0,927611.0,1.0,1.0,0.0,0.86,614.0,3.0,475.0,27.0,0.0,168.0,0.0,4.127134385045092
289886.0,0.0,16749262.0,13893.0,1.0,0.0,1864631.0,0.0,10.0,2.0,8.0,0.0,0.0,168.0,0.0,5.225746673713202
217378.0,0.0,22720226.0,7465.0,0.0,3.0,0.0,0.9067,23.0,2.0,21.0,0.0,0.0,600.0,0.0,3.610917912644224
420506.0,0.0,22923354.0,7465.0,1.0,3.0,0.0,0.9067,23.0,2.0,21.0,0.0,0.0,600.0,0.0,3.8918202981106265
408998.0,0.0,3029034.0,25167.0,0.0,0.0,1002026.0,0.0,13.0,0.0,5.0,3.0,0.0,50.0,0.0,5.308267697401205
599336.0,0.0,19526046.0,927611.0,1.0,1.0,0.0,0.86,614.0,3.0,475.0,27.0,0.0,168.0,0.0,7.706612913964197
201645.0,1.0,18725065.0,927611.0,0.0,1.0,0.0,0.86,614.0,3.0,475.0,27.0,0.0,168.0,0.0,3.332204510175204
138759.0,0.0,2031439.0,72008.0,1.0,1.0,0.0,0.95,80.0,1.0,74.0,1.0,0.0,151.0,0.0,2.70805020110221
430685.0,0.0,19357395.0,927611.0,1.0,1.0,0.0,0.86,614.0,3.0,475.0,27.0,0.0,168.0,0.0,4.442651256490317
12799.0,0.0,588359.0,63863.0,0.0,0.0,43104.0,0.0,49.0,1.0,42.0,1.0,0.0,260.0,0.0,3.4011973816621555
62259.0,1.0,7523630.0,158239.0,1.0,1.0,0.0,0.89,240.0,2.0,234.0,0.0,0.0,1086.0,0.0,3.951243718581428
806.0,1.0,3709462.0,66841.0,0.0,1.0,0.0,0.82,29.0,1.0,16.0,3.0,0.0,54.0,0.0,3.784189633918261
954913.0,0.0,1665123.0,25167.0,0.0,0.0,1002026.0,0.0,13.0,0.0,5.0,3.0,0.0,50.0,0.0,2.833213344056216
52992.0,1.0,12145714.0,177422.0,0.0,1.0,0.0,0.93,85.0,5.0,47.0,11.0,0.0,112.0,0.0,2.70805020110221
457867.0,0.0,22044981.0,7465.0,1.0,3.0,0.0,0.9067,23.0,2.0,21.0,0.0,0.0,600.0,0.0,2.079441541679836
141712.0,0.0,5992813.0,9017.0,0.0,1.0,0.0,0.76,9.0,1.0,7.0,0.0,0.0,79.0,0.0,3.49650756146648
36769.0,0.0,1526102.0,95324.0,0.0,1.0,0.0,1.13,56.0,2.0,41.0,3.0,0.0,74.0,0.0,4.02535169073515
33168.0,0.0,1744687.0,5668.0,0.0,0.0,17747.0,0.0,4.0,1.0,3.0,0.0,0.0,64.0,0.0,3.258096538021482
277394.0,0.0,26948003.0,239436.0,1.0,1.0,0.0,0.83,250.0,5.0,228.0,1.0,0.0,210.0,0.0,4.189654742026425
306584.0,0.0,19269941.0,5269.0,0.0,1.0,0.0,0.88,14.0,2.0,12.0,0.0,0.0,84.0,0.0,2.079441541679836
291083.0,0.0,2002602.0,5668.0,1.0,0.0,17747.0,0.0,4.0,1.0,3.0,0.0,0.0,64.0,0.0,3.713572066704308
631084.0,1.0,10816126.0,1475061.0,1.0,1.0,0.0,0.78,839.0,5.0,347.0,113.0,0.0,299.0,0.0,2.302585092994046
102498.0,0.0,598839.0,49720.0,0.0,1.0,0.0,0.97,43.0,1.0,41.0,1.0,0.0,1031.0,0.0,2.9444389791664403
122422.0,0.0,7046295.0,117874.0,0.0,1.0,0.0,0.87,98.0,1.0,75.0,6.0,0.0,201.0,0.0,3.1354942159291497
35632.0,0.0,636545.0,233867.0,0.0,1.0,0.0,1.0,155.0,7.0,113.0,9.0,0.0,204.0,0.0,2.3978952727983707
8302.0,0.0,1884296.0,7270.0,0.0,0.0,243.0,0.0,11.0,2.0,9.0,0.0,0.0,19.0,0.0,3.258096538021482
704356.0,0.0,12173007.0,23144.0,0.0,1.0,0.0,1.1,19.0,1.0,15.0,0.0,0.0,80.0,0.0,5.921578419643816
1683523.0,0.0,13490937.0,24901.0,0.0,3.0,0.0,0.99,31.0,3.0,25.0,2.0,0.0,78.0,0.0,3.258096538021482
141506.0,1.0,2190082.0,7419.0,0.0,1.0,0.0,0.96,14.0,1.0,13.0,0.0,0.0,59.0,0.0,2.9444389791664403
162062.0,0.0,2782098.0,25167.0,0.0,0.0,1002026.0,0.0,13.0,0.0,5.0,3.0,0.0,50.0,0.0,2.6390573296152584
343619.0,1.0,25487568.0,448833.0,0.0,2.0,0.0,0.92,446.0,1.0,405.0,6.0,0.0,204.0,0.0,3.9318256327243257
36967.0,1.0,3862535.0,46371.0,1.0,1.0,0.0,0.65,27.0,1.0,16.0,4.0,0.0,240.0,0.0,3.828641396489095
4261.0,0.0,4440615.0,36831.0,1.0,1.0,0.0,0.77,32.0,1.0,23.0,1.0,0.0,141.0,0.0,3.9889840465642745
204702.0,0.0,4929780.0,23244.0,0.0,0.0,148072.0,0.0,23.0,1.0,22.0,0.0,0.0,371.0,0.0,3.7612001156935615
391107.0,0.0,24032787.0,19262.0,1.0,1.0,0.0,0.99,8.0,1.0,6.0,0.0,0.0,49.0,0.0,2.5649493574615367
13932.0,1.0,1736635.0,199872.0,0.0,1.0,0.0,0.93,260.0,2.0,234.0,8.0,0.0,99.0,0.0,1.9459101490553128
17586.0,1.0,1158193.0,135713.0,1.0,1.0,0.0,0.86,137.0,4.0,120.0,3.0,0.0,74.0,0.0,2.6390573296152584
431187.0,1.0,18495523.0,927611.0,0.0,1.0,0.0,0.86,614.0,3.0,475.0,27.0,0.0,168.0,0.0,3.258096538021482
331870.0,1.0,6082191.0,611853.0,0.0,2.0,0.0,0.78,517.0,2.0,306.0,45.0,0.0,115.0,0.0,3.610917912644224
93389.0,0.0,1508219.0,51594.0,0.0,0.0,37936.0,0.0,80.0,2.0,78.0,0.0,0.0,225.0,0.0,1.9459101490553128
35983.0,0.0,793170.0,10488.0,0.0,1.0,0.0,0.84,12.0,4.0,7.0,0.0,0.0,333.0,0.0,2.5649493574615367
9527.0,1.0,3229663.0,302818.0,1.0,3.0,0.0,0.94,368.0,2.0,313.0,11.0,0.0,179.0,0.0,2.302585092994046
14634.0,1.0,1735933.0,199872.0,0.0,1.0,0.0,0.93,260.0,2.0,234.0,8.0,0.0,99.0,0.0,4.143134726391533
75066.0,1.0,2326020.0,98417.0,0.0,1.0,0.0,0.93,66.0,2.0,50.0,2.0,0.0,171.0,0.0,5.236441962829949
242572.0,0.0,26982825.0,239436.0,0.0,1.0,0.0,0.83,250.0,5.0,228.0,1.0,0.0,210.0,0.0,3.295836866004329
134699.0,0.0,25005001.0,80048.0,1.0,1.0,0.0,0.8,66.0,4.0,49.0,2.0,0.0,740.0,0.0,2.302585092994046
4179.0,0.0,715250.0,685926.0,1.0,3.0,0.0,0.93,464.0,2.0,300.0,34.0,0.0,74.0,0.0,3.091042453358316
230959.0,1.0,11629234.0,498345.0,0.0,1.0,0.0,0.75,351.0,4.0,247.0,18.0,0.0,260.0,0.0,2.70805020110221
491651.0,0.0,25242892.0,22565.0,0.0,1.0,0.0,0.95,47.0,2.0,45.0,0.0,0.0,423.0,0.0,3.367295829986474
24489.0,0.0,584981.0,33425.0,1.0,2.0,0.0,0.89,50.0,1.0,40.0,4.0,0.0,1345.0,0.0,2.19722457733622
28997.0,0.0,647417.0,18948.0,0.0,1.0,0.0,1.05,17.0,1.0,15.0,0.0,0.0,63.0,0.0,3.258096538021482
185552.0,0.0,2805588.0,25167.0,1.0,0.0,1002026.0,0.0,13.0,0.0,5.0,3.0,0.0,50.0,0.0,3.1354942159291497
31977.0,1.0,2719973.0,81217.0,1.0,0.0,68976.0,0.0,57.0,1.0,25.0,5.0,0.0,16.0,0.0,3.4011973816621555
598240.0,1.0,10848970.0,1475061.0,1.0,1.0,0.0,0.78,839.0,5.0,347.0,113.0,0.0,299.0,0.0,3.1354942159291497
53436.0,1.0,3185754.0,302818.0,1.0,3.0,0.0,0.94,368.0,2.0,313.0,11.0,0.0,179.0,0.0,3.4339872044851463
15297.0,0.0,844450.0,10488.0,1.0,1.0,0.0,0.84,12.0,4.0,7.0,0.0,0.0,333.0,0.0,2.772588722239781
159047.0,0.0,509021.0,57518.0,1.0,0.0,120382.0,0.0,48.0,1.0,37.0,1.0,0.0,225.0,0.0,2.8903717578961645
1407.0,0.0,1894005.0,7270.0,0.0,0.0,243.0,0.0,11.0,2.0,9.0,0.0,0.0,19.0,0.0,4.330733340286331
55504.0,0.0,1464319.0,19301.0,1.0,1.0,0.0,0.83,26.0,2.0,23.0,0.0,0.0,51.0,0.0,3.332204510175204
46664.0,1.0,317893.0,191707.0,1.0,1.0,0.0,1.22,127.0,1.0,91.0,8.0,0.0,480.0,0.0,5.6937321388027
29861.0,1.0,11417349.0,1475061.0,1.0,1.0,0.0,0.78,839.0,5.0,347.0,113.0,0.0,299.0,0.0,3.9889840465642745
300184.0,0.0,1803167.0,148489.0,1.0,1.0,0.0,0.96,128.0,1.0,107.0,1.0,0.0,108.0,0.0,3.828641396489095
311158.0,0.0,23874627.0,429238.0,0.0,1.0,0.0,0.76,302.0,5.0,200.0,20.0,0.0,238.0,0.0,4.02535169073515
72864.0,1.0,2946928.0,8803.0,0.0,1.0,0.0,0.92,25.0,1.0,24.0,0.0,0.0,88.0,0.0,3.1780538303479458
433356.0,0.0,3256475.0,45917.0,1.0,3.0,0.0,1.0267,80.0,3.0,76.0,0.0,0.0,532.0,0.0,3.610917912644224
3296.0,0.0,545874.0,111490.0,0.0,1.0,0.0,0.86,77.0,1.0,66.0,2.0,0.0,122.0,0.0,2.302585092994046
342098.0,0.0,26883299.0,239436.0,1.0,1.0,0.0,0.83,250.0,5.0,228.0,1.0,0.0,210.0,0.0,4.59511985013459
116466.0,0.0,5915794.0,51808.0,0.0,1.0,0.0,1.05,47.0,1.0,39.0,0.0,0.0,123.0,0.0,3.1354942159291497
32005.0,0.0,1470978.0,148489.0,1.0,1.0,0.0,0.96,128.0,1.0,107.0,1.0,0.0,108.0,0.0,4.110873864173311
60213.0,0.0,2541202.0,12239.0,0.0,1.0,0.0,0.6,14.0,1.0,10.0,0.0,0.0,14.0,0.0,3.912023005428146
30986.0,1.0,448262.0,75433.0,0.0,1.0,0.0,0.81,82.0,2.0,60.0,4.0,0.0,29.0,0.0,4.820281565605037
33377.0,1.0,3783701.0,363512.0,0.0,1.0,0.0,0.9,362.0,2.0,318.0,16.0,0.0,360.0,0.0,3.610917912644224
284985.0,0.0,12827129.0,6164.0,0.0,0.0,1011774.0,0.0,11.0,1.0,9.0,0.0,0.0,67.0,0.0,5.805134968916488
458729.0,0.0,26766668.0,239436.0,1.0,1.0,0.0,0.83,250.0,5.0,228.0,1.0,0.0,210.0,0.0,3.828641396489095
12819.0,0.0,1490164.0,148489.0,0.0,1.0,0.0,0.96,128.0,1.0,107.0,1.0,0.0,108.0,0.0,3.8918202981106265
633248.0,0.0,15807708.0,24901.0,0.0,3.0,0.0,0.99,31.0,3.0,25.0,2.0,0.0,78.0,0.0,3.091042453358316
343281.0,0.0,24080613.0,19262.0,0.0,1.0,0.0,0.99,8.0,1.0,6.0,0.0,0.0,49.0,0.0,2.3978952727983707
114931.0,0.0,3997707.0,39210.0,1.0,1.0,0.0,0.9,42.0,3.0,35.0,0.0,0.0,108.0,0.0,2.833213344056216
26074.0,1.0,1724493.0,199872.0,0.0,1.0,0.0,0.93,260.0,2.0,234.0,8.0,0.0,99.0,0.0,4.454347296253507
192061.0,0.0,23631415.0,94653.0,1.0,1.0,0.0,0.94,76.0,4.0,63.0,2.0,0.0,70.0,0.0,4.653960350157523
22630.0,1.0,445743.0,452412.0,0.0,3.0,0.0,0.8067,468.0,5.0,394.0,16.0,0.0,108.0,0.0,2.5649493574615367
366210.0,0.0,25117451.0,22565.0,1.0,1.0,0.0,0.95,47.0,2.0,45.0,0.0,0.0,423.0,0.0,3.091042453358316
268475.0,0.0,23831944.0,429238.0,0.0,1.0,0.0,0.76,302.0,5.0,200.0,20.0,0.0,238.0,0.0,2.8903717578961645
87670.0,0.0,15262130.0,24901.0,0.0,3.0,0.0,0.99,31.0,3.0,25.0,2.0,0.0,78.0,0.0,3.044522437723423
67434.0,1.0,2941498.0,8803.0,0.0,1.0,0.0,0.92,25.0,1.0,24.0,0.0,0.0,88.0,0.0,3.4339872044851463
63137.0,0.0,5969123.0,51808.0,0.0,1.0,0.0,1.05,47.0,1.0,39.0,0.0,0.0,123.0,0.0,4.060443010546419
123891.0,0.0,24994193.0,80048.0,1.0,1.0,0.0,0.8,66.0,4.0,49.0,2.0,0.0,740.0,0.0,4.406719247264253
693359.0,0.0,12162010.0,23144.0,0.0,1.0,0.0,1.1,19.0,1.0,15.0,0.0,0.0,80.0,0.0,3.218875824868201
428632.0,0.0,7923894.0,111945.0,0.0,1.0,0.0,0.99,167.0,3.0,163.0,0.0,0.0,931.0,0.0,4.812184355372417
86377.0,1.0,2960441.0,8803.0,1.0,1.0,0.0,0.92,25.0,1.0,24.0,0.0,0.0,88.0,0.0,2.079441541679836
467748.0,0.0,688334.0,22419.0,0.0,0.0,197585.0,0.0,17.0,2.0,9.0,2.0,0.0,203.0,0.0,2.833213344056216
135955.0,0.0,25006257.0,80048.0,0.0,1.0,0.0,0.8,66.0,4.0,49.0,2.0,0.0,740.0,0.0,2.8903717578961645
54968.0,1.0,6397574.0,394295.0,1.0,1.0,0.0,0.87,336.0,2.0,260.0,23.0,0.0,145.0,0.0,4.04305126783455
70532.0,0.0,680002.0,33425.0,1.0,2.0,0.0,0.89,50.0,1.0,40.0,4.0,0.0,1345.0,0.0,2.6390573296152584
1223.0,1.0,5282546.0,36273.0,0.0,0.0,270690.0,0.0,22.0,1.0,21.0,0.0,0.0,1211.0,0.0,2.19722457733622
21795.0,1.0,6364401.0,394295.0,0.0,1.0,0.0,0.87,336.0,2.0,260.0,23.0,0.0,145.0,0.0,4.477336814478207
83578.0,1.0,391687.0,2285.0,1.0,1.0,0.0,0.76,6.0,1.0,3.0,0.0,0.0,34.0,0.0,3.218875824868201
15399.0,0.0,3165928.0,100187.0,0.0,1.0,0.0,1.06,79.0,5.0,64.0,1.0,0.0,114.0,0.0,4.499809670330265
47152.0,1.0,2499134.0,74511.0,1.0,0.0,63163.0,0.0,83.0,1.0,68.0,2.0,0.0,45.0,0.0,6.182084906716632
23364.0,0.0,5545549.0,9999.0,1.0,0.0,200389.0,0.0,7.0,1.0,6.0,0.0,0.0,42.0,0.0,5.926926025970411
439615.0,1.0,18487095.0,927611.0,0.0,1.0,0.0,0.86,614.0,3.0,475.0,27.0,0.0,168.0,0.0,2.4849066497880004
19643.0,0.0,3741973.0,26488.0,0.0,1.0,0.0,1.18,26.0,1.0,24.0,0.0,0.0,72.0,0.0,3.044522437723423
267982.0,1.0,11592211.0,498345.0,0.0,1.0,0.0,0.75,351.0,4.0,247.0,18.0,0.0,260.0,0.0,5.726847747587197
53185.0,0.0,3909050.0,26961.0,0.0,1.0,0.0,0.97,16.0,1.0,9.0,3.0,0.0,83.0,0.0,3.332204510175204
17379.0,1.0,214892.0,47047.0,0.0,1.0,0.0,0.82,74.0,5.0,69.0,0.0,0.0,105.0,0.0,6.920671504248683
225726.0,0.0,23789195.0,429238.0,0.0,1.0,0.0,0.76,302.0,5.0,200.0,20.0,0.0,238.0,0.0,4.007333185232471
480878.0,0.0,26440304.0,6230.0,0.0,1.0,0.0,0.97,14.0,1.0,13.0,0.0,0.0,136.0,0.0,5.181783550292085
1022628.0,0.0,1243214.0,22419.0,0.0,0.0,197585.0,0.0,17.0,2.0,9.0,2.0,0.0,203.0,0.0,5.19295685089021
1011823.0,0.0,1608213.0,25167.0,1.0,0.0,1002026.0,0.0,13.0,0.0,5.0,3.0,0.0,50.0,0.0,1.9459101490553128
205426.0,0.0,1134133.0,105735.0,0.0,1.0,0.0,1.05,99.0,2.0,86.0,3.0,0.0,204.0,0.0,2.4849066497880004
435789.0,0.0,25187030.0,22565.0,1.0,1.0,0.0,0.95,47.0,2.0,45.0,0.0,0.0,423.0,0.0,2.079441541679836
24509.0,1.0,2226445.0,98417.0,1.0,1.0,0.0,0.93,66.0,2.0,50.0,2.0,0.0,171.0,0.0,2.772588722239781
522521.0,0.0,11337672.0,498345.0,1.0,1.0,0.0,0.75,351.0,4.0,247.0,18.0,0.0,260.0,0.0,3.218875824868201
1224973.0,0.0,20579785.0,407899.0,0.0,1.0,0.0,0.82,151.0,4.0,68.0,22.0,0.0,275.0,0.0,3.218875824868201
75265.0,1.0,7619274.0,281987.0,1.0,1.0,0.0,0.98,301.0,2.0,273.0,9.0,0.0,309.0,0.0,3.6375861597263857
82344.0,0.0,25065800.0,66555.0,0.0,1.0,0.0,1.11,57.0,7.0,49.0,0.0,0.0,44.0,0.0,3.871201010907891
397996.0,0.0,7954530.0,111945.0,0.0,1.0,0.0,0.99,167.0,3.0,163.0,0.0,0.0,931.0,0.0,3.713572066704308
24475.0,0.0,1479488.0,29024.0,1.0,1.0,0.0,0.91,21.0,2.0,19.0,0.0,0.0,128.0,0.0,4.912654885736052
69181.0,1.0,7613190.0,281987.0,1.0,1.0,0.0,0.98,301.0,2.0,273.0,9.0,0.0,309.0,0.0,2.833213344056216
416141.0,0.0,7936385.0,111945.0,1.0,1.0,0.0,0.99,167.0,3.0,163.0,0.0,0.0,931.0,0.0,1.9459101490553128
21119.0,0.0,5501066.0,9999.0,1.0,0.0,200389.0,0.0,7.0,1.0,6.0,0.0,0.0,42.0,0.0,3.5263605246161616
218833.0,1.0,2321371.0,324575.0,1.0,1.0,0.0,0.86,338.0,4.0,280.0,18.0,0.0,217.0,0.0,2.079441541679836
60794.0,0.0,2540621.0,12239.0,1.0,1.0,0.0,0.6,14.0,1.0,10.0,0.0,0.0,14.0,0.0,2.5649493574615367
228082.0,1.0,21576676.0,407899.0,0.0,1.0,0.0,0.82,151.0,4.0,68.0,22.0,0.0,275.0,0.0,4.189654742026425
517121.0,0.0,2110063.0,730752.0,0.0,5.0,0.0,0.972,416.0,8.0,251.0,22.0,0.0,327.0,0.0,2.995732273553991
71059.0,0.0,4196832.0,132755.0,0.0,2.0,0.0,0.825,257.0,2.0,254.0,0.0,0.0,169.0,0.0,2.302585092994046
21797.0,1.0,11425413.0,1475061.0,0.0,1.0,0.0,0.78,839.0,5.0,347.0,113.0,0.0,299.0,0.0,3.218875824868201
1432.0,1.0,10516895.0,39995.0,0.0,1.0,0.0,0.8,47.0,3.0,30.0,0.0,0.0,27.0,0.0,4.700480365792417
1379276.0,0.0,17547434.0,927611.0,1.0,1.0,0.0,0.86,614.0,3.0,475.0,27.0,0.0,168.0,0.0,2.995732273553991
519372.0,0.0,17558520.0,13893.0,1.0,0.0,1864631.0,0.0,10.0,2.0,8.0,0.0,0.0,168.0,0.0,2.302585092994046
237703.0,0.0,458289.0,22419.0,0.0,0.0,197585.0,0.0,17.0,2.0,9.0,2.0,0.0,203.0,0.0,2.5649493574615367
57958.0,0.0,6314033.0,200054.0,0.0,1.0,0.0,0.84,127.0,2.0,94.0,6.0,0.0,585.0,0.0,4.174387269895637
122450.0,0.0,5249886.0,16076.0,0.0,1.0,0.0,0.87,17.0,2.0,14.0,0.0,0.0,37.0,0.0,2.8903717578961645
162011.0,0.0,2008187.0,72008.0,1.0,1.0,0.0,0.95,80.0,1.0,74.0,1.0,0.0,151.0,0.0,2.079441541679836
91399.0,0.0,5430786.0,9999.0,1.0,0.0,200389.0,0.0,7.0,1.0,6.0,0.0,0.0,42.0,0.0,2.6390573296152584
63404.0,1.0,2515386.0,74511.0,0.0,0.0,63163.0,0.0,83.0,1.0,68.0,2.0,0.0,45.0,0.0,3.5263605246161616
328480.0,0.0,937950.0,33425.0,0.0,2.0,0.0,0.89,50.0,1.0,40.0,4.0,0.0,1345.0,0.0,2.5649493574615367
225605.0,0.0,446191.0,22419.0,0.0,0.0,197585.0,0.0,17.0,2.0,9.0,2.0,0.0,203.0,0.0,2.5649493574615367
5169.0,0.0,1637924.0,23788.0,1.0,1.0,0.0,0.91,20.0,2.0,9.0,2.0,0.0,52.0,0.0,4.74493212836325
7046.0,0.0,25155190.0,66555.0,1.0,1.0,0.0,1.11,57.0,7.0,49.0,0.0,0.0,44.0,0.0,1.9459101490553128
416933.0,1.0,11030277.0,1475061.0,0.0,1.0,0.0,0.78,839.0,5.0,347.0,113.0,0.0,299.0,0.0,3.58351893845611
4244.0,1.0,11014048.0,43655.0,0.0,9.0,0.0,0.7778,98.0,1.0,94.0,0.0,0.0,543.0,0.0,2.4849066497880004
100520.0,1.0,18826190.0,927611.0,0.0,1.0,0.0,0.86,614.0,3.0,475.0,27.0,0.0,168.0,0.0,2.833213344056216
138472.0,1.0,857901.0,685926.0,0.0,3.0,0.0,0.93,464.0,2.0,300.0,34.0,0.0,74.0,0.0,4.5217885770490405
5565.0,1.0,1277440.0,54796.0,1.0,1.0,0.0,0.84,57.0,2.0,44.0,3.0,0.0,357.0,0.0,4.290459441148391
402922.0,0.0,7949604.0,111945.0,1.0,1.0,0.0,0.99,167.0,3.0,163.0,0.0,0.0,931.0,0.0,1.3862943611198906
53287.0,1.0,3655144.0,81730.0,1.0,1.0,0.0,0.82,100.0,3.0,86.0,3.0,0.0,398.0,0.0,3.784189633918261
39701.0,0.0,789452.0,10488.0,1.0,1.0,0.0,0.84,12.0,4.0,7.0,0.0,0.0,333.0,0.0,2.772588722239781
274584.0,0.0,23838053.0,429238.0,0.0,1.0,0.0,0.76,302.0,5.0,200.0,20.0,0.0,238.0,0.0,2.70805020110221
75412.0,0.0,1484227.0,19301.0,1.0,1.0,0.0,0.83,26.0,2.0,23.0,0.0,0.0,51.0,0.0,3.044522437723423
1758005.0,0.0,20744843.0,7465.0,1.0,3.0,0.0,0.9067,23.0,2.0,21.0,0.0,0.0,600.0,0.0,3.1780538303479458
93383.0,0.0,25054761.0,66555.0,1.0,1.0,0.0,1.11,57.0,7.0,49.0,0.0,0.0,44.0,0.0,3.332204510175204
1067095.0,0.0,17859615.0,927611.0,1.0,1.0,0.0,0.86,614.0,3.0,475.0,27.0,0.0,168.0,0.0,5.44673737166631
89231.0,0.0,24959533.0,80048.0,1.0,1.0,0.0,0.8,66.0,4.0,49.0,2.0,0.0,740.0,0.0,3.912023005428146
486031.0,0.0,19412741.0,927611.0,1.0,1.0,0.0,0.86,614.0,3.0,475.0,27.0,0.0,168.0,0.0,2.19722457733622
31194.0,1.0,1083917.0,132301.0,0.0,1.0,0.0,1.15,108.0,1.0,86.0,8.0,0.0,230.0,0.0,3.295836866004329
17351.0,0.0,592911.0,63863.0,0.0,0.0,43104.0,0.0,49.0,1.0,42.0,1.0,0.0,260.0,0.0,2.19722457733622
351392.0,0.0,9970416.0,1181213.0,1.0,1.0,0.0,0.77,966.0,3.0,683.0,63.0,0.0,298.0,0.0,4.543294782270004
198322.0,1.0,3618756.0,363512.0,1.0,1.0,0.0,0.9,362.0,2.0,318.0,16.0,0.0,360.0,0.0,2.6390573296152584
6010.0,0.0,5289779.0,36273.0,0.0,0.0,270690.0,0.0,22.0,1.0,21.0,0.0,0.0,1211.0,0.0,3.49650756146648
507727.0,0.0,19434437.0,927611.0,0.0,1.0,0.0,0.86,614.0,3.0,475.0,27.0,0.0,168.0,0.0,4.060443010546419
284909.0,0.0,22787757.0,7465.0,0.0,3.0,0.0,0.9067,23.0,2.0,21.0,0.0,0.0,600.0,0.0,2.3978952727983707
380160.0,1.0,11067050.0,1475061.0,1.0,1.0,0.0,0.78,839.0,5.0,347.0,113.0,0.0,299.0,0.0,5.351858133476067
1355491.0,0.0,20282201.0,927611.0,0.0,1.0,0.0,0.86,614.0,3.0,475.0,27.0,0.0,168.0,0.0,1.6094379124341005
229110.0,0.0,3392788.0,5345.0,1.0,2.0,0.0,0.8,16.0,2.0,14.0,0.0,0.0,330.0,0.0,4.962844630259907
704289.0,0.0,12172940.0,23144.0,0.0,1.0,0.0,1.1,19.0,1.0,15.0,0.0,0.0,80.0,0.0,3.49650756146648
333021.0,1.0,6083342.0,611853.0,0.0,2.0,0.0,0.78,517.0,2.0,306.0,45.0,0.0,115.0,0.0,2.19722457733622
14433.0,0.0,589993.0,63863.0,0.0,0.0,43104.0,0.0,49.0,1.0,42.0,1.0,0.0,260.0,0.0,5.14166355650266
462936.0,0.0,943723.0,65530.0,1.0,0.0,34197.0,0.0,55.0,1.0,27.0,6.0,0.0,516.0,0.0,2.70805020110221
250890.0,0.0,26974507.0,239436.0,1.0,1.0,0.0,0.83,250.0,5.0,228.0,1.0,0.0,210.0,0.0,4.406719247264253
10212.0,1.0,6733432.0,11803.0,1.0,1.0,0.0,0.74,14.0,1.0,12.0,0.0,0.0,60.0,0.0,5.7745515455444085
204994.0,0.0,2422190.0,730752.0,0.0,5.0,0.0,0.972,416.0,8.0,251.0,22.0,0.0,327.0,0.0,5.963579343618446
205456.0,0.0,9122553.0,97567.0,1.0,1.0,0.0,0.94,60.0,2.0,43.0,3.0,0.0,141.0,0.0,3.713572066704308
306279.0,1.0,3469957.0,5345.0,0.0,2.0,0.0,0.8,16.0,2.0,14.0,0.0,0.0,330.0,0.0,4.343805421853684
129852.0,1.0,6716351.0,13345.0,0.0,1.0,0.0,1.05,32.0,2.0,30.0,0.0,0.0,200.0,0.0,2.833213344056216
355630.0,0.0,24068264.0,19262.0,1.0,1.0,0.0,0.99,8.0,1.0,6.0,0.0,0.0,49.0,0.0,5.236441962829949
52178.0,0.0,4944351.0,70638.0,1.0,1.0,0.0,0.95,49.0,2.0,37.0,3.0,0.0,72.0,0.0,3.332204510175204
65150.0,0.0,1776669.0,5668.0,0.0,0.0,17747.0,0.0,4.0,1.0,3.0,0.0,0.0,64.0,0.0,4.976733742420574
106083.0,1.0,6138343.0,51808.0,0.0,1.0,0.0,1.05,47.0,1.0,39.0,0.0,0.0,123.0,0.0,5.666426688112432
58436.0,0.0,1543172.0,51594.0,1.0,0.0,37936.0,0.0,80.0,2.0,78.0,0.0,0.0,225.0,0.0,2.4849066497880004
286279.0,0.0,26117466.0,448833.0,0.0,2.0,0.0,0.92,446.0,1.0,405.0,6.0,0.0,204.0,0.0,3.295836866004329
235997.0,0.0,19162707.0,927611.0,1.0,1.0,0.0,0.86,614.0,3.0,475.0,27.0,0.0,168.0,0.0,3.871201010907891
1272385.0,0.0,20199095.0,927611.0,1.0,1.0,0.0,0.86,614.0,3.0,475.0,27.0,0.0,168.0,0.0,2.8903717578961645
134220.0,1.0,1634198.0,138749.0,0.0,2.0,0.0,0.7,22.0,1.0,4.0,2.0,0.0,165.0,0.0,3.828641396489095
48237.0,0.0,5789236.0,45277.0,0.0,0.0,290065.0,0.0,37.0,3.0,26.0,2.0,0.0,1029.0,0.0,7.398174092970465
52383.0,0.0,1955152.0,104921.0,1.0,1.0,0.0,0.82,80.0,3.0,65.0,1.0,0.0,244.0,0.0,3.258096538021482
1926.0,1.0,351900.0,57518.0,0.0,0.0,120382.0,0.0,48.0,1.0,37.0,1.0,0.0,225.0,0.0,6.001414877961151
19349.0,1.0,2231605.0,98417.0,0.0,1.0,0.0,0.93,66.0,2.0,50.0,2.0,0.0,171.0,0.0,3.49650756146648
116584.0,1.0,6729619.0,13345.0,1.0,1.0,0.0,1.05,32.0,2.0,30.0,0.0,0.0,200.0,0.0,5.003946305945459
59368.0,1.0,6431359.0,200054.0,0.0,1.0,0.0,0.84,127.0,2.0,94.0,6.0,0.0,585.0,0.0,2.995732273553991
482150.0,0.0,18481207.0,5269.0,1.0,1.0,0.0,0.88,14.0,2.0,12.0,0.0,0.0,84.0,0.0,2.5649493574615367
115340.0,1.0,6730863.0,13345.0,1.0,1.0,0.0,1.05,32.0,2.0,30.0,0.0,0.0,200.0,0.0,3.828641396489095
540194.0,0.0,26499620.0,6230.0,1.0,1.0,0.0,0.97,14.0,1.0,13.0,0.0,0.0,136.0,0.0,2.302585092994046
278530.0,1.0,6028851.0,611853.0,0.0,2.0,0.0,0.78,517.0,2.0,306.0,45.0,0.0,115.0,0.0,4.543294782270004
106985.0,0.0,22395863.0,7465.0,0.0,3.0,0.0,0.9067,23.0,2.0,21.0,0.0,0.0,600.0,0.0,4.189654742026425
1101.0,0.0,348873.0,57518.0,1.0,0.0,120382.0,0.0,48.0,1.0,37.0,1.0,0.0,225.0,0.0,4.110873864173311
26230.0,0.0,693199.0,685926.0,0.0,3.0,0.0,0.93,464.0,2.0,300.0,34.0,0.0,74.0,0.0,4.51085950651685
44059.0,0.0,785094.0,10488.0,1.0,1.0,0.0,0.84,12.0,4.0,7.0,0.0,0.0,333.0,0.0,3.367295829986474
13992.0,0.0,7156941.0,5233.0,1.0,1.0,0.0,0.89,12.0,1.0,9.0,0.0,0.0,20.0,0.0,2.8903717578961645
428649.0,0.0,12683465.0,6164.0,1.0,0.0,1011774.0,0.0,11.0,1.0,9.0,0.0,0.0,67.0,0.0,3.4339872044851463
389017.0,0.0,17428165.0,13893.0,1.0,0.0,1864631.0,0.0,10.0,2.0,8.0,0.0,0.0,168.0,0.0,2.8903717578961645
44045.0,1.0,1706522.0,199872.0,1.0,1.0,0.0,0.93,260.0,2.0,234.0,8.0,0.0,99.0,0.0,4.532599493153256
91785.0,0.0,580392.0,233867.0,1.0,1.0,0.0,1.0,155.0,7.0,113.0,9.0,0.0,204.0,0.0,4.844187086458591
32692.0,0.0,1441507.0,19301.0,1.0,1.0,0.0,0.83,26.0,2.0,23.0,0.0,0.0,51.0,0.0,4.143134726391533
586965.0,0.0,4309295.0,26488.0,1.0,1.0,0.0,1.18,26.0,1.0,24.0,0.0,0.0,72.0,0.0,2.4849066497880004
353435.0,1.0,1141754.0,86371.0,1.0,2.0,0.0,0.85,121.0,1.0,113.0,1.0,0.0,381.0,0.0,3.555348061489413
51118.0,1.0,21753640.0,407899.0,1.0,1.0,0.0,0.82,151.0,4.0,68.0,22.0,0.0,275.0,0.0,2.079441541679836
43765.0,1.0,3664666.0,81730.0,0.0,1.0,0.0,0.82,100.0,3.0,86.0,3.0,0.0,398.0,0.0,2.772588722239781
317311.0,1.0,3499767.0,363512.0,0.0,1.0,0.0,0.9,362.0,2.0,318.0,16.0,0.0,360.0,0.0,3.295836866004329
69868.0,0.0,4655210.0,23244.0,1.0,0.0,148072.0,0.0,23.0,1.0,22.0,0.0,0.0,371.0,0.0,2.4849066497880004
1973.0,0.0,1894571.0,7270.0,0.0,0.0,243.0,0.0,11.0,2.0,9.0,0.0,0.0,19.0,0.0,2.3978952727983707
141734.0,0.0,24044931.0,44883.0,1.0,1.0,0.0,1.05,30.0,1.0,22.0,2.0,0.0,74.0,0.0,2.302585092994046
1170274.0,0.0,21332574.0,7465.0,0.0,3.0,0.0,0.9067,23.0,2.0,21.0,0.0,0.0,600.0,0.0,2.19722457733622
1024690.0,0.0,21478158.0,7465.0,1.0,3.0,0.0,0.9067,23.0,2.0,21.0,0.0,0.0,600.0,0.0,5.424950017481403
246491.0,0.0,26077678.0,448833.0,1.0,2.0,0.0,0.92,446.0,1.0,405.0,6.0,0.0,204.0,0.0,2.079441541679836
27366.0,0.0,6818837.0,13345.0,1.0,1.0,0.0,1.05,32.0,2.0,30.0,0.0,0.0,200.0,0.0,2.302585092994046
14506.0,0.0,25804130.0,34597.0,0.0,1.0,0.0,1.11,35.0,3.0,32.0,0.0,0.0,59.0,0.0,4.770684624465665
50426.0,1.0,1052500.0,133152.0,0.0,1.0,0.0,0.84,87.0,2.0,69.0,2.0,0.0,274.0,0.0,6.672032945461067
19131.0,1.0,3689300.0,81730.0,1.0,1.0,0.0,0.82,100.0,3.0,86.0,3.0,0.0,398.0,0.0,2.8903717578961645
7159.0,0.0,24179506.0,44883.0,1.0,1.0,0.0,1.05,30.0,1.0,22.0,2.0,0.0,74.0,0.0,3.332204510175204
11400.0,1.0,3888102.0,46371.0,1.0,1.0,0.0,0.65,27.0,1.0,16.0,4.0,0.0,240.0,0.0,3.58351893845611
192084.0,1.0,911513.0,685926.0,0.0,3.0,0.0,0.93,464.0,2.0,300.0,34.0,0.0,74.0,0.0,4.356708826689592
278646.0,1.0,6028967.0,611853.0,0.0,2.0,0.0,0.78,517.0,2.0,306.0,45.0,0.0,115.0,0.0,3.367295829986474
487273.0,1.0,10959937.0,1475061.0,1.0,1.0,0.0,0.78,839.0,5.0,347.0,113.0,0.0,299.0,0.0,4.672828834461906
215481.0,0.0,19142191.0,927611.0,1.0,1.0,0.0,0.86,614.0,3.0,475.0,27.0,0.0,168.0,0.0,3.367295829986474
53225.0,0.0,5794224.0,45277.0,0.0,0.0,290065.0,0.0,37.0,3.0,26.0,2.0,0.0,1029.0,0.0,3.1354942159291497
21621.0,0.0,4913794.0,70638.0,1.0,1.0,0.0,0.95,49.0,2.0,37.0,3.0,0.0,72.0,0.0,2.995732273553991
713614.0,0.0,12182265.0,23144.0,0.0,1.0,0.0,1.1,19.0,1.0,15.0,0.0,0.0,80.0,0.0,3.332204510175204
121478.0,1.0,4637885.0,574324.0,0.0,1.0,0.0,0.93,529.0,2.0,401.0,25.0,0.0,132.0,0.0,3.9889840465642745
9547.0,1.0,1105564.0,132301.0,0.0,1.0,0.0,1.15,108.0,1.0,86.0,8.0,0.0,230.0,0.0,3.4657359027997265
17427.0,0.0,23580896.0,429238.0,0.0,1.0,0.0,0.76,302.0,5.0,200.0,20.0,0.0,238.0,0.0,3.828641396489095
269967.0,0.0,1136692.0,65530.0,0.0,0.0,34197.0,0.0,55.0,1.0,27.0,6.0,0.0,516.0,0.0,5.488937726156687
457567.0,0.0,16581581.0,13893.0,0.0,0.0,1864631.0,0.0,10.0,2.0,8.0,0.0,0.0,168.0,0.0,4.04305126783455
37838.0,0.0,656258.0,18948.0,1.0,1.0,0.0,1.05,17.0,1.0,15.0,0.0,0.0,63.0,0.0,2.5649493574615367
70290.0,1.0,3266133.0,115752.0,1.0,0.0,15018.0,0.0,48.0,1.0,18.0,5.0,0.0,173.0,0.0,4.343805421853684
865903.0,0.0,22697566.0,429238.0,0.0,1.0,0.0,0.76,302.0,5.0,200.0,20.0,0.0,238.0,0.0,4.68213122712422
309863.0,0.0,16729285.0,13893.0,1.0,0.0,1864631.0,0.0,10.0,2.0,8.0,0.0,0.0,168.0,0.0,3.80666248977032
46633.0,1.0,448370.0,125097.0,1.0,1.0,0.0,0.84,93.0,1.0,66.0,7.0,0.0,481.0,0.0,2.8903717578961645
84583.0,1.0,6116843.0,51808.0,0.0,1.0,0.0,1.05,47.0,1.0,39.0,0.0,0.0,123.0,0.0,4.204692619390966
101152.0,0.0,5725549.0,172687.0,0.0,1.0,0.0,0.79,249.0,2.0,243.0,0.0,0.0,304.0,0.0,3.713572066704308
97332.0,1.0,938212.0,247493.0,0.0,1.0,0.0,0.84,324.0,9.0,302.0,1.0,0.0,250.0,0.0,3.58351893845611
28881.0,0.0,3884746.0,26961.0,0.0,1.0,0.0,0.97,16.0,1.0,9.0,3.0,0.0,83.0,0.0,3.610917912644224
18067.0,1.0,6014193.0,51808.0,1.0,1.0,0.0,1.05,47.0,1.0,39.0,0.0,0.0,123.0,0.0,3.295836866004329
106735.0,0.0,11966928.0,498345.0,0.0,1.0,0.0,0.75,351.0,4.0,247.0,18.0,0.0,260.0,0.0,4.74493212836325
40377.0,0.0,1366282.0,65530.0,1.0,0.0,34197.0,0.0,55.0,1.0,27.0,6.0,0.0,516.0,0.0,3.332204510175204
20355.0,1.0,23543114.0,429238.0,1.0,1.0,0.0,0.76,302.0,5.0,200.0,20.0,0.0,238.0,0.0,2.302585092994046
537641.0,0.0,23025828.0,429238.0,0.0,1.0,0.0,0.76,302.0,5.0,200.0,20.0,0.0,238.0,0.0,4.02535169073515
222817.0,0.0,7163569.0,33888.0,0.0,1.0,0.0,1.01,54.0,2.0,52.0,0.0,0.0,590.0,0.0,2.302585092994046
1671331.0,0.0,13503129.0,24901.0,0.0,3.0,0.0,0.99,31.0,3.0,25.0,2.0,0.0,78.0,0.0,3.258096538021482
440991.0,0.0,22245749.0,407899.0,0.0,1.0,0.0,0.82,151.0,4.0,68.0,22.0,0.0,275.0,0.0,4.74493212836325
90645.0,1.0,2341599.0,98417.0,1.0,1.0,0.0,0.93,66.0,2.0,50.0,2.0,0.0,171.0,0.0,2.995732273553991
294788.0,0.0,1797771.0,148489.0,1.0,1.0,0.0,0.96,128.0,1.0,107.0,1.0,0.0,108.0,0.0,3.091042453358316
31925.0,1.0,7564309.0,42223.0,1.0,1.0,0.0,0.92,27.0,1.0,24.0,0.0,0.0,49.0,0.0,3.4011973816621555
81513.0,0.0,3937378.0,26961.0,1.0,1.0,0.0,0.97,16.0,1.0,9.0,3.0,0.0,83.0,0.0,2.079441541679836
2922.0,0.0,400786.0,110683.0,0.0,2.0,0.0,0.925,73.0,2.0,58.0,2.0,0.0,80.0,0.0,3.1780538303479458
424562.0,0.0,25175803.0,22565.0,0.0,1.0,0.0,0.95,47.0,2.0,45.0,0.0,0.0,423.0,0.0,4.882801922586371
731467.0,0.0,12200118.0,23144.0,0.0,1.0,0.0,1.1,19.0,1.0,15.0,0.0,0.0,80.0,0.0,4.3694478524670215
77781.0,1.0,320083.0,110683.0,0.0,2.0,0.0,0.925,73.0,2.0,58.0,2.0,0.0,80.0,0.0,3.044522437723423
12319.0,1.0,11005973.0,43655.0,0.0,9.0,0.0,0.7778,98.0,1.0,94.0,0.0,0.0,543.0,0.0,3.091042453358316
299678.0,0.0,23863147.0,429238.0,1.0,1.0,0.0,0.76,302.0,5.0,200.0,20.0,0.0,238.0,0.0,4.406719247264253
87754.0,1.0,6120014.0,51808.0,1.0,1.0,0.0,1.05,47.0,1.0,39.0,0.0,0.0,123.0,0.0,2.3978952727983707
132527.0,0.0,2752563.0,25167.0,0.0,0.0,1002026.0,0.0,13.0,0.0,5.0,3.0,0.0,50.0,0.0,2.70805020110221
414129.0,0.0,11861339.0,1475061.0,0.0,1.0,0.0,0.78,839.0,5.0,347.0,113.0,0.0,299.0,0.0,4.3694478524670215
232363.0,1.0,951792.0,685926.0,1.0,3.0,0.0,0.93,464.0,2.0,300.0,34.0,0.0,74.0,0.0,3.218875824868201
379203.0,0.0,17418351.0,13893.0,0.0,0.0,1864631.0,0.0,10.0,2.0,8.0,0.0,0.0,168.0,0.0,1.6094379124341005
219681.0,0.0,12312403.0,177422.0,0.0,1.0,0.0,0.93,85.0,5.0,47.0,11.0,0.0,112.0,0.0,4.8283137373023015
27945.0,1.0,10990347.0,43655.0,1.0,9.0,0.0,0.7778,98.0,1.0,94.0,0.0,0.0,543.0,0.0,2.079441541679836
714999.0,0.0,12183650.0,23144.0,0.0,1.0,0.0,1.1,19.0,1.0,15.0,0.0,0.0,80.0,0.0,4.997212273764115
818901.0,1.0,10437925.0,1181213.0,0.0,1.0,0.0,0.77,966.0,3.0,683.0,63.0,0.0,298.0,0.0,2.9444389791664403
18595.0,0.0,7127761.0,4735.0,1.0,1.0,0.0,0.85,7.0,1.0,6.0,0.0,0.0,37.0,0.0,4.356708826689592
6204.0,0.0,4709870.0,313011.0,0.0,2.0,0.0,0.89,429.0,8.0,392.0,6.0,0.0,115.0,0.0,3.1780538303479458
310912.0,0.0,22115670.0,407899.0,0.0,1.0,0.0,0.82,151.0,4.0,68.0,22.0,0.0,275.0,0.0,4.948759890378168
14012.0,1.0,2236942.0,98417.0,1.0,1.0,0.0,0.93,66.0,2.0,50.0,2.0,0.0,171.0,0.0,3.4339872044851463
162601.0,0.0,1177189.0,5602.0,1.0,1.0,0.0,0.94,9.0,2.0,7.0,0.0,0.0,104.0,0.0,5.293304824724492
214888.0,1.0,2325316.0,324575.0,1.0,1.0,0.0,0.86,338.0,4.0,280.0,18.0,0.0,217.0,0.0,3.1354942159291497
21868.0,0.0,697561.0,685926.0,1.0,3.0,0.0,0.93,464.0,2.0,300.0,34.0,0.0,74.0,0.0,5.983936280687191
302392.0,0.0,911862.0,33425.0,0.0,2.0,0.0,0.89,50.0,1.0,40.0,4.0,0.0,1345.0,0.0,3.1354942159291497
115611.0,0.0,3971476.0,26961.0,1.0,1.0,0.0,0.97,16.0,1.0,9.0,3.0,0.0,83.0,0.0,4.653960350157523
83426.0,0.0,784763.0,49720.0,0.0,1.0,0.0,0.97,43.0,1.0,41.0,1.0,0.0,1031.0,0.0,4.605170185988092
389791.0,0.0,22892639.0,7465.0,1.0,3.0,0.0,0.9067,23.0,2.0,21.0,0.0,0.0,600.0,0.0,4.248495242049359
698365.0,0.0,12167016.0,23144.0,0.0,1.0,0.0,1.1,19.0,1.0,15.0,0.0,0.0,80.0,0.0,6.077642243349034
413933.0,0.0,19340643.0,927611.0,0.0,1.0,0.0,0.86,614.0,3.0,475.0,27.0,0.0,168.0,0.0,2.5649493574615367
154763.0,0.0,517414.0,233867.0,0.0,1.0,0.0,1.0,155.0,7.0,113.0,9.0,0.0,204.0,0.0,3.4011973816621555
52399.0,0.0,1461214.0,19301.0,0.0,1.0,0.0,0.83,26.0,2.0,23.0,0.0,0.0,51.0,0.0,2.19722457733622
348072.0,1.0,6199173.0,9017.0,0.0,1.0,0.0,0.76,9.0,1.0,7.0,0.0,0.0,79.0,0.0,2.6390573296152584
43569.0,0.0,4768647.0,23244.0,1.0,0.0,148072.0,0.0,23.0,1.0,22.0,0.0,0.0,371.0,0.0,2.8903717578961645
1161325.0,0.0,17765385.0,927611.0,0.0,1.0,0.0,0.86,614.0,3.0,475.0,27.0,0.0,168.0,0.0,3.951243718581428
40126.0,0.0,789027.0,10488.0,0.0,1.0,0.0,0.84,12.0,4.0,7.0,0.0,0.0,333.0,0.0,5.049856007249537
425644.0,1.0,23137825.0,429238.0,0.0,1.0,0.0,0.76,302.0,5.0,200.0,20.0,0.0,238.0,0.0,4.442651256490317
1354257.0,0.0,20450501.0,407899.0,0.0,1.0,0.0,0.82,151.0,4.0,68.0,22.0,0.0,275.0,0.0,2.4849066497880004
115120.0,1.0,801263.0,5083.0,1.0,1.0,0.0,0.99,9.0,2.0,7.0,0.0,0.0,54.0,0.0,3.218875824868201
83903.0,0.0,25064241.0,66555.0,0.0,1.0,0.0,1.11,57.0,7.0,49.0,0.0,0.0,44.0,0.0,2.19722457733622
756437.0,0.0,12225088.0,23144.0,0.0,1.0,0.0,1.1,19.0,1.0,15.0,0.0,0.0,80.0,0.0,3.688879454113936
47948.0,0.0,25196092.0,66555.0,1.0,1.0,0.0,1.11,57.0,7.0,49.0,0.0,0.0,44.0,0.0,4.110873864173311
417678.0,0.0,988981.0,65530.0,1.0,0.0,34197.0,0.0,55.0,1.0,27.0,6.0,0.0,516.0,0.0,3.80666248977032
277995.0,1.0,2262209.0,324575.0,1.0,1.0,0.0,0.86,338.0,4.0,280.0,18.0,0.0,217.0,0.0,6.565264970035361
81983.0,1.0,953561.0,247493.0,1.0,1.0,0.0,0.84,324.0,9.0,302.0,1.0,0.0,250.0,0.0,3.555348061489413
445901.0,0.0,666487.0,22419.0,0.0,0.0,197585.0,0.0,17.0,2.0,9.0,2.0,0.0,203.0,0.0,2.4849066497880004
27746.0,1.0,84153.0,10976.0,1.0,2.0,0.0,0.875,20.0,0.0,17.0,1.0,0.0,26.0,0.0,2.833213344056216
691736.0,0.0,12160387.0,23144.0,0.0,1.0,0.0,1.1,19.0,1.0,15.0,0.0,0.0,80.0,0.0,2.5649493574615367
9586.0,1.0,3909088.0,46371.0,0.0,1.0,0.0,0.65,27.0,1.0,16.0,4.0,0.0,240.0,0.0,3.1354942159291497
42778.0,0.0,23606247.0,429238.0,1.0,1.0,0.0,0.76,302.0,5.0,200.0,20.0,0.0,238.0,0.0,3.258096538021482
22127.0,0.0,1346856.0,6378.0,0.0,0.0,42494.0,0.0,9.0,1.0,7.0,0.0,0.0,56.0,0.0,2.19722457733622
33278.0,0.0,1442093.0,19301.0,0.0,1.0,0.0,0.83,26.0,2.0,23.0,0.0,0.0,51.0,0.0,1.6094379124341005
72649.0,0.0,2379333.0,74511.0,0.0,0.0,63163.0,0.0,83.0,1.0,68.0,2.0,0.0,45.0,0.0,4.634728988229636
351079.0,0.0,26874318.0,239436.0,1.0,1.0,0.0,0.83,250.0,5.0,228.0,1.0,0.0,210.0,0.0,2.302585092994046
343021.0,0.0,563607.0,22419.0,0.0,0.0,197585.0,0.0,17.0,2.0,9.0,2.0,0.0,203.0,0.0,6.444131256700441
44345.0,0.0,2819702.0,4981.0,1.0,2.0,0.0,0.895,14.0,1.0,13.0,0.0,0.0,331.0,0.0,4.110873864173311
511301.0,0.0,25262542.0,22565.0,0.0,1.0,0.0,0.95,47.0,2.0,45.0,0.0,0.0,423.0,0.0,2.3978952727983707
326544.0,1.0,1168645.0,86371.0,0.0,2.0,0.0,0.85,121.0,1.0,113.0,1.0,0.0,381.0,0.0,3.6635616461296463
63111.0,0.0,5220658.0,36273.0,0.0,0.0,270690.0,0.0,22.0,1.0,21.0,0.0,0.0,1211.0,0.0,5.308267697401205
40985.0,1.0,713162.0,233867.0,1.0,1.0,0.0,1.0,155.0,7.0,113.0,9.0,0.0,204.0,0.0,3.80666248977032
1039563.0,0.0,19966273.0,927611.0,1.0,1.0,0.0,0.86,614.0,3.0,475.0,27.0,0.0,168.0,0.0,4.0943445622221
4311.0,1.0,41926.0,157128.0,1.0,1.0,0.0,1.24,88.0,4.0,59.0,3.0,0.0,94.0,0.0,3.6635616461296463
552723.0,0.0,23010746.0,429238.0,0.0,1.0,0.0,0.76,302.0,5.0,200.0,20.0,0.0,238.0,0.0,3.5263605246161616
418027.0,0.0,12694087.0,6164.0,1.0,0.0,1011774.0,0.0,11.0,1.0,9.0,0.0,0.0,67.0,0.0,3.218875824868201
15728.0,0.0,3261291.0,15369.0,1.0,1.0,0.0,0.71,12.0,1.0,5.0,4.0,0.0,184.0,0.0,2.772588722239781
307405.0,0.0,22112163.0,407899.0,1.0,1.0,0.0,0.82,151.0,4.0,68.0,22.0,0.0,275.0,0.0,1.9459101490553128
7531.0,0.0,11294475.0,154992.0,0.0,30.0,0.0,0.859,334.0,1.0,328.0,1.0,0.0,405.0,0.0,5.808142489980444
787677.0,0.0,18175680.0,5269.0,0.0,1.0,0.0,0.88,14.0,2.0,12.0,0.0,0.0,84.0,0.0,4.248495242049359
522023.0,1.0,18404687.0,927611.0,1.0,1.0,0.0,0.86,614.0,3.0,475.0,27.0,0.0,168.0,0.0,3.871201010907891
92443.0,0.0,3338006.0,15369.0,1.0,1.0,0.0,0.71,12.0,1.0,5.0,4.0,0.0,184.0,0.0,2.5649493574615367
461269.0,0.0,25212510.0,22565.0,1.0,1.0,0.0,0.95,47.0,2.0,45.0,0.0,0.0,423.0,0.0,2.4849066497880004
543140.0,0.0,26502566.0,6230.0,1.0,1.0,0.0,0.97,14.0,1.0,13.0,0.0,0.0,136.0,0.0,4.8283137373023015
709893.0,1.0,10737317.0,1475061.0,0.0,1.0,0.0,0.78,839.0,5.0,347.0,113.0,0.0,299.0,0.0,4.007333185232471
7968.0,1.0,3492484.0,36667.0,0.0,1.0,0.0,0.95,59.0,2.0,57.0,0.0,0.0,26.0,0.0,2.302585092994046
42582.0,0.0,786571.0,10488.0,1.0,1.0,0.0,0.84,12.0,4.0,7.0,0.0,0.0,333.0,0.0,3.688879454113936
457054.0,0.0,22045794.0,7465.0,1.0,3.0,0.0,0.9067,23.0,2.0,21.0,0.0,0.0,600.0,0.0,4.23410650459726
31723.0,0.0,8502076.0,28065.0,0.0,1.0,0.0,0.71,46.0,0.0,29.0,2.0,0.0,38.0,0.0,2.19722457733622
699729.0,0.0,12168380.0,23144.0,0.0,1.0,0.0,1.1,19.0,1.0,15.0,0.0,0.0,80.0,0.0,3.610917912644224
238777.0,0.0,4963855.0,23244.0,1.0,0.0,148072.0,0.0,23.0,1.0,22.0,0.0,0.0,371.0,0.0,4.189654742026425
841151.0,0.0,11019042.0,498345.0,0.0,1.0,0.0,0.75,351.0,4.0,247.0,18.0,0.0,260.0,0.0,4.465908118654584
799579.0,0.0,1820457.0,25167.0,1.0,0.0,1002026.0,0.0,13.0,0.0,5.0,3.0,0.0,50.0,0.0,4.727387818712341
59718.0,1.0,25207862.0,66555.0,0.0,1.0,0.0,1.11,57.0,7.0,49.0,0.0,0.0,44.0,0.0,4.110873864173311
116008.0,0.0,25032136.0,66555.0,0.0,1.0,0.0,1.11,57.0,7.0,49.0,0.0,0.0,44.0,0.0,3.218875824868201
8961.0,1.0,11009331.0,43655.0,0.0,9.0,0.0,0.7778,98.0,1.0,94.0,0.0,0.0,543.0,0.0,2.9444389791664403
78092.0,0.0,2373890.0,74511.0,1.0,0.0,63163.0,0.0,83.0,1.0,68.0,2.0,0.0,45.0,0.0,2.772588722239781
263725.0,0.0,22766573.0,7465.0,0.0,3.0,0.0,0.9067,23.0,2.0,21.0,0.0,0.0,600.0,0.0,2.302585092994046
339970.0,0.0,7976093.0,111945.0,1.0,1.0,0.0,0.99,167.0,3.0,163.0,0.0,0.0,931.0,0.0,3.970291913552122
703722.0,0.0,12172373.0,23144.0,0.0,1.0,0.0,1.1,19.0,1.0,15.0,0.0,0.0,80.0,0.0,3.258096538021482
43608.0,0.0,8293163.0,22222.0,1.0,1.0,0.0,0.97,16.0,1.0,14.0,0.0,0.0,98.0,0.0,3.8501476017100575
139108.0,0.0,19065818.0,927611.0,0.0,1.0,0.0,0.86,614.0,3.0,475.0,27.0,0.0,168.0,0.0,6.192362489474872
320421.0,1.0,6070742.0,611853.0,0.0,2.0,0.0,0.78,517.0,2.0,306.0,45.0,0.0,115.0,0.0,2.772588722239781
461186.0,0.0,1070656.0,33425.0,1.0,2.0,0.0,0.89,50.0,1.0,40.0,4.0,0.0,1345.0,0.0,2.079441541679836
44965.0,0.0,160009.0,2437.0,1.0,1.0,0.0,1.01,7.0,1.0,5.0,0.0,0.0,4.0,0.0,2.8903717578961645
1724517.0,0.0,7112666.0,3021.0,0.0,1.0,0.0,0.71,0.0,0.0,0.0,0.0,0.0,15.0,0.0,3.367295829986474
210917.0,0.0,3374595.0,5345.0,1.0,2.0,0.0,0.8,16.0,2.0,14.0,0.0,0.0,330.0,0.0,3.258096538021482
911343.0,0.0,1708693.0,25167.0,0.0,0.0,1002026.0,0.0,13.0,0.0,5.0,3.0,0.0,50.0,0.0,3.828641396489095
11474.0,1.0,10832862.0,70517.0,0.0,4.0,0.0,0.725,53.0,2.0,34.0,3.0,0.0,101.0,0.0,4.276666119016055
302007.0,0.0,12810107.0,6164.0,1.0,0.0,1011774.0,0.0,11.0,1.0,9.0,0.0,0.0,67.0,0.0,3.9318256327243257
237041.0,0.0,4962119.0,23244.0,0.0,0.0,148072.0,0.0,23.0,1.0,22.0,0.0,0.0,371.0,0.0,6.030685260261263
427447.0,0.0,1036917.0,33425.0,0.0,2.0,0.0,0.89,50.0,1.0,40.0,4.0,0.0,1345.0,0.0,4.61512051684126
1129171.0,0.0,12576381.0,1475061.0,0.0,1.0,0.0,0.78,839.0,5.0,347.0,113.0,0.0,299.0,0.0,2.995732273553991
28399.0,1.0,1254606.0,54796.0,1.0,1.0,0.0,0.84,57.0,2.0,44.0,3.0,0.0,357.0,0.0,4.442651256490317
228098.0,0.0,6712654.0,33888.0,1.0,1.0,0.0,1.01,54.0,2.0,52.0,0.0,0.0,590.0,0.0,5.099866427824199
25069.0,0.0,1667084.0,24593.0,0.0,1.0,0.0,1.02,31.0,4.0,25.0,0.0,0.0,540.0,0.0,6.306275286948016
13161.0,1.0,10505166.0,39995.0,0.0,1.0,0.0,0.8,47.0,3.0,30.0,0.0,0.0,27.0,0.0,4.430816798843313
4143.0,0.0,3187435.0,164464.0,1.0,1.0,0.0,1.04,151.0,3.0,133.0,4.0,0.0,52.0,0.0,4.31748811353631
821640.0,0.0,19748350.0,927611.0,0.0,1.0,0.0,0.86,614.0,3.0,475.0,27.0,0.0,168.0,0.0,5.3230099791384085
13663.0,1.0,4422691.0,36831.0,1.0,1.0,0.0,0.77,32.0,1.0,23.0,1.0,0.0,141.0,0.0,6.049733455231958
32264.0,1.0,3867238.0,46371.0,1.0,1.0,0.0,0.65,27.0,1.0,16.0,4.0,0.0,240.0,0.0,3.367295829986474
58852.0,1.0,418328.0,20972.0,0.0,2.0,0.0,0.91,44.0,4.0,39.0,0.0,0.0,117.0,0.0,2.772588722239781
840281.0,0.0,19766991.0,927611.0,1.0,1.0,0.0,0.86,614.0,3.0,475.0,27.0,0.0,168.0,0.0,3.8501476017100575
446628.0,1.0,6297729.0,9017.0,0.0,1.0,0.0,0.76,9.0,1.0,7.0,0.0,0.0,79.0,0.0,3.555348061489413
36697.0,0.0,4688381.0,23244.0,0.0,0.0,148072.0,0.0,23.0,1.0,22.0,0.0,0.0,371.0,0.0,4.653960350157523
973406.0,0.0,19900116.0,927611.0,0.0,1.0,0.0,0.86,614.0,3.0,475.0,27.0,0.0,168.0,0.0,1.9459101490553128
378485.0,0.0,26337911.0,6230.0,1.0,1.0,0.0,0.97,14.0,1.0,13.0,0.0,0.0,136.0,0.0,3.5263605246161616
514759.0,1.0,10133783.0,1181213.0,1.0,1.0,0.0,0.77,966.0,3.0,683.0,63.0,0.0,298.0,0.0,3.610917912644224
87415.0,0.0,15087045.0,24901.0,1.0,3.0,0.0,0.99,31.0,3.0,25.0,2.0,0.0,78.0,0.0,5.0238805208462765
72896.0,1.0,7616905.0,281987.0,0.0,1.0,0.0,0.98,301.0,2.0,273.0,9.0,0.0,309.0,0.0,2.833213344056216
27313.0,0.0,1436128.0,19301.0,0.0,1.0,0.0,0.83,26.0,2.0,23.0,0.0,0.0,51.0,0.0,4.007333185232471
46720.0,0.0,782433.0,10488.0,1.0,1.0,0.0,0.84,12.0,4.0,7.0,0.0,0.0,333.0,0.0,4.48863636973214
14252.0,0.0,1049796.0,247493.0,1.0,1.0,0.0,0.84,324.0,9.0,302.0,1.0,0.0,250.0,0.0,3.044522437723423
748437.0,0.0,19711794.0,5269.0,0.0,1.0,0.0,0.88,14.0,2.0,12.0,0.0,0.0,84.0,0.0,5.267858159063328
542150.0,0.0,26501576.0,6230.0,1.0,1.0,0.0,0.97,14.0,1.0,13.0,0.0,0.0,136.0,0.0,2.302585092994046
328226.0,1.0,6427498.0,749455.0,1.0,1.0,0.0,0.91,434.0,2.0,202.0,68.0,0.0,68.0,0.0,2.5649493574615367
56051.0,0.0,5578236.0,9999.0,0.0,0.0,200389.0,0.0,7.0,1.0,6.0,0.0,0.0,42.0,0.0,3.044522437723423
54600.0,0.0,5229169.0,36273.0,1.0,0.0,270690.0,0.0,22.0,1.0,21.0,0.0,0.0,1211.0,0.0,2.833213344056216
55494.0,1.0,439509.0,125097.0,1.0,1.0,0.0,0.84,93.0,1.0,66.0,7.0,0.0,481.0,0.0,2.9444389791664403
1759182.0,0.0,13415278.0,24901.0,0.0,3.0,0.0,0.99,31.0,3.0,25.0,2.0,0.0,78.0,0.0,2.4849066497880004
269790.0,1.0,2458828.0,653877.0,1.0,3.0,0.0,0.8933,602.0,4.0,451.0,30.0,0.0,570.0,0.0,3.4339872044851463
461990.0,0.0,15636450.0,24901.0,0.0,3.0,0.0,0.99,31.0,3.0,25.0,2.0,0.0,78.0,0.0,5.030437921392435
423062.0,1.0,23140407.0,429238.0,0.0,1.0,0.0,0.76,302.0,5.0,200.0,20.0,0.0,238.0,0.0,1.6094379124341005
1416166.0,0.0,17510544.0,927611.0,0.0,1.0,0.0,0.86,614.0,3.0,475.0,27.0,0.0,168.0,0.0,3.4011973816621555
54221.0,1.0,7690344.0,111945.0,0.0,1.0,0.0,0.99,167.0,3.0,163.0,0.0,0.0,931.0,0.0,2.833213344056216
13294.0,0.0,706135.0,685926.0,0.0,3.0,0.0,0.93,464.0,2.0,300.0,34.0,0.0,74.0,0.0,3.091042453358316
39390.0,1.0,7281685.0,130198.0,1.0,1.0,0.0,0.91,152.0,4.0,142.0,0.0,0.0,177.0,0.0,3.7612001156935615
175870.0,1.0,6968219.0,251902.0,0.0,1.0,0.0,0.94,103.0,1.0,47.0,8.0,0.0,106.0,0.0,2.19722457733622
213333.0,0.0,14961127.0,24901.0,1.0,3.0,0.0,0.99,31.0,3.0,25.0,2.0,0.0,78.0,0.0,3.9889840465642745
107656.0,0.0,23671125.0,429238.0,0.0,1.0,0.0,0.76,302.0,5.0,200.0,20.0,0.0,238.0,0.0,6.013715156042802
185279.0,0.0,26016466.0,448833.0,1.0,2.0,0.0,0.92,446.0,1.0,405.0,6.0,0.0,204.0,0.0,3.367295829986474
17572.0,1.0,248195.0,292232.0,1.0,2.0,0.0,0.985,173.0,6.0,99.0,19.0,0.0,295.0,0.0,4.262679877041316
710984.0,1.0,10736226.0,1475061.0,0.0,1.0,0.0,0.78,839.0,5.0,347.0,113.0,0.0,299.0,0.0,4.634728988229636
790957.0,0.0,19717667.0,927611.0,1.0,1.0,0.0,0.86,614.0,3.0,475.0,27.0,0.0,168.0,0.0,4.90527477843843
205062.0,0.0,3368740.0,5345.0,0.0,2.0,0.0,0.8,16.0,2.0,14.0,0.0,0.0,330.0,0.0,3.951243718581428
164007.0,0.0,2784043.0,25167.0,1.0,0.0,1002026.0,0.0,13.0,0.0,5.0,3.0,0.0,50.0,0.0,3.951243718581428
28403.0,0.0,643774.0,233867.0,0.0,1.0,0.0,1.0,155.0,7.0,113.0,9.0,0.0,204.0,0.0,4.976733742420574
48452.0,1.0,239190.0,45991.0,0.0,1.0,0.0,0.86,28.0,2.0,12.0,2.0,0.0,20.0,0.0,1.3862943611198906
88925.0,1.0,790262.0,49720.0,0.0,1.0,0.0,0.97,43.0,1.0,41.0,1.0,0.0,1031.0,0.0,3.688879454113936
40328.0,1.0,5991932.0,51808.0,0.0,1.0,0.0,1.05,47.0,1.0,39.0,0.0,0.0,123.0,0.0,5.068904202220232
324899.0,1.0,6176000.0,9017.0,0.0,1.0,0.0,0.76,9.0,1.0,7.0,0.0,0.0,79.0,0.0,5.521460917862246
396742.0,1.0,6247843.0,9017.0,1.0,1.0,0.0,0.76,9.0,1.0,7.0,0.0,0.0,79.0,0.0,4.836281906951478
53004.0,1.0,441999.0,125097.0,1.0,1.0,0.0,0.84,93.0,1.0,66.0,7.0,0.0,481.0,0.0,4.564348191467836
461108.0,0.0,19387818.0,927611.0,1.0,1.0,0.0,0.86,614.0,3.0,475.0,27.0,0.0,168.0,0.0,3.737669618283368
311063.0,0.0,26142250.0,448833.0,0.0,2.0,0.0,0.92,446.0,1.0,405.0,6.0,0.0,204.0,0.0,4.465908118654584
849260.0,1.0,10597950.0,1475061.0,0.0,1.0,0.0,0.78,839.0,5.0,347.0,113.0,0.0,299.0,0.0,4.430816798843313
7966.0,1.0,3492486.0,36667.0,0.0,1.0,0.0,0.95,59.0,2.0,57.0,0.0,0.0,26.0,0.0,1.6094379124341005
411995.0,0.0,25163236.0,22565.0,0.0,1.0,0.0,0.95,47.0,2.0,45.0,0.0,0.0,423.0,0.0,3.4657359027997265
15389.0,0.0,656788.0,233867.0,0.0,1.0,0.0,1.0,155.0,7.0,113.0,9.0,0.0,204.0,0.0,6.7226297948554485
18422.0,1.0,12111144.0,177422.0,0.0,1.0,0.0,0.93,85.0,5.0,47.0,11.0,0.0,112.0,0.0,3.8501476017100575
321192.0,1.0,3484870.0,5345.0,0.0,2.0,0.0,0.8,16.0,2.0,14.0,0.0,0.0,330.0,0.0,5.455321115357702
836594.0,0.0,18126763.0,5269.0,0.0,1.0,0.0,0.88,14.0,2.0,12.0,0.0,0.0,84.0,0.0,2.302585092994046
302025.0,1.0,6052346.0,611853.0,0.0,2.0,0.0,0.78,517.0,2.0,306.0,45.0,0.0,115.0,0.0,3.258096538021482
40220.0,1.0,7584229.0,281987.0,0.0,1.0,0.0,0.98,301.0,2.0,273.0,9.0,0.0,309.0,0.0,2.5649493574615367
1110668.0,0.0,21392180.0,7465.0,0.0,3.0,0.0,0.9067,23.0,2.0,21.0,0.0,0.0,600.0,0.0,3.610917912644224
221290.0,0.0,4946368.0,23244.0,0.0,0.0,148072.0,0.0,23.0,1.0,22.0,0.0,0.0,371.0,0.0,2.19722457733622
240786.0,0.0,461372.0,22419.0,1.0,0.0,197585.0,0.0,17.0,2.0,9.0,2.0,0.0,203.0,0.0,3.784189633918261
439905.0,0.0,25191146.0,22565.0,0.0,1.0,0.0,0.95,47.0,2.0,45.0,0.0,0.0,423.0,0.0,4.330733340286331
19802.0,0.0,1302807.0,54796.0,1.0,1.0,0.0,0.84,57.0,2.0,44.0,3.0,0.0,357.0,0.0,5.3230099791384085
121437.0,1.0,794946.0,5083.0,0.0,1.0,0.0,0.99,9.0,2.0,7.0,0.0,0.0,54.0,0.0,4.59511985013459
38078.0,0.0,2912142.0,8803.0,1.0,1.0,0.0,0.92,25.0,1.0,24.0,0.0,0.0,88.0,0.0,3.610917912644224
409789.0,0.0,7942737.0,111945.0,1.0,1.0,0.0,0.99,167.0,3.0,163.0,0.0,0.0,931.0,0.0,6.548219102762372
80333.0,1.0,752510.0,233867.0,1.0,1.0,0.0,1.0,155.0,7.0,113.0,9.0,0.0,204.0,0.0,2.4849066497880004
26554.0,0.0,3031010.0,3118.0,1.0,1.0,0.0,0.92,3.0,2.0,0.0,0.0,0.0,36.0,0.0,3.091042453358316
114972.0,0.0,15289432.0,24901.0,1.0,3.0,0.0,0.99,31.0,3.0,25.0,2.0,0.0,78.0,0.0,4.189654742026425
345408.0,1.0,6410316.0,749455.0,1.0,1.0,0.0,0.91,434.0,2.0,202.0,68.0,0.0,68.0,0.0,3.5263605246161616
1001882.0,0.0,12449092.0,1475061.0,1.0,1.0,0.0,0.78,839.0,5.0,347.0,113.0,0.0,299.0,0.0,4.0943445622221
15944.0,1.0,95955.0,10976.0,0.0,2.0,0.0,0.875,20.0,0.0,17.0,1.0,0.0,26.0,0.0,2.6390573296152584
1331993.0,0.0,20258703.0,927611.0,0.0,1.0,0.0,0.86,614.0,3.0,475.0,27.0,0.0,168.0,0.0,2.70805020110221
535446.0,0.0,25295741.0,448833.0,1.0,2.0,0.0,0.92,446.0,1.0,405.0,6.0,0.0,204.0,0.0,3.218875824868201
47567.0,0.0,4751233.0,313011.0,1.0,2.0,0.0,0.89,429.0,8.0,392.0,6.0,0.0,115.0,0.0,3.49650756146648
92389.0,0.0,5939871.0,51808.0,1.0,1.0,0.0,1.05,47.0,1.0,39.0,0.0,0.0,123.0,0.0,3.6375861597263857
4070.0,0.0,18930780.0,927611.0,0.0,1.0,0.0,0.86,614.0,3.0,475.0,27.0,0.0,168.0,0.0,3.044522437723423
695021.0,1.0,10314045.0,1181213.0,0.0,1.0,0.0,0.77,966.0,3.0,683.0,63.0,0.0,298.0,0.0,4.07753744390572
60982.0,0.0,6614803.0,24946.0,1.0,0.0,46680.0,0.0,18.0,0.0,8.0,2.0,0.0,73.0,0.0,4.90527477843843
342622.0,0.0,24081272.0,19262.0,1.0,1.0,0.0,0.99,8.0,1.0,6.0,0.0,0.0,49.0,0.0,3.871201010907891
424418.0,0.0,22927266.0,7465.0,0.0,3.0,0.0,0.9067,23.0,2.0,21.0,0.0,0.0,600.0,0.0,2.833213344056216
411438.0,0.0,19374795.0,5269.0,0.0,1.0,0.0,0.88,14.0,2.0,12.0,0.0,0.0,84.0,0.0,4.189654742026425
35258.0,0.0,2828789.0,4981.0,1.0,2.0,0.0,0.895,14.0,1.0,13.0,0.0,0.0,331.0,0.0,3.58351893845611
41066.0,0.0,788087.0,10488.0,0.0,1.0,0.0,0.84,12.0,4.0,7.0,0.0,0.0,333.0,0.0,3.332204510175204
421438.0,0.0,22943238.0,74922.0,0.0,1.0,0.0,0.98,77.0,2.0,71.0,1.0,0.0,103.0,0.0,2.3978952727983707
136222.0,0.0,5896038.0,51808.0,0.0,1.0,0.0,1.05,47.0,1.0,39.0,0.0,0.0,123.0,0.0,4.51085950651685
1398900.0,0.0,17527810.0,927611.0,1.0,1.0,0.0,0.86,614.0,3.0,475.0,27.0,0.0,168.0,0.0,3.49650756146648
103438.0,1.0,5414781.0,106004.0,0.0,1.0,0.0,0.82,84.0,2.0,62.0,3.0,0.0,151.0,0.0,2.772588722239781
52330.0,0.0,776823.0,10488.0,1.0,1.0,0.0,0.84,12.0,4.0,7.0,0.0,0.0,333.0,0.0,3.4657359027997265
487189.0,1.0,10960021.0,1475061.0,1.0,1.0,0.0,0.78,839.0,5.0,347.0,113.0,0.0,299.0,0.0,4.543294782270004
704102.0,0.0,12172753.0,23144.0,0.0,1.0,0.0,1.1,19.0,1.0,15.0,0.0,0.0,80.0,0.0,1.9459101490553128
363394.0,0.0,1043265.0,65530.0,1.0,0.0,34197.0,0.0,55.0,1.0,27.0,6.0,0.0,516.0,0.0,3.737669618283368
116311.0,0.0,1827830.0,5668.0,0.0,0.0,17747.0,0.0,4.0,1.0,3.0,0.0,0.0,64.0,0.0,2.6390573296152584
93045.0,0.0,5939215.0,51808.0,1.0,1.0,0.0,1.05,47.0,1.0,39.0,0.0,0.0,123.0,0.0,3.784189633918261
82503.0,0.0,3095200.0,40613.0,0.0,2.0,0.0,0.855,36.0,1.0,24.0,2.0,0.0,549.0,0.0,3.258096538021482
18548.0,1.0,6013712.0,51808.0,1.0,1.0,0.0,1.05,47.0,1.0,39.0,0.0,0.0,123.0,0.0,3.258096538021482
40614.0,1.0,1709953.0,199872.0,0.0,1.0,0.0,0.93,260.0,2.0,234.0,8.0,0.0,99.0,0.0,3.5263605246161616
54482.0,0.0,3218160.0,5345.0,1.0,2.0,0.0,0.8,16.0,2.0,14.0,0.0,0.0,330.0,0.0,3.258096538021482
62290.0,0.0,2682326.0,25167.0,1.0,0.0,1002026.0,0.0,13.0,0.0,5.0,3.0,0.0,50.0,0.0,2.9444389791664403
7485.0,1.0,3700946.0,81730.0,1.0,1.0,0.0,0.82,100.0,3.0,86.0,3.0,0.0,398.0,0.0,3.49650756146648
93520.0,0.0,3257198.0,5345.0,0.0,2.0,0.0,0.8,16.0,2.0,14.0,0.0,0.0,330.0,0.0,2.70805020110221
95191.0,1.0,302673.0,110683.0,1.0,2.0,0.0,0.925,73.0,2.0,58.0,2.0,0.0,80.0,0.0,2.302585092994046
243948.0,1.0,6511776.0,749455.0,1.0,1.0,0.0,0.91,434.0,2.0,202.0,68.0,0.0,68.0,0.0,2.3978952727983707
5425.0,0.0,1498538.0,29024.0,1.0,1.0,0.0,0.91,21.0,2.0,19.0,0.0,0.0,128.0,0.0,3.555348061489413
390584.0,0.0,23954053.0,429238.0,0.0,1.0,0.0,0.76,302.0,5.0,200.0,20.0,0.0,238.0,0.0,3.5263605246161616
76254.0,1.0,1674313.0,199872.0,0.0,1.0,0.0,0.93,260.0,2.0,234.0,8.0,0.0,99.0,0.0,3.218875824868201
180394.0,1.0,2359810.0,324575.0,1.0,1.0,0.0,0.86,338.0,4.0,280.0,18.0,0.0,217.0,0.0,3.49650756146648
213848.0,0.0,1925367.0,5668.0,1.0,0.0,17747.0,0.0,4.0,1.0,3.0,0.0,0.0,64.0,0.0,2.302585092994046
1195150.0,0.0,17731560.0,927611.0,1.0,1.0,0.0,0.86,614.0,3.0,475.0,27.0,0.0,168.0,0.0,6.152732694704104
155150.0,0.0,517027.0,233867.0,1.0,1.0,0.0,1.0,155.0,7.0,113.0,9.0,0.0,204.0,0.0,3.871201010907891
411157.0,1.0,25420030.0,448833.0,0.0,2.0,0.0,0.92,446.0,1.0,405.0,6.0,0.0,204.0,0.0,2.302585092994046
917547.0,0.0,19844257.0,927611.0,0.0,1.0,0.0,0.86,614.0,3.0,475.0,27.0,0.0,168.0,0.0,2.995732273553991
56228.0,0.0,5797227.0,45277.0,1.0,0.0,290065.0,0.0,37.0,3.0,26.0,2.0,0.0,1029.0,0.0,3.1354942159291497
460071.0,0.0,946588.0,65530.0,1.0,0.0,34197.0,0.0,55.0,1.0,27.0,6.0,0.0,516.0,0.0,3.912023005428146
160143.0,0.0,512034.0,233867.0,1.0,1.0,0.0,1.0,155.0,7.0,113.0,9.0,0.0,204.0,0.0,3.258096538021482
338614.0,0.0,24085280.0,19262.0,1.0,1.0,0.0,0.99,8.0,1.0,6.0,0.0,0.0,49.0,0.0,4.624972813284271
302100.0,0.0,24544379.0,5190.0,0.0,0.0,1266.0,0.0,17.0,1.0,16.0,0.0,0.0,167.0,0.0,3.091042453358316
323059.0,1.0,3486737.0,5345.0,0.0,2.0,0.0,0.8,16.0,2.0,14.0,0.0,0.0,330.0,0.0,4.02535169073515
161619.0,0.0,5183284.0,703986.0,0.0,1.0,0.0,0.95,476.0,2.0,230.0,55.0,0.0,139.0,0.0,6.902742737158593
403159.0,0.0,623745.0,22419.0,0.0,0.0,197585.0,0.0,17.0,2.0,9.0,2.0,0.0,203.0,0.0,3.713572066704308
595182.0,1.0,10852028.0,1475061.0,0.0,1.0,0.0,0.78,839.0,5.0,347.0,113.0,0.0,299.0,0.0,3.218875824868201
116549.0,1.0,3122641.0,302818.0,0.0,3.0,0.0,0.94,368.0,2.0,313.0,11.0,0.0,179.0,0.0,4.04305126783455
13571.0,1.0,10326362.0,13765.0,0.0,0.0,4153.0,0.0,31.0,1.0,28.0,1.0,0.0,94.0,0.0,2.5649493574615367
561778.0,0.0,26392965.0,448833.0,0.0,2.0,0.0,0.92,446.0,1.0,405.0,6.0,0.0,204.0,0.0,4.59511985013459
147731.0,0.0,18815626.0,5269.0,1.0,1.0,0.0,0.88,14.0,2.0,12.0,0.0,0.0,84.0,0.0,4.060443010546419
535465.0,0.0,2091719.0,730752.0,1.0,5.0,0.0,0.972,416.0,8.0,251.0,22.0,0.0,327.0,0.0,4.0943445622221
119906.0,1.0,563280.0,691653.0,0.0,3.0,0.0,0.8,504.0,7.0,285.0,41.0,0.0,275.0,0.0,3.044522437723423
643591.0,0.0,12112242.0,23144.0,0.0,1.0,0.0,1.1,19.0,1.0,15.0,0.0,0.0,80.0,0.0,2.079441541679836
1178280.0,0.0,12625490.0,1475061.0,1.0,1.0,0.0,0.78,839.0,5.0,347.0,113.0,0.0,299.0,0.0,3.58351893845611
2566.0,0.0,5286335.0,36273.0,0.0,0.0,270690.0,0.0,22.0,1.0,21.0,0.0,0.0,1211.0,0.0,3.6375861597263857
396639.0,0.0,617225.0,22419.0,0.0,0.0,197585.0,0.0,17.0,2.0,9.0,2.0,0.0,203.0,0.0,2.5649493574615367
263649.0,0.0,1975168.0,5668.0,1.0,0.0,17747.0,0.0,4.0,1.0,3.0,0.0,0.0,64.0,0.0,2.995732273553991
296556.0,0.0,23860025.0,429238.0,0.0,1.0,0.0,0.76,302.0,5.0,200.0,20.0,0.0,238.0,0.0,3.332204510175204
456905.0,0.0,25208146.0,22565.0,0.0,1.0,0.0,0.95,47.0,2.0,45.0,0.0,0.0,423.0,0.0,4.543294782270004
729604.0,0.0,12198255.0,23144.0,0.0,1.0,0.0,1.1,19.0,1.0,15.0,0.0,0.0,80.0,0.0,4.343805421853684
121545.0,1.0,25709642.0,448833.0,0.0,2.0,0.0,0.92,446.0,1.0,405.0,6.0,0.0,204.0,0.0,1.791759469228055
180121.0,0.0,4905199.0,23244.0,0.0,0.0,148072.0,0.0,23.0,1.0,22.0,0.0,0.0,371.0,0.0,2.19722457733622
252820.0,0.0,17291968.0,13893.0,0.0,0.0,1864631.0,0.0,10.0,2.0,8.0,0.0,0.0,168.0,0.0,3.9889840465642745
121394.0,1.0,6724809.0,13345.0,0.0,1.0,0.0,1.05,32.0,2.0,30.0,0.0,0.0,200.0,0.0,4.330733340286331
143070.0,1.0,2191646.0,7419.0,0.0,1.0,0.0,0.96,14.0,1.0,13.0,0.0,0.0,59.0,0.0,2.772588722239781
582853.0,0.0,19509563.0,927611.0,1.0,1.0,0.0,0.86,614.0,3.0,475.0,27.0,0.0,168.0,0.0,3.713572066704308
138420.0,0.0,3302098.0,5345.0,0.0,2.0,0.0,0.8,16.0,2.0,14.0,0.0,0.0,330.0,0.0,5.062595033026967
671637.0,0.0,21831211.0,7465.0,1.0,3.0,0.0,0.9067,23.0,2.0,21.0,0.0,0.0,600.0,0.0,3.1354942159291497
58732.0,0.0,1467547.0,19301.0,1.0,1.0,0.0,0.83,26.0,2.0,23.0,0.0,0.0,51.0,0.0,7.2305631534092925
288.0,1.0,3708944.0,66841.0,0.0,1.0,0.0,0.82,29.0,1.0,16.0,3.0,0.0,54.0,0.0,2.8903717578961645
269031.0,0.0,9597040.0,97567.0,1.0,1.0,0.0,0.94,60.0,2.0,43.0,3.0,0.0,141.0,0.0,3.9318256327243257
1154079.0,0.0,20080789.0,927611.0,0.0,1.0,0.0,0.86,614.0,3.0,475.0,27.0,0.0,168.0,0.0,4.804021044733257
38535.0,0.0,1750054.0,5668.0,1.0,0.0,17747.0,0.0,4.0,1.0,3.0,0.0,0.0,64.0,0.0,3.258096538021482
276534.0,1.0,5003998.0,91010.0,0.0,1.0,0.0,1.06,105.0,1.0,89.0,2.0,0.0,137.0,0.0,4.882801922586371
7064.0,1.0,726493.0,685926.0,0.0,3.0,0.0,0.93,464.0,2.0,300.0,34.0,0.0,74.0,0.0,2.9444389791664403
570832.0,0.0,22992637.0,429238.0,0.0,1.0,0.0,0.76,302.0,5.0,200.0,20.0,0.0,238.0,0.0,2.833213344056216
65548.0,0.0,15240008.0,24901.0,1.0,3.0,0.0,0.99,31.0,3.0,25.0,2.0,0.0,78.0,0.0,2.4849066497880004
470425.0,0.0,16568723.0,13893.0,0.0,0.0,1864631.0,0.0,10.0,2.0,8.0,0.0,0.0,168.0,0.0,2.772588722239781
28962.0,1.0,1353468.0,42844.0,0.0,0.0,25688.0,0.0,25.0,2.0,12.0,1.0,0.0,22.0,0.0,2.302585092994046
356067.0,1.0,1139122.0,86371.0,1.0,2.0,0.0,0.85,121.0,1.0,113.0,1.0,0.0,381.0,0.0,4.174387269895637
566237.0,0.0,26397424.0,448833.0,1.0,2.0,0.0,0.92,446.0,1.0,405.0,6.0,0.0,204.0,0.0,2.772588722239781
1394988.0,0.0,20409770.0,407899.0,1.0,1.0,0.0,0.82,151.0,4.0,68.0,22.0,0.0,275.0,0.0,4.060443010546419
65751.0,1.0,429252.0,125097.0,0.0,1.0,0.0,0.84,93.0,1.0,66.0,7.0,0.0,481.0,0.0,3.332204510175204
234550.0,0.0,22737398.0,7465.0,0.0,3.0,0.0,0.9067,23.0,2.0,21.0,0.0,0.0,600.0,0.0,3.4011973816621555
274049.0,0.0,23837518.0,429238.0,1.0,1.0,0.0,0.76,302.0,5.0,200.0,20.0,0.0,238.0,0.0,3.784189633918261
726322.0,1.0,18200388.0,927611.0,0.0,1.0,0.0,0.86,614.0,3.0,475.0,27.0,0.0,168.0,0.0,1.9459101490553128
39961.0,1.0,1710606.0,199872.0,0.0,1.0,0.0,0.93,260.0,2.0,234.0,8.0,0.0,99.0,0.0,2.302585092994046
462892.0,1.0,6213213.0,611853.0,1.0,2.0,0.0,0.78,517.0,2.0,306.0,45.0,0.0,115.0,0.0,5.003946305945459
139756.0,0.0,3303434.0,5345.0,0.0,2.0,0.0,0.8,16.0,2.0,14.0,0.0,0.0,330.0,0.0,2.302585092994046
64132.0,1.0,25212276.0,66555.0,0.0,1.0,0.0,1.11,57.0,7.0,49.0,0.0,0.0,44.0,0.0,2.8903717578961645
841038.0,0.0,1061624.0,22419.0,1.0,0.0,197585.0,0.0,17.0,2.0,9.0,2.0,0.0,203.0,0.0,3.737669618283368
180643.0,0.0,24689659.0,80048.0,0.0,1.0,0.0,0.8,66.0,4.0,49.0,2.0,0.0,740.0,0.0,3.871201010907891
488036.0,0.0,11956687.0,23144.0,0.0,1.0,0.0,1.1,19.0,1.0,15.0,0.0,0.0,80.0,0.0,2.302585092994046
380440.0,0.0,3000476.0,25167.0,0.0,0.0,1002026.0,0.0,13.0,0.0,5.0,3.0,0.0,50.0,0.0,2.3978952727983707
13.0,0.0,2540217.0,324575.0,0.0,1.0,0.0,0.86,338.0,4.0,280.0,18.0,0.0,217.0,0.0,3.9318256327243257
103706.0,1.0,2792811.0,118133.0,1.0,0.0,21729.0,0.0,103.0,0.0,69.0,7.0,0.0,19.0,0.0,4.356708826689592
416157.0,0.0,1025627.0,33425.0,0.0,2.0,0.0,0.89,50.0,1.0,40.0,4.0,0.0,1345.0,0.0,2.3978952727983707
673548.0,0.0,18289809.0,5269.0,0.0,1.0,0.0,0.88,14.0,2.0,12.0,0.0,0.0,84.0,0.0,2.6390573296152584
15069.0,0.0,1765636.0,199872.0,1.0,1.0,0.0,0.93,260.0,2.0,234.0,8.0,0.0,99.0,0.0,2.3978952727983707
265511.0,1.0,6015832.0,611853.0,1.0,2.0,0.0,0.78,517.0,2.0,306.0,45.0,0.0,115.0,0.0,2.772588722239781
493720.0,0.0,16545428.0,13893.0,0.0,0.0,1864631.0,0.0,10.0,2.0,8.0,0.0,0.0,168.0,0.0,3.4657359027997265
960033.0,0.0,17999181.0,13893.0,1.0,0.0,1864631.0,0.0,10.0,2.0,8.0,0.0,0.0,168.0,0.0,5.318119993844216
406484.0,1.0,4615181.0,703986.0,0.0,1.0,0.0,0.95,476.0,2.0,230.0,55.0,0.0,139.0,0.0,3.332204510175204
646044.0,0.0,22917425.0,429238.0,0.0,1.0,0.0,0.76,302.0,5.0,200.0,20.0,0.0,238.0,0.0,2.19722457733622
230225.0,1.0,1264964.0,86371.0,0.0,2.0,0.0,0.85,121.0,1.0,113.0,1.0,0.0,381.0,0.0,4.0943445622221
36336.0,1.0,1452997.0,95324.0,1.0,1.0,0.0,1.13,56.0,2.0,41.0,3.0,0.0,74.0,0.0,3.258096538021482
3647.0,1.0,3717309.0,8909.0,1.0,0.0,12260.0,0.0,9.0,0.0,5.0,0.0,0.0,192.0,0.0,2.302585092994046
96379.0,0.0,25051765.0,66555.0,1.0,1.0,0.0,1.11,57.0,7.0,49.0,0.0,0.0,44.0,0.0,2.4849066497880004
35409.0,0.0,2792225.0,441422.0,1.0,1.0,0.0,0.82,400.0,1.0,332.0,13.0,0.0,86.0,0.0,3.5263605246161616
44064.0,0.0,785089.0,10488.0,1.0,1.0,0.0,0.84,12.0,4.0,7.0,0.0,0.0,333.0,0.0,2.079441541679836
666625.0,0.0,14507835.0,24901.0,0.0,3.0,0.0,0.99,31.0,3.0,25.0,2.0,0.0,78.0,0.0,2.19722457733622
186256.0,0.0,19112966.0,927611.0,1.0,1.0,0.0,0.86,614.0,3.0,475.0,27.0,0.0,168.0,0.0,4.51085950651685
63.0,1.0,3708368.0,81730.0,0.0,1.0,0.0,0.82,100.0,3.0,86.0,3.0,0.0,398.0,0.0,2.8903717578961645
1621226.0,0.0,13553234.0,24901.0,1.0,3.0,0.0,0.99,31.0,3.0,25.0,2.0,0.0,78.0,0.0,3.258096538021482
106283.0,0.0,6739920.0,13345.0,1.0,1.0,0.0,1.05,32.0,2.0,30.0,0.0,0.0,200.0,0.0,2.833213344056216
34273.0,1.0,4571528.0,76056.0,1.0,1.0,0.0,1.12,77.0,1.0,70.0,1.0,0.0,174.0,0.0,3.1780538303479458
269663.0,0.0,26100850.0,448833.0,0.0,2.0,0.0,0.92,446.0,1.0,405.0,6.0,0.0,204.0,0.0,2.995732273553991
316948.0,0.0,26148135.0,448833.0,1.0,2.0,0.0,0.92,446.0,1.0,405.0,6.0,0.0,204.0,0.0,2.5649493574615367
541751.0,0.0,19468461.0,927611.0,1.0,1.0,0.0,0.86,614.0,3.0,475.0,27.0,0.0,168.0,0.0,2.19722457733622
40735.0,0.0,3191264.0,100187.0,0.0,1.0,0.0,1.06,79.0,5.0,64.0,1.0,0.0,114.0,0.0,2.772588722239781
301285.0,0.0,17340433.0,13893.0,1.0,0.0,1864631.0,0.0,10.0,2.0,8.0,0.0,0.0,168.0,0.0,4.31748811353631
387184.0,0.0,26218371.0,448833.0,1.0,2.0,0.0,0.92,446.0,1.0,405.0,6.0,0.0,204.0,0.0,3.4339872044851463
83183.0,0.0,1299247.0,42844.0,1.0,0.0,25688.0,0.0,25.0,2.0,12.0,1.0,0.0,22.0,0.0,4.574710978503383
396123.0,0.0,19359480.0,5269.0,0.0,1.0,0.0,0.88,14.0,2.0,12.0,0.0,0.0,84.0,0.0,3.4339872044851463
116362.0,1.0,2423842.0,324575.0,0.0,1.0,0.0,0.86,338.0,4.0,280.0,18.0,0.0,217.0,0.0,5.513428746164983
90325.0,0.0,5431860.0,9999.0,1.0,0.0,200389.0,0.0,7.0,1.0,6.0,0.0,0.0,42.0,0.0,2.5649493574615367
18253.0,1.0,10931616.0,57801.0,0.0,7.0,0.0,0.7629,114.0,2.0,81.0,3.0,0.0,128.0,0.0,1.791759469228055
341051.0,0.0,26884346.0,239436.0,0.0,1.0,0.0,0.83,250.0,5.0,228.0,1.0,0.0,210.0,0.0,5.030437921392435
21686.0,1.0,11330546.0,68394.0,0.0,2.0,0.0,1.14,77.0,2.0,59.0,2.0,0.0,5.0,0.0,2.8903717578961645
21908.0,1.0,1365857.0,30826.0,1.0,1.0,0.0,0.77,26.0,1.0,19.0,0.0,0.0,41.0,0.0,4.204692619390966
428401.0,0.0,22931249.0,7465.0,0.0,3.0,0.0,0.9067,23.0,2.0,21.0,0.0,0.0,600.0,0.0,3.9889840465642745
3515.0,1.0,722944.0,685926.0,1.0,3.0,0.0,0.93,464.0,2.0,300.0,34.0,0.0,74.0,0.0,3.367295829986474
151681.0,0.0,5557090.0,57244.0,1.0,0.0,32260.0,0.0,42.0,3.0,23.0,2.0,0.0,846.0,0.0,2.4849066497880004
20036.0,0.0,3875901.0,26961.0,0.0,1.0,0.0,0.97,16.0,1.0,9.0,3.0,0.0,83.0,0.0,4.59511985013459
9507.0,0.0,599963.0,33425.0,1.0,2.0,0.0,0.89,50.0,1.0,40.0,4.0,0.0,1345.0,0.0,2.4849066497880004
705749.0,0.0,12174400.0,23144.0,0.0,1.0,0.0,1.1,19.0,1.0,15.0,0.0,0.0,80.0,0.0,4.219507705176107
230779.0,0.0,23794248.0,429238.0,0.0,1.0,0.0,0.76,302.0,5.0,200.0,20.0,0.0,238.0,0.0,2.9444389791664403
309045.0,0.0,1861153.0,72008.0,1.0,1.0,0.0,0.95,80.0,1.0,74.0,1.0,0.0,151.0,0.0,2.995732273553991
19274.0,1.0,3164018.0,164464.0,1.0,1.0,0.0,1.04,151.0,3.0,133.0,4.0,0.0,52.0,0.0,5.793013608384144
21314.0,0.0,162283.0,55137.0,1.0,0.0,69846.0,0.0,57.0,3.0,47.0,2.0,0.0,115.0,0.0,4.406719247264253
93865.0,0.0,5938395.0,51808.0,1.0,1.0,0.0,1.05,47.0,1.0,39.0,0.0,0.0,123.0,0.0,2.079441541679836
51462.0,1.0,3656969.0,81730.0,1.0,1.0,0.0,0.82,100.0,3.0,86.0,3.0,0.0,398.0,0.0,2.6390573296152584
29460.0,0.0,689969.0,685926.0,1.0,3.0,0.0,0.93,464.0,2.0,300.0,34.0,0.0,74.0,0.0,3.9889840465642745
103714.0,0.0,1278716.0,42844.0,1.0,0.0,25688.0,0.0,25.0,2.0,12.0,1.0,0.0,22.0,0.0,4.59511985013459
709855.0,0.0,12178506.0,23144.0,0.0,1.0,0.0,1.1,19.0,1.0,15.0,0.0,0.0,80.0,0.0,2.4849066497880004
73692.0,1.0,3800111.0,145173.0,0.0,3.0,0.0,0.9033,132.0,7.0,99.0,6.0,0.0,122.0,0.0,2.079441541679836
12013.0,0.0,587573.0,63863.0,0.0,0.0,43104.0,0.0,49.0,1.0,42.0,1.0,0.0,260.0,0.0,3.80666248977032
323055.0,0.0,2034574.0,5668.0,1.0,0.0,17747.0,0.0,4.0,1.0,3.0,0.0,0.0,64.0,0.0,2.995732273553991
76605.0,1.0,7712728.0,111945.0,0.0,1.0,0.0,0.99,167.0,3.0,163.0,0.0,0.0,931.0,0.0,3.295836866004329
148072.0,0.0,7985214.0,2923.0,0.0,1.0,0.0,0.99,10.0,1.0,9.0,0.0,0.0,226.0,0.0,3.1354942159291497
573503.0,0.0,22989966.0,429238.0,0.0,1.0,0.0,0.76,302.0,5.0,200.0,20.0,0.0,238.0,0.0,2.995732273553991
424377.0,0.0,22940299.0,74922.0,0.0,1.0,0.0,0.98,77.0,2.0,71.0,1.0,0.0,103.0,0.0,4.276666119016055
395055.0,0.0,7957471.0,111945.0,0.0,1.0,0.0,0.99,167.0,3.0,163.0,0.0,0.0,931.0,0.0,3.951243718581428
42468.0,1.0,25776168.0,34597.0,1.0,1.0,0.0,1.11,35.0,3.0,32.0,0.0,0.0,59.0,0.0,4.394449154672439
200759.0,0.0,421345.0,22419.0,0.0,0.0,197585.0,0.0,17.0,2.0,9.0,2.0,0.0,203.0,0.0,2.19722457733622
477231.0,0.0,1086701.0,33425.0,1.0,2.0,0.0,0.89,50.0,1.0,40.0,4.0,0.0,1345.0,0.0,4.6443908991413725
785958.0,0.0,10113967.0,97567.0,0.0,1.0,0.0,0.94,60.0,2.0,43.0,3.0,0.0,141.0,0.0,3.332204510175204
1159175.0,0.0,20085885.0,927611.0,1.0,1.0,0.0,0.86,614.0,3.0,475.0,27.0,0.0,168.0,0.0,4.127134385045092
31577.0,0.0,649997.0,18948.0,0.0,1.0,0.0,1.05,17.0,1.0,15.0,0.0,0.0,63.0,0.0,4.30406509320417
7254.0,1.0,3701177.0,81730.0,1.0,1.0,0.0,0.82,100.0,3.0,86.0,3.0,0.0,398.0,0.0,3.6375861597263857
55860.0,1.0,25254366.0,111164.0,0.0,0.0,50884.0,0.0,80.0,1.0,47.0,12.0,0.0,97.0,0.0,4.276666119016055
434358.0,0.0,26265545.0,448833.0,0.0,2.0,0.0,0.92,446.0,1.0,405.0,6.0,0.0,204.0,0.0,2.079441541679836
12218.0,1.0,1102893.0,132301.0,1.0,1.0,0.0,1.15,108.0,1.0,86.0,8.0,0.0,230.0,0.0,2.833213344056216
289776.0,1.0,6040097.0,611853.0,1.0,2.0,0.0,0.78,517.0,2.0,306.0,45.0,0.0,115.0,0.0,4.30406509320417
377972.0,0.0,598558.0,22419.0,0.0,0.0,197585.0,0.0,17.0,2.0,9.0,2.0,0.0,203.0,0.0,4.23410650459726
298544.0,1.0,4814951.0,574324.0,1.0,1.0,0.0,0.93,529.0,2.0,401.0,25.0,0.0,132.0,0.0,3.4011973816621555
66503.0,0.0,137626.0,37745.0,0.0,1.0,0.0,1.04,42.0,2.0,38.0,0.0,0.0,134.0,0.0,2.079441541679836
341107.0,0.0,25092348.0,22565.0,0.0,1.0,0.0,0.95,47.0,2.0,45.0,0.0,0.0,423.0,0.0,3.091042453358316
520289.0,0.0,26705108.0,239436.0,0.0,1.0,0.0,0.83,250.0,5.0,228.0,1.0,0.0,210.0,0.0,2.3978952727983707
98489.0,1.0,2658327.0,441422.0,0.0,1.0,0.0,0.82,400.0,1.0,332.0,13.0,0.0,86.0,0.0,5.099866427824199
832719.0,0.0,1787317.0,25167.0,0.0,0.0,1002026.0,0.0,13.0,0.0,5.0,3.0,0.0,50.0,0.0,4.634728988229636
100035.0,1.0,2656781.0,441422.0,1.0,1.0,0.0,0.82,400.0,1.0,332.0,13.0,0.0,86.0,0.0,3.7612001156935615
63661.0,1.0,25084483.0,66555.0,1.0,1.0,0.0,1.11,57.0,7.0,49.0,0.0,0.0,44.0,0.0,2.5649493574615367
620789.0,0.0,17659937.0,13893.0,0.0,0.0,1864631.0,0.0,10.0,2.0,8.0,0.0,0.0,168.0,0.0,3.258096538021482
27920.0,0.0,4697158.0,23244.0,0.0,0.0,148072.0,0.0,23.0,1.0,22.0,0.0,0.0,371.0,0.0,3.912023005428146
459768.0,0.0,25211009.0,22565.0,0.0,1.0,0.0,0.95,47.0,2.0,45.0,0.0,0.0,423.0,0.0,2.302585092994046
98465.0,0.0,25049679.0,66555.0,1.0,1.0,0.0,1.11,57.0,7.0,49.0,0.0,0.0,44.0,0.0,2.6390573296152584
53293.0,1.0,6395899.0,394295.0,0.0,1.0,0.0,0.87,336.0,2.0,260.0,23.0,0.0,145.0,0.0,3.332204510175204
441946.0,0.0,19368656.0,927611.0,1.0,1.0,0.0,0.86,614.0,3.0,475.0,27.0,0.0,168.0,0.0,2.995732273553991
343871.0,0.0,25095112.0,22565.0,0.0,1.0,0.0,0.95,47.0,2.0,45.0,0.0,0.0,423.0,0.0,2.6390573296152584
73556.0,0.0,8059730.0,2923.0,1.0,1.0,0.0,0.99,10.0,1.0,9.0,0.0,0.0,226.0,0.0,3.9318256327243257
97527.0,0.0,25050617.0,66555.0,1.0,1.0,0.0,1.11,57.0,7.0,49.0,0.0,0.0,44.0,0.0,2.4849066497880004
7124.0,0.0,2856923.0,4981.0,0.0,2.0,0.0,0.895,14.0,1.0,13.0,0.0,0.0,331.0,0.0,3.091042453358316
473881.0,0.0,26305068.0,448833.0,0.0,2.0,0.0,0.92,446.0,1.0,405.0,6.0,0.0,204.0,0.0,2.19722457733622
330939.0,1.0,6081260.0,611853.0,0.0,2.0,0.0,0.78,517.0,2.0,306.0,45.0,0.0,115.0,0.0,3.5263605246161616
10285.0,1.0,27168631.0,199148.0,1.0,1.0,0.0,0.9,221.0,2.0,210.0,2.0,0.0,170.0,0.0,2.833213344056216
186548.0,0.0,4911626.0,23244.0,0.0,0.0,148072.0,0.0,23.0,1.0,22.0,0.0,0.0,371.0,0.0,3.970291913552122
360947.0,1.0,11086263.0,1475061.0,1.0,1.0,0.0,0.78,839.0,5.0,347.0,113.0,0.0,299.0,0.0,3.80666248977032
968124.0,0.0,1651912.0,25167.0,0.0,0.0,1002026.0,0.0,13.0,0.0,5.0,3.0,0.0,50.0,0.0,2.4849066497880004
730300.0,0.0,12198951.0,23144.0,0.0,1.0,0.0,1.1,19.0,1.0,15.0,0.0,0.0,80.0,0.0,5.655991810819852
72201.0,1.0,7616210.0,281987.0,0.0,1.0,0.0,0.98,301.0,2.0,273.0,9.0,0.0,309.0,0.0,2.302585092994046
127119.0,1.0,3118444.0,15369.0,1.0,1.0,0.0,0.71,12.0,1.0,5.0,4.0,0.0,184.0,0.0,4.143134726391533
629.0,1.0,2874693.0,8803.0,0.0,1.0,0.0,0.92,25.0,1.0,24.0,0.0,0.0,88.0,0.0,3.58351893845611
960957.0,0.0,1659079.0,25167.0,0.0,0.0,1002026.0,0.0,13.0,0.0,5.0,3.0,0.0,50.0,0.0,4.30406509320417
150886.0,0.0,1188904.0,5602.0,1.0,1.0,0.0,0.94,9.0,2.0,7.0,0.0,0.0,104.0,0.0,3.737669618283368
1375644.0,0.0,12822854.0,1475061.0,1.0,1.0,0.0,0.78,839.0,5.0,347.0,113.0,0.0,299.0,0.0,4.844187086458591
626688.0,1.0,4349018.0,26488.0,1.0,1.0,0.0,1.18,26.0,1.0,24.0,0.0,0.0,72.0,0.0,2.302585092994046
78304.0,1.0,27100612.0,199148.0,1.0,1.0,0.0,0.9,221.0,2.0,210.0,2.0,0.0,170.0,0.0,4.394449154672439
873283.0,0.0,19799993.0,927611.0,0.0,1.0,0.0,0.86,614.0,3.0,475.0,27.0,0.0,168.0,0.0,4.143134726391533
19529.0,1.0,11427681.0,1475061.0,1.0,1.0,0.0,0.78,839.0,5.0,347.0,113.0,0.0,299.0,0.0,2.995732273553991
47389.0,0.0,3903254.0,26961.0,1.0,1.0,0.0,0.97,16.0,1.0,9.0,3.0,0.0,83.0,0.0,4.204692619390966
11273.0,1.0,103726.0,23008.0,1.0,1.0,0.0,1.01,15.0,1.0,12.0,0.0,0.0,101.0,0.0,2.3978952727983707
204854.0,0.0,3368532.0,5345.0,0.0,2.0,0.0,0.8,16.0,2.0,14.0,0.0,0.0,330.0,0.0,2.995732273553991
37273.0,0.0,3893138.0,26961.0,1.0,1.0,0.0,0.97,16.0,1.0,9.0,3.0,0.0,83.0,0.0,5.147494476813453
205874.0,1.0,471915.0,16502.0,0.0,1.0,0.0,1.11,19.0,3.0,16.0,0.0,0.0,132.0,0.0,3.1780538303479458
262330.0,0.0,17301478.0,13893.0,0.0,0.0,1864631.0,0.0,10.0,2.0,8.0,0.0,0.0,168.0,0.0,2.302585092994046
267860.0,0.0,26911056.0,199148.0,0.0,1.0,0.0,0.9,221.0,2.0,210.0,2.0,0.0,170.0,0.0,3.80666248977032
479486.0,1.0,10967724.0,1475061.0,1.0,1.0,0.0,0.78,839.0,5.0,347.0,113.0,0.0,299.0,0.0,1.9459101490553128
397678.0,0.0,24026216.0,19262.0,1.0,1.0,0.0,0.99,8.0,1.0,6.0,0.0,0.0,49.0,0.0,3.091042453358316
277068.0,1.0,18649642.0,927611.0,1.0,1.0,0.0,0.86,614.0,3.0,475.0,27.0,0.0,168.0,0.0,2.19722457733622
27856.0,1.0,6964612.0,65768.0,1.0,1.0,0.0,1.01,58.0,1.0,55.0,0.0,0.0,54.0,0.0,5.278114659230517
188952.0,0.0,409538.0,22419.0,0.0,0.0,197585.0,0.0,17.0,2.0,9.0,2.0,0.0,203.0,0.0,3.295836866004329
2544.0,0.0,669633.0,233867.0,1.0,1.0,0.0,1.0,155.0,7.0,113.0,9.0,0.0,204.0,0.0,4.02535169073515
20666.0,0.0,1304063.0,6378.0,0.0,0.0,42494.0,0.0,9.0,1.0,7.0,0.0,0.0,56.0,0.0,3.8501476017100575
51507.0,1.0,984037.0,247493.0,1.0,1.0,0.0,0.84,324.0,9.0,302.0,1.0,0.0,250.0,0.0,3.258096538021482
608457.0,1.0,10838753.0,1475061.0,0.0,1.0,0.0,0.78,839.0,5.0,347.0,113.0,0.0,299.0,0.0,4.852030263919617
16198.0,1.0,7272451.0,394619.0,0.0,1.0,0.0,0.89,385.0,1.0,334.0,8.0,0.0,170.0,0.0,3.1354942159291497
17144.0,1.0,3691287.0,81730.0,0.0,1.0,0.0,0.82,100.0,3.0,86.0,3.0,0.0,398.0,0.0,3.688879454113936
27584.0,1.0,3748540.0,8909.0,1.0,0.0,12260.0,0.0,9.0,0.0,5.0,0.0,0.0,192.0,0.0,2.833213344056216
51598.0,0.0,4943771.0,70638.0,0.0,1.0,0.0,0.95,49.0,2.0,37.0,3.0,0.0,72.0,0.0,3.091042453358316
20455.0,0.0,651722.0,233867.0,1.0,1.0,0.0,1.0,155.0,7.0,113.0,9.0,0.0,204.0,0.0,5.010635294096256
5854.0,0.0,7165079.0,5233.0,1.0,1.0,0.0,0.89,12.0,1.0,9.0,0.0,0.0,20.0,0.0,2.079441541679836
411082.0,0.0,22913930.0,7465.0,0.0,3.0,0.0,0.9067,23.0,2.0,21.0,0.0,0.0,600.0,0.0,5.365976015021851
135881.0,1.0,12228603.0,177422.0,0.0,1.0,0.0,0.93,85.0,5.0,47.0,11.0,0.0,112.0,0.0,4.343805421853684
69193.0,1.0,3627427.0,4263.0,1.0,0.0,57532.0,0.0,5.0,0.0,0.0,3.0,0.0,6.0,0.0,7.416378479192928
62124.0,0.0,3620358.0,4263.0,0.0,0.0,57532.0,0.0,5.0,0.0,0.0,3.0,0.0,6.0,0.0,3.713572066704308
86449.0,0.0,4026189.0,39210.0,1.0,1.0,0.0,0.9,42.0,3.0,35.0,0.0,0.0,108.0,0.0,4.74493212836325
38917.0,0.0,2825130.0,4981.0,1.0,2.0,0.0,0.895,14.0,1.0,13.0,0.0,0.0,331.0,0.0,2.5649493574615367
528139.0,0.0,26697258.0,239436.0,1.0,1.0,0.0,0.83,250.0,5.0,228.0,1.0,0.0,210.0,0.0,4.330733340286331
279318.0,0.0,17318466.0,13893.0,0.0,0.0,1864631.0,0.0,10.0,2.0,8.0,0.0,0.0,168.0,0.0,4.007333185232471
1001.0,1.0,3707430.0,81730.0,0.0,1.0,0.0,0.82,100.0,3.0,86.0,3.0,0.0,398.0,0.0,3.1780538303479458
52520.0,1.0,360629.0,2285.0,0.0,1.0,0.0,0.76,6.0,1.0,3.0,0.0,0.0,34.0,0.0,3.091042453358316
22101.0,1.0,1365664.0,30826.0,1.0,1.0,0.0,0.77,26.0,1.0,19.0,0.0,0.0,41.0,0.0,3.332204510175204
24049.0,0.0,2898113.0,8803.0,1.0,1.0,0.0,0.92,25.0,1.0,24.0,0.0,0.0,88.0,0.0,2.9444389791664403
9616.0,1.0,485387.0,125097.0,1.0,1.0,0.0,0.84,93.0,1.0,66.0,7.0,0.0,481.0,0.0,4.02535169073515
706161.0,0.0,12174812.0,23144.0,0.0,1.0,0.0,1.1,19.0,1.0,15.0,0.0,0.0,80.0,0.0,3.295836866004329
372385.0,0.0,12739729.0,6164.0,1.0,0.0,1011774.0,0.0,11.0,1.0,9.0,0.0,0.0,67.0,0.0,3.4657359027997265
43370.0,1.0,715547.0,233867.0,1.0,1.0,0.0,1.0,155.0,7.0,113.0,9.0,0.0,204.0,0.0,5.817111159963204
201236.0,0.0,23640590.0,94653.0,1.0,1.0,0.0,0.94,76.0,4.0,63.0,2.0,0.0,70.0,0.0,4.727387818712341
487812.0,0.0,23075657.0,429238.0,0.0,1.0,0.0,0.76,302.0,5.0,200.0,20.0,0.0,238.0,0.0,3.8501476017100575
97620.0,0.0,4015018.0,39210.0,1.0,1.0,0.0,0.9,42.0,3.0,35.0,0.0,0.0,108.0,0.0,3.9889840465642745
29369.0,0.0,261640.0,47047.0,0.0,1.0,0.0,0.82,74.0,5.0,69.0,0.0,0.0,105.0,0.0,4.787491742782046
322288.0,1.0,1172901.0,86371.0,0.0,2.0,0.0,0.85,121.0,1.0,113.0,1.0,0.0,381.0,0.0,3.80666248977032
7892.0,0.0,6683677.0,24946.0,1.0,0.0,46680.0,0.0,18.0,0.0,8.0,2.0,0.0,73.0,0.0,4.90527477843843
17075.0,0.0,592635.0,63863.0,1.0,0.0,43104.0,0.0,49.0,1.0,42.0,1.0,0.0,260.0,0.0,3.49650756146648
180230.0,1.0,2359974.0,324575.0,1.0,1.0,0.0,0.86,338.0,4.0,280.0,18.0,0.0,217.0,0.0,4.343805421853684
728599.0,0.0,12197250.0,23144.0,0.0,1.0,0.0,1.1,19.0,1.0,15.0,0.0,0.0,80.0,0.0,5.805134968916488
3592.0,1.0,5314935.0,106004.0,0.0,1.0,0.0,0.82,84.0,2.0,62.0,3.0,0.0,151.0,0.0,2.19722457733622
127895.0,0.0,2747931.0,25167.0,1.0,0.0,1002026.0,0.0,13.0,0.0,5.0,3.0,0.0,50.0,0.0,2.833213344056216
2818.0,1.0,2248136.0,98417.0,0.0,1.0,0.0,0.93,66.0,2.0,50.0,2.0,0.0,171.0,0.0,3.044522437723423
453143.0,0.0,1666131.0,144288.0,1.0,0.0,20200.0,0.0,73.0,1.0,42.0,6.0,0.0,1090.0,0.0,2.70805020110221
74188.0,1.0,2762184.0,81217.0,0.0,0.0,68976.0,0.0,57.0,1.0,25.0,5.0,0.0,16.0,0.0,2.19722457733622
484293.0,0.0,1093763.0,33425.0,0.0,2.0,0.0,0.89,50.0,1.0,40.0,4.0,0.0,1345.0,0.0,3.8918202981106265
272525.0,1.0,991954.0,685926.0,1.0,3.0,0.0,0.93,464.0,2.0,300.0,34.0,0.0,74.0,0.0,4.290459441148391
32223.0,0.0,15206683.0,24901.0,0.0,3.0,0.0,0.99,31.0,3.0,25.0,2.0,0.0,78.0,0.0,5.908082938168931
469506.0,0.0,25220747.0,22565.0,0.0,1.0,0.0,0.95,47.0,2.0,45.0,0.0,0.0,423.0,0.0,4.356708826689592
302704.0,0.0,2014223.0,5668.0,1.0,0.0,17747.0,0.0,4.0,1.0,3.0,0.0,0.0,64.0,0.0,2.995732273553991
119831.0,0.0,7048886.0,117874.0,1.0,1.0,0.0,0.87,98.0,1.0,75.0,6.0,0.0,201.0,0.0,3.912023005428146
19580.0,1.0,8450773.0,28065.0,0.0,1.0,0.0,0.71,46.0,0.0,29.0,2.0,0.0,38.0,0.0,4.02535169073515
763512.0,0.0,17802660.0,13893.0,1.0,0.0,1864631.0,0.0,10.0,2.0,8.0,0.0,0.0,168.0,0.0,4.276666119016055
6063.0,1.0,3144466.0,100187.0,0.0,1.0,0.0,1.06,79.0,5.0,64.0,1.0,0.0,114.0,0.0,4.990432586778736
387627.0,0.0,19314337.0,927611.0,0.0,1.0,0.0,0.86,614.0,3.0,475.0,27.0,0.0,168.0,0.0,2.302585092994046
202921.0,0.0,423507.0,22419.0,1.0,0.0,197585.0,0.0,17.0,2.0,9.0,2.0,0.0,203.0,0.0,5.170483995038151
65810.0,0.0,5675189.0,45277.0,0.0,0.0,290065.0,0.0,37.0,3.0,26.0,2.0,0.0,1029.0,0.0,3.555348061489413
28099.0,1.0,7081067.0,4735.0,1.0,1.0,0.0,0.85,7.0,1.0,6.0,0.0,0.0,37.0,0.0,2.9444389791664403
57610.0,1.0,777039.0,685926.0,0.0,3.0,0.0,0.93,464.0,2.0,300.0,34.0,0.0,74.0,0.0,2.5649493574615367
708232.0,0.0,12176883.0,23144.0,0.0,1.0,0.0,1.1,19.0,1.0,15.0,0.0,0.0,80.0,0.0,3.091042453358316
456813.0,0.0,949846.0,65530.0,1.0,0.0,34197.0,0.0,55.0,1.0,27.0,6.0,0.0,516.0,0.0,3.6375861597263857
125511.0,0.0,661241.0,122207.0,1.0,3.0,0.0,0.8433,148.0,1.0,140.0,1.0,0.0,289.0,0.0,3.951243718581428
971568.0,0.0,19898278.0,927611.0,1.0,1.0,0.0,0.86,614.0,3.0,475.0,27.0,0.0,168.0,0.0,3.4657359027997265
77169.0,0.0,11937362.0,498345.0,0.0,1.0,0.0,0.75,351.0,4.0,247.0,18.0,0.0,260.0,0.0,1.791759469228055
8771.0,1.0,680948.0,233867.0,1.0,1.0,0.0,1.0,155.0,7.0,113.0,9.0,0.0,204.0,0.0,4.624972813284271
33318.0,0.0,2568097.0,12239.0,1.0,1.0,0.0,0.6,14.0,1.0,10.0,0.0,0.0,14.0,0.0,3.737669618283368
95353.0,1.0,2969417.0,8803.0,1.0,1.0,0.0,0.92,25.0,1.0,24.0,0.0,0.0,88.0,0.0,4.262679877041316
36927.0,1.0,7580936.0,281987.0,1.0,1.0,0.0,0.98,301.0,2.0,273.0,9.0,0.0,309.0,0.0,3.367295829986474
163936.0,0.0,2006262.0,72008.0,0.0,1.0,0.0,0.95,80.0,1.0,74.0,1.0,0.0,151.0,0.0,4.941642422609304
256470.0,1.0,2283734.0,324575.0,0.0,1.0,0.0,0.86,338.0,4.0,280.0,18.0,0.0,217.0,0.0,5.75890177387728
46760.0,0.0,15221220.0,24901.0,1.0,3.0,0.0,0.99,31.0,3.0,25.0,2.0,0.0,78.0,0.0,3.7612001156935615
1853476.0,0.0,13300686.0,1475061.0,1.0,1.0,0.0,0.78,839.0,5.0,347.0,113.0,0.0,299.0,0.0,2.833213344056216
464089.0,0.0,17503237.0,13893.0,0.0,0.0,1864631.0,0.0,10.0,2.0,8.0,0.0,0.0,168.0,0.0,5.459585514144159
36926.0,0.0,3681999.0,185746.0,1.0,1.0,0.0,0.79,339.0,8.0,328.0,0.0,0.0,97.0,0.0,2.995732273553991
114352.0,1.0,1543675.0,362735.0,0.0,1.0,0.0,0.84,227.0,2.0,135.0,32.0,0.0,294.0,0.0,3.6375861597263857
265088.0,0.0,17304236.0,13893.0,0.0,0.0,1864631.0,0.0,10.0,2.0,8.0,0.0,0.0,168.0,0.0,2.995732273553991
30519.0,0.0,641658.0,233867.0,1.0,1.0,0.0,1.0,155.0,7.0,113.0,9.0,0.0,204.0,0.0,4.499809670330265
240339.0,0.0,2860375.0,25167.0,0.0,0.0,1002026.0,0.0,13.0,0.0,5.0,3.0,0.0,50.0,0.0,2.302585092994046
33073.0,1.0,705250.0,233867.0,1.0,1.0,0.0,1.0,155.0,7.0,113.0,9.0,0.0,204.0,0.0,5.942799375126701
14302.0,0.0,6831901.0,13345.0,1.0,1.0,0.0,1.05,32.0,2.0,30.0,0.0,0.0,200.0,0.0,2.3978952727983707
799612.0,0.0,19762969.0,5269.0,1.0,1.0,0.0,0.88,14.0,2.0,12.0,0.0,0.0,84.0,0.0,2.8903717578961645
371632.0,0.0,23935101.0,429238.0,1.0,1.0,0.0,0.76,302.0,5.0,200.0,20.0,0.0,238.0,0.0,5.631211781821365
64632.0,1.0,6927836.0,65768.0,0.0,1.0,0.0,1.01,58.0,1.0,55.0,0.0,0.0,54.0,0.0,3.1354942159291497
324221.0,0.0,1082438.0,65530.0,1.0,0.0,34197.0,0.0,55.0,1.0,27.0,6.0,0.0,516.0,0.0,4.844187086458591
243767.0,0.0,4174026.0,24238.0,0.0,1.0,0.0,0.84,36.0,1.0,35.0,0.0,0.0,40.0,0.0,4.718498871295094
86381.0,0.0,24956683.0,80048.0,0.0,1.0,0.0,0.8,66.0,4.0,49.0,2.0,0.0,740.0,0.0,3.4657359027997265
23683.0,1.0,3159609.0,164464.0,1.0,1.0,0.0,1.04,151.0,3.0,133.0,4.0,0.0,52.0,0.0,3.4657359027997265
103600.0,0.0,1278830.0,42844.0,0.0,0.0,25688.0,0.0,25.0,2.0,12.0,1.0,0.0,22.0,0.0,3.8918202981106265
24454.0,1.0,1412219.0,30826.0,0.0,1.0,0.0,0.77,26.0,1.0,19.0,0.0,0.0,41.0,0.0,2.6390573296152584
71486.0,0.0,772823.0,49720.0,1.0,1.0,0.0,0.97,43.0,1.0,41.0,1.0,0.0,1031.0,0.0,4.3694478524670215
16562.0,1.0,1520525.0,29024.0,0.0,1.0,0.0,0.91,21.0,2.0,19.0,0.0,0.0,128.0,0.0,4.248495242049359
252066.0,1.0,4768473.0,574324.0,0.0,1.0,0.0,0.93,529.0,2.0,401.0,25.0,0.0,132.0,0.0,4.060443010546419
14253.0,0.0,3350676.0,115752.0,1.0,0.0,15018.0,0.0,48.0,1.0,18.0,5.0,0.0,173.0,0.0,4.605170185988092
51953.0,0.0,1460768.0,19301.0,0.0,1.0,0.0,0.83,26.0,2.0,23.0,0.0,0.0,51.0,0.0,3.295836866004329
202137.0,0.0,1705120.0,148489.0,0.0,1.0,0.0,0.96,128.0,1.0,107.0,1.0,0.0,108.0,0.0,4.30406509320417
123042.0,1.0,2605576.0,653877.0,0.0,3.0,0.0,0.8933,602.0,4.0,451.0,30.0,0.0,570.0,0.0,2.19722457733622
73239.0,1.0,6105499.0,51808.0,0.0,1.0,0.0,1.05,47.0,1.0,39.0,0.0,0.0,123.0,0.0,4.02535169073515
89813.0,0.0,2709849.0,25167.0,1.0,0.0,1002026.0,0.0,13.0,0.0,5.0,3.0,0.0,50.0,0.0,5.537334267018537
440062.0,0.0,19403419.0,5269.0,1.0,1.0,0.0,0.88,14.0,2.0,12.0,0.0,0.0,84.0,0.0,4.330733340286331
1191252.0,0.0,20154609.0,5269.0,0.0,1.0,0.0,0.88,14.0,2.0,12.0,0.0,0.0,84.0,0.0,3.555348061489413
341063.0,0.0,22843911.0,7465.0,0.0,3.0,0.0,0.9067,23.0,2.0,21.0,0.0,0.0,600.0,0.0,2.19722457733622
231878.0,0.0,7901408.0,2923.0,1.0,1.0,0.0,0.99,10.0,1.0,9.0,0.0,0.0,226.0,0.0,3.295836866004329
67001.0,1.0,968543.0,247493.0,0.0,1.0,0.0,0.84,324.0,9.0,302.0,1.0,0.0,250.0,0.0,3.555348061489413
577818.0,1.0,10869392.0,1475061.0,1.0,1.0,0.0,0.78,839.0,5.0,347.0,113.0,0.0,299.0,0.0,3.737669618283368
120332.0,0.0,1286327.0,65530.0,0.0,0.0,34197.0,0.0,55.0,1.0,27.0,6.0,0.0,516.0,0.0,4.624972813284271
676926.0,0.0,19640283.0,5269.0,0.0,1.0,0.0,0.88,14.0,2.0,12.0,0.0,0.0,84.0,0.0,4.290459441148391
172346.0,0.0,9048972.0,4557.0,0.0,1.0,0.0,1.18,14.0,1.0,13.0,0.0,0.0,232.0,0.0,6.786716950605081
61741.0,1.0,6404347.0,394295.0,0.0,1.0,0.0,0.87,336.0,2.0,260.0,23.0,0.0,145.0,0.0,3.7612001156935615
6813.0,1.0,1625942.0,23788.0,1.0,1.0,0.0,0.91,20.0,2.0,9.0,2.0,0.0,52.0,0.0,4.934473933130692
283982.0,1.0,18642728.0,927611.0,1.0,1.0,0.0,0.86,614.0,3.0,475.0,27.0,0.0,168.0,0.0,4.691347882229144
73142.0,0.0,5449043.0,9999.0,1.0,0.0,200389.0,0.0,7.0,1.0,6.0,0.0,0.0,42.0,0.0,3.4011973816621555
162391.0,0.0,9165618.0,97567.0,0.0,1.0,0.0,0.94,60.0,2.0,43.0,3.0,0.0,141.0,0.0,3.8918202981106265
359448.0,0.0,26190635.0,448833.0,1.0,2.0,0.0,0.92,446.0,1.0,405.0,6.0,0.0,204.0,0.0,4.07753744390572
49934.0,1.0,6392540.0,394295.0,1.0,1.0,0.0,0.87,336.0,2.0,260.0,23.0,0.0,145.0,0.0,2.9444389791664403
153815.0,1.0,18772895.0,927611.0,0.0,1.0,0.0,0.86,614.0,3.0,475.0,27.0,0.0,168.0,0.0,3.828641396489095
660039.0,0.0,12128690.0,23144.0,0.0,1.0,0.0,1.1,19.0,1.0,15.0,0.0,0.0,80.0,0.0,5.332718793265369
24703.0,1.0,1363062.0,30826.0,1.0,1.0,0.0,0.77,26.0,1.0,19.0,0.0,0.0,41.0,0.0,5.5093883366279774
9097.0,1.0,1512080.0,148489.0,1.0,1.0,0.0,0.96,128.0,1.0,107.0,1.0,0.0,108.0,0.0,1.9459101490553128
44471.0,1.0,5236061.0,91010.0,0.0,1.0,0.0,1.06,105.0,1.0,89.0,2.0,0.0,137.0,0.0,4.3694478524670215
64757.0,0.0,143847.0,41808.0,0.0,1.0,0.0,0.9,28.0,1.0,22.0,0.0,0.0,46.0,0.0,6.150602768446279
8049.0,0.0,583609.0,63863.0,0.0,0.0,43104.0,0.0,49.0,1.0,42.0,1.0,0.0,260.0,0.0,3.4339872044851463
18041.0,1.0,5262491.0,91010.0,1.0,1.0,0.0,1.06,105.0,1.0,89.0,2.0,0.0,137.0,0.0,2.3978952727983707
377733.0,0.0,24046161.0,19262.0,1.0,1.0,0.0,0.99,8.0,1.0,6.0,0.0,0.0,49.0,0.0,5.010635294096256
527450.0,0.0,26486876.0,6230.0,0.0,1.0,0.0,0.97,14.0,1.0,13.0,0.0,0.0,136.0,0.0,4.394449154672439
519839.0,0.0,17558987.0,13893.0,0.0,0.0,1864631.0,0.0,10.0,2.0,8.0,0.0,0.0,168.0,0.0,4.406719247264253
608626.0,1.0,10838584.0,1475061.0,0.0,1.0,0.0,0.78,839.0,5.0,347.0,113.0,0.0,299.0,0.0,3.1780538303479458
108186.0,0.0,11968379.0,498345.0,1.0,1.0,0.0,0.75,351.0,4.0,247.0,18.0,0.0,260.0,0.0,2.70805020110221
184025.0,0.0,4909103.0,23244.0,0.0,0.0,148072.0,0.0,23.0,1.0,22.0,0.0,0.0,371.0,0.0,3.688879454113936
18942.0,1.0,24404952.0,19262.0,0.0,1.0,0.0,0.99,8.0,1.0,6.0,0.0,0.0,49.0,0.0,3.295836866004329
153253.0,0.0,3316931.0,5345.0,0.0,2.0,0.0,0.8,16.0,2.0,14.0,0.0,0.0,330.0,0.0,3.5263605246161616
27696.0,0.0,6873899.0,13345.0,1.0,1.0,0.0,1.05,32.0,2.0,30.0,0.0,0.0,200.0,0.0,2.079441541679836
52578.0,1.0,2786259.0,71803.0,0.0,1.0,0.0,0.82,61.0,1.0,55.0,1.0,0.0,114.0,0.0,3.555348061489413
9816.0,1.0,2241138.0,98417.0,0.0,1.0,0.0,0.93,66.0,2.0,50.0,2.0,0.0,171.0,0.0,3.1354942159291497
10877.0,0.0,5511308.0,9999.0,1.0,0.0,200389.0,0.0,7.0,1.0,6.0,0.0,0.0,42.0,0.0,2.079441541679836
111804.0,1.0,383033.0,191707.0,0.0,1.0,0.0,1.22,127.0,1.0,91.0,8.0,0.0,480.0,0.0,2.3978952727983707
434780.0,0.0,18528577.0,5269.0,0.0,1.0,0.0,0.88,14.0,2.0,12.0,0.0,0.0,84.0,0.0,5.19295685089021
714932.0,0.0,12183583.0,23144.0,0.0,1.0,0.0,1.1,19.0,1.0,15.0,0.0,0.0,80.0,0.0,2.772588722239781
988903.0,0.0,19915613.0,927611.0,0.0,1.0,0.0,0.86,614.0,3.0,475.0,27.0,0.0,168.0,0.0,2.19722457733622
9084.0,1.0,1415743.0,65530.0,1.0,0.0,34197.0,0.0,55.0,1.0,27.0,6.0,0.0,516.0,0.0,2.772588722239781
55566.0,0.0,773587.0,10488.0,1.0,1.0,0.0,0.84,12.0,4.0,7.0,0.0,0.0,333.0,0.0,2.4849066497880004
28592.0,1.0,700769.0,233867.0,0.0,1.0,0.0,1.0,155.0,7.0,113.0,9.0,0.0,204.0,0.0,2.8903717578961645
75731.0,0.0,15250191.0,24901.0,1.0,3.0,0.0,0.99,31.0,3.0,25.0,2.0,0.0,78.0,0.0,4.31748811353631
508935.0,0.0,25260176.0,22565.0,0.0,1.0,0.0,0.95,47.0,2.0,45.0,0.0,0.0,423.0,0.0,4.02535169073515
145686.0,0.0,3309364.0,5345.0,1.0,2.0,0.0,0.8,16.0,2.0,14.0,0.0,0.0,330.0,0.0,4.248495242049359
880042.0,0.0,18083315.0,5269.0,1.0,1.0,0.0,0.88,14.0,2.0,12.0,0.0,0.0,84.0,0.0,5.739792912179234
704635.0,0.0,12173286.0,23144.0,0.0,1.0,0.0,1.1,19.0,1.0,15.0,0.0,0.0,80.0,0.0,4.836281906951478
270541.0,0.0,1899657.0,72008.0,1.0,1.0,0.0,0.95,80.0,1.0,74.0,1.0,0.0,151.0,0.0,2.995732273553991
27299.0,0.0,1919897.0,7270.0,0.0,0.0,243.0,0.0,11.0,2.0,9.0,0.0,0.0,19.0,0.0,3.1780538303479458
426690.0,0.0,12685424.0,6164.0,1.0,0.0,1011774.0,0.0,11.0,1.0,9.0,0.0,0.0,67.0,0.0,2.302585092994046
417652.0,0.0,22947024.0,74922.0,0.0,1.0,0.0,0.98,77.0,2.0,71.0,1.0,0.0,103.0,0.0,3.4339872044851463
928985.0,0.0,18034372.0,5269.0,1.0,1.0,0.0,0.88,14.0,2.0,12.0,0.0,0.0,84.0,0.0,6.501289670540389
86146.0,0.0,6854606.0,33888.0,1.0,1.0,0.0,1.01,54.0,2.0,52.0,0.0,0.0,590.0,0.0,2.6390573296152584
121919.0,1.0,794464.0,5083.0,0.0,1.0,0.0,0.99,9.0,2.0,7.0,0.0,0.0,54.0,0.0,2.833213344056216
51237.0,1.0,3657194.0,81730.0,0.0,1.0,0.0,0.82,100.0,3.0,86.0,3.0,0.0,398.0,0.0,3.610917912644224
26657.0,0.0,24268936.0,5190.0,0.0,0.0,1266.0,0.0,17.0,1.0,16.0,0.0,0.0,167.0,0.0,4.605170185988092
47343.0,1.0,1703224.0,199872.0,0.0,1.0,0.0,0.93,260.0,2.0,234.0,8.0,0.0,99.0,0.0,2.19722457733622
629585.0,0.0,12098236.0,23144.0,0.0,1.0,0.0,1.1,19.0,1.0,15.0,0.0,0.0,80.0,0.0,4.418840607796598
292723.0,0.0,1113936.0,65530.0,1.0,0.0,34197.0,0.0,55.0,1.0,27.0,6.0,0.0,516.0,0.0,4.060443010546419
30681.0,1.0,25117463.0,66555.0,0.0,1.0,0.0,1.11,57.0,7.0,49.0,0.0,0.0,44.0,0.0,2.079441541679836
100435.0,0.0,4012203.0,39210.0,0.0,1.0,0.0,0.9,42.0,3.0,35.0,0.0,0.0,108.0,0.0,4.007333185232471
40501.0,1.0,2549268.0,105734.0,0.0,1.0,0.0,0.81,124.0,2.0,111.0,3.0,0.0,119.0,0.0,2.079441541679836
109382.0,1.0,6736821.0,13345.0,0.0,1.0,0.0,1.05,32.0,2.0,30.0,0.0,0.0,200.0,0.0,2.833213344056216
556148.0,0.0,23007321.0,429238.0,1.0,1.0,0.0,0.76,302.0,5.0,200.0,20.0,0.0,238.0,0.0,3.80666248977032
74360.0,1.0,2948424.0,8803.0,0.0,1.0,0.0,0.92,25.0,1.0,24.0,0.0,0.0,88.0,0.0,2.9444389791664403
191253.0,0.0,9030065.0,4557.0,1.0,1.0,0.0,1.18,14.0,1.0,13.0,0.0,0.0,232.0,0.0,4.330733340286331
198604.0,1.0,18728106.0,927611.0,0.0,1.0,0.0,0.86,614.0,3.0,475.0,27.0,0.0,168.0,0.0,3.4657359027997265
25448.0,1.0,11421762.0,1475061.0,0.0,1.0,0.0,0.78,839.0,5.0,347.0,113.0,0.0,299.0,0.0,4.0943445622221
112371.0,1.0,6484362.0,200054.0,1.0,1.0,0.0,0.84,127.0,2.0,94.0,6.0,0.0,585.0,0.0,2.995732273553991
71148.0,0.0,772485.0,49720.0,0.0,1.0,0.0,0.97,43.0,1.0,41.0,1.0,0.0,1031.0,0.0,4.290459441148391
218608.0,0.0,9109401.0,97567.0,1.0,1.0,0.0,0.94,60.0,2.0,43.0,3.0,0.0,141.0,0.0,5.187385805840755
7629.0,0.0,3863494.0,26961.0,0.0,1.0,0.0,0.97,16.0,1.0,9.0,3.0,0.0,83.0,0.0,3.5263605246161616
18427.0,1.0,11109818.0,20371.0,0.0,1.0,0.0,0.99,42.0,0.0,39.0,0.0,0.0,16.0,0.0,5.730099782973574
239762.0,0.0,17278910.0,13893.0,1.0,0.0,1864631.0,0.0,10.0,2.0,8.0,0.0,0.0,168.0,0.0,2.6390573296152584
108611.0,1.0,780788.0,233867.0,0.0,1.0,0.0,1.0,155.0,7.0,113.0,9.0,0.0,204.0,0.0,3.044522437723423
51391.0,1.0,6393997.0,394295.0,0.0,1.0,0.0,0.87,336.0,2.0,260.0,23.0,0.0,145.0,0.0,3.044522437723423
713517.0,0.0,12182168.0,23144.0,0.0,1.0,0.0,1.1,19.0,1.0,15.0,0.0,0.0,80.0,0.0,4.060443010546419
40104.0,0.0,2914168.0,8803.0,0.0,1.0,0.0,0.92,25.0,1.0,24.0,0.0,0.0,88.0,0.0,4.330733340286331
46234.0,0.0,2555181.0,12239.0,0.0,1.0,0.0,0.6,14.0,1.0,10.0,0.0,0.0,14.0,0.0,2.302585092994046
758316.0,0.0,1861720.0,25167.0,1.0,0.0,1002026.0,0.0,13.0,0.0,5.0,3.0,0.0,50.0,0.0,2.70805020110221
211463.0,0.0,3375141.0,5345.0,1.0,2.0,0.0,0.8,16.0,2.0,14.0,0.0,0.0,330.0,0.0,2.4849066497880004
354044.0,0.0,963514.0,33425.0,1.0,2.0,0.0,0.89,50.0,1.0,40.0,4.0,0.0,1345.0,0.0,3.49650756146648
63148.0,0.0,6612637.0,24946.0,1.0,0.0,46680.0,0.0,18.0,0.0,8.0,2.0,0.0,73.0,0.0,4.31748811353631
1192194.0,0.0,10667999.0,498345.0,0.0,1.0,0.0,0.75,351.0,4.0,247.0,18.0,0.0,260.0,0.0,2.19722457733622
803140.0,0.0,1816896.0,25167.0,0.0,0.0,1002026.0,0.0,13.0,0.0,5.0,3.0,0.0,50.0,0.0,3.295836866004329
56512.0,0.0,5975748.0,51808.0,1.0,1.0,0.0,1.05,47.0,1.0,39.0,0.0,0.0,123.0,0.0,2.70805020110221
161556.0,1.0,4677963.0,574324.0,1.0,1.0,0.0,0.93,529.0,2.0,401.0,25.0,0.0,132.0,0.0,2.5649493574615367
348509.0,0.0,7689050.0,136039.0,0.0,1.0,0.0,0.9,91.0,1.0,68.0,5.0,0.0,495.0,0.0,6.699500340161678
242756.0,0.0,17281904.0,13893.0,0.0,0.0,1864631.0,0.0,10.0,2.0,8.0,0.0,0.0,168.0,0.0,2.3978952727983707
21355.0,1.0,376509.0,110683.0,1.0,2.0,0.0,0.925,73.0,2.0,58.0,2.0,0.0,80.0,0.0,3.8918202981106265
118994.0,1.0,2637822.0,441422.0,1.0,1.0,0.0,0.82,400.0,1.0,332.0,13.0,0.0,86.0,0.0,2.772588722239781
41760.0,1.0,6074020.0,51808.0,0.0,1.0,0.0,1.05,47.0,1.0,39.0,0.0,0.0,123.0,0.0,4.262679877041316
406973.0,0.0,25158214.0,22565.0,0.0,1.0,0.0,0.95,47.0,2.0,45.0,0.0,0.0,423.0,0.0,3.912023005428146
82736.0,0.0,1518872.0,51594.0,0.0,0.0,37936.0,0.0,80.0,2.0,78.0,0.0,0.0,225.0,0.0,2.5649493574615367
252890.0,1.0,11607303.0,498345.0,0.0,1.0,0.0,0.75,351.0,4.0,247.0,18.0,0.0,260.0,0.0,5.8944028342648505
1244155.0,0.0,12691365.0,1475061.0,1.0,1.0,0.0,0.78,839.0,5.0,347.0,113.0,0.0,299.0,0.0,2.079441541679836
82350.0,1.0,6181349.0,216542.0,1.0,2.0,0.0,0.965,177.0,3.0,111.0,11.0,0.0,147.0,0.0,3.295836866004329
1138167.0,0.0,20064877.0,927611.0,0.0,1.0,0.0,0.86,614.0,3.0,475.0,27.0,0.0,168.0,0.0,5.924255797414532
118779.0,1.0,6727424.0,13345.0,0.0,1.0,0.0,1.05,32.0,2.0,30.0,0.0,0.0,200.0,0.0,3.4339872044851463
14288.0,0.0,7094878.0,4735.0,1.0,1.0,0.0,0.85,7.0,1.0,6.0,0.0,0.0,37.0,0.0,3.091042453358316
20276.0,0.0,5304045.0,36273.0,0.0,0.0,270690.0,0.0,22.0,1.0,21.0,0.0,0.0,1211.0,0.0,3.9318256327243257
597765.0,0.0,22965704.0,429238.0,1.0,1.0,0.0,0.76,302.0,5.0,200.0,20.0,0.0,238.0,0.0,4.07753744390572
305735.0,0.0,25056976.0,22565.0,0.0,1.0,0.0,0.95,47.0,2.0,45.0,0.0,0.0,423.0,0.0,4.31748811353631
668399.0,0.0,14506061.0,24901.0,1.0,3.0,0.0,0.99,31.0,3.0,25.0,2.0,0.0,78.0,0.0,2.302585092994046
39856.0,0.0,2824191.0,4981.0,1.0,2.0,0.0,0.895,14.0,1.0,13.0,0.0,0.0,331.0,0.0,4.653960350157523
413867.0,0.0,24010027.0,19262.0,1.0,1.0,0.0,0.99,8.0,1.0,6.0,0.0,0.0,49.0,0.0,2.3978952727983707
1509746.0,0.0,13664714.0,24901.0,0.0,3.0,0.0,0.99,31.0,3.0,25.0,2.0,0.0,78.0,0.0,2.3978952727983707
861713.0,0.0,19788423.0,927611.0,0.0,1.0,0.0,0.86,614.0,3.0,475.0,27.0,0.0,168.0,0.0,6.054439346269371
408951.0,0.0,23972420.0,429238.0,1.0,1.0,0.0,0.76,302.0,5.0,200.0,20.0,0.0,238.0,0.0,5.438079308923196
73103.0,0.0,188147.0,2437.0,1.0,1.0,0.0,1.01,7.0,1.0,5.0,0.0,0.0,4.0,0.0,5.0238805208462765
27934.0,0.0,691495.0,685926.0,0.0,3.0,0.0,0.93,464.0,2.0,300.0,34.0,0.0,74.0,0.0,2.9444389791664403
216128.0,0.0,436714.0,22419.0,0.0,0.0,197585.0,0.0,17.0,2.0,9.0,2.0,0.0,203.0,0.0,3.688879454113936
94500.0,1.0,795837.0,49720.0,0.0,1.0,0.0,0.97,43.0,1.0,41.0,1.0,0.0,1031.0,0.0,3.970291913552122
406544.0,0.0,22909392.0,7465.0,0.0,3.0,0.0,0.9067,23.0,2.0,21.0,0.0,0.0,600.0,0.0,2.6390573296152584
44865.0,1.0,11402345.0,1475061.0,1.0,1.0,0.0,0.78,839.0,5.0,347.0,113.0,0.0,299.0,0.0,4.143134726391533
682368.0,0.0,19645725.0,5269.0,1.0,1.0,0.0,0.88,14.0,2.0,12.0,0.0,0.0,84.0,0.0,3.951243718581428
53118.0,1.0,1482441.0,362735.0,1.0,1.0,0.0,0.84,227.0,2.0,135.0,32.0,0.0,294.0,0.0,4.477336814478207
383382.0,0.0,22886230.0,7465.0,1.0,3.0,0.0,0.9067,23.0,2.0,21.0,0.0,0.0,600.0,0.0,3.7612001156935615
730357.0,0.0,12199008.0,23144.0,0.0,1.0,0.0,1.1,19.0,1.0,15.0,0.0,0.0,80.0,0.0,2.079441541679836
159858.0,0.0,512319.0,233867.0,1.0,1.0,0.0,1.0,155.0,7.0,113.0,9.0,0.0,204.0,0.0,2.70805020110221
46380.0,0.0,1961155.0,104921.0,0.0,1.0,0.0,0.82,80.0,3.0,65.0,1.0,0.0,244.0,0.0,3.555348061489413
1163719.0,0.0,20641039.0,407899.0,1.0,1.0,0.0,0.82,151.0,4.0,68.0,22.0,0.0,275.0,0.0,5.303304908059076
368316.0,0.0,22871164.0,7465.0,1.0,3.0,0.0,0.9067,23.0,2.0,21.0,0.0,0.0,600.0,0.0,2.8903717578961645
68296.0,1.0,7612305.0,281987.0,1.0,1.0,0.0,0.98,301.0,2.0,273.0,9.0,0.0,309.0,0.0,4.343805421853684
242513.0,0.0,26982884.0,239436.0,0.0,1.0,0.0,0.83,250.0,5.0,228.0,1.0,0.0,210.0,0.0,4.430816798843313
661235.0,0.0,16377913.0,13893.0,1.0,0.0,1864631.0,0.0,10.0,2.0,8.0,0.0,0.0,168.0,0.0,3.912023005428146
43617.0,1.0,1706950.0,199872.0,0.0,1.0,0.0,0.93,260.0,2.0,234.0,8.0,0.0,99.0,0.0,5.393627546352362
1726208.0,0.0,20689565.0,5269.0,0.0,1.0,0.0,0.88,14.0,2.0,12.0,0.0,0.0,84.0,0.0,3.80666248977032
40200.0,1.0,712377.0,233867.0,1.0,1.0,0.0,1.0,155.0,7.0,113.0,9.0,0.0,204.0,0.0,3.1780538303479458
20339.0,0.0,515391.0,122207.0,1.0,3.0,0.0,0.8433,148.0,1.0,140.0,1.0,0.0,289.0,0.0,3.49650756146648
34197.0,1.0,71812.0,157128.0,1.0,1.0,0.0,1.24,88.0,4.0,59.0,3.0,0.0,94.0,0.0,3.5263605246161616
699695.0,0.0,17738843.0,13893.0,0.0,0.0,1864631.0,0.0,10.0,2.0,8.0,0.0,0.0,168.0,0.0,3.1780538303479458
114730.0,1.0,1614708.0,138749.0,1.0,2.0,0.0,0.7,22.0,1.0,4.0,2.0,0.0,165.0,0.0,2.19722457733622
563867.0,0.0,19490577.0,927611.0,0.0,1.0,0.0,0.86,614.0,3.0,475.0,27.0,0.0,168.0,0.0,3.784189633918261
133217.0,0.0,18830140.0,5269.0,1.0,1.0,0.0,0.88,14.0,2.0,12.0,0.0,0.0,84.0,0.0,2.833213344056216
22324.0,0.0,2905980.0,10609.0,1.0,1.0,0.0,0.92,19.0,1.0,18.0,0.0,0.0,23.0,0.0,4.110873864173311
9033.0,1.0,1287617.0,108267.0,0.0,1.0,0.0,1.06,79.0,1.0,60.0,6.0,0.0,92.0,0.0,3.6375861597263857
135978.0,0.0,25006280.0,80048.0,0.0,1.0,0.0,0.8,66.0,4.0,49.0,2.0,0.0,740.0,0.0,4.158883083359672
52808.0,0.0,1461623.0,19301.0,1.0,1.0,0.0,0.83,26.0,2.0,23.0,0.0,0.0,51.0,0.0,2.079441541679836
17637.0,1.0,1521600.0,29024.0,0.0,1.0,0.0,0.91,21.0,2.0,19.0,0.0,0.0,128.0,0.0,3.5263605246161616
13759.0,1.0,21790999.0,407899.0,0.0,1.0,0.0,0.82,151.0,4.0,68.0,22.0,0.0,275.0,0.0,2.9444389791664403
103531.0,1.0,374760.0,191707.0,1.0,1.0,0.0,1.22,127.0,1.0,91.0,8.0,0.0,480.0,0.0,2.302585092994046
37383.0,0.0,1541346.0,29024.0,1.0,1.0,0.0,0.91,21.0,2.0,19.0,0.0,0.0,128.0,0.0,4.276666119016055
81586.0,1.0,316278.0,110683.0,0.0,2.0,0.0,0.925,73.0,2.0,58.0,2.0,0.0,80.0,0.0,4.90527477843843
22373.0,0.0,2896437.0,8803.0,1.0,1.0,0.0,0.92,25.0,1.0,24.0,0.0,0.0,88.0,0.0,2.079441541679836
103696.0,1.0,931848.0,247493.0,1.0,1.0,0.0,0.84,324.0,9.0,302.0,1.0,0.0,250.0,0.0,5.480638923341991
11110.0,0.0,661067.0,233867.0,0.0,1.0,0.0,1.0,155.0,7.0,113.0,9.0,0.0,204.0,0.0,4.30406509320417
758125.0,0.0,11102068.0,498345.0,0.0,1.0,0.0,0.75,351.0,4.0,247.0,18.0,0.0,260.0,0.0,5.926926025970411
915027.0,0.0,1705009.0,25167.0,0.0,0.0,1002026.0,0.0,13.0,0.0,5.0,3.0,0.0,50.0,0.0,3.7612001156935615
61401.0,1.0,2513383.0,74511.0,0.0,0.0,63163.0,0.0,83.0,1.0,68.0,2.0,0.0,45.0,0.0,2.4849066497880004
103130.0,0.0,3958995.0,26961.0,0.0,1.0,0.0,0.97,16.0,1.0,9.0,3.0,0.0,83.0,0.0,2.833213344056216
14745.0,1.0,3693686.0,81730.0,0.0,1.0,0.0,0.82,100.0,3.0,86.0,3.0,0.0,398.0,0.0,2.302585092994046
54527.0,1.0,1696040.0,199872.0,0.0,1.0,0.0,0.93,260.0,2.0,234.0,8.0,0.0,99.0,0.0,4.927253685157205
159991.0,1.0,7008726.0,117874.0,0.0,1.0,0.0,0.87,98.0,1.0,75.0,6.0,0.0,201.0,0.0,4.553876891600541
226468.0,0.0,22729316.0,7465.0,0.0,3.0,0.0,0.9067,23.0,2.0,21.0,0.0,0.0,600.0,0.0,2.995732273553991
116799.0,1.0,6488790.0,200054.0,0.0,1.0,0.0,0.84,127.0,2.0,94.0,6.0,0.0,585.0,0.0,3.4339872044851463
908.0,1.0,10313699.0,13765.0,0.0,0.0,4153.0,0.0,31.0,1.0,28.0,1.0,0.0,94.0,0.0,3.1780538303479458
308.0,1.0,3182984.0,164464.0,0.0,1.0,0.0,1.04,151.0,3.0,133.0,4.0,0.0,52.0,0.0,3.4339872044851463
59439.0,1.0,325480.0,16502.0,1.0,1.0,0.0,1.11,19.0,3.0,16.0,0.0,0.0,132.0,0.0,2.302585092994046
32417.0,0.0,2789233.0,441422.0,1.0,1.0,0.0,0.82,400.0,1.0,332.0,13.0,0.0,86.0,0.0,2.4849066497880004
144153.0,0.0,3307831.0,5345.0,0.0,2.0,0.0,0.8,16.0,2.0,14.0,0.0,0.0,330.0,0.0,3.044522437723423
1227.0,1.0,3707204.0,81730.0,0.0,1.0,0.0,0.82,100.0,3.0,86.0,3.0,0.0,398.0,0.0,3.6635616461296463
231179.0,0.0,12323901.0,177422.0,0.0,1.0,0.0,0.93,85.0,5.0,47.0,11.0,0.0,112.0,0.0,3.044522437723423
394275.0,0.0,16644873.0,13893.0,0.0,0.0,1864631.0,0.0,10.0,2.0,8.0,0.0,0.0,168.0,0.0,3.7612001156935615
439937.0,0.0,3249894.0,45917.0,1.0,3.0,0.0,1.0267,80.0,3.0,76.0,0.0,0.0,532.0,0.0,6.192362489474872
20088.0,0.0,2581327.0,12239.0,1.0,1.0,0.0,0.6,14.0,1.0,10.0,0.0,0.0,14.0,0.0,5.594711379601839
59243.0,1.0,6401849.0,394295.0,1.0,1.0,0.0,0.87,336.0,2.0,260.0,23.0,0.0,145.0,0.0,4.919980925828125
90764.0,0.0,3946629.0,26961.0,1.0,1.0,0.0,0.97,16.0,1.0,9.0,3.0,0.0,83.0,0.0,3.258096538021482
64451.0,1.0,7700574.0,111945.0,0.0,1.0,0.0,0.99,167.0,3.0,163.0,0.0,0.0,931.0,0.0,3.218875824868201
296119.0,0.0,24538398.0,5190.0,0.0,0.0,1266.0,0.0,17.0,1.0,16.0,0.0,0.0,167.0,0.0,3.091042453358316
51918.0,1.0,401892.0,57518.0,1.0,0.0,120382.0,0.0,48.0,1.0,37.0,1.0,0.0,225.0,0.0,4.356708826689592
21370.0,0.0,22481478.0,7465.0,0.0,3.0,0.0,0.9067,23.0,2.0,21.0,0.0,0.0,600.0,0.0,6.752270376141742
27516.0,0.0,3749846.0,26488.0,0.0,1.0,0.0,1.18,26.0,1.0,24.0,0.0,0.0,72.0,0.0,3.044522437723423
17432.0,1.0,2216094.0,52115.0,0.0,0.0,74.0,0.0,47.0,1.0,35.0,2.0,0.0,216.0,0.0,3.784189633918261
38064.0,1.0,7582073.0,281987.0,1.0,1.0,0.0,0.98,301.0,2.0,273.0,9.0,0.0,309.0,0.0,2.70805020110221
91177.0,0.0,4800996.0,70638.0,0.0,1.0,0.0,0.95,49.0,2.0,37.0,3.0,0.0,72.0,0.0,2.302585092994046
325725.0,1.0,18600985.0,927611.0,0.0,1.0,0.0,0.86,614.0,3.0,475.0,27.0,0.0,168.0,0.0,4.51085950651685
38998.0,0.0,24790239.0,22565.0,1.0,1.0,0.0,0.95,47.0,2.0,45.0,0.0,0.0,423.0,0.0,3.951243718581428
42354.0,0.0,15132106.0,24901.0,0.0,3.0,0.0,0.99,31.0,3.0,25.0,2.0,0.0,78.0,0.0,4.0943445622221
11004.0,1.0,4594797.0,76056.0,0.0,1.0,0.0,1.12,77.0,1.0,70.0,1.0,0.0,174.0,0.0,1.9459101490553128
846941.0,0.0,19773651.0,927611.0,0.0,1.0,0.0,0.86,614.0,3.0,475.0,27.0,0.0,168.0,0.0,4.61512051684126
1790298.0,0.0,13237508.0,1475061.0,1.0,1.0,0.0,0.78,839.0,5.0,347.0,113.0,0.0,299.0,0.0,2.3978952727983707
88805.0,0.0,5433380.0,9999.0,1.0,0.0,200389.0,0.0,7.0,1.0,6.0,0.0,0.0,42.0,0.0,3.5263605246161616
89878.0,1.0,945666.0,247493.0,0.0,1.0,0.0,0.84,324.0,9.0,302.0,1.0,0.0,250.0,0.0,2.4849066497880004
354138.0,0.0,574724.0,22419.0,1.0,0.0,197585.0,0.0,17.0,2.0,9.0,2.0,0.0,203.0,0.0,2.8903717578961645
105264.0,1.0,292600.0,110683.0,1.0,2.0,0.0,0.925,73.0,2.0,58.0,2.0,0.0,80.0,0.0,3.912023005428146
47854.0,0.0,781299.0,10488.0,0.0,1.0,0.0,0.84,12.0,4.0,7.0,0.0,0.0,333.0,0.0,4.465908118654584
110426.0,1.0,6482417.0,200054.0,1.0,1.0,0.0,0.84,127.0,2.0,94.0,6.0,0.0,585.0,0.0,4.890349128221754
10855.0,0.0,15185315.0,24901.0,0.0,3.0,0.0,0.99,31.0,3.0,25.0,2.0,0.0,78.0,0.0,4.919980925828125
161802.0,1.0,2378402.0,324575.0,0.0,1.0,0.0,0.86,338.0,4.0,280.0,18.0,0.0,217.0,0.0,4.430816798843313
182854.0,0.0,4907932.0,23244.0,0.0,0.0,148072.0,0.0,23.0,1.0,22.0,0.0,0.0,371.0,0.0,2.19722457733622
1544746.0,0.0,13629714.0,24901.0,1.0,3.0,0.0,0.99,31.0,3.0,25.0,2.0,0.0,78.0,0.0,5.455321115357702
413025.0,0.0,23976494.0,429238.0,0.0,1.0,0.0,0.76,302.0,5.0,200.0,20.0,0.0,238.0,0.0,3.555348061489413
8500.0,0.0,3653573.0,185746.0,0.0,1.0,0.0,0.79,339.0,8.0,328.0,0.0,0.0,97.0,0.0,3.9318256327243257
8414.0,1.0,486589.0,125097.0,1.0,1.0,0.0,0.84,93.0,1.0,66.0,7.0,0.0,481.0,0.0,3.58351893845611
665704.0,0.0,14508756.0,24901.0,0.0,3.0,0.0,0.99,31.0,3.0,25.0,2.0,0.0,78.0,0.0,2.70805020110221
131138.0,0.0,25001440.0,80048.0,0.0,1.0,0.0,0.8,66.0,4.0,49.0,2.0,0.0,740.0,0.0,5.267858159063328
48574.0,0.0,3212252.0,5345.0,1.0,2.0,0.0,0.8,16.0,2.0,14.0,0.0,0.0,330.0,0.0,4.61512051684126
59051.0,1.0,6401657.0,394295.0,0.0,1.0,0.0,0.87,336.0,2.0,260.0,23.0,0.0,145.0,0.0,5.3981627015177525
354725.0,0.0,575311.0,22419.0,1.0,0.0,197585.0,0.0,17.0,2.0,9.0,2.0,0.0,203.0,0.0,2.3978952727983707
210407.0,0.0,430993.0,22419.0,0.0,0.0,197585.0,0.0,17.0,2.0,9.0,2.0,0.0,203.0,0.0,4.060443010546419
92704.0,0.0,5939556.0,51808.0,1.0,1.0,0.0,1.05,47.0,1.0,39.0,0.0,0.0,123.0,0.0,2.70805020110221
311265.0,0.0,23874734.0,429238.0,0.0,1.0,0.0,0.76,302.0,5.0,200.0,20.0,0.0,238.0,0.0,3.713572066704308
926569.0,0.0,19889926.0,5269.0,1.0,1.0,0.0,0.88,14.0,2.0,12.0,0.0,0.0,84.0,0.0,4.394449154672439
290441.0,1.0,6040762.0,611853.0,1.0,2.0,0.0,0.78,517.0,2.0,306.0,45.0,0.0,115.0,0.0,3.295836866004329
21443.0,1.0,1467890.0,95324.0,1.0,1.0,0.0,1.13,56.0,2.0,41.0,3.0,0.0,74.0,0.0,4.51085950651685
64207.0,1.0,2938271.0,8803.0,1.0,1.0,0.0,0.92,25.0,1.0,24.0,0.0,0.0,88.0,0.0,3.367295829986474
36884.0,1.0,4855289.0,70638.0,0.0,1.0,0.0,0.95,49.0,2.0,37.0,3.0,0.0,72.0,0.0,5.472270673671475
10795.0,0.0,2884859.0,8803.0,0.0,1.0,0.0,0.92,25.0,1.0,24.0,0.0,0.0,88.0,0.0,3.713572066704308
62298.0,0.0,3217894.0,183782.0,0.0,1.0,0.0,0.88,207.0,1.0,195.0,0.0,0.0,153.0,0.0,2.302585092994046
35277.0,0.0,185309.0,22419.0,0.0,0.0,197585.0,0.0,17.0,2.0,9.0,2.0,0.0,203.0,0.0,2.302585092994046
470282.0,0.0,18493075.0,5269.0,0.0,1.0,0.0,0.88,14.0,2.0,12.0,0.0,0.0,84.0,0.0,3.091042453358316
423673.0,1.0,11023537.0,1475061.0,0.0,1.0,0.0,0.78,839.0,5.0,347.0,113.0,0.0,299.0,0.0,4.844187086458591
94631.0,0.0,577546.0,233867.0,1.0,1.0,0.0,1.0,155.0,7.0,113.0,9.0,0.0,204.0,0.0,3.5263605246161616
54539.0,0.0,1463354.0,19301.0,0.0,1.0,0.0,0.83,26.0,2.0,23.0,0.0,0.0,51.0,0.0,3.4011973816621555
14395.0,1.0,7274254.0,394619.0,1.0,1.0,0.0,0.89,385.0,1.0,334.0,8.0,0.0,170.0,0.0,6.234410725718371
560131.0,0.0,26665266.0,239436.0,1.0,1.0,0.0,0.83,250.0,5.0,228.0,1.0,0.0,210.0,0.0,4.574710978503383
615801.0,0.0,26609596.0,239436.0,1.0,1.0,0.0,0.83,250.0,5.0,228.0,1.0,0.0,210.0,0.0,2.70805020110221
494638.0,0.0,26325825.0,448833.0,1.0,2.0,0.0,0.92,446.0,1.0,405.0,6.0,0.0,204.0,0.0,4.700480365792417
264453.0,0.0,23922212.0,44883.0,0.0,1.0,0.0,1.05,30.0,1.0,22.0,2.0,0.0,74.0,0.0,3.9318256327243257
81176.0,0.0,4973349.0,70638.0,1.0,1.0,0.0,0.95,49.0,2.0,37.0,3.0,0.0,72.0,0.0,3.367295829986474
402696.0,0.0,23966165.0,429238.0,1.0,1.0,0.0,0.76,302.0,5.0,200.0,20.0,0.0,238.0,0.0,3.6635616461296463
362828.0,1.0,6392896.0,749455.0,1.0,1.0,0.0,0.91,434.0,2.0,202.0,68.0,0.0,68.0,0.0,2.302585092994046
442470.0,0.0,1676804.0,144288.0,1.0,0.0,20200.0,0.0,73.0,1.0,42.0,6.0,0.0,1090.0,0.0,4.394449154672439
157669.0,1.0,2382535.0,324575.0,0.0,1.0,0.0,0.86,338.0,4.0,280.0,18.0,0.0,217.0,0.0,5.488937726156687
31229.0,0.0,5553414.0,9999.0,0.0,0.0,200389.0,0.0,7.0,1.0,6.0,0.0,0.0,42.0,0.0,3.58351893845611
454978.0,0.0,19381688.0,927611.0,1.0,1.0,0.0,0.86,614.0,3.0,475.0,27.0,0.0,168.0,0.0,3.091042453358316
297527.0,0.0,23860996.0,429238.0,0.0,1.0,0.0,0.76,302.0,5.0,200.0,20.0,0.0,238.0,0.0,5.2832037287379885
33750.0,0.0,1306040.0,5602.0,1.0,1.0,0.0,0.94,9.0,2.0,7.0,0.0,0.0,104.0,0.0,3.555348061489413
508989.0,0.0,25260230.0,22565.0,0.0,1.0,0.0,0.95,47.0,2.0,45.0,0.0,0.0,423.0,0.0,3.58351893845611
44341.0,0.0,784812.0,10488.0,0.0,1.0,0.0,0.84,12.0,4.0,7.0,0.0,0.0,333.0,0.0,2.19722457733622
21815.0,1.0,59430.0,157128.0,1.0,1.0,0.0,1.24,88.0,4.0,59.0,3.0,0.0,94.0,0.0,4.110873864173311
281590.0,0.0,891060.0,33425.0,1.0,2.0,0.0,0.89,50.0,1.0,40.0,4.0,0.0,1345.0,0.0,4.394449154672439
156040.0,0.0,516137.0,233867.0,0.0,1.0,0.0,1.0,155.0,7.0,113.0,9.0,0.0,204.0,0.0,2.70805020110221
251556.0,0.0,19214913.0,5269.0,1.0,1.0,0.0,0.88,14.0,2.0,12.0,0.0,0.0,84.0,0.0,3.295836866004329
543676.0,0.0,2083508.0,730752.0,1.0,5.0,0.0,0.972,416.0,8.0,251.0,22.0,0.0,327.0,0.0,2.19722457733622
417885.0,1.0,4603780.0,703986.0,0.0,1.0,0.0,0.95,476.0,2.0,230.0,55.0,0.0,139.0,0.0,2.833213344056216
170112.0,0.0,24921353.0,22565.0,0.0,1.0,0.0,0.95,47.0,2.0,45.0,0.0,0.0,423.0,0.0,5.225746673713202
37978.0,1.0,5994282.0,51808.0,0.0,1.0,0.0,1.05,47.0,1.0,39.0,0.0,0.0,123.0,0.0,3.332204510175204
76102.0,1.0,24946404.0,80048.0,0.0,1.0,0.0,0.8,66.0,4.0,49.0,2.0,0.0,740.0,0.0,2.833213344056216
56627.0,0.0,3702579.0,293196.0,1.0,1.0,0.0,0.99,464.0,4.0,416.0,6.0,0.0,122.0,0.0,4.02535169073515
510086.0,0.0,26469512.0,6230.0,1.0,1.0,0.0,0.97,14.0,1.0,13.0,0.0,0.0,136.0,0.0,2.079441541679836
544579.0,0.0,23018890.0,429238.0,0.0,1.0,0.0,0.76,302.0,5.0,200.0,20.0,0.0,238.0,0.0,2.079441541679836
248058.0,0.0,4973136.0,23244.0,0.0,0.0,148072.0,0.0,23.0,1.0,22.0,0.0,0.0,371.0,0.0,3.295836866004329
526360.0,0.0,19453070.0,927611.0,1.0,1.0,0.0,0.86,614.0,3.0,475.0,27.0,0.0,168.0,0.0,6.626717749249025
4792.0,1.0,676969.0,233867.0,0.0,1.0,0.0,1.0,155.0,7.0,113.0,9.0,0.0,204.0,0.0,5.003946305945459
831179.0,0.0,19757889.0,927611.0,1.0,1.0,0.0,0.86,614.0,3.0,475.0,27.0,0.0,168.0,0.0,4.859812404361672
380014.0,1.0,11067196.0,1475061.0,1.0,1.0,0.0,0.78,839.0,5.0,347.0,113.0,0.0,299.0,0.0,3.332204510175204
16669.0,1.0,25835305.0,34597.0,1.0,1.0,0.0,1.11,35.0,3.0,32.0,0.0,0.0,59.0,0.0,2.4849066497880004
46403.0,1.0,3267803.0,48140.0,1.0,1.0,0.0,0.86,27.0,1.0,19.0,2.0,0.0,111.0,0.0,4.430816798843313
94145.0,1.0,3836114.0,24238.0,1.0,1.0,0.0,0.84,36.0,1.0,35.0,0.0,0.0,40.0,0.0,2.6390573296152584
2205.0,0.0,25150349.0,66555.0,0.0,1.0,0.0,1.11,57.0,7.0,49.0,0.0,0.0,44.0,0.0,3.258096538021482
336068.0,0.0,1834130.0,72008.0,0.0,1.0,0.0,0.95,80.0,1.0,74.0,1.0,0.0,151.0,0.0,2.8903717578961645
59461.0,0.0,3242753.0,164464.0,0.0,1.0,0.0,1.04,151.0,3.0,133.0,4.0,0.0,52.0,0.0,4.060443010546419
82241.0,0.0,4175236.0,69035.0,1.0,1.0,0.0,0.89,84.0,1.0,66.0,4.0,0.0,148.0,0.0,2.70805020110221
831028.0,0.0,18132329.0,5269.0,1.0,1.0,0.0,0.88,14.0,2.0,12.0,0.0,0.0,84.0,0.0,5.181783550292085
217925.0,0.0,7854048.0,111945.0,0.0,1.0,0.0,0.99,167.0,3.0,163.0,0.0,0.0,931.0,0.0,4.060443010546419
44575.0,1.0,25265651.0,111164.0,0.0,0.0,50884.0,0.0,80.0,1.0,47.0,12.0,0.0,97.0,0.0,2.6390573296152584
65381.0,1.0,6407987.0,394295.0,0.0,1.0,0.0,0.87,336.0,2.0,260.0,23.0,0.0,145.0,0.0,2.9444389791664403
47959.0,0.0,2922023.0,8803.0,1.0,1.0,0.0,0.92,25.0,1.0,24.0,0.0,0.0,88.0,0.0,5.3612921657094255
24106.0,0.0,1668047.0,24593.0,1.0,1.0,0.0,1.02,31.0,4.0,25.0,0.0,0.0,540.0,0.0,3.8501476017100575
69504.0,1.0,2521486.0,74511.0,0.0,0.0,63163.0,0.0,83.0,1.0,68.0,2.0,0.0,45.0,0.0,4.3694478524670215
22496.0,0.0,1317294.0,5602.0,0.0,1.0,0.0,0.94,9.0,2.0,7.0,0.0,0.0,104.0,0.0,3.258096538021482
1756409.0,0.0,13203619.0,1475061.0,1.0,1.0,0.0,0.78,839.0,5.0,347.0,113.0,0.0,299.0,0.0,6.625392368007956
285150.0,1.0,6470574.0,749455.0,1.0,1.0,0.0,0.91,434.0,2.0,202.0,68.0,0.0,68.0,0.0,2.833213344056216
39733.0,0.0,3278923.0,302818.0,0.0,3.0,0.0,0.94,368.0,2.0,313.0,11.0,0.0,179.0,0.0,2.9444389791664403
414223.0,0.0,22917071.0,7465.0,1.0,3.0,0.0,0.9067,23.0,2.0,21.0,0.0,0.0,600.0,0.0,2.3978952727983707
29370.0,0.0,8103916.0,2923.0,1.0,1.0,0.0,0.99,10.0,1.0,9.0,0.0,0.0,226.0,0.0,2.70805020110221
292636.0,0.0,12819478.0,6164.0,1.0,0.0,1011774.0,0.0,11.0,1.0,9.0,0.0,0.0,67.0,0.0,3.784189633918261
294613.0,0.0,4016943.0,26488.0,1.0,1.0,0.0,1.18,26.0,1.0,24.0,0.0,0.0,72.0,0.0,3.4657359027997265
300977.0,0.0,24122917.0,19262.0,0.0,1.0,0.0,0.99,8.0,1.0,6.0,0.0,0.0,49.0,0.0,5.19295685089021
276373.0,0.0,22779221.0,7465.0,1.0,3.0,0.0,0.9067,23.0,2.0,21.0,0.0,0.0,600.0,0.0,4.770684624465665
118143.0,1.0,2638673.0,441422.0,1.0,1.0,0.0,0.82,400.0,1.0,332.0,13.0,0.0,86.0,0.0,3.091042453358316
1082.0,0.0,1691071.0,24593.0,1.0,1.0,0.0,1.02,31.0,4.0,25.0,0.0,0.0,540.0,0.0,4.465908118654584
57917.0,1.0,6697807.0,749455.0,1.0,1.0,0.0,0.91,434.0,2.0,202.0,68.0,0.0,68.0,0.0,3.610917912644224
543639.0,0.0,19470349.0,927611.0,1.0,1.0,0.0,0.86,614.0,3.0,475.0,27.0,0.0,168.0,0.0,4.787491742782046
63304.0,1.0,6405910.0,394295.0,1.0,1.0,0.0,0.87,336.0,2.0,260.0,23.0,0.0,145.0,0.0,3.6635616461296463
32322.0,0.0,526151.0,19894.0,0.0,1.0,0.0,1.06,15.0,1.0,12.0,1.0,0.0,72.0,0.0,3.4339872044851463
779506.0,0.0,19706216.0,927611.0,1.0,1.0,0.0,0.86,614.0,3.0,475.0,27.0,0.0,168.0,0.0,5.327876168789581
89470.0,1.0,127085.0,157128.0,0.0,1.0,0.0,1.24,88.0,4.0,59.0,3.0,0.0,94.0,0.0,3.871201010907891
72740.0,1.0,2946804.0,8803.0,1.0,1.0,0.0,0.92,25.0,1.0,24.0,0.0,0.0,88.0,0.0,2.70805020110221
87278.0,0.0,6758925.0,13345.0,1.0,1.0,0.0,1.05,32.0,2.0,30.0,0.0,0.0,200.0,0.0,4.875197323201151
195324.0,1.0,2344880.0,324575.0,1.0,1.0,0.0,0.86,338.0,4.0,280.0,18.0,0.0,217.0,0.0,3.912023005428146
24453.0,0.0,567031.0,111490.0,0.0,1.0,0.0,0.86,77.0,1.0,66.0,2.0,0.0,122.0,0.0,2.995732273553991
397132.0,0.0,7955394.0,111945.0,0.0,1.0,0.0,0.99,167.0,3.0,163.0,0.0,0.0,931.0,0.0,4.543294782270004
76819.0,1.0,748996.0,233867.0,1.0,1.0,0.0,1.0,155.0,7.0,113.0,9.0,0.0,204.0,0.0,3.58351893845611
434728.0,0.0,23128741.0,429238.0,1.0,1.0,0.0,0.76,302.0,5.0,200.0,20.0,0.0,238.0,0.0,1.6094379124341005
81295.0,0.0,1520313.0,51594.0,0.0,0.0,37936.0,0.0,80.0,2.0,78.0,0.0,0.0,225.0,0.0,3.091042453358316
260390.0,0.0,17299538.0,13893.0,0.0,0.0,1864631.0,0.0,10.0,2.0,8.0,0.0,0.0,168.0,0.0,2.833213344056216
25050.0,1.0,10993242.0,43655.0,0.0,9.0,0.0,0.7778,98.0,1.0,94.0,0.0,0.0,543.0,0.0,4.143134726391533
446711.0,0.0,16592437.0,13893.0,1.0,0.0,1864631.0,0.0,10.0,2.0,8.0,0.0,0.0,168.0,0.0,2.772588722239781
34881.0,0.0,2829166.0,4981.0,1.0,2.0,0.0,0.895,14.0,1.0,13.0,0.0,0.0,331.0,0.0,4.174387269895637
18300.0,1.0,3220890.0,302818.0,0.0,3.0,0.0,0.94,368.0,2.0,313.0,11.0,0.0,179.0,0.0,3.091042453358316
5421.0,0.0,714008.0,685926.0,1.0,3.0,0.0,0.93,464.0,2.0,300.0,34.0,0.0,74.0,0.0,2.302585092994046
1196769.0,0.0,13977691.0,24901.0,1.0,3.0,0.0,0.99,31.0,3.0,25.0,2.0,0.0,78.0,0.0,2.3978952727983707
108450.0,0.0,6737753.0,13345.0,0.0,1.0,0.0,1.05,32.0,2.0,30.0,0.0,0.0,200.0,0.0,2.302585092994046
50680.0,1.0,18876030.0,927611.0,0.0,1.0,0.0,0.86,614.0,3.0,475.0,27.0,0.0,168.0,0.0,2.9444389791664403
280904.0,0.0,12373626.0,177422.0,0.0,1.0,0.0,0.93,85.0,5.0,47.0,11.0,0.0,112.0,0.0,4.406719247264253
519272.0,0.0,19445982.0,927611.0,0.0,1.0,0.0,0.86,614.0,3.0,475.0,27.0,0.0,168.0,0.0,5.998936561946683
257288.0,0.0,12350010.0,177422.0,1.0,1.0,0.0,0.93,85.0,5.0,47.0,11.0,0.0,112.0,0.0,3.258096538021482
1406200.0,0.0,13768260.0,24901.0,1.0,3.0,0.0,0.99,31.0,3.0,25.0,2.0,0.0,78.0,0.0,2.3978952727983707
610675.0,0.0,21194083.0,407899.0,1.0,1.0,0.0,0.82,151.0,4.0,68.0,22.0,0.0,275.0,0.0,3.713572066704308
319633.0,0.0,22822481.0,7465.0,0.0,3.0,0.0,0.9067,23.0,2.0,21.0,0.0,0.0,600.0,0.0,2.19722457733622
118892.0,0.0,15055568.0,24901.0,1.0,3.0,0.0,0.99,31.0,3.0,25.0,2.0,0.0,78.0,0.0,2.772588722239781
21422.0,1.0,1525385.0,29024.0,0.0,1.0,0.0,0.91,21.0,2.0,19.0,0.0,0.0,128.0,0.0,2.302585092994046
559560.0,0.0,19486270.0,927611.0,1.0,1.0,0.0,0.86,614.0,3.0,475.0,27.0,0.0,168.0,0.0,2.8903717578961645
18423.0,0.0,1306306.0,6378.0,0.0,0.0,42494.0,0.0,9.0,1.0,7.0,0.0,0.0,56.0,0.0,2.4849066497880004
642781.0,0.0,17681929.0,13893.0,1.0,0.0,1864631.0,0.0,10.0,2.0,8.0,0.0,0.0,168.0,0.0,2.833213344056216
16975.0,0.0,4708103.0,23244.0,0.0,0.0,148072.0,0.0,23.0,1.0,22.0,0.0,0.0,371.0,0.0,3.218875824868201
43871.0,0.0,628306.0,233867.0,1.0,1.0,0.0,1.0,155.0,7.0,113.0,9.0,0.0,204.0,0.0,2.995732273553991
185727.0,0.0,23625081.0,94653.0,0.0,1.0,0.0,0.94,76.0,4.0,63.0,2.0,0.0,70.0,0.0,4.060443010546419
23094.0,1.0,3744050.0,8909.0,1.0,0.0,12260.0,0.0,9.0,0.0,5.0,0.0,0.0,192.0,0.0,3.713572066704308
1694592.0,0.0,13479868.0,24901.0,0.0,3.0,0.0,0.99,31.0,3.0,25.0,2.0,0.0,78.0,0.0,3.951243718581428
34664.0,1.0,460339.0,125097.0,1.0,1.0,0.0,0.84,93.0,1.0,66.0,7.0,0.0,481.0,0.0,4.060443010546419
76122.0,1.0,2950186.0,8803.0,0.0,1.0,0.0,0.92,25.0,1.0,24.0,0.0,0.0,88.0,0.0,2.079441541679836
313335.0,0.0,26144522.0,448833.0,1.0,2.0,0.0,0.92,446.0,1.0,405.0,6.0,0.0,204.0,0.0,3.9889840465642745
96375.0,1.0,5407718.0,106004.0,0.0,1.0,0.0,0.82,84.0,2.0,62.0,3.0,0.0,151.0,0.0,5.786897381366708
24814.0,0.0,5546999.0,9999.0,1.0,0.0,200389.0,0.0,7.0,1.0,6.0,0.0,0.0,42.0,0.0,3.58351893845611
95583.0,0.0,1807102.0,5668.0,1.0,0.0,17747.0,0.0,4.0,1.0,3.0,0.0,0.0,64.0,0.0,4.564348191467836
186316.0,0.0,26017503.0,448833.0,1.0,2.0,0.0,0.92,446.0,1.0,405.0,6.0,0.0,204.0,0.0,3.555348061489413
418418.0,0.0,23981887.0,429238.0,1.0,1.0,0.0,0.76,302.0,5.0,200.0,20.0,0.0,238.0,0.0,2.9444389791664403
540716.0,0.0,26684681.0,239436.0,0.0,1.0,0.0,0.83,250.0,5.0,228.0,1.0,0.0,210.0,0.0,3.610917912644224
728655.0,0.0,12197306.0,23144.0,0.0,1.0,0.0,1.1,19.0,1.0,15.0,0.0,0.0,80.0,0.0,6.563855526532128
1321289.0,0.0,20247999.0,927611.0,1.0,1.0,0.0,0.86,614.0,3.0,475.0,27.0,0.0,168.0,0.0,3.80666248977032
303708.0,0.0,22108466.0,407899.0,1.0,1.0,0.0,0.82,151.0,4.0,68.0,22.0,0.0,275.0,0.0,3.044522437723423
204493.0,0.0,3368171.0,5345.0,1.0,2.0,0.0,0.8,16.0,2.0,14.0,0.0,0.0,330.0,0.0,2.833213344056216
14901.0,1.0,6357507.0,394295.0,1.0,1.0,0.0,0.87,336.0,2.0,260.0,23.0,0.0,145.0,0.0,3.871201010907891
267348.0,0.0,23830817.0,429238.0,0.0,1.0,0.0,0.76,302.0,5.0,200.0,20.0,0.0,238.0,0.0,3.784189633918261
1162.0,1.0,2199824.0,52115.0,0.0,0.0,74.0,0.0,47.0,1.0,35.0,2.0,0.0,216.0,0.0,3.044522437723423
79064.0,1.0,3160126.0,302818.0,1.0,3.0,0.0,0.94,368.0,2.0,313.0,11.0,0.0,179.0,0.0,2.8903717578961645
237924.0,0.0,3401602.0,5345.0,0.0,2.0,0.0,0.8,16.0,2.0,14.0,0.0,0.0,330.0,0.0,4.110873864173311
88433.0,1.0,4004562.0,69035.0,0.0,1.0,0.0,0.89,84.0,1.0,66.0,4.0,0.0,148.0,0.0,2.4849066497880004
791501.0,0.0,14382959.0,24901.0,1.0,3.0,0.0,0.99,31.0,3.0,25.0,2.0,0.0,78.0,0.0,2.19722457733622
200983.0,0.0,3364661.0,5345.0,1.0,2.0,0.0,0.8,16.0,2.0,14.0,0.0,0.0,330.0,0.0,3.9318256327243257
743110.0,0.0,12211761.0,23144.0,0.0,1.0,0.0,1.1,19.0,1.0,15.0,0.0,0.0,80.0,0.0,3.828641396489095
31458.0,1.0,4860715.0,70638.0,0.0,1.0,0.0,0.95,49.0,2.0,37.0,3.0,0.0,72.0,0.0,3.218875824868201
699471.0,0.0,12168122.0,23144.0,0.0,1.0,0.0,1.1,19.0,1.0,15.0,0.0,0.0,80.0,0.0,2.3978952727983707
73094.0,0.0,5449091.0,9999.0,1.0,0.0,200389.0,0.0,7.0,1.0,6.0,0.0,0.0,42.0,0.0,2.8903717578961645
246714.0,0.0,23810183.0,429238.0,1.0,1.0,0.0,0.76,302.0,5.0,200.0,20.0,0.0,238.0,0.0,2.5649493574615367
41535.0,0.0,5563720.0,9999.0,1.0,0.0,200389.0,0.0,7.0,1.0,6.0,0.0,0.0,42.0,0.0,3.713572066704308
362524.0,0.0,24061370.0,19262.0,0.0,1.0,0.0,0.99,8.0,1.0,6.0,0.0,0.0,49.0,0.0,2.6390573296152584
743464.0,1.0,18183246.0,927611.0,0.0,1.0,0.0,0.86,614.0,3.0,475.0,27.0,0.0,168.0,0.0,2.70805020110221
32546.0,1.0,3206644.0,302818.0,1.0,3.0,0.0,0.94,368.0,2.0,313.0,11.0,0.0,179.0,0.0,4.219507705176107
123874.0,1.0,1626857.0,148489.0,1.0,1.0,0.0,0.96,128.0,1.0,107.0,1.0,0.0,108.0,0.0,3.332204510175204
190750.0,1.0,2349454.0,324575.0,0.0,1.0,0.0,0.86,338.0,4.0,280.0,18.0,0.0,217.0,0.0,2.6390573296152584
65493.0,1.0,2939557.0,8803.0,0.0,1.0,0.0,0.92,25.0,1.0,24.0,0.0,0.0,88.0,0.0,2.302585092994046
69772.0,1.0,3638659.0,81730.0,0.0,1.0,0.0,0.82,100.0,3.0,86.0,3.0,0.0,398.0,0.0,4.672828834461906
58650.0,0.0,613527.0,233867.0,1.0,1.0,0.0,1.0,155.0,7.0,113.0,9.0,0.0,204.0,0.0,3.912023005428146
64429.0,0.0,24815670.0,22565.0,0.0,1.0,0.0,0.95,47.0,2.0,45.0,0.0,0.0,423.0,0.0,2.19722457733622
592259.0,1.0,10854951.0,1475061.0,0.0,1.0,0.0,0.78,839.0,5.0,347.0,113.0,0.0,299.0,0.0,2.833213344056216
14551.0,1.0,6977917.0,65768.0,0.0,1.0,0.0,1.01,58.0,1.0,55.0,0.0,0.0,54.0,0.0,4.007333185232471
201206.0,0.0,26032393.0,448833.0,0.0,2.0,0.0,0.92,446.0,1.0,405.0,6.0,0.0,204.0,0.0,3.218875824868201
13288.0,0.0,1338017.0,6378.0,0.0,0.0,42494.0,0.0,9.0,1.0,7.0,0.0,0.0,56.0,0.0,2.995732273553991
8225.0,1.0,3253788.0,15369.0,1.0,1.0,0.0,0.71,12.0,1.0,5.0,4.0,0.0,184.0,0.0,3.4657359027997265
96298.0,1.0,301566.0,110683.0,1.0,2.0,0.0,0.925,73.0,2.0,58.0,2.0,0.0,80.0,0.0,2.4849066497880004
141070.0,1.0,412299.0,191707.0,1.0,1.0,0.0,1.22,127.0,1.0,91.0,8.0,0.0,480.0,0.0,4.700480365792417
56041.0,1.0,6398647.0,394295.0,0.0,1.0,0.0,0.87,336.0,2.0,260.0,23.0,0.0,145.0,0.0,4.465908118654584
445576.0,0.0,22250334.0,407899.0,1.0,1.0,0.0,0.82,151.0,4.0,68.0,22.0,0.0,275.0,0.0,4.110873864173311
1141679.0,0.0,17785031.0,927611.0,0.0,1.0,0.0,0.86,614.0,3.0,475.0,27.0,0.0,168.0,0.0,4.158883083359672
6386.0,1.0,725815.0,685926.0,0.0,3.0,0.0,0.93,464.0,2.0,300.0,34.0,0.0,74.0,0.0,3.044522437723423
101402.0,0.0,5420783.0,9999.0,1.0,0.0,200389.0,0.0,7.0,1.0,6.0,0.0,0.0,42.0,0.0,4.5217885770490405
255945.0,0.0,23819414.0,429238.0,1.0,1.0,0.0,0.76,302.0,5.0,200.0,20.0,0.0,238.0,0.0,3.555348061489413
8767.0,0.0,549706.0,19894.0,1.0,1.0,0.0,1.06,15.0,1.0,12.0,1.0,0.0,72.0,0.0,1.9459101490553128
50542.0,1.0,347322.0,110683.0,1.0,2.0,0.0,0.925,73.0,2.0,58.0,2.0,0.0,80.0,0.0,3.1354942159291497
1597509.0,0.0,13576951.0,24901.0,1.0,3.0,0.0,0.99,31.0,3.0,25.0,2.0,0.0,78.0,0.0,2.19722457733622
20335.0,0.0,5304104.0,36273.0,0.0,0.0,270690.0,0.0,22.0,1.0,21.0,0.0,0.0,1211.0,0.0,4.7535901911063645
719489.0,0.0,14454971.0,24901.0,1.0,3.0,0.0,0.99,31.0,3.0,25.0,2.0,0.0,78.0,0.0,2.079441541679836
16376.0,1.0,3692055.0,81730.0,0.0,1.0,0.0,0.82,100.0,3.0,86.0,3.0,0.0,398.0,0.0,3.332204510175204
104167.0,0.0,5928093.0,51808.0,0.0,1.0,0.0,1.05,47.0,1.0,39.0,0.0,0.0,123.0,0.0,3.737669618283368
7819.0,0.0,7101347.0,4735.0,1.0,1.0,0.0,0.85,7.0,1.0,6.0,0.0,0.0,37.0,0.0,2.302585092994046
223518.0,0.0,2843554.0,25167.0,0.0,0.0,1002026.0,0.0,13.0,0.0,5.0,3.0,0.0,50.0,0.0,2.995732273553991
108812.0,0.0,6831940.0,33888.0,1.0,1.0,0.0,1.01,54.0,2.0,52.0,0.0,0.0,590.0,0.0,2.9444389791664403
271170.0,0.0,23834639.0,429238.0,0.0,1.0,0.0,0.76,302.0,5.0,200.0,20.0,0.0,238.0,0.0,5.375278407684165
341438.0,0.0,22844286.0,7465.0,0.0,3.0,0.0,0.9067,23.0,2.0,21.0,0.0,0.0,600.0,0.0,3.4011973816621555
38393.0,0.0,681036.0,685926.0,1.0,3.0,0.0,0.93,464.0,2.0,300.0,34.0,0.0,74.0,0.0,4.584967478670572
396765.0,0.0,617351.0,22419.0,0.0,0.0,197585.0,0.0,17.0,2.0,9.0,2.0,0.0,203.0,0.0,3.828641396489095
628198.0,1.0,4350528.0,26488.0,0.0,1.0,0.0,1.18,26.0,1.0,24.0,0.0,0.0,72.0,0.0,2.6390573296152584
17875.0,1.0,6014385.0,51808.0,1.0,1.0,0.0,1.05,47.0,1.0,39.0,0.0,0.0,123.0,0.0,2.8903717578961645
463895.0,0.0,17503043.0,13893.0,1.0,0.0,1864631.0,0.0,10.0,2.0,8.0,0.0,0.0,168.0,0.0,3.610917912644224
906857.0,1.0,10525881.0,1181213.0,0.0,1.0,0.0,0.77,966.0,3.0,683.0,63.0,0.0,298.0,0.0,4.77912349311153
50132.0,1.0,25098012.0,66555.0,0.0,1.0,0.0,1.11,57.0,7.0,49.0,0.0,0.0,44.0,0.0,3.1354942159291497
587595.0,0.0,19514305.0,927611.0,0.0,1.0,0.0,0.86,614.0,3.0,475.0,27.0,0.0,168.0,0.0,3.828641396489095
485373.0,0.0,25236614.0,22565.0,1.0,1.0,0.0,0.95,47.0,2.0,45.0,0.0,0.0,423.0,0.0,4.624972813284271
12807.0,0.0,245078.0,47047.0,0.0,1.0,0.0,0.82,74.0,5.0,69.0,0.0,0.0,105.0,0.0,2.302585092994046
374210.0,0.0,594796.0,22419.0,1.0,0.0,197585.0,0.0,17.0,2.0,9.0,2.0,0.0,203.0,0.0,2.995732273553991
35498.0,0.0,2828549.0,4981.0,1.0,2.0,0.0,0.895,14.0,1.0,13.0,0.0,0.0,331.0,0.0,3.367295829986474
17610.0,1.0,3881892.0,46371.0,0.0,1.0,0.0,0.65,27.0,1.0,16.0,4.0,0.0,240.0,0.0,4.204692619390966
21199.0,0.0,4724865.0,313011.0,0.0,2.0,0.0,0.89,429.0,8.0,392.0,6.0,0.0,115.0,0.0,2.079441541679836
485823.0,0.0,17524971.0,13893.0,0.0,0.0,1864631.0,0.0,10.0,2.0,8.0,0.0,0.0,168.0,0.0,4.51085950651685
219489.0,0.0,7560030.0,136039.0,0.0,1.0,0.0,0.9,91.0,1.0,68.0,5.0,0.0,495.0,0.0,3.4657359027997265
159774.0,0.0,509748.0,57518.0,0.0,0.0,120382.0,0.0,48.0,1.0,37.0,1.0,0.0,225.0,0.0,3.49650756146648
48258.0,1.0,6390864.0,394295.0,0.0,1.0,0.0,0.87,336.0,2.0,260.0,23.0,0.0,145.0,0.0,4.248495242049359
298220.0,0.0,23861689.0,429238.0,0.0,1.0,0.0,0.76,302.0,5.0,200.0,20.0,0.0,238.0,0.0,2.3978952727983707
373691.0,0.0,23937160.0,429238.0,0.0,1.0,0.0,0.76,302.0,5.0,200.0,20.0,0.0,238.0,0.0,2.3978952727983707
526352.0,0.0,3146388.0,25167.0,0.0,0.0,1002026.0,0.0,13.0,0.0,5.0,3.0,0.0,50.0,0.0,2.5649493574615367
102779.0,0.0,3348543.0,91994.0,1.0,1.0,0.0,0.89,60.0,1.0,38.0,3.0,0.0,101.0,0.0,3.912023005428146
30162.0,1.0,2948364.0,327269.0,1.0,2.0,0.0,0.785,444.0,6.0,417.0,5.0,0.0,68.0,0.0,4.882801922586371
227738.0,0.0,448324.0,22419.0,0.0,0.0,197585.0,0.0,17.0,2.0,9.0,2.0,0.0,203.0,0.0,4.174387269895637
81400.0,0.0,5440785.0,9999.0,0.0,0.0,200389.0,0.0,7.0,1.0,6.0,0.0,0.0,42.0,0.0,4.143134726391533
56243.0,0.0,6619542.0,24946.0,0.0,0.0,46680.0,0.0,18.0,0.0,8.0,2.0,0.0,73.0,0.0,3.688879454113936
645853.0,0.0,1974183.0,25167.0,1.0,0.0,1002026.0,0.0,13.0,0.0,5.0,3.0,0.0,50.0,0.0,4.812184355372417
298114.0,0.0,22800962.0,7465.0,1.0,3.0,0.0,0.9067,23.0,2.0,21.0,0.0,0.0,600.0,0.0,3.49650756146648
406857.0,0.0,25158098.0,22565.0,1.0,1.0,0.0,0.95,47.0,2.0,45.0,0.0,0.0,423.0,0.0,3.4339872044851463
240872.0,0.0,461458.0,22419.0,1.0,0.0,197585.0,0.0,17.0,2.0,9.0,2.0,0.0,203.0,0.0,3.4011973816621555
58682.0,1.0,3340838.0,117737.0,0.0,3.0,0.0,1.2433,112.0,7.0,85.0,4.0,0.0,111.0,0.0,2.9444389791664403
1398259.0,0.0,17528451.0,927611.0,0.0,1.0,0.0,0.86,614.0,3.0,475.0,27.0,0.0,168.0,0.0,5.1298987149230735
137753.0,0.0,25010391.0,66555.0,0.0,1.0,0.0,1.11,57.0,7.0,49.0,0.0,0.0,44.0,0.0,2.772588722239781
545981.0,0.0,19472691.0,927611.0,0.0,1.0,0.0,0.86,614.0,3.0,475.0,27.0,0.0,168.0,0.0,4.204692619390966
439213.0,0.0,26270400.0,448833.0,0.0,2.0,0.0,0.92,446.0,1.0,405.0,6.0,0.0,204.0,0.0,3.8918202981106265
710862.0,0.0,18252495.0,5269.0,0.0,1.0,0.0,0.88,14.0,2.0,12.0,0.0,0.0,84.0,0.0,2.4849066497880004
576337.0,0.0,12044988.0,23144.0,0.0,1.0,0.0,1.1,19.0,1.0,15.0,0.0,0.0,80.0,0.0,3.332204510175204
111893.0,0.0,24982195.0,80048.0,0.0,1.0,0.0,0.8,66.0,4.0,49.0,2.0,0.0,740.0,0.0,3.6635616461296463
63351.0,0.0,178395.0,2437.0,1.0,1.0,0.0,1.01,7.0,1.0,5.0,0.0,0.0,4.0,0.0,1.3862943611198906
79741.0,1.0,5200791.0,91010.0,1.0,1.0,0.0,1.06,105.0,1.0,89.0,2.0,0.0,137.0,0.0,4.454347296253507
8608.0,0.0,1720127.0,5668.0,1.0,0.0,17747.0,0.0,4.0,1.0,3.0,0.0,0.0,64.0,0.0,4.276666119016055
323921.0,1.0,23239548.0,429238.0,0.0,1.0,0.0,0.76,302.0,5.0,200.0,20.0,0.0,238.0,0.0,3.295836866004329
9172.0,0.0,7099994.0,4735.0,1.0,1.0,0.0,0.85,7.0,1.0,6.0,0.0,0.0,37.0,0.0,4.672828834461906
22628.0,0.0,2597408.0,25167.0,0.0,0.0,1002026.0,0.0,13.0,0.0,5.0,3.0,0.0,50.0,0.0,2.302585092994046
607822.0,0.0,26617575.0,239436.0,1.0,1.0,0.0,0.83,250.0,5.0,228.0,1.0,0.0,210.0,0.0,2.995732273553991
480067.0,0.0,26311254.0,448833.0,1.0,2.0,0.0,0.92,446.0,1.0,405.0,6.0,0.0,204.0,0.0,4.127134385045092
142449.0,1.0,861878.0,685926.0,0.0,3.0,0.0,0.93,464.0,2.0,300.0,34.0,0.0,74.0,0.0,3.295836866004329
6051.0,0.0,666126.0,233867.0,0.0,1.0,0.0,1.0,155.0,7.0,113.0,9.0,0.0,204.0,0.0,4.804021044733257
45390.0,1.0,1057536.0,133152.0,0.0,1.0,0.0,0.84,87.0,2.0,69.0,2.0,0.0,274.0,0.0,3.367295829986474
800998.0,1.0,10646212.0,1475061.0,0.0,1.0,0.0,0.78,839.0,5.0,347.0,113.0,0.0,299.0,0.0,4.532599493153256
172853.0,1.0,6673350.0,13345.0,0.0,1.0,0.0,1.05,32.0,2.0,30.0,0.0,0.0,200.0,0.0,3.970291913552122
29597.0,1.0,7069557.0,47630.0,0.0,0.0,21519.0,0.0,47.0,2.0,34.0,1.0,0.0,52.0,0.0,4.812184355372417
459731.0,0.0,25210972.0,22565.0,0.0,1.0,0.0,0.95,47.0,2.0,45.0,0.0,0.0,423.0,0.0,4.770684624465665
28637.0,1.0,369227.0,110683.0,1.0,2.0,0.0,0.925,73.0,2.0,58.0,2.0,0.0,80.0,0.0,2.302585092994046
94983.0,1.0,2969047.0,8803.0,0.0,1.0,0.0,0.92,25.0,1.0,24.0,0.0,0.0,88.0,0.0,2.4849066497880004
1356096.0,0.0,21146752.0,7465.0,0.0,3.0,0.0,0.9067,23.0,2.0,21.0,0.0,0.0,600.0,0.0,5.030437921392435
14594.0,1.0,23548875.0,429238.0,0.0,1.0,0.0,0.76,302.0,5.0,200.0,20.0,0.0,238.0,0.0,3.8501476017100575
248595.0,0.0,469181.0,22419.0,0.0,0.0,197585.0,0.0,17.0,2.0,9.0,2.0,0.0,203.0,0.0,2.19722457733622
24333.0,0.0,5308102.0,36273.0,1.0,0.0,270690.0,0.0,22.0,1.0,21.0,0.0,0.0,1211.0,0.0,2.302585092994046
87628.0,1.0,759805.0,233867.0,1.0,1.0,0.0,1.0,155.0,7.0,113.0,9.0,0.0,204.0,0.0,3.58351893845611
51611.0,0.0,1460426.0,19301.0,1.0,1.0,0.0,0.83,26.0,2.0,23.0,0.0,0.0,51.0,0.0,2.079441541679836
232969.0,0.0,8988349.0,4557.0,0.0,1.0,0.0,1.18,14.0,1.0,13.0,0.0,0.0,232.0,0.0,3.58351893845611
148104.0,0.0,2022094.0,72008.0,0.0,1.0,0.0,0.95,80.0,1.0,74.0,1.0,0.0,151.0,0.0,2.9444389791664403
16607.0,1.0,1733960.0,199872.0,0.0,1.0,0.0,0.93,260.0,2.0,234.0,8.0,0.0,99.0,0.0,4.762173934797756
130412.0,0.0,15304872.0,24901.0,0.0,3.0,0.0,0.99,31.0,3.0,25.0,2.0,0.0,78.0,0.0,3.80666248977032
596274.0,0.0,26582642.0,199148.0,0.0,1.0,0.0,0.9,221.0,2.0,210.0,2.0,0.0,170.0,0.0,2.4849066497880004
117982.0,0.0,25030162.0,66555.0,1.0,1.0,0.0,1.11,57.0,7.0,49.0,0.0,0.0,44.0,0.0,2.5649493574615367
14252.0,0.0,2888316.0,8803.0,0.0,1.0,0.0,0.92,25.0,1.0,24.0,0.0,0.0,88.0,0.0,4.382026634673881
426819.0,1.0,10045843.0,1181213.0,0.0,1.0,0.0,0.77,966.0,3.0,683.0,63.0,0.0,298.0,0.0,4.574710978503383
227815.0,0.0,17266963.0,13893.0,1.0,0.0,1864631.0,0.0,10.0,2.0,8.0,0.0,0.0,168.0,0.0,2.3978952727983707
16573.0,1.0,12109295.0,177422.0,0.0,1.0,0.0,0.93,85.0,5.0,47.0,11.0,0.0,112.0,0.0,5.220355825078324
239677.0,1.0,25591510.0,448833.0,0.0,2.0,0.0,0.92,446.0,1.0,405.0,6.0,0.0,204.0,0.0,1.9459101490553128
511232.0,0.0,19437942.0,927611.0,0.0,1.0,0.0,0.86,614.0,3.0,475.0,27.0,0.0,168.0,0.0,2.6390573296152584
460910.0,0.0,26292097.0,448833.0,0.0,2.0,0.0,0.92,446.0,1.0,405.0,6.0,0.0,204.0,0.0,3.044522437723423
149463.0,0.0,522714.0,233867.0,1.0,1.0,0.0,1.0,155.0,7.0,113.0,9.0,0.0,204.0,0.0,3.828641396489095
153204.0,0.0,1186586.0,5602.0,1.0,1.0,0.0,0.94,9.0,2.0,7.0,0.0,0.0,104.0,0.0,2.8903717578961645
139148.0,0.0,489122.0,57518.0,1.0,0.0,120382.0,0.0,48.0,1.0,37.0,1.0,0.0,225.0,0.0,4.07753744390572
236771.0,0.0,457357.0,22419.0,0.0,0.0,197585.0,0.0,17.0,2.0,9.0,2.0,0.0,203.0,0.0,3.1780538303479458
955074.0,0.0,1664962.0,25167.0,0.0,0.0,1002026.0,0.0,13.0,0.0,5.0,3.0,0.0,50.0,0.0,1.9459101490553128
445563.0,1.0,6296664.0,9017.0,0.0,1.0,0.0,0.76,9.0,1.0,7.0,0.0,0.0,79.0,0.0,2.833213344056216
417588.0,0.0,22947088.0,74922.0,0.0,1.0,0.0,0.98,77.0,2.0,71.0,1.0,0.0,103.0,0.0,3.1354942159291497
158012.0,1.0,877532.0,247493.0,1.0,1.0,0.0,0.84,324.0,9.0,302.0,1.0,0.0,250.0,0.0,3.044522437723423
619742.0,0.0,26605655.0,239436.0,1.0,1.0,0.0,0.83,250.0,5.0,228.0,1.0,0.0,210.0,0.0,3.218875824868201
343525.0,1.0,23219944.0,429238.0,0.0,1.0,0.0,0.76,302.0,5.0,200.0,20.0,0.0,238.0,0.0,3.295836866004329
89545.0,1.0,127160.0,157128.0,0.0,1.0,0.0,1.24,88.0,4.0,59.0,3.0,0.0,94.0,0.0,3.80666248977032
5697.0,1.0,1277308.0,54796.0,0.0,1.0,0.0,0.84,57.0,2.0,44.0,3.0,0.0,357.0,0.0,3.8918202981106265
500040.0,0.0,1619234.0,144288.0,1.0,0.0,20200.0,0.0,73.0,1.0,42.0,6.0,0.0,1090.0,0.0,3.688879454113936
275162.0,0.0,26950235.0,239436.0,1.0,1.0,0.0,0.83,250.0,5.0,228.0,1.0,0.0,210.0,0.0,2.6390573296152584
43980.0,0.0,628197.0,233867.0,0.0,1.0,0.0,1.0,155.0,7.0,113.0,9.0,0.0,204.0,0.0,3.4011973816621555
147950.0,0.0,524227.0,233867.0,1.0,1.0,0.0,1.0,155.0,7.0,113.0,9.0,0.0,204.0,0.0,2.833213344056216
223397.0,0.0,3387075.0,5345.0,1.0,2.0,0.0,0.8,16.0,2.0,14.0,0.0,0.0,330.0,0.0,4.553876891600541
548589.0,0.0,26508015.0,6230.0,0.0,1.0,0.0,0.97,14.0,1.0,13.0,0.0,0.0,136.0,0.0,4.30406509320417
1384.0,1.0,2862663.0,4981.0,0.0,2.0,0.0,0.895,14.0,1.0,13.0,0.0,0.0,331.0,0.0,2.6390573296152584
104832.0,1.0,2623786.0,653877.0,0.0,3.0,0.0,0.8933,602.0,4.0,451.0,30.0,0.0,570.0,0.0,2.079441541679836
337720.0,0.0,603761.0,16502.0,0.0,1.0,0.0,1.11,19.0,3.0,16.0,0.0,0.0,132.0,0.0,3.218875824868201
17146.0,0.0,3167675.0,100187.0,0.0,1.0,0.0,1.06,79.0,5.0,64.0,1.0,0.0,114.0,0.0,5.8522024797744745
231456.0,0.0,4956534.0,23244.0,0.0,0.0,148072.0,0.0,23.0,1.0,22.0,0.0,0.0,371.0,0.0,3.4339872044851463
269058.0,1.0,3548020.0,363512.0,1.0,1.0,0.0,0.9,362.0,2.0,318.0,16.0,0.0,360.0,0.0,5.003946305945459
4163.0,1.0,4729241.0,23244.0,0.0,0.0,148072.0,0.0,23.0,1.0,22.0,0.0,0.0,371.0,0.0,3.1780538303479458
219371.0,0.0,439957.0,22419.0,0.0,0.0,197585.0,0.0,17.0,2.0,9.0,2.0,0.0,203.0,0.0,5.272999558563747
47811.0,1.0,25100333.0,66555.0,0.0,1.0,0.0,1.11,57.0,7.0,49.0,0.0,0.0,44.0,0.0,3.737669618283368
234133.0,0.0,22268715.0,7465.0,0.0,3.0,0.0,0.9067,23.0,2.0,21.0,0.0,0.0,600.0,0.0,3.4657359027997265
68635.0,1.0,3639796.0,81730.0,0.0,1.0,0.0,0.82,100.0,3.0,86.0,3.0,0.0,398.0,0.0,3.4011973816621555
209338.0,0.0,1712321.0,148489.0,0.0,1.0,0.0,0.96,128.0,1.0,107.0,1.0,0.0,108.0,0.0,2.19722457733622
100573.0,0.0,15073887.0,24901.0,0.0,3.0,0.0,0.99,31.0,3.0,25.0,2.0,0.0,78.0,0.0,4.77912349311153
83349.0,0.0,3939214.0,26961.0,1.0,1.0,0.0,0.97,16.0,1.0,9.0,3.0,0.0,83.0,0.0,4.0943445622221
310580.0,0.0,22192268.0,7465.0,0.0,3.0,0.0,0.9067,23.0,2.0,21.0,0.0,0.0,600.0,0.0,2.772588722239781
611289.0,0.0,19574646.0,5269.0,1.0,1.0,0.0,0.88,14.0,2.0,12.0,0.0,0.0,84.0,0.0,1.9459101490553128
82303.0,1.0,1585286.0,148489.0,1.0,1.0,0.0,0.96,128.0,1.0,107.0,1.0,0.0,108.0,0.0,3.6635616461296463
412999.0,0.0,19376356.0,5269.0,0.0,1.0,0.0,0.88,14.0,2.0,12.0,0.0,0.0,84.0,0.0,4.77912349311153
133684.0,0.0,25003986.0,80048.0,1.0,1.0,0.0,0.8,66.0,4.0,49.0,2.0,0.0,740.0,0.0,3.80666248977032
242145.0,0.0,8712498.0,28065.0,0.0,1.0,0.0,0.71,46.0,0.0,29.0,2.0,0.0,38.0,0.0,2.70805020110221
712236.0,0.0,21092522.0,407899.0,1.0,1.0,0.0,0.82,151.0,4.0,68.0,22.0,0.0,275.0,0.0,2.8903717578961645
158530.0,1.0,2381674.0,324575.0,1.0,1.0,0.0,0.86,338.0,4.0,280.0,18.0,0.0,217.0,0.0,2.3978952727983707
42533.0,1.0,714710.0,233867.0,1.0,1.0,0.0,1.0,155.0,7.0,113.0,9.0,0.0,204.0,0.0,2.3978952727983707
566189.0,0.0,19492899.0,927611.0,0.0,1.0,0.0,0.86,614.0,3.0,475.0,27.0,0.0,168.0,0.0,2.19722457733622
55010.0,1.0,25093134.0,66555.0,1.0,1.0,0.0,1.11,57.0,7.0,49.0,0.0,0.0,44.0,0.0,2.70805020110221
344810.0,0.0,26175997.0,448833.0,1.0,2.0,0.0,0.92,446.0,1.0,405.0,6.0,0.0,204.0,0.0,3.6635616461296463
24613.0,1.0,6967855.0,65768.0,0.0,1.0,0.0,1.01,58.0,1.0,55.0,0.0,0.0,54.0,0.0,2.4849066497880004
1668672.0,0.0,13505788.0,24901.0,0.0,3.0,0.0,0.99,31.0,3.0,25.0,2.0,0.0,78.0,0.0,4.060443010546419
433570.0,1.0,6322154.0,749455.0,1.0,1.0,0.0,0.91,434.0,2.0,202.0,68.0,0.0,68.0,0.0,2.6390573296152584
643472.0,1.0,4378193.0,703986.0,1.0,1.0,0.0,0.95,476.0,2.0,230.0,55.0,0.0,139.0,0.0,3.713572066704308
17623.0,1.0,11269321.0,154992.0,0.0,30.0,0.0,0.859,334.0,1.0,328.0,1.0,0.0,405.0,0.0,3.295836866004329
61556.0,0.0,5802555.0,45277.0,1.0,0.0,290065.0,0.0,37.0,3.0,26.0,2.0,0.0,1029.0,0.0,4.406719247264253
27309.0,1.0,467694.0,125097.0,1.0,1.0,0.0,0.84,93.0,1.0,66.0,7.0,0.0,481.0,0.0,3.1780538303479458
3559.0,0.0,25151703.0,66555.0,0.0,1.0,0.0,1.11,57.0,7.0,49.0,0.0,0.0,44.0,0.0,2.70805020110221
499431.0,0.0,26679485.0,199148.0,1.0,1.0,0.0,0.9,221.0,2.0,210.0,2.0,0.0,170.0,0.0,3.713572066704308
49520.0,0.0,1458335.0,19301.0,0.0,1.0,0.0,0.83,26.0,2.0,23.0,0.0,0.0,51.0,0.0,2.8903717578961645
355664.0,1.0,1139525.0,86371.0,0.0,2.0,0.0,0.85,121.0,1.0,113.0,1.0,0.0,381.0,0.0,3.58351893845611
485500.0,0.0,706086.0,22419.0,1.0,0.0,197585.0,0.0,17.0,2.0,9.0,2.0,0.0,203.0,0.0,5.10594547390058
18828.0,1.0,5264941.0,36273.0,0.0,0.0,270690.0,0.0,22.0,1.0,21.0,0.0,0.0,1211.0,0.0,3.1354942159291497
36144.0,1.0,999400.0,247493.0,0.0,1.0,0.0,0.84,324.0,9.0,302.0,1.0,0.0,250.0,0.0,2.995732273553991
151866.0,1.0,2200442.0,7419.0,1.0,1.0,0.0,0.96,14.0,1.0,13.0,0.0,0.0,59.0,0.0,3.4011973816621555
1273846.0,0.0,20530912.0,407899.0,0.0,1.0,0.0,0.82,151.0,4.0,68.0,22.0,0.0,275.0,0.0,1.9459101490553128
364914.0,1.0,11082296.0,1475061.0,0.0,1.0,0.0,0.78,839.0,5.0,347.0,113.0,0.0,299.0,0.0,2.9444389791664403
50309.0,1.0,6392915.0,394295.0,0.0,1.0,0.0,0.87,336.0,2.0,260.0,23.0,0.0,145.0,0.0,2.8903717578961645
563380.0,1.0,10883830.0,1475061.0,0.0,1.0,0.0,0.78,839.0,5.0,347.0,113.0,0.0,299.0,0.0,2.833213344056216
29627.0,1.0,1417392.0,30826.0,1.0,1.0,0.0,0.77,26.0,1.0,19.0,0.0,0.0,41.0,0.0,3.4011973816621555
163765.0,1.0,6506371.0,394295.0,1.0,1.0,0.0,0.87,336.0,2.0,260.0,23.0,0.0,145.0,0.0,3.8918202981106265
314796.0,1.0,3478474.0,5345.0,0.0,2.0,0.0,0.8,16.0,2.0,14.0,0.0,0.0,330.0,0.0,4.174387269895637
68068.0,0.0,1533540.0,51594.0,1.0,0.0,37936.0,0.0,80.0,2.0,78.0,0.0,0.0,225.0,0.0,3.218875824868201
384090.0,0.0,26215277.0,448833.0,0.0,2.0,0.0,0.92,446.0,1.0,405.0,6.0,0.0,204.0,0.0,3.912023005428146
26554.0,0.0,3031010.0,3118.0,1.0,1.0,0.0,0.92,3.0,2.0,0.0,0.0,0.0,36.0,0.0,2.5649493574615367
700924.0,1.0,10319948.0,1181213.0,0.0,1.0,0.0,0.77,966.0,3.0,683.0,63.0,0.0,298.0,0.0,4.02535169073515
608429.0,0.0,19571786.0,5269.0,0.0,1.0,0.0,0.88,14.0,2.0,12.0,0.0,0.0,84.0,0.0,4.634728988229636
284958.0,0.0,2904994.0,25167.0,0.0,0.0,1002026.0,0.0,13.0,0.0,5.0,3.0,0.0,50.0,0.0,2.995732273553991
1247237.0,0.0,10612956.0,498345.0,0.0,1.0,0.0,0.75,351.0,4.0,247.0,18.0,0.0,260.0,0.0,1.6094379124341005
256550.0,0.0,8964768.0,4557.0,0.0,1.0,0.0,1.18,14.0,1.0,13.0,0.0,0.0,232.0,0.0,3.713572066704308
75029.0,0.0,25906216.0,448833.0,0.0,2.0,0.0,0.92,446.0,1.0,405.0,6.0,0.0,204.0,0.0,3.1780538303479458
304636.0,0.0,25055877.0,22565.0,1.0,1.0,0.0,0.95,47.0,2.0,45.0,0.0,0.0,423.0,0.0,3.871201010907891
1372688.0,0.0,20299398.0,927611.0,1.0,1.0,0.0,0.86,614.0,3.0,475.0,27.0,0.0,168.0,0.0,2.19722457733622
120900.0,0.0,3976765.0,26961.0,0.0,1.0,0.0,0.97,16.0,1.0,9.0,3.0,0.0,83.0,0.0,2.4849066497880004
204409.0,0.0,424995.0,22419.0,1.0,0.0,197585.0,0.0,17.0,2.0,9.0,2.0,0.0,203.0,0.0,3.4011973816621555
487858.0,0.0,19414568.0,927611.0,0.0,1.0,0.0,0.86,614.0,3.0,475.0,27.0,0.0,168.0,0.0,5.680172609017068
201439.0,0.0,4926517.0,23244.0,0.0,0.0,148072.0,0.0,23.0,1.0,22.0,0.0,0.0,371.0,0.0,5.049856007249537
499367.0,0.0,11968018.0,23144.0,0.0,1.0,0.0,1.1,19.0,1.0,15.0,0.0,0.0,80.0,0.0,3.912023005428146
46756.0,0.0,672673.0,685926.0,1.0,3.0,0.0,0.93,464.0,2.0,300.0,34.0,0.0,74.0,0.0,4.532599493153256
777202.0,0.0,19703912.0,927611.0,0.0,1.0,0.0,0.86,614.0,3.0,475.0,27.0,0.0,168.0,0.0,3.6375861597263857
177730.0,1.0,4694137.0,574324.0,0.0,1.0,0.0,0.93,529.0,2.0,401.0,25.0,0.0,132.0,0.0,2.3978952727983707
100645.0,0.0,25047499.0,66555.0,1.0,1.0,0.0,1.11,57.0,7.0,49.0,0.0,0.0,44.0,0.0,3.5263605246161616
37830.0,1.0,710007.0,233867.0,1.0,1.0,0.0,1.0,155.0,7.0,113.0,9.0,0.0,204.0,0.0,3.5263605246161616
413356.0,0.0,633942.0,22419.0,1.0,0.0,197585.0,0.0,17.0,2.0,9.0,2.0,0.0,203.0,0.0,2.302585092994046
10898.0,0.0,7120064.0,4735.0,0.0,1.0,0.0,0.85,7.0,1.0,6.0,0.0,0.0,37.0,0.0,3.828641396489095
2387.0,1.0,3822970.0,95481.0,1.0,1.0,0.0,0.84,51.0,2.0,22.0,6.0,0.0,125.0,0.0,4.68213122712422
12940.0,0.0,1724459.0,5668.0,0.0,0.0,17747.0,0.0,4.0,1.0,3.0,0.0,0.0,64.0,0.0,2.19722457733622
13298.0,0.0,7095868.0,4735.0,1.0,1.0,0.0,0.85,7.0,1.0,6.0,0.0,0.0,37.0,0.0,2.19722457733622
110694.0,1.0,924850.0,247493.0,1.0,1.0,0.0,0.84,324.0,9.0,302.0,1.0,0.0,250.0,0.0,3.295836866004329
170880.0,0.0,3334558.0,5345.0,1.0,2.0,0.0,0.8,16.0,2.0,14.0,0.0,0.0,330.0,0.0,3.044522437723423
221255.0,1.0,21583503.0,407899.0,0.0,1.0,0.0,0.82,151.0,4.0,68.0,22.0,0.0,275.0,0.0,3.6635616461296463
146458.0,1.0,2195034.0,7419.0,0.0,1.0,0.0,0.96,14.0,1.0,13.0,0.0,0.0,59.0,0.0,2.995732273553991
458792.0,0.0,7799333.0,136039.0,1.0,1.0,0.0,0.9,91.0,1.0,68.0,5.0,0.0,495.0,0.0,3.784189633918261
157751.0,1.0,2206327.0,7419.0,1.0,1.0,0.0,0.96,14.0,1.0,13.0,0.0,0.0,59.0,0.0,5.973809611869261
437587.0,0.0,658173.0,22419.0,1.0,0.0,197585.0,0.0,17.0,2.0,9.0,2.0,0.0,203.0,0.0,4.189654742026425
54910.0,1.0,6937558.0,65768.0,0.0,1.0,0.0,1.01,58.0,1.0,55.0,0.0,0.0,54.0,0.0,2.302585092994046
323365.0,1.0,3487043.0,5345.0,0.0,2.0,0.0,0.8,16.0,2.0,14.0,0.0,0.0,330.0,0.0,4.61512051684126
250353.0,0.0,22753201.0,7465.0,1.0,3.0,0.0,0.9067,23.0,2.0,21.0,0.0,0.0,600.0,0.0,4.0943445622221
1126049.0,0.0,10734144.0,498345.0,0.0,1.0,0.0,0.75,351.0,4.0,247.0,18.0,0.0,260.0,0.0,3.951243718581428
65499.0,0.0,2535916.0,12239.0,1.0,1.0,0.0,0.6,14.0,1.0,10.0,0.0,0.0,14.0,0.0,3.58351893845611
393186.0,0.0,22896034.0,7465.0,0.0,3.0,0.0,0.9067,23.0,2.0,21.0,0.0,0.0,600.0,0.0,2.5649493574615367
224837.0,1.0,2315367.0,324575.0,1.0,1.0,0.0,0.86,338.0,4.0,280.0,18.0,0.0,217.0,0.0,5.231108616854587
21166.0,1.0,15153294.0,24901.0,1.0,3.0,0.0,0.99,31.0,3.0,25.0,2.0,0.0,78.0,0.0,5.075173815233827
9045.0,1.0,5274724.0,36273.0,0.0,0.0,270690.0,0.0,22.0,1.0,21.0,0.0,0.0,1211.0,0.0,2.079441541679836
32465.0,1.0,1003079.0,247493.0,0.0,1.0,0.0,0.84,324.0,9.0,302.0,1.0,0.0,250.0,0.0,3.555348061489413
460129.0,0.0,946530.0,65530.0,1.0,0.0,34197.0,0.0,55.0,1.0,27.0,6.0,0.0,516.0,0.0,3.555348061489413
543563.0,0.0,12012214.0,23144.0,0.0,1.0,0.0,1.1,19.0,1.0,15.0,0.0,0.0,80.0,0.0,3.332204510175204
32167.0,1.0,1107892.0,51209.0,1.0,1.0,0.0,0.86,47.0,1.0,39.0,1.0,0.0,139.0,0.0,4.418840607796598
418198.0,0.0,22921046.0,7465.0,1.0,3.0,0.0,0.9067,23.0,2.0,21.0,0.0,0.0,600.0,0.0,2.6390573296152584
1659437.0,0.0,13515023.0,24901.0,1.0,3.0,0.0,0.99,31.0,3.0,25.0,2.0,0.0,78.0,0.0,6.602587892189336
77986.0,1.0,957558.0,247493.0,0.0,1.0,0.0,0.84,324.0,9.0,302.0,1.0,0.0,250.0,0.0,2.6390573296152584
622558.0,0.0,19585915.0,5269.0,1.0,1.0,0.0,0.88,14.0,2.0,12.0,0.0,0.0,84.0,0.0,5.049856007249537
87377.0,0.0,25060767.0,66555.0,0.0,1.0,0.0,1.11,57.0,7.0,49.0,0.0,0.0,44.0,0.0,2.9444389791664403
4606.0,1.0,5279163.0,36273.0,0.0,0.0,270690.0,0.0,22.0,1.0,21.0,0.0,0.0,1211.0,0.0,4.553876891600541
27596.0,0.0,2578416.0,114373.0,0.0,1.0,0.0,0.99,109.0,5.0,87.0,4.0,0.0,144.0,0.0,3.784189633918261
9574.0,1.0,3140955.0,100187.0,1.0,1.0,0.0,1.06,79.0,5.0,64.0,1.0,0.0,114.0,0.0,3.1780538303479458
67451.0,1.0,2941515.0,8803.0,0.0,1.0,0.0,0.92,25.0,1.0,24.0,0.0,0.0,88.0,0.0,2.70805020110221
39961.0,1.0,1710606.0,199872.0,0.0,1.0,0.0,0.93,260.0,2.0,234.0,8.0,0.0,99.0,0.0,2.8903717578961645
91186.0,0.0,1243884.0,27512.0,1.0,1.0,0.0,0.82,43.0,2.0,36.0,2.0,0.0,231.0,0.0,3.4657359027997265
279928.0,0.0,1890270.0,72008.0,1.0,1.0,0.0,0.95,80.0,1.0,74.0,1.0,0.0,151.0,0.0,3.295836866004329
96622.0,1.0,2660194.0,441422.0,1.0,1.0,0.0,0.82,400.0,1.0,332.0,13.0,0.0,86.0,0.0,2.19722457733622
55529.0,1.0,7599538.0,281987.0,0.0,1.0,0.0,0.98,301.0,2.0,273.0,9.0,0.0,309.0,0.0,4.997212273764115
38736.0,0.0,25869923.0,448833.0,1.0,2.0,0.0,0.92,446.0,1.0,405.0,6.0,0.0,204.0,0.0,4.04305126783455
319822.0,1.0,6435902.0,749455.0,1.0,1.0,0.0,0.91,434.0,2.0,202.0,68.0,0.0,68.0,0.0,5.468060141135132
146585.0,0.0,21951343.0,407899.0,1.0,1.0,0.0,0.82,151.0,4.0,68.0,22.0,0.0,275.0,0.0,3.258096538021482
23827.0,0.0,695602.0,685926.0,1.0,3.0,0.0,0.93,464.0,2.0,300.0,34.0,0.0,74.0,0.0,1.9459101490553128
769303.0,0.0,12237954.0,23144.0,0.0,1.0,0.0,1.1,19.0,1.0,15.0,0.0,0.0,80.0,0.0,3.4339872044851463
244603.0,0.0,465189.0,22419.0,1.0,0.0,197585.0,0.0,17.0,2.0,9.0,2.0,0.0,203.0,0.0,3.5263605246161616
109248.0,1.0,926296.0,247493.0,0.0,1.0,0.0,0.84,324.0,9.0,302.0,1.0,0.0,250.0,0.0,5.225746673713202
281251.0,0.0,2901287.0,25167.0,1.0,0.0,1002026.0,0.0,13.0,0.0,5.0,3.0,0.0,50.0,0.0,4.04305126783455
63585.0,1.0,2476619.0,324575.0,0.0,1.0,0.0,0.86,338.0,4.0,280.0,18.0,0.0,217.0,0.0,3.258096538021482
588317.0,1.0,10858893.0,1475061.0,0.0,1.0,0.0,0.78,839.0,5.0,347.0,113.0,0.0,299.0,0.0,2.4849066497880004
115348.0,1.0,801035.0,5083.0,1.0,1.0,0.0,0.99,9.0,2.0,7.0,0.0,0.0,54.0,0.0,4.174387269895637
106393.0,0.0,25041751.0,66555.0,0.0,1.0,0.0,1.11,57.0,7.0,49.0,0.0,0.0,44.0,0.0,2.70805020110221
311691.0,0.0,26271117.0,6230.0,0.0,1.0,0.0,0.97,14.0,1.0,13.0,0.0,0.0,136.0,0.0,2.079441541679836
87685.0,0.0,5434500.0,9999.0,1.0,0.0,200389.0,0.0,7.0,1.0,6.0,0.0,0.0,42.0,0.0,6.045005314036012
103251.0,1.0,374480.0,191707.0,0.0,1.0,0.0,1.22,127.0,1.0,91.0,8.0,0.0,480.0,0.0,3.1354942159291497
46536.0,1.0,1453195.0,65530.0,0.0,0.0,34197.0,0.0,55.0,1.0,27.0,6.0,0.0,516.0,0.0,2.5649493574615367
94773.0,1.0,940771.0,247493.0,0.0,1.0,0.0,0.84,324.0,9.0,302.0,1.0,0.0,250.0,0.0,3.912023005428146
353033.0,0.0,2187171.0,324575.0,1.0,1.0,0.0,0.86,338.0,4.0,280.0,18.0,0.0,217.0,0.0,4.553876891600541
228086.0,0.0,4953164.0,23244.0,0.0,0.0,148072.0,0.0,23.0,1.0,22.0,0.0,0.0,371.0,0.0,2.70805020110221
275196.0,0.0,22778044.0,7465.0,0.0,3.0,0.0,0.9067,23.0,2.0,21.0,0.0,0.0,600.0,0.0,3.49650756146648
50607.0,1.0,722784.0,233867.0,1.0,1.0,0.0,1.0,155.0,7.0,113.0,9.0,0.0,204.0,0.0,3.5263605246161616
21797.0,0.0,2895861.0,8803.0,0.0,1.0,0.0,0.92,25.0,1.0,24.0,0.0,0.0,88.0,0.0,2.6390573296152584
118617.0,1.0,2638199.0,441422.0,1.0,1.0,0.0,0.82,400.0,1.0,332.0,13.0,0.0,86.0,0.0,4.204692619390966
5195.0,1.0,23558274.0,429238.0,0.0,1.0,0.0,0.76,302.0,5.0,200.0,20.0,0.0,238.0,0.0,4.969813299576001
445065.0,1.0,948173.0,268263.0,0.0,1.0,0.0,0.91,209.0,2.0,167.0,12.0,0.0,143.0,0.0,4.584967478670572
12856.0,0.0,1724375.0,5668.0,0.0,0.0,17747.0,0.0,4.0,1.0,3.0,0.0,0.0,64.0,0.0,2.6390573296152584
503565.0,0.0,26334752.0,448833.0,0.0,2.0,0.0,0.92,446.0,1.0,405.0,6.0,0.0,204.0,0.0,4.248495242049359
44172.0,1.0,450831.0,125097.0,1.0,1.0,0.0,0.84,93.0,1.0,66.0,7.0,0.0,481.0,0.0,3.951243718581428
710182.0,0.0,12178833.0,23144.0,0.0,1.0,0.0,1.1,19.0,1.0,15.0,0.0,0.0,80.0,0.0,3.258096538021482
17964.0,0.0,4707114.0,23244.0,0.0,0.0,148072.0,0.0,23.0,1.0,22.0,0.0,0.0,371.0,0.0,3.713572066704308
436455.0,0.0,26267642.0,448833.0,0.0,2.0,0.0,0.92,446.0,1.0,405.0,6.0,0.0,204.0,0.0,4.499809670330265
148319.0,0.0,523858.0,233867.0,1.0,1.0,0.0,1.0,155.0,7.0,113.0,9.0,0.0,204.0,0.0,2.3978952727983707
37191.0,0.0,682238.0,685926.0,1.0,3.0,0.0,0.93,464.0,2.0,300.0,34.0,0.0,74.0,0.0,4.6443908991413725
3947.0,0.0,7105219.0,4735.0,1.0,1.0,0.0,0.85,7.0,1.0,6.0,0.0,0.0,37.0,0.0,3.610917912644224
1421.0,0.0,1751988.0,199872.0,0.0,1.0,0.0,0.93,260.0,2.0,234.0,8.0,0.0,99.0,0.0,4.07753744390572
430446.0,0.0,22235204.0,407899.0,1.0,1.0,0.0,0.82,151.0,4.0,68.0,22.0,0.0,275.0,0.0,3.871201010907891
563976.0,0.0,19490686.0,927611.0,0.0,1.0,0.0,0.86,614.0,3.0,475.0,27.0,0.0,168.0,0.0,5.44673737166631
740533.0,1.0,10706677.0,1475061.0,0.0,1.0,0.0,0.78,839.0,5.0,347.0,113.0,0.0,299.0,0.0,3.5263605246161616
39610.0,0.0,3285173.0,15369.0,1.0,1.0,0.0,0.71,12.0,1.0,5.0,4.0,0.0,184.0,0.0,4.204692619390966
1687015.0,0.0,20650372.0,5269.0,1.0,1.0,0.0,0.88,14.0,2.0,12.0,0.0,0.0,84.0,0.0,4.624972813284271
1683448.0,0.0,13491012.0,24901.0,0.0,3.0,0.0,0.99,31.0,3.0,25.0,2.0,0.0,78.0,0.0,4.189654742026425
109689.0,1.0,2647127.0,441422.0,1.0,1.0,0.0,0.82,400.0,1.0,332.0,13.0,0.0,86.0,0.0,2.079441541679836
18513.0,1.0,10381397.0,31179.0,1.0,1.0,0.0,0.98,46.0,2.0,41.0,0.0,0.0,42.0,0.0,4.406719247264253
3735.0,1.0,23559734.0,429238.0,0.0,1.0,0.0,0.76,302.0,5.0,200.0,20.0,0.0,238.0,0.0,4.127134385045092
265895.0,0.0,3429573.0,5345.0,1.0,2.0,0.0,0.8,16.0,2.0,14.0,0.0,0.0,330.0,0.0,2.5649493574615367
1091604.0,0.0,1528432.0,25167.0,0.0,0.0,1002026.0,0.0,13.0,0.0,5.0,3.0,0.0,50.0,0.0,5.924255797414532
462459.0,0.0,17501607.0,13893.0,1.0,0.0,1864631.0,0.0,10.0,2.0,8.0,0.0,0.0,168.0,0.0,4.430816798843313
71674.0,1.0,379783.0,2285.0,1.0,1.0,0.0,0.76,6.0,1.0,3.0,0.0,0.0,34.0,0.0,4.382026634673881
183915.0,0.0,14990545.0,24901.0,0.0,3.0,0.0,0.99,31.0,3.0,25.0,2.0,0.0,78.0,0.0,2.19722457733622
1196117.0,0.0,17730593.0,927611.0,0.0,1.0,0.0,0.86,614.0,3.0,475.0,27.0,0.0,168.0,0.0,5.7899601708972535
309443.0,0.0,24551722.0,5190.0,0.0,0.0,1266.0,0.0,17.0,1.0,16.0,0.0,0.0,167.0,0.0,3.610917912644224
811443.0,0.0,18151914.0,5269.0,1.0,1.0,0.0,0.88,14.0,2.0,12.0,0.0,0.0,84.0,0.0,3.1354942159291497
463170.0,0.0,26294357.0,448833.0,0.0,2.0,0.0,0.92,446.0,1.0,405.0,6.0,0.0,204.0,0.0,2.6390573296152584
33770.0,1.0,705947.0,233867.0,0.0,1.0,0.0,1.0,155.0,7.0,113.0,9.0,0.0,204.0,0.0,4.189654742026425
699703.0,0.0,12168354.0,23144.0,0.0,1.0,0.0,1.1,19.0,1.0,15.0,0.0,0.0,80.0,0.0,3.4657359027997265
2936.0,1.0,3180356.0,164464.0,1.0,1.0,0.0,1.04,151.0,3.0,133.0,4.0,0.0,52.0,0.0,5.111987788356544
223744.0,0.0,22279104.0,7465.0,0.0,3.0,0.0,0.9067,23.0,2.0,21.0,0.0,0.0,600.0,0.0,2.302585092994046
71252.0,0.0,12021470.0,177422.0,0.0,1.0,0.0,0.93,85.0,5.0,47.0,11.0,0.0,112.0,0.0,4.418840607796598
4114.0,1.0,3704317.0,81730.0,1.0,1.0,0.0,0.82,100.0,3.0,86.0,3.0,0.0,398.0,0.0,2.079441541679836
423516.0,0.0,12688598.0,6164.0,1.0,0.0,1011774.0,0.0,11.0,1.0,9.0,0.0,0.0,67.0,0.0,3.4339872044851463
485423.0,0.0,19412133.0,927611.0,0.0,1.0,0.0,0.86,614.0,3.0,475.0,27.0,0.0,168.0,0.0,2.5649493574615367
352339.0,0.0,572925.0,22419.0,1.0,0.0,197585.0,0.0,17.0,2.0,9.0,2.0,0.0,203.0,0.0,3.367295829986474
339395.0,1.0,6416329.0,749455.0,1.0,1.0,0.0,0.91,434.0,2.0,202.0,68.0,0.0,68.0,0.0,2.772588722239781
310394.0,0.0,2309642.0,25167.0,0.0,0.0,1002026.0,0.0,13.0,0.0,5.0,3.0,0.0,50.0,0.0,5.318119993844216
27527.0,0.0,5494658.0,9999.0,1.0,0.0,200389.0,0.0,7.0,1.0,6.0,0.0,0.0,42.0,0.0,3.1780538303479458
712743.0,0.0,12181394.0,23144.0,0.0,1.0,0.0,1.1,19.0,1.0,15.0,0.0,0.0,80.0,0.0,5.7745515455444085
280874.0,0.0,26944523.0,239436.0,1.0,1.0,0.0,0.83,250.0,5.0,228.0,1.0,0.0,210.0,0.0,1.9459101490553128
19774.0,0.0,5303543.0,36273.0,0.0,0.0,270690.0,0.0,22.0,1.0,21.0,0.0,0.0,1211.0,0.0,4.61512051684126
258309.0,0.0,19185019.0,927611.0,0.0,1.0,0.0,0.86,614.0,3.0,475.0,27.0,0.0,168.0,0.0,3.295836866004329
72051.0,0.0,773388.0,49720.0,1.0,1.0,0.0,0.97,43.0,1.0,41.0,1.0,0.0,1031.0,0.0,4.709530201312334
145079.0,0.0,527098.0,233867.0,1.0,1.0,0.0,1.0,155.0,7.0,113.0,9.0,0.0,204.0,0.0,4.007333185232471
1733381.0,0.0,13441079.0,24901.0,1.0,3.0,0.0,0.99,31.0,3.0,25.0,2.0,0.0,78.0,0.0,2.4849066497880004
121679.0,1.0,794704.0,5083.0,0.0,1.0,0.0,0.99,9.0,2.0,7.0,0.0,0.0,54.0,0.0,2.5649493574615367
5857.0,1.0,1744710.0,199872.0,0.0,1.0,0.0,0.93,260.0,2.0,234.0,8.0,0.0,99.0,0.0,4.990432586778736
486899.0,0.0,17526047.0,13893.0,0.0,0.0,1864631.0,0.0,10.0,2.0,8.0,0.0,0.0,168.0,0.0,3.9889840465642745
1997.0,1.0,3718959.0,8909.0,1.0,0.0,12260.0,0.0,9.0,0.0,5.0,0.0,0.0,192.0,0.0,3.58351893845611
3526.0,1.0,614894.0,18948.0,0.0,1.0,0.0,1.05,17.0,1.0,15.0,0.0,0.0,63.0,0.0,2.3978952727983707
60159.0,0.0,612018.0,233867.0,0.0,1.0,0.0,1.0,155.0,7.0,113.0,9.0,0.0,204.0,0.0,2.19722457733622
39955.0,1.0,2716861.0,441422.0,1.0,1.0,0.0,0.82,400.0,1.0,332.0,13.0,0.0,86.0,0.0,7.093404625868766
52706.0,0.0,3227486.0,183782.0,1.0,1.0,0.0,0.88,207.0,1.0,195.0,0.0,0.0,153.0,0.0,5.288267030694535
25312.0,0.0,694117.0,685926.0,0.0,3.0,0.0,0.93,464.0,2.0,300.0,34.0,0.0,74.0,0.0,3.49650756146648
80897.0,1.0,3370425.0,91994.0,0.0,1.0,0.0,0.89,60.0,1.0,38.0,3.0,0.0,101.0,0.0,3.258096538021482
24120.0,0.0,1735639.0,5668.0,0.0,0.0,17747.0,0.0,4.0,1.0,3.0,0.0,0.0,64.0,0.0,3.7612001156935615
101631.0,0.0,5182138.0,36273.0,1.0,0.0,270690.0,0.0,22.0,1.0,21.0,0.0,0.0,1211.0,0.0,5.068904202220232
949247.0,0.0,19912604.0,5269.0,0.0,1.0,0.0,0.88,14.0,2.0,12.0,0.0,0.0,84.0,0.0,3.091042453358316
351171.0,1.0,1144018.0,86371.0,1.0,2.0,0.0,0.85,121.0,1.0,113.0,1.0,0.0,381.0,0.0,4.158883083359672
194643.0,1.0,2345561.0,324575.0,1.0,1.0,0.0,0.86,338.0,4.0,280.0,18.0,0.0,217.0,0.0,7.085064293952548
1063828.0,0.0,17862882.0,927611.0,0.0,1.0,0.0,0.86,614.0,3.0,475.0,27.0,0.0,168.0,0.0,2.19722457733622
27789.0,1.0,27789.0,97318.0,1.0,1.0,0.0,0.93,78.0,2.0,54.0,9.0,3.0,929.0,1.0,4.382026634673881
15771.0,0.0,519959.0,122207.0,1.0,3.0,0.0,0.8433,148.0,1.0,140.0,1.0,0.0,289.0,0.0,4.394449154672439
82358.0,0.0,3505309.0,91994.0,1.0,1.0,0.0,0.89,60.0,1.0,38.0,3.0,0.0,101.0,0.0,2.302585092994046
27624.0,1.0,1415389.0,30826.0,0.0,1.0,0.0,0.77,26.0,1.0,19.0,0.0,0.0,41.0,0.0,2.19722457733622
59914.0,0.0,6615871.0,24946.0,0.0,0.0,46680.0,0.0,18.0,0.0,8.0,2.0,0.0,73.0,0.0,2.8903717578961645
1041.0,1.0,2863006.0,4981.0,0.0,2.0,0.0,0.895,14.0,1.0,13.0,0.0,0.0,331.0,0.0,3.951243718581428
20325.0,1.0,7564334.0,281987.0,0.0,1.0,0.0,0.98,301.0,2.0,273.0,9.0,0.0,309.0,0.0,4.962844630259907
708760.0,0.0,12177411.0,23144.0,0.0,1.0,0.0,1.1,19.0,1.0,15.0,0.0,0.0,80.0,0.0,2.4849066497880004
768026.0,0.0,19694736.0,927611.0,0.0,1.0,0.0,0.86,614.0,3.0,475.0,27.0,0.0,168.0,0.0,3.688879454113936
27784.0,1.0,699961.0,233867.0,1.0,1.0,0.0,1.0,155.0,7.0,113.0,9.0,0.0,204.0,0.0,4.007333185232471
636612.0,1.0,4358942.0,26488.0,0.0,1.0,0.0,1.18,26.0,1.0,24.0,0.0,0.0,72.0,0.0,3.218875824868201
107948.0,0.0,5924312.0,51808.0,0.0,1.0,0.0,1.05,47.0,1.0,39.0,0.0,0.0,123.0,0.0,2.995732273553991
11467.0,0.0,707962.0,685926.0,1.0,3.0,0.0,0.93,464.0,2.0,300.0,34.0,0.0,74.0,0.0,3.784189633918261
41996.0,1.0,1708571.0,199872.0,0.0,1.0,0.0,0.93,260.0,2.0,234.0,8.0,0.0,99.0,0.0,5.71042701737487
946714.0,0.0,1167300.0,22419.0,0.0,0.0,197585.0,0.0,17.0,2.0,9.0,2.0,0.0,203.0,0.0,5.501258210544727
1083414.0,0.0,17843296.0,927611.0,1.0,1.0,0.0,0.86,614.0,3.0,475.0,27.0,0.0,168.0,0.0,3.044522437723423
70061.0,1.0,3638370.0,81730.0,0.0,1.0,0.0,0.82,100.0,3.0,86.0,3.0,0.0,398.0,0.0,3.1780538303479458
1726062.0,0.0,20689419.0,5269.0,0.0,1.0,0.0,0.88,14.0,2.0,12.0,0.0,0.0,84.0,0.0,2.079441541679836
394378.0,0.0,19321088.0,927611.0,0.0,1.0,0.0,0.86,614.0,3.0,475.0,27.0,0.0,168.0,0.0,4.564348191467836
2878.0,1.0,2248076.0,98417.0,0.0,1.0,0.0,0.93,66.0,2.0,50.0,2.0,0.0,171.0,0.0,3.4339872044851463
869111.0,0.0,22673869.0,407899.0,0.0,1.0,0.0,0.82,151.0,4.0,68.0,22.0,0.0,275.0,0.0,3.9889840465642745
112819.0,1.0,384048.0,191707.0,0.0,1.0,0.0,1.22,127.0,1.0,91.0,8.0,0.0,480.0,0.0,5.459585514144159
1486821.0,0.0,17439889.0,927611.0,1.0,1.0,0.0,0.86,614.0,3.0,475.0,27.0,0.0,168.0,0.0,2.079441541679836
71903.0,0.0,25076241.0,66555.0,1.0,1.0,0.0,1.11,57.0,7.0,49.0,0.0,0.0,44.0,0.0,2.9444389791664403
397741.0,0.0,22900589.0,7465.0,0.0,3.0,0.0,0.9067,23.0,2.0,21.0,0.0,0.0,600.0,0.0,3.713572066704308
303792.0,0.0,24566510.0,80048.0,0.0,1.0,0.0,0.8,66.0,4.0,49.0,2.0,0.0,740.0,0.0,3.1354942159291497
1686646.0,0.0,20650003.0,5269.0,0.0,1.0,0.0,0.88,14.0,2.0,12.0,0.0,0.0,84.0,0.0,3.871201010907891
25079.0,0.0,3880944.0,26961.0,1.0,1.0,0.0,0.97,16.0,1.0,9.0,3.0,0.0,83.0,0.0,2.995732273553991
4553.0,1.0,354527.0,57518.0,0.0,0.0,120382.0,0.0,48.0,1.0,37.0,1.0,0.0,225.0,0.0,4.653960350157523
257638.0,0.0,26967759.0,239436.0,1.0,1.0,0.0,0.83,250.0,5.0,228.0,1.0,0.0,210.0,0.0,2.772588722239781
414560.0,1.0,18512150.0,927611.0,1.0,1.0,0.0,0.86,614.0,3.0,475.0,27.0,0.0,168.0,0.0,2.302585092994046
16175.0,0.0,5299944.0,36273.0,0.0,0.0,270690.0,0.0,22.0,1.0,21.0,0.0,0.0,1211.0,0.0,3.6635616461296463
76878.0,1.0,2327832.0,98417.0,0.0,1.0,0.0,0.93,66.0,2.0,50.0,2.0,0.0,171.0,0.0,2.079441541679836
232353.0,1.0,11627840.0,498345.0,1.0,1.0,0.0,0.75,351.0,4.0,247.0,18.0,0.0,260.0,0.0,2.079441541679836
57097.0,0.0,5354565.0,34959.0,1.0,1.0,0.0,0.99,42.0,2.0,33.0,1.0,0.0,99.0,0.0,4.0943445622221
324379.0,0.0,2944415.0,25167.0,0.0,0.0,1002026.0,0.0,13.0,0.0,5.0,3.0,0.0,50.0,0.0,2.8903717578961645
430257.0,0.0,7922269.0,111945.0,0.0,1.0,0.0,0.99,167.0,3.0,163.0,0.0,0.0,931.0,0.0,4.976733742420574
53588.0,0.0,1953947.0,104921.0,0.0,1.0,0.0,0.82,80.0,3.0,65.0,1.0,0.0,244.0,0.0,3.6375861597263857
19469.0,1.0,4416885.0,36831.0,1.0,1.0,0.0,0.77,32.0,1.0,23.0,1.0,0.0,141.0,0.0,2.5649493574615367
1619465.0,0.0,13554995.0,24901.0,1.0,3.0,0.0,0.99,31.0,3.0,25.0,2.0,0.0,78.0,0.0,5.468060141135132
68806.0,0.0,1532802.0,51594.0,1.0,0.0,37936.0,0.0,80.0,2.0,78.0,0.0,0.0,225.0,0.0,4.30406509320417
329028.0,0.0,23892497.0,429238.0,0.0,1.0,0.0,0.76,302.0,5.0,200.0,20.0,0.0,238.0,0.0,3.332204510175204
1261416.0,0.0,12708626.0,1475061.0,0.0,1.0,0.0,0.78,839.0,5.0,347.0,113.0,0.0,299.0,0.0,2.079441541679836
534617.0,0.0,18428740.0,5269.0,0.0,1.0,0.0,0.88,14.0,2.0,12.0,0.0,0.0,84.0,0.0,3.332204510175204
445938.0,0.0,1055408.0,33425.0,0.0,2.0,0.0,0.89,50.0,1.0,40.0,4.0,0.0,1345.0,0.0,4.04305126783455
38946.0,0.0,633231.0,233867.0,1.0,1.0,0.0,1.0,155.0,7.0,113.0,9.0,0.0,204.0,0.0,3.9318256327243257
18711.0,1.0,1470622.0,95324.0,0.0,1.0,0.0,1.13,56.0,2.0,41.0,3.0,0.0,74.0,0.0,2.19722457733622
368131.0,0.0,23931600.0,429238.0,1.0,1.0,0.0,0.76,302.0,5.0,200.0,20.0,0.0,238.0,0.0,3.555348061489413
214296.0,0.0,3377974.0,5345.0,0.0,2.0,0.0,0.8,16.0,2.0,14.0,0.0,0.0,330.0,0.0,2.19722457733622
380.0,0.0,113605.0,27588.0,0.0,1.0,0.0,0.92,30.0,2.0,23.0,1.0,0.0,81.0,0.0,3.49650756146648
57585.0,0.0,614592.0,233867.0,1.0,1.0,0.0,1.0,155.0,7.0,113.0,9.0,0.0,204.0,0.0,4.0943445622221
57099.0,0.0,6618686.0,24946.0,0.0,0.0,46680.0,0.0,18.0,0.0,8.0,2.0,0.0,73.0,0.0,4.110873864173311
18619.0,0.0,1769186.0,199872.0,1.0,1.0,0.0,0.93,260.0,2.0,234.0,8.0,0.0,99.0,0.0,2.8903717578961645
787843.0,0.0,11072350.0,498345.0,1.0,1.0,0.0,0.75,351.0,4.0,247.0,18.0,0.0,260.0,0.0,3.4657359027997265
45753.0,0.0,4749419.0,313011.0,1.0,2.0,0.0,0.89,429.0,8.0,392.0,6.0,0.0,115.0,0.0,3.5263605246161616
438099.0,0.0,658685.0,22419.0,1.0,0.0,197585.0,0.0,17.0,2.0,9.0,2.0,0.0,203.0,0.0,2.9444389791664403
203309.0,1.0,2336895.0,324575.0,0.0,1.0,0.0,0.86,338.0,4.0,280.0,18.0,0.0,217.0,0.0,2.3978952727983707
265705.0,0.0,2885741.0,25167.0,0.0,0.0,1002026.0,0.0,13.0,0.0,5.0,3.0,0.0,50.0,0.0,4.700480365792417
125627.0,1.0,569001.0,691653.0,0.0,3.0,0.0,0.8,504.0,7.0,285.0,41.0,0.0,275.0,0.0,3.4657359027997265
528394.0,0.0,18434963.0,5269.0,1.0,1.0,0.0,0.88,14.0,2.0,12.0,0.0,0.0,84.0,0.0,2.833213344056216
209649.0,1.0,8575798.0,42871.0,0.0,0.0,69624.0,0.0,25.0,0.0,14.0,5.0,0.0,351.0,0.0,3.970291913552122
615692.0,0.0,18347665.0,5269.0,1.0,1.0,0.0,0.88,14.0,2.0,12.0,0.0,0.0,84.0,0.0,4.852030263919617
82233.0,0.0,5950027.0,51808.0,1.0,1.0,0.0,1.05,47.0,1.0,39.0,0.0,0.0,123.0,0.0,2.6390573296152584
471535.0,0.0,23091934.0,429238.0,1.0,1.0,0.0,0.76,302.0,5.0,200.0,20.0,0.0,238.0,0.0,2.5649493574615367
19089.0,1.0,11416648.0,24249.0,0.0,1.0,0.0,1.02,25.0,1.0,22.0,0.0,0.0,155.0,0.0,2.772588722239781
948979.0,0.0,1169565.0,22419.0,1.0,0.0,197585.0,0.0,17.0,2.0,9.0,2.0,0.0,203.0,0.0,4.844187086458591
195853.0,0.0,24438132.0,5190.0,0.0,0.0,1266.0,0.0,17.0,1.0,16.0,0.0,0.0,167.0,0.0,3.218875824868201
54523.0,0.0,6621262.0,24946.0,1.0,0.0,46680.0,0.0,18.0,0.0,8.0,2.0,0.0,73.0,0.0,2.079441541679836
428996.0,0.0,23992465.0,429238.0,0.0,1.0,0.0,0.76,302.0,5.0,200.0,20.0,0.0,238.0,0.0,3.295836866004329
304312.0,1.0,11142898.0,1475061.0,1.0,1.0,0.0,0.78,839.0,5.0,347.0,113.0,0.0,299.0,0.0,4.465908118654584
6030.0,1.0,2204692.0,52115.0,1.0,0.0,74.0,0.0,47.0,1.0,35.0,2.0,0.0,216.0,0.0,2.9444389791664403
736106.0,1.0,10355130.0,1181213.0,0.0,1.0,0.0,0.77,966.0,3.0,683.0,63.0,0.0,298.0,0.0,4.430816798843313
57294.0,0.0,3669125.0,145173.0,1.0,3.0,0.0,0.9033,132.0,7.0,99.0,6.0,0.0,122.0,0.0,5.049856007249537
109986.0,1.0,782163.0,233867.0,1.0,1.0,0.0,1.0,155.0,7.0,113.0,9.0,0.0,204.0,0.0,3.367295829986474
119891.0,0.0,25028253.0,66555.0,1.0,1.0,0.0,1.11,57.0,7.0,49.0,0.0,0.0,44.0,0.0,1.9459101490553128
308227.0,1.0,6058548.0,611853.0,0.0,2.0,0.0,0.78,517.0,2.0,306.0,45.0,0.0,115.0,0.0,2.995732273553991
9098.0,1.0,1396863.0,30826.0,0.0,1.0,0.0,0.77,26.0,1.0,19.0,0.0,0.0,41.0,0.0,2.995732273553991
258395.0,0.0,26967002.0,239436.0,1.0,1.0,0.0,0.83,250.0,5.0,228.0,1.0,0.0,210.0,0.0,2.8903717578961645
467864.0,0.0,18495493.0,5269.0,1.0,1.0,0.0,0.88,14.0,2.0,12.0,0.0,0.0,84.0,0.0,3.737669618283368
21938.0,0.0,5500247.0,9999.0,1.0,0.0,200389.0,0.0,7.0,1.0,6.0,0.0,0.0,42.0,0.0,2.70805020110221
522729.0,0.0,26702668.0,239436.0,1.0,1.0,0.0,0.83,250.0,5.0,228.0,1.0,0.0,210.0,0.0,3.713572066704308
23747.0,0.0,1668406.0,24593.0,1.0,1.0,0.0,1.02,31.0,4.0,25.0,0.0,0.0,540.0,0.0,5.60947179518496
30197.0,0.0,25488540.0,284620.0,1.0,1.0,0.0,0.97,155.0,2.0,119.0,9.0,0.0,124.0,0.0,4.189654742026425
288330.0,1.0,6038651.0,611853.0,0.0,2.0,0.0,0.78,517.0,2.0,306.0,45.0,0.0,115.0,0.0,5.003946305945459
33336.0,1.0,18893374.0,927611.0,0.0,1.0,0.0,0.86,614.0,3.0,475.0,27.0,0.0,168.0,0.0,2.19722457733622
65563.0,1.0,3434889.0,36667.0,0.0,1.0,0.0,0.95,59.0,2.0,57.0,0.0,0.0,26.0,0.0,4.0943445622221
137040.0,0.0,487014.0,57518.0,1.0,0.0,120382.0,0.0,48.0,1.0,37.0,1.0,0.0,225.0,0.0,4.499809670330265
349179.0,0.0,1821019.0,72008.0,0.0,1.0,0.0,0.95,80.0,1.0,74.0,1.0,0.0,151.0,0.0,4.158883083359672
507725.0,0.0,26717672.0,239436.0,0.0,1.0,0.0,0.83,250.0,5.0,228.0,1.0,0.0,210.0,0.0,4.804021044733257
47262.0,0.0,3903127.0,26961.0,0.0,1.0,0.0,0.97,16.0,1.0,9.0,3.0,0.0,83.0,0.0,4.442651256490317
369683.0,0.0,7710224.0,136039.0,1.0,1.0,0.0,0.9,91.0,1.0,68.0,5.0,0.0,495.0,0.0,4.219507705176107
1213766.0,0.0,20140476.0,927611.0,1.0,1.0,0.0,0.86,614.0,3.0,475.0,27.0,0.0,168.0,0.0,3.044522437723423
25895.0,0.0,1737414.0,5668.0,0.0,0.0,17747.0,0.0,4.0,1.0,3.0,0.0,0.0,64.0,0.0,3.1354942159291497
60148.0,0.0,3243440.0,164464.0,1.0,1.0,0.0,1.04,151.0,3.0,133.0,4.0,0.0,52.0,0.0,1.9459101490553128
110171.0,1.0,3129019.0,302818.0,1.0,3.0,0.0,0.94,368.0,2.0,313.0,11.0,0.0,179.0,0.0,2.9444389791664403
74156.0,0.0,4193735.0,132755.0,0.0,2.0,0.0,0.825,257.0,2.0,254.0,0.0,0.0,169.0,0.0,5.288267030694535
56695.0,1.0,422553.0,75433.0,1.0,1.0,0.0,0.81,82.0,2.0,60.0,4.0,0.0,29.0,0.0,5.170483995038151
5257.0,0.0,4498879.0,9882.0,1.0,1.0,0.0,0.85,11.0,1.0,7.0,2.0,0.0,94.0,0.0,3.1354942159291497
450558.0,0.0,25201799.0,22565.0,0.0,1.0,0.0,0.95,47.0,2.0,45.0,0.0,0.0,423.0,0.0,3.828641396489095
236695.0,0.0,19163405.0,927611.0,1.0,1.0,0.0,0.86,614.0,3.0,475.0,27.0,0.0,168.0,0.0,3.4339872044851463
108795.0,0.0,25039349.0,66555.0,0.0,1.0,0.0,1.11,57.0,7.0,49.0,0.0,0.0,44.0,0.0,4.663439094112067
62906.0,0.0,3217286.0,183782.0,1.0,1.0,0.0,0.88,207.0,1.0,195.0,0.0,0.0,153.0,0.0,2.70805020110221
547030.0,0.0,26378217.0,448833.0,0.0,2.0,0.0,0.92,446.0,1.0,405.0,6.0,0.0,204.0,0.0,2.4849066497880004
647326.0,0.0,867912.0,22419.0,0.0,0.0,197585.0,0.0,17.0,2.0,9.0,2.0,0.0,203.0,0.0,2.9444389791664403
314725.0,0.0,23878194.0,429238.0,0.0,1.0,0.0,0.76,302.0,5.0,200.0,20.0,0.0,238.0,0.0,3.091042453358316
474804.0,0.0,8362379.0,3021.0,1.0,1.0,0.0,0.71,0.0,0.0,0.0,0.0,0.0,15.0,0.0,3.58351893845611
199824.0,0.0,1128531.0,105735.0,1.0,1.0,0.0,1.05,99.0,2.0,86.0,3.0,0.0,204.0,0.0,3.555348061489413
3449.0,0.0,25151593.0,66555.0,0.0,1.0,0.0,1.11,57.0,7.0,49.0,0.0,0.0,44.0,0.0,3.737669618283368
52700.0,1.0,25200844.0,66555.0,0.0,1.0,0.0,1.11,57.0,7.0,49.0,0.0,0.0,44.0,0.0,5.393627546352362
33444.0,0.0,638733.0,233867.0,1.0,1.0,0.0,1.0,155.0,7.0,113.0,9.0,0.0,204.0,0.0,3.1354942159291497
144196.0,1.0,2192772.0,7419.0,0.0,1.0,0.0,0.96,14.0,1.0,13.0,0.0,0.0,59.0,0.0,4.7535901911063645
257480.0,0.0,25008721.0,22565.0,1.0,1.0,0.0,0.95,47.0,2.0,45.0,0.0,0.0,423.0,0.0,4.174387269895637
161042.0,1.0,432271.0,191707.0,0.0,1.0,0.0,1.22,127.0,1.0,91.0,8.0,0.0,480.0,0.0,6.996681488176539
21400.0,0.0,7310049.0,394619.0,1.0,1.0,0.0,0.89,385.0,1.0,334.0,8.0,0.0,170.0,0.0,4.691347882229144
35545.0,1.0,35822.0,11664.0,1.0,1.0,0.0,0.75,12.0,2.0,6.0,3.0,0.0,32.0,0.0,2.6390573296152584
127794.0,1.0,6718409.0,13345.0,0.0,1.0,0.0,1.05,32.0,2.0,30.0,0.0,0.0,200.0,0.0,2.995732273553991
117965.0,1.0,917579.0,247493.0,1.0,1.0,0.0,0.84,324.0,9.0,302.0,1.0,0.0,250.0,0.0,3.951243718581428
39123.0,0.0,633054.0,233867.0,1.0,1.0,0.0,1.0,155.0,7.0,113.0,9.0,0.0,204.0,0.0,4.07753744390572
886393.0,0.0,18076964.0,5269.0,0.0,1.0,0.0,0.88,14.0,2.0,12.0,0.0,0.0,84.0,0.0,3.1354942159291497
17248.0,0.0,518482.0,122207.0,1.0,3.0,0.0,0.8433,148.0,1.0,140.0,1.0,0.0,289.0,0.0,3.4011973816621555
16688.0,0.0,702741.0,685926.0,0.0,3.0,0.0,0.93,464.0,2.0,300.0,34.0,0.0,74.0,0.0,4.382026634673881
235557.0,0.0,8705910.0,28065.0,0.0,1.0,0.0,0.71,46.0,0.0,29.0,2.0,0.0,38.0,0.0,2.302585092994046
301460.0,0.0,16737688.0,13893.0,1.0,0.0,1864631.0,0.0,10.0,2.0,8.0,0.0,0.0,168.0,0.0,2.4849066497880004
4940.0,1.0,25823576.0,34597.0,0.0,1.0,0.0,1.11,35.0,3.0,32.0,0.0,0.0,59.0,0.0,3.80666248977032
15098.0,0.0,8822085.0,3021.0,0.0,1.0,0.0,0.71,0.0,0.0,0.0,0.0,0.0,15.0,0.0,3.1354942159291497
741263.0,0.0,18222094.0,5269.0,1.0,1.0,0.0,0.88,14.0,2.0,12.0,0.0,0.0,84.0,0.0,5.424950017481403
307136.0,1.0,1188053.0,86371.0,0.0,2.0,0.0,0.85,121.0,1.0,113.0,1.0,0.0,381.0,0.0,3.332204510175204
690.0,1.0,494313.0,125097.0,0.0,1.0,0.0,0.84,93.0,1.0,66.0,7.0,0.0,481.0,0.0,2.079441541679836
319389.0,0.0,25070630.0,22565.0,0.0,1.0,0.0,0.95,47.0,2.0,45.0,0.0,0.0,423.0,0.0,2.19722457733622
473326.0,1.0,6223647.0,611853.0,1.0,2.0,0.0,0.78,517.0,2.0,306.0,45.0,0.0,115.0,0.0,4.23410650459726
329336.0,1.0,6079657.0,611853.0,0.0,2.0,0.0,0.78,517.0,2.0,306.0,45.0,0.0,115.0,0.0,3.8918202981106265
706453.0,0.0,12175104.0,23144.0,0.0,1.0,0.0,1.1,19.0,1.0,15.0,0.0,0.0,80.0,0.0,3.1354942159291497
15376.0,1.0,52991.0,157128.0,0.0,1.0,0.0,1.24,88.0,4.0,59.0,3.0,0.0,94.0,0.0,2.302585092994046
374623.0,1.0,23188846.0,429238.0,1.0,1.0,0.0,0.76,302.0,5.0,200.0,20.0,0.0,238.0,0.0,4.74493212836325
446599.0,0.0,22251357.0,407899.0,1.0,1.0,0.0,0.82,151.0,4.0,68.0,22.0,0.0,275.0,0.0,5.53338948872752
319470.0,1.0,6436254.0,749455.0,0.0,1.0,0.0,0.91,434.0,2.0,202.0,68.0,0.0,68.0,0.0,4.90527477843843
40664.0,0.0,2914728.0,8803.0,1.0,1.0,0.0,0.92,25.0,1.0,24.0,0.0,0.0,88.0,0.0,4.499809670330265
33823.0,1.0,3365697.0,117737.0,1.0,3.0,0.0,1.2433,112.0,7.0,85.0,4.0,0.0,111.0,0.0,2.6390573296152584
124545.0,1.0,3114645.0,302818.0,0.0,3.0,0.0,0.94,368.0,2.0,313.0,11.0,0.0,179.0,0.0,2.833213344056216
526310.0,0.0,19453020.0,927611.0,1.0,1.0,0.0,0.86,614.0,3.0,475.0,27.0,0.0,168.0,0.0,3.367295829986474
161459.0,0.0,2781495.0,25167.0,0.0,0.0,1002026.0,0.0,13.0,0.0,5.0,3.0,0.0,50.0,0.0,3.58351893845611
89749.0,1.0,2963813.0,8803.0,0.0,1.0,0.0,0.92,25.0,1.0,24.0,0.0,0.0,88.0,0.0,3.1780538303479458
10251.0,0.0,585811.0,63863.0,1.0,0.0,43104.0,0.0,49.0,1.0,42.0,1.0,0.0,260.0,0.0,2.8903717578961645
13119.0,0.0,1905717.0,7270.0,1.0,0.0,243.0,0.0,11.0,2.0,9.0,0.0,0.0,19.0,0.0,3.044522437723423
250834.0,0.0,26082021.0,448833.0,1.0,2.0,0.0,0.92,446.0,1.0,405.0,6.0,0.0,204.0,0.0,4.795790545596741
112533.0,0.0,25035611.0,66555.0,1.0,1.0,0.0,1.11,57.0,7.0,49.0,0.0,0.0,44.0,0.0,2.70805020110221
34634.0,0.0,25182778.0,66555.0,0.0,1.0,0.0,1.11,57.0,7.0,49.0,0.0,0.0,44.0,0.0,2.302585092994046
14985.0,1.0,1514963.0,138749.0,1.0,2.0,0.0,0.7,22.0,1.0,4.0,2.0,0.0,165.0,0.0,2.70805020110221
31510.0,0.0,1356255.0,30826.0,1.0,1.0,0.0,0.77,26.0,1.0,19.0,0.0,0.0,41.0,0.0,3.49650756146648
1028002.0,0.0,21474846.0,7465.0,1.0,3.0,0.0,0.9067,23.0,2.0,21.0,0.0,0.0,600.0,0.0,2.4849066497880004
7386.0,1.0,1704133.0,5668.0,0.0,0.0,17747.0,0.0,4.0,1.0,3.0,0.0,0.0,64.0,0.0,6.056784013228625
1132121.0,0.0,12579331.0,1475061.0,0.0,1.0,0.0,0.78,839.0,5.0,347.0,113.0,0.0,299.0,0.0,4.158883083359672
34809.0,0.0,2829238.0,4981.0,1.0,2.0,0.0,0.895,14.0,1.0,13.0,0.0,0.0,331.0,0.0,2.079441541679836
378501.0,0.0,1028158.0,65530.0,0.0,0.0,34197.0,0.0,55.0,1.0,27.0,6.0,0.0,516.0,0.0,2.70805020110221
15023.0,0.0,1765590.0,199872.0,1.0,1.0,0.0,0.93,260.0,2.0,234.0,8.0,0.0,99.0,0.0,3.367295829986474
37711.0,0.0,2826336.0,4981.0,1.0,2.0,0.0,0.895,14.0,1.0,13.0,0.0,0.0,331.0,0.0,2.5649493574615367
8961.0,0.0,25864132.0,28483.0,0.0,1.0,0.0,1.06,25.0,1.0,24.0,0.0,0.0,411.0,0.0,2.4849066497880004
416126.0,0.0,12695988.0,6164.0,1.0,0.0,1011774.0,0.0,11.0,1.0,9.0,0.0,0.0,67.0,0.0,4.007333185232471
402710.0,0.0,26233897.0,448833.0,1.0,2.0,0.0,0.92,446.0,1.0,405.0,6.0,0.0,204.0,0.0,3.4657359027997265
380540.0,0.0,25131781.0,22565.0,1.0,1.0,0.0,0.95,47.0,2.0,45.0,0.0,0.0,423.0,0.0,4.382026634673881
398092.0,0.0,7954434.0,111945.0,0.0,1.0,0.0,0.99,167.0,3.0,163.0,0.0,0.0,931.0,0.0,5.541263545158426
136492.0,0.0,11583702.0,1475061.0,1.0,1.0,0.0,0.78,839.0,5.0,347.0,113.0,0.0,299.0,0.0,4.948759890378168
131766.0,0.0,2751802.0,25167.0,0.0,0.0,1002026.0,0.0,13.0,0.0,5.0,3.0,0.0,50.0,0.0,4.248495242049359
70587.0,1.0,7614596.0,281987.0,1.0,1.0,0.0,0.98,301.0,2.0,273.0,9.0,0.0,309.0,0.0,2.995732273553991
20739.0,1.0,11426471.0,1475061.0,1.0,1.0,0.0,0.78,839.0,5.0,347.0,113.0,0.0,299.0,0.0,3.555348061489413
1582063.0,0.0,13592397.0,24901.0,0.0,3.0,0.0,0.99,31.0,3.0,25.0,2.0,0.0,78.0,0.0,3.091042453358316
127320.0,1.0,908224.0,247493.0,0.0,1.0,0.0,0.84,324.0,9.0,302.0,1.0,0.0,250.0,0.0,2.3978952727983707
197673.0,1.0,2342531.0,324575.0,0.0,1.0,0.0,0.86,338.0,4.0,280.0,18.0,0.0,217.0,0.0,5.313205979041787
33102.0,1.0,446146.0,75433.0,1.0,1.0,0.0,0.81,82.0,2.0,60.0,4.0,0.0,29.0,0.0,2.302585092994046
14744.0,0.0,12077978.0,177422.0,0.0,1.0,0.0,0.93,85.0,5.0,47.0,11.0,0.0,112.0,0.0,3.688879454113936
711547.0,0.0,11148646.0,498345.0,0.0,1.0,0.0,0.75,351.0,4.0,247.0,18.0,0.0,260.0,0.0,5.278114659230517
531940.0,0.0,19458650.0,927611.0,1.0,1.0,0.0,0.86,614.0,3.0,475.0,27.0,0.0,168.0,0.0,4.276666119016055
56847.0,0.0,1950688.0,104921.0,0.0,1.0,0.0,0.82,80.0,3.0,65.0,1.0,0.0,244.0,0.0,3.367295829986474
56420.0,1.0,6399026.0,394295.0,0.0,1.0,0.0,0.87,336.0,2.0,260.0,23.0,0.0,145.0,0.0,2.19722457733622
152633.0,0.0,519544.0,233867.0,0.0,1.0,0.0,1.0,155.0,7.0,113.0,9.0,0.0,204.0,0.0,2.772588722239781
812018.0,0.0,18151339.0,5269.0,1.0,1.0,0.0,0.88,14.0,2.0,12.0,0.0,0.0,84.0,0.0,4.477336814478207
397389.0,0.0,26228576.0,448833.0,0.0,2.0,0.0,0.92,446.0,1.0,405.0,6.0,0.0,204.0,0.0,3.8501476017100575
165220.0,0.0,2785256.0,25167.0,1.0,0.0,1002026.0,0.0,13.0,0.0,5.0,3.0,0.0,50.0,0.0,2.19722457733622
55546.0,1.0,25203690.0,66555.0,0.0,1.0,0.0,1.11,57.0,7.0,49.0,0.0,0.0,44.0,0.0,4.07753744390572
95932.0,1.0,939612.0,247493.0,1.0,1.0,0.0,0.84,324.0,9.0,302.0,1.0,0.0,250.0,0.0,3.8918202981106265
771174.0,1.0,10390198.0,1181213.0,0.0,1.0,0.0,0.77,966.0,3.0,683.0,63.0,0.0,298.0,0.0,1.791759469228055
432119.0,0.0,17471267.0,13893.0,0.0,0.0,1864631.0,0.0,10.0,2.0,8.0,0.0,0.0,168.0,0.0,2.772588722239781
25803.0,1.0,1089308.0,132301.0,0.0,1.0,0.0,1.15,108.0,1.0,86.0,8.0,0.0,230.0,0.0,2.3978952727983707
391364.0,0.0,657405.0,16502.0,0.0,1.0,0.0,1.11,19.0,3.0,16.0,0.0,0.0,132.0,0.0,4.718498871295094
18392.0,0.0,23581861.0,429238.0,1.0,1.0,0.0,0.76,302.0,5.0,200.0,20.0,0.0,238.0,0.0,4.219507705176107
578669.0,1.0,8944818.0,42871.0,0.0,0.0,69624.0,0.0,25.0,0.0,14.0,5.0,0.0,351.0,0.0,3.8918202981106265
428105.0,0.0,12684009.0,6164.0,0.0,0.0,1011774.0,0.0,11.0,1.0,9.0,0.0,0.0,67.0,0.0,4.634728988229636
32260.0,0.0,2569155.0,12239.0,1.0,1.0,0.0,0.6,14.0,1.0,10.0,0.0,0.0,14.0,0.0,3.9889840465642745
430597.0,0.0,19357307.0,927611.0,1.0,1.0,0.0,0.86,614.0,3.0,475.0,27.0,0.0,168.0,0.0,2.6390573296152584
399696.0,0.0,25150937.0,22565.0,1.0,1.0,0.0,0.95,47.0,2.0,45.0,0.0,0.0,423.0,0.0,4.007333185232471
484531.0,0.0,19411241.0,927611.0,1.0,1.0,0.0,0.86,614.0,3.0,475.0,27.0,0.0,168.0,0.0,2.3978952727983707
79105.0,1.0,751282.0,233867.0,1.0,1.0,0.0,1.0,155.0,7.0,113.0,9.0,0.0,204.0,0.0,2.4849066497880004
220098.0,0.0,22722946.0,7465.0,1.0,3.0,0.0,0.9067,23.0,2.0,21.0,0.0,0.0,600.0,0.0,3.5263605246161616
59186.0,1.0,3340334.0,117737.0,0.0,3.0,0.0,1.2433,112.0,7.0,85.0,4.0,0.0,111.0,0.0,2.19722457733622
24086.0,0.0,1315704.0,5602.0,0.0,1.0,0.0,0.94,9.0,2.0,7.0,0.0,0.0,104.0,0.0,4.276666119016055
12224.0,1.0,2238730.0,98417.0,0.0,1.0,0.0,0.93,66.0,2.0,50.0,2.0,0.0,171.0,0.0,4.276666119016055
654562.0,0.0,26524354.0,199148.0,1.0,1.0,0.0,0.9,221.0,2.0,210.0,2.0,0.0,170.0,0.0,3.4657359027997265
17167.0,0.0,7009635.0,65768.0,1.0,1.0,0.0,1.01,58.0,1.0,55.0,0.0,0.0,54.0,0.0,3.9318256327243257
516086.0,0.0,17555234.0,13893.0,0.0,0.0,1864631.0,0.0,10.0,2.0,8.0,0.0,0.0,168.0,0.0,2.3978952727983707
151768.0,0.0,1188022.0,5602.0,0.0,1.0,0.0,0.94,9.0,2.0,7.0,0.0,0.0,104.0,0.0,2.833213344056216
61054.0,0.0,611123.0,233867.0,0.0,1.0,0.0,1.0,155.0,7.0,113.0,9.0,0.0,204.0,0.0,2.772588722239781
316514.0,0.0,19279871.0,5269.0,0.0,1.0,0.0,0.88,14.0,2.0,12.0,0.0,0.0,84.0,0.0,3.610917912644224
272659.0,0.0,22775507.0,7465.0,0.0,3.0,0.0,0.9067,23.0,2.0,21.0,0.0,0.0,600.0,0.0,2.70805020110221
60504.0,1.0,2316807.0,61494.0,0.0,2.0,0.0,0.95,66.0,3.0,58.0,1.0,0.0,34.0,0.0,2.5649493574615367
251750.0,0.0,472336.0,22419.0,1.0,0.0,197585.0,0.0,17.0,2.0,9.0,2.0,0.0,203.0,0.0,3.332204510175204
290230.0,0.0,22094988.0,407899.0,0.0,1.0,0.0,0.82,151.0,4.0,68.0,22.0,0.0,275.0,0.0,2.079441541679836
404936.0,0.0,3024972.0,25167.0,1.0,0.0,1002026.0,0.0,13.0,0.0,5.0,3.0,0.0,50.0,0.0,3.912023005428146
93290.0,0.0,1804809.0,5668.0,1.0,0.0,17747.0,0.0,4.0,1.0,3.0,0.0,0.0,64.0,0.0,2.833213344056216
29452.0,1.0,748881.0,685926.0,0.0,3.0,0.0,0.93,464.0,2.0,300.0,34.0,0.0,74.0,0.0,2.3978952727983707
39115.0,0.0,18965825.0,927611.0,0.0,1.0,0.0,0.86,614.0,3.0,475.0,27.0,0.0,168.0,0.0,3.713572066704308
234578.0,1.0,3582500.0,363512.0,0.0,1.0,0.0,0.9,362.0,2.0,318.0,16.0,0.0,360.0,0.0,4.962844630259907
39955.0,1.0,1710612.0,199872.0,0.0,1.0,0.0,0.93,260.0,2.0,234.0,8.0,0.0,99.0,0.0,4.143134726391533
55937.0,1.0,439066.0,125097.0,1.0,1.0,0.0,0.84,93.0,1.0,66.0,7.0,0.0,481.0,0.0,3.4011973816621555
15274.0,1.0,1267731.0,54796.0,0.0,1.0,0.0,0.84,57.0,2.0,44.0,3.0,0.0,357.0,0.0,3.4657359027997265
431806.0,0.0,7920720.0,111945.0,0.0,1.0,0.0,0.99,167.0,3.0,163.0,0.0,0.0,931.0,0.0,4.174387269895637
29720.0,1.0,701897.0,233867.0,0.0,1.0,0.0,1.0,155.0,7.0,113.0,9.0,0.0,204.0,0.0,2.4849066497880004
708753.0,0.0,12177404.0,23144.0,0.0,1.0,0.0,1.1,19.0,1.0,15.0,0.0,0.0,80.0,0.0,4.59511985013459
817567.0,0.0,1802469.0,25167.0,0.0,0.0,1002026.0,0.0,13.0,0.0,5.0,3.0,0.0,50.0,0.0,3.970291913552122
228966.0,0.0,24980207.0,22565.0,1.0,1.0,0.0,0.95,47.0,2.0,45.0,0.0,0.0,423.0,0.0,3.332204510175204
401647.0,0.0,12710467.0,6164.0,0.0,0.0,1011774.0,0.0,11.0,1.0,9.0,0.0,0.0,67.0,0.0,3.8918202981106265
37541.0,0.0,312433.0,57518.0,1.0,0.0,120382.0,0.0,48.0,1.0,37.0,1.0,0.0,225.0,0.0,3.4011973816621555
103870.0,0.0,6742333.0,13345.0,0.0,1.0,0.0,1.05,32.0,2.0,30.0,0.0,0.0,200.0,0.0,4.330733340286331
208210.0,0.0,23647564.0,94653.0,0.0,1.0,0.0,0.94,76.0,4.0,63.0,2.0,0.0,70.0,0.0,4.927253685157205
27878.0,1.0,451370.0,75433.0,1.0,1.0,0.0,0.81,82.0,2.0,60.0,4.0,0.0,29.0,0.0,3.367295829986474
72867.0,1.0,7616876.0,281987.0,0.0,1.0,0.0,0.98,301.0,2.0,273.0,9.0,0.0,309.0,0.0,3.49650756146648
152732.0,0.0,18810625.0,5269.0,0.0,1.0,0.0,0.88,14.0,2.0,12.0,0.0,0.0,84.0,0.0,4.718498871295094
1432.0,0.0,7107734.0,4735.0,0.0,1.0,0.0,0.85,7.0,1.0,6.0,0.0,0.0,37.0,0.0,3.5263605246161616
68855.0,0.0,5963405.0,51808.0,1.0,1.0,0.0,1.05,47.0,1.0,39.0,0.0,0.0,123.0,0.0,3.970291913552122
10736.0,1.0,484267.0,125097.0,1.0,1.0,0.0,0.84,93.0,1.0,66.0,7.0,0.0,481.0,0.0,4.060443010546419
47290.0,1.0,3661141.0,81730.0,0.0,1.0,0.0,0.82,100.0,3.0,86.0,3.0,0.0,398.0,0.0,2.8903717578961645
7648.0,0.0,3158177.0,100187.0,1.0,1.0,0.0,1.06,79.0,5.0,64.0,1.0,0.0,114.0,0.0,4.7535901911063645
738644.0,0.0,12207295.0,23144.0,0.0,1.0,0.0,1.1,19.0,1.0,15.0,0.0,0.0,80.0,0.0,3.9318256327243257
484557.0,0.0,16554591.0,13893.0,1.0,0.0,1864631.0,0.0,10.0,2.0,8.0,0.0,0.0,168.0,0.0,3.6635616461296463
117359.0,1.0,799024.0,5083.0,0.0,1.0,0.0,0.99,9.0,2.0,7.0,0.0,0.0,54.0,0.0,5.8805329864007
24570.0,0.0,600130.0,63863.0,1.0,0.0,43104.0,0.0,49.0,1.0,42.0,1.0,0.0,260.0,0.0,2.9444389791664403
45119.0,0.0,3228411.0,164464.0,1.0,1.0,0.0,1.04,151.0,3.0,133.0,4.0,0.0,52.0,0.0,3.332204510175204
55365.0,1.0,55365.0,88574.0,0.0,3.0,0.0,0.8933,135.0,2.0,124.0,3.0,4.0,335.0,1.0,1.3862943611198906
92215.0,1.0,793552.0,49720.0,1.0,1.0,0.0,0.97,43.0,1.0,41.0,1.0,0.0,1031.0,0.0,3.8501476017100575
424473.0,0.0,26800924.0,239436.0,1.0,1.0,0.0,0.83,250.0,5.0,228.0,1.0,0.0,210.0,0.0,3.610917912644224
35480.0,0.0,653900.0,18948.0,0.0,1.0,0.0,1.05,17.0,1.0,15.0,0.0,0.0,63.0,0.0,4.867534450455582
479390.0,1.0,6229711.0,611853.0,1.0,2.0,0.0,0.78,517.0,2.0,306.0,45.0,0.0,115.0,0.0,2.6390573296152584
34075.0,0.0,342184.0,2285.0,1.0,1.0,0.0,0.76,6.0,1.0,3.0,0.0,0.0,34.0,0.0,3.091042453358316
1399375.0,0.0,20405383.0,407899.0,0.0,1.0,0.0,0.82,151.0,4.0,68.0,22.0,0.0,275.0,0.0,2.19722457733622
253929.0,0.0,863399.0,33425.0,0.0,2.0,0.0,0.89,50.0,1.0,40.0,4.0,0.0,1345.0,0.0,3.218875824868201
548738.0,1.0,10167762.0,1181213.0,0.0,1.0,0.0,0.77,966.0,3.0,683.0,63.0,0.0,298.0,0.0,3.8918202981106265
15079.0,1.0,3693352.0,81730.0,0.0,1.0,0.0,0.82,100.0,3.0,86.0,3.0,0.0,398.0,0.0,3.970291913552122
145920.0,0.0,9075398.0,4557.0,0.0,1.0,0.0,1.18,14.0,1.0,13.0,0.0,0.0,232.0,0.0,4.007333185232471
89731.0,1.0,360960.0,191707.0,0.0,1.0,0.0,1.22,127.0,1.0,91.0,8.0,0.0,480.0,0.0,4.127134385045092
4499.0,1.0,11013793.0,43655.0,0.0,9.0,0.0,0.7778,98.0,1.0,94.0,0.0,0.0,543.0,0.0,2.70805020110221
642417.0,0.0,12111068.0,23144.0,0.0,1.0,0.0,1.1,19.0,1.0,15.0,0.0,0.0,80.0,0.0,3.8918202981106265
59718.0,1.0,1690849.0,199872.0,0.0,1.0,0.0,0.93,260.0,2.0,234.0,8.0,0.0,99.0,0.0,3.091042453358316
760079.0,0.0,12228730.0,23144.0,0.0,1.0,0.0,1.1,19.0,1.0,15.0,0.0,0.0,80.0,0.0,6.1224928095143865
117741.0,1.0,388970.0,191707.0,0.0,1.0,0.0,1.22,127.0,1.0,91.0,8.0,0.0,480.0,0.0,4.248495242049359
34872.0,1.0,1715695.0,199872.0,0.0,1.0,0.0,0.93,260.0,2.0,234.0,8.0,0.0,99.0,0.0,2.995732273553991
231664.0,1.0,4748071.0,574324.0,0.0,1.0,0.0,0.93,529.0,2.0,401.0,25.0,0.0,132.0,0.0,4.158883083359672
199815.0,0.0,1235359.0,247493.0,1.0,1.0,0.0,0.84,324.0,9.0,302.0,1.0,0.0,250.0,0.0,4.976733742420574
248719.0,0.0,469305.0,22419.0,0.0,0.0,197585.0,0.0,17.0,2.0,9.0,2.0,0.0,203.0,0.0,3.737669618283368
19160.0,1.0,919148.0,23363.0,0.0,2.0,0.0,0.89,34.0,1.0,24.0,1.0,0.0,213.0,0.0,2.5649493574615367
283445.0,1.0,6033766.0,611853.0,1.0,2.0,0.0,0.78,517.0,2.0,306.0,45.0,0.0,115.0,0.0,2.3978952727983707
22210.0,0.0,1669943.0,24593.0,1.0,1.0,0.0,1.02,31.0,4.0,25.0,0.0,0.0,540.0,0.0,3.555348061489413
742690.0,0.0,12211341.0,23144.0,0.0,1.0,0.0,1.1,19.0,1.0,15.0,0.0,0.0,80.0,0.0,2.995732273553991
425417.0,0.0,23988886.0,429238.0,0.0,1.0,0.0,0.76,302.0,5.0,200.0,20.0,0.0,238.0,0.0,5.225746673713202
286230.0,1.0,6036551.0,611853.0,1.0,2.0,0.0,0.78,517.0,2.0,306.0,45.0,0.0,115.0,0.0,3.8918202981106265
336456.0,0.0,25087697.0,22565.0,1.0,1.0,0.0,0.95,47.0,2.0,45.0,0.0,0.0,423.0,0.0,3.555348061489413
276880.0,1.0,996309.0,685926.0,1.0,3.0,0.0,0.93,464.0,2.0,300.0,34.0,0.0,74.0,0.0,4.6443908991413725
23514.0,1.0,1411279.0,30826.0,1.0,1.0,0.0,0.77,26.0,1.0,19.0,0.0,0.0,41.0,0.0,4.127134385045092
186600.0,0.0,6754152.0,33888.0,0.0,1.0,0.0,1.01,54.0,2.0,52.0,0.0,0.0,590.0,0.0,2.6390573296152584
270596.0,0.0,22773444.0,7465.0,0.0,3.0,0.0,0.9067,23.0,2.0,21.0,0.0,0.0,600.0,0.0,3.6635616461296463
1594.0,0.0,1116705.0,132301.0,0.0,1.0,0.0,1.15,108.0,1.0,86.0,8.0,0.0,230.0,0.0,3.4011973816621555
95485.0,1.0,2969549.0,8803.0,1.0,1.0,0.0,0.92,25.0,1.0,24.0,0.0,0.0,88.0,0.0,3.970291913552122
608859.0,0.0,12056069.0,1475061.0,0.0,1.0,0.0,0.78,839.0,5.0,347.0,113.0,0.0,299.0,0.0,2.70805020110221
314084.0,0.0,26145271.0,448833.0,1.0,2.0,0.0,0.92,446.0,1.0,405.0,6.0,0.0,204.0,0.0,4.158883083359672
947854.0,0.0,1672182.0,25167.0,1.0,0.0,1002026.0,0.0,13.0,0.0,5.0,3.0,0.0,50.0,0.0,2.302585092994046
79835.0,0.0,194879.0,2437.0,0.0,1.0,0.0,1.01,7.0,1.0,5.0,0.0,0.0,4.0,0.0,3.58351893845611
1475.0,0.0,15175935.0,24901.0,0.0,3.0,0.0,0.99,31.0,3.0,25.0,2.0,0.0,78.0,0.0,2.6390573296152584
28946.0,1.0,3309138.0,183782.0,0.0,1.0,0.0,0.88,207.0,1.0,195.0,0.0,0.0,153.0,0.0,3.044522437723423
700348.0,0.0,18263009.0,5269.0,0.0,1.0,0.0,0.88,14.0,2.0,12.0,0.0,0.0,84.0,0.0,3.044522437723423
35648.0,0.0,1829897.0,103509.0,1.0,2.0,0.0,0.9,104.0,7.0,90.0,1.0,0.0,81.0,0.0,4.812184355372417
2960.0,1.0,931667.0,105735.0,0.0,1.0,0.0,1.05,99.0,2.0,86.0,3.0,0.0,204.0,0.0,4.543294782270004
5865.0,1.0,3702566.0,81730.0,0.0,1.0,0.0,0.82,100.0,3.0,86.0,3.0,0.0,398.0,0.0,3.1354942159291497
1762358.0,0.0,13209568.0,1475061.0,1.0,1.0,0.0,0.78,839.0,5.0,347.0,113.0,0.0,299.0,0.0,2.833213344056216
56706.0,0.0,15117754.0,24901.0,0.0,3.0,0.0,0.99,31.0,3.0,25.0,2.0,0.0,78.0,0.0,2.19722457733622
423982.0,0.0,7928544.0,111945.0,0.0,1.0,0.0,0.99,167.0,3.0,163.0,0.0,0.0,931.0,0.0,4.574710978503383
92983.0,0.0,4799190.0,70638.0,1.0,1.0,0.0,0.95,49.0,2.0,37.0,3.0,0.0,72.0,0.0,2.8903717578961645
52917.0,1.0,324146.0,191707.0,0.0,1.0,0.0,1.22,127.0,1.0,91.0,8.0,0.0,480.0,0.0,3.951243718581428
1989.0,1.0,3706442.0,81730.0,0.0,1.0,0.0,0.82,100.0,3.0,86.0,3.0,0.0,398.0,0.0,3.367295829986474
296530.0,0.0,23859999.0,429238.0,1.0,1.0,0.0,0.76,302.0,5.0,200.0,20.0,0.0,238.0,0.0,3.1780538303479458
85453.0,0.0,1238151.0,27512.0,0.0,1.0,0.0,0.82,43.0,2.0,36.0,2.0,0.0,231.0,0.0,2.995732273553991
735593.0,0.0,12204244.0,23144.0,0.0,1.0,0.0,1.1,19.0,1.0,15.0,0.0,0.0,80.0,0.0,3.828641396489095
12934.0,0.0,337040.0,57518.0,1.0,0.0,120382.0,0.0,48.0,1.0,37.0,1.0,0.0,225.0,0.0,3.295836866004329
661986.0,0.0,12130637.0,23144.0,0.0,1.0,0.0,1.1,19.0,1.0,15.0,0.0,0.0,80.0,0.0,2.302585092994046
284571.0,0.0,25035812.0,22565.0,0.0,1.0,0.0,0.95,47.0,2.0,45.0,0.0,0.0,423.0,0.0,2.079441541679836
121894.0,0.0,9099424.0,4557.0,0.0,1.0,0.0,1.18,14.0,1.0,13.0,0.0,0.0,232.0,0.0,1.9459101490553128
29916.0,1.0,1005628.0,247493.0,1.0,1.0,0.0,0.84,324.0,9.0,302.0,1.0,0.0,250.0,0.0,3.218875824868201
20283.0,1.0,25127861.0,66555.0,0.0,1.0,0.0,1.11,57.0,7.0,49.0,0.0,0.0,44.0,0.0,3.258096538021482
418399.0,0.0,22921247.0,7465.0,1.0,3.0,0.0,0.9067,23.0,2.0,21.0,0.0,0.0,600.0,0.0,2.70805020110221
356870.0,1.0,6107191.0,611853.0,0.0,2.0,0.0,0.78,517.0,2.0,306.0,45.0,0.0,115.0,0.0,3.258096538021482
46634.0,0.0,5237135.0,36273.0,1.0,0.0,270690.0,0.0,22.0,1.0,21.0,0.0,0.0,1211.0,0.0,4.465908118654584
556519.0,1.0,18370191.0,927611.0,0.0,1.0,0.0,0.86,614.0,3.0,475.0,27.0,0.0,168.0,0.0,2.3978952727983707
704363.0,0.0,12173014.0,23144.0,0.0,1.0,0.0,1.1,19.0,1.0,15.0,0.0,0.0,80.0,0.0,3.9318256327243257
53994.0,0.0,3217672.0,5345.0,1.0,2.0,0.0,0.8,16.0,2.0,14.0,0.0,0.0,330.0,0.0,4.68213122712422
546083.0,0.0,12014734.0,23144.0,0.0,1.0,0.0,1.1,19.0,1.0,15.0,0.0,0.0,80.0,0.0,4.356708826689592
125411.0,1.0,3884617.0,293196.0,0.0,1.0,0.0,0.99,464.0,4.0,416.0,6.0,0.0,122.0,0.0,3.218875824868201
1158483.0,0.0,21344365.0,7465.0,0.0,3.0,0.0,0.9067,23.0,2.0,21.0,0.0,0.0,600.0,0.0,2.079441541679836
58179.0,1.0,436824.0,125097.0,0.0,1.0,0.0,0.84,93.0,1.0,66.0,7.0,0.0,481.0,0.0,3.295836866004329
200391.0,0.0,19127101.0,927611.0,1.0,1.0,0.0,0.86,614.0,3.0,475.0,27.0,0.0,168.0,0.0,2.19722457733622
323217.0,0.0,19286574.0,5269.0,1.0,1.0,0.0,0.88,14.0,2.0,12.0,0.0,0.0,84.0,0.0,4.276666119016055
14008.0,1.0,1166706.0,27512.0,0.0,1.0,0.0,0.82,43.0,2.0,36.0,2.0,0.0,231.0,0.0,4.127134385045092
93941.0,1.0,12186663.0,177422.0,1.0,1.0,0.0,0.93,85.0,5.0,47.0,11.0,0.0,112.0,0.0,3.8918202981106265
228344.0,1.0,2311860.0,324575.0,0.0,1.0,0.0,0.86,338.0,4.0,280.0,18.0,0.0,217.0,0.0,3.784189633918261
13904.0,0.0,658273.0,233867.0,0.0,1.0,0.0,1.0,155.0,7.0,113.0,9.0,0.0,204.0,0.0,7.057036981697891
32280.0,1.0,12125002.0,177422.0,1.0,1.0,0.0,0.93,85.0,5.0,47.0,11.0,0.0,112.0,0.0,2.302585092994046
544559.0,0.0,23018910.0,429238.0,0.0,1.0,0.0,0.76,302.0,5.0,200.0,20.0,0.0,238.0,0.0,2.3978952727983707
483512.0,0.0,26314699.0,448833.0,1.0,2.0,0.0,0.92,446.0,1.0,405.0,6.0,0.0,204.0,0.0,2.772588722239781
309299.0,0.0,17348447.0,13893.0,0.0,0.0,1864631.0,0.0,10.0,2.0,8.0,0.0,0.0,168.0,0.0,3.871201010907891
118153.0,1.0,790330.0,233867.0,0.0,1.0,0.0,1.0,155.0,7.0,113.0,9.0,0.0,204.0,0.0,2.3978952727983707
541247.0,0.0,17580395.0,13893.0,0.0,0.0,1864631.0,0.0,10.0,2.0,8.0,0.0,0.0,168.0,0.0,2.4849066497880004
313268.0,1.0,4829675.0,574324.0,0.0,1.0,0.0,0.93,529.0,2.0,401.0,25.0,0.0,132.0,0.0,5.262690188904886
118382.0,1.0,654112.0,122207.0,0.0,3.0,0.0,0.8433,148.0,1.0,140.0,1.0,0.0,289.0,0.0,2.4849066497880004
54489.0,0.0,11072781.0,43655.0,0.0,9.0,0.0,0.7778,98.0,1.0,94.0,0.0,0.0,543.0,0.0,3.58351893845611
46527.0,1.0,1704040.0,199872.0,0.0,1.0,0.0,0.93,260.0,2.0,234.0,8.0,0.0,99.0,0.0,2.833213344056216
136345.0,0.0,1847864.0,5668.0,1.0,0.0,17747.0,0.0,4.0,1.0,3.0,0.0,0.0,64.0,0.0,4.934473933130692
440658.0,0.0,661244.0,22419.0,1.0,0.0,197585.0,0.0,17.0,2.0,9.0,2.0,0.0,203.0,0.0,4.356708826689592
37789.0,1.0,360075.0,110683.0,0.0,2.0,0.0,0.925,73.0,2.0,58.0,2.0,0.0,80.0,0.0,4.356708826689592
1399384.0,0.0,17527326.0,927611.0,1.0,1.0,0.0,0.86,614.0,3.0,475.0,27.0,0.0,168.0,0.0,3.8918202981106265
829127.0,0.0,19755837.0,927611.0,0.0,1.0,0.0,0.86,614.0,3.0,475.0,27.0,0.0,168.0,0.0,2.995732273553991
16112.0,0.0,3833190.0,363512.0,0.0,1.0,0.0,0.9,362.0,2.0,318.0,16.0,0.0,360.0,0.0,2.833213344056216
393896.0,0.0,22896744.0,7465.0,0.0,3.0,0.0,0.9067,23.0,2.0,21.0,0.0,0.0,600.0,0.0,2.772588722239781
6633.0,1.0,7282016.0,394619.0,0.0,1.0,0.0,0.89,385.0,1.0,334.0,8.0,0.0,170.0,0.0,3.8918202981106265
342710.0,0.0,24081184.0,19262.0,1.0,1.0,0.0,0.99,8.0,1.0,6.0,0.0,0.0,49.0,0.0,2.5649493574615367
231763.0,0.0,24983004.0,22565.0,0.0,1.0,0.0,0.95,47.0,2.0,45.0,0.0,0.0,423.0,0.0,3.1354942159291497
515865.0,1.0,18410845.0,927611.0,0.0,1.0,0.0,0.86,614.0,3.0,475.0,27.0,0.0,168.0,0.0,2.19722457733622
423146.0,0.0,7929380.0,111945.0,1.0,1.0,0.0,0.99,167.0,3.0,163.0,0.0,0.0,931.0,0.0,3.1354942159291497
270961.0,0.0,1982480.0,5668.0,0.0,0.0,17747.0,0.0,4.0,1.0,3.0,0.0,0.0,64.0,0.0,3.688879454113936
119642.0,0.0,15054818.0,24901.0,1.0,3.0,0.0,0.99,31.0,3.0,25.0,2.0,0.0,78.0,0.0,3.8501476017100575
1589462.0,0.0,13584998.0,24901.0,1.0,3.0,0.0,0.99,31.0,3.0,25.0,2.0,0.0,78.0,0.0,3.49650756146648
67785.0,0.0,23631254.0,429238.0,1.0,1.0,0.0,0.76,302.0,5.0,200.0,20.0,0.0,238.0,0.0,4.060443010546419
112164.0,1.0,923380.0,247493.0,0.0,1.0,0.0,0.84,324.0,9.0,302.0,1.0,0.0,250.0,0.0,2.19722457733622
66205.0,0.0,3996464.0,24238.0,1.0,1.0,0.0,0.84,36.0,1.0,35.0,0.0,0.0,40.0,0.0,2.3978952727983707
18175.0,1.0,3626898.0,185746.0,0.0,1.0,0.0,0.79,339.0,8.0,328.0,0.0,0.0,97.0,0.0,3.1354942159291497
502279.0,0.0,7842820.0,136039.0,0.0,1.0,0.0,0.9,91.0,1.0,68.0,5.0,0.0,495.0,0.0,3.367295829986474
86907.0,0.0,1798426.0,5668.0,1.0,0.0,17747.0,0.0,4.0,1.0,3.0,0.0,0.0,64.0,0.0,2.6390573296152584
461477.0,0.0,682063.0,22419.0,1.0,0.0,197585.0,0.0,17.0,2.0,9.0,2.0,0.0,203.0,0.0,4.574710978503383
38334.0,1.0,5993926.0,51808.0,1.0,1.0,0.0,1.05,47.0,1.0,39.0,0.0,0.0,123.0,0.0,3.58351893845611
32417.0,0.0,2789233.0,441422.0,1.0,1.0,0.0,0.82,400.0,1.0,332.0,13.0,0.0,86.0,0.0,1.3862943611198906
307794.0,0.0,19234504.0,927611.0,0.0,1.0,0.0,0.86,614.0,3.0,475.0,27.0,0.0,168.0,0.0,3.4657359027997265
3603.0,0.0,11305257.0,68394.0,1.0,2.0,0.0,1.14,77.0,2.0,59.0,2.0,0.0,5.0,0.0,4.143134726391533
19743.0,1.0,1613012.0,23788.0,0.0,1.0,0.0,0.91,20.0,2.0,9.0,2.0,0.0,52.0,0.0,3.258096538021482
274227.0,0.0,23837696.0,429238.0,0.0,1.0,0.0,0.76,302.0,5.0,200.0,20.0,0.0,238.0,0.0,2.079441541679836
925656.0,0.0,10934537.0,498345.0,0.0,1.0,0.0,0.75,351.0,4.0,247.0,18.0,0.0,260.0,0.0,3.367295829986474
1330649.0,0.0,12777859.0,1475061.0,0.0,1.0,0.0,0.78,839.0,5.0,347.0,113.0,0.0,299.0,0.0,2.3978952727983707
16002.0,0.0,24170663.0,44883.0,1.0,1.0,0.0,1.05,30.0,1.0,22.0,2.0,0.0,74.0,0.0,2.19722457733622
76518.0,1.0,2950582.0,8803.0,0.0,1.0,0.0,0.92,25.0,1.0,24.0,0.0,0.0,88.0,0.0,2.3978952727983707
17903.0,1.0,6014357.0,51808.0,1.0,1.0,0.0,1.05,47.0,1.0,39.0,0.0,0.0,123.0,0.0,2.302585092994046
485497.0,0.0,26316684.0,448833.0,0.0,2.0,0.0,0.92,446.0,1.0,405.0,6.0,0.0,204.0,0.0,3.1354942159291497
239971.0,0.0,4965049.0,23244.0,0.0,0.0,148072.0,0.0,23.0,1.0,22.0,0.0,0.0,371.0,0.0,2.19722457733622
703807.0,0.0,12172458.0,23144.0,0.0,1.0,0.0,1.1,19.0,1.0,15.0,0.0,0.0,80.0,0.0,4.912654885736052
5329.0,0.0,32286.0,157128.0,1.0,1.0,0.0,1.24,88.0,4.0,59.0,3.0,0.0,94.0,0.0,3.555348061489413
350841.0,1.0,11096369.0,1475061.0,1.0,1.0,0.0,0.78,839.0,5.0,347.0,113.0,0.0,299.0,0.0,4.204692619390966
243190.0,0.0,8978128.0,4557.0,0.0,1.0,0.0,1.18,14.0,1.0,13.0,0.0,0.0,232.0,0.0,3.258096538021482
642953.0,0.0,18320404.0,5269.0,1.0,1.0,0.0,0.88,14.0,2.0,12.0,0.0,0.0,84.0,0.0,3.828641396489095
18922.0,1.0,378942.0,110683.0,1.0,2.0,0.0,0.925,73.0,2.0,58.0,2.0,0.0,80.0,0.0,2.772588722239781
1691024.0,0.0,20654381.0,5269.0,0.0,1.0,0.0,0.88,14.0,2.0,12.0,0.0,0.0,84.0,0.0,2.5649493574615367
73726.0,1.0,3631960.0,4263.0,0.0,0.0,57532.0,0.0,5.0,0.0,0.0,3.0,0.0,6.0,0.0,3.8501476017100575
74108.0,0.0,19000818.0,927611.0,0.0,1.0,0.0,0.86,614.0,3.0,475.0,27.0,0.0,168.0,0.0,4.927253685157205
399480.0,0.0,22902328.0,7465.0,1.0,3.0,0.0,0.9067,23.0,2.0,21.0,0.0,0.0,600.0,0.0,3.5263605246161616
1585445.0,0.0,13589015.0,24901.0,0.0,3.0,0.0,0.99,31.0,3.0,25.0,2.0,0.0,78.0,0.0,3.295836866004329
248479.0,0.0,16790669.0,13893.0,1.0,0.0,1864631.0,0.0,10.0,2.0,8.0,0.0,0.0,168.0,0.0,2.772588722239781
736162.0,1.0,10355186.0,1181213.0,1.0,1.0,0.0,0.77,966.0,3.0,683.0,63.0,0.0,298.0,0.0,2.19722457733622
20060.0,0.0,7129226.0,4735.0,0.0,1.0,0.0,0.85,7.0,1.0,6.0,0.0,0.0,37.0,0.0,2.079441541679836
288216.0,0.0,25039457.0,22565.0,1.0,1.0,0.0,0.95,47.0,2.0,45.0,0.0,0.0,423.0,0.0,3.367295829986474
758083.0,0.0,12226734.0,23144.0,0.0,1.0,0.0,1.1,19.0,1.0,15.0,0.0,0.0,80.0,0.0,4.343805421853684
65408.0,0.0,2536007.0,12239.0,1.0,1.0,0.0,0.6,14.0,1.0,10.0,0.0,0.0,14.0,0.0,2.19722457733622
196978.0,0.0,7936308.0,2923.0,1.0,1.0,0.0,0.99,10.0,1.0,9.0,0.0,0.0,226.0,0.0,2.5649493574615367
764949.0,0.0,19728306.0,5269.0,1.0,1.0,0.0,0.88,14.0,2.0,12.0,0.0,0.0,84.0,0.0,3.555348061489413
154562.0,1.0,6497168.0,394295.0,1.0,1.0,0.0,0.87,336.0,2.0,260.0,23.0,0.0,145.0,0.0,4.59511985013459
117358.0,1.0,799025.0,5083.0,0.0,1.0,0.0,0.99,9.0,2.0,7.0,0.0,0.0,54.0,0.0,2.4849066497880004
219082.0,1.0,2267658.0,7419.0,1.0,1.0,0.0,0.96,14.0,1.0,13.0,0.0,0.0,59.0,0.0,2.079441541679836
5470.0,0.0,6997938.0,65768.0,1.0,1.0,0.0,1.01,58.0,1.0,55.0,0.0,0.0,54.0,0.0,4.442651256490317
375468.0,0.0,7977058.0,111945.0,1.0,1.0,0.0,0.99,167.0,3.0,163.0,0.0,0.0,931.0,0.0,4.867534450455582
32743.0,1.0,704920.0,233867.0,0.0,1.0,0.0,1.0,155.0,7.0,113.0,9.0,0.0,204.0,0.0,3.091042453358316
346907.0,0.0,2058426.0,5668.0,0.0,0.0,17747.0,0.0,4.0,1.0,3.0,0.0,0.0,64.0,0.0,2.079441541679836
49113.0,1.0,445890.0,125097.0,0.0,1.0,0.0,0.84,93.0,1.0,66.0,7.0,0.0,481.0,0.0,2.772588722239781
211789.0,0.0,22714637.0,7465.0,0.0,3.0,0.0,0.9067,23.0,2.0,21.0,0.0,0.0,600.0,0.0,4.060443010546419
54720.0,1.0,6397326.0,394295.0,1.0,1.0,0.0,0.87,336.0,2.0,260.0,23.0,0.0,145.0,0.0,3.9318256327243257
287128.0,0.0,3450806.0,5345.0,1.0,2.0,0.0,0.8,16.0,2.0,14.0,0.0,0.0,330.0,0.0,3.4339872044851463
594437.0,1.0,10852773.0,1475061.0,0.0,1.0,0.0,0.78,839.0,5.0,347.0,113.0,0.0,299.0,0.0,5.153291594497779
38847.0,0.0,17077995.0,13893.0,0.0,0.0,1864631.0,0.0,10.0,2.0,8.0,0.0,0.0,168.0,0.0,3.610917912644224
17774.0,0.0,2891838.0,8803.0,0.0,1.0,0.0,0.92,25.0,1.0,24.0,0.0,0.0,88.0,0.0,3.912023005428146
59419.0,0.0,612758.0,233867.0,1.0,1.0,0.0,1.0,155.0,7.0,113.0,9.0,0.0,204.0,0.0,4.127134385045092
76061.0,1.0,113676.0,157128.0,1.0,1.0,0.0,1.24,88.0,4.0,59.0,3.0,0.0,94.0,0.0,4.158883083359672
11391.0,0.0,7159542.0,5233.0,1.0,1.0,0.0,0.89,12.0,1.0,9.0,0.0,0.0,20.0,0.0,4.394449154672439
160562.0,0.0,2780598.0,25167.0,0.0,0.0,1002026.0,0.0,13.0,0.0,5.0,3.0,0.0,50.0,0.0,4.499809670330265
24752.0,1.0,1725815.0,199872.0,0.0,1.0,0.0,0.93,260.0,2.0,234.0,8.0,0.0,99.0,0.0,3.970291913552122
46400.0,1.0,3662031.0,81730.0,0.0,1.0,0.0,0.82,100.0,3.0,86.0,3.0,0.0,398.0,0.0,2.6390573296152584
1295701.0,0.0,20509057.0,407899.0,0.0,1.0,0.0,0.82,151.0,4.0,68.0,22.0,0.0,275.0,0.0,2.302585092994046
133247.0,1.0,902297.0,247493.0,0.0,1.0,0.0,0.84,324.0,9.0,302.0,1.0,0.0,250.0,0.0,4.672828834461906
192334.0,1.0,2347870.0,324575.0,0.0,1.0,0.0,0.86,338.0,4.0,280.0,18.0,0.0,217.0,0.0,4.3694478524670215
19402.0,0.0,199994.0,6313.0,1.0,2.0,0.0,0.765,17.0,1.0,16.0,0.0,0.0,400.0,0.0,3.332204510175204
1540713.0,0.0,13633747.0,24901.0,0.0,3.0,0.0,0.99,31.0,3.0,25.0,2.0,0.0,78.0,0.0,2.70805020110221
52264.0,0.0,4755930.0,313011.0,0.0,2.0,0.0,0.89,429.0,8.0,392.0,6.0,0.0,115.0,0.0,2.3978952727983707
11505.0,0.0,4713573.0,23244.0,0.0,0.0,148072.0,0.0,23.0,1.0,22.0,0.0,0.0,371.0,0.0,4.356708826689592
126872.0,1.0,6719331.0,13345.0,0.0,1.0,0.0,1.05,32.0,2.0,30.0,0.0,0.0,200.0,0.0,2.995732273553991
8371.0,0.0,2855676.0,4981.0,0.0,2.0,0.0,0.895,14.0,1.0,13.0,0.0,0.0,331.0,0.0,3.7612001156935615
23088.0,0.0,55428.0,8978.0,0.0,1.0,0.0,0.99,14.0,1.0,13.0,0.0,0.0,40.0,0.0,1.9459101490553128
494991.0,1.0,6245312.0,611853.0,0.0,2.0,0.0,0.78,517.0,2.0,306.0,45.0,0.0,115.0,0.0,5.44673737166631
41113.0,1.0,713290.0,233867.0,1.0,1.0,0.0,1.0,155.0,7.0,113.0,9.0,0.0,204.0,0.0,2.19722457733622
8036.0,1.0,3175256.0,164464.0,1.0,1.0,0.0,1.04,151.0,3.0,133.0,4.0,0.0,52.0,0.0,4.343805421853684
861551.0,0.0,22701918.0,429238.0,0.0,1.0,0.0,0.76,302.0,5.0,200.0,20.0,0.0,238.0,0.0,2.079441541679836
1005.0,1.0,720434.0,685926.0,0.0,3.0,0.0,0.93,464.0,2.0,300.0,34.0,0.0,74.0,0.0,2.8903717578961645
30777.0,0.0,23594246.0,429238.0,1.0,1.0,0.0,0.76,302.0,5.0,200.0,20.0,0.0,238.0,0.0,2.302585092994046
886137.0,0.0,19812847.0,927611.0,0.0,1.0,0.0,0.86,614.0,3.0,475.0,27.0,0.0,168.0,0.0,3.713572066704308
199226.0,1.0,2340978.0,324575.0,1.0,1.0,0.0,0.86,338.0,4.0,280.0,18.0,0.0,217.0,0.0,3.1780538303479458
10611.0,1.0,104388.0,23008.0,0.0,1.0,0.0,1.01,15.0,1.0,12.0,0.0,0.0,101.0,0.0,3.5263605246161616
72897.0,0.0,3928762.0,26961.0,0.0,1.0,0.0,0.97,16.0,1.0,9.0,3.0,0.0,83.0,0.0,2.772588722239781
401580.0,0.0,26232767.0,448833.0,1.0,2.0,0.0,0.92,446.0,1.0,405.0,6.0,0.0,204.0,0.0,2.079441541679836
1370397.0,0.0,12817607.0,1475061.0,1.0,1.0,0.0,0.78,839.0,5.0,347.0,113.0,0.0,299.0,0.0,2.4849066497880004
398795.0,0.0,22901643.0,7465.0,0.0,3.0,0.0,0.9067,23.0,2.0,21.0,0.0,0.0,600.0,0.0,2.833213344056216
384665.0,0.0,7967861.0,111945.0,1.0,1.0,0.0,0.99,167.0,3.0,163.0,0.0,0.0,931.0,0.0,2.3978952727983707
416816.0,0.0,19380173.0,5269.0,1.0,1.0,0.0,0.88,14.0,2.0,12.0,0.0,0.0,84.0,0.0,4.143134726391533
151510.0,0.0,520667.0,233867.0,0.0,1.0,0.0,1.0,155.0,7.0,113.0,9.0,0.0,204.0,0.0,3.1780538303479458
410514.0,0.0,7942012.0,111945.0,1.0,1.0,0.0,0.99,167.0,3.0,163.0,0.0,0.0,931.0,0.0,4.204692619390966
24985.0,0.0,25934441.0,6230.0,1.0,1.0,0.0,0.97,14.0,1.0,13.0,0.0,0.0,136.0,0.0,2.3978952727983707
8418.0,1.0,25139726.0,66555.0,1.0,1.0,0.0,1.11,57.0,7.0,49.0,0.0,0.0,44.0,0.0,2.772588722239781
766851.0,0.0,19730208.0,5269.0,0.0,1.0,0.0,0.88,14.0,2.0,12.0,0.0,0.0,84.0,0.0,2.4849066497880004
25862.0,1.0,3746818.0,8909.0,0.0,0.0,12260.0,0.0,9.0,0.0,5.0,0.0,0.0,192.0,0.0,3.1780538303479458
542994.0,1.0,10904216.0,1475061.0,0.0,1.0,0.0,0.78,839.0,5.0,347.0,113.0,0.0,299.0,0.0,2.6390573296152584
18580.0,1.0,10999712.0,43655.0,0.0,9.0,0.0,0.7778,98.0,1.0,94.0,0.0,0.0,543.0,0.0,3.332204510175204
181498.0,0.0,18781859.0,5269.0,1.0,1.0,0.0,0.88,14.0,2.0,12.0,0.0,0.0,84.0,0.0,2.6390573296152584
57126.0,0.0,1949724.0,7270.0,1.0,0.0,243.0,0.0,11.0,2.0,9.0,0.0,0.0,19.0,0.0,3.044522437723423
919182.0,0.0,21583666.0,7465.0,1.0,3.0,0.0,0.9067,23.0,2.0,21.0,0.0,0.0,600.0,0.0,2.8903717578961645
1837064.0,0.0,13284274.0,1475061.0,1.0,1.0,0.0,0.78,839.0,5.0,347.0,113.0,0.0,299.0,0.0,6.049733455231958
288234.0,0.0,25039475.0,22565.0,1.0,1.0,0.0,0.95,47.0,2.0,45.0,0.0,0.0,423.0,0.0,3.1780538303479458
339916.0,0.0,19266626.0,927611.0,0.0,1.0,0.0,0.86,614.0,3.0,475.0,27.0,0.0,168.0,0.0,3.912023005428146
89740.0,0.0,5432445.0,9999.0,1.0,0.0,200389.0,0.0,7.0,1.0,6.0,0.0,0.0,42.0,0.0,3.828641396489095
34709.0,0.0,653129.0,18948.0,0.0,1.0,0.0,1.05,17.0,1.0,15.0,0.0,0.0,63.0,0.0,4.0943445622221
708277.0,0.0,12176928.0,23144.0,0.0,1.0,0.0,1.1,19.0,1.0,15.0,0.0,0.0,80.0,0.0,2.4849066497880004
30832.0,1.0,1252173.0,54796.0,1.0,1.0,0.0,0.84,57.0,2.0,44.0,3.0,0.0,357.0,0.0,2.8903717578961645
316963.0,0.0,9644972.0,97567.0,0.0,1.0,0.0,0.94,60.0,2.0,43.0,3.0,0.0,141.0,0.0,4.634728988229636
40093.0,0.0,6635692.0,24946.0,1.0,0.0,46680.0,0.0,18.0,0.0,8.0,2.0,0.0,73.0,0.0,3.258096538021482
186233.0,0.0,406819.0,22419.0,1.0,0.0,197585.0,0.0,17.0,2.0,9.0,2.0,0.0,203.0,0.0,6.030685260261263
370024.0,0.0,2990060.0,25167.0,0.0,0.0,1002026.0,0.0,13.0,0.0,5.0,3.0,0.0,50.0,0.0,4.158883083359672
4703.0,1.0,3713359.0,66841.0,1.0,1.0,0.0,0.82,29.0,1.0,16.0,3.0,0.0,54.0,0.0,4.762173934797756
11999.0,0.0,4713079.0,23244.0,1.0,0.0,148072.0,0.0,23.0,1.0,22.0,0.0,0.0,371.0,0.0,3.8918202981106265
198009.0,0.0,2429175.0,730752.0,1.0,5.0,0.0,0.972,416.0,8.0,251.0,22.0,0.0,327.0,0.0,2.70805020110221
402451.0,0.0,24021443.0,19262.0,0.0,1.0,0.0,0.99,8.0,1.0,6.0,0.0,0.0,49.0,0.0,4.59511985013459
730015.0,1.0,10717195.0,1475061.0,0.0,1.0,0.0,0.78,839.0,5.0,347.0,113.0,0.0,299.0,0.0,3.4657359027997265
250202.0,0.0,22753050.0,7465.0,1.0,3.0,0.0,0.9067,23.0,2.0,21.0,0.0,0.0,600.0,0.0,3.912023005428146
24913.0,1.0,6967555.0,65768.0,1.0,1.0,0.0,1.01,58.0,1.0,55.0,0.0,0.0,54.0,0.0,3.258096538021482
9307.0,0.0,25157451.0,66555.0,1.0,1.0,0.0,1.11,57.0,7.0,49.0,0.0,0.0,44.0,0.0,5.068904202220232
105159.0,0.0,11987563.0,177422.0,0.0,1.0,0.0,0.93,85.0,5.0,47.0,11.0,0.0,112.0,0.0,2.6390573296152584
13149.0,0.0,2592863.0,114373.0,1.0,1.0,0.0,0.99,109.0,5.0,87.0,4.0,0.0,144.0,0.0,3.688879454113936
696103.0,0.0,12164754.0,23144.0,0.0,1.0,0.0,1.1,19.0,1.0,15.0,0.0,0.0,80.0,0.0,4.6443908991413725
1725978.0,0.0,20689335.0,5269.0,0.0,1.0,0.0,0.88,14.0,2.0,12.0,0.0,0.0,84.0,0.0,3.4011973816621555
255668.0,1.0,11604525.0,498345.0,1.0,1.0,0.0,0.75,351.0,4.0,247.0,18.0,0.0,260.0,0.0,3.951243718581428
2132.0,1.0,3706299.0,81730.0,0.0,1.0,0.0,0.82,100.0,3.0,86.0,3.0,0.0,398.0,0.0,2.19722457733622
49018.0,1.0,6391624.0,394295.0,0.0,1.0,0.0,0.87,336.0,2.0,260.0,23.0,0.0,145.0,0.0,3.044522437723423
80260.0,1.0,117875.0,157128.0,0.0,1.0,0.0,1.24,88.0,4.0,59.0,3.0,0.0,94.0,0.0,4.663439094112067
396518.0,0.0,25147759.0,22565.0,0.0,1.0,0.0,0.95,47.0,2.0,45.0,0.0,0.0,423.0,0.0,2.19722457733622
123549.0,0.0,24993851.0,80048.0,1.0,1.0,0.0,0.8,66.0,4.0,49.0,2.0,0.0,740.0,0.0,3.80666248977032
36317.0,0.0,11054609.0,43655.0,0.0,9.0,0.0,0.7778,98.0,1.0,94.0,0.0,0.0,543.0,0.0,3.8918202981106265
163160.0,1.0,11697033.0,498345.0,0.0,1.0,0.0,0.75,351.0,4.0,247.0,18.0,0.0,260.0,0.0,2.6390573296152584
613332.0,0.0,22950137.0,429238.0,0.0,1.0,0.0,0.76,302.0,5.0,200.0,20.0,0.0,238.0,0.0,3.951243718581428
295759.0,0.0,25047000.0,22565.0,1.0,1.0,0.0,0.95,47.0,2.0,45.0,0.0,0.0,423.0,0.0,4.143134726391533
404584.0,0.0,22907432.0,7465.0,0.0,3.0,0.0,0.9067,23.0,2.0,21.0,0.0,0.0,600.0,0.0,2.302585092994046
310126.0,0.0,22812974.0,7465.0,0.0,3.0,0.0,0.9067,23.0,2.0,21.0,0.0,0.0,600.0,0.0,2.8903717578961645
42319.0,0.0,660739.0,18948.0,0.0,1.0,0.0,1.05,17.0,1.0,15.0,0.0,0.0,63.0,0.0,3.367295829986474
178174.0,0.0,2798210.0,25167.0,0.0,0.0,1002026.0,0.0,13.0,0.0,5.0,3.0,0.0,50.0,0.0,4.51085950651685
530227.0,0.0,2096957.0,730752.0,1.0,5.0,0.0,0.972,416.0,8.0,251.0,22.0,0.0,327.0,0.0,2.9444389791664403
347412.0,0.0,18615945.0,5269.0,0.0,1.0,0.0,0.88,14.0,2.0,12.0,0.0,0.0,84.0,0.0,2.8903717578961645
277001.0,0.0,26948396.0,239436.0,1.0,1.0,0.0,0.83,250.0,5.0,228.0,1.0,0.0,210.0,0.0,4.653960350157523
457446.0,0.0,949213.0,65530.0,1.0,0.0,34197.0,0.0,55.0,1.0,27.0,6.0,0.0,516.0,0.0,2.6390573296152584
1763.0,1.0,6753961.0,749455.0,0.0,1.0,0.0,0.91,434.0,2.0,202.0,68.0,0.0,68.0,0.0,3.737669618283368
197448.0,1.0,18729262.0,927611.0,0.0,1.0,0.0,0.86,614.0,3.0,475.0,27.0,0.0,168.0,0.0,4.477336814478207
103663.0,0.0,3267341.0,5345.0,0.0,2.0,0.0,0.8,16.0,2.0,14.0,0.0,0.0,330.0,0.0,3.4657359027997265
424421.0,0.0,22927269.0,7465.0,0.0,3.0,0.0,0.9067,23.0,2.0,21.0,0.0,0.0,600.0,0.0,2.19722457733622
421205.0,0.0,22924053.0,7465.0,1.0,3.0,0.0,0.9067,23.0,2.0,21.0,0.0,0.0,600.0,0.0,3.4011973816621555
439829.0,0.0,660415.0,22419.0,1.0,0.0,197585.0,0.0,17.0,2.0,9.0,2.0,0.0,203.0,0.0,3.49650756146648
79448.0,1.0,4595855.0,574324.0,0.0,1.0,0.0,0.93,529.0,2.0,401.0,25.0,0.0,132.0,0.0,3.688879454113936
14230.0,0.0,2591782.0,114373.0,0.0,1.0,0.0,0.99,109.0,5.0,87.0,4.0,0.0,144.0,0.0,2.70805020110221
274356.0,0.0,22777204.0,7465.0,1.0,3.0,0.0,0.9067,23.0,2.0,21.0,0.0,0.0,600.0,0.0,2.833213344056216
160534.0,0.0,2780570.0,25167.0,0.0,0.0,1002026.0,0.0,13.0,0.0,5.0,3.0,0.0,50.0,0.0,3.367295829986474
41762.0,1.0,6074022.0,51808.0,0.0,1.0,0.0,1.05,47.0,1.0,39.0,0.0,0.0,123.0,0.0,3.1780538303479458
32483.0,1.0,5251286.0,36273.0,0.0,0.0,270690.0,0.0,22.0,1.0,21.0,0.0,0.0,1211.0,0.0,4.5217885770490405
19866.0,0.0,7308515.0,394619.0,0.0,1.0,0.0,0.89,385.0,1.0,334.0,8.0,0.0,170.0,0.0,2.70805020110221
179607.0,0.0,23618961.0,94653.0,0.0,1.0,0.0,0.94,76.0,4.0,63.0,2.0,0.0,70.0,0.0,2.079441541679836
705198.0,0.0,12173849.0,23144.0,0.0,1.0,0.0,1.1,19.0,1.0,15.0,0.0,0.0,80.0,0.0,3.970291913552122
710557.0,0.0,12179208.0,23144.0,0.0,1.0,0.0,1.1,19.0,1.0,15.0,0.0,0.0,80.0,0.0,2.9444389791664403
220325.0,0.0,4945403.0,23244.0,0.0,0.0,148072.0,0.0,23.0,1.0,22.0,0.0,0.0,371.0,0.0,4.060443010546419
1387641.0,0.0,20350998.0,5269.0,0.0,1.0,0.0,0.88,14.0,2.0,12.0,0.0,0.0,84.0,0.0,3.951243718581428
503084.0,0.0,26462510.0,6230.0,1.0,1.0,0.0,0.97,14.0,1.0,13.0,0.0,0.0,136.0,0.0,3.4339872044851463
313136.0,0.0,26144323.0,448833.0,1.0,2.0,0.0,0.92,446.0,1.0,405.0,6.0,0.0,204.0,0.0,3.1354942159291497
549543.0,0.0,857116.0,65530.0,1.0,0.0,34197.0,0.0,55.0,1.0,27.0,6.0,0.0,516.0,0.0,1.9459101490553128
12052.0,1.0,1399817.0,30826.0,0.0,1.0,0.0,0.77,26.0,1.0,19.0,0.0,0.0,41.0,0.0,3.295836866004329
65197.0,1.0,6437188.0,200054.0,0.0,1.0,0.0,0.84,127.0,2.0,94.0,6.0,0.0,585.0,0.0,5.19295685089021
265218.0,0.0,7868068.0,2923.0,0.0,1.0,0.0,0.99,10.0,1.0,9.0,0.0,0.0,226.0,0.0,3.49650756146648
25498.0,0.0,257769.0,47047.0,0.0,1.0,0.0,0.82,74.0,5.0,69.0,0.0,0.0,105.0,0.0,3.4011973816621555
111803.0,0.0,1294856.0,65530.0,1.0,0.0,34197.0,0.0,55.0,1.0,27.0,6.0,0.0,516.0,0.0,4.204692619390966
808366.0,0.0,18154991.0,5269.0,0.0,1.0,0.0,0.88,14.0,2.0,12.0,0.0,0.0,84.0,0.0,5.075173815233827
41326.0,0.0,1752845.0,5668.0,0.0,0.0,17747.0,0.0,4.0,1.0,3.0,0.0,0.0,64.0,0.0,4.584967478670572
45450.0,1.0,3077488.0,28962.0,1.0,0.0,83865.0,0.0,30.0,0.0,18.0,3.0,0.0,27.0,0.0,3.295836866004329
395480.0,0.0,7957046.0,111945.0,0.0,1.0,0.0,0.99,167.0,3.0,163.0,0.0,0.0,931.0,0.0,6.790097235513905
62587.0,1.0,25085557.0,66555.0,0.0,1.0,0.0,1.11,57.0,7.0,49.0,0.0,0.0,44.0,0.0,2.302585092994046
46077.0,0.0,8295632.0,22222.0,0.0,1.0,0.0,0.97,16.0,1.0,14.0,0.0,0.0,98.0,0.0,3.367295829986474
88090.0,1.0,359319.0,191707.0,0.0,1.0,0.0,1.22,127.0,1.0,91.0,8.0,0.0,480.0,0.0,2.079441541679836
417315.0,0.0,23980784.0,429238.0,1.0,1.0,0.0,0.76,302.0,5.0,200.0,20.0,0.0,238.0,0.0,3.258096538021482
214861.0,1.0,2325343.0,324575.0,0.0,1.0,0.0,0.86,338.0,4.0,280.0,18.0,0.0,217.0,0.0,4.605170185988092
369141.0,0.0,7709682.0,136039.0,0.0,1.0,0.0,0.9,91.0,1.0,68.0,5.0,0.0,495.0,0.0,4.356708826689592
92368.0,0.0,4799805.0,70638.0,1.0,1.0,0.0,0.95,49.0,2.0,37.0,3.0,0.0,72.0,0.0,3.295836866004329
1760049.0,0.0,13207259.0,1475061.0,1.0,1.0,0.0,0.78,839.0,5.0,347.0,113.0,0.0,299.0,0.0,2.19722457733622
442893.0,0.0,3246938.0,45917.0,0.0,3.0,0.0,1.0267,80.0,3.0,76.0,0.0,0.0,532.0,0.0,5.017279836814924
673474.0,1.0,10292498.0,1181213.0,1.0,1.0,0.0,0.77,966.0,3.0,683.0,63.0,0.0,298.0,0.0,2.19722457733622
140736.0,0.0,7776859.0,111945.0,1.0,1.0,0.0,0.99,167.0,3.0,163.0,0.0,0.0,931.0,0.0,4.48863636973214
296292.0,0.0,17335440.0,13893.0,0.0,0.0,1864631.0,0.0,10.0,2.0,8.0,0.0,0.0,168.0,0.0,2.079441541679836
787458.0,0.0,19714168.0,927611.0,0.0,1.0,0.0,0.86,614.0,3.0,475.0,27.0,0.0,168.0,0.0,3.828641396489095
542496.0,0.0,26682901.0,239436.0,0.0,1.0,0.0,0.83,250.0,5.0,228.0,1.0,0.0,210.0,0.0,3.295836866004329
12482.0,0.0,916225.0,105735.0,1.0,1.0,0.0,1.05,99.0,2.0,86.0,3.0,0.0,204.0,0.0,3.784189633918261
777151.0,0.0,997737.0,22419.0,0.0,0.0,197585.0,0.0,17.0,2.0,9.0,2.0,0.0,203.0,0.0,3.9889840465642745
144710.0,0.0,527467.0,233867.0,1.0,1.0,0.0,1.0,155.0,7.0,113.0,9.0,0.0,204.0,0.0,5.6937321388027
35963.0,0.0,1928561.0,7270.0,1.0,0.0,243.0,0.0,11.0,2.0,9.0,0.0,0.0,19.0,0.0,2.8903717578961645
352055.0,1.0,6102376.0,611853.0,0.0,2.0,0.0,0.78,517.0,2.0,306.0,45.0,0.0,115.0,0.0,4.02535169073515
15726.0,1.0,10346636.0,58915.0,1.0,3.0,0.0,0.93,60.0,3.0,43.0,3.0,0.0,399.0,0.0,2.70805020110221
23056.0,1.0,4582745.0,76056.0,0.0,1.0,0.0,1.12,77.0,1.0,70.0,1.0,0.0,174.0,0.0,2.3978952727983707
83915.0,1.0,2957979.0,8803.0,1.0,1.0,0.0,0.92,25.0,1.0,24.0,0.0,0.0,88.0,0.0,3.4657359027997265
331171.0,1.0,6081492.0,611853.0,0.0,2.0,0.0,0.78,517.0,2.0,306.0,45.0,0.0,115.0,0.0,5.459585514144159
599887.0,0.0,17639035.0,13893.0,0.0,0.0,1864631.0,0.0,10.0,2.0,8.0,0.0,0.0,168.0,0.0,4.189654742026425
543700.0,0.0,26503126.0,6230.0,1.0,1.0,0.0,0.97,14.0,1.0,13.0,0.0,0.0,136.0,0.0,1.3862943611198906
2478.0,1.0,112521.0,23008.0,1.0,1.0,0.0,1.01,15.0,1.0,12.0,0.0,0.0,101.0,0.0,2.302585092994046
10747.0,1.0,23552722.0,429238.0,0.0,1.0,0.0,0.76,302.0,5.0,200.0,20.0,0.0,238.0,0.0,2.4849066497880004
77200.0,0.0,4170195.0,69035.0,1.0,1.0,0.0,0.89,84.0,1.0,66.0,4.0,0.0,148.0,0.0,2.6390573296152584
31795.0,0.0,1924393.0,7270.0,1.0,0.0,243.0,0.0,11.0,2.0,9.0,0.0,0.0,19.0,0.0,4.983606621708336
7893.0,0.0,23571362.0,429238.0,0.0,1.0,0.0,0.76,302.0,5.0,200.0,20.0,0.0,238.0,0.0,3.6635616461296463
38690.0,0.0,4742356.0,313011.0,1.0,2.0,0.0,0.89,429.0,8.0,392.0,6.0,0.0,115.0,0.0,2.3978952727983707
155906.0,1.0,2204482.0,7419.0,1.0,1.0,0.0,0.96,14.0,1.0,13.0,0.0,0.0,59.0,0.0,2.5649493574615367
423269.0,0.0,643855.0,22419.0,0.0,0.0,197585.0,0.0,17.0,2.0,9.0,2.0,0.0,203.0,0.0,3.1354942159291497
14347.0,1.0,285576.0,191707.0,1.0,1.0,0.0,1.22,127.0,1.0,91.0,8.0,0.0,480.0,0.0,2.70805020110221
430767.0,0.0,12681347.0,6164.0,1.0,0.0,1011774.0,0.0,11.0,1.0,9.0,0.0,0.0,67.0,0.0,5.375278407684165
469501.0,0.0,937158.0,65530.0,1.0,0.0,34197.0,0.0,55.0,1.0,27.0,6.0,0.0,516.0,0.0,1.9459101490553128
296668.0,0.0,22799516.0,7465.0,1.0,3.0,0.0,0.9067,23.0,2.0,21.0,0.0,0.0,600.0,0.0,3.4657359027997265
62329.0,1.0,7106388.0,117874.0,1.0,1.0,0.0,0.87,98.0,1.0,75.0,6.0,0.0,201.0,0.0,2.4849066497880004
27137.0,0.0,11045429.0,43655.0,1.0,9.0,0.0,0.7778,98.0,1.0,94.0,0.0,0.0,543.0,0.0,4.553876891600541
263899.0,0.0,26961498.0,239436.0,1.0,1.0,0.0,0.83,250.0,5.0,228.0,1.0,0.0,210.0,0.0,2.6390573296152584
19626.0,0.0,5303395.0,36273.0,0.0,0.0,270690.0,0.0,22.0,1.0,21.0,0.0,0.0,1211.0,0.0,3.49650756146648
152875.0,0.0,519302.0,233867.0,0.0,1.0,0.0,1.0,155.0,7.0,113.0,9.0,0.0,204.0,0.0,2.8903717578961645
485637.0,0.0,17524785.0,13893.0,0.0,0.0,1864631.0,0.0,10.0,2.0,8.0,0.0,0.0,168.0,0.0,4.219507705176107
33299.0,0.0,265570.0,47047.0,0.0,1.0,0.0,0.82,74.0,5.0,69.0,0.0,0.0,105.0,0.0,3.713572066704308
791503.0,0.0,14382957.0,24901.0,1.0,3.0,0.0,0.99,31.0,3.0,25.0,2.0,0.0,78.0,0.0,2.6390573296152584
189158.0,1.0,908587.0,685926.0,1.0,3.0,0.0,0.93,464.0,2.0,300.0,34.0,0.0,74.0,0.0,4.68213122712422
68650.0,0.0,18894707.0,5269.0,1.0,1.0,0.0,0.88,14.0,2.0,12.0,0.0,0.0,84.0,0.0,3.4339872044851463
248169.0,0.0,4973247.0,23244.0,0.0,0.0,148072.0,0.0,23.0,1.0,22.0,0.0,0.0,371.0,0.0,3.784189633918261
12164.0,1.0,2238790.0,98417.0,0.0,1.0,0.0,0.93,66.0,2.0,50.0,2.0,0.0,171.0,0.0,4.584967478670572
343209.0,0.0,23906678.0,429238.0,0.0,1.0,0.0,0.76,302.0,5.0,200.0,20.0,0.0,238.0,0.0,2.8903717578961645
129589.0,0.0,2040609.0,72008.0,0.0,1.0,0.0,0.95,80.0,1.0,74.0,1.0,0.0,151.0,0.0,2.9444389791664403
40334.0,0.0,1592421.0,23788.0,0.0,1.0,0.0,0.91,20.0,2.0,9.0,2.0,0.0,52.0,0.0,3.951243718581428
58264.0,0.0,2932328.0,8803.0,0.0,1.0,0.0,0.92,25.0,1.0,24.0,0.0,0.0,88.0,0.0,5.170483995038151
276374.0,0.0,26107561.0,448833.0,0.0,2.0,0.0,0.92,446.0,1.0,405.0,6.0,0.0,204.0,0.0,4.23410650459726
822148.0,0.0,17861296.0,13893.0,1.0,0.0,1864631.0,0.0,10.0,2.0,8.0,0.0,0.0,168.0,0.0,4.919980925828125
14205.0,1.0,100794.0,23008.0,1.0,1.0,0.0,1.01,15.0,1.0,12.0,0.0,0.0,101.0,0.0,3.871201010907891
1452678.0,0.0,13721782.0,24901.0,0.0,3.0,0.0,0.99,31.0,3.0,25.0,2.0,0.0,78.0,0.0,4.897839799950911
55320.0,0.0,1544653.0,95324.0,0.0,1.0,0.0,1.13,56.0,2.0,41.0,3.0,0.0,74.0,0.0,3.970291913552122
80455.0,0.0,15094005.0,24901.0,0.0,3.0,0.0,0.99,31.0,3.0,25.0,2.0,0.0,78.0,0.0,5.0369526024136295
12595.0,0.0,2769411.0,441422.0,1.0,1.0,0.0,0.82,400.0,1.0,332.0,13.0,0.0,86.0,0.0,2.772588722239781
31872.0,1.0,3346136.0,50222.0,0.0,1.0,0.0,0.86,29.0,1.0,26.0,1.0,0.0,62.0,0.0,5.204006687076795
24821.0,0.0,4461175.0,36831.0,1.0,1.0,0.0,0.77,32.0,1.0,23.0,1.0,0.0,141.0,0.0,4.290459441148391
694823.0,0.0,18268534.0,5269.0,1.0,1.0,0.0,0.88,14.0,2.0,12.0,0.0,0.0,84.0,0.0,3.970291913552122
246880.0,1.0,23316589.0,429238.0,0.0,1.0,0.0,0.76,302.0,5.0,200.0,20.0,0.0,238.0,0.0,2.302585092994046
474848.0,0.0,11922058.0,1475061.0,0.0,1.0,0.0,0.78,839.0,5.0,347.0,113.0,0.0,299.0,0.0,5.068904202220232
191964.0,0.0,23755433.0,429238.0,1.0,1.0,0.0,0.76,302.0,5.0,200.0,20.0,0.0,238.0,0.0,2.3978952727983707
413768.0,0.0,19377125.0,5269.0,0.0,1.0,0.0,0.88,14.0,2.0,12.0,0.0,0.0,84.0,0.0,5.521460917862246
18857.0,0.0,3264420.0,15369.0,1.0,1.0,0.0,0.71,12.0,1.0,5.0,4.0,0.0,184.0,0.0,2.9444389791664403
39143.0,1.0,7583152.0,281987.0,1.0,1.0,0.0,0.98,301.0,2.0,273.0,9.0,0.0,309.0,0.0,2.302585092994046
248071.0,0.0,22750919.0,7465.0,0.0,3.0,0.0,0.9067,23.0,2.0,21.0,0.0,0.0,600.0,0.0,2.995732273553991
42578.0,1.0,25105566.0,66555.0,0.0,1.0,0.0,1.11,57.0,7.0,49.0,0.0,0.0,44.0,0.0,4.007333185232471
247444.0,0.0,1922754.0,72008.0,1.0,1.0,0.0,0.95,80.0,1.0,74.0,1.0,0.0,151.0,0.0,4.934473933130692
4573.0,1.0,4601228.0,76056.0,0.0,1.0,0.0,1.12,77.0,1.0,70.0,1.0,0.0,174.0,0.0,3.8918202981106265
514981.0,0.0,781022.0,16502.0,0.0,1.0,0.0,1.11,19.0,3.0,16.0,0.0,0.0,132.0,0.0,5.153291594497779
112448.0,1.0,6151251.0,216542.0,1.0,2.0,0.0,0.965,177.0,3.0,111.0,11.0,0.0,147.0,0.0,4.219507705176107
7575.0,1.0,25140569.0,66555.0,0.0,1.0,0.0,1.11,57.0,7.0,49.0,0.0,0.0,44.0,0.0,4.48863636973214
415847.0,0.0,22948829.0,74922.0,0.0,1.0,0.0,0.98,77.0,2.0,71.0,1.0,0.0,103.0,0.0,3.218875824868201
63260.0,1.0,1687307.0,199872.0,0.0,1.0,0.0,0.93,260.0,2.0,234.0,8.0,0.0,99.0,0.0,2.9444389791664403
696068.0,0.0,12164719.0,23144.0,0.0,1.0,0.0,1.1,19.0,1.0,15.0,0.0,0.0,80.0,0.0,2.079441541679836
47744.0,0.0,781409.0,10488.0,0.0,1.0,0.0,0.84,12.0,4.0,7.0,0.0,0.0,333.0,0.0,4.060443010546419
320060.0,0.0,12792054.0,6164.0,1.0,0.0,1011774.0,0.0,11.0,1.0,9.0,0.0,0.0,67.0,0.0,3.4657359027997265
62034.0,0.0,5970226.0,51808.0,0.0,1.0,0.0,1.05,47.0,1.0,39.0,0.0,0.0,123.0,0.0,2.079441541679836
59657.0,1.0,25088487.0,66555.0,0.0,1.0,0.0,1.11,57.0,7.0,49.0,0.0,0.0,44.0,0.0,4.543294782270004
84491.0,0.0,2085707.0,72008.0,0.0,1.0,0.0,0.95,80.0,1.0,74.0,1.0,0.0,151.0,0.0,2.6390573296152584
203527.0,1.0,2252103.0,7419.0,0.0,1.0,0.0,0.96,14.0,1.0,13.0,0.0,0.0,59.0,0.0,3.295836866004329
29290.0,0.0,2865189.0,6403.0,0.0,0.0,1561.0,0.0,2.0,0.0,2.0,0.0,0.0,73.0,0.0,4.3694478524670215
1711571.0,0.0,13462889.0,24901.0,1.0,3.0,0.0,0.99,31.0,3.0,25.0,2.0,0.0,78.0,0.0,5.648974238161206
202673.0,0.0,26033860.0,448833.0,0.0,2.0,0.0,0.92,446.0,1.0,405.0,6.0,0.0,204.0,0.0,5.332718793265369
1853016.0,0.0,13300226.0,1475061.0,0.0,1.0,0.0,0.78,839.0,5.0,347.0,113.0,0.0,299.0,0.0,6.104793232414985
494572.0,1.0,18432138.0,927611.0,1.0,1.0,0.0,0.86,614.0,3.0,475.0,27.0,0.0,168.0,0.0,2.19722457733622
304999.0,0.0,26136186.0,448833.0,0.0,2.0,0.0,0.92,446.0,1.0,405.0,6.0,0.0,204.0,0.0,2.9444389791664403
138471.0,1.0,409700.0,191707.0,1.0,1.0,0.0,1.22,127.0,1.0,91.0,8.0,0.0,480.0,0.0,2.3978952727983707
10383.0,0.0,1902981.0,7270.0,1.0,0.0,243.0,0.0,11.0,2.0,9.0,0.0,0.0,19.0,0.0,4.007333185232471
452912.0,0.0,1062382.0,33425.0,1.0,2.0,0.0,0.89,50.0,1.0,40.0,4.0,0.0,1345.0,0.0,3.4339872044851463
16223.0,1.0,11112022.0,20371.0,0.0,1.0,0.0,0.99,42.0,0.0,39.0,0.0,0.0,16.0,0.0,3.091042453358316
28013.0,0.0,4920186.0,70638.0,1.0,1.0,0.0,0.95,49.0,2.0,37.0,3.0,0.0,72.0,0.0,3.737669618283368
20306.0,1.0,10997986.0,43655.0,0.0,9.0,0.0,0.7778,98.0,1.0,94.0,0.0,0.0,543.0,0.0,3.1780538303479458
363903.0,0.0,11811113.0,1475061.0,1.0,1.0,0.0,0.78,839.0,5.0,347.0,113.0,0.0,299.0,0.0,4.51085950651685
22210.0,1.0,10385094.0,31179.0,1.0,1.0,0.0,0.98,46.0,2.0,41.0,0.0,0.0,42.0,0.0,3.555348061489413
26065.0,1.0,139290.0,27588.0,1.0,1.0,0.0,0.92,30.0,2.0,23.0,1.0,0.0,81.0,0.0,3.49650756146648
546799.0,0.0,2080385.0,730752.0,1.0,5.0,0.0,0.972,416.0,8.0,251.0,22.0,0.0,327.0,0.0,5.3981627015177525
149710.0,1.0,12242432.0,177422.0,0.0,1.0,0.0,0.93,85.0,5.0,47.0,11.0,0.0,112.0,0.0,5.068904202220232
470630.0,1.0,4551035.0,703986.0,0.0,1.0,0.0,0.95,476.0,2.0,230.0,55.0,0.0,139.0,0.0,3.8918202981106265
277152.0,0.0,23840621.0,429238.0,0.0,1.0,0.0,0.76,302.0,5.0,200.0,20.0,0.0,238.0,0.0,2.302585092994046
63480.0,0.0,3216712.0,183782.0,1.0,1.0,0.0,0.88,207.0,1.0,195.0,0.0,0.0,153.0,0.0,3.1780538303479458
349233.0,0.0,26180420.0,448833.0,0.0,2.0,0.0,0.92,446.0,1.0,405.0,6.0,0.0,204.0,0.0,3.4339872044851463
702329.0,0.0,12170980.0,23144.0,0.0,1.0,0.0,1.1,19.0,1.0,15.0,0.0,0.0,80.0,0.0,5.19295685089021
994789.0,0.0,12441999.0,1475061.0,1.0,1.0,0.0,0.78,839.0,5.0,347.0,113.0,0.0,299.0,0.0,3.555348061489413
51848.0,1.0,520221.0,452412.0,0.0,3.0,0.0,0.8067,468.0,5.0,394.0,16.0,0.0,108.0,0.0,4.204692619390966
56487.0,1.0,6399093.0,394295.0,0.0,1.0,0.0,0.87,336.0,2.0,260.0,23.0,0.0,145.0,0.0,2.70805020110221
764168.0,0.0,21040590.0,407899.0,1.0,1.0,0.0,0.82,151.0,4.0,68.0,22.0,0.0,275.0,0.0,3.218875824868201
58428.0,1.0,436575.0,125097.0,1.0,1.0,0.0,0.84,93.0,1.0,66.0,7.0,0.0,481.0,0.0,4.48863636973214
823050.0,0.0,21679798.0,7465.0,0.0,3.0,0.0,0.9067,23.0,2.0,21.0,0.0,0.0,600.0,0.0,3.1354942159291497
7992.0,0.0,4900165.0,70638.0,1.0,1.0,0.0,0.95,49.0,2.0,37.0,3.0,0.0,72.0,0.0,2.70805020110221
594213.0,1.0,10852997.0,1475061.0,0.0,1.0,0.0,0.78,839.0,5.0,347.0,113.0,0.0,299.0,0.0,2.4849066497880004
449878.0,0.0,25201119.0,22565.0,1.0,1.0,0.0,0.95,47.0,2.0,45.0,0.0,0.0,423.0,0.0,4.770684624465665
17949.0,1.0,4665781.0,27065.0,1.0,2.0,0.0,1.005,20.0,5.0,14.0,0.0,0.0,134.0,0.0,4.02535169073515
684813.0,0.0,12153464.0,23144.0,0.0,1.0,0.0,1.1,19.0,1.0,15.0,0.0,0.0,80.0,0.0,2.4849066497880004
429704.0,0.0,12682410.0,6164.0,0.0,0.0,1011774.0,0.0,11.0,1.0,9.0,0.0,0.0,67.0,0.0,3.49650756146648
22409.0,0.0,25170553.0,66555.0,0.0,1.0,0.0,1.11,57.0,7.0,49.0,0.0,0.0,44.0,0.0,2.079441541679836
40773.0,1.0,1463190.0,29024.0,0.0,1.0,0.0,0.91,21.0,2.0,19.0,0.0,0.0,128.0,0.0,4.060443010546419
3998.0,1.0,3716958.0,8909.0,0.0,0.0,12260.0,0.0,9.0,0.0,5.0,0.0,0.0,192.0,0.0,3.1354942159291497
35676.0,1.0,188123.0,106468.0,0.0,0.0,4677.0,0.0,76.0,3.0,57.0,4.0,0.0,63.0,0.0,5.298317366548036
42774.0,1.0,1430539.0,30826.0,1.0,1.0,0.0,0.77,26.0,1.0,19.0,0.0,0.0,41.0,0.0,3.9318256327243257
372816.0,0.0,2992852.0,25167.0,0.0,0.0,1002026.0,0.0,13.0,0.0,5.0,3.0,0.0,50.0,0.0,1.9459101490553128
1244488.0,0.0,17682222.0,927611.0,1.0,1.0,0.0,0.86,614.0,3.0,475.0,27.0,0.0,168.0,0.0,3.091042453358316
28899.0,0.0,5312668.0,36273.0,1.0,0.0,270690.0,0.0,22.0,1.0,21.0,0.0,0.0,1211.0,0.0,3.091042453358316
216594.0,1.0,6629609.0,13345.0,0.0,1.0,0.0,1.05,32.0,2.0,30.0,0.0,0.0,200.0,0.0,2.833213344056216
29029.0,0.0,1740548.0,5668.0,0.0,0.0,17747.0,0.0,4.0,1.0,3.0,0.0,0.0,64.0,0.0,4.955827057601261
1782656.0,0.0,13391804.0,24901.0,1.0,3.0,0.0,0.99,31.0,3.0,25.0,2.0,0.0,78.0,0.0,3.713572066704308
39182.0,0.0,789971.0,10488.0,0.0,1.0,0.0,0.84,12.0,4.0,7.0,0.0,0.0,333.0,0.0,3.091042453358316
304406.0,1.0,18622304.0,927611.0,0.0,1.0,0.0,0.86,614.0,3.0,475.0,27.0,0.0,168.0,0.0,2.70805020110221
7624.0,1.0,727053.0,685926.0,1.0,3.0,0.0,0.93,464.0,2.0,300.0,34.0,0.0,74.0,0.0,2.4849066497880004
45967.0,1.0,1704600.0,199872.0,1.0,1.0,0.0,0.93,260.0,2.0,234.0,8.0,0.0,99.0,0.0,3.091042453358316
574363.0,0.0,4296693.0,26488.0,0.0,1.0,0.0,1.18,26.0,1.0,24.0,0.0,0.0,72.0,0.0,2.19722457733622
39792.0,1.0,4566009.0,76056.0,0.0,1.0,0.0,1.12,77.0,1.0,70.0,1.0,0.0,174.0,0.0,4.795790545596741
17741.0,0.0,2891805.0,8803.0,0.0,1.0,0.0,0.92,25.0,1.0,24.0,0.0,0.0,88.0,0.0,3.555348061489413
428001.0,0.0,22936675.0,74922.0,1.0,1.0,0.0,0.98,77.0,2.0,71.0,1.0,0.0,103.0,0.0,4.02535169073515
670375.0,0.0,14504085.0,24901.0,1.0,3.0,0.0,0.99,31.0,3.0,25.0,2.0,0.0,78.0,0.0,5.241747015059643
265447.0,0.0,3429125.0,5345.0,1.0,2.0,0.0,0.8,16.0,2.0,14.0,0.0,0.0,330.0,0.0,3.688879454113936
76254.0,1.0,2950318.0,8803.0,0.0,1.0,0.0,0.92,25.0,1.0,24.0,0.0,0.0,88.0,0.0,3.258096538021482
37668.0,1.0,1466295.0,29024.0,0.0,1.0,0.0,0.91,21.0,2.0,19.0,0.0,0.0,128.0,0.0,2.8903717578961645
154520.0,0.0,2774556.0,25167.0,1.0,0.0,1002026.0,0.0,13.0,0.0,5.0,3.0,0.0,50.0,0.0,3.1780538303479458
50829.0,0.0,621348.0,233867.0,0.0,1.0,0.0,1.0,155.0,7.0,113.0,9.0,0.0,204.0,0.0,3.610917912644224
31365.0,1.0,6063625.0,51808.0,1.0,1.0,0.0,1.05,47.0,1.0,39.0,0.0,0.0,123.0,0.0,3.871201010907891
83567.0,1.0,314297.0,110683.0,0.0,2.0,0.0,0.925,73.0,2.0,58.0,2.0,0.0,80.0,0.0,4.499809670330265
61928.0,0.0,5970332.0,51808.0,0.0,1.0,0.0,1.05,47.0,1.0,39.0,0.0,0.0,123.0,0.0,3.091042453358316
20327.0,0.0,2581088.0,12239.0,1.0,1.0,0.0,0.6,14.0,1.0,10.0,0.0,0.0,14.0,0.0,4.709530201312334
59559.0,1.0,367668.0,2285.0,1.0,1.0,0.0,0.76,6.0,1.0,3.0,0.0,0.0,34.0,0.0,3.4011973816621555
36651.0,1.0,2287605.0,98417.0,1.0,1.0,0.0,0.93,66.0,2.0,50.0,2.0,0.0,171.0,0.0,3.6635616461296463
305523.0,0.0,24547802.0,5190.0,1.0,0.0,1266.0,0.0,17.0,1.0,16.0,0.0,0.0,167.0,0.0,2.19722457733622
1641606.0,0.0,13532854.0,24901.0,0.0,3.0,0.0,0.99,31.0,3.0,25.0,2.0,0.0,78.0,0.0,4.110873864173311
6959.0,1.0,679136.0,233867.0,1.0,1.0,0.0,1.0,155.0,7.0,113.0,9.0,0.0,204.0,0.0,3.367295829986474
38074.0,0.0,15212534.0,24901.0,1.0,3.0,0.0,0.99,31.0,3.0,25.0,2.0,0.0,78.0,0.0,4.770684624465665
34312.0,1.0,71927.0,157128.0,1.0,1.0,0.0,1.24,88.0,4.0,59.0,3.0,0.0,94.0,0.0,4.110873864173311
305895.0,0.0,12806219.0,6164.0,1.0,0.0,1011774.0,0.0,11.0,1.0,9.0,0.0,0.0,67.0,0.0,3.4339872044851463
15530.0,0.0,4451884.0,36831.0,1.0,1.0,0.0,0.77,32.0,1.0,23.0,1.0,0.0,141.0,0.0,2.4849066497880004
293886.0,0.0,2005405.0,5668.0,0.0,0.0,17747.0,0.0,4.0,1.0,3.0,0.0,0.0,64.0,0.0,3.044522437723423
43140.0,0.0,5240629.0,36273.0,1.0,0.0,270690.0,0.0,22.0,1.0,21.0,0.0,0.0,1211.0,0.0,3.258096538021482
79428.0,1.0,3320092.0,117737.0,1.0,3.0,0.0,1.2433,112.0,7.0,85.0,4.0,0.0,111.0,0.0,2.9444389791664403
305598.0,0.0,1808581.0,148489.0,0.0,1.0,0.0,0.96,128.0,1.0,107.0,1.0,0.0,108.0,0.0,3.713572066704308
347069.0,1.0,6097390.0,611853.0,0.0,2.0,0.0,0.78,517.0,2.0,306.0,45.0,0.0,115.0,0.0,4.465908118654584
105566.0,0.0,6740637.0,13345.0,0.0,1.0,0.0,1.05,32.0,2.0,30.0,0.0,0.0,200.0,0.0,3.80666248977032
406108.0,0.0,24017786.0,19262.0,0.0,1.0,0.0,0.99,8.0,1.0,6.0,0.0,0.0,49.0,0.0,3.6635616461296463
27940.0,1.0,1255065.0,54796.0,1.0,1.0,0.0,0.84,57.0,2.0,44.0,3.0,0.0,357.0,0.0,3.1354942159291497
16082.0,0.0,333892.0,57518.0,1.0,0.0,120382.0,0.0,48.0,1.0,37.0,1.0,0.0,225.0,0.0,2.4849066497880004
16355.0,0.0,2890419.0,8803.0,0.0,1.0,0.0,0.92,25.0,1.0,24.0,0.0,0.0,88.0,0.0,2.8903717578961645
55365.0,1.0,55365.0,88574.0,0.0,3.0,0.0,0.8933,135.0,2.0,124.0,3.0,4.0,335.0,1.0,3.295836866004329
15245.0,0.0,7124411.0,4735.0,1.0,1.0,0.0,0.85,7.0,1.0,6.0,0.0,0.0,37.0,0.0,3.091042453358316
123471.0,1.0,991640.0,132301.0,0.0,1.0,0.0,1.15,108.0,1.0,86.0,8.0,0.0,230.0,0.0,3.970291913552122
142251.0,0.0,492225.0,57518.0,1.0,0.0,120382.0,0.0,48.0,1.0,37.0,1.0,0.0,225.0,0.0,2.3978952727983707
75681.0,1.0,4945984.0,703986.0,1.0,1.0,0.0,0.95,476.0,2.0,230.0,55.0,0.0,139.0,0.0,6.137727054086234
8703.0,1.0,6023557.0,51808.0,1.0,1.0,0.0,1.05,47.0,1.0,39.0,0.0,0.0,123.0,0.0,5.327876168789581
56224.0,1.0,10203707.0,14923.0,0.0,3.0,0.0,0.79,36.0,1.0,16.0,1.0,0.0,495.0,0.0,2.302585092994046
47098.0,1.0,1703469.0,199872.0,0.0,1.0,0.0,0.93,260.0,2.0,234.0,8.0,0.0,99.0,0.0,2.302585092994046
162872.0,1.0,434101.0,191707.0,0.0,1.0,0.0,1.22,127.0,1.0,91.0,8.0,0.0,480.0,0.0,3.912023005428146
111012.0,1.0,2617606.0,653877.0,0.0,3.0,0.0,0.8933,602.0,4.0,451.0,30.0,0.0,570.0,0.0,3.218875824868201
337078.0,1.0,6087399.0,611853.0,0.0,2.0,0.0,0.78,517.0,2.0,306.0,45.0,0.0,115.0,0.0,4.61512051684126
31040.0,1.0,703217.0,233867.0,0.0,1.0,0.0,1.0,155.0,7.0,113.0,9.0,0.0,204.0,0.0,4.927253685157205
49385.0,1.0,25781802.0,448833.0,1.0,2.0,0.0,0.92,446.0,1.0,405.0,6.0,0.0,204.0,0.0,5.303304908059076
1339728.0,0.0,12786938.0,1475061.0,0.0,1.0,0.0,0.78,839.0,5.0,347.0,113.0,0.0,299.0,0.0,2.772588722239781
430804.0,0.0,19357514.0,927611.0,0.0,1.0,0.0,0.86,614.0,3.0,475.0,27.0,0.0,168.0,0.0,3.871201010907891
55360.0,1.0,3653071.0,81730.0,0.0,1.0,0.0,0.82,100.0,3.0,86.0,3.0,0.0,398.0,0.0,4.948759890378168
285390.0,0.0,23848859.0,429238.0,0.0,1.0,0.0,0.76,302.0,5.0,200.0,20.0,0.0,238.0,0.0,6.96979066990159
81305.0,1.0,954239.0,247493.0,0.0,1.0,0.0,0.84,324.0,9.0,302.0,1.0,0.0,250.0,0.0,3.1354942159291497
736439.0,0.0,12183649.0,1475061.0,1.0,1.0,0.0,0.78,839.0,5.0,347.0,113.0,0.0,299.0,0.0,5.5053315359323625
255747.0,0.0,26969650.0,239436.0,0.0,1.0,0.0,0.83,250.0,5.0,228.0,1.0,0.0,210.0,0.0,4.262679877041316
110754.0,0.0,25037390.0,66555.0,0.0,1.0,0.0,1.11,57.0,7.0,49.0,0.0,0.0,44.0,0.0,2.995732273553991
65454.0,1.0,2316408.0,98417.0,0.0,1.0,0.0,0.93,66.0,2.0,50.0,2.0,0.0,171.0,0.0,4.04305126783455
51355.0,0.0,3696428.0,185746.0,1.0,1.0,0.0,0.79,339.0,8.0,328.0,0.0,0.0,97.0,0.0,3.1354942159291497
419011.0,0.0,3270820.0,45917.0,0.0,3.0,0.0,1.0267,80.0,3.0,76.0,0.0,0.0,532.0,0.0,2.833213344056216
252559.0,0.0,22755407.0,7465.0,1.0,3.0,0.0,0.9067,23.0,2.0,21.0,0.0,0.0,600.0,0.0,3.044522437723423
73332.0,1.0,2525314.0,74511.0,0.0,0.0,63163.0,0.0,83.0,1.0,68.0,2.0,0.0,45.0,0.0,4.127134385045092
5828.0,1.0,725257.0,685926.0,0.0,3.0,0.0,0.93,464.0,2.0,300.0,34.0,0.0,74.0,0.0,3.258096538021482
69441.0,0.0,2550595.0,25167.0,0.0,0.0,1002026.0,0.0,13.0,0.0,5.0,3.0,0.0,50.0,0.0,5.111987788356544
434214.0,0.0,7918312.0,111945.0,0.0,1.0,0.0,0.99,167.0,3.0,163.0,0.0,0.0,931.0,0.0,3.4011973816621555
16346.0,1.0,478657.0,125097.0,0.0,1.0,0.0,0.84,93.0,1.0,66.0,7.0,0.0,481.0,0.0,2.995732273553991
244174.0,0.0,8977144.0,4557.0,0.0,1.0,0.0,1.18,14.0,1.0,13.0,0.0,0.0,232.0,0.0,3.713572066704308
36914.0,1.0,709091.0,233867.0,1.0,1.0,0.0,1.0,155.0,7.0,113.0,9.0,0.0,204.0,0.0,5.857933154483459
87341.0,0.0,1798860.0,5668.0,1.0,0.0,17747.0,0.0,4.0,1.0,3.0,0.0,0.0,64.0,0.0,3.737669618283368
2186.0,1.0,3706245.0,81730.0,1.0,1.0,0.0,0.82,100.0,3.0,86.0,3.0,0.0,398.0,0.0,4.23410650459726
666852.0,0.0,14507608.0,24901.0,1.0,3.0,0.0,0.99,31.0,3.0,25.0,2.0,0.0,78.0,0.0,5.14166355650266
301519.0,0.0,22804367.0,7465.0,0.0,3.0,0.0,0.9067,23.0,2.0,21.0,0.0,0.0,600.0,0.0,3.5263605246161616
569328.0,0.0,22994141.0,429238.0,1.0,1.0,0.0,0.76,302.0,5.0,200.0,20.0,0.0,238.0,0.0,3.610917912644224
137348.0,0.0,25010796.0,66555.0,0.0,1.0,0.0,1.11,57.0,7.0,49.0,0.0,0.0,44.0,0.0,4.6443908991413725
6206.0,0.0,2922098.0,10609.0,1.0,1.0,0.0,0.92,19.0,1.0,18.0,0.0,0.0,23.0,0.0,2.70805020110221
1359522.0,0.0,13814938.0,24901.0,1.0,3.0,0.0,0.99,31.0,3.0,25.0,2.0,0.0,78.0,0.0,3.218875824868201
1635943.0,0.0,20599300.0,5269.0,0.0,1.0,0.0,0.88,14.0,2.0,12.0,0.0,0.0,84.0,0.0,3.4657359027997265
13557.0,0.0,1502890.0,95324.0,1.0,1.0,0.0,1.13,56.0,2.0,41.0,3.0,0.0,74.0,0.0,3.044522437723423
2773.0,0.0,12089949.0,177422.0,1.0,1.0,0.0,0.93,85.0,5.0,47.0,11.0,0.0,112.0,0.0,2.70805020110221
80320.0,0.0,25390546.0,111164.0,1.0,0.0,50884.0,0.0,80.0,1.0,47.0,12.0,0.0,97.0,0.0,3.688879454113936
22400.0,0.0,25170544.0,66555.0,0.0,1.0,0.0,1.11,57.0,7.0,49.0,0.0,0.0,44.0,0.0,3.555348061489413
310290.0,0.0,24552569.0,5190.0,0.0,0.0,1266.0,0.0,17.0,1.0,16.0,0.0,0.0,167.0,0.0,3.1780538303479458
39728.0,0.0,1932326.0,7270.0,0.0,0.0,243.0,0.0,11.0,2.0,9.0,0.0,0.0,19.0,0.0,3.218875824868201
627352.0,1.0,4349682.0,26488.0,1.0,1.0,0.0,1.18,26.0,1.0,24.0,0.0,0.0,72.0,0.0,3.1780538303479458
122485.0,1.0,565859.0,691653.0,0.0,3.0,0.0,0.8,504.0,7.0,285.0,41.0,0.0,275.0,0.0,2.9444389791664403
