tree
version=v4
num_class=1
num_tree_per_iteration=1
label_index=0
max_feature_idx=17
objective=regression
feature_names=dist_to_nearest_tss in_gene_body dist_to_nearest_cancer_tss gene_length in_repeat cpg_island_count cpg_nearest_dist cpg_mean_obs_exp encode_ccre_count encode_promoter_count encode_enhancer_count encode_ctcf_count ot_cancer_hallmark_count ot_disease_count ot_is_cancer_driver n_samples_detected growth_rate abundance_fold_change
feature_infos=[0:1988310] [0:1] [1201:27247995] [633:1697918] [0:1] [0:30] [0:1864631] [0:1.3] [0:1211] [0:12] [0:1151] [0:113] [0:7] [0:1887] [0:1] [1:23] [-10.940898743503583:7.2464472671285307] [-4.9480842146767863:5.5118594150503908]
tree_sizes=5255 5581 5538 5551 5551 5581 5615 5605 5624 5563 5580 5646 5641 5652 5597 5671 5623 5641 5632 5620 5622 5578 5554 5587 5613 5631 5581 5617 5563 5659 5701 5568 5609 5615 5627 5633 5624 5668 5656 5631 5622 5633 5618 5615 5651 5674 5626 5627 5663 5673 5626 5638 5636 5626 5639 5573 5615 5592 5671 5630 5609 5562 5610 5660 5617 5601 5572 5599 5646 5602 5628 5616 5660 5714 5629 5603

Tree=0
num_leaves=63
num_cat=0
split_feature=15 15 16 16 16 16 16 16 15 17 16 15 15 16 16 16 16 16 16 17 16 16 15 16 16 16 17 15 16 2 13 16 17 9 16 16 16 16 17 0 2 2 3 17 7 2 10 0 2 0 17 17 17 10 10 10 8 9 10 17 0 13
split_gain=2595.57 608.416 343.914 481.296 183.717 230.289 125.347 66.4142 63.2288 60.6073 58.7716 50.4499 41.0051 36.7669 35.3511 45.0933 28.5991 20.3002 18.882 15.2623 13.2183 13.0781 11.8877 11.6124 18.4963 10.9859 10.6483 10.3777 9.3814 8.75416 9.32769 8.39869 7.56056 7.46233 7.25478 10.2425 7.24099 7.0824 6.75172 6.58936 7.7407 29.4302 6.64974 6.58165 6.37821 6.06912 6.0621 6.02415 5.99052 5.72362 5.56071 5.4391 5.38988 5.3749 5.31007 5.24307 5.22715 5.18781 5.02421 4.8505 4.79681 4.67017
threshold=1.5000000000000002 3.5000000000000004 1.7513471901462665 -2.2674922867601599 -3.9796061560643303 2.2804559595342 0.63249712101041644 -0.87070091423595997 7.5000000000000009 2.6119046571864883 -6.8190580251124411 6.5000000000000009 2.5000000000000004 0.23094688221709039 -1.6741466019357316 0.83324513206885864 5.0019245573518072 -8.6696641936683232 -0.39190768287313976 -1.0000000180025095e-35 -0.43499690936904806 0.15396458814472688 2.5000000000000004 -0.87070091423595997 0.83324513206885864 1.0428186850056973 -0.73796417324197827 2.5000000000000004 5.6245022845203261 905443.50000000012 1036.0000000000002 0.11547344110854506 -0.11920551172249923 1.5000000000000002 -0.32089599016789089 0.25038954438355127 -10.909495509114473 7.2413914549653464 2.1827686312405126 82781.500000000015 2641871.0000000005 2574093.5000000005 95511.500000000015 -1.747692298360928 0.81900000000000006 2543154.0000000005 3.5000000000000004 57832.500000000007 1924291.0000000002 30687.500000000004 1.4669570316750875 0.21697329615725322 1.1705021014489954 5.5000000000000009 26.500000000000004 22.500000000000004 3.5000000000000004 4.5000000000000009 56.500000000000007 -1.3280034439645159 27828.000000000004 85.000000000000014
decision_type=2 2 2 2 2 2 2 2 2 2 2 2 2 2 2 2 2 2 2 2 2 2 2 2 2 2 2 2 2 2 2 2 2 2 2 2 2 2 2 2 2 2 2 2 2 2 2 2 2 2 2 2 2 2 2 2 2 2 2 2 2 2
left_child=29 2 3 10 17 11 7 22 28 16 36 14 13 18 -6 20 38 -3 -9 -8 32 -22 -5 -13 -25 -21 -15 59 -7 30 44 -20 -16 46 -14 -36 -2 -11 51 40 41 47 -42 -38 49 -37 56 54 -23 57 -27 -4 -28 -48 55 -35 -31 -1 -44 -12 -56 -60
right_child=1 4 9 6 5 8 19 12 -10 37 27 23 34 26 15 -17 -18 -19 31 25 21 48 -24 24 -26 50 52 -29 -30 33 -32 -33 -34 39 35 45 43 -39 -40 -41 42 -43 58 -45 -46 -47 53 -49 -50 -51 -52 -53 -54 -55 60 -57 -58 -59 61 -61 -62 -63
leaf_value=3.573937312757411 3.6843098220090624 3.7587724232649857 3.6572627349212974 3.604695073596659 3.674027063799973 3.6874092629848292 3.6431558773866439 3.5829314547220195 3.7762166519812221 3.6868544354861075 3.6400610320031834 3.7009005033329903 3.6120636691131542 3.6247532911143576 3.6338541306151559 3.6655631056113291 3.6700214338126043 3.7119804336596616 3.5509064139941096 3.6062899210341257 3.6083038894952306 3.6105054483699477 3.6315151152551626 3.6540045482450729 3.696940374539869 3.6182352324144893 3.5834619683782574 3.6527918788818825 3.721779877325031 3.5848055293311316 3.5518962668966241 3.5707768141249363 3.6700533470629026 3.583756186525747 3.5842880740659329 3.5924063060598237 3.6854344914691857 3.723717292636711 3.6680065741879191 3.5863010596015918 3.5842002201080256 3.6294618948838533 3.5664615909204951 3.651176546365186 3.583105021379013 3.6249518099603053 3.5727745818072263 3.5774225608298642 3.6396350489710954 3.5814893236605334 3.6377380010737168 3.6364850100043222 3.6108225006451589 3.582061821532522 3.5853890913418995 3.5612940140867706 3.5991103053370903 3.548044545609911 3.5880307327787122 3.6192042946105629 3.5941246231410879 3.5785515176123295
leaf_weight=301 137 47 39 119 68 63 64 94 38 29 56 32 66 20 59 92 141 52 185 148 124 24 64 90 36 107 165 83 33 223 28 77 20 266 119 26 23 30 24 4509 1407 39 75 43 1265 31 166 198 76 354 58 215 20 2955 320 29 89 21 154 60 307 900
leaf_count=301 137 47 39 119 68 63 64 94 38 29 56 32 66 20 59 92 141 52 185 148 124 24 64 90 36 107 165 83 33 223 28 77 20 266 119 26 23 30 24 4509 1407 39 75 43 1265 31 166 198 76 354 58 215 20 2955 320 29 89 21 154 60 307 900
internal_value=3.59307 3.63438 3.6207 3.61051 3.6703 3.66187 3.59632 3.58695 3.72134 3.65833 3.65858 3.64902 3.58075 3.57333 3.64064 3.63487 3.65159 3.73439 3.56362 3.62084 3.62551 3.61924 3.61412 3.67347 3.66638 3.61625 3.59023 3.63918 3.6994 3.58367 3.58058 3.55672 3.64317 3.58419 3.59794 3.59266 3.67755 3.70587 3.64221 3.58501 3.58345 3.58684 3.5819 3.66331 3.581 3.61004 3.58223 3.58535 3.63272 3.57706 3.62514 3.63972 3.58645 3.58157 3.58706 3.58152 3.5889 3.57222 3.57903 3.62935 3.58967 3.57993
internal_weight=16703 3097 2243 1765 854 755 1363 986 134 478 402 621 803 561 463 395 419 99 356 377 303 224 183 158 126 313 205 199 96 13606 1969 262 79 11637 242 176 203 59 278 8204 3695 1159 2536 66 1941 57 3433 1120 100 676 165 254 185 3121 922 295 312 322 1129 116 627 1054
internal_count=16703 3097 2243 1765 854 755 1363 986 134 478 402 621 803 561 463 395 419 99 356 377 303 224 183 158 126 313 205 199 96 13606 1969 262 79 11637 242 176 203 59 278 8204 3695 1159 2536 66 1941 57 3433 1120 100 676 165 254 185 3121 922 295 312 322 1129 116 627 1054
is_linear=0
shrinkage=1


Tree=1
num_leaves=63
num_cat=0
split_feature=15 15 17 17 15 17 15 17 17 17 17 17 15 17 17 17 17 17 15 0 6 6 13 13 13 10 2 2 0 13 13 0 2 8 17 2 7 13 13 4 2 4 13 0 0 2 2 10 0 0 2 2 0 7 13 8 7 0 9 1 2 5
split_gain=2343.15 549.269 208.701 214.565 147.675 94.9357 52.3688 45.9907 29.4122 28.9867 26.7622 24.7977 18.323 17.5475 14.2058 13.811 13.2638 11.732 10.1705 10.1589 8.77728 7.69588 7.37676 7.20752 6.8318 6.4154 5.96777 5.89797 6.75512 5.81948 5.32291 5.28586 5.23689 5.16244 5.0155 4.82969 4.8217 4.80604 5.88037 4.66491 4.65539 4.54969 4.5452 4.53396 4.51054 4.49777 4.30476 6.53105 4.67619 7.16919 9.56813 22.6351 6.87336 6.68483 6.0467 8.67269 4.81075 4.69728 4.88216 4.62827 6.53629 9.44519
threshold=1.5000000000000002 3.5000000000000004 2.1578449036225238 -1.2710686591680742 7.5000000000000009 0.84729786038720378 2.5000000000000004 2.1578449036225238 -1.9413299643559807 -0.95125541676037895 1.0139875510548091 -2.4133562279676628 4.5000000000000009 3.2895550118886674 0.28918583298375827 -0.37469344944141064 -0.71562003641200411 1.2527629684953685 10.500000000000002 1067102.5000000002 69735.000000000015 21520.000000000004 400.50000000000006 208.50000000000003 1314.5000000000002 174.00000000000003 555829.00000000012 13656936.000000002 460672.50000000006 211.50000000000003 55.500000000000007 25475.500000000004 1544031.5000000002 44.500000000000007 2.6119046571864883 5432628.0000000009 0.92250000000000021 42.500000000000007 119.50000000000001 1.0000000180025095e-35 3551583.0000000005 1.0000000180025095e-35 1239.0000000000002 10352.000000000002 98605.500000000015 10181201.500000002 629989.50000000012 33.500000000000007 98605.500000000015 60181.000000000007 2597227.5000000005 2574093.5000000005 5261.5000000000009 1.1050000000000002 504.50000000000006 20.500000000000004 1.0850000000000002 65133.000000000007 8.5000000000000018 1.0000000180025095e-35 3240039.0000000005 2.5000000000000004
decision_type=2 2 2 2 2 2 2 2 2 2 2 2 2 2 2 2 2 2 2 2 2 2 2 2 2 2 2 2 2 2 2 2 2 2 2 2 2 2 2 2 2 2 2 2 2 2 2 2 2 2 2 2 2 2 2 2 2 2 2 2 2 2
left_child=20 2 3 8 10 6 9 18 -2 -5 11 -3 16 34 15 -11 -13 30 29 22 24 37 -14 -12 26 27 -1 28 40 39 -7 -32 -33 -34 -4 -10 43 -18 -39 -6 -16 -22 46 -17 -43 -26 47 -28 49 50 51 52 54 57 55 -48 -54 -51 59 -59 -61 -62
right_child=1 4 13 5 7 17 -8 -9 35 14 23 12 19 -15 25 36 21 -19 -20 -21 41 -23 -24 -25 45 -27 42 -29 -30 -31 31 32 33 -35 -36 -37 -38 38 -40 -41 -42 44 -44 -45 -46 -47 48 -49 -50 53 -52 -53 56 -55 -56 -57 -58 58 -60 60 61 -63
leaf_value=-0.012379726242581705 0.079259289633932473 0.11273689210711427 0.069957755129310448 0.026715287024019138 0.12220518551024782 0.011999461207937739 0.024899327251900638 0.17334937305695758 0.042769304571543626 0.0044342409220352909 0.073756404131230122 0.064778004559515184 0.058883042895888894 0.131718584909961 0.0035470326792341879 -0.027682673894017341 0.026498279471848147 0.041329466752465564 0.12966109269876575 0.097143929358168596 -0.015808459945369297 0.013692451610471855 0.091389016562433381 0.09643669541703534 -0.023162975364440435 -0.0070907523709641193 -0.019141169248270418 -0.012840021945146926 0.032231457677514265 0.076402633126908939 0.050168295290811626 0.047143315868568125 0.034147479309111224 0.0115572025148339 0.092799881992826044 0.059297384886682993 -0.020392258211682487 0.065201079809343032 0.039590363005541647 0.090671779871753566 0.022759711599895215 -0.014271690458118306 0.010203835540218961 -0.0051465037288395288 -0.0063572200185518504 -0.0031459794758826572 -0.026662058181907217 0.0080923659773491814 -0.0070199341174283199 -0.018851185125159174 -0.0099346489657154494 0.029675270058627669 -0.0060261994978545166 -0.029798827539890993 -0.03708572661494336 -0.0041447762558981232 0.0026129364194401867 -0.0072729789265819052 0.004554226796463179 -0.021600441070787405 -0.0055257931152149393 -0.030570019352066016
leaf_weight=826 120 20 62 108 25 55 356 31 145 224 138 65 217 20 94 25 36 275 31 23 623 28 20 52 125 50 29 20 46 31 28 24 44 62 47 69 106 35 71 31 48 333 34 215 400 37 63 90 5187 194 2978 45 1301 54 26 135 183 418 52 194 234 45
leaf_count=826 120 20 62 108 25 55 356 31 145 224 138 65 217 20 94 25 36 275 31 23 623 28 20 52 125 50 29 20 46 31 28 24 44 62 47 69 106 35 71 31 48 333 34 215 400 37 63 90 5187 194 2978 45 1301 54 26 135 183 418 52 194 234 45
internal_value=0.000106961 0.039359 0.0263606 0.0225872 0.073486 0.0156813 0.00857819 0.118759 0.0593604 0.00236324 0.0638951 0.0579155 0.0556681 0.0880929 -0.000809922 -0.00522146 0.0454352 0.0344712 0.104241 0.0648768 -0.00882745 0.0379764 0.0616846 0.0800374 -0.00840357 0.00891537 -0.00826599 0.0127886 0.015547 0.094987 0.0255779 0.0302624 0.0259013 0.0210048 0.079929 0.048147 -0.0114865 0.0427165 0.0481473 0.105031 0.0100881 -0.0126522 -0.00796372 -0.0075254 -0.00996102 -0.0186268 -0.00801927 0.00140314 -0.00812067 -0.0090838 -0.00820751 -0.00527019 -0.0061955 -0.0125595 -0.0143698 -0.0113444 -0.00495739 -0.0117338 -0.0102624 -0.0111332 -0.0145317 -0.0095926
internal_weight=16703 3097 2243 2114 854 1780 1292 149 334 936 705 515 495 129 828 570 235 488 118 260 13606 170 237 190 12250 258 12088 208 188 87 213 158 130 106 109 214 346 142 106 56 142 1356 11262 240 733 162 11228 119 11109 5922 4731 1753 1708 1191 224 198 1484 1137 943 891 473 279
internal_count=16703 3097 2243 2114 854 1780 1292 149 334 936 705 515 495 129 828 570 235 488 118 260 13606 170 237 190 12250 258 12088 208 188 87 213 158 130 106 109 214 346 142 106 56 142 1356 11262 240 733 162 11228 119 11109 5922 4731 1753 1708 1191 224 198 1484 1137 943 891 473 279
is_linear=0
shrinkage=0.05


Tree=2
num_leaves=63
num_cat=0
split_feature=15 15 16 16 16 16 16 16 15 17 16 16 16 16 15 16 15 17 16 16 15 16 16 16 15 17 15 3 6 17 16 16 17 13 16 16 15 15 15 11 13 17 17 16 15 15 17 17 15 17 13 17 2 15 5 11 17 4 2 9 2 3
split_gain=2115.23 495.913 296.343 413.721 163.668 199.444 99.0521 75.7984 59.6635 47.3184 43.2389 45.693 36.2953 36.2539 34.9474 25.2975 21.635 18.1957 17.9596 15.3566 13.8354 11.5449 11.4627 11.3388 10.2672 8.65297 7.97166 7.94342 7.83237 7.65439 7.42509 7.21096 6.90475 6.37275 6.28708 6.12316 6.02552 5.94524 5.71088 5.701 5.64428 5.14005 4.92113 5.82345 4.91996 4.34668 4.3254 4.22963 4.44238 6.00814 4.19434 4.06585 4.05592 3.86208 3.77603 4.18591 3.74064 3.45408 3.3718 3.37112 4.09059 3.27396
threshold=1.5000000000000002 3.5000000000000004 1.7513471901462665 -2.9620097938494778 -3.9796061560643303 1.8170834706161134 0.7703271457330223 -0.89378306794153561 7.5000000000000009 2.6119046571864883 -0.87070091423595997 0.83324513206885864 -6.8190580251124411 0.25038954438355127 2.5000000000000004 5.0019245573518072 6.5000000000000009 -0.05973256091968409 -8.6696641936683232 -0.39190768287313976 2.5000000000000004 -0.19245573518090806 5.6245022845203261 0.14113420579933303 7.5000000000000009 -0.64901998794533144 2.5000000000000004 2589.0000000000005 145851.00000000003 1.0139875510548091 -0.43499690936904806 0.17324966250686738 1.2527629684953685 1314.5000000000002 -10.909495509114473 7.2413914549653464 2.5000000000000004 2.5000000000000004 12.500000000000002 9.5000000000000018 10.500000000000002 -1.747692298360928 0.11920551172249925 -1.7427057671325346 6.5000000000000009 4.5000000000000009 0.40746911880693398 1.893590511508892 2.5000000000000004 0.46928472186092157 1239.0000000000002 -1.2047985683451723 10181201.500000002 2.5000000000000004 4.5000000000000009 1.5000000000000002 -0.25131442828090617 1.0000000180025095e-35 1127087.5000000002 1.5000000000000002 364346.50000000006 51961.500000000007
decision_type=2 2 2 2 2 2 2 2 2 2 2 2 2 2 2 2 2 2 2 2 2 2 2 2 2 2 2 2 2 2 2 2 2 2 2 2 2 2 2 2 2 2 2 2 2 2 2 2 2 2 2 2 2 2 2 2 2 2 2 2 2 2
left_child=27 2 3 12 18 10 7 20 22 15 24 16 34 14 19 37 29 -15 -3 -9 -5 56 -7 -21 42 -8 51 58 33 30 -12 39 36 40 53 -11 -19 -4 -10 -32 -29 -36 43 -6 -13 -20 -33 48 49 -27 54 -14 -35 -2 -42 -56 -16 -30 -1 60 -59 -18
right_child=1 4 9 6 5 8 25 13 38 35 11 44 26 17 21 -17 61 32 45 23 -22 -23 -24 -25 -26 47 -28 28 57 -31 31 46 -34 52 41 -37 -38 -39 -40 -41 50 -43 -44 -45 -46 -47 -48 -49 -50 -51 -52 -53 -54 -55 55 -57 -58 59 -60 -61 -62 -63
leaf_value=-0.019097454210809477 0.078828325179684647 0.15323997128541303 0.041228973848940809 0.012995207639877084 0.072261411683288174 0.083000383239268727 0.055872117931442505 -0.0092301898879434807 0.14181653493130369 0.084323381476385906 0.040746215962763795 0.063595898083800437 0.045205615930809469 0.031183180729756333 0.0053231158384000783 0.071347138046964881 0.063216948343083487 -0.0096022322854565061 0.091795287983051477 -0.038772726620723827 0.038913489677619997 -0.012018595468328848 0.11851630977993646 -0.016524126361624477 0.10495565547123215 0.031496111907134 0.059476092861912612 0.01053837709739415 -0.014979267873768617 0.046884991767251256 0.0051768046618624408 0.041552051894195245 0.018008385786879563 -0.02200575269163876 0.084168420390133225 0.11858125307235212 0.009365724046087525 0.059377531715964715 0.18376589212844621 0.034470246469634418 -0.007673114364969565 0.05375609463664191 0.086626553718157653 0.045469040625051561 0.089553743006920039 0.12362955859547409 0.015627859386893893 0.041710135223358633 0.036558990761451776 0.012872070795087544 0.0096951404886861017 0.023342607493635426 -0.0029891045668697103 0.099737341313068481 -0.0093316237339319923 -0.023112435242167884 0.026785407708867948 0.0090380088535028623 -0.0065747747396848553 -0.0019633769395305148 -0.012430261091796374 0.043207730743126498
leaf_weight=242 103 47 218 141 50 89 27 98 22 29 43 70 50 50 61 141 47 172 24 199 82 98 33 82 22 70 60 42 560 36 100 39 38 125 23 30 55 60 20 20 11648 43 26 38 28 28 29 38 52 118 34 40 37 34 171 83 31 23 71 121 449 43
leaf_count=242 103 47 218 141 50 89 27 98 22 29 43 70 50 50 61 141 47 172 24 199 82 98 33 82 22 70 60 42 560 36 100 39 38 125 23 30 55 60 20 20 11648 43 26 38 28 28 29 38 52 118 34 40 37 34 171 83 31 23 71 121 449 43
internal_value=0.000102362 0.0373966 0.0250455 0.0155819 0.0698239 0.0618696 0.00347276 -0.00347502 0.110671 0.0599682 0.0483026 0.0408669 0.0639897 -0.0100505 -0.0175848 0.0540151 0.0325231 0.0035446 0.130311 -0.0263565 0.0225613 -5.65789e-05 0.0927373 -0.0323062 0.0730943 0.0286991 0.0452056 -0.00838641 -0.00820014 0.0253247 0.0219241 0.0175731 -0.00166116 -0.00782481 0.077816 0.101998 -0.00498235 0.0451839 0.1623 0.0101253 -0.00769072 0.0645413 0.0668153 0.0608135 0.0711471 0.109237 0.0306088 0.0260228 0.0235018 0.0198462 -0.00775537 0.0355809 -0.0176978 0.0841229 -0.00780572 -0.0138618 0.0126305 -0.0121467 -0.0162758 -0.00946117 -0.0113719 0.053771
internal_weight=16703 3097 2243 1765 854 755 1412 1107 164 478 591 455 353 884 569 419 357 315 99 379 223 190 122 281 136 305 150 13606 13293 267 231 188 265 12140 203 59 227 278 42 120 11978 66 114 88 98 52 68 278 240 188 11936 90 162 137 11902 254 92 1153 313 593 472 90
internal_count=16703 3097 2243 1765 854 755 1412 1107 164 478 591 455 353 884 569 419 357 315 99 379 223 190 122 281 136 305 150 13606 13293 267 231 188 265 12140 203 59 227 278 42 120 11978 66 114 88 98 52 68 278 240 188 11936 90 162 137 11902 254 92 1153 313 593 472 90
is_linear=0
shrinkage=0.05


Tree=3
num_leaves=63
num_cat=0
split_feature=15 15 17 17 15 15 17 17 17 17 17 17 17 15 17 17 17 15 0 6 15 2 13 17 13 9 13 17 0 2 2 2 10 3 10 15 13 7 2 2 0 13 7 0 11 7 0 2 17 10 10 17 2 10 0 7 7 0 0 0 0 2
split_gain=1909.67 452.404 173.675 167.859 101.764 82.8799 75.5629 29.4242 23.4877 23.0284 22.0971 13.989 13.1756 12.3139 11.3513 11.1909 10.8859 9.50699 9.14557 8.80474 7.36458 7.2153 7.85168 7.19114 6.60151 6.48068 6.47979 5.86589 5.81272 6.61548 24.7097 5.7805 5.56152 5.49271 5.44316 5.59523 5.37715 5.34388 5.08808 5.77741 5.04804 4.84864 6.2685 4.84803 4.84719 4.81434 4.78812 4.7791 4.77812 4.64905 4.77548 4.61606 4.5666 4.55984 4.54351 6.09335 8.31803 4.45502 4.40858 4.32616 4.3068 4.29149
threshold=1.5000000000000002 4.5000000000000009 2.1827686312405126 -1.2710686591680742 2.5000000000000004 8.5000000000000018 0.84729786038720378 0.22463386538327887 -0.95125541676037895 -1.9413299643559807 1.0139875510548091 2.2715799336090492 3.2895550118886674 3.5000000000000004 -1.9144484089039733 0.28918583298375827 -0.37469344944141064 12.500000000000002 1138591.0000000002 21520.000000000004 3.5000000000000004 905443.50000000012 1036.0000000000002 1.2527629684953685 10.500000000000002 1.5000000000000002 43.500000000000007 -2.7156797545372311 82781.500000000015 2641871.0000000005 2574093.5000000005 1052375.5000000002 174.00000000000003 95511.500000000015 33.500000000000007 6.5000000000000009 107.50000000000001 0.81900000000000006 13656936.000000002 3551583.0000000005 57832.500000000007 151.50000000000003 0.93665000000000009 30687.500000000004 1.5000000000000002 0.98750000000000016 107723.50000000001 2323430.5000000005 1.4959052259203047 26.500000000000004 22.500000000000004 -0.71562003641200411 1735676.0000000002 56.500000000000007 19370.000000000004 0.78250000000000008 0.97800000000000009 65133.000000000007 18864.000000000004 35256.500000000007 1001865.5000000001 5470827.5000000009
decision_type=2 2 2 2 2 2 2 2 2 2 2 2 2 2 2 2 2 2 2 2 2 2 2 2 2 2 2 2 2 2 2 2 2 2 2 2 2 2 2 2 2 2 2 2 2 2 2 2 2 2 2 2 2 2 2 2 2 2 2 2 2 2
left_child=21 2 3 9 6 11 8 -7 -5 27 13 14 -4 26 -3 16 -10 -9 34 51 45 22 37 -8 -23 -26 52 -2 29 30 40 36 38 -31 35 -16 -28 43 39 60 49 42 -36 44 -1 48 -37 -22 -12 50 -27 -15 -6 -35 55 -55 -57 -41 -46 -51 -17 -11
right_child=1 5 12 4 10 7 23 17 15 61 20 -13 -14 19 18 32 -18 -19 -20 -21 47 24 -24 -25 25 28 31 -29 -30 33 -32 -33 -34 53 41 46 -38 -39 -40 57 -42 -43 -44 -45 58 -47 -48 -49 -50 59 -52 -53 -54 54 -56 56 -58 -59 -60 -61 -62 -63
leaf_value=-0.014867461622045991 0.08771136667026512 0.096119749988843539 0.074651545369760916 0.023995777239090837 0.030736548966401586 0.085944850891498142 0.020805638624118848 0.12322433982897962 0.0038734177856102241 0.040520864133183024 0.022272049037478599 0.10029127220248868 0.11777135290171765 0.059465188628169519 0.061006958840466544 0.0031469450362623629 -0.010259653240106182 0.16688103082376127 0.091697408538668548 0.013058931632057263 0.046404500800525134 0.01411329412450112 -0.037089906781381556 0.035317622325889635 -0.0093961138960891467 -0.0079799834925125563 0.030623229952326039 0.064066013902522853 -0.0055860240739208514 -0.0076029903252148303 0.033922393803420429 0.02973594237766309 -0.0070504585998560389 -0.024276834026911609 0.056270302331290135 0.099909163155167346 -0.0019567394443455229 -0.0084593190523071342 -0.012339758268784529 0.01251707875584702 -0.01375379555029837 0.061936093552491883 0.028018462050520429 -0.0099155142566903776 -0.037840386656861069 0.059276626087257783 0.066061779726074035 0.075905803280947259 0.04669741393585855 -0.0055860852488577445 -0.029412917979381642 0.03819928869767604 0.0050938102482944204 0.016710074773568701 -0.013123233077985109 -0.01643811776680533 0.0051098231394128071 0.039042293802579002 -0.012852850460589888 0.0030697481314739361 0.027604566928319529 0.055483881830063114
leaf_weight=242 41 28 114 108 23 45 152 37 224 162 42 31 22 33 118 101 346 23 26 31 27 35 28 204 3403 266 21 92 4509 1402 39 238 50 75 51 22 31 1265 20 32 198 98 34 354 52 27 25 33 41 403 29 142 73 28 837 117 72 33 28 224 22 74
leaf_count=242 41 28 114 108 23 45 152 37 224 162 42 31 22 33 118 101 346 23 26 31 27 35 28 204 3403 266 21 92 4509 1402 39 238 50 75 51 22 31 1265 20 32 198 98 34 354 52 27 25 33 41 403 29 142 73 28 837 117 72 33 28 224 22 74
internal_value=9.8505e-05 0.0355343 0.026767 0.0236758 0.0180925 0.077214 0.00953876 0.117152 0.00207474 0.0547283 0.0325859 0.0674929 0.081745 0.0279942 0.0649269 -0.000781035 -0.00469713 0.140292 0.0625532 0.0379066 0.0485206 -0.00796723 -0.0107726 0.0291431 -0.00749205 -0.00755777 0.0226827 0.0714532 -0.00679406 -0.00826867 -0.00513025 0.0264234 0.0078499 -0.00970358 0.0603356 0.0671173 0.0111381 -0.0103885 0.0114574 0.0140208 -0.00649749 0.0541604 0.0450745 -0.0139893 -0.0184479 0.0406296 0.0821899 0.0628127 0.0344394 -0.00493245 -0.0101131 0.0422697 0.011315 -0.0123068 -0.0114481 -0.00496054 -0.00820458 0.0260998 -0.0291841 -0.00248576 0.00758097 0.0452553
internal_weight=16703 3097 2559 2423 2054 538 1292 105 936 369 762 433 136 592 402 828 570 60 374 206 170 13606 1969 356 11637 11602 386 133 8199 3690 1159 290 258 2531 348 165 52 1941 208 188 1120 183 85 676 322 110 47 60 83 922 295 175 96 1129 1054 217 189 65 80 627 123 236
internal_count=16703 3097 2559 2423 2054 538 1292 105 936 369 762 433 136 592 402 828 570 60 374 206 170 13606 1969 356 11637 11602 386 133 8199 3690 1159 290 258 2531 348 165 52 1941 208 188 1120 183 85 676 322 110 47 60 83 922 295 175 96 1129 1054 217 189 65 80 627 123 236
is_linear=0
shrinkage=0.05


Tree=4
num_leaves=63
num_cat=0
split_feature=15 15 17 17 15 15 17 17 17 17 17 17 17 15 17 17 17 15 0 15 2 13 17 13 9 13 2 0 17 13 17 13 2 13 10 10 15 8 10 0 9 2 13 13 2 13 2 2 10 10 10 17 13 13 0 2 11 2 0 0 0 2
split_gain=1724 408.47 156.766 151.507 91.8803 74.8175 68.1965 26.5528 21.1978 20.7803 19.9558 12.6158 11.8896 11.112 10.2367 10.103 9.82577 8.56227 8.24689 6.63982 6.51378 7.08739 6.48464 5.96053 5.84668 5.84083 5.51682 5.66947 5.45287 6.27325 5.28401 5.22163 5.21349 5.18783 5.0235 4.90364 5.0479 4.89998 7.49748 7.346 8.72547 14.461 4.86286 4.85736 4.6508 4.63008 4.59755 5.21414 4.46902 4.44171 7.70809 4.44136 4.3628 5.41595 4.30833 4.30208 4.25219 4.02303 4.01697 4.01225 3.99416 4.65003
threshold=1.5000000000000002 4.5000000000000009 2.1827686312405126 -1.2710686591680742 2.5000000000000004 8.5000000000000018 0.84729786038720378 0.22463386538327887 -0.95125541676037895 -1.9413299643559807 1.0139875510548091 2.2715799336090492 3.2895550118886674 3.5000000000000004 -1.9144484089039733 0.28918583298375827 -0.37469344944141064 12.500000000000002 1138591.0000000002 3.5000000000000004 905443.50000000012 1036.0000000000002 1.2527629684953685 10.500000000000002 1.5000000000000002 43.500000000000007 1504031.5000000002 82781.500000000015 -0.71562003641200411 48.500000000000007 -2.7156797545372311 546.00000000000011 1052375.5000000002 77.500000000000014 174.00000000000003 33.500000000000007 6.5000000000000009 56.500000000000007 20.500000000000004 11492.500000000002 2.5000000000000004 8471873.5000000019 683.00000000000011 107.50000000000001 2903012.5000000005 61.500000000000007 13656936.000000002 3551583.0000000005 48.500000000000007 248.50000000000003 288.00000000000006 -0.18964280126319671 151.50000000000003 123.50000000000001 107723.50000000001 2323430.5000000005 21.500000000000004 10181201.500000002 65133.000000000007 62961.000000000007 60181.000000000007 1735676.0000000002
decision_type=2 2 2 2 2 2 2 2 2 2 2 2 2 2 2 2 2 2 2 2 2 2 2 2 2 2 2 2 2 2 2 2 2 2 2 2 2 2 2 2 2 2 2 2 2 2 2 2 2 2 2 2 2 2 2 2 2 2 2 2 2 2
left_child=20 2 3 9 6 11 8 -7 -5 30 13 14 -4 25 -3 16 -10 -9 35 44 21 31 -8 -22 -25 51 42 37 -15 -30 -2 -1 43 -31 46 36 -16 38 57 40 41 45 -26 -27 -12 -40 47 -17 -39 -29 56 -6 53 -37 -38 -21 -51 -28 -49 -35 61 -50
right_child=1 5 12 4 10 7 22 17 15 -11 19 -13 -14 28 18 34 -18 -19 -20 55 23 -23 -24 24 26 32 27 49 29 33 -32 -33 -34 59 -36 52 54 48 39 -41 -42 -43 -44 -45 -46 -47 -48 58 60 50 -52 -53 -54 -55 -56 -57 -58 -59 -60 -61 -62 -63
leaf_value=-0.010353241103428539 0.083336469132244739 0.0913308663154518 0.070922238588019701 0.022797097924366169 0.023465519359432849 0.081657136034245237 0.019766040856201133 0.11707972668091243 0.0036798331743673101 0.042995673079400221 0.050464477933741904 0.095292831339253481 0.11190942838720606 0.053938438550380788 0.057959193897502197 0.0072051988110482653 -0.009746819123751152 0.15857310424119364 0.087130103862605335 0.04409283784757681 0.013409639830220799 -0.035242011474969123 0.033552606765336883 -0.0089263224320702047 -0.00091847619510768185 0.029099325154206199 -0.01164002012463778 -0.0064762137220373472 0.016386579355964489 0.061764052058037235 0.060866191073944732 0.0040018144611572532 0.028249770003272768 0.043336088501762481 -0.006698639121486577 0.05034664499199995 0.094936308534436631 -0.022603921769789995 0.049018579955633988 -0.0057261655838169688 -0.0048620930446594754 -0.0071752206596267208 -0.012031520367134767 -0.0018592172182521445 0.029282572755407119 0.019869407635630054 -0.011725839648154837 0.01189317472070177 0.0063269036506720016 0.022358695737645838 -0.0037977668063424717 0.0015590918892845113 0.05884244624923092 0.020943350655056231 0.062771850005089044 0.072121979625968766 -0.0050432634442599848 0.0018418525241973847 0.037096075738394726 0.023184392733933176 -0.014332969260588494 -0.0089685894919448398
leaf_weight=1876 41 28 114 108 40 45 152 37 224 236 48 31 22 36 118 123 346 23 26 27 35 28 204 3403 690 21 534 3311 47 20 92 65 238 52 50 63 22 69 24 528 98 39 115 31 62 34 20 32 51 46 769 56 98 22 25 33 20 61 33 51 361 1449
leaf_count=1876 41 28 114 108 40 45 152 37 224 236 48 31 22 36 118 123 346 23 26 27 35 28 204 3403 690 21 534 3311 47 20 92 65 238 52 50 63 22 69 24 528 98 39 115 31 62 34 20 32 51 46 769 56 98 22 25 33 20 61 33 51 361 1449
internal_value=9.44743e-05 0.0337636 0.0254327 0.0224957 0.0171911 0.073368 0.00906313 0.111317 0.00197197 0.0519972 0.0309629 0.0641305 0.0776666 0.0265983 0.0616919 -0.000740736 -0.00446189 0.133306 0.0594357 0.0461078 -0.00756912 -0.0102349 0.0276875 -0.00711756 -0.00718003 0.0215511 -0.00645451 -0.00688286 0.0360164 0.0321622 0.0678881 -0.00986976 0.0251032 0.0381315 0.00745959 0.0573278 0.0637713 -0.00845037 -0.00608984 -0.00265885 0.00561954 0.0162548 -0.00251356 0.0105792 0.0386084 0.0320808 0.0108886 0.0133259 -0.0100594 -0.00565348 -0.00238474 0.0107537 0.0514591 0.0428287 0.0781033 0.0596864 0.0139844 -0.0102494 0.0248026 0.0334387 -0.00959041 -0.00844482
internal_weight=16703 3097 2559 2423 2054 538 1292 105 936 369 762 433 136 592 402 828 570 60 374 170 13606 1969 356 11637 11602 386 8199 7394 206 170 133 1941 290 123 258 348 165 3248 1318 723 195 97 805 52 110 58 208 188 1930 4146 835 96 183 85 47 60 66 595 65 103 1861 1500
internal_count=16703 3097 2559 2423 2054 538 1292 105 936 369 762 433 136 592 402 828 570 60 374 170 13606 1969 356 11637 11602 386 8199 7394 206 170 133 1941 290 123 258 348 165 3248 1318 723 195 97 805 52 110 58 208 188 1930 4146 835 96 183 85 47 60 66 595 65 103 1861 1500
is_linear=0
shrinkage=0.05


Tree=5
num_leaves=63
num_cat=0
split_feature=16 16 16 16 16 17 17 17 16 16 17 17 17 17 16 9 16 17 17 17 17 17 5 16 17 2 2 17 7 0 13 17 17 16 16 13 2 11 9 0 0 8 2 2 16 16 11 16 7 8 3 13 13 7 2 0 17 3 3 9 10 5
split_gain=1204.01 1268.46 144.154 120.198 95.6176 52.3972 36.841 31.6782 29.7198 28.398 26.8571 20.9546 17.9931 9.76446 9.99329 9.22974 8.89502 8.74532 13.1847 7.51701 7.28913 6.31084 5.40052 5.3529 5.16299 5.10569 5.79532 5.10057 4.76733 5.79726 4.85062 4.78775 8.14559 7.17111 7.4017 4.74809 4.70686 4.90185 5.3896 4.6478 4.44554 5.11753 4.87642 4.27542 4.239 4.14841 4.1358 4.03529 5.16928 3.83148 3.82398 3.78877 4.43269 3.77245 3.75308 3.73642 3.63419 3.61842 6.56483 6.77968 5.7798 4.12742
threshold=1.0777521170130877 -0.94015808689270786 -6.8190580251124411 5.4407861925850423 0.30842417390236559 -0.13353139262452257 0.19267617760431552 2.1578449036225238 -0.30792917628945321 -2.4634334103156257 -0.22314355131420988 -0.05973256091968409 2.1827686312405126 0.16320339230144557 1.7789496636748656 1.5000000000000002 0.7703271457330223 -1.0960415889179003 -2.5022053018517263 -1.8633098910483914 1.6508310092437444 3.6762205501217919 5.5000000000000009 -10.235705134833912 1.1025648784216666 1080425.5000000002 3396885.5000000005 -1.9144484089039733 1.0391500000000002 40606.500000000007 289.50000000000006 -0.71562003641200411 -0.07884682095180108 1.0000000180025095e-35 0.034733069506693061 105.50000000000001 917633.50000000012 3.5000000000000004 1.0000000180025095e-35 21031.000000000004 9167.5000000000018 126.50000000000001 784459.50000000012 104633.00000000001 -3.2302367304466482 -10.909495509114473 10.500000000000002 4.3343861794140306 0.99500000000000011 28.500000000000004 11422.000000000002 1088.0000000000002 493.50000000000006 0.87585000000000013 2323430.5000000005 68701.500000000015 1.0000000180025095e-35 13384.000000000002 8202.0000000000018 3.5000000000000004 21.500000000000004 1.5000000000000002
decision_type=2 2 2 2 2 2 2 2 2 2 2 2 2 2 2 2 2 2 2 2 2 2 2 2 2 2 2 2 2 2 2 2 2 2 2 2 2 2 2 2 2 2 2 2 2 2 2 2 2 2 2 2 2 2 2 2 2 2 2 2 2 2
left_child=1 2 6 12 8 9 17 25 10 19 -3 -6 13 -2 -15 36 20 18 -1 -4 -13 55 24 54 28 -5 -27 -11 31 -30 -31 -17 -33 43 -35 -24 40 39 -39 -38 -10 42 -42 -34 -7 -19 -21 48 -16 -36 -18 52 -40 -28 -20 -9 -12 58 -45 61 -61 -60
right_child=3 4 5 7 11 44 -8 21 15 27 56 16 -14 14 47 22 50 45 23 46 -22 -23 35 -25 -26 26 53 -29 29 30 -32 32 33 34 49 -37 37 38 51 -41 41 -43 -44 57 -46 -47 -48 -49 -50 -51 -52 -53 -54 -55 -56 -57 -58 -59 59 60 -62 -63
leaf_value=0.097046164772604832 0.057648256209816007 0.00068129724021371056 0.065508596572442707 0.052860413769963366 0.03765732912990017 0.10346205649684317 0.14896523418469668 0.12471726616816735 -0.023712772481399323 0.045338561754117067 0.027207947527193178 0.002649323910818846 0.066047520435412371 0.030365416280151832 0.03933185715767943 0.011753981127727249 0.035639239186871223 0.10804753636481459 0.062103715397399839 0.040967089894206561 0.0303935333972233 0.14112689933966641 -0.011913709450074639 0.052097780826235451 0.017905801096798686 0.09147565864464817 0.055824455146162889 0.021669766934436695 0.002063963123573855 -0.0083157538576547167 0.0011574061822255562 -0.020425397237966561 -0.021620496849163364 -0.040185565374714814 -0.0021835576720052969 -0.035342453312115517 -0.0065025194193733043 0.0070406710218672459 -0.0073595169317043881 -0.011216241278015057 -0.0072799913141557747 -0.02468119853896892 -0.020943301883508923 -0.0062332070789183226 0.074318420735250426 0.079079878072201945 0.065723881055021749 0.058171479965864838 0.06034906150933117 -0.018823297079713888 0.015852645835202375 -0.021515899691332548 0.0055218859266504836 0.0819590262377385 0.083510853759157913 0.094698234895865138 0.052999253549039144 -0.0073899109478711162 0.023988910208039175 0.00079571758187587521 -0.017260000113490801 0.003109488313132811
leaf_weight=53 93 198 53 24 83 20 22 20 96 26 31 263 98 181 202 33 33 40 42 163 26 20 101 44 21 56 33 217 315 559 177 116 49 29 57 28 711 76 643 2049 351 68 81 1846 49 23 20 54 36 91 103 42 74 29 52 35 27 6242 43 209 56 54
leaf_count=53 93 198 53 24 83 20 22 20 96 26 31 263 98 181 202 33 33 40 42 163 26 20 101 44 21 56 33 217 315 559 177 116 49 29 57 28 711 76 643 2049 351 68 81 1846 49 23 20 54 36 91 103 42 74 29 52 35 27 6242 43 209 56 54
internal_value=-0.000152485 -0.00332395 0.0570689 0.0567314 -0.00664643 0.0421962 0.0865546 0.0890645 -0.00739507 0.0362954 0.00947838 0.0146697 0.0461454 0.0426795 0.0397143 -0.00769932 0.0101608 0.0810728 0.0755162 0.0486713 0.00517229 0.115544 -0.00687376 0.067147 -0.0067403 0.074972 0.0793783 0.0242404 -0.00679339 -0.00360004 -0.00603092 -0.00717309 -0.00724483 -0.00706779 -0.0170462 -0.0170612 -0.00967288 -0.00898609 -0.00561461 -0.010004 -0.0138049 -0.0118882 -0.00985769 -0.0068592 0.0829757 0.0976934 0.0437345 0.0454798 0.0425559 -0.0124543 0.0207132 -0.00688915 -0.0060225 0.0682415 0.0740753 0.105912 0.0393709 -0.00677275 -0.00502553 0.00111915 -0.00300604 0.012432
internal_weight=16686 15805 824 881 14981 548 276 217 14473 479 256 508 664 566 473 14217 425 254 191 236 289 75 10026 138 9897 142 118 243 9876 1051 736 8825 8792 8676 177 129 4191 3595 835 2760 596 500 432 8499 69 63 183 292 238 148 136 759 717 62 94 55 58 8450 2208 362 265 97
internal_count=16686 15805 824 881 14981 548 276 217 14473 479 256 508 664 566 473 14217 425 254 191 236 289 75 10026 138 9897 142 118 243 9876 1051 736 8825 8792 8676 177 129 4191 3595 835 2760 596 500 432 8499 69 63 183 292 238 148 136 759 717 62 94 55 58 8450 2208 362 265 97
is_linear=0
shrinkage=0.05


Tree=6
num_leaves=63
num_cat=0
split_feature=16 16 16 16 16 16 17 17 17 17 17 17 16 17 16 16 16 17 16 16 17 9 17 17 3 17 17 17 16 10 11 17 17 17 16 5 11 2 11 7 3 0 0 0 8 2 17 7 0 2 17 2 0 16 3 2 0 7 3 9 0 10
split_gain=1086.93 1145.77 108.561 83.4221 86.5409 81.8532 37.3753 33.2526 31.9801 28.5959 20.7115 16.2291 11.1097 10.4667 11.4231 9.81966 9.35156 8.80378 9.01597 8.69531 8.66067 8.1339 7.88283 11.8833 6.26634 6.03645 5.88153 5.67743 5.59467 5.29577 5.28754 5.17012 5.14064 4.87155 4.82041 4.31672 4.59908 4.12308 5.06126 5.33556 5.12877 7.73858 4.47215 4.1881 4.19202 5.24114 3.90324 3.8632 4.88932 3.82631 3.81686 3.75222 3.74685 4.89249 3.72015 8.57166 4.7215 3.66291 3.53604 3.52335 3.58358 3.61867
threshold=1.0777521170130877 -1.7073426753556327 5.4407861925850423 0.25038954438355127 -0.30792917628945321 -6.8190580251124411 -0.22314355131420988 0.19267617760431552 -0.07884682095180108 2.1578449036225238 -0.05973256091968409 2.1827686312405126 -0.89378306794153561 1.0139875510548091 1.0000000180025095e-35 0.61585835257890664 0.14113420579933303 0.16320339230144557 1.7789496636748656 -3.6208522426910315 1.1885719207792216 1.5000000000000002 -1.0960415889179003 -2.5022053018517263 10001.500000000002 -0.05973256091968409 -2.3410859185429236 3.6762205501217919 -0.037078235076010144 10.500000000000002 4.5000000000000009 -0.61903920840622328 0.058375255521096951 0.95002842227959572 -10.235705134833912 5.5000000000000009 2.5000000000000004 917633.50000000012 3.5000000000000004 0.65500000000000014 143784.50000000003 288498.00000000006 21031.000000000004 9167.5000000000018 126.50000000000001 784459.50000000012 -1.4263157149566585 1.0391500000000002 40606.500000000007 104633.00000000001 0.36682952473842328 2323430.5000000005 1022618.5000000001 3.6157883077401554 143784.50000000003 1538260.0000000002 841898.00000000012 0.74250000000000005 53647.000000000007 1.5000000000000002 486450.50000000006 227.50000000000003
decision_type=2 2 2 2 2 2 2 2 2 2 2 2 2 2 2 2 2 2 2 2 2 2 2 2 2 2 2 2 2 2 2 2 2 2 2 2 2 2 2 2 2 2 2 2 2 2 2 2 2 2 2 2 2 2 2 2 2 2 2 2 2 2
left_child=1 5 11 4 6 7 12 22 19 33 -5 17 46 14 21 20 29 -2 -19 26 50 37 23 -1 -17 31 -7 -11 -27 -16 -28 -23 -8 -4 -25 47 -37 43 42 40 -40 -42 -39 -6 45 58 -3 49 -49 -30 -12 -24 53 -20 55 -50 -56 -14 -45 -31 61 -61
right_child=2 3 9 10 13 8 32 -9 -10 27 15 -13 57 -15 16 24 -18 18 52 -21 -22 25 51 34 -26 28 30 -29 35 59 -32 -33 -34 -35 -36 36 -38 38 39 -41 41 -43 -44 44 -46 -47 -48 48 54 -51 -52 -53 -54 -55 56 -57 -58 -59 -60 60 -62 -63
leaf_value=0.092202994468746441 0.054768939335279321 0.033699693098619261 0.085630399225250134 0.034525814964651076 -0.022706127936895405 0.075971541938623544 0.032957335271312921 0.14155067744837627 0.087114934139212993 0.10064039871691577 0.0074772108052733738 0.062748511915003066 0.015051106982891752 0.023090920890134585 -0.0033068721410644494 0.030763038553284241 -0.0069199753004857206 0.02884798361816969 0.040171044570028361 0.034576723459543483 0.022349391598918092 0.0016361985080686444 0.076753219499670233 0.070381890128066768 0.01133388733894819 0.015948001375866001 0.039866759802583578 0.13410566137797794 -0.020541673417671633 -0.045844796740974497 0.065221863183676163 -0.02298112721847112 0.058299684114844846 0.064645276081944841 0.049498798977662843 -0.010721066214778009 -0.034819415124110964 -0.0060160162137386647 0.0054898394134026704 -0.0079974622824857521 -0.0017594749192526475 -0.036219878413190888 -0.010683811718965293 -0.0090196243137843201 -0.022779328125111215 -0.020800161145039756 0.014000122512097622 0.0020217714128579274 -0.034975582225997247 -0.0064919764847936323 -0.0072667824418690651 0.10375082086360038 0.026822675106163471 0.055057970239071524 0.0022775815808559301 -0.0064357587406054951 -0.018048649186161531 -0.0030255349113752347 0.003801429938417881 -0.025407868179218203 -0.039964808394940585 -0.00068900841126097977
leaf_weight=53 93 33 44 93 94 21 43 22 43 55 64 98 34 28 24 56 124 181 171 204 42 27 26 94 167 28 84 20 49 26 29 95 41 98 44 101 25 699 185 521 88 20 1998 278 67 80 115 302 28 8418 138 37 33 88 208 441 33 157 66 62 30 20
leaf_count=53 93 33 44 93 94 21 43 22 43 55 64 98 34 28 24 56 124 181 171 204 42 27 26 94 167 28 84 20 49 26 29 95 41 98 44 101 25 699 185 521 88 20 1998 278 67 80 115 302 28 8418 138 37 33 88 208 441 33 157 66 62 30 20
internal_value=-0.000143883 -0.00315723 0.0539036 -0.00596136 -0.00668861 0.0614792 0.0155906 0.0822437 0.0464065 0.0846329 0.0129722 0.0438423 0.00816811 -0.00735437 -0.00741519 0.00866272 -0.0173178 0.0405495 0.0377321 0.0411886 0.00170691 -0.00721023 0.0770336 0.071752 0.016247 -0.00642319 0.0511838 0.109798 -0.00628227 -0.0252367 0.0464699 -0.0174952 0.0454409 0.0712386 0.0638004 -0.00634776 -0.015566 -0.00908322 -0.00843111 -0.00496172 0.00042013 -0.00821489 -0.00947615 -0.0129864 -0.0111111 -0.00925059 0.0184461 -0.00622454 -0.00329443 -0.00657412 -0.00256929 0.0928275 0.0432102 0.0452677 -0.0055627 -0.00815738 -0.000491272 0.000172325 -0.00654485 -0.0290092 -0.0250189 -0.019448
internal_weight=16686 15805 881 15148 14588 657 423 276 381 217 560 664 339 14165 14137 467 286 566 473 338 244 13851 254 191 223 9755 134 75 9633 162 113 122 84 142 138 9605 126 4096 3511 814 293 108 2697 585 491 424 148 9479 1012 8467 202 63 292 259 710 469 241 191 344 138 112 82
internal_count=16686 15805 881 15148 14588 657 423 276 381 217 560 664 339 14165 14137 467 286 566 473 338 244 13851 254 191 223 9755 134 75 9633 162 113 122 84 142 138 9605 126 4096 3511 814 293 108 2697 585 491 424 148 9479 1012 8467 202 63 292 259 710 469 241 191 344 138 112 82
is_linear=0
shrinkage=0.05


Tree=7
num_leaves=63
num_cat=0
split_feature=15 16 16 16 16 15 15 16 15 16 16 16 16 16 16 16 16 15 16 17 17 15 17 17 17 17 9 16 16 16 16 17 16 17 7 15 7 15 16 7 15 10 17 16 15 13 3 13 13 3 9 7 10 8 17 17 11 8 7 16 3 10
split_gain=1337.36 363.093 300.332 182.282 210.722 74.9609 70.7366 42.7975 40.5958 37.7307 29.1041 22.7028 21.4343 20.4833 14.8462 14.43 13.8755 31.8795 10.5589 10.4203 9.34676 9.14633 9.06473 9.03239 8.0957 7.6297 7.62516 7.231 19.9004 6.52372 5.71529 5.52447 5.13279 4.87925 4.74277 4.69281 4.62673 4.20877 4.01396 3.95797 3.92304 3.78701 3.73138 3.69374 3.74228 3.67097 4.43998 7.05396 21.0209 5.16703 6.73555 4.53535 4.47926 4.20314 3.09129 3.35584 3.07189 6.08757 3.52459 3.05829 3.0897 5.44794
threshold=2.5000000000000004 0.92378752886836069 -3.0553263128766308 -3.8010007698229393 1.4717517748695579 8.5000000000000018 5.5000000000000009 -0.89378306794153561 4.5000000000000009 3.8084851595244209 0.20959622554912724 -1.2317167051578126 -10.235705134833912 6.5916089299461129 -0.32089599016789089 -0.74267054751561901 0.50147587097457336 1.5000000000000002 -10.909495509114473 0.045991194855825104 2.6119046571864883 4.5000000000000009 -0.33518357611406263 -0.041690804469525396 2.2085635144270723 0.20306160967635667 1.5000000000000002 0.14113420579933303 -0.32089599016789089 -10.909495509114473 1.7513471901462665 -2.0364695736942715 0.83324513206885864 -0.95125541676037895 1.0283500000000003 8.5000000000000018 0.89750000000000008 3.5000000000000004 5.4407861925850423 1.0391500000000002 3.5000000000000004 55.500000000000007 -0.40546510810816444 -2.0034160414212967 3.5000000000000004 32.500000000000007 13384.000000000002 41.500000000000007 38.500000000000007 8202.0000000000018 3.5000000000000004 0.9275000000000001 21.500000000000004 8.5000000000000018 -0.64901998794533144 1.1590088603095536 4.5000000000000009 30.500000000000004 1.2150000000000001 0.86319804673314782 4370.5000000000009 22.500000000000004
decision_type=2 2 2 2 2 2 2 2 2 2 2 2 2 2 2 2 2 2 2 2 2 2 2 2 2 2 2 2 2 2 2 2 2 2 2 2 2 2 2 2 2 2 2 2 2 2 2 2 2 2 2 2 2 2 2 2 2 2 2 2 2 2
left_child=1 2 12 8 6 13 7 19 18 22 14 36 -1 21 40 -8 17 26 33 43 38 -6 -3 -12 30 -18 56 28 42 -10 -24 -14 35 -2 59 -17 -4 -16 -11 45 -9 -41 -19 44 -5 -28 49 48 -48 51 -51 53 -52 -47 -29 -56 -13 -58 -59 60 -25 -62
right_child=3 9 11 4 5 -7 15 10 29 20 23 16 31 -15 37 32 25 27 -20 -21 -22 -23 24 34 -26 -27 39 54 -30 -31 -32 -33 -34 -35 -36 -37 -38 -39 -40 41 -42 -43 -44 -45 -46 46 47 -49 -50 50 52 -53 -54 -55 55 -57 57 58 -60 -61 61 -63
leaf_value=0.065019989215310089 0.077575659774729119 0.047076395332587 0.0062970463518572401 0.033398357821771731 0.05023050397358917 0.13922532136671814 0.076757112027701635 0.0083804233737176451 0.14754303837218227 0.03919735383335346 0.052921088654333828 -0.0092533092207016231 0.058649882589471285 0.090269731502193473 -0.013230738617083924 0.03502384459015475 0.026313964131304487 -0.014454296714907187 0.065431703230972332 0.070265025784613175 0.083845974795551226 0.072124878177483018 0.013299939499881017 0.0055457900940078242 0.05043771187978912 0.0011750642905922835 -0.012246255139862152 0.0048949885661269364 -0.03421343009587318 0.10996318308103509 0.027835489959689708 0.030140239119150466 0.065695194037938026 0.11035816872713666 0.0021558751799563916 0.057637545157722958 0.026527174017550104 0.0013360208784200731 0.056109989858135728 -0.0054100122925678229 0.028284611000495702 0.00091130079971233713 0.0036020867636098585 0.027663472271396584 0.055941194129314302 -0.016041094989854839 -0.0081787671590817217 -0.0071202833850436843 0.03078481937149756 0.014811198288127379 0.0010803944730384269 -0.014536598594261563 -0.014928443131997114 -0.0039724216667482073 -0.016370669063481651 0.0046386125210619647 0.020164912409777015 -0.0055381788758466907 -0.020693966040325151 0.032779580133217044 0.045029261430878653 0.016006739760096634
leaf_weight=115 26 46 67 48 154 38 48 59 24 60 26 3321 21 61 106 96 40 103 93 24 24 73 138 31 25 124 259 24 192 31 137 105 26 26 28 32 50 92 101 632 44 377 39 91 33 76 117 6101 49 74 209 123 55 1519 167 21 22 651 41 70 23 58
leaf_count=115 26 46 67 48 154 38 48 59 24 60 26 3321 21 61 106 96 40 103 93 24 24 73 138 31 25 124 259 24 192 31 137 105 26 26 28 32 50 92 101 632 44 377 39 91 33 76 117 6101 49 74 209 123 55 1519 167 21 22 651 41 70 23 58
internal_value=-0.000136065 -0.00452142 -0.00598964 0.0455572 0.0385111 0.0731304 0.0264287 0.0191936 0.0899171 0.0360918 0.0118771 -0.00691315 0.0493532 0.0643469 0.00155065 0.0526354 -0.00709245 -0.00725997 0.0758564 0.0391976 0.0543445 0.0573221 0.026305 0.0250204 0.0230888 0.00734927 -0.00678459 -0.019111 -0.0237109 0.12669 0.0205669 0.0349742 0.0450396 0.0942432 0.0215187 0.0407569 0.0150004 -0.00643985 0.0498664 -0.00601554 0.0169509 -0.00304332 -0.00946092 0.0347952 0.0427018 -0.00636436 -0.00618058 -0.00684332 0.00330404 -0.00415779 0.00148141 -0.00527018 -0.00224024 -0.00455158 -0.0118326 -0.0139961 -0.00861117 -0.00561656 -0.00644622 0.0244673 0.0192029 0.0243547
internal_weight=16686 15225 14694 1461 1261 326 935 733 200 531 537 14453 241 288 301 202 14336 14172 145 196 185 227 346 236 300 164 13626 546 334 55 275 126 154 52 210 128 117 198 161 9591 103 1009 142 172 81 8582 8323 6267 166 2056 338 1718 264 1595 212 188 4035 714 692 182 112 81
internal_count=16686 15225 14694 1461 1261 326 935 733 200 531 537 14453 241 288 301 202 14336 14172 145 196 185 227 346 236 300 164 13626 546 334 55 275 126 154 52 210 128 117 198 161 9591 103 1009 142 172 81 8582 8323 6267 166 2056 338 1718 264 1595 212 188 4035 714 692 182 112 81
is_linear=0
shrinkage=0.05


Tree=8
num_leaves=63
num_cat=0
split_feature=15 16 16 16 16 15 15 16 15 16 16 16 16 16 16 16 16 15 16 17 17 17 15 17 17 16 16 17 16 16 2 0 0 17 16 0 17 0 2 0 13 2 13 7 2 0 10 0 15 0 7 13 7 13 11 10 2 1 17 15 17 10
split_gain=1207.42 327.786 271.105 164.57 190.173 67.6629 63.8479 38.632 36.6447 34.1746 26.2815 20.54 19.3314 18.4782 13.4029 13.0126 12.5381 29.8275 9.52907 9.40156 9.02561 9.64505 8.24638 8.14858 7.94399 7.14513 16.4453 6.88628 5.97523 5.86828 5.79386 5.64926 5.5043 4.98391 4.62662 4.42114 4.38745 4.3638 10.4227 6.88229 7.26991 5.93585 4.73172 4.27889 4.24133 5.20538 5.6546 4.25852 4.23045 3.8912 4.63047 6.68656 6.36753 4.35114 4.16905 4.7202 4.08741 3.85714 3.83062 3.80002 3.79549 3.78582
threshold=2.5000000000000004 0.92378752886836069 -3.0553263128766308 -3.8010007698229393 1.4717517748695579 8.5000000000000018 5.5000000000000009 -0.89378306794153561 4.5000000000000009 4.3343861794140306 0.20959622554912724 -1.1929120893798209 -10.235705134833912 6.5916089299461129 -0.32089599016789089 -0.74267054751561901 0.50147587097457336 1.5000000000000002 -10.909495509114473 0.045991194855825104 2.4108415537651626 0.28768207245178062 4.5000000000000009 -0.041690804469525396 2.6119046571864883 0.14113420579933303 -0.32089599016789089 0.20306160967635667 1.7513471901462665 -10.909495509114473 869868.00000000012 9518.5000000000018 406215.50000000006 -2.0364695736942715 0.83324513206885864 322701.00000000006 -0.95125541676037895 11899.500000000002 2727411.5000000005 10746.500000000002 480.50000000000006 2296347.5000000005 42.500000000000007 1.0283500000000003 2478256.5000000005 4002.5000000000005 35.500000000000007 1592.5000000000002 8.5000000000000018 96312.000000000015 0.79585000000000006 845.00000000000011 0.78250000000000008 504.50000000000006 31.000000000000004 278.00000000000006 19752874.500000004 1.0000000180025095e-35 -0.53836478870930116 3.5000000000000004 -0.39797047025338389 8.5000000000000018
decision_type=2 2 2 2 2 2 2 2 2 2 2 2 2 2 2 2 2 2 2 2 2 2 2 2 2 2 2 2 2 2 2 2 2 2 2 2 2 2 2 2 2 2 2 2 2 2 2 2 2 2 2 2 2 2 2 2 2 2 2 2 2 2
left_child=1 2 12 8 6 13 7 19 18 20 14 58 -1 22 -9 -8 17 30 36 -5 21 -3 -6 -12 -11 26 60 -18 -23 -10 31 -13 -33 -14 48 -35 -2 38 39 40 44 -41 -40 -25 45 46 -32 -48 -17 -39 51 52 53 -51 55 -52 -57 -56 -4 -16 -19 -47
right_child=3 9 11 4 5 -7 15 10 29 24 23 16 33 -15 59 34 27 25 -20 -21 -22 28 -24 43 -26 -27 -28 -29 -30 -31 37 32 -34 35 -36 -37 -38 49 42 41 -42 -43 -44 -45 -46 61 47 -49 -50 50 54 -53 -54 -55 57 56 -58 -59 -60 -61 -62 -63
leaf_value=0.06177181497420129 0.073711738264423662 0.038796825569668986 0.0091680120074591493 0.033061760784446642 0.0477206086101691 0.13228232641545495 0.072927235714363214 0.016107526536494363 0.14019649582779756 0.049383584807323772 0.050285172576648524 -0.015545162581863082 0.055731287132507246 0.085763632167136811 -0.012569825184548189 0.033274474559384752 0.02500154703874094 -0.014911417259540254 0.062163632404895468 0.066766351286739231 0.056468906650295504 0.011026358849389585 0.068523567507270275 0.023250754856551044 0.083720155379072347 -0.011238775688751774 -0.032503649072100078 0.0011163585079349068 0.026174913304176064 0.10448270292527424 -0.023787707497206184 -0.007306155183065946 -0.024047341920460943 0.021500266460384065 0.062423019847650633 0.043937571765432906 0.10486140372195918 -0.0075146672320110068 -0.013669318826959037 0.0036299921792151742 -0.016800917533395809 0.037648890014604267 -0.0046466427988594372 0.0020484650348482182 0.01277596425708262 0.022322389970987611 0.017386308463201636 -0.011572766547949713 0.054764645681295812 -0.0072119482333442789 -0.0051972364965709832 -0.027927526621342864 -0.023962048512888464 0.0098772357689587073 0.0018518420799343118 0.0014664368698207085 -0.0071523599174660585 -0.017109019635518894 0.031211510065713811 0.001269292620078425 0.0036243848660300797 0.0018198954549886093
leaf_weight=115 26 84 99 172 154 38 48 103 24 138 26 286 21 61 106 96 40 97 93 24 23 122 73 182 20 212 192 124 144 31 39 1486 51 72 26 33 26 4475 176 27 51 25 858 28 89 28 23 28 32 1322 3538 41 56 38 34 534 185 119 25 92 38 117
leaf_count=115 26 84 99 172 154 38 48 103 24 138 26 286 21 61 106 96 40 97 93 24 23 122 73 182 20 212 192 124 144 31 39 1486 51 72 26 33 26 4475 176 27 51 25 858 28 89 28 23 28 32 1322 3538 41 56 38 34 534 185 119 25 92 38 117
internal_value=-0.000128185 -0.00429506 -0.00569009 0.0432885 0.036593 0.0694815 0.0251145 0.0182402 0.085439 0.034293 0.0112882 -0.00656753 0.0468908 0.0611349 0.00147436 0.0500132 -0.00674314 -0.00690247 0.0720758 0.0372463 0.0259994 0.0239673 0.0544598 0.0237779 0.0538118 -0.0184428 -0.0230931 0.00698417 0.0192526 0.120384 -0.00644547 -0.00907464 -0.00786643 0.033231 0.042796 0.0286347 0.0895539 -0.0060389 -0.00347312 0.00309031 0.000710504 0.0201221 -0.00618843 0.0204499 0.00348669 -1.40428e-05 -0.0094747 0.00139783 0.0387246 -0.00640084 -0.00555031 -0.00799924 -0.00741675 -0.00673009 -0.00473993 -0.00444646 -0.000744928 -0.0128644 0.0136741 -0.00611689 -0.0096581 0.00582611
internal_weight=16686 15225 14694 1461 1261 326 935 733 200 531 537 14453 241 288 301 202 14329 14165 145 196 373 350 227 236 158 539 327 164 266 55 13626 1823 1537 126 154 105 52 11803 1461 427 375 52 1034 210 324 235 90 51 128 10342 5867 1457 1416 1360 4410 4257 719 153 124 198 135 145
internal_count=16686 15225 14694 1461 1261 326 935 733 200 531 537 14453 241 288 301 202 14329 14165 145 196 373 350 227 236 158 539 327 164 266 55 13626 1823 1537 126 154 105 52 11803 1461 427 375 52 1034 210 324 235 90 51 128 10342 5867 1457 1416 1360 4410 4257 719 153 124 198 135 145
is_linear=0
shrinkage=0.05


Tree=9
num_leaves=63
num_cat=0
split_feature=15 15 15 17 17 15 17 17 17 17 17 17 15 17 17 17 17 2 13 0 0 0 17 7 1 8 0 2 0 13 2 13 3 2 0 17 2 0 3 6 2 13 2 15 3 3 2 6 8 2 0 13 17 4 10 3 10 0 0 7 2 10
split_gain=1090.03 216.604 128.399 81.9668 79.2601 50.3274 26.0967 28.2029 25.7915 23.8139 19.7172 13.475 13.063 12.4845 7.43534 5.91495 5.88347 5.22896 5.20678 5.09674 4.9676 4.71798 4.39546 9.45545 3.9919 4.12815 3.93873 9.41141 6.21657 6.56307 5.35556 4.28685 3.98672 4.7996 4.07893 3.83941 3.8275 4.70015 5.49459 3.81363 4.5281 5.38375 6.67615 3.81301 4.21344 3.73583 10.0656 5.55412 5.52405 4.34972 4.02703 3.71607 4.56912 3.82716 3.65977 3.46423 3.41697 4.98568 4.51594 3.42682 3.3962 4.75609
threshold=2.5000000000000004 1.5000000000000002 8.5000000000000018 -1.6431756028395406 1.2527629684953685 4.5000000000000009 -1.5180866215562507 1.6327736720886741 -0.95125541676037895 2.6119046571864883 2.3541149900457907 0.56120057531606238 3.5000000000000004 2.0019802503769162 -2.7156797545372311 -1.8633098910483914 -2.4133562279676628 869868.00000000012 177.50000000000003 9518.5000000000018 406215.50000000006 1138591.0000000002 0.99852883011112725 0.89750000000000008 1.0000000180025095e-35 342.00000000000006 11899.500000000002 2727411.5000000005 10746.500000000002 480.50000000000006 2296347.5000000005 632.50000000000011 3687.0000000000005 934804.50000000012 143609.50000000003 2.0673313630686638 2478256.5000000005 4002.5000000000005 53647.000000000007 11108.500000000002 10839002.500000002 239.00000000000003 3610394.0000000005 5.5000000000000009 88895.000000000015 36749.000000000007 10292997.000000002 691106.00000000012 47.500000000000007 917633.50000000012 21595.000000000004 182.50000000000003 0.11920551172249925 1.0000000180025095e-35 6.5000000000000009 5177.0000000000009 8.5000000000000018 7153.5000000000009 9518.5000000000018 1.0283500000000003 6818860.5000000009 97.500000000000014
decision_type=2 2 2 2 2 2 2 2 2 2 2 2 2 2 2 2 2 2 2 2 2 2 2 2 2 2 2 2 2 2 2 2 2 2 2 2 2 2 2 2 2 2 2 2 2 2 2 2 2 2 2 2 2 2 2 2 2 2 2 2 2 2
left_child=1 17 5 16 8 6 14 12 -5 35 18 24 22 15 -2 -7 -3 19 -4 54 -21 43 -8 -24 -10 -26 27 28 29 36 -30 -29 33 -28 45 -6 37 38 -19 40 41 -14 -43 51 -45 46 47 55 50 -50 -47 52 -17 -54 -1 -34 -39 59 -59 -58 61 -13
right_child=2 3 10 4 9 13 7 -9 11 -11 -12 60 39 -15 -16 21 -18 26 -20 20 -22 -23 23 -25 25 -27 32 31 30 -31 -32 -33 34 -35 -36 -37 -38 56 -40 -41 -42 42 -44 44 -46 48 -48 -49 49 -51 -52 -53 53 -55 -56 -57 57 58 -60 -61 -62 -63
leaf_value=-0.023444486568648365 0.082394299133500049 0.063102878190251746 0.093367401498082397 0.020140257248634587 0.024206514915975072 0.071158595876337369 0.017151748346538865 0.050391646528672854 -0.00034359535318016646 0.070154862602551771 0.13986281856375546 0.010857251941270647 0.033489892320627483 0.077136887006816424 0.047703478297946959 0.020747635443430907 0.041415893370475333 -0.021626921153739265 0.0659359035066691 -0.0069408718368673405 -0.022847327401537134 0.069643009044398546 0.016604343053799955 0.054133174428200807 -0.011682793157119916 0.0038958914281220255 0.011697145020871451 -0.0072678706759594734 0.0034491625329225264 -0.015962515773211557 0.035773945552300644 0.001563785886702247 -0.014119270016699638 -0.011551340115925977 -0.0048265283701613279 0.03964577472282893 0.01213788304469568 0.021210242468147834 0.002986344568019252 0.017196794878410068 0.01777442634776474 0.03695646360055687 0.074782260608863768 0.057546156638486994 0.04104362054188785 -0.024688211964304482 0.0081801450279340611 -0.030470845345165823 0.012697884417053079 -0.0073639922386732545 -0.011070942887767684 0.050045791546469681 0.057329211127294957 0.029117681003279158 -0.011002523245602691 -0.00503179187699394 0.00140857619312212 -0.018385172149409417 0.010676484901587763 0.026099696077510299 0.019370179787760806 -0.0087987338187997151
leaf_weight=86 20 48 54 201 195 28 406 119 461 38 20 141 135 44 82 44 103 44 30 1486 51 22 46 27 192 54 23 872 27 51 25 162 114 474 4869 53 89 28 46 33 31 29 21 94 74 71 134 23 27 2943 246 51 25 26 200 1418 33 39 20 25 74 39
leaf_count=86 20 48 54 201 195 28 406 119 461 38 20 141 135 44 82 44 103 44 30 1486 51 22 46 27 192 54 23 872 27 51 25 162 114 474 4869 53 89 28 46 33 31 29 21 94 74 71 134 23 27 2943 246 51 25 26 200 1418 33 39 20 25 74 39
internal_value=-0.000120913 -0.00408008 0.0411313 0.0133278 0.00966599 0.0370164 0.0306836 0.0277881 0.00385641 0.0332429 0.0946887 0.000443585 0.02408 0.0517228 0.0546286 0.0486167 0.0483801 -0.00612333 0.0837199 -0.00862131 -0.00747338 0.0467027 0.0192189 0.0306083 -0.00309988 -0.00824257 -0.00573702 -0.00329904 0.00293747 0.000675007 0.0191247 -0.00587934 -0.00608091 -0.0104633 -0.00585907 0.0275408 0.00331342 -1.10828e-05 -0.00900196 0.0333995 0.0358427 0.0388321 0.0530607 0.0450579 0.0503357 -0.00686828 -0.0049485 -0.00608351 -0.00785304 -0.00717951 -0.0141435 0.0389202 0.0328486 0.0431298 -0.0147682 -0.00571216 0.00553736 0.00172898 -0.00844776 0.012164 0.0103237 0.00656817
internal_weight=16686 15225 1461 1599 1448 1357 949 847 1162 286 104 961 728 408 102 364 151 13626 84 1823 1537 336 479 73 707 246 11803 1461 427 375 52 1034 10342 497 9845 248 324 235 90 249 216 185 50 314 168 4976 1689 1555 3287 2970 317 146 95 51 286 1532 145 117 59 58 254 180
internal_count=16686 15225 1461 1599 1448 1357 949 847 1162 286 104 961 728 408 102 364 151 13626 84 1823 1537 336 479 73 707 246 11803 1461 427 375 52 1034 10342 497 9845 248 324 235 90 249 216 185 50 314 168 4976 1689 1555 3287 2970 317 146 95 51 286 1532 145 117 59 58 254 180
is_linear=0
shrinkage=0.05


Tree=10
num_leaves=63
num_cat=0
split_feature=15 16 16 16 16 16 15 16 15 15 15 16 16 15 16 16 16 16 16 16 7 15 16 15 15 3 10 2 7 3 2 2 0 15 15 3 4 8 0 2 10 2 15 8 3 16 16 15 7 0 10 6 2 16 15 3 0 0 16 15 16 5
split_gain=919.583 297.256 217.213 125.032 174.726 53.9865 41.3054 37.3438 33.147 22.9752 19.6468 19.5774 18.7836 17.1247 16.7675 18.1202 15.2445 10.4808 9.05431 7.93623 6.68745 5.99404 5.71102 5.10944 4.90324 4.64496 4.13171 4.0737 4.37675 15.1129 6.23723 4.49889 5.73924 4.02181 3.94826 3.91589 6.60722 4.10895 4.77468 9.65183 7.54317 4.04986 3.74646 3.67862 4.65465 3.61034 3.60919 3.58877 3.53187 3.42607 3.26395 3.9909 3.1098 3.09095 3.0547 3.04884 3.003 2.95256 2.81681 2.78457 2.62034 2.57338
threshold=2.5000000000000004 0.7703271457330223 -4.1082164328657322 -5.2371027427078776 1.3471901462663585 -0.89378306794153561 8.5000000000000018 4.0178513841011876 5.5000000000000009 4.5000000000000009 4.5000000000000009 0.35561277234941163 -1.4435523994741506 1.5000000000000002 0.19245573518090858 -0.32089599016789089 5.2187580189889671 -10.235705134833912 -0.32089599016789089 -1.6741466019357316 0.81900000000000006 4.5000000000000009 1.3471901462663585 4.5000000000000009 8.5000000000000018 2589.0000000000005 9.5000000000000018 19752874.500000004 0.84750000000000003 142867.50000000003 8722682.5000000019 19456164.000000004 570937.00000000012 4.5000000000000009 3.5000000000000004 7116.5000000000009 1.0000000180025095e-35 92.500000000000014 30687.500000000004 4074807.0000000005 28.500000000000004 1288694.5000000002 3.5000000000000004 140.00000000000003 25531.000000000004 -10.909495509114473 0.50147587097457336 3.5000000000000004 0.89750000000000008 1372163.5000000002 4.5000000000000009 69735.000000000015 2434143.0000000005 0.68744146060771749 7.5000000000000009 8684.5000000000018 593.00000000000011 115679.50000000001 0.057777317195436606 3.5000000000000004 0.11547344110854506 2.5000000000000004
decision_type=2 2 2 2 2 2 2 2 2 2 2 2 2 2 2 2 2 2 2 2 2 2 2 2 2 2 2 2 2 2 2 2 2 2 2 2 2 2 2 2 2 2 2 2 2 2 2 2 2 2 2 2 2 2 2 2 2 2 2 2 2 2
left_child=1 2 17 9 5 10 16 22 11 59 19 18 -4 20 15 -15 33 -1 47 42 25 26 -3 -18 -10 -14 -20 28 29 30 35 -30 -33 -6 -13 36 -22 38 40 -40 55 -42 -5 44 -28 -11 -16 -7 -19 -29 51 -27 -21 -48 -12 -37 -52 -31 -23 -2 -17 -58
right_child=3 7 12 4 6 8 -8 -9 24 45 54 34 13 14 46 60 23 48 21 52 27 58 -24 -25 -26 50 43 49 31 57 -32 32 -34 -35 -36 37 -38 -39 39 -41 41 -43 -44 -45 -46 -47 53 -49 -50 -51 56 -53 -54 -55 -56 -57 61 -59 -60 -61 -62 -63
leaf_value=0.056937499992002982 0.062832609979185119 0.014915571397972721 0.012863001418643751 0.032434924840994313 0.046692046864300993 0.007540533655736534 0.11785959804886417 0.048926910284500247 0.03045719436002749 0.12890565549086661 0.053875802643838726 0.016028802914444654 -0.014334455507933106 -0.0072779257199727006 -0.0086713959792231541 -0.032230095211822088 0.069448139444776472 0.025084914562069651 0.010799189286300312 0.030829295060045309 -0.021195064895154044 0.0034831300989623644 0.026910291763683671 0.099758554465397831 0.05170049201245256 0.0048144892819992641 -0.0065202556319332852 -0.0076343455912987086 -0.0049867255471231298 -0.014718829637406587 -0.015013947838572728 -0.0071271219441504888 0.026924923024477951 0.061692959336814547 0.030834744874179254 0.011771734714952868 0.0056484515973403635 -0.00091777083649624319 0.0010670076592228844 0.033729074886836297 0.018356173162944474 -0.0077691444701069971 0.051484333543711916 0.00041575264414438835 -0.027549743926338417 0.095930934604720686 0.010469065351819844 0.026591270776361298 0.045386260010473564 -0.027689405968960596 -0.022088914915176432 -0.0072031386330872168 0.0068582127247296901 -0.0069902679158581633 0.076216421569634346 0.035907526906329076 -0.006741080929064446 0.0015124535730625054 0.027312959219092756 0.08208912726131927 -0.01940700907045519 -0.012231343218187063
leaf_weight=110 69 167 134 90 145 65 33 190 118 22 77 106 220 158 186 179 57 53 30 22 40 34 256 21 37 129 70 813 7864 197 48 24 25 72 82 20 53 184 233 25 26 34 39 63 43 20 59 41 39 22 34 148 37 44 22 43 3295 32 20 32 55 231
leaf_count=110 69 167 134 90 145 65 33 190 118 22 77 106 220 158 186 179 57 53 30 22 40 34 256 21 37 129 70 813 7864 197 48 24 25 72 82 20 53 184 233 25 26 34 39 63 43 20 59 41 39 22 34 148 37 44 22 43 3295 32 20 32 55 231
internal_value=-9.54974e-06 -0.00361997 -0.00503754 0.0378117 0.0330033 0.0225681 0.064659 0.0304928 0.0151469 0.0822419 0.0408722 0.00941269 -0.00575261 -0.00592602 -0.0136701 -0.020409 0.0586529 0.0464395 0.00265878 0.0312929 -0.00554174 -0.00234682 0.0221912 0.0777899 0.0355905 -0.00724845 -0.00625024 -0.00482608 -0.00450967 -0.00126718 0.00234753 -0.00489215 0.010164 0.0517185 0.0225263 0.00362371 -0.00585381 0.00519333 0.00815721 0.00426315 0.0162745 0.00348034 0.0382682 -0.00918927 -0.0145841 0.113587 -0.00450811 0.0149745 0.0337851 -0.00817198 -0.0068405 -0.00158872 0.0159182 0.00296267 0.0589627 0.0283554 -0.00724767 -0.0124292 0.0124356 0.0690583 -0.0292471 -0.00710252
internal_weight=16837 15370 14757 1467 1324 996 328 613 709 143 287 554 14555 14421 681 392 295 202 366 188 13740 260 423 78 155 4057 206 9683 8848 935 706 7913 49 217 188 658 93 565 381 258 123 60 129 176 113 42 289 106 92 835 3837 277 59 103 99 63 3560 229 54 101 234 3526
internal_count=16837 15370 14757 1467 1324 996 328 613 709 143 287 554 14555 14421 681 392 295 202 366 188 13740 260 423 78 155 4057 206 9683 8848 935 706 7913 49 217 188 658 93 565 381 258 123 60 129 176 113 42 289 106 92 835 3837 277 59 103 99 63 3560 229 54 101 234 3526
is_linear=0
shrinkage=0.05


Tree=11
num_leaves=63
num_cat=0
split_feature=15 16 16 16 16 16 15 16 15 15 15 16 16 15 16 16 16 17 17 16 17 17 16 16 7 17 15 17 16 17 15 13 13 15 3 16 2 0 2 0 7 8 13 1 0 2 13 10 7 7 2 7 3 2 0 0 2 10 2 2 17 2
split_gain=830.251 268.3 196.081 112.89 157.713 48.7388 37.7575 33.6975 29.9152 20.7424 17.726 17.6667 16.9545 15.4599 15.1339 16.4434 14.3593 10.3949 9.99128 9.4466 9.07293 8.7587 8.17296 7.15493 6.0358 5.74636 5.4142 4.86617 4.79613 4.78329 4.616 4.3664 4.33037 4.32788 4.19086 4.0984 4.00403 6.20525 4.68689 6.06517 5.05011 6.99182 5.69831 4.78858 5.08487 6.36501 5.26958 4.4964 4.45399 4.42704 6.4738 4.25959 4.74601 6.11271 4.21367 4.13444 7.43923 5.4237 4.6693 3.95284 3.94529 3.82239
threshold=2.5000000000000004 0.7703271457330223 -4.1082164328657322 -5.2371027427078776 1.3471901462663585 -0.89378306794153561 9.5000000000000018 4.0178513841011876 5.5000000000000009 4.5000000000000009 4.5000000000000009 0.35561277234941163 -1.4435523994741506 1.5000000000000002 0.19245573518090858 -0.20149289300208026 5.2187580189889671 2.4108415537651626 -0.76461629495673489 -10.235705134833912 0.25131442828090644 2.5452206436823079 -0.32089599016789089 -1.6741466019357316 0.81900000000000006 -0.22091637613951984 4.5000000000000009 -0.20556542282192053 1.6455624452951165 -1.0000000180025095e-35 4.5000000000000009 10.500000000000002 104.50000000000001 4.5000000000000009 2589.0000000000005 -0.70551848248131133 4322235.0000000009 31234.000000000004 3276698.0000000005 45545.000000000007 0.84165000000000012 316.50000000000006 149.50000000000003 1.0000000180025095e-35 96312.000000000015 183471.00000000003 78.500000000000014 327.50000000000006 1.1450000000000002 0.90415000000000012 668154.00000000012 0.84750000000000003 325922.00000000006 2251942.0000000005 68701.500000000015 134767.50000000003 3610394.0000000005 204.00000000000003 4270506.5000000009 19752874.500000004 -0.40546510810816444 462938.00000000006
decision_type=2 2 2 2 2 2 2 2 2 2 2 2 2 2 2 2 2 2 2 2 2 2 2 2 2 2 2 2 2 2 2 2 2 2 2 2 2 2 2 2 2 2 2 2 2 2 2 2 2 2 2 2 2 2 2 2 2 2 2 2 2 2
left_child=1 2 19 9 5 10 16 17 11 -2 23 22 -4 24 15 25 33 20 -16 -1 -3 -9 32 60 34 35 -24 -10 -22 -13 -18 -26 -7 -6 -14 -15 38 47 39 40 41 42 -33 -41 45 -45 -46 -38 59 -42 -51 -48 53 61 -47 56 -40 58 -58 -39 -5 -53
right_child=3 7 12 4 6 8 -8 21 27 -11 -12 29 13 14 18 -17 30 -19 -20 -21 28 -23 26 -25 31 -27 -28 -29 -30 -31 -32 36 -34 -35 -36 -37 37 48 55 43 49 -43 -44 44 46 54 51 -49 -50 50 -52 52 -54 -55 -56 -57 57 -59 -60 -61 -62 -63
leaf_value=0.054093209904644793 0.065615027310910734 0.031757363988028212 0.012220330940685212 0.031572568424172241 0.044359053302080349 0.026239720655313759 0.11940091944288933 0.041521867848390799 0.046087070295583739 0.10794060798693723 0.056023687418215701 0.042904988627929186 -0.013618058569687862 -0.0039982396891849424 0.021099545383317903 -0.029029457761330115 0.065981813507144813 0.049523538395613922 -0.0076936555070168614 0.032102426868761275 0.0080199873590208522 0.070610363711820584 -0.0059370685925999589 0.015129732496425031 0.016200218963032344 0.014778842257730891 0.01182127411506533 0.027165470469160825 0.02094479587962484 0.018350746064714249 0.093114806646369841 0.022144630000261824 0.0055974148774756522 0.059644014388322841 -0.0064986578530026491 -0.020053258645449615 -0.010121689918301605 -0.0033797216168875554 -0.014891093029688102 -0.0043873364357510996 -0.0084117649036457489 -0.015859293136900484 0.0033267157438371569 0.0037522368619286395 -0.014189840317524835 -0.010039798572881507 -0.010809985275644883 0.0047839409291126865 -0.016475239860336329 -0.0090367652798734027 0.0003720457152785412 0.015873448710992517 -0.0069847884813820458 0.020064149281554797 -0.020625970376561845 0.0063762393219057179 0.0014989939874017033 -0.0095686300645414397 0.021497895322577606 -0.0075152637569006128 0.053277078678904369 -0.0069897989288594271
leaf_weight=110 101 102 134 101 145 44 26 158 54 42 99 23 220 83 34 208 57 30 255 92 149 32 206 59 25 23 54 101 142 165 25 53 62 75 3837 78 924 2286 96 2223 305 36 170 52 117 213 96 53 79 231 871 25 97 57 173 186 332 106 32 778 28 67
leaf_count=110 101 102 134 101 145 44 26 158 54 42 99 23 220 83 34 208 57 30 255 92 149 32 206 59 25 23 54 101 142 165 25 53 62 75 3837 78 924 2286 96 2223 305 36 170 52 117 213 96 53 79 231 871 25 97 57 173 186 332 106 32 778 28 67
internal_value=-8.35213e-06 -0.00343894 -0.00478571 0.0359289 0.0313596 0.021445 0.0614351 0.0289697 0.0143932 0.078148 0.0388373 0.00894511 -0.00546513 -0.00562989 -0.0129881 -0.0193906 0.0563903 0.0210828 -0.0042828 0.0441232 0.018887 0.0464819 0.00252847 0.0297355 -0.00526474 -0.00845748 -0.00222645 0.0338152 0.0143491 0.0214025 0.0744183 -0.00458476 0.0142297 0.0496173 -0.00688628 -0.0118151 -0.00463925 -0.00582186 -0.00375846 -0.00433504 -0.00189455 0.00451267 0.00782947 -0.0056365 -0.00872586 -0.012587 -0.00502858 -0.00930757 -0.00473647 -0.00307777 -0.00159632 -0.00187662 0.00159223 0.0072104 -0.0148014 -8.21024e-05 -0.00221404 0.000367298 0.00327629 -0.00443165 0.03636 -0.000712182
internal_weight=16837 15370 14757 1467 1324 996 328 613 709 143 287 554 14555 14421 681 392 302 423 289 202 393 190 366 188 13740 184 260 155 291 188 82 9683 106 220 4057 161 9658 4120 5538 4786 1666 259 223 3120 897 438 459 977 3143 1407 1102 342 246 149 386 752 566 470 364 3064 129 92
internal_count=16837 15370 14757 1467 1324 996 328 613 709 143 287 554 14555 14421 681 392 302 423 289 202 393 190 366 188 13740 184 260 155 291 188 82 9683 106 220 4057 161 9658 4120 5538 4786 1666 259 223 3120 897 438 459 977 3143 1407 1102 342 246 149 386 752 566 470 364 3064 129 92
is_linear=0
shrinkage=0.05


Tree=12
num_leaves=63
num_cat=0
split_feature=15 16 16 16 16 16 15 16 15 15 15 16 15 16 16 16 16 17 17 16 16 17 17 15 16 17 15 13 16 15 10 6 16 2 16 17 3 13 2 2 8 13 0 3 10 13 3 3 0 13 0 13 2 3 13 8 8 0 9 8 2 2
split_gain=749.528 242.201 176.991 101.888 142.367 43.9916 34.0828 30.4095 27.1678 18.7143 15.9871 15.3699 15.694 16.3326 13.7915 13.0374 12.3828 9.38142 9.19947 8.74359 8.557 8.18533 7.90159 7.51076 6.45423 6.17483 4.64735 4.54298 4.48289 4.17282 3.72977 3.63823 3.58327 3.84272 3.79984 3.55657 3.53416 5.78835 5.0086 3.87594 4.7448 7.82791 4.80756 6.75031 5.6562 5.72566 4.5226 5.80462 6.28268 4.4916 4.63596 13.0556 9.10589 8.01076 5.87713 5.63029 7.14681 5.62877 5.78491 4.9425 7.09202 4.00576
threshold=2.5000000000000004 0.7703271457330223 -4.1082164328657322 -5.2371027427078776 1.3471901462663585 -0.89378306794153561 9.5000000000000018 4.0178513841011876 4.5000000000000009 4.5000000000000009 4.5000000000000009 -1.1929120893798209 1.5000000000000002 0.17324966250686738 0.36566589684372602 4.8388870559771266 -0.20149289300208026 2.4108415537651626 -0.96166538290452952 -0.32089599016789089 -10.909495509114473 0.28768207245178062 2.5452206436823079 7.5000000000000009 -1.6741466019357316 -0.22091637613951984 4.5000000000000009 104.50000000000001 1.5396458814472673 4.5000000000000009 9.5000000000000018 145851.00000000003 0.20959622554912724 4363218.5000000009 -0.43499690936904806 -0.40546510810816444 2743.0000000000005 10.500000000000002 949403.50000000012 4322235.0000000009 148.50000000000003 315.00000000000006 31871.000000000004 45926.000000000007 48.500000000000007 45.500000000000007 413086.50000000006 450622.50000000006 8357.0000000000018 32.500000000000007 12325.000000000002 115.50000000000001 1358260.0000000002 156486.50000000003 35.500000000000007 11.500000000000002 197.00000000000003 3310.5000000000005 2.5000000000000004 337.00000000000006 3610394.0000000005 3373734.5000000005
decision_type=2 2 2 2 2 2 2 2 2 2 2 2 2 2 2 2 2 2 2 2 2 2 2 2 2 2 2 2 2 2 2 2 2 2 2 2 2 2 2 2 2 2 2 2 2 2 2 2 2 2 2 2 2 2 2 2 2 2 2 2 2 2
left_child=1 2 20 9 5 10 15 17 14 -2 24 -4 31 16 19 29 25 21 -15 27 -1 -3 -9 32 35 -14 -17 -7 -23 -6 -21 36 34 -34 -10 -5 38 -38 -13 46 42 -42 43 -41 45 -45 49 -48 -49 -39 51 52 53 -51 -52 -53 -57 -54 -59 61 -61 -56
right_child=3 7 11 4 6 8 -8 22 23 -11 -12 12 13 18 -16 26 -18 -19 -20 30 -22 28 -24 -25 -26 -27 -28 -29 -30 -31 -32 -33 33 -35 -36 -37 37 39 -40 40 41 -43 -44 44 -46 -47 47 48 -50 50 54 55 57 -55 59 56 -58 58 -60 60 -62 -63
leaf_value=0.052098446067695439 0.062337520559761467 0.030011440968068494 0.010253298033314501 0.029995501418109766 0.041169743009341349 0.02499284670862973 0.11345374657276489 0.039447087702234762 0.035497818534125647 0.10255639739246097 0.053225329565683127 -0.014118761994650526 -0.013835726624982956 0.02525663886652077 0.018252172015554173 0.061894203826176435 -0.028612010494541346 0.047055587286370937 -0.0069214206934210473 0.010556890789506048 0.031238772463655869 0.006813403545260029 0.067090843501863437 0.042837506344160399 0.014374526009253539 0.014043099117098432 0.088041815195960549 0.0026706536169256831 0.019382169819091702 0.056389975137556142 -0.0084340742582953467 -0.0076644596901160912 0.02022784046127615 0.042849594750507945 0.011717643360857793 0.050622705478897294 0.014824117007824223 -0.0096062836504679575 -0.0020772848688438272 -0.0059433110544094905 -0.0046625198258082182 0.006874559229783141 -0.0055899951214798144 -0.046543620971706806 -0.010293160181740431 -0.018184766950162228 -0.022224167052532856 -0.033285787434720285 -0.0043090863643085644 -0.0090436103218477018 -0.02397587521006856 -0.020476409067077605 0.00072636882367927487 0.021878806691601933 -0.0044500925628914497 -0.0013396863650381077 -0.02250985432573142 0.02388747720061745 0.0069292877174445839 0.013625615884525875 -0.013143305283837304 -0.00010120286146855407
leaf_weight=103 101 104 159 101 136 42 26 158 21 42 99 230 136 24 161 66 196 30 277 30 99 134 32 58 59 23 26 51 155 74 176 1179 44 35 91 28 38 295 140 539 1761 160 2364 21 305 129 70 20 287 125 36 58 89 25 4545 350 45 107 97 89 34 602
leaf_count=103 101 104 159 101 136 42 26 158 21 42 99 230 136 24 161 66 196 30 277 30 99 134 32 58 59 23 26 51 155 74 176 1179 44 35 91 28 38 295 140 539 1761 160 2364 21 305 129 70 20 287 125 36 58 89 25 4545 350 45 107 97 89 34 602
internal_value=-7.33868e-06 -0.00326691 -0.00454651 0.0341382 0.029797 0.0203767 0.0583723 0.0275251 0.0136765 0.0742484 0.0369008 -0.00519202 -0.00536303 -0.0129229 0.00645863 0.0535776 -0.02019 0.0200317 -0.00433159 8.75666e-05 0.0419204 0.0179447 0.044162 0.0269828 0.028254 -0.00976522 0.0694256 0.0128214 0.0135761 0.0465811 -0.00564036 -0.00500164 0.0221222 0.0303548 0.0162487 0.0345472 -0.00475124 -0.00460427 -0.00957783 -0.00466555 -0.00568659 -0.00369869 -0.00682217 -0.00974671 -0.014239 -0.0222167 -0.00388063 -0.00921267 -0.00622332 -0.00357032 -0.00328226 3.88422e-05 0.00614693 -0.00384542 -0.00384401 -0.00592341 -0.00376922 0.0112791 0.0158559 -0.00370509 0.00618079 -0.00394242
internal_weight=16837 15370 14757 1467 1324 996 328 613 709 143 287 14555 14396 656 460 302 355 423 301 299 202 393 190 249 188 159 92 93 289 210 206 13740 191 79 112 129 12561 12191 370 12153 5279 1921 3358 994 455 150 6874 377 307 6497 6202 896 443 150 5306 453 395 293 204 5270 123 5147
internal_count=16837 15370 14757 1467 1324 996 328 613 709 143 287 14555 14396 656 460 302 355 423 301 299 202 393 190 249 188 159 92 93 289 210 206 13740 191 79 112 129 12561 12191 370 12153 5279 1921 3358 994 455 150 6874 377 307 6497 6202 896 443 150 5306 453 395 293 204 5270 123 5147
is_linear=0
shrinkage=0.05


Tree=13
num_leaves=63
num_cat=0
split_feature=15 16 16 16 16 15 15 16 15 16 16 16 16 15 16 16 17 17 16 17 15 17 16 16 16 7 16 15 17 16 16 13 2 2 15 10 2 7 10 13 8 13 2 2 8 8 13 2 7 9 9 8 2 2 8 7 7 2 2 9 2 9
split_gain=676.681 218.644 159.761 92.3848 135.841 37.5682 30.4628 27.442 22.3331 22.1021 13.9312 13.1418 12.8611 12.6392 12.4569 14.5087 8.46652 8.43045 7.73401 7.39387 7.21128 7.12793 6.72268 11.5468 5.403 5.14813 4.73458 4.1855 4.06059 3.95561 3.94007 3.78712 3.61827 3.84645 3.58397 3.36793 3.33842 5.03214 13.257 7.85007 5.01581 3.57251 3.49391 3.33177 3.32081 3.50664 3.29122 3.48958 3.20336 3.17248 3.28886 3.05651 5.75209 5.06982 4.39945 4.25128 4.16043 4.15681 3.79701 3.67922 3.62196 3.55225
threshold=2.5000000000000004 0.7703271457330223 -4.1082164328657322 -3.9796061560643303 1.2317167051578142 4.5000000000000009 9.5000000000000018 4.0178513841011876 4.5000000000000009 -1.6741466019357316 -1.4435523994741506 -0.76982294072363378 4.8388870559771266 1.5000000000000002 0.17324966250686738 -0.34701438858161604 2.4108415537651626 -0.76461629495673489 -10.235705134833912 0.25131442828090644 7.5000000000000009 2.5452206436823079 0.36566589684372602 -0.32089599016789089 -6.5796648807541951 0.81900000000000006 -10.909495509114473 4.5000000000000009 0.13493391808832708 0.20959622554912724 1.6455624452951165 10.500000000000002 917633.50000000012 1178916.5000000002 4.5000000000000009 9.5000000000000018 8722682.5000000019 0.84750000000000003 127.00000000000001 125.50000000000001 35.500000000000007 486.50000000000006 7647459.5000000009 4363218.5000000009 140.00000000000003 31.500000000000004 27.500000000000004 10839002.500000002 0.89750000000000008 1.0000000180025095e-35 4.5000000000000009 337.00000000000006 1793297.0000000002 6362852.0000000009 401.00000000000006 1.1150000000000004 1.0175000000000003 869868.00000000012 5315255.0000000009 8.5000000000000018 850987.00000000012 4.5000000000000009
decision_type=2 2 2 2 2 2 2 2 2 2 2 2 2 2 2 2 2 2 2 2 2 2 2 2 2 2 2 2 2 2 2 2 2 2 2 2 2 2 2 2 2 2 2 2 2 2 2 2 2 2 2 2 2 2 2 2 2 2 2 2 2 2
left_child=1 2 18 8 5 9 12 16 24 -5 -4 -7 34 25 15 -15 19 -16 -1 -3 29 -9 23 28 -2 32 -10 -14 -11 -13 -21 -27 49 -34 -6 -25 37 38 39 40 -33 -41 51 -31 45 -37 -38 -48 -20 -12 -51 52 57 54 -53 56 59 60 -58 61 -39 -54
right_child=3 7 10 4 6 11 -8 21 26 22 13 20 27 14 17 -17 -18 -19 48 30 -22 -23 -24 35 -26 31 -28 -29 -30 43 -32 36 33 -35 -36 44 46 42 -40 41 -42 -43 -44 -45 -46 -47 47 -49 -50 50 -52 53 55 -55 -56 -57 58 -59 -60 -61 -62 -63
leaf_value=0.048854761351607101 0.062161380874010769 0.028671948527269633 0.011097487312443638 0.031681495619906463 0.038939880194812336 0.047177507398367 0.10553991733002047 0.037475980984272086 0.11201230991480036 0.0095480429186971458 -0.020993643615945988 0.01383003612604587 0.058804175762654079 -0.0060027030693375477 0.019260351884225247 -0.025914752835034662 0.044710624668487277 -0.0071151814245326329 0.02067193537020947 0.0072084632612303239 0.040956502820545991 0.063746753177167478 0.015120516359908116 0.010030799922208455 0.040164926044497472 0.015231732753257591 0.079524553583940893 0.083656591176986692 0.033841158382928192 0.019318150124769753 0.018929866434092637 0.0014491037065000678 0.0029450949869117902 -0.0058984461543807789 0.052627248171083975 -0.0054568069148665669 0.010908871851994051 -0.0047244252720411292 -0.012891320779741323 0.0017518109183533835 0.02415507309423548 -0.012302043752520975 0.0012404296209402605 0.040696125834786996 0.0011124161320772441 -0.023409063416279526 -0.011613916820971739 -0.0054153015665022487 0.039963790935599972 -0.0077886002266489788 -0.026352585173876165 0.0025696517130838164 -0.0063043477067020962 0.0061048353603620842 -0.0066997211332908303 -0.014172989640605121 -0.00097287197935139809 -0.00077187816908228554 -0.010928904648328552 0.0029641691738227435 -0.024427262470280729 -0.012529003007378546
leaf_weight=110 83 102 134 101 152 94 27 158 22 132 56 107 66 156 34 224 30 267 53 149 55 32 145 30 46 25 31 26 20 43 142 40 127 3227 77 65 28 894 166 567 64 49 285 34 63 48 265 1670 39 622 25 190 2368 173 388 153 669 1200 112 97 24 256
leaf_count=110 83 102 134 101 152 94 27 158 22 132 56 107 66 156 34 224 30 267 53 149 55 32 145 30 46 25 31 26 20 43 142 40 127 3227 77 65 28 894 166 567 64 49 285 34 63 48 265 1670 39 622 25 190 2368 173 388 153 669 1200 112 97 24 256
internal_value=-6.47349e-06 -0.00310361 -0.00431941 0.0324373 0.0277044 0.0177858 0.0543833 0.0261526 0.065793 0.0103367 -0.00493271 0.0312749 0.0500334 -0.00508209 -0.0117357 -0.0177572 0.0190331 -0.00411387 0.0398277 0.0170494 0.0249822 0.041958 0.00603537 0.00233848 0.0543936 -0.00475186 0.0932897 0.0659652 0.0127975 0.0201605 0.0129499 -0.00412379 -0.00624955 -0.00556201 0.043585 -0.00535708 -0.00417456 -0.00370326 -0.000152779 0.0027786 0.0154798 0.00062396 -0.00416451 0.0288632 -0.00801261 -0.0131407 -0.00601926 -0.00626735 0.0289388 -0.00952138 -0.0085176 -0.00440141 -0.0047921 -0.00139119 -0.00364413 -0.00599468 -0.00563555 -0.00271429 -0.00240824 -0.00655991 -0.00524758 -0.00691399
internal_weight=16837 15370 14757 1467 1285 937 348 613 182 604 14555 333 321 14421 681 380 423 301 202 393 239 190 503 358 129 13740 53 92 152 184 291 9683 4057 3354 229 206 9658 7695 886 720 104 616 6809 77 176 113 1963 1935 92 703 647 6524 5773 751 578 3655 3502 2118 781 2721 918 2624
internal_count=16837 15370 14757 1467 1285 937 348 613 182 604 14555 333 321 14421 681 380 423 301 202 393 239 190 503 358 129 13740 53 92 152 184 291 9683 4057 3354 229 206 9658 7695 886 720 104 616 6809 77 176 113 1963 1935 92 703 647 6524 5773 751 578 3655 3502 2118 781 2721 918 2624
is_linear=0
shrinkage=0.05


Tree=14
num_leaves=63
num_cat=0
split_feature=15 16 16 16 16 15 15 16 15 16 16 16 15 16 16 16 16 16 16 17 17 17 15 17 17 16 16 16 16 17 15 15 15 0 6 3 10 10 4 10 0 8 3 4 0 17 9 0 17 17 17 0 8 10 8 11 9 0 17 0 17 17
split_gain=610.913 197.378 144.319 83.4054 122.717 32.2487 27.8707 24.7638 20.1617 18.5601 11.7962 10.9024 12.8394 13.3608 10.6252 10.1716 8.98879 10.4242 8.38916 7.64061 7.63259 6.68536 6.61261 6.42963 5.65749 4.9804 4.25904 4.2289 3.69093 3.66484 3.42081 3.3558 3.35492 3.12897 3.08354 3.16017 3.2363 3.08065 7.68739 3.04144 3.01002 3.00013 3.92663 2.94346 2.84361 2.80537 2.68776 4.66068 2.64317 2.63252 2.62858 2.52224 2.37328 2.3565 2.61317 2.34739 2.32894 4.29337 2.30264 2.29326 2.23607 2.73455
threshold=2.5000000000000004 0.7703271457330223 -3.6208522426910315 -3.9796061560643303 1.3471901462663585 4.5000000000000009 9.5000000000000018 4.0178513841011876 4.5000000000000009 -1.6741466019357316 -0.74267054751561901 -1.1929120893798209 1.5000000000000002 0.17324966250686738 5.2187580189889671 -0.20149289300208026 0.36566589684372602 -0.32089599016789089 -10.235705134833912 2.4108415537651626 -0.96166538290452952 -0.64901998794533144 7.5000000000000009 2.5452206436823079 -0.22091637613951984 -10.909495509114473 -10.909495509114473 1.3471901462663585 0.20959622554912724 0.13493391808832708 3.5000000000000004 4.5000000000000009 6.5000000000000009 24922.000000000004 145851.00000000003 2743.0000000000005 1.0000000180025095e-35 11.500000000000002 1.0000000180025095e-35 9.5000000000000018 881728.50000000012 140.00000000000003 27462.000000000004 1.0000000180025095e-35 57832.500000000007 -1.9144484089039733 4.5000000000000009 25475.500000000004 -0.53836478870930116 -0.73042433111272709 -2.0364695736942715 13591.500000000002 36.500000000000007 11.500000000000002 12.500000000000002 1.5000000000000002 1.5000000000000002 385774.50000000006 -0.40546510810816444 5950.0000000000009 0.18122386151223657 1.1590088603095536
decision_type=2 2 2 2 2 2 2 2 2 2 2 2 2 2 2 2 2 2 2 2 2 2 2 2 2 2 2 2 2 2 2 2 2 2 2 2 2 2 2 2 2 2 2 2 2 2 2 2 2 2 2 2 2 2 2 2 2 2 2 2 2 2
left_child=1 2 18 8 5 9 14 19 25 58 -7 48 34 15 32 24 17 29 -1 21 -15 -3 28 -9 -14 -2 -10 -23 52 33 50 -16 53 -11 35 36 -13 38 -37 -19 60 42 -41 44 51 -20 -40 -48 49 -4 -27 59 -12 54 -6 -35 -45 -58 -5 -36 -22 -62
right_child=3 7 11 4 6 10 -8 23 26 16 22 12 13 20 31 -17 -18 39 45 -21 40 27 -24 -25 -26 30 -28 -29 -30 -31 -32 -33 -34 55 43 37 -38 -39 46 41 -42 -43 -44 56 -46 -47 47 -49 -50 -51 -52 -53 -54 -55 -56 -57 57 -59 -60 -61 61 -63
leaf_value=0.046414242245994525 0.064318128541379638 0.036197684870244044 0.0091475858841008253 0.026019596815334237 0.040678281790317961 0.044717653570099346 0.10254601687763842 0.035603366964093157 0.10643703553201925 -0.0059664029259461487 0.022395870067777424 -0.0011072156950831414 -0.012698229544927435 0.023040025378287581 0.056664150640133595 -0.025887062517030397 0.016466289788338893 0.0095309261752422464 0.04113882574070972 0.042482520112662618 0.0029574185041050323 0.0072851435992444674 0.038776175363720015 0.060569343806427214 0.013987617110793209 0.050832279431699857 0.075561110866989745 0.018505110711885295 0.027378006646699274 0.032157518594196778 0.060202495089341029 0.079926897258872531 0.059563727660372684 0.01947767406085292 -0.0032668352307817041 -0.0050149646203223363 -0.011694881844581961 -0.0044877237194929009 0.0021661877760119443 -0.0052152247685852632 -0.023603744356534184 0.0010568835546754052 -0.02461983902045833 -0.0060463273751176121 -0.011655485848419623 0.021474097795228783 0.0064319181924538983 -0.023424957850053111 0.022065149967352152 -0.0093016685577905541 0.027672016448036175 0.0017418829820356118 0.0068626143555793511 0.043206772564170638 0.015563888821880615 0.0041986846648974395 -0.0059593846637666578 0.013488866509019443 0.04520558898129734 -0.023049284220697262 -0.010486794218109509 0.0049359027657159028
leaf_weight=110 50 38 94 80 24 95 26 158 22 27 41 100 136 24 57 196 161 30 25 30 69 142 57 32 23 21 31 213 79 20 23 25 27 60 37 1100 270 10283 756 71 23 63 42 488 422 78 24 28 30 24 35 89 65 149 20 45 71 47 21 25 150 35
leaf_count=110 50 38 94 80 24 95 26 158 22 27 41 100 136 24 57 196 161 30 25 30 69 142 57 32 23 21 31 213 79 20 23 25 27 60 37 1100 270 10283 756 71 23 63 42 488 422 78 24 28 30 24 35 89 65 149 20 45 71 47 21 25 150 35
internal_value=-5.53987e-06 -0.00294834 -0.00410351 0.0308213 0.0263239 0.017267 0.0527206 0.0248486 0.0625155 0.0104848 0.0297229 -0.00470231 -0.00484135 -0.0116796 0.0483819 -0.0182528 0.00665313 0.00222261 0.0367429 0.0180844 -0.00390715 0.0161989 0.0237999 0.0398641 -0.00880022 0.0516798 0.088648 0.0140345 0.0191401 0.0121607 0.0435465 0.0639061 0.0425465 0.009071 -0.00451442 -0.00428383 -0.00884793 -0.00414483 -0.00229408 -0.00508844 -0.00626744 -0.00761277 -0.0124872 -0.00696626 -0.00954339 0.0263309 0.00140406 -0.009563 0.00878311 0.00534816 0.0365214 -0.0036038 0.0129333 0.0401104 0.0294372 0.0129873 -0.00452004 0.00174948 0.030099 -0.0113484 -0.00466926 -0.00754088
internal_weight=16837 15370 14757 1467 1285 957 328 613 182 620 337 14544 14396 656 302 355 519 358 213 423 301 393 242 190 159 129 53 355 185 152 79 82 220 132 13740 12561 370 12191 1908 206 277 176 113 1179 573 103 808 52 148 118 56 151 106 193 44 105 606 118 101 62 254 185
internal_count=16837 15370 14757 1467 1285 957 328 613 182 620 337 14544 14396 656 302 355 519 358 213 423 301 393 242 190 159 129 53 355 185 152 79 82 220 132 13740 12561 370 12191 1908 206 277 176 113 1179 573 103 808 52 148 118 56 151 106 193 44 105 606 118 101 62 254 185
is_linear=0
shrinkage=0.05


Tree=15
num_leaves=63
num_cat=0
split_feature=15 16 16 16 16 15 15 15 16 16 16 16 16 16 16 16 16 16 7 16 16 16 16 2 13 16 15 16 16 0 0 7 2 0 9 15 2 0 9 7 8 7 0 11 10 13 7 0 0 13 11 0 13 10 8 8 2 0 2 10 0 0
split_gain=557.043 181.174 117.764 97.6237 98.9104 41.4621 25.5487 20.2281 15.523 16.5198 13.8034 12.9601 11.8683 9.39299 9.09776 11.0973 9.5143 8.40551 7.79021 7.24326 5.403 5.85629 4.66961 4.37384 6.11821 4.29673 5.76458 5.19692 4.27221 3.74251 3.72974 3.72809 6.3623 4.13872 4.46605 3.6803 3.60107 3.61893 3.46568 5.24089 4.37038 7.32962 5.63371 4.57188 5.61381 4.23782 6.64505 5.71604 13.1398 6.85004 6.36982 3.60671 3.51683 11.5162 3.41425 3.64665 3.44482 3.22115 3.54264 3.19906 4.22443 3.19325
threshold=2.5000000000000004 1.0777521170130877 -2.2674922867601599 -3.9796061560643303 1.7789496636748656 4.5000000000000009 6.5000000000000009 4.5000000000000009 -1.6741466019357316 0.89025132091212467 7.2413914549653464 -0.43499690936904806 6.2505997506703013 -10.909495509114473 0.50147587097457336 1.0000000180025095e-35 0.11547344110854506 0.7703271457330223 0.79250000000000009 7.2413914549653464 -0.32089599016789089 0.27502519449766333 -10.909495509114473 917633.50000000012 10.500000000000002 -1.4435523994741506 1.5000000000000002 -0.32089599016789089 -10.909495509114473 353355.00000000006 19969.000000000004 0.78250000000000008 1178916.5000000002 43049.500000000007 1.5000000000000002 5.5000000000000009 1100806.5000000002 440858.00000000006 1.5000000000000002 1.0850000000000002 113.00000000000001 0.84750000000000003 89910.000000000015 28.500000000000004 248.50000000000003 102.00000000000001 0.87165000000000015 26589.500000000004 28338.000000000004 144.50000000000003 26.000000000000004 125635.00000000001 50.500000000000007 35.500000000000007 194.00000000000003 12.500000000000002 12185314.500000002 26589.500000000004 2702655.0000000005 165.50000000000003 938729.50000000012 593.00000000000011
decision_type=2 2 2 2 2 2 2 2 2 2 2 2 2 2 2 2 2 2 2 2 2 2 2 2 2 2 2 2 2 2 2 2 2 2 2 2 2 2 2 2 2 2 2 2 2 2 2 2 2 2 2 2 2 2 2 2 2 2 2 2 2 2
left_child=1 2 13 7 5 8 19 22 -5 20 -8 35 -3 -1 15 18 -17 -13 23 -6 -10 -22 -2 29 -25 -20 38 -28 -9 30 -4 32 36 -33 -35 -7 37 -26 54 40 41 52 45 44 59 46 -42 49 -49 -47 -50 -45 53 -40 55 -27 -57 -56 -59 60 -44 -34
right_child=3 12 14 4 6 11 10 28 9 -11 -12 17 -14 -15 -16 16 -18 -19 25 -21 21 -23 -24 24 31 26 27 -29 -30 -31 -32 33 61 34 -36 -37 -38 -39 39 -41 42 -43 43 51 -46 47 -48 48 50 -51 -52 -53 -54 -55 57 56 -58 58 -60 -61 -62 -63
leaf_value=0.040377467508792161 0.06397206276922883 0.022393273513416335 -0.01389346641634661 0.028243333336089922 0.038207601393941325 0.033689752072357262 0.061265802311393072 0.10205441225608776 0.0099389488710698755 0.024288701116081949 0.11412199786489044 0.018263721326418361 0.040855807622616327 0.021215203490119822 0.0061108129564269491 -0.029878618235114691 -0.009067813614666154 0.038445927433395581 0.010942068749930926 0.060469588171501026 -0.0070637670696454165 0.0070711847515830583 0.044383771662740906 0.021263475122892464 0.0082746270615366487 -0.0003221588395448127 -0.0056955221149078764 -0.022078874337047756 0.072914568595947568 -0.02297066725690397 -0.0057255725656140772 -0.0048695923228242542 -0.022883134354266761 -0.032174329670565313 -0.0084106661961108383 0.052495435676037289 0.02301367068541918 -0.016120232949783733 0.031810187638612555 0.0010848383531194157 -0.030766082162139427 -0.0033912292236706896 0.0010099898468401954 0.002123847991395787 0.0022124227730453889 -0.028210042231582036 -0.0012439041373478038 0.028451187860120759 -0.0084329378101448953 -0.010493635266113849 0.019383770333364678 -0.014945827411188373 0.0010457420951764237 -0.014169070670777318 0.0080708949793614811 -0.0066934683904048553 -0.016509718257151199 -0.010698493980793032 0.00075131133887844804 -0.0087926372006243408 -0.012333059655540143 -0.0055721391332965615
leaf_weight=107 50 397 231 96 164 48 33 27 157 106 21 178 113 165 202 72 237 74 50 49 185 121 92 21 54 212 128 79 31 52 363 78 27 43 38 66 26 21 35 688 20 3831 295 41 533 70 381 26 708 257 21 120 677 22 76 1269 97 107 181 276 74 2821
leaf_count=107 50 397 231 96 164 48 33 27 157 106 21 178 113 165 202 72 237 74 50 49 185 121 92 21 54 212 128 79 31 52 363 78 27 43 38 66 26 21 35 688 20 3831 295 41 533 70 381 26 708 257 21 120 677 22 76 1269 97 107 181 276 74 2821
internal_value=4.48564e-05 -0.00279649 -0.00380439 0.0291465 0.0241262 0.0170919 0.0512534 0.0616745 0.00963982 0.00648789 0.0820864 0.030612 0.026501 0.0287837 -0.00441372 -0.00456218 -0.0139412 0.024223 -0.00435543 0.0433783 0.00239738 -0.00145764 0.0513564 -0.00629966 -0.00552246 -0.00364052 -0.00371243 -0.0119799 0.086718 -0.010055 -0.0089122 -0.00570573 -0.00530044 -0.0131834 -0.0211117 0.0446575 0.00700472 0.00136512 -0.00354097 -0.00308338 -0.00347228 -0.00251378 -0.00502088 -0.00266354 -0.001578 -0.00714563 -0.0027361 -0.00877481 -0.00636974 -0.0143089 -0.00762223 -0.0105692 0.00205895 0.0139825 -0.00544084 -0.00644833 -0.00739534 -0.00105892 -0.00348749 -0.00471784 -0.00165492 -0.00573881
internal_weight=16840 15342 14832 1498 1298 1031 267 200 665 569 54 366 510 272 14560 14358 309 252 14049 213 463 306 142 3775 3129 10274 10224 207 58 646 594 3108 2949 159 81 114 101 75 10017 8075 7387 4565 2822 1339 1178 1483 401 1082 755 327 729 161 734 57 1942 1578 1366 364 288 645 369 2848
internal_count=16840 15342 14832 1498 1298 1031 267 200 665 569 54 366 510 272 14560 14358 309 252 14049 213 463 306 142 3775 3129 10274 10224 207 58 646 594 3108 2949 159 81 114 101 75 10017 8075 7387 4565 2822 1339 1178 1483 401 1082 755 327 729 161 734 57 1942 1578 1366 364 288 645 369 2848
is_linear=0
shrinkage=0.05


Tree=16
num_leaves=63
num_cat=0
split_feature=15 16 16 16 16 15 16 15 15 17 16 16 17 16 15 16 16 17 16 16 16 17 16 17 16 16 15 17 17 17 17 17 17 5 17 16 16 16 16 17 17 0 5 1 0 0 13 10 0 0 0 8 10 8 2 2 2 2 0 0 11 15
split_gain=502.898 163.525 106.298 88.5048 97.5019 34.2974 30.0863 21.8197 17.0597 16.586 11.3549 10.0734 9.96518 8.47288 7.49156 6.77316 6.61475 6.45503 6.15641 5.92825 5.26861 12.1069 5.58689 5.10351 4.44599 4.44628 4.18288 4.14937 4.03029 3.8528 3.60876 3.55914 3.55814 3.41433 3.49331 10.0722 4.65369 3.56134 3.36326 3.32404 3.24143 3.21868 3.12416 5.26274 3.40691 4.4088 3.72959 3.37153 6.29501 5.08238 3.25644 3.99964 6.69396 3.08856 3.04533 6.98445 4.1452 2.91274 3.4128 3.15468 2.78073 2.77119
threshold=2.5000000000000004 1.0777521170130877 -2.2674922867601599 -2.7996542683895163 1.1434029114275945 4.5000000000000009 7.2413914549653464 4.5000000000000009 5.5000000000000009 2.6119046571864883 -0.89378306794153561 -0.30792917628945321 -1.747692298360928 -10.909495509114473 4.5000000000000009 4.0178513841011876 -10.909495509114473 0.28918583298375827 0.17324966250686738 -10.909495509114473 0.50147587097457336 0.10135430644995157 0.083436130975016315 -0.95125541676037895 0.36566589684372602 -0.20149289300208026 6.5000000000000009 -1.9144484089039733 -0.22091637613951984 -0.041690804469525396 -0.86791289764200086 0.15415067982725836 0.32605331534483933 6.5000000000000009 -0.05973256091968409 -0.82497691216892899 0.25038954438355127 -0.32089599016789089 2.6113042096510184 0.54654370636806993 -0.25131442828090617 34631.000000000007 1.0000000180025095e-35 1.0000000180025095e-35 26589.500000000004 47986.500000000007 63.500000000000007 4.5000000000000009 522853.00000000006 1001865.5000000001 270600.00000000006 67.500000000000014 19.500000000000004 113.00000000000001 1538260.0000000002 917633.50000000012 668154.00000000012 2783836.5000000005 152294.00000000003 265014.50000000006 2.5000000000000004 3.5000000000000004
decision_type=2 2 2 2 2 2 2 2 2 2 2 2 2 2 2 2 2 2 2 2 2 2 2 2 2 2 2 2 2 2 2 2 2 2 2 2 2 2 2 2 2 2 2 2 2 2 2 2 2 2 2 2 2 2 2 2 2 2 2 2 2 2
left_child=1 2 13 7 5 10 14 16 -8 15 28 26 -4 53 -6 17 23 -3 32 -9 21 33 -23 -2 25 40 -7 -15 -5 -20 -21 -22 -13 34 35 -14 37 -37 -16 -24 -12 -31 43 44 46 -46 -36 48 -47 -50 51 52 -45 -1 55 56 -49 58 -56 -60 -35 -18
right_child=3 9 12 4 6 11 8 19 -10 -11 24 18 20 27 38 -17 61 -19 29 30 31 22 39 -25 -26 -27 -28 -29 -30 41 -32 -33 -34 60 42 36 -38 -39 -40 -41 -42 -43 -44 50 45 47 -48 54 49 -51 -52 -53 -54 -55 57 -57 -58 -59 59 -61 -62 -63
leaf_value=0.032285863353721751 0.042644111289606462 0.03077084114923875 0.030959540018024135 0.014162863358034225 0.030572239861135237 0.029947514762403111 0.053538391459099693 0.096970521424969189 0.1052877120131277 0.053874764006702047 0.00035624766145340525 0.0021112694562003299 0.0019975739844773676 0.036758054146046042 0.039835539790271213 0.030847861529861909 0.033712999905046247 0.013805023315848573 0.043717829466924568 0.050432286582617461 0.018110442021216713 -0.03992303659518559 -0.019359268388828586 0.07582993490889503 0.009456034719923484 -0.0067358377139797865 0.049816724287301557 0.016252268314650483 0.03688792244965336 0.0058973544671420486 0.079778703132948547 0.00066024604310381757 0.023844143789380896 -0.0085237724746056193 -0.017972654520586644 -0.010113975209864453 0.0053429468044106886 -0.023558476918981022 0.058246546886913192 -0.0051487193934085006 0.018180142250427991 0.0280385853808321 -0.0036353767605960064 0.0036311049184606994 0.0022548490417433832 0.0073907389445093553 -0.007841182473705955 -0.0069591139659539308 -0.032867676401025309 -0.0014580690714358585 -0.015182437448550369 0.0063894047597180138 -0.010532406409305894 0.051123479831297371 -0.034487719031480644 0.0046406647093509105 -0.027411295218822063 -0.0080806093661813308 -0.0039517549640700192 -0.020415606954703097 -0.026803313975019019 0.050175407108969221
leaf_weight=73 23 75 20 97 198 70 44 27 26 46 89 59 132 31 71 156 88 233 27 22 36 23 102 27 127 179 46 134 25 24 25 157 28 113 129 89 24 116 43 71 36 57 11384 170 153 102 320 179 21 34 39 157 163 34 22 138 29 492 55 64 26 40
leaf_count=73 23 75 20 97 198 70 44 27 26 46 89 59 132 31 71 156 88 233 27 22 36 23 102 27 127 179 46 134 25 24 25 157 28 113 129 89 24 116 43 71 36 57 11384 170 153 102 320 179 21 34 39 157 163 34 22 138 29 492 55 64 26 40
internal_value=4.29065e-05 -0.0026568 -0.00361437 0.027694 0.0222184 0.0129073 0.0432561 0.0547288 0.0729537 0.0251771 0.00542329 0.0261927 -0.00419329 0.0273466 0.0365559 0.0223103 0.0451276 0.0179612 0.0191834 0.077664 -0.0042422 -0.00435276 -0.0167 0.0607798 0.00159712 -0.00167163 0.0379059 0.0201551 0.018887 0.0271775 0.0662845 0.00394879 0.00918251 -0.00418127 -0.00410331 -0.00896884 -0.01531 -0.0177538 0.0468688 -0.0135624 0.00553993 0.0215552 -0.00397421 -0.00567328 -0.00700296 -0.00568739 -0.0107665 -0.00676158 8.69713e-06 -0.0135795 -0.00129473 -0.000176309 -0.00328786 0.0383605 -0.00785231 -0.00405423 -0.00984645 -0.00991949 -0.0162903 -0.012858 -0.0119957 0.0389317
internal_weight=16840 15342 14832 1498 1246 864 382 252 70 510 553 311 14560 272 312 464 178 308 195 74 14540 14347 196 50 431 304 116 165 122 108 47 193 87 14151 14012 361 229 205 114 173 125 81 13651 2267 1738 1289 449 1136 157 55 529 490 333 107 979 346 208 633 141 119 139 128
internal_count=16840 15342 14832 1498 1246 864 382 252 70 510 553 311 14560 272 312 464 178 308 195 74 14540 14347 196 50 431 304 116 165 122 108 47 193 87 14151 14012 361 229 205 114 173 125 81 13651 2267 1738 1289 449 1136 157 55 529 490 333 107 979 346 208 633 141 119 139 128
is_linear=0
shrinkage=0.05


Tree=17
num_leaves=63
num_cat=0
split_feature=15 16 16 16 16 15 15 15 17 16 16 16 16 17 16 7 16 17 16 16 17 17 17 16 16 2 2 4 7 15 17 16 15 16 16 13 7 7 2 2 16 9 7 8 7 7 13 7 2 17 15 8 3 2 9 2 7 2 2 17 13 8
split_gain=454.083 147.613 95.9698 80.135 81.1513 33.8998 21.1549 16.4696 15.0148 12.723 13.422 11.128 10.7294 8.99865 7.64434 6.58675 6.32185 6.2304 6.21493 5.82534 5.52939 5.22448 4.43116 4.415 4.87117 3.90952 7.80476 4.78521 4.36128 3.85528 3.74305 3.43961 5.02329 10.264 6.51848 5.03215 3.58104 3.47413 3.39886 3.3398 3.31113 3.12877 4.72656 3.93196 6.61505 5.37214 3.17117 10.5275 3.13034 3.1234 3.10874 3.09134 3.66569 3.64865 3.05665 4.07953 3.10121 3.37217 2.96028 2.88631 2.81232 5.27125
threshold=2.5000000000000004 1.0777521170130877 -2.2674922867601599 -3.9796061560643303 1.7789496636748656 4.5000000000000009 6.5000000000000009 4.5000000000000009 2.8454055036110621 -1.6741466019357316 0.89025132091212467 7.2413914549653464 -0.79829907331227679 -1.747692298360928 -10.909495509114473 0.79250000000000009 4.0178513841011876 0.045991194855825104 0.83324513206885864 7.2413914549653464 0.28918583298375827 -1.043288739272642 1.1705021014489954 -0.32089599016789089 0.27502519449766333 1924291.0000000002 2463893.0000000005 1.0000000180025095e-35 0.7712500000000001 8.5000000000000018 -1.9144484089039733 -1.4435523994741506 1.5000000000000002 0.23094688221709039 -0.32089599016789089 272.00000000000006 0.85950000000000004 0.89750000000000008 2157988.5000000005 2323430.5000000005 0.50147587097457336 1.5000000000000002 1.0850000000000002 113.00000000000001 0.84750000000000003 0.85165000000000013 50.500000000000007 0.8155 506146.00000000006 -0.37469344944141064 3.5000000000000004 194.00000000000003 20343.500000000004 12282632.500000002 3.5000000000000004 4166192.0000000005 1.0283500000000003 2478256.5000000005 1842533.0000000002 0.96033396745611188 53.000000000000007 150.00000000000003
decision_type=2 2 2 2 2 2 2 2 2 2 2 2 2 2 2 2 2 2 2 2 2 2 2 2 2 2 2 2 2 2 2 2 2 2 2 2 2 2 2 2 2 2 2 2 2 2 2 2 2 2 2 2 2 2 2 2 2 2 2 2 2 2
left_child=1 2 14 7 5 9 19 17 16 -5 23 -8 -7 -4 -1 25 20 50 29 -6 -3 -9 -12 49 -25 28 27 39 58 -14 -16 -17 41 34 -34 36 -35 -38 -29 -27 -28 51 43 44 46 48 47 -43 -45 -11 -2 52 -33 -54 -46 56 -56 -58 -15 -37 61 -47
right_child=3 8 13 4 6 12 11 21 -10 10 22 -13 18 15 30 31 -18 -19 -20 -21 -22 -23 -24 24 -26 26 40 38 -30 -31 -32 32 33 35 -36 59 37 -39 -40 -41 -42 42 -44 45 54 60 -48 -49 -50 -51 -52 -53 53 -55 55 -57 57 -59 -60 -61 -62 -63
leaf_value=0.036448683385171148 0.036523985772554522 0.029234347501385229 0.029419264101900568 0.025499297395875749 0.034523139149887014 0.04224819744106751 0.055669784041689964 0.058750298582985028 0.05511324304953176 0.0043251276173621326 0.031362878042558655 0.10320350547537419 0.015365104889391988 -0.0070082781174749323 0.034926060936937758 0.010685373280897496 0.029629796291851807 0.072753653063702933 0.036381673104411642 0.054517309484498802 0.013559960927558047 0.090964026974137357 0.010633853159450344 -0.0064845932767963466 0.0064059539660861423 -0.013922215146981075 -0.005544181807349547 0.0062857954043471186 -0.022690746600904678 0.034408386936846461 0.015440260816996086 -0.0027388394022389044 -0.0052016205435537338 0.0069647499902411444 -0.019865175430515469 0.023507920929394736 -0.019623267333830671 -0.0028775778538424317 0.027329254131822196 0.010194166154983258 0.0094612537679887535 -0.011556888512370498 0.0012123468032266738 -0.02846342932909586 -0.0023958056198628568 0.026658981059914207 0.0011752046407283612 0.031788552922176992 -0.008615397131425508 0.019902185027420909 0.054521541160875257 -0.00081619039667472015 -0.0072573827143068972 -0.025941347240425672 -0.013064096689551261 -0.0013750305136917449 -0.0072296230025752327 0.012445073777460049 -0.021236716148265077 -0.00075887728723424001 -0.004092581191379745 -0.00063528652934500022
leaf_weight=107 85 75 20 96 164 94 33 23 36 111 57 21 177 1225 31 43 161 20 63 49 238 35 49 185 121 35 2421 50 49 32 134 573 128 54 190 30 45 102 32 24 37 24 688 21 3176 20 677 33 438 46 37 364 978 27 234 267 128 26 38 20 2198 145
leaf_count=107 85 75 20 96 164 94 33 23 36 111 57 21 177 1225 31 43 161 20 63 49 238 35 49 185 121 35 2421 50 49 32 134 573 128 54 190 30 45 102 32 24 37 24 688 21 3176 20 677 33 438 46 37 364 978 27 234 267 128 26 38 20 2198 145
internal_value=4.13537e-05 -0.00252397 -0.00343377 0.0263163 0.0217673 0.015395 0.0463396 0.0557884 0.0239209 0.00865569 0.00580112 0.0744041 0.0276206 -0.00398386 0.0259845 -0.00403036 0.0215302 0.0464693 0.0225335 0.0391696 0.0173399 0.0783988 0.0218468 0.00211288 -0.00137059 -0.00578658 -0.00465846 0.00676256 -0.00801698 0.0183198 0.0191505 -0.00338362 -0.00344135 -0.00801683 -0.0139821 -0.000436806 -0.00398815 -0.00804766 0.0145821 -0.00402691 -0.0053159 -0.00318087 -0.00274607 -0.00311543 -0.00220626 -0.00458425 0.00213787 0.013462 -0.00954037 0.0089307 0.0420634 -0.00498597 -0.00594454 -0.00776685 -0.00303991 -0.00615459 -0.00942954 -0.00386955 -0.00744198 0.0137193 -0.00361908 0.00265697
internal_weight=16840 15342 14832 1498 1298 1031 267 200 510 665 569 54 366 14560 272 14540 474 142 272 213 313 58 106 463 306 3911 2599 141 1312 209 165 10629 10586 569 318 251 201 147 82 59 2458 10017 8075 7387 4565 2822 734 57 459 157 122 1942 1578 1005 3831 655 388 154 1263 50 2363 165
internal_count=16840 15342 14832 1498 1298 1031 267 200 510 665 569 54 366 14560 272 14540 474 142 272 213 313 58 106 463 306 3911 2599 141 1312 209 165 10629 10586 569 318 251 201 147 82 59 2458 10017 8075 7387 4565 2822 734 57 459 157 122 1942 1578 1005 3831 655 388 154 1263 50 2363 165
is_linear=0
shrinkage=0.05


Tree=18
num_leaves=63
num_cat=0
split_feature=15 16 16 16 16 15 16 15 17 15 16 16 17 16 16 17 15 7 16 17 16 16 17 16 15 16 16 13 10 17 2 2 0 7 16 17 17 5 2 17 16 2 0 6 0 2 0 0 16 7 13 9 7 10 10 2 0 2 13 0 2 2
split_gain=409.972 133.453 86.8792 72.5662 79.8217 27.9107 24.4647 17.9318 14.6893 14.1883 9.44154 8.39891 6.97958 6.89293 6.62517 6.40692 6.25955 5.99828 5.69515 5.52582 5.03969 5.03004 4.38821 3.91687 3.73632 5.84457 10.4566 3.87849 3.78626 3.67516 3.58625 7.09828 4.256 3.89725 3.44594 3.4145 3.37634 3.28885 3.23237 3.01791 2.95202 2.93308 2.90833 4.86276 4.66394 4.19329 3.8029 2.87956 2.84926 3.37816 3.25082 2.82414 4.26655 3.27911 8.09531 4.39516 3.73716 6.19584 4.14191 4.09022 2.85263 10.862
threshold=2.5000000000000004 0.92378752886836069 -2.2674922867601599 -2.7996542683895163 1.1434029114275945 4.5000000000000009 7.2413914549653464 4.5000000000000009 2.6119046571864883 5.5000000000000009 -0.59722708301289262 -0.43499690936904806 -1.7155251724059177 -10.909495509114473 3.8084851595244209 0.28768207245178062 4.5000000000000009 0.79250000000000009 -10.909495509114473 0.045991194855825104 0.27502519449766333 -10.909495509114473 -0.95125541676037895 0.17324966250686738 1.5000000000000002 -0.82497691216892899 0.15396458814472688 211.50000000000003 147.00000000000003 0.32605331534483933 1924291.0000000002 2463893.0000000005 66113.500000000015 0.7712500000000001 -0.20149289300208026 -0.041690804469525396 -1.9144484089039733 2.5000000000000004 2343695.0000000005 -0.86791289764200086 2.6113042096510184 1080425.5000000002 19969.000000000004 197689.00000000003 3656.0000000000005 1582826.0000000002 4899.0000000000009 34631.000000000007 -0.070342172213317136 0.94915000000000005 170.50000000000003 1.5000000000000002 1.0850000000000002 119.50000000000001 132.50000000000003 3174388.0000000005 24482.500000000004 429814.00000000006 107.50000000000001 31234.000000000004 2478256.5000000005 3008945.5000000005
decision_type=2 2 2 2 2 2 2 2 2 2 2 2 2 2 2 2 2 2 2 2 2 2 2 2 2 2 2 2 2 2 2 2 2 2 2 2 2 2 2 2 2 2 2 2 2 2 2 2 2 2 2 2 2 2 2 2 2 2 2 2 2 2
left_child=1 2 13 7 5 10 16 18 14 -8 19 -7 -4 -1 15 -3 -6 30 22 -5 48 -9 -2 29 51 -26 34 28 -28 -13 33 32 38 42 -27 -25 -15 -33 -32 -23 -18 -22 43 44 -14 -44 -46 -37 50 -50 -12 -19 53 60 -55 56 57 -56 -59 -58 -53 -62
right_child=3 8 12 4 6 11 9 21 -10 -11 20 23 17 36 -16 -17 40 24 -20 -21 41 39 -24 35 25 26 27 -29 -30 -31 31 37 -34 -35 -36 47 -38 -39 -40 -41 -42 -43 45 -45 46 -47 -48 -49 49 -51 -52 52 -54 54 55 -57 59 58 -60 -61 61 -63
leaf_value=0.034627950944903861 0.038469108332803231 0.027136649208451977 0.025586209985293193 0.010971443988556116 0.027562853193011869 0.035773449507897973 0.048147857520315383 0.088083946887692402 0.048800724570249532 0.095369435863933344 0.0082598945751690585 0.004700659818580393 0.0027172749310929848 0.033185373179029094 0.027454118956186546 0.011222697714219056 0.035878538827080433 -0.0047371561272754621 0.035024511161319202 0.036982609565018122 -0.0095361419128015719 0.045259206293664901 0.069265671173364907 0.040264486966867727 0.0036542953287393141 -0.0095903673882748036 -0.0024741324044786606 0.0066020023546331163 -0.019605318726574689 0.025130316571004663 0.0061726435962377556 -0.0048915141299551435 -0.0027684209578066124 -0.021558520282038283 -0.022514328305206024 0.0045893075530073326 0.01466882362528402 -0.022151836538123915 0.027674240696394362 0.072148970743099533 0.053128182811969397 0.010463543536233145 -0.0040343090821375761 -0.033381742577661168 -0.028698505899895019 -0.012614879139684843 -0.010124079230958309 0.025527722374805217 -0.014050534158326369 0.0046657200322437137 -0.0098648417266843508 -0.0035390338057061221 0.0011517381429335363 -0.02844612547285998 0.0025935050281755342 -0.002345023045987014 0.0078194758880160038 -0.0099295625906148828 -0.026886464802367529 -0.0063848250806241014 0.011163868022333543 -0.0019781903839867737
leaf_weight=107 23 85 20 145 198 98 44 27 46 26 70 73 62 31 166 257 71 1942 128 24 21 22 27 27 102 87 132 79 43 32 46 2425 66 49 134 24 134 28 29 25 43 130 748 23 32 177 217 57 93 32 38 2426 688 35 47 1273 55 76 71 596 167 2641
leaf_count=107 23 85 20 145 198 98 44 27 46 26 70 73 62 31 166 257 71 1942 128 24 21 22 27 27 102 87 132 79 43 32 46 2425 66 49 134 24 134 28 29 25 43 130 748 23 32 177 217 57 93 32 38 2426 688 35 47 1273 55 76 71 596 167 2641
internal_value=3.9779e-05 -0.00239774 -0.00330069 0.0250059 0.0200471 0.0116216 0.0390826 0.0494868 0.021692 0.0658697 0.00486922 0.0236068 -0.00382567 0.0246887 0.0192183 0.0151993 0.0330375 -0.00386677 0.040777 0.0147146 0.000520509 0.0702867 0.0553041 0.0179714 -0.0032483 -0.00716686 -0.00950136 -0.00255649 -0.00672086 0.0109924 -0.0055445 -0.0044632 0.00642726 -0.0076846 -0.0174559 0.0246938 0.018196 -0.00509147 0.014579 0.0597912 0.0424697 0.00764457 -0.00713899 -0.011154 -0.00948382 -0.0056828 -0.0125418 0.0193987 -0.00407622 -0.00921931 0.00183319 -0.00302202 -0.00260886 -0.0029598 -0.0046046 -0.00420693 -0.00700539 -0.0131124 -0.0181663 -0.00517607 -0.00228218 -0.00119444
internal_weight=16840 15342 14788 1498 1246 864 382 252 554 70 553 311 14516 272 508 342 312 14496 178 169 384 74 50 213 10594 577 475 254 175 105 3902 2594 141 1308 221 108 165 2453 75 47 114 151 1259 334 311 925 249 81 233 125 108 10017 8075 7387 2153 2118 845 194 147 651 5234 2808
internal_count=16840 15342 14788 1498 1246 864 382 252 554 70 553 311 14516 272 508 342 312 14496 178 169 384 74 50 213 10594 577 475 254 175 105 3902 2594 141 1308 221 108 165 2453 75 47 114 151 1259 334 311 925 249 81 233 125 108 10017 8075 7387 2153 2118 845 194 147 651 5234 2808
is_linear=0
shrinkage=0.05


Tree=19
num_leaves=63
num_cat=0
split_feature=15 16 16 16 16 15 15 15 17 16 16 17 16 16 16 6 17 16 16 16 16 17 16 17 0 17 17 16 17 16 16 16 16 17 17 15 17 15 16 8 17 16 0 8 17 17 10 17 13 13 7 13 17 16 0 0 13 3 3 8 10 0
split_gain=370.161 120.669 78.2002 65.7852 66.5815 27.7219 17.5117 13.3972 11.9112 10.5341 11.0419 9.93591 8.96338 8.80864 5.97244 5.75473 5.4059 4.71615 4.6851 4.58222 4.54503 9.52052 4.67713 4.38903 4.18657 4.00983 4.00733 3.43417 6.18569 3.65716 6.34635 3.32208 3.97813 3.31598 3.13754 4.08498 3.11718 3.09113 2.97395 2.80775 2.72234 2.71832 2.94727 2.70474 2.64223 2.58219 2.5636 2.54434 2.49332 2.39884 2.39067 2.59814 2.31367 8.9625 2.44899 5.39819 4.70983 4.04203 5.10086 4.3699 4.06484 3.93892
threshold=2.5000000000000004 1.1644541534916422 -3.0553263128766308 -3.9796061560643303 1.7789496636748656 4.5000000000000009 6.5000000000000009 4.5000000000000009 2.8454055036110621 -1.6166281755196303 0.89025132091212467 -1.8633098910483914 7.2413914549653464 -0.43499690936904806 0.17324966250686738 145851.00000000003 0.045991194855825104 6.2505997506703013 7.2413914549653464 -10.909495509114473 0.50147587097457336 0.10135430644995157 0.083436130975016315 -1.043288739272642 2203.5000000000005 0.36682952473842328 1.1705021014489954 -1.3900715766532465 -0.05973256091968409 -0.40520974068793786 0.14113420579933303 -0.32089599016789089 0.24506030279702332 0.32605331534483933 -2.5022053018517263 3.5000000000000004 -0.10457865466973508 5.5000000000000009 0.83324513206885864 113.00000000000001 -0.37469344944141064 1.6455624452951165 155320.00000000003 30.500000000000004 -0.73796417324197827 0.25131442828090644 11.500000000000002 0.32605331534483933 203.50000000000003 107.50000000000001 0.85950000000000004 203.50000000000003 1.0000000180025095e-35 1.0000000180025095e-35 27828.000000000004 20471.000000000004 600.50000000000011 234545.00000000003 74785.500000000015 48.500000000000007 34.500000000000007 28338.000000000004
decision_type=2 2 2 2 2 2 2 2 2 2 2 2 2 2 2 2 2 2 2 2 2 2 2 2 2 2 2 2 2 2 2 2 2 2 2 2 2 2 2 2 2 2 2 2 2 2 2 2 2 2 2 2 2 2 2 2 2 2 2 2 2 2
left_child=1 2 19 7 5 9 18 16 17 -5 31 -4 -8 37 33 20 34 25 46 39 21 27 -23 -9 -17 -3 -12 43 29 44 -31 40 -33 -15 -2 -36 -16 -7 -38 -1 -11 42 -27 -13 -29 -22 -6 -34 -24 -42 -47 -52 53 54 55 -30 57 58 59 60 -57 -56
right_child=3 8 11 4 6 13 12 23 -10 10 26 15 -14 14 36 24 -18 -19 -20 -21 45 22 48 -25 -26 41 -28 28 52 30 -32 32 47 -35 35 -37 38 -39 -40 -41 49 -43 -44 -45 -46 50 -48 -49 -50 -51 51 -53 -54 -55 61 56 -58 -59 -60 -61 -62 -63
leaf_value=0.027124808917507511 0.056522400525227112 0.026897532052629576 0.030712954549039429 0.022648560770388425 0.020672586191643832 0.026485360174860008 0.050585059411936299 0.05283078154895729 0.049931936298298368 0.0033553133850193735 0.028678833994355491 -0.0043667567023991053 0.093321913706747833 0.0044659483161144644 0.041417141112886711 -0.028556266575377451 0.066539785517981995 0.029930306560155225 0.049154070019721982 0.018862273133422581 0.014033816920123073 -0.037181409812086563 -0.016821152377915864 0.082400323437829298 -0.0065128318465971606 0.015626673811006537 0.0089716859167069951 -0.012394586799108378 -0.0032480309617042035 -0.02318329153867154 -9.8844157778193401e-05 -0.0060220506721770685 0.017975367021139027 0.023877715346087177 0.02720511336246248 0.049219754106159148 0.014871319940571249 0.04367405684628213 0.030984339910707107 0.045031392064131252 0.0310362823326048 0.017170546160691188 -0.0050965787589640054 0.01353130403393105 0.0013949254483324764 0.0080303227119777245 0.035109222096005518 0.0014034548303071316 -0.003587136623448021 0.0074494824258692239 -0.010550224816622197 0.0089079647275013708 0.010005663190701036 -0.035779043965006328 0.011529616947264534 -0.0062549980760453865 -0.023148332574156296 0.0033065118629282924 -0.014895598239818997 0.0052784620566798217 -0.029623639880128168 -0.0027965850014902319
leaf_weight=73 20 84 21 101 45 48 33 23 36 107 57 34 21 73 28 22 20 95 49 135 50 21 97 35 1175 35 49 63 2609 100 43 181 31 32 70 32 63 66 56 34 20 205 33 54 76 65 119 94 58 25 58 24 33 21 48 282 49 82 204 80 20 9223
leaf_count=73 20 84 21 101 45 48 33 23 36 107 57 34 21 73 28 22 20 95 49 135 50 21 97 35 1175 35 49 63 2609 100 43 181 31 32 70 32 63 66 56 34 20 205 33 54 76 65 119 94 58 25 58 24 33 21 48 282 49 82 204 80 20 9223
internal_value=3.82341e-05 -0.0022779 -0.003082 0.0237612 0.019639 0.0138664 0.0418973 0.0504659 0.0221829 0.00777103 0.00509438 -0.00354925 0.0674391 0.0249226 0.0196484 -0.00359911 0.042052 0.0199512 0.0353698 0.0250999 -0.0033015 -0.00341425 -0.0149703 0.0708716 -0.0069245 0.017274 0.0196331 -0.00325756 -0.00332481 -0.0106553 -0.0162817 0.00171506 -0.00127244 0.0104466 0.0379454 0.0342021 0.0261756 0.0365101 0.0225155 0.0328982 0.00775914 0.0142859 0.00550366 0.00656228 -0.00482347 0.00422416 0.0311934 0.00556434 -0.0119068 0.0180889 0.000846281 -0.00479033 -0.00316093 -0.00319584 -0.00314084 -0.00430742 -0.00815434 -0.00704369 -0.00850086 -0.00506979 -0.00782843 -0.00272175
internal_weight=16840 15342 14854 1498 1298 1031 267 200 488 665 564 14612 54 366 252 14591 142 452 213 242 13394 13197 176 58 1197 357 106 13021 12933 282 143 458 306 105 122 102 147 114 119 107 152 273 68 88 139 197 164 125 155 45 147 82 12651 12618 12597 3326 717 668 586 382 302 9271
internal_count=16840 15342 14854 1498 1298 1031 267 200 488 665 564 14612 54 366 252 14591 142 452 213 242 13394 13197 176 58 1197 357 106 13021 12933 282 143 458 306 105 122 102 147 114 119 107 152 273 68 88 139 197 164 125 155 45 147 82 12651 12618 12597 3326 717 668 586 382 302 9271
is_linear=0
shrinkage=0.05


Tree=20
num_leaves=63
num_cat=0
split_feature=15 15 16 16 16 16 16 16 16 16 15 16 16 16 15 16 16 16 16 13 0 0 2 13 2 16 2 0 13 13 0 0 6 0 13 13 2 0 0 9 0 16 8 3 0 13 8 8 13 2 2 9 0 2 2 2 1 0 0 2 0 2
split_gain=349.671 111.184 61.5953 91.478 50.1947 51.2692 17.4467 21.4618 10.4772 10.3576 9.83169 8.61259 8.28211 6.30532 6.17608 5.64185 5.35549 4.66487 8.61548 4.03581 3.12485 3.34321 3.10978 2.94997 2.54217 2.44884 2.42919 6.31277 5.67433 5.31442 5.07868 4.24113 3.17371 2.88243 2.83863 2.71606 2.48151 2.41884 2.36826 4.88763 2.25855 2.22597 4.12012 3.25474 2.20099 4.73661 5.4035 3.83335 4.91611 3.66235 3.46125 3.41811 2.95086 2.84086 4.61315 4.03084 3.56686 4.20312 4.2789 3.24996 3.81319 2.93241
threshold=1.5000000000000002 3.5000000000000004 -3.6208522426910315 1.3861811783289844 -4.1082164328657322 2.4376363228124194 -0.89378306794153561 0.4618937644341804 7.2413914549653464 5.4407861925850423 8.5000000000000018 -2.0785219399538084 0.90794813197661772 -0.30792917628945321 7.5000000000000009 -10.235705134833912 -8.6696641936683232 -0.26121027427078808 0.10220813054805301 486.50000000000006 406215.50000000006 207659.00000000003 2192932.5000000005 5.5000000000000009 3610394.0000000005 1.5030060120240494 869868.00000000012 26589.500000000004 10.500000000000002 480.50000000000006 843.00000000000011 42202.500000000007 76354.000000000015 48983.500000000007 67.500000000000014 222.50000000000003 26199245.500000004 11119.000000000002 65133.000000000007 2.5000000000000004 22635.500000000004 0.15396458814472688 36.500000000000007 116572.50000000001 152294.00000000003 114.50000000000001 65.500000000000014 632.00000000000011 527.50000000000011 1080425.5000000002 13098194.500000002 6.5000000000000009 317326.50000000006 1269020.5000000002 2251942.0000000005 1127087.5000000002 1.0000000180025095e-35 210829.50000000003 259697.50000000003 9456921.5000000019 1076760.5000000002 1976154.0000000002
decision_type=2 2 2 2 2 2 2 2 2 2 2 2 2 2 2 2 2 2 2 2 2 2 2 2 2 2 2 2 2 2 2 2 2 2 2 2 2 2 2 2 2 2 2 2 2 2 2 2 2 2 2 2 2 2 2 2 2 2 2 2 2 2
left_child=23 2 15 6 16 10 -4 17 -7 -5 11 -6 13 -13 -10 20 -3 37 -19 40 21 -2 -15 -1 25 -14 27 29 -28 30 -25 32 -29 35 -32 -33 44 -8 39 -35 -9 42 -24 -44 49 46 -46 48 51 -30 -49 53 -48 55 56 -47 57 -55 61 60 -56 -59
right_child=1 4 3 9 5 8 7 19 14 -11 -12 12 24 22 -16 -17 -18 18 -20 -21 -22 -23 41 26 -26 -27 28 31 36 -31 34 33 -34 38 -36 -37 -38 -39 -40 -41 -42 -43 43 -45 45 47 52 50 -50 -51 -52 -53 -54 54 59 -57 -58 58 -60 -61 -62 -63
leaf_value=0.012196650916704308 0.037782687001002041 0.075878843012336453 0.010324169258291861 0.018478795673091224 0.038701163981936855 0.044424377412971387 0.010869484767201745 0.011563119181729257 0.057556542967895113 0.033179317123087054 0.040305623690016237 0.02180680224985241 0.032369869741985566 0.0006706826602563918 0.095789246847279255 0.023775894068411994 0.050629863550748361 -0.018288127627085277 -0.0053571641010193988 0.022063376262062298 0.050543398299148702 0.016084143871835651 0.020600189125092191 0.013717155660728951 0.037416071037888951 0.012381316544119367 0.02155247113276354 0.0063695243167407245 0.0014495764001060136 -0.029838940508638903 -0.014617564566348225 -0.0048877125366087451 -0.011228552901269589 -0.0087809166052483893 -0.0068135275596877144 -0.023687562383608141 -0.0090819118316698717 -0.0045086032498744535 -0.0046907190051781594 0.0094822111228761059 0.0020156167664165613 0.017966562950080232 -0.017766182008778577 0.0074396681624260387 -0.0031979204410261322 -9.9134181803453873e-05 -0.014430865514938855 -0.0049166234673566796 -0.0051842397977217595 -0.0039690954176980816 -0.024434856816384073 0.010381308135423643 -0.00056048740011020877 -0.0098917533342616701 0.0042392242887202376 0.020735966751904707 -0.021817005220243702 0.0029230563110083574 -0.0065341627507666568 -0.0011174804818179151 -0.017312344802781869 0.022571471472704965
leaf_weight=30 83 54 281 398 49 74 30 81 25 174 58 142 30 84 21 168 39 236 287 35 36 24 33 25 49 34 23 167 326 30 170 43 30 61 387 36 179 166 767 91 271 90 20 35 1906 54 176 188 432 6539 26 87 50 150 664 40 30 61 84 802 21 28
leaf_count=30 83 54 281 398 49 74 30 81 25 174 58 142 30 84 21 168 39 236 287 35 36 24 33 25 49 34 23 167 326 30 170 43 30 61 387 36 179 166 767 91 271 90 20 35 1906 54 176 188 432 6539 26 87 50 150 664 40 30 61 84 802 21 28
internal_value=2.97199e-05 0.0151742 0.00942682 0.00614114 0.0307524 0.0264053 -0.000794337 -0.0036244 0.0563503 0.0229644 0.0206305 0.0185987 0.0166767 0.0133008 0.075289 0.0300987 0.06541 -0.00873672 -0.0112041 0.00586057 0.0374702 0.032982 0.00866498 -0.00340383 0.0286796 0.0218648 -0.00343852 -0.00515088 -0.00317729 -0.00928413 -0.00821107 -0.00302933 0.00365991 -0.00435499 -0.00920654 -0.0135371 -0.00322592 -0.00212497 -0.00355885 0.0021191 0.00422949 0.012407 0.00665038 -0.00165096 -0.00313554 -0.0023112 -0.00406872 -0.00090427 -0.000342103 -0.00371103 -0.00732166 0.000690663 -0.0113859 0.000251635 -0.000179046 0.00872635 -0.00531892 -0.00376483 0.00152128 0.00103803 0.00356879 0.00917909
internal_weight=16810 3107 2270 1959 837 744 1387 1106 120 572 624 566 517 404 46 311 93 719 523 387 143 107 262 13703 113 64 13673 1807 11866 612 582 1195 197 998 557 79 11843 196 919 152 352 178 88 55 11664 4799 2132 2667 2453 6865 214 2021 226 1934 1840 94 353 323 173 1487 685 89
internal_count=16810 3107 2270 1959 837 744 1387 1106 120 572 624 566 517 404 46 311 93 719 523 387 143 107 262 13703 113 64 13673 1807 11866 612 582 1195 197 998 557 79 11843 196 919 152 352 178 88 55 11664 4799 2132 2667 2453 6865 214 2021 226 1934 1840 94 353 323 173 1487 685 89
is_linear=0
shrinkage=0.05


Tree=21
num_leaves=63
num_cat=0
split_feature=15 15 15 15 15 13 15 10 0 13 0 11 0 4 2 0 2 3 0 13 13 13 2 10 3 11 10 3 2 10 10 3 2 2 13 10 10 13 0 3 2 0 13 13 0 3 13 10 0 13 11 0 9 0 1 2 2 0 0 0 2 0
split_gain=318.287 64.9332 47.691 18.32 11.4783 4.49306 4.01324 3.73902 3.44622 3.44574 3.33055 3.69443 3.18047 2.83993 4.47323 3.88963 3.49151 2.73962 2.6952 2.6638 2.61744 8.32421 4.11972 2.50585 2.31193 2.25423 4.12075 3.22633 4.69274 2.75467 2.38804 2.22029 3.5411 3.24751 2.82141 2.21332 2.7106 2.2093 2.60317 2.14778 2.12171 2.59264 4.71019 4.4487 4.07268 4.45596 3.61913 3.61297 3.06459 3.88807 3.61021 7.65341 8.47079 7.1108 4.03904 4.69488 3.91951 3.92801 6.08516 5.99879 4.51341 3.62666
threshold=2.5000000000000004 1.5000000000000002 5.5000000000000009 12.500000000000002 3.5000000000000004 228.00000000000003 8.5000000000000018 7.5000000000000009 1598203.0000000002 298.50000000000006 472638.50000000006 11.500000000000002 32528.000000000004 1.0000000180025095e-35 5432628.0000000009 536221.50000000012 12185314.500000002 106085.50000000001 58541.500000000007 5.5000000000000009 333.50000000000006 504.50000000000006 2597227.5000000005 51.500000000000007 191864.00000000003 1.5000000000000002 17.500000000000004 8856.0000000000018 2384567.5000000005 416.50000000000006 22.500000000000004 2589.0000000000005 1127087.5000000002 1582826.0000000002 10.500000000000002 336.50000000000006 165.50000000000003 222.50000000000003 31234.000000000004 48065.500000000007 26199245.500000004 152294.00000000003 114.50000000000001 88.500000000000014 149609.00000000003 16055.000000000002 519.50000000000011 475.50000000000006 1067102.5000000002 259.00000000000006 1.5000000000000002 169050.00000000003 6.5000000000000009 300051.50000000006 1.0000000180025095e-35 3276698.0000000005 9456921.5000000019 300051.50000000006 270600.00000000006 328316.50000000006 2343695.0000000005 270600.00000000006
decision_type=2 2 2 2 2 2 2 2 2 2 2 2 2 2 2 2 2 2 2 2 2 2 2 2 2 2 2 2 2 2 2 2 2 2 2 2 2 2 2 2 2 2 2 2 2 2 2 2 2 2 2 2 2 2 2 2 2 2 2 2 2 2
left_child=1 19 4 6 7 -6 10 -2 13 -7 11 12 -4 14 17 23 20 -3 -14 -1 -15 22 -22 -16 -17 26 27 28 -9 35 -28 32 -21 -34 -33 36 -27 38 -19 -23 41 44 43 -43 -36 -46 47 48 50 -50 53 52 -52 61 -55 -56 57 58 60 -59 -53 -44
right_child=2 8 3 -5 5 9 -8 25 -10 -11 -12 -13 18 16 15 24 -18 37 -20 31 21 39 -24 -25 -26 29 30 -29 -30 -31 -32 34 33 -35 40 -37 -38 -39 -40 -41 -42 42 46 -45 45 -47 -48 -49 49 -51 51 56 -54 54 55 -57 -58 59 -60 -61 -62 -63
leaf_value=0.01158884520954963 0.024494929054342269 0.0044016375994210119 0.028003436555628647 0.076462741943688878 0.020413684339328751 0.047647802780530102 0.04571384375297495 0.0046768596478885364 0.019252893862877096 0.026799708653256944 0.020001725100792653 0.01876659539970647 0.057932319885250383 0.0091160375115877015 0.019573834476957347 0.0076817169520039461 0.00016120489552681099 0.0035721863207579356 0.038301470639118318 -0.010948390667597934 0.019972668624006186 0.012470839158675383 0.049591232500793808 0.008760631664308436 -0.0099782465537869326 0.0045095708977786276 0.031825668582162896 -0.0038954652710091273 0.0259243474844091 0.021275820950327436 0.01677129749147761 0.012908121786764188 0.017814339550709293 -0.0050350817331540152 -0.0035984371623216937 -0.0091949764021200028 0.018147611657153669 0.0054006582406802292 -0.01321872762809056 -0.007707361270129949 -0.0086280694672839688 -0.0033748714245741642 -0.0037738623766908315 -0.012649800719667675 0.00039050813181705382 -0.02882158944996642 -0.0049894908062672492 -0.0099249386798164561 -0.00043712488103228261 -0.016135658163445341 0.038009275448092308 0.00044687602038731648 0.0028640814954438783 0.0012840035988468724 -0.0008885066171258803 0.0263430009284021 -0.0016638796689845946 -0.021835244770470039 0.028635216235093238 0.0022569317050392819 0.012787099875686075 -0.016864117195894833
leaf_weight=30 64 398 50 30 398 27 72 70 59 89 49 30 27 511 90 42 93 34 65 211 29 32 21 140 33 158 34 39 42 35 139 27 22 52 8011 21 48 47 69 22 179 2149 466 138 21 33 451 90 110 62 31 176 39 235 26 39 536 28 32 320 129 60
leaf_count=30 64 398 50 30 398 27 72 70 59 89 49 30 27 511 90 42 93 34 65 211 29 32 21 140 33 158 34 39 42 35 139 27 22 52 8011 21 48 47 69 22 179 2149 466 138 21 33 451 90 110 62 31 176 39 235 26 39 536 28 32 320 129 60
internal_value=2.85739e-05 -0.00211446 0.0221138 0.0391236 0.0173865 0.0229835 0.0352586 0.0129501 0.00735064 0.0317322 0.0318106 0.0351321 0.0385388 0.00689637 0.00493981 0.00979707 0.00924555 0.00222598 0.0441736 -0.00323386 0.0106109 0.017892 0.0325864 0.0130203 -2.5029e-05 0.0116767 0.0144866 0.00838485 0.0127053 0.00817867 0.0197755 -0.00326683 -0.00764587 0.00170539 -0.00317318 0.00612879 0.00771889 -0.00351254 -0.00762951 0.00415862 -0.00320615 -0.00313208 -0.00224917 -0.00393725 -0.00369161 -0.0173892 -0.00088313 -0.000102386 0.000282054 -0.00613104 0.000805725 0.00245887 0.0185317 -0.00177199 0.00436085 0.015389 0.00153187 0.00403966 0.00788698 0.000298401 0.00568505 -0.00527947
internal_weight=16810 15323 1487 323 1164 514 293 650 1620 116 221 172 142 1561 853 305 708 548 92 13703 615 104 50 230 75 586 324 151 112 262 173 13673 285 74 13388 227 206 150 103 54 13361 13182 5117 2287 8065 54 2830 2379 2289 172 2117 1291 70 826 300 65 1221 685 337 348 305 526
internal_count=16810 15323 1487 323 1164 514 293 650 1620 116 221 172 142 1561 853 305 708 548 92 13703 615 104 50 230 75 586 324 151 112 262 173 13673 285 74 13388 227 206 150 103 54 13361 13182 5117 2287 8065 54 2830 2379 2289 172 2117 1291 70 826 300 65 1221 685 337 348 305 526
is_linear=0
shrinkage=0.05


Tree=22
num_leaves=63
num_cat=0
split_feature=15 16 16 16 16 15 15 16 16 17 15 16 16 16 16 17 16 17 16 17 17 17 15 17 7 17 16 16 16 9 15 8 17 16 7 16 16 17 0 0 16 16 13 0 3 13 0 7 0 8 7 16 16 9 16 16 15 7 0 16 16 16
split_gain=287.357 88.2376 76.534 56.0052 56.2581 19.7732 17.9349 14.0476 14.805 11.4657 9.71621 8.28228 7.00431 6.98894 6.5947 6.2136 6.62308 5.44945 5.12351 4.6036 4.4635 3.81473 3.76988 3.7542 3.53966 3.19278 9.13221 3.64158 3.13729 3.08158 2.73927 3.56156 2.66175 2.55876 2.37091 2.3607 2.28306 2.61806 2.19023 3.11028 2.16166 2.95575 2.7076 2.09873 1.9216 6.43547 3.52214 2.04756 2.62534 8.13387 1.90701 1.85575 3.22417 2.7377 2.33502 1.81885 1.80421 2.55815 2.19473 1.9049 1.83857 1.75482
threshold=2.5000000000000004 0.7703271457330223 -2.0785219399538084 -5.2371027427078776 2.3760864292690238 5.5000000000000009 5.5000000000000009 -0.89378306794153561 0.89025132091212467 2.5452206436823079 3.5000000000000004 -10.235705134833912 7.2413914549653464 4.3343861794140306 -2.0034160414212967 0.058375255521096951 0.094965439259465559 0.57536414490356191 0.32998139594559917 0.20306160967635667 0.025436519012493854 -1.043288739272642 10.500000000000002 1.3225681878458209 0.89750000000000008 -0.07884682095180108 -0.46189376443417973 -0.025930928542473395 6.5916089299461129 1.5000000000000002 3.5000000000000004 9.5000000000000018 -0.31715334026850622 0.14113420579933303 0.84415000000000007 -6.2088811538682585 1.7513471901462665 0.96033396745611188 397709.50000000006 207659.00000000003 0.25038954438355127 -0.037078235076010144 122.50000000000001 140283.50000000003 2589.0000000000005 10.500000000000002 4899.0000000000009 0.82750000000000001 60181.000000000007 8.5000000000000018 0.9275000000000001 -0.30792917628945321 0.73133179368745205 4.5000000000000009 0.057777317195436606 -0.086145479116293236 3.5000000000000004 0.9083500000000001 440858.00000000006 -3.2302367304466482 -1.7427057671325346 -0.43499690936904806
decision_type=2 2 2 2 2 2 2 2 2 2 2 2 2 2 2 2 2 2 2 2 2 2 2 2 2 2 2 2 2 2 2 2 2 2 2 2 2 2 2 2 2 2 2 2 2 2 2 2 2 2 2 2 2 2 2 2 2 2 2 2 2 2
left_child=1 2 11 10 5 7 28 20 30 13 43 38 -8 17 -7 18 -17 -3 25 -10 56 -12 29 -18 34 26 32 -27 -6 -16 31 -9 -4 55 -13 -26 37 -19 39 -1 41 -33 -43 -2 46 -46 -29 -48 49 -49 -42 -31 53 54 -53 -28 57 59 60 -5 -58 -32
right_child=3 9 15 4 6 14 12 8 19 -11 21 24 -14 -15 22 16 23 36 -20 -21 -22 -23 -24 -25 35 27 33 44 -30 51 61 40 -34 -35 -36 -37 -38 -39 -40 -41 50 42 -44 -45 45 -47 47 48 -50 -51 -52 52 -54 -55 -56 -57 58 -59 -60 -61 -62 -63
leaf_value=0.03588860475698704 0.027338476001293455 0.018488398411916185 -0.0032122198336580485 0.019945587533143547 0.02730501471482337 0.051816277612339361 0.047425324375072297 0.017693841647845588 0.039698731342786571 0.039518219312751367 0.048899142117397335 0.017332582968302663 0.083485204808652611 0.02406897034231844 0.031782211923202651 -0.031462757813876488 -0.0094357030463663241 -0.0095970726894457261 0.016502259599658297 0.015752690491946737 0.0379005381019316 0.073102419016399564 0.043247667764107024 0.011957798152319177 0.0373799221033594 0.017195816843125683 -0.016684078120811362 -0.021739067780137723 0.042409295357844899 0.027185294554127673 0.015783318410825541 -0.00031754786137757154 0.013945637787495994 -0.0043568283195709471 0.001932473815570967 0.017830708545557912 0.011398907987174788 0.0063966691762371479 0.047721491101742779 0.013819946826020361 0.010723271767615304 -0.021443525904958897 -0.0025652376929423677 0.046269331041085632 0.016505610721623813 -0.0030561557076892315 -0.0084027195093444914 0.029400142036471129 -0.0065975257677250891 -0.013580844426221811 -0.0059488872457229367 0.013503508790682406 0.027083285626697113 0.022689258219564662 -0.007758797827829636 -0.030878859118195219 0.025889007849393256 0.023288336594458958 0.037673449319990365 0.0029370561479582381 0.0077520822616390503 0.0039319576080961548
leaf_weight=61 33 158 167 24 106 23 29 22 24 51 30 54 28 146 51 33 257 36 33 136 32 45 22 22 25 22 79 36 55 36 38 97 26 30 48 46 121 87 24 23 43 45 34 31 42 13396 167 24 55 20 28 23 32 22 29 34 35 45 21 55 25 188
leaf_count=61 33 158 167 24 106 23 29 22 24 51 30 54 28 146 51 33 257 36 33 136 32 45 22 22 25 22 79 36 55 36 38 97 26 30 48 46 121 87 24 23 43 45 34 31 42 13396 167 24 55 20 28 23 32 22 29 34 35 45 21 55 25 188
internal_value=2.76359e-05 -0.0020086 -0.00277422 0.0210124 0.017888 0.0133926 0.04115 0.00996512 0.00617808 0.0168002 0.0512413 0.023063 0.0653417 0.0146699 0.0262081 -0.00327741 -0.010263 0.0112388 -0.00312275 0.0193984 0.0204033 0.0635657 0.0234225 -0.00772717 0.0162096 -0.00316916 -0.00799346 -0.00305095 0.032519 0.0211156 0.00189169 -0.00150267 -0.00086888 -0.0175669 0.0101434 0.0248275 0.00651824 0.00167096 0.0339697 0.0299291 -0.00323918 -0.00622039 -0.0133954 0.036644 -0.00308386 -0.00299452 -0.00704015 -0.00502461 0.000626083 0.00976346 0.00407889 0.0172297 0.013779 0.00792959 0.00155758 -0.0210228 0.0176305 0.0137214 0.0235289 0.0081861 0.0184406 0.00595288
internal_weight=16810 15323 14724 1487 1348 1130 218 892 655 599 139 281 57 548 238 14443 312 402 14131 160 237 75 215 279 173 14098 336 13762 161 193 495 269 193 143 102 71 244 123 108 84 247 176 79 64 13740 13438 302 266 99 44 71 142 106 74 52 113 205 124 81 79 60 226
internal_count=16810 15323 14724 1487 1348 1130 218 892 655 599 139 281 57 548 238 14443 312 402 14131 160 237 75 215 279 173 14098 336 13762 161 193 495 269 193 143 102 71 244 123 108 84 247 176 79 64 13740 13438 302 266 99 44 71 142 106 74 52 113 205 124 81 79 60 226
is_linear=0
shrinkage=0.05


Tree=23
num_leaves=63
num_cat=0
split_feature=17 17 17 17 17 17 17 17 17 17 0 2 2 13 2 8 13 0 8 2 13 0 2 10 17 2 13 0 13 0 0 13 10 3 10 3 10 3 5 0 13 0 2 11 10 13 0 11 0 0 0 0 0 0 0 0 2 2 13 0 0 13
split_gain=153.003 134.305 35.6205 27.464 13.7454 10.5386 7.78876 5.82343 4.9493 4.01661 3.52243 4.76833 4.02871 3.09685 3.01594 3.01128 2.44791 2.92004 2.38139 2.28267 2.57154 2.21233 2.75232 2.19902 2.15816 2.1141 8.05182 5.68861 4.81111 4.70168 4.28347 2.64841 2.79152 5.74897 2.3917 2.35116 2.22846 4.27783 3.9048 2.57195 7.86398 4.69118 2.17437 3.89973 3.00481 2.80579 4.32514 5.97737 4.2328 4.47075 3.53912 2.76987 3.87095 2.45723 2.36166 3.04901 2.1756 1.99492 1.99407 2.30606 2.23828 2.33948
threshold=0.63652324031444929 -1.0000000180025095e-35 2.1578449036225238 -1.6431756028395406 1.0000000180025095e-35 3.6762205501217919 0.045991194855825104 -3.0394846117290517 -0.63832864434740222 -0.047515143941918948 4002.5000000000005 10613013.000000002 1780048.0000000002 38.500000000000007 555829.00000000012 31.500000000000004 54.500000000000007 23913.000000000004 4.5000000000000009 18893806.500000004 486.50000000000006 137687.50000000003 3240039.0000000005 87.500000000000014 -0.2842922289590914 869868.00000000012 10.500000000000002 26589.500000000004 480.50000000000006 843.00000000000011 42202.500000000007 67.500000000000014 47.500000000000007 146662.50000000003 40.500000000000007 18739.000000000004 6.5000000000000009 11090.000000000002 1.5000000000000002 14150.500000000002 107.50000000000001 5600.0000000000009 697614.50000000012 8.5000000000000018 100.50000000000001 188.50000000000003 204484.50000000003 3.5000000000000004 115679.50000000001 181485.00000000003 375510.50000000006 47986.500000000007 53829.000000000007 88201.500000000015 146661.50000000003 52878.500000000007 765163.00000000012 26199245.500000004 44.500000000000007 333965.50000000006 66113.500000000015 108.50000000000001
decision_type=2 2 2 2 2 2 2 2 2 2 2 2 2 2 2 2 2 2 2 2 2 2 2 2 2 2 2 2 2 2 2 2 2 2 2 2 2 2 2 2 2 2 2 2 2 2 2 2 2 2 2 2 2 2 2 2 2 2 2 2 2 2
left_child=1 3 14 7 25 -4 -6 -1 -5 13 -8 12 23 -10 -2 21 -17 -18 -16 20 -15 22 -14 -12 -21 27 -27 28 29 -3 34 32 35 -34 -29 -31 -33 -38 -39 41 -41 -40 43 44 45 51 47 48 -47 -50 -48 -32 -53 -49 55 -45 -44 -28 59 -54 -60 -62
right_child=2 4 5 8 6 -7 10 -9 9 -11 11 -13 15 19 18 16 17 -19 -20 24 -22 -23 -24 -25 -26 26 57 30 -30 31 42 36 33 -35 -36 -37 37 38 39 40 -42 -43 56 54 -46 46 50 53 49 -51 -52 52 58 -55 -56 -57 -58 -59 60 -61 61 -63
leaf_value=0.047205821647603285 0.0030941314410651496 0.013656593257360961 0.033211926303838429 0.013324103121578723 0.031936137309201446 0.068206367134098042 -0.01209791203157818 0.02508664704405433 -0.0085698679327020199 0.026263655706186335 -0.0047174509643716092 -0.0044906311168096437 0.0078955866615561861 0.0043263239749778094 0.032155889078548446 -0.010362149921568085 0.023043090059382706 0.0047151185771668672 0.014469460154801071 0.00695975883342171 0.017257453745831746 0.0094197609028670703 0.030305038786439822 0.010447543580955435 0.029271145484419055 0.020841426272306417 -0.0027117124271751874 -0.0025603881535979549 -0.028020325827836198 -0.013775929047395719 0.011846500271445768 -0.013705439261377012 -0.041680279679927018 -0.0047247936402387281 0.0085393581880323071 0.0013494614200377046 0.010043005008423936 -0.00079183987123116611 -0.0023047210997438048 0.013849680337829524 -0.022597802844245909 -0.029886649056136468 -0.018655856580337346 -0.0069692950514545536 -0.017649613127417273 0.029541245933211859 -0.014139534326686437 -0.013758366411448911 -0.0057471633746616563 0.022671292933221922 0.0068554034245382886 -0.025739032106540827 0.0010507786974337733 0.0072069473311777016 -0.0096467376986648229 0.014142538028563814 -0.0057613221477158753 -0.0080441848001022165 0.0048105467493570909 -0.01370347756399219 -0.008678338759128424 -0.026952036877918008
leaf_weight=35 59 25 174 596 25 25 34 232 35 25 93 118 22 389 20 21 26 139 758 24 43 73 40 32 21 36 11703 80 30 98 21 77 23 20 121 34 45 140 25 28 31 42 43 22 39 31 63 37 32 24 29 25 149 22 20 72 146 179 26 32 161 20
leaf_count=35 59 25 174 596 25 25 34 232 35 25 93 118 22 389 20 21 26 139 758 24 43 73 40 32 21 36 11703 80 30 98 21 77 23 20 121 34 45 140 25 28 31 42 43 22 39 31 63 37 32 24 29 25 149 22 20 72 146 179 26 32 161 20
internal_value=2.69836e-05 -0.00119526 0.0186398 0.0135869 -0.00263544 0.0376654 0.00462502 0.0280215 0.0101787 0.00667648 0.00346974 0.00441906 0.00678802 0.00570537 0.0141064 0.00975386 0.00558117 0.00764566 0.0149346 0.00676487 0.00562872 0.0154575 0.0224593 -0.000789996 0.0175244 -0.00296477 -0.00272055 -0.00454973 -0.00845849 -0.00744734 -0.00255692 -0.0083956 -0.0135248 -0.0246585 0.00409761 -0.00984407 -0.00606642 -0.00415522 -0.00657884 -0.0129635 -0.00522192 -0.0196882 -0.00388122 -0.00276348 -0.00414415 -0.00335041 0.000994342 0.00636184 0.014703 0.00636175 -0.00746702 -0.00574421 -0.0066534 -0.00585722 0.00579979 0.00914618 -0.00872975 -0.00279253 -0.00540446 -0.00153623 -0.00876031 -0.0107389
internal_weight=16810 15774 1036 1400 14374 199 623 267 1133 537 598 564 446 512 837 321 186 165 778 477 432 135 62 125 45 13751 11918 1833 618 588 1215 563 175 43 201 132 388 311 266 126 59 67 1014 825 711 672 238 146 87 56 92 434 413 59 114 94 189 11882 388 181 207 181
internal_count=16810 15774 1036 1400 14374 199 623 267 1133 537 598 564 446 512 837 321 186 165 778 477 432 135 62 125 45 13751 11918 1833 618 588 1215 563 175 43 201 132 388 311 266 126 59 67 1014 825 711 672 238 146 87 56 92 434 413 59 114 94 189 11882 388 181 207 181
is_linear=0
shrinkage=0.05


Tree=24
num_leaves=63
num_cat=0
split_feature=15 16 16 16 16 16 15 15 16 16 15 17 16 16 17 17 16 17 16 17 17 15 16 15 16 17 16 16 13 4 9 17 16 17 16 16 16 16 17 0 0 16 15 17 9 17 13 13 0 0 17 9 13 16 17 16 0 0 0 3 3 13
split_gain=241.452 72.6712 62.6797 49.7552 47.406 17.9667 15.6876 14.8754 10.9199 9.87201 9.08883 7.55958 7.20162 6.05332 5.84129 5.53471 5.43699 4.93248 4.36028 4.26877 4.09416 3.76893 3.15646 3.1382 3.10401 3.66073 3.31779 2.72506 2.70611 3.056 2.68333 2.66412 2.60615 2.51134 6.00642 6.15412 2.95021 2.59695 2.45176 2.39334 2.32552 2.28267 5.54839 2.27876 2.18568 2.34932 2.0727 1.99193 1.98214 2.81257 1.92025 1.80822 1.96697 1.80152 1.79777 1.77669 1.7733 1.73151 1.70614 3.15105 4.60588 3.00688
threshold=2.5000000000000004 1.7513471901462665 -2.0785219399538084 -6.8190580251124411 2.3760864292690238 -1.6741466019357316 5.5000000000000009 5.5000000000000009 0.89025132091212467 0.63249712101041644 3.5000000000000004 0.10135430644995157 -10.235705134833912 7.2413914549653464 0.13493391808832708 2.5452206436823079 0.094965439259465559 -0.64901998794533144 -0.59722708301289262 0.20306160967635667 0.33713934812778135 3.5000000000000004 6.2505997506703013 10.500000000000002 0.12819865638553404 -0.041690804469525396 -0.11047436179836038 6.5916089299461129 191.50000000000003 1.0000000180025095e-35 1.5000000000000002 -1.1701627104884462 -3.4999999999999978 -0.07884682095180108 -0.70551848248131133 0.25038954438355127 -0.025930928542473395 -0.30792917628945321 -0.62775322722055915 38070.000000000007 70901.000000000015 0.034733069506693061 1.5000000000000002 -0.83258455297888323 4.5000000000000009 1.1590088603095536 61.500000000000007 5.5000000000000009 397709.50000000006 207659.00000000003 -0.027370016487833396 2.5000000000000004 144.50000000000003 0.32998139594559917 0.96033396745611188 -0.37215313257032301 1170651.5000000002 149609.00000000003 134767.50000000003 307914.50000000006 523466.50000000006 109.50000000000001
decision_type=2 2 2 2 2 2 2 2 2 2 2 2 2 2 2 2 2 2 2 2 2 2 2 2 2 2 2 2 2 2 2 2 2 2 2 2 2 2 2 2 2 2 2 2 2 2 2 2 2 2 2 2 2 2 2 2 2 2 2 2 2 2
left_child=1 2 12 10 5 14 27 8 18 11 -2 33 48 -8 21 20 -13 -11 50 -10 -3 32 -22 30 26 -26 43 -6 -14 -30 53 -12 40 34 38 37 -35 -36 -4 46 -5 42 47 -20 45 -18 -19 -38 49 -1 57 -27 -53 -9 55 -32 -41 -7 59 -49 -61 -60
right_child=3 15 9 4 6 7 13 23 19 17 31 16 28 -15 -16 -17 44 39 24 -21 22 -23 -24 -25 25 51 -28 -29 29 -31 54 -33 -34 36 35 -37 41 -39 -40 56 -42 -43 -44 -45 -46 -47 -48 58 -50 -51 -52 52 -54 -55 -56 -57 -58 -59 61 60 -62 -63
leaf_value=0.032994051052047071 0.03429789441933264 0.030954779820617086 -0.003613007716852959 0.037184577411161129 0.025041411314633635 0.0014917910491903847 0.043929065052176669 0.020559312891069256 0.037194511628249868 0.024553513717964243 0.048593059834479292 -0.032899330146060876 0.009479716478377153 0.077493089840505472 0.046059729738092893 0.036376220327266638 -0.01333453392145729 -1.6508228044747262e-05 -0.0086816162339431371 0.014143239560927601 0.011276496993299806 0.02990793947403024 0.022672326546936024 0.03986967218536619 0.023837455275903953 -0.00088203306906051463 -0.0092893484978304013 0.039132303091445553 0.010902091732532994 0.032483533950112345 0.024194626098844263 0.070986061719314791 0.0077903354511202052 0.015465754462717885 -0.0083816965751784805 0.00772122614248148 0.010043168176844272 -0.020836209284020444 0.010403034082914899 -0.00080901613610668503 0.014672527482046241 0.010299053546210071 -0.025033736163319432 0.0066734547655982954 0.0017381541822056757 0.0046324728149457354 0.018212462780158759 -0.0029807784065801605 0.044251361660102836 0.012013381874406493 0.024100931114577631 -0.00063536302553667576 0.018091092406368796 0.040687107647905979 0.02437716581725001 0.0078076416914390255 0.014272299573263701 0.014386830029381254 -0.0034738062449174677 -0.010268830813738096 -0.0014795040632279814 -0.0011407729553853021
leaf_weight=61 50 50 96 20 106 53 29 28 24 33 24 27 105 28 30 46 162 23 33 136 179 86 95 21 23 118 119 55 32 36 22 42 54 22 71 32 30 109 46 162 30 33 28 88 38 20 45 7383 24 23 23 24 32 21 41 74 22 53 2407 368 253 3262
leaf_count=61 50 50 96 20 106 53 29 28 24 33 24 27 105 28 30 46 162 23 33 136 179 86 95 21 23 118 119 55 32 36 22 42 54 22 71 32 30 109 46 162 30 33 28 88 38 20 45 7383 24 23 23 24 32 21 41 74 22 53 2407 368 253 3262
internal_value=2.57613e-05 -0.00184073 -0.00238273 0.0192615 0.0165931 0.0125417 0.0379825 0.00950046 0.00611798 -0.00283109 0.0507143 -0.00301389 0.0210026 0.0606111 0.0254066 0.0200447 -0.0116907 0.0063767 0.00284576 0.0176532 0.0177001 0.0220967 0.0152527 0.0213308 0.000448633 0.00510852 -0.00335607 0.0299074 0.0146097 0.0224319 0.0191906 0.0630046 0.0155669 -0.00286188 -0.00702894 -0.0123589 -0.00275447 -0.0159587 0.000896339 0.00396778 0.0238334 -0.00278407 -0.00281595 0.00244071 -0.0090513 -0.0113312 0.0119824 -0.00277 0.0311739 0.0273299 0.0109209 0.00259187 0.00998952 0.0293526 0.0155007 0.0116363 0.000973799 0.00799392 -0.00279855 -0.0032698 -0.00669686 -0.00213228
internal_weight=16810 15323 14953 1487 1371 1153 218 933 726 14672 116 14387 281 57 220 370 247 285 566 160 324 190 274 207 437 197 240 161 173 68 186 66 104 14140 354 212 13786 180 142 252 50 13764 13731 121 220 182 68 13703 108 84 129 174 56 49 137 96 184 106 13673 8004 621 5669
internal_count=16810 15323 14953 1487 1371 1153 218 933 726 14672 116 14387 281 57 220 370 247 285 566 160 324 190 274 207 437 197 240 161 173 68 186 66 104 14140 354 212 13786 180 142 252 50 13764 13731 121 220 182 68 13703 108 84 129 174 56 49 137 96 184 106 13673 8004 621 5669
is_linear=0
shrinkage=0.05


Tree=25
num_leaves=63
num_cat=0
split_feature=15 17 17 15 15 17 17 17 17 15 17 2 2 2 2 17 2 13 10 9 0 11 9 3 9 0 17 17 10 10 4 0 13 0 2 0 2 10 0 10 0 2 0 0 7 7 9 2 9 7 13 13 10 10 3 9 7 7 1 0 13 13
split_gain=206.74 39.3961 35.0247 27.4109 13.1769 9.92089 6.88449 6.04984 5.99983 5.88298 4.63086 4.01066 3.76797 3.46223 3.12812 2.96463 2.94579 4.52892 5.24466 2.88537 2.71094 2.61217 3.87933 2.79472 5.00638 3.26896 2.60872 4.16744 2.52996 3.86054 4.30128 4.40248 3.72999 3.58578 3.9769 3.00145 7.77304 3.27139 3.10228 3.48256 3.2469 2.92477 2.67563 6.92378 6.34925 5.07294 5.52418 5.94681 6.32781 7.03425 4.66338 4.53852 4.30174 6.48384 4.57073 4.20852 5.63066 5.08872 3.79611 6.89258 3.51542 4.21553
threshold=2.5000000000000004 1.2407838742612436 -1.4263157149566585 8.5000000000000018 3.5000000000000004 3.0101239907605462 2.1578449036225238 -1.5180866215562507 2.0019802503769162 12.500000000000002 -0.95125541676037895 1924291.0000000002 1491368.5000000002 765163.00000000012 682580.50000000012 0.75572875203694856 8471873.5000000019 192.50000000000003 24.500000000000004 1.5000000000000002 41439.000000000007 1.5000000000000002 2.5000000000000004 23366.000000000004 1.5000000000000002 46401.500000000007 1.1705021014489954 0.45611696558927034 333.00000000000006 475.50000000000006 1.0000000180025095e-35 33896.500000000007 120.50000000000001 1170651.5000000002 6350331.0000000009 143609.50000000003 10839002.500000002 416.50000000000006 432989.50000000006 463.00000000000006 1138591.0000000002 3052106.0000000005 11119.000000000002 9969.5000000000018 0.99500000000000011 0.87585000000000013 1.5000000000000002 10181201.500000002 3.5000000000000004 0.83875000000000011 117.50000000000001 59.500000000000007 21.500000000000004 31.500000000000004 5022.0000000000009 2.5000000000000004 0.76415000000000011 0.89750000000000008 1.0000000180025095e-35 6348.0000000000009 207.50000000000003 546.00000000000011
decision_type=2 2 2 2 2 2 2 2 2 2 2 2 2 2 2 2 2 2 2 2 2 2 2 2 2 2 2 2 2 2 2 2 2 2 2 2 2 2 2 2 2 2 2 2 2 2 2 2 2 2 2 2 2 2 2 2 2 2 2 2 2 2
left_child=1 2 12 4 6 -3 7 -2 11 -5 -4 -6 -1 14 -12 28 17 18 26 -16 -18 23 -23 24 -9 -26 27 -13 42 30 32 -32 -30 34 -33 -34 37 -37 -38 -40 -41 -31 43 44 45 46 52 48 49 50 51 -48 54 -54 -15 56 -45 -58 -47 -60 -44 -62
right_child=3 5 10 9 8 -7 -8 21 -10 -11 13 16 -14 15 19 -17 20 -19 -20 -21 -22 22 -24 -25 25 -27 -28 -29 29 41 31 33 35 -35 -36 36 38 -39 39 40 -42 -43 60 55 -46 58 47 -49 -50 -51 -52 -53 53 -55 -56 -57 57 -59 59 -61 61 -63
leaf_value=0.0054644278354870294 0.023252972577621236 0.013627508717005177 0.0066403302198312893 0.037255121484437312 0.013050363215125324 0.045017134818477134 0.031823356263828401 0.020538756412697985 0.034870446754328689 0.067304656391816514 -0.0035464507681389392 0.030198493507163745 0.022707768282280438 -0.0074885550396058447 0.0082727126230425496 0.0048664299945850448 0.0028807783009782658 0.032331380572370991 0.012782158959409854 -0.011400244223946024 0.019468551794289638 -0.0043570533007907686 0.0092056453717639132 0.017969539510632886 -0.0089821936014287378 0.0073415574525802774 0.044718573828093446 0.0044466716524266519 -0.020013959771812626 0.010627009113787196 0.024006116707076808 -0.0039878408123294471 -0.0074804669534326036 -0.0087375910613384632 0.0079514531190166462 0.025497398085725976 0.0048369724677399251 0.0056861480345597147 -0.015968151536230182 -0.0094395679314018925 0.010935219691434817 -0.0097136903884885648 -0.0032254301149498067 -0.0015130022051478827 0.0062481168529700294 -0.015470293711630063 -0.0019939040470220749 0.024236220250098015 -0.0073474524538101526 0.017386223503413057 -0.0086498028925977542 0.018953543828715471 -0.031010282933310353 -0.0045369122622014547 0.0066190438811236131 -0.0039266861362052975 0.037773867488934472 0.01119308159783863 0.0023787222189571595 -0.0179319110987083 2.3511043379496378e-05 -0.0038356096514052147
leaf_weight=41 74 261 146 58 182 28 38 56 71 24 1473 69 154 149 20 154 33 119 119 219 107 88 130 97 41 119 20 21 27 20 28 90 123 52 302 38 78 48 66 44 35 136 7054 35 221 119 58 30 142 87 83 46 37 63 93 40 32 43 131 61 2175 1047
leaf_count=41 74 261 146 58 182 28 38 56 71 24 1473 69 154 149 20 154 33 119 119 219 107 88 130 97 41 119 20 21 27 20 28 90 123 52 302 38 78 48 66 44 35 136 7054 35 221 119 58 30 142 87 83 46 37 63 93 40 32 43 131 61 2175 1047
internal_value=0.000134982 -0.00158031 -0.00193202 0.018073 0.0164007 0.0167005 0.0111438 0.00983163 0.0209535 0.0461823 -0.00220892 0.0194662 0.0191125 -0.0022972 -0.00441317 -0.00201785 0.0218456 0.024339 0.0201516 -0.00973029 0.0155991 0.0079478 0.00370838 0.0108824 0.00766976 0.00312437 0.0280598 0.0242568 -0.00210089 0.000202638 0.00142704 0.00478113 -0.00201145 0.00355236 0.00519722 -0.000870347 0.00174626 0.0145175 -0.00316085 -0.00749796 -0.00034714 -0.00706874 -0.00231449 -0.00031537 -0.00147566 -0.00303383 -0.000892247 0.00276595 0.00120015 0.00564923 0.000155606 0.00723259 -0.00567691 -0.0144032 -0.00204589 0.00985607 0.0149124 0.022636 -0.00844198 -0.00405408 -0.00259998 -0.00122905
internal_weight=16795 15329 15040 1466 1384 289 643 605 741 82 14845 670 195 14699 1712 12987 488 348 229 239 140 531 218 313 216 160 110 90 12833 1087 931 472 459 444 392 432 309 86 223 145 79 156 11746 1470 1320 1099 788 446 416 274 187 104 342 100 242 150 110 75 311 192 10276 3222
internal_count=16795 15329 15040 1466 1384 289 643 605 741 82 14845 670 195 14699 1712 12987 488 348 229 239 140 531 218 313 216 160 110 90 12833 1087 931 472 459 444 392 432 309 86 223 145 79 156 11746 1470 1320 1099 788 446 416 274 187 104 342 100 242 150 110 75 311 192 10276 3222
is_linear=0
shrinkage=0.05


Tree=26
num_leaves=63
num_cat=0
split_feature=15 17 17 15 15 17 17 17 17 15 17 13 8 0 0 0 0 7 7 17 0 13 8 13 10 7 7 13 13 17 8 3 17 13 17 11 8 9 11 17 3 10 5 5 0 0 0 10 4 11 10 0 3 0 0 4 9 4 3 0 0 0
split_gain=186.656 35.5626 31.6164 24.7457 11.8944 8.95511 6.21282 5.45865 5.40983 5.30476 4.18002 3.09267 5.12321 6.21517 6.19283 5.29554 4.16057 10.1076 4.12119 2.9962 3.54418 2.98534 2.98411 2.58515 2.56094 2.50936 2.40979 2.43302 3.47266 2.34935 2.31031 2.60425 2.2828 2.19954 2.16327 2.15971 4.08804 2.14329 2.11741 3.03791 2.10461 2.03995 4.23723 3.29419 4.1049 7.17094 8.10969 6.09924 3.71536 2.52885 2.37007 2.13866 2.10385 2.50623 4.37222 2.37726 2.09205 2.00981 1.93445 1.90644 4.88384 2.42265
threshold=2.5000000000000004 1.2407838742612436 -1.4263157149566585 8.5000000000000018 3.5000000000000004 3.0101239907605462 2.1578449036225238 -1.5180866215562507 2.0019802503769162 12.500000000000002 -0.95125541676037895 34.500000000000007 27.500000000000004 522853.00000000006 353355.00000000006 1001865.5000000001 7153.5000000000009 1.0750000000000004 0.94915000000000005 -2.2346852793513974 809726.50000000012 605.00000000000011 7.5000000000000009 80.500000000000014 9.5000000000000018 0.87415000000000009 0.84415000000000007 151.50000000000003 121.50000000000001 1.0139875510548091 108.50000000000001 191151.50000000003 0.99852883011112725 23.500000000000004 -1.1394342831883644 1.5000000000000002 91.500000000000014 2.5000000000000004 1.0000000180025095e-35 -0.20556542282192053 496372.50000000006 333.00000000000006 2.5000000000000004 1.0000000180025095e-35 406215.50000000006 152294.00000000003 158242.00000000003 347.50000000000006 1.0000000180025095e-35 8.5000000000000018 330.00000000000006 1741153.5000000002 688789.50000000012 322701.00000000006 123222.00000000001 1.0000000180025095e-35 2.5000000000000004 1.0000000180025095e-35 105867.50000000001 304732.50000000006 333965.50000000006 265014.50000000006
decision_type=2 2 2 2 2 2 2 2 2 2 2 2 2 2 2 2 2 2 2 2 2 2 2 2 2 2 2 2 2 2 2 2 2 2 2 2 2 2 2 2 2 2 2 2 2 2 2 2 2 2 2 2 2 2 2 2 2 2 2 2 2 2
left_child=1 2 19 4 6 -3 7 -2 21 -5 34 12 13 14 -12 -15 17 -14 33 25 23 26 -9 -21 -24 -1 38 28 -28 41 -29 -32 35 -18 -4 -26 -37 -38 39 -6 -40 50 43 -43 45 48 -47 -48 56 -50 51 52 -13 54 57 -56 -45 -54 -31 61 -61 -49
right_child=3 5 10 9 8 -7 -8 22 -10 -11 11 29 16 15 -16 -17 18 -19 -20 20 -22 -23 24 -25 32 -27 27 30 -30 58 31 -33 -34 -35 -36 36 37 -39 40 -41 -42 42 -44 44 -46 46 47 59 49 -51 -52 -53 53 -55 55 -57 -58 -59 -60 60 -62 -63
leaf_value=0.038495875407156148 0.022091893044422294 0.012946394266593135 0.00047665536958082095 0.035395571040775044 0.0063107342109215347 0.042774287952247712 0.030236364962665116 0.023791105960018082 0.033129376453333102 0.063953387557965577 -0.0018101069894786333 -0.0022907913672771539 -0.014963354954002254 -0.033960202910913305 0.026386367777056659 -0.0055473775332771993 -0.018215321449431065 0.025891952739056364 -0.025542584660799783 -0.0019302965647205882 0.031615391945329321 0.033581725268906147 -0.0047784866972102064 0.014872131760032671 0.0092870039465200553 0.018031767856618624 0.019440221171720579 0.01838142181146021 0.0033713990929269432 0.011352008964710912 0.045796311298361064 0.024996520026860446 0.014280972017203906 -0.0062979575924643622 0.012734119652725985 -0.013596473200156479 -0.0049858496228958908 0.0098611602904306785 0.006510159747279397 0.026651480573086608 0.02426020046186388 -0.012931411822016041 -0.010503361377733993 0.0068626042594553517 -0.0024066948996113581 0.040739549281288728 0.027342512322278401 0.004385374477744894 0.018592061856012237 0.0015206338720372551 -0.014227086392745667 0.0090500533978970215 -0.01085909868580591 -0.0056492835261408832 0.028942792954067681 0.0058175460912694979 -0.0090907150797804159 0.0070687852691105465 -0.0059174575383576867 0.025222936624891806 -0.0018235444215061619 -0.012084892448518989
leaf_weight=28 74 261 77 58 29 28 38 27 71 24 613 12251 38 27 20 43 55 25 53 32 23 32 44 76 199 36 242 67 40 58 23 52 105 139 69 35 33 88 111 54 20 41 88 24 397 20 34 125 26 134 41 42 28 51 27 20 129 35 22 33 33 27
leaf_count=28 74 261 77 58 29 28 38 27 71 24 613 12251 38 27 20 43 55 25 53 32 23 32 44 76 199 36 242 67 40 58 23 52 105 139 69 35 33 88 111 54 20 41 88 24 397 20 34 125 26 134 41 42 28 51 27 20 129 35 22 33 33 27
internal_value=0.000128626 -0.0015012 -0.00183538 0.017173 0.0155839 0.0158674 0.0105885 0.00934141 0.0199098 0.0438826 -0.00209848 -0.00218237 -0.00485151 -0.00248019 -0.000907298 -0.0166107 -0.0102104 0.00118517 -0.0131365 0.0181589 0.0137309 0.0184967 0.00755127 0.0098502 0.00666682 0.0271089 0.0177271 0.019937 0.0171807 -0.00198441 0.0253597 0.0314942 0.00777325 -0.00971 0.00630854 0.00583087 0.00138693 0.00576991 0.0133181 0.0196208 0.00927467 -0.00203494 1.37664e-05 0.000924291 0.00150914 0.00417505 0.0101135 0.0076478 -0.000971104 0.00433585 -0.0022175 -0.00217745 -0.00221591 0.00344865 0.0077135 0.0192417 -0.00655273 -0.000824506 0.00653903 0.00454209 0.0116418 0.00142084
internal_weight=16795 15329 15040 1466 1384 289 643 605 741 82 14845 14699 1013 703 633 70 310 63 247 195 131 670 531 108 504 64 638 424 282 13686 142 75 460 194 146 355 156 121 214 83 131 13606 1111 1023 982 585 272 252 313 160 12495 12454 12412 161 110 47 153 63 80 218 66 152
internal_count=16795 15329 15040 1466 1384 289 643 605 741 82 14845 14699 1013 703 633 70 310 63 247 195 131 670 531 108 504 64 638 424 282 13686 142 75 460 194 146 355 156 121 214 83 131 13606 1111 1023 982 585 272 252 313 160 12495 12454 12412 161 110 47 153 63 80 218 66 152
is_linear=0
shrinkage=0.05


Tree=27
num_leaves=63
num_cat=0
split_feature=15 16 16 16 16 15 15 15 16 16 16 16 16 0 16 17 16 17 11 17 16 17 16 17 16 16 2 9 2 17 17 7 2 16 2 10 11 4 0 2 11 17 0 3 5 0 0 0 0 7 7 9 2 3 2 10 7 2 7 3 2 0
split_gain=168.531 59.7468 42.8766 32.354 49.098 10.4481 9.93524 8.83579 7.1169 5.71564 6.18952 3.94839 3.5494 3.46237 3.41366 3.37942 3.93749 3.71788 3.30334 3.27083 3.21994 4.772 3.82885 3.21434 6.43903 6.11222 3.29229 3.19319 2.98502 2.96364 2.76343 2.65813 2.60771 3.11429 2.4938 4.36288 3.14623 3.6714 4.39176 3.23849 2.71079 2.44816 2.81094 2.4178 3.04008 3.11352 7.24807 2.53015 5.73543 5.94035 4.37532 4.79846 4.65302 6.3574 5.78285 6.2471 4.27971 4.18349 4.08846 3.86218 3.73442 3.51318
threshold=2.5000000000000004 1.0428186850056973 -4.2806117427088006 -2.7996542683895163 1.5030060120240494 3.5000000000000004 8.5000000000000018 3.5000000000000004 4.0178513841011876 -0.61627955498901577 0.15396458814472688 -0.94015808689270786 -10.909495509114473 191828.00000000003 4.6795237656961239 0.63652324031444929 0.050897546767743461 -0.73796417324197827 4.5000000000000009 -0.20556542282192053 0.19245573518090858 0.44183275227903912 -0.070342172213317136 0.14990696851015037 0.35561277234941163 0.18744991728850621 765163.00000000012 3.5000000000000004 2384567.5000000005 -0.22091637613951984 2.8966435897327401 0.9083500000000001 1924291.0000000002 0.78895136973759661 713226.00000000012 111.50000000000001 8.5000000000000018 1.0000000180025095e-35 47986.500000000007 157907.00000000003 1.0000000180025095e-35 1.1590088603095536 397709.50000000006 613636.00000000012 1.5000000000000002 333965.50000000006 282216.50000000006 11119.000000000002 9969.5000000000018 0.99500000000000011 0.9275000000000001 1.5000000000000002 10181201.500000002 145710.00000000003 3610394.0000000005 20.500000000000004 0.83875000000000011 6818860.5000000009 0.9083500000000001 5940.0000000000009 5267270.5000000009 134767.50000000003
decision_type=2 2 2 2 2 2 2 2 2 2 2 2 2 2 2 2 2 2 2 2 2 2 2 2 2 2 2 2 2 2 2 2 2 2 2 2 2 2 2 2 2 2 2 2 2 2 2 2 2 2 2 2 2 2 2 2 2 2 2 2 2 2
left_child=1 2 18 5 7 -2 14 11 28 29 15 31 13 -7 -6 16 17 -11 27 -12 22 -22 -13 24 26 -25 34 -1 -3 -9 -10 -5 33 -21 36 40 -4 38 -38 -39 -36 42 -27 47 45 46 -45 48 49 50 51 -28 53 54 -53 -56 59 58 -58 -50 -57 -49
right_child=3 8 23 4 6 12 -8 9 30 10 19 20 -14 -15 -16 -17 -18 -19 -20 32 21 -23 -24 25 -26 41 43 -29 -30 -31 -32 -33 -34 -35 35 -37 37 39 -40 -41 -42 -43 -44 44 -46 -47 -48 61 56 -51 -52 52 -54 -55 55 60 57 -59 -60 -61 -62 -63
leaf_value=0.020249815220478588 0.022306021056035009 0.0045488406637180555 -0.0048542117339890958 0.0047689617632437394 0.023003458557665599 0.040627830374429665 0.05786578344834066 0.015402588458196868 0.020530716585066468 -0.011872891452207157 0.030069615448028154 7.363817354760065e-05 0.036766375781280114 0.070685081836299513 0.034695032304086403 0.018450846946602008 -0.019144003079096562 0.0071483842569884833 0.032957697649791041 -0.011416709464994861 0.018580035609702995 -0.0015076537114656627 -0.015488305793339803 -0.022114188542945112 0.013972206341191127 -0.0038788284773070892 -0.005583098726918932 0.0012541280724314417 0.014622082255386817 0.032369593372372933 0.038107514514749335 0.024318162543820465 0.01540228743413816 0.015480040339984706 -0.013798043958489393 -0.02243467699153141 -0.015787822579235083 0.023145565263834239 0.0048126767304120877 0.0030196175330630976 0.006299562589200911 0.0046947459247475426 -0.018963340090054855 0.0019023984670054333 -0.0069099449862613533 -0.00076164562652318623 0.022431369431311781 -0.003325486952302923 0.013673049134213895 0.0063867038348250586 -0.0097636226686910171 0.0069526554758524324 0.018619254854290192 -0.021397669343846789 -0.014882042897342919 0.015192116783601018 0.037408125276825084 -0.0034844829015137249 0.011802487220148296 -0.012792609658272142 -0.0035698125463144987 -0.0014819571829848388
leaf_weight=139 122 121 1271 55 192 22 29 88 165 34 29 99 83 20 98 26 25 103 43 23 41 104 65 57 61 172 381 27 195 38 27 26 124 20 31 51 54 24 49 123 36 61 38 199 110 381 55 5480 24 212 185 255 38 31 83 41 27 20 39 32 74 4917
leaf_count=139 122 121 1271 55 192 22 29 88 165 34 29 99 83 20 98 26 25 103 43 23 41 104 65 57 61 172 381 27 195 38 27 26 124 20 31 51 54 24 49 123 36 61 38 199 110 381 55 5480 24 212 185 255 38 31 83 41 27 20 39 32 74 4917
internal_value=0.000122654 -0.00142601 -0.00200426 0.0163184 0.0129661 0.0328308 0.0298228 0.00698309 0.0154319 0.011316 0.00825842 0.00130268 0.043037 0.0551935 0.0269822 0.00174474 -0.000915371 0.00238609 0.0204745 0.0144767 -0.00125946 0.00414675 -0.00606942 -0.00232626 -0.00221335 -0.00722621 -0.00228321 0.0171929 0.0107834 0.0205809 0.023047 0.0111279 0.0117226 0.000984288 -0.00439363 -0.011415 -0.0038449 0.00126631 -0.00594393 0.00635298 -0.00293152 -0.00406935 -0.00663993 -0.00200791 0.000749816 0.00208546 0.0063744 -0.00218188 -0.000215342 -0.00126115 -0.0027564 -0.00131436 0.00179223 0.000457199 0.00196821 -0.00442617 0.00931792 0.0163205 0.0223939 -0.0013569 0.00308317 -0.00245414
internal_weight=16795 15329 14821 1466 1219 247 319 900 508 510 384 390 125 42 290 188 162 137 209 196 309 145 164 14612 14284 328 14223 166 316 126 192 81 167 43 1639 118 1521 250 103 147 67 271 210 12584 745 635 254 11839 1442 1300 1088 903 522 484 453 198 142 86 66 56 115 10397
internal_count=16795 15329 14821 1466 1219 247 319 900 508 510 384 390 125 42 290 188 162 137 209 196 309 145 164 14612 14284 328 14223 166 316 126 192 81 167 43 1639 118 1521 250 103 147 67 271 210 12584 745 635 254 11839 1442 1300 1088 903 522 484 453 198 142 86 66 56 115 10397
is_linear=0
shrinkage=0.05


Tree=28
num_leaves=63
num_cat=0
split_feature=15 17 17 15 15 17 17 17 15 17 2 17 2 13 8 0 0 2 0 7 7 8 2 2 2 8 17 2 3 17 11 3 8 7 7 13 8 3 3 2 13 2 11 4 0 0 2 8 2 3 11 13 0 0 13 3 2 8 0 8 0 0
split_gain=152.159 28.9628 26.1116 20.7164 9.74453 7.58751 5.13811 4.73383 4.52301 4.5215 3.50678 3.33831 3.13924 2.80588 4.64543 5.6 5.58262 5.11432 3.67207 8.90781 3.73213 2.67753 2.27594 2.23888 3.88596 2.8786 2.20497 2.23197 2.16083 2.06794 2.31027 4.49314 3.98235 2.48433 2.05016 3.36704 4.76175 3.34849 2.51933 2.26581 2.03768 2.08085 2.01202 3.30748 3.69027 3.39606 2.40835 2.48856 2.32822 2.25927 6.21908 5.59867 2.12488 3.83685 1.98709 1.94786 4.66192 4.27515 2.24738 2.90147 1.96644 2.52972
threshold=2.5000000000000004 1.2407838742612436 -1.4263157149566585 8.5000000000000018 3.5000000000000004 3.0101239907605462 2.1578449036225238 1.4959052259203047 12.500000000000002 -1.5180866215562507 1780048.0000000002 -0.95125541676037895 1491368.5000000002 34.500000000000007 27.500000000000004 522853.00000000006 353355.00000000006 1719895.5000000002 7153.5000000000009 1.0750000000000004 0.94915000000000005 7.5000000000000009 7093667.0000000009 765163.00000000012 713226.00000000012 153.50000000000003 0.89794159320595879 2422437.0000000005 33171.000000000007 0.45611696558927034 1.5000000000000002 23366.000000000004 91.500000000000014 0.88800000000000012 0.83875000000000011 151.50000000000003 30.500000000000004 106085.50000000001 613636.00000000012 6695739.0000000009 208.50000000000003 1949601.5000000002 8.5000000000000018 1.0000000180025095e-35 48983.500000000007 14725.000000000002 682580.50000000012 123.50000000000001 445744.50000000006 124754.00000000001 2.5000000000000004 605.00000000000011 110255.00000000001 54669.000000000007 23.500000000000004 27462.000000000004 242736.50000000003 43.500000000000007 7587.0000000000009 8.5000000000000018 328316.50000000006 14150.500000000002
decision_type=2 2 2 2 2 2 2 2 2 2 2 2 2 2 2 2 2 2 2 2 2 2 2 2 2 2 2 2 2 2 2 2 2 2 2 2 2 2 2 2 2 2 2 2 2 2 2 2 2 2 2 2 2 2 2 2 2 2 2 2 2 2
left_child=1 2 12 4 6 -3 9 10 -5 -2 -6 -4 -1 14 15 16 22 -17 19 -16 54 -11 -13 24 42 28 -25 -28 -26 30 31 -23 -32 -33 39 36 -36 -37 -39 -12 41 -9 46 44 48 -45 47 49 -44 50 51 55 53 -49 -20 57 -57 58 59 -15 61 -58
right_child=3 5 11 8 7 -7 -8 40 -10 21 34 13 -14 23 18 17 -18 -19 20 -21 -22 29 -24 26 25 -27 27 -29 -30 -31 32 33 -34 -35 35 37 -38 38 -40 -41 -42 -43 43 45 -46 -47 -48 52 -50 -51 -52 -53 -54 -55 -56 56 60 -59 -60 -61 -62 -63
leaf_value=0.0040526870032262579 0.020000367806504851 0.011628977486158196 0.0056167194186783134 0.032099164023405506 0.009123892656636148 0.039090624499363402 0.027400872022465966 0.011246661928544493 0.058491856048339619 0.02214479174849842 0.018746785999516426 -0.0024627739697683504 0.019794461939128517 -0.0087784889924190784 -0.014069151145032072 -0.029961940837500679 0.025153304613774543 -0.0027363475751021318 -0.017187517472355206 0.024284449783691847 -0.024172320163575494 0.0010978809113451422 0.0094366835019704647 -0.0016145025091932358 -0.014917203171976976 -0.021315138396641162 -0.0040675530718473811 0.011141277308091412 0.0035091573985861868 0.0099181596528229131 -0.017379387501339726 0.0070535893610793104 0.0031866483232970708 0.027232096591834933 0.024969506292296391 0.018219363881386036 0.008934035355209256 0.041499361215766417 0.019805892334447656 0.0059700324540440577 0.035841315101628628 0.027454542266662496 -0.027329519763147521 0.02121244261098891 0.0046583913982092655 0.0021803977169214841 -0.01597559754272251 -0.0067652805323795348 -0.0064442715962486508 0.0066318163055909861 -0.019358441931366269 0.019145850035860099 0.0022205640261751471 -0.027302665661474997 -0.0058568917572736677 0.020401129937263285 -0.01180282947874426 -0.021903539985374622 -0.0048980371116270349 0.013391438858383835 -0.01223549553116153 0.0017271751515860424
leaf_weight=41 74 261 146 58 143 28 38 31 24 27 80 570 154 23 38 33 20 37 55 25 53 116 43 12020 30 51 37 67 33 198 31 30 96 33 85 62 105 45 21 64 42 63 21 29 48 125 39 82 39 64 55 30 30 32 139 26 40 34 404 40 38 249
leaf_count=41 74 261 146 58 143 28 38 31 24 27 80 570 154 23 38 33 20 37 55 25 53 116 43 12020 30 51 37 67 33 198 31 30 96 33 85 62 105 45 21 64 42 63 21 29 48 125 39 82 39 64 55 30 30 32 139 26 40 34 404 40 38 249
internal_value=0.000116922 -0.00135458 -0.00165619 0.0155059 0.0140515 0.0143195 0.00952855 0.0179676 0.0399466 0.00839338 0.0160465 -0.00189532 0.0165141 -0.00197031 -0.00451264 -0.00225428 -0.000760899 -0.015667 -0.00961551 0.00108566 -0.0123645 0.00676296 -0.00161851 -0.00178174 -0.00356586 -0.0124633 -0.00155144 0.0056837 -0.0051958 0.00592479 0.00332211 0.00698581 -0.00180379 0.0177289 0.018176 0.020449 0.0161435 0.0267834 0.0347129 0.013111 0.026459 0.0221802 -0.00286111 0.00108926 -0.00559256 0.00580824 -0.00373802 -0.0033162 -0.0138706 -0.00242649 -0.00304985 -0.00202744 -0.00947263 -0.0125929 -0.00910214 -0.00277924 5.16652e-05 -0.00478346 -0.00352191 0.00521733 -0.00155679 -0.00013163
internal_weight=16795 15329 15040 1466 1384 289 643 741 82 605 605 14845 195 14699 1013 703 633 70 310 63 247 531 613 13686 1562 114 12124 104 63 504 306 179 127 63 462 318 190 128 66 144 136 94 1448 262 108 154 1186 1147 60 1003 939 884 144 114 194 854 353 501 467 63 327 289
internal_count=16795 15329 15040 1466 1384 289 643 741 82 605 605 14845 195 14699 1013 703 633 70 310 63 247 531 613 13686 1562 114 12124 104 63 504 306 179 127 63 462 318 190 128 66 144 136 94 1448 262 108 154 1186 1147 60 1003 939 884 144 114 194 854 353 501 467 63 327 289
is_linear=0
shrinkage=0.05


Tree=29
num_leaves=63
num_cat=0
split_feature=15 16 16 16 16 17 15 15 16 16 16 15 16 16 17 16 16 16 16 17 16 17 3 17 17 16 17 16 13 16 16 17 2 2 9 7 16 3 5 13 2 16 2 13 13 13 2 2 9 16 17 10 2 11 4 3 10 17 16 3 17 17
split_gain=137.404 51.0427 36.3604 28.8496 42.6771 9.01559 8.56583 7.10913 6.17398 5.1623 5.43696 5.0485 4.55264 3.58393 3.11112 6.09205 4.88378 4.17931 3.12655 2.97887 3.53793 3.34689 2.96725 2.84897 2.80521 2.79695 4.43313 3.45784 2.87484 2.75837 2.66287 2.64919 2.64213 2.5733 2.56179 3.27524 2.55757 2.37191 2.90025 2.35344 2.26339 2.83877 2.21809 3.31477 3.59394 2.70549 3.17498 3.93892 3.70325 2.52275 4.41316 2.4203 3.72228 2.78032 3.09309 2.36797 2.80772 2.26089 2.19602 2.19122 2.1461 2.59472
threshold=2.5000000000000004 1.0428186850056973 -4.2806117427088006 -2.7996542683895163 1.5030060120240494 0.058375255521096951 6.5000000000000009 3.5000000000000004 4.0178513841011876 -0.61627955498901577 0.15396458814472688 3.5000000000000004 4.5419553502694372 -0.94015808689270786 0.058375255521096951 0.50147587097457336 0.23094688221709039 1.0000000180025095e-35 0.083436130975016315 0.63652324031444929 0.050897546767743461 -0.73796417324197827 177828.50000000003 -1.0960415889179003 -0.20556542282192053 0.19245573518090858 0.44183275227903912 -0.070342172213317136 104.50000000000001 7.2413914549653464 -8.0883020087244635 -0.22091637613951984 765163.00000000012 2384567.5000000005 1.5000000000000002 0.9083500000000001 -9.0244243823920556 613636.00000000012 1.5000000000000002 202.50000000000003 1924291.0000000002 0.78895136973759661 1178916.5000000002 10.500000000000002 37.500000000000007 985.00000000000011 1025351.5000000001 997015.50000000012 1.5000000000000002 -1.2317167051578126 -0.07884682095180108 1.0000000180025095e-35 1719895.5000000002 3.5000000000000004 1.0000000180025095e-35 23366.000000000004 81.500000000000014 -0.53836478870930116 -0.20149289300208026 122913.00000000001 2.5452206436823079 0.4869302918478165
decision_type=2 2 2 2 2 2 2 2 2 2 2 2 2 2 2 2 2 2 2 2 2 2 2 2 2 2 2 2 2 2 2 2 2 2 2 2 2 2 2 2 2 2 2 2 2 2 2 2 2 2 2 2 2 2 2 2 2 2 2 2 2 2
left_child=1 2 22 5 7 11 29 13 33 31 19 -2 -8 34 16 18 17 32 -16 20 21 -11 23 36 -12 27 -27 28 -15 -6 -7 -9 -4 39 -5 -36 -1 42 -39 -3 41 -26 45 -44 51 46 47 48 -34 57 58 52 -45 54 -53 -56 -57 -46 -51 -50 61 -10
right_child=3 8 14 4 6 30 12 9 60 10 24 -13 -14 25 15 -17 -18 -19 -20 -21 -22 -23 -24 -25 40 26 -28 -29 -30 -31 -32 -33 37 -35 35 -37 -38 38 -40 -41 -42 -43 43 44 49 -47 -48 -49 59 50 -52 53 -54 -55 55 56 -58 -59 -60 -61 -62 -63
leaf_value=0.017532537888278469 0.018786419319497871 0.0074873359013991631 -0.003909783352655973 0.025303501100831124 0.020741321120761019 0.063697540992660215 0.031023720968700326 0.013783149507158901 0.035760046445315156 -0.012033643752822648 0.027239718838655665 0.034892805653045998 0.060070075935983125 0.0099774105775729746 -0.026998732972087582 0.00068394549642903193 0.010621953516728618 -0.015464078811784363 -0.0096662470596988372 0.016561168801910119 -0.018901555970741578 0.0060203586291986098 0.032786887744863678 0.028249504279983625 -0.011597479652468261 0.017405273306235636 -0.0019588778243202444 -0.01497930695015591 -0.0073003988620054085 0.033766771848322281 0.037776876783748553 0.029824607569988316 -0.0059065484762201321 0.013527982706454193 -0.0032830015691159816 0.021376102573391217 0.0028378612904560582 0.0022979092306915703 -0.0064938325438465344 -0.010495300049897772 0.013672389229872142 0.014093574900087433 0.012756651896993427 -0.028410048995604505 0.0014229442813521193 -0.0064401452495539916 0.006421545239895049 -0.014710102236092489 0.0052259484137774388 -0.0068084054571987537 -0.0018870813148765308 -0.0073580093943143108 -0.0059996961180288702 -0.015859292054659465 0.0020702412491791569 -0.014404927552449509 0.0036002479493618014 0.018114758386685619 -0.020431687971321572 -0.0032269124184623661 0.032600739874833175 0.016187510073416258
leaf_weight=92 115 99 1628 21 209 22 30 88 20 34 29 88 27 41 31 159 76 58 178 26 25 103 33 39 23 41 104 65 58 53 22 38 156 195 40 20 45 628 110 22 124 20 37 28 84 127 228 45 310 122 9692 294 57 50 256 55 35 27 40 101 36 136
leaf_count=92 115 99 1628 21 209 22 30 88 20 34 29 88 27 41 31 159 76 58 178 26 25 103 33 39 23 41 104 65 58 53 22 38 156 195 40 20 45 628 110 22 124 20 37 28 84 127 228 45 310 122 9692 294 57 50 256 55 35 27 40 101 36 136
internal_value=0.00011142 -0.0012869 -0.0018214 0.0147353 0.0115695 0.0303276 0.0272853 0.00599122 0.0142947 0.00987763 0.00697206 0.0258069 0.0449512 0.000894946 -0.00211795 -0.00666233 -0.00200015 -0.00206829 -0.0122727 0.00086746 -0.0016291 0.00149782 0.0188787 0.0162254 0.0127986 -0.00154577 0.00349027 -0.00602824 -9.16408e-05 0.0234072 0.0509656 0.0186805 -0.00201276 0.00996317 0.0102579 0.0048754 0.0127479 -0.0017649 0.000980011 0.00417051 0.0102461 0.000240814 -0.00193783 -0.00214373 -0.00219564 0.00035167 0.00138512 -0.000483764 0.000638888 -0.00193975 -0.00202458 -0.00547878 -0.0134654 -0.00448586 -0.00358717 -0.000367391 -0.0073512 0.00554077 -0.0102136 0.00313628 0.0213888 0.0187501
internal_weight=16795 15329 14821 1466 1219 247 319 900 508 510 384 203 57 390 14612 368 14244 14168 209 188 162 137 209 176 196 309 145 164 99 262 44 126 14110 316 81 60 137 12482 738 121 167 43 11744 10777 10740 967 840 612 567 9965 9854 775 85 690 640 346 90 111 162 411 192 156
internal_count=16795 15329 14821 1466 1219 247 319 900 508 510 384 203 57 390 14612 368 14244 14168 209 188 162 137 209 176 196 309 145 164 99 262 44 126 14110 316 81 60 137 12482 738 121 167 43 11744 10777 10740 967 840 612 567 9965 9854 775 85 690 640 346 90 111 162 411 192 156
is_linear=0
shrinkage=0.05


Tree=30
num_leaves=63
num_cat=0
split_feature=15 16 16 16 16 15 16 16 17 16 17 17 17 15 16 17 15 17 16 17 6 3 17 16 16 16 2 16 17 17 13 17 17 16 16 16 17 16 7 2 13 2 7 2 2 11 3 3 2 7 7 10 2 13 11 7 11 7 13 2 2 3
split_gain=125.325 59.7921 58.1406 20.0774 27.6921 7.56934 7.40747 5.04855 4.91151 4.75386 4.75356 4.33479 4.08367 4.05613 4.03207 3.66842 3.62836 3.61222 3.58494 4.53375 3.00422 2.82949 2.7804 3.12997 2.35092 4.41989 2.20934 2.20218 2.14016 2.09283 2.06579 2.01174 1.97563 8.3789 2.62698 2.25786 1.95924 1.92769 1.85756 2.23517 3.04798 2.77299 2.44296 2.27775 2.22292 2.99754 3.65526 2.13065 1.98395 2.08945 5.49029 7.10437 3.47905 3.46172 2.06263 1.92261 5.20624 3.25964 2.98424 2.39134 2.93784 2.42319
threshold=3.5000000000000004 1.3861811783289844 -3.6208522426910315 -2.2674922867601599 2.3760864292690238 6.5000000000000009 -0.94015808689270786 0.89025132091212467 -0.53836478870930116 5.0019245573518072 -1.5180866215562507 -3.0394846117290517 -0.44547274997849823 5.5000000000000009 -1.0000000180025095e-35 1.9740810260220096 10.500000000000002 0.21697329615725322 -0.20149289300208026 -0.18964280126319671 162695.00000000003 51961.500000000007 -1.043288739272642 -8.6696641936683232 -0.43499690936904806 0.071980430017051761 9241409.5000000019 -10.909495509114473 3.2895550118886674 -0.18964280126319671 50.500000000000007 0.28768207245178062 0.058375255521096951 0.094965439259465559 0.40553172770262852 0.23094688221709039 1.2407838742612436 -0.070342172213317136 1.0650000000000002 12185314.500000002 69.500000000000014 2478256.5000000005 1.1150000000000004 125220.50000000001 157907.00000000003 1.0000000180025095e-35 22571.500000000004 2589.0000000000005 389041.00000000006 0.86165000000000014 0.87415000000000009 49.500000000000007 5267270.5000000009 40.500000000000007 1.5000000000000002 0.89060000000000017 1.5000000000000002 0.90585000000000016 168.50000000000003 3680387.0000000005 6143982.0000000009 143784.50000000003
decision_type=2 2 2 2 2 2 2 2 2 2 2 2 2 2 2 2 2 2 2 2 2 2 2 2 2 2 2 2 2 2 2 2 2 2 2 2 2 2 2 2 2 2 2 2 2 2 2 2 2 2 2 2 2 2 2 2 2 2 2 2 2 2
left_child=1 2 11 13 5 7 8 24 -4 17 -8 -1 27 22 18 20 -6 -3 19 -12 32 -7 -2 -24 29 26 37 -13 -11 -5 -29 -22 35 -34 -35 38 -9 -26 44 40 41 -40 -42 -44 45 46 -16 -46 -49 -50 51 52 -51 54 -52 56 -55 59 -58 -57 61 -61
right_child=3 9 6 4 16 21 10 36 -10 28 14 12 -14 -15 15 -17 -18 -19 -20 -21 31 -23 23 -25 25 -27 -28 30 -30 -31 -32 -33 33 34 -36 -37 -38 -39 39 -41 42 -43 43 -45 47 -47 -48 48 49 50 53 -53 -54 55 -56 57 58 -59 -60 60 -62 -63
leaf_value=0.04196040573685119 0.020745516003834404 0.023342472948789689 0.0022089126048232808 0.0059563363661069421 0.032517271962895868 0.026826048971400642 0.020377542609066674 0.022938801341737411 0.017990688684413354 0.019501042687901742 -0.0074179988725498469 0.021311876830738749 0.03813043124167434 0.049956448611510378 -0.0086038223136211036 0.016183118663412068 0.055852111044088243 0.0094531539428360876 -0.015037061291041449 0.010926531011537805 -0.004533412336085443 0.012856864485109483 0.051495007234829582 0.0274707872901232 -0.0046238219470517592 0.0076148280303844048 0.0064157884564111593 0.0023369207274658182 0.037150119411856385 0.022568938678480199 0.015453627669561888 -0.018426939724116308 -0.025663680198319466 -0.007915243141463562 -0.00015625908578571575 0.0063056976241636781 0.0078052492507854664 -0.021310732483837316 0.0011911836013891108 -0.0055258165669355369 0.0017684248393750731 0.016552659809974998 0.0098160555448466944 -0.0041998689730992408 -0.0066107955137976503 -0.00098858834643761784 -0.033042539137216352 0.002396228372396822 -0.0014036829118720497 -0.014781934112515237 0.0018160125061123201 -0.0048274509236519176 -0.040963304104646707 -0.00092018141323546338 0.017580615190458504 0.010644169022136324 -0.020047188223761326 -0.0028632073434945561 -0.0071591233227329132 0.0018202826485550631 0.013595455612170052 -0.0089577727642993956
leaf_weight=20 44 56 198 75 105 78 23 58 66 173 183 118 23 39 69 27 21 309 112 41 918 72 25 34 48 118 24 41 20 26 123 27 45 175 293 83 36 28 66 170 609 54 31 395 253 85 20 254 5705 29 218 123 24 233 23 68 73 3974 122 148 35 80
leaf_count=20 44 56 198 75 105 78 23 58 66 173 183 118 23 39 69 27 21 309 112 41 918 72 25 34 48 118 24 41 20 26 123 27 45 175 293 83 36 28 66 170 609 54 31 395 253 85 20 254 5705 29 218 123 24 233 23 68 73 3974 122 148 35 80
internal_value=-9.29775e-05 -0.00108051 -0.00166428 0.0188355 0.0152905 0.0105322 -0.00211641 0.00701665 0.00617861 0.0149952 -0.00226487 0.0192542 0.0177356 0.0359779 -0.00230062 -0.00217402 0.0364873 0.0116036 -0.00772035 -0.00403461 -0.00220889 0.0201672 0.0305932 0.0378051 0.00399268 0.00104399 -0.00665951 0.0160416 0.0213741 0.0103004 0.0122083 -0.00493757 -0.00201687 -0.00506566 -0.00306934 -0.00189561 0.0172106 -0.0108573 -0.00194898 -0.000171796 0.000612323 0.00815351 -0.000257889 -0.00316613 -0.00215266 -0.00777029 -0.0141827 -0.00206612 -0.00196211 -0.00206458 -0.00279568 -0.01148 -0.0267866 -0.00248717 0.00334792 -0.00278541 -0.00598942 -0.00246557 -0.0120173 0.00229277 0.000111238 -0.00194184
internal_weight=16766 15935 15377 831 689 563 15052 413 264 558 14788 325 305 142 14765 14429 126 365 336 224 14402 150 103 59 319 218 100 282 193 101 164 945 13457 513 468 12944 94 76 12861 1325 1155 120 1035 426 11536 174 89 11362 11109 10855 5150 176 53 4974 241 4733 428 4305 195 331 263 228
internal_count=16766 15935 15377 831 689 563 15052 413 264 558 14788 325 305 142 14765 14429 126 365 336 224 14402 150 103 59 319 218 100 282 193 101 164 945 13457 513 468 12944 94 76 12861 1325 1155 120 1035 426 11536 174 89 11362 11109 10855 5150 176 53 4974 241 4733 428 4305 195 331 263 228
is_linear=0
shrinkage=0.05


Tree=31
num_leaves=63
num_cat=0
split_feature=15 15 17 17 15 15 17 17 17 7 17 6 5 0 11 17 0 7 0 5 9 10 3 3 8 0 3 7 7 0 0 10 10 10 3 3 8 7 7 0 8 11 8 8 0 0 0 11 5 8 3 10 10 3 0 7 0 8 3 7 0 7
split_gain=113.168 36.34 17.3572 16.8034 12.488 6.01919 4.41627 4.73106 2.69515 2.66114 2.52631 2.48548 2.34558 2.32757 2.86132 2.0341 2.00764 5.82094 4.29892 7.26448 3.31994 3.2114 5.95543 4.60359 3.01728 3.99509 2.70546 2.49157 3.09306 6.85922 2.41574 3.04128 6.53422 6.42715 2.75365 2.69839 2.30655 2.63521 3.44578 3.72398 3.38828 4.86371 4.62594 2.84573 2.55376 2.18194 3.81005 4.48992 5.5794 2.72293 3.67749 2.84501 2.70599 3.7511 3.32149 3.40266 2.63169 9.87313 5.41042 4.99526 4.89999 4.45642
threshold=3.5000000000000004 1.5000000000000002 -1.9413299643559807 2.1578449036225238 12.500000000000002 6.5000000000000009 -1.2460452943650651 1.0735757696769495 -3.0394846117290517 0.75500000000000012 1.5822852400053298 162695.00000000003 2.5000000000000004 204484.50000000003 1.5000000000000002 3.1233663438097019 11899.500000000002 1.135 8731.0000000000018 3.5000000000000004 1.5000000000000002 73.500000000000014 165385.50000000003 101903.00000000001 126.50000000000001 3310.5000000000005 86996.000000000015 1.155 1.0850000000000002 758724.50000000012 11119.000000000002 42.500000000000007 24.500000000000004 60.500000000000007 25531.000000000004 84277.000000000015 48.500000000000007 1.0475000000000001 0.9275000000000001 1592.5000000000002 35.500000000000007 1.5000000000000002 29.500000000000004 24.500000000000004 5950.0000000000009 31234.000000000004 21031.000000000004 2.5000000000000004 1.5000000000000002 151.50000000000003 94910.500000000015 68.500000000000014 22.500000000000004 33563.000000000007 15722.000000000002 0.91900000000000015 46401.500000000007 187.50000000000003 3136.5000000000005 0.89750000000000008 41439.000000000007 0.9275000000000001
decision_type=2 2 2 2 2 2 2 2 2 2 2 2 2 2 2 2 2 2 2 2 2 2 2 2 2 2 2 2 2 2 2 2 2 2 2 2 2 2 2 2 2 2 2 2 2 2 2 2 2 2 2 2 2 2 2 2 2 2 2 2 2 2
left_child=1 11 8 6 5 -2 -4 12 -3 -7 -11 16 -8 -10 -15 -5 17 18 21 30 -19 23 24 26 -23 -26 36 28 45 -30 31 32 -20 -33 -34 -35 37 38 40 -40 42 -42 -1 -41 -38 46 47 48 49 50 51 52 54 -54 55 -18 57 58 -47 -59 61 -61
right_child=4 2 3 15 -6 9 7 -9 13 10 -12 -13 -14 14 -16 -17 27 20 19 -21 -22 22 -24 -25 25 -27 -28 -29 29 -31 -32 33 34 35 -36 -37 44 -39 39 43 41 -43 -44 -45 -46 56 -48 -49 -50 -51 -52 -53 53 -55 -56 -57 -58 59 -60 60 -62 -63
leaf_value=-0.001319775131618263 0.014231726650301983 0.038667911717592318 0.0093362299204479884 0.018102245256218421 0.05017534813289995 0.036465823593649652 -0.00024823621521062421 0.0068853016787837912 0.025973616559184495 0.018372536213946123 0.03524093566482283 -0.0045402508599804801 0.0061455780577979163 -0.0017504509796440861 0.021837962131112072 0.033989796094678858 -0.016242330289633025 0.004925846963378458 0.0060560525961971014 -0.023286218189702921 0.031126909551307626 0.003082341321052744 -0.0057107713919025355 -0.020663366720979921 0.0023881075565713155 0.027483551075628266 0.012632482375166074 -0.0073180831782604068 0.0019939674441540505 -0.017825923774819698 -0.0013126735671030241 -0.022568520962585152 0.016499189616671735 -0.0083282601625765135 0.041883701047202418 0.012446658843753502 -0.0049013394475106338 0.00815024464764697 0.0047467010002940095 -0.024932403983689698 0.022884699950615567 -0.0063870515605709346 -0.017797899491404777 -0.0052754034130468482 -0.019973878943340437 0.024228728876554782 -0.0060353517140010826 -0.0066704314612005657 0.010353287975643567 -0.018220010269191358 0.013839677219601937 -0.019479573062911832 0.012254951410900486 -0.0033205923278724196 0.0010069134226033062 0.0033977700428313193 -0.002182732035829043 -0.01641587763722956 0.0022433256380051309 0.011314833554351212 0.016292833797297606 -0.016710511143388517
leaf_weight=457 606 22 220 97 29 38 1237 365 59 130 28 897 162 23 28 27 79 28 118 23 22 100 128 38 28 38 27 221 814 46 93 22 24 20 21 67 99 56 26 46 32 25 47 32 40 29 916 279 126 23 40 22 74 80 130 30 7249 111 776 20 29 47
leaf_count=457 606 22 220 97 29 38 1237 365 59 130 28 897 162 23 28 27 79 28 118 23 22 100 128 38 28 38 27 221 814 46 93 22 24 20 21 67 99 56 26 46 32 25 47 32 40 29 916 279 126 23 40 22 74 80 130 30 7249 111 776 20 29 47
internal_value=-8.79574e-05 -0.00102638 0.00487679 0.00377197 0.017899 0.0167195 0.0026525 0.00181562 0.0224664 0.0243747 0.0214139 -0.00199232 0.000488961 0.0191485 0.0111196 0.0216265 -0.00181331 -0.000186142 -0.000712325 0.00386623 0.0165932 -0.00217395 0.0023673 -0.00362283 0.00862596 0.0169324 -0.00288491 -0.00205487 -0.00194783 0.000926071 0.00559681 0.00797723 0.0123029 0.00145746 0.0285228 0.00760933 -0.00337931 -0.00223252 -0.00311547 -0.0114778 -0.00155456 0.00996995 -0.00286957 -0.0169491 -0.00928595 -0.00219401 -0.00377464 -0.00142335 0.00099281 -0.00146579 -0.000604067 -0.00201128 -0.00101598 0.00413441 -0.0043559 -0.0107928 -0.00184916 0.000535304 0.00304447 -0.00919517 -0.000785801 -0.00826583
internal_weight=16766 15935 2240 2108 831 802 1984 1764 132 196 158 13695 1399 110 51 124 12798 1657 1607 388 50 1219 294 925 166 66 887 11141 10920 860 365 272 163 109 45 87 860 721 665 104 561 57 504 78 139 10060 1799 883 604 478 455 415 393 154 239 109 8261 1012 805 207 96 67
internal_count=16766 15935 2240 2108 831 802 1984 1764 132 196 158 13695 1399 110 51 124 12798 1657 1607 388 50 1219 294 925 166 66 887 11141 10920 860 365 272 163 109 45 87 860 721 665 104 561 57 504 78 139 10060 1799 883 604 478 455 415 393 154 239 109 8261 1012 805 207 96 67
is_linear=0
shrinkage=0.05


Tree=32
num_leaves=63
num_cat=0
split_feature=15 16 16 16 16 15 16 16 17 16 17 15 17 17 17 17 9 15 16 16 17 17 17 16 17 16 16 5 8 17 16 3 13 9 16 15 17 0 0 15 0 4 11 9 7 7 0 0 0 3 1 13 8 0 7 0 0 0 0 13 7 0
split_gain=102.425 37.4744 28.472 25.8391 30.4979 11.0592 8.96264 7.20123 6.16118 5.83647 5.36013 4.63468 4.06549 3.99614 3.9588 3.91743 3.87106 3.86312 3.68503 4.3086 4.02986 3.36136 2.82157 2.689 3.53674 2.5941 8.31945 3.29218 3.09357 2.69181 2.71441 2.5396 2.5364 2.50625 2.50099 2.31548 2.28831 2.26325 2.09996 2.08774 2.08474 2.0635 2.0379 1.97953 2.4027 1.81948 5.40425 3.43754 7.90126 4.75868 3.27359 2.87533 2.53747 2.63556 2.42841 2.35729 1.84075 2.11277 2.5329 1.80317 1.78492 3.14637
threshold=2.5000000000000004 1.3861811783289844 -4.2806117427088006 -3.9796061560643303 4.5419553502694372 6.5000000000000009 1.2038560952181516 -0.43499690936904806 0.058375255521096951 0.20959622554912724 -0.041690804469525396 5.5000000000000009 0.33713934812778135 0.11920551172249925 1.9740810260220096 -2.7156797545372311 4.5000000000000009 4.5000000000000009 -1.1929120893798209 -1.0000000180025095e-35 -0.76461629495673489 2.8454055036110621 0.058375255521096951 -0.50832670216645892 -0.070410912943600731 1.0000000180025095e-35 0.094965439259465559 1.5000000000000002 79.500000000000014 0.31845373111853476 0.53526751347190171 84277.000000000015 121.50000000000001 2.5000000000000004 3.8084851595244209 4.5000000000000009 -0.73796417324197827 58541.500000000007 61104.500000000007 3.5000000000000004 26589.500000000004 1.0000000180025095e-35 3.5000000000000004 4.5000000000000009 0.78250000000000008 1.0650000000000002 758724.50000000012 61104.500000000007 134767.50000000003 191151.50000000003 1.0000000180025095e-35 43.500000000000007 36.500000000000007 68701.500000000015 1.1250000000000002 52878.500000000007 7153.5000000000009 14725.000000000002 20471.000000000004 53.000000000000007 1.0025000000000002 46401.500000000007
decision_type=2 2 2 2 2 2 2 2 2 2 2 2 2 2 2 2 2 2 2 2 2 2 2 2 2 2 2 2 2 2 2 2 2 2 2 2 2 2 2 2 2 2 2 2 2 2 2 2 2 2 2 2 2 2 2 2 2 2 2 2 2 2
left_child=1 2 33 8 5 6 7 13 15 60 -11 -6 -3 -5 18 -2 35 43 37 23 -21 34 -8 36 -25 45 -27 29 -29 30 -28 -7 -32 59 38 -12 -20 41 40 -24 -14 -4 -35 44 -17 -22 47 50 52 -50 51 -47 -49 -54 -51 56 -52 -58 -59 -1 61 -9
right_child=3 12 14 4 11 31 22 9 -10 10 16 -13 21 -15 -16 17 -18 -19 19 20 25 -23 39 24 -26 26 27 28 -30 -31 32 -33 -34 42 -36 -37 -38 -39 -40 -41 -42 -43 -44 -45 -46 46 -48 48 49 54 55 -53 53 -55 -56 -57 57 58 -60 -61 -62 -63
leaf_value=0.012875738553307365 0.046019903262752793 0.025498740728045761 -0.014474332723682282 0.0066649174989783068 0.026579153882259211 0.02461099591906668 0.032561675301609347 -0.01630525200133804 0.048059547246707413 0.025769202866612134 -0.0041475424319431424 0.047586040342013622 0.0067273642879782007 0.023566269564585091 0.019153886836241276 0.027649855518644035 0.018592391131550964 0.038714890964196669 -0.011566820329994641 0.012616150767884499 -0.0020770721309164718 0.026642082160018 0.0071933967968154907 -0.01605980248075238 0.0059036565670893652 -0.023359280024881982 -0.0048918980542741785 0.01802370952490202 -0.0012859918643551255 -0.00883037380567896 -0.00075348644610107941 0.012072690585741268 0.022815316866076952 0.0014415406559285084 0.014174197590218882 0.0093332546777501173 0.0037750063098794836 0.0098873297556855439 0.0096104771850988781 0.017868662197985045 -0.012024805250700259 0.0060513740028271873 0.017863927795765091 0.031217747670492974 0.008844389151132382 0.021577707086084835 -0.016936560785256471 -0.026995077427648784 -0.00067205005169843415 0.020034870730385734 0.006034629979457193 0.0056194646326947649 -0.023459031542696327 -0.0057813081686112879 0.0025209572826643731 0.012675633009106733 -0.013429913863691748 0.009496828054316838 -0.0046273529256209102 0.025460586080184179 0.0035747742880602625 -0.0034641695126488535
leaf_weight=47 20 60 22 251 81 96 20 74 37 27 130 41 31 41 22 24 30 28 40 47 12381 33 93 127 21 58 89 31 61 219 24 74 21 40 165 42 61 104 106 95 28 27 37 22 63 33 46 21 446 46 63 208 25 144 36 33 44 42 128 83 39 138
leaf_count=47 20 60 22 251 81 96 20 74 37 27 130 41 31 41 22 24 30 28 40 47 12381 33 93 127 21 58 89 31 61 219 24 74 21 40 165 42 61 104 106 95 28 27 37 22 63 33 46 21 446 46 63 208 25 144 36 33 44 42 128 83 39 138
internal_value=-8.33188e-05 -0.00129335 -0.00171094 0.012541 0.00994117 0.00741223 0.0053618 0.00287087 0.0295479 -0.000886349 0.00487259 0.033713 0.0133786 0.00906243 -0.00197113 0.0251257 0.00204337 0.0220076 -0.00200333 -0.00208507 -0.00197061 0.011355 0.0145771 -0.00861024 -0.0129077 -0.00201933 -0.00555073 -0.00321365 0.00517875 -0.00541591 0.000129575 0.0191928 0.0101606 0.0166962 0.00980356 -0.000823157 -0.00225694 0.00570464 0.0053967 0.012621 -0.00209266 -0.00307313 0.0094106 0.0176384 0.0141153 -0.00188923 -0.000116868 0.000490176 -0.00178484 0.00135356 0.00346357 0.0078334 -0.0105287 -0.00843825 0.0124192 4.88293e-05 -0.00144143 -0.00366748 -0.00110492 0.0209625 -0.00616028 -0.00797558
internal_weight=16766 15300 14877 1466 1272 1150 980 772 194 480 229 122 423 292 14670 157 202 137 14648 14495 14246 363 208 249 148 14199 503 445 92 353 134 170 45 207 330 172 101 153 165 188 59 49 77 109 87 13696 1315 1269 718 528 551 241 190 169 82 310 277 214 170 130 251 212
internal_count=16766 15300 14877 1466 1272 1150 980 772 194 480 229 122 423 292 14670 157 202 137 14648 14495 14246 363 208 249 148 14199 503 445 92 353 134 170 45 207 330 172 101 153 165 188 59 49 77 109 87 13696 1315 1269 718 528 551 241 190 169 82 310 277 214 170 130 251 212
is_linear=0
shrinkage=0.05


Tree=33
num_leaves=63
num_cat=0
split_feature=16 16 16 16 17 17 17 17 17 17 16 17 17 17 17 13 16 17 17 17 17 17 17 16 17 17 6 3 16 16 13 2 2 2 6 9 0 7 0 0 13 13 2 13 9 0 13 2 13 2 13 2 13 0 0 7 0 2 3 3 2 10
split_gain=89.6751 91.2626 13.7689 9.68196 7.52933 7.43241 6.05873 4.86214 3.93774 4.0848 3.70146 3.7921 3.39268 2.87349 2.84717 2.7636 2.61232 4.01523 5.2383 5.34975 3.38553 2.54561 2.49161 5.19943 3.59909 2.36506 2.30214 2.23687 1.98702 1.87724 2.3279 2.71556 2.48282 1.86535 1.83985 1.82797 1.82125 5.03709 3.81695 4.73276 5.87239 4.27749 3.76636 3.35536 2.97315 2.71717 3.36149 2.58524 3.21207 8.19086 4.13389 4.46512 4.01064 3.43341 3.26181 3.89135 4.35365 3.25547 3.8359 3.14324 3.07788 2.61877
threshold=1.1644541534916422 -0.94015808689270786 -6.8190580251124411 4.5419553502694372 -0.262364264467491 -0.2842922289590914 -0.041690804469525396 2.0673313630686638 3.6762205501217919 0.39334813988998635 0.40553172770262852 -1.0960415889179003 -3.0394846117290517 2.8454055036110621 -2.3410859185429236 605.00000000000011 1.0000000180025095e-35 -0.041690804469525396 1.0000000180025095e-35 0.06947573004693107 0.20306160967635667 1.0139875510548091 -0.05973256091968409 -0.20149289300208026 -1.0000000180025095e-35 0.46928472186092157 162695.00000000003 10001.500000000002 0.27502519449766333 1.5802483370280183 121.50000000000001 4418620.5000000009 784459.50000000012 3091005.0000000005 25479.500000000004 3.5000000000000004 11899.500000000002 1.135 9969.5000000000018 10352.000000000002 98.500000000000014 35.500000000000007 2384567.5000000005 178.50000000000003 1.5000000000000002 11119.000000000002 360.50000000000006 917633.50000000012 117.50000000000001 7093667.0000000009 178.50000000000003 11102211.000000002 27.500000000000004 4302.5000000000009 4002.5000000000005 0.97800000000000009 4620.5000000000009 3213570.5000000005 15545.000000000002 143784.50000000003 2478256.5000000005 11.500000000000002
decision_type=2 2 2 2 2 2 2 2 2 2 2 2 2 2 2 2 2 2 2 2 2 2 2 2 2 2 2 2 2 2 2 2 2 2 2 2 2 2 2 2 2 2 2 2 2 2 2 2 2 2 2 2 2 2 2 2 2 2 2 2 2 2
left_child=1 2 5 6 14 12 33 10 9 -5 16 -12 -1 29 -4 25 20 28 -19 -20 22 -21 23 -3 -24 -13 36 -27 -18 -8 32 -32 -31 -2 -25 -33 37 38 47 -40 41 -41 -43 -42 -39 46 -45 -26 49 52 -50 54 -49 -51 59 56 -56 60 -59 -52 -58 -54
right_child=3 7 4 8 -6 -7 13 -9 -10 -11 11 15 -14 -15 -16 -17 17 18 19 21 -22 -23 24 34 26 27 -28 -29 -30 30 31 35 -34 -35 -36 -37 -38 44 39 40 43 42 -44 45 -46 -47 -48 48 50 53 51 -53 61 -55 55 -57 57 58 -60 -61 -62 -63
leaf_value=0.039083893634224327 0.016344869681989831 -0.002077973113590655 0.022040429598272196 0.043257310251191033 0.023989158664229477 0.044359771124202835 0.0040595302386256579 0.019743653024293456 0.042755090352534254 0.019515888500962104 0.02395029567710277 0.0055807419390987694 0.018966384124926388 0.025896943400431822 0.0069120610693003647 0.019306874303456165 -0.00073616674486944023 -0.027381122752884835 0.018777260829263662 -0.009565769449774008 0.012458352038496313 0.0037219616021380883 0.017917684226163796 -0.017190204695463375 -0.0058096213943389929 0.0056255390671289957 -0.0042651090126881825 -0.0053396919593514556 0.016151550954064797 0.022387280836027132 0.0095550083974424282 0.029580003575256447 0.0042683524250352392 0.033674367025213418 -0.00033271987713984587 0.013326031464824504 -0.0018733808487196566 0.0044638162697549387 0.018670740843169144 -0.0072614679595388743 -0.022249292057021825 0.0016250321565958849 0.025449936595763969 0.020493271136108566 0.029268272207603196 -0.012211525771384244 -0.0073026675695632877 -0.0039276649783928494 -0.012185651242341333 -0.020063301166728168 0.0053259027598378294 0.020280164351194969 0.015679400037168008 -0.0018371344837833214 -0.031289016399578894 0.01065632461228829 -0.00039875345869301668 0.013307964512817214 -0.0076479834206634803 -0.013732210175687098 -0.024014173892071791 0.0052409036510384643
leaf_weight=24 30 289 34 20 90 41 138 26 24 245 20 152 207 27 410 21 61 32 20 268 41 41 23 101 291 63 899 174 24 22 97 41 142 37 20 33 11169 28 51 25 26 27 45 22 22 33 21 96 105 49 153 23 78 56 20 28 22 32 68 25 39 275
leaf_count=24 30 289 34 20 90 41 138 26 24 245 20 152 207 27 410 21 61 32 20 268 41 41 23 101 291 63 899 174 24 22 97 41 142 37 20 33 11169 28 51 25 26 27 45 22 22 33 21 96 105 49 153 23 78 56 20 28 22 32 68 25 39 275
internal_value=-7.86275e-05 -0.000927155 0.0154642 0.0156849 0.0107801 0.0246345 0.0118668 -0.00180228 0.0231519 0.0213422 -0.0018399 0.00272713 0.0210942 0.00995469 0.0080865 0.00167407 -0.00197432 -0.00574725 -0.00805351 -0.00615068 -0.00185544 -0.00778586 -0.00189733 -0.00574338 -0.00178225 0.000704605 -0.00181575 -0.00240265 0.00398675 0.00902882 0.0110591 0.0151644 0.00674157 0.0260253 -0.0144477 0.0224269 -0.00164369 -9.52072e-05 -0.000584011 0.00508816 0.00157446 0.0103972 0.0165996 -0.00676879 0.0155142 -0.00138484 0.00681705 -0.00163066 -0.000487966 0.00214891 -0.00333411 -0.00105264 0.0050966 -0.0104012 -0.00233831 -0.00657999 -0.0092784 -0.0064954 -0.000885535 0.00261492 -0.0155936 0.00756537
internal_weight=16766 15910 806 856 534 272 567 15104 289 265 15078 430 231 500 444 410 14648 446 361 329 14202 309 14161 410 13751 389 13728 237 85 473 335 171 164 67 121 74 12829 1660 1610 250 199 97 72 102 50 76 43 1360 1069 554 515 410 449 105 387 209 181 161 100 178 61 353
internal_count=16766 15910 806 856 534 272 567 15104 289 265 15078 430 231 500 444 410 14648 446 361 329 14202 309 14161 410 13751 389 13728 237 85 473 335 171 164 67 121 74 12829 1660 1610 250 199 97 72 102 50 76 43 1360 1069 554 515 410 449 105 387 209 181 161 100 178 61 353
is_linear=0
shrinkage=0.05


Tree=34
num_leaves=63
num_cat=0
split_feature=15 16 16 16 16 15 16 17 16 16 17 16 17 17 16 15 17 17 16 17 15 17 17 16 13 13 17 17 16 16 16 0 3 13 7 7 7 6 0 0 0 0 0 7 13 13 11 3 8 7 3 10 8 13 13 13 0 7 13 13 7 0
split_gain=87.3804 40.8343 40.3706 15.4518 20.7211 5.52171 4.77465 4.16706 3.88871 3.99066 3.61459 3.5483 5.67185 3.40354 3.92474 3.23602 2.94755 3.36935 2.74033 3.88453 2.56896 2.49104 2.49264 6.36922 2.39991 3.67274 2.25969 2.24772 2.47739 2.24304 2.17716 2.10887 1.96676 1.92531 2.32956 3.27452 1.83913 1.82844 2.71043 3.08016 1.77862 4.708 3.39527 3.35774 4.50172 3.0215 8.99777 5.84183 3.31521 2.82453 2.53066 4.00389 4.49362 2.46114 4.20522 2.30534 4.71549 3.32346 3.37089 2.70166 2.62243 3.11132
threshold=3.5000000000000004 1.3861811783289844 -3.6208522426910315 -2.2674922867601599 2.3760864292690238 6.5000000000000009 -0.94015808689270786 -0.53836478870930116 0.20959622554912724 -0.34701438858161604 -1.0000000180025095e-35 -1.0000000180025095e-35 -1.0960415889179003 -0.041690804469525396 7.2413914549653464 5.5000000000000009 -3.0394846117290517 -0.44547274997849823 -0.20149289300208026 -0.18964280126319671 10.500000000000002 1.9740810260220096 0.058375255521096951 0.094965439259465559 203.50000000000003 230.50000000000003 -0.20556542282192053 -1.043288739272642 -8.6696641936683232 -0.27839224638133919 0.65434949961508826 1512668.0000000002 44653.500000000007 41.500000000000007 0.9658500000000001 0.85950000000000004 0.84750000000000003 162695.00000000003 2500.5000000000005 5950.0000000000009 11899.500000000002 9969.5000000000018 10352.000000000002 1.135 191.50000000000003 98.500000000000014 1.0000000180025095e-35 15545.000000000002 57.500000000000007 0.84165000000000012 450622.50000000006 73.500000000000014 71.000000000000014 105.50000000000001 168.50000000000003 207.50000000000003 1221382.0000000002 1.175 486.50000000000006 342.00000000000006 1.0850000000000002 120557.00000000001
decision_type=2 2 2 2 2 2 2 2 2 2 2 2 2 2 2 2 2 2 2 2 2 2 2 2 2 2 2 2 2 2 2 2 2 2 2 2 2 2 2 2 2 2 2 2 2 2 2 2 2 2 2 2 2 2 2 2 2 2 2 2 2 2
left_child=1 2 16 15 5 8 7 -4 9 26 -10 18 -13 -3 -15 27 -1 -18 19 -8 -6 22 37 -24 31 -26 -5 -2 -29 32 -31 -25 -7 -16 35 -35 -11 40 -39 -40 41 43 -43 50 -45 46 -44 -47 -49 -50 51 52 -14 -53 -55 -42 57 58 59 60 -57 -62
right_child=3 13 6 4 20 29 11 -9 10 36 -12 12 21 14 33 -17 17 -19 -20 -21 -22 -23 23 24 25 -27 -28 28 -30 30 -32 -33 -34 34 -36 -37 -38 38 39 -41 55 42 45 44 -46 47 -48 48 49 -51 -52 53 -54 54 -56 56 -58 -59 -60 -61 61 -63
leaf_value=0.034807737160529664 0.017094581060179102 0.026716410620209505 0.0012433691750196407 0.0032249817165117562 0.027596889267348598 0.03610799031803593 -0.0068230661210001058 0.015777028650862595 0.029364228719498689 -0.014220395974742381 0.0081324958171975822 0.019222821135979111 -0.001970146817473613 0.0085710554183607273 0.005730427470828952 0.043262639287335182 0.013252305995919887 0.033313558395806846 -0.013349579619185587 0.010121420679110898 0.047307975929212792 0.013317827268665129 -0.022948834796207844 -0.0069319642068226082 0.018353132289796518 -0.0018496385464710444 0.019302450181712148 0.044626325297640608 0.023225067671705204 0.006744923065605396 0.021570782374800514 0.0080381262691253692 0.014224851600343908 0.017939599396771751 0.010195569903525291 0.039059366983828753 -0.00069908599373391786 -0.022080120627318893 0.011240932120343458 -0.0040504208394006643 -0.002259595280842797 0.017739030800089092 -0.0064605041352502699 0.028345184117488195 -0.0037860334908227781 0.019263981164460112 0.023673180050151718 -0.025817233626841088 -0.016874883859317541 0.004933484011486064 -0.015951415266457984 0.010018324679681652 -0.016789302026401935 -0.020038017631419915 0.0031026833152971839 -0.00066773470423118196 -0.01536693350100363 -0.012559933336899882 -0.0027925952162202827 0.0034162724213771286 -0.00413834581320936 0.019223097899613947
leaf_weight=20 44 39 198 84 105 24 187 66 23 41 168 32 985 375 26 39 282 23 112 41 21 27 46 321 27 131 30 25 34 64 42 25 20 52 36 30 67 20 34 853 7725 51 46 22 21 24 53 21 23 41 30 104 54 22 175 1736 54 56 965 665 23 36
leaf_count=20 44 39 198 84 105 24 187 66 23 41 168 32 985 375 26 39 282 23 112 41 21 27 46 321 27 131 30 25 34 64 42 25 20 52 36 30 67 20 34 853 7725 51 46 22 21 24 53 21 23 41 30 104 54 22 175 1736 54 56 965 665 23 36
internal_value=-7.42801e-05 -0.000898921 -0.0013814 0.015731 0.0126201 0.00850266 -0.0017582 0.00490031 0.00549805 0.000971894 0.0107294 -0.00187744 -0.00175814 0.0123859 0.0112945 0.0307708 0.0160494 0.0147919 -0.00693059 -0.00375101 0.0309566 -0.00180519 -0.001834 -0.00513935 -0.00349973 0.00158053 0.00751292 0.0259551 0.0324382 0.0167329 0.0126812 -0.00583385 0.0263293 0.0183412 0.0210703 0.0257654 -0.00588684 -0.00170224 -0.00387599 -0.00345744 -0.00154937 -2.46302e-05 0.0061681 -0.00116364 0.0125648 0.00329981 0.00962883 -0.00240628 -0.00859915 -0.00283999 -0.00159907 -0.00127285 -0.0027467 0.00379723 0.000484219 -0.00177533 -0.000715632 -0.000486478 -0.000287252 0.000693576 -0.00031246 0.0100399
internal_weight=16766 15935 15377 831 689 563 15052 264 413 222 191 14788 14448 558 519 142 325 305 340 228 126 14416 14389 550 504 158 114 103 59 150 106 346 44 144 118 82 108 13839 907 887 12932 1672 259 1413 43 208 99 109 85 64 1370 1340 1039 301 197 11260 3535 3481 3425 2460 1795 59
internal_count=16766 15935 15377 831 689 563 15052 264 413 222 191 14788 14448 558 519 142 325 305 340 228 126 14416 14389 550 504 158 114 103 59 150 106 346 44 144 118 82 108 13839 907 887 12932 1672 259 1413 43 208 99 109 85 64 1370 1340 1039 301 197 11260 3535 3481 3425 2460 1795 59
is_linear=0
shrinkage=0.05


Tree=35
num_leaves=63
num_cat=0
split_feature=15 16 16 16 16 16 15 15 15 8 0 5 0 7 16 16 2 11 16 16 13 16 16 0 0 0 0 0 2 2 16 2 16 16 13 13 2 13 0 0 2 2 2 13 0 0 1 2 2 0 4 7 0 6 0 0 0 10 5 10 0 11
split_gain=77.7448 27.9493 23.2445 26.4787 19.5974 7.33243 6.11513 6.02835 5.40964 3.3657 3.39592 5.6053 3.65328 4.27989 3.35968 3.28107 3.23964 3.23065 2.75784 2.73667 2.65045 2.45518 4.63365 2.35527 4.20754 2.70497 3.85134 3.64759 2.34423 2.32638 2.31141 3.86596 3.18615 4.87935 3.14463 2.38124 3.2476 2.30522 2.22249 2.71712 2.46297 2.15098 5.09346 4.92095 7.05304 4.55965 5.68431 3.06425 5.64012 3.04168 5.78509 2.51276 2.7502 2.3821 4.40989 3.63783 5.65856 2.71438 6.00178 4.58483 3.21388 5.95931
threshold=2.5000000000000004 1.7513471901462665 -3.3807009206047312 1.5030060120240494 -4.2806117427088006 7.2413914549653464 5.5000000000000009 5.5000000000000009 4.5000000000000009 478.50000000000006 353355.00000000006 1.5000000000000002 82781.500000000015 0.85950000000000004 -0.30792917628945321 -1.1028086452607559 9051264.5000000019 28.500000000000004 -10.909495509114473 0.12819865638553404 342.00000000000006 -1.1547344110854498 -1.0000000180025095e-35 253871.00000000003 143609.50000000003 158242.00000000003 204484.50000000003 152294.00000000003 6037680.0000000009 5432628.0000000009 0.7703271457330223 5267270.5000000009 1.0000000180025095e-35 0.11547344110854506 5.5000000000000009 1269.5000000000002 10181201.500000002 77.500000000000014 503322.00000000006 76370.000000000015 4927290.5000000009 3680387.0000000005 3396885.5000000005 121.50000000000001 17309.500000000004 240038.50000000003 1.0000000180025095e-35 3321308.0000000005 3276698.0000000005 198499.50000000003 1.0000000180025095e-35 0.80835000000000012 28853.500000000004 244124.50000000003 120557.00000000001 570937.00000000012 1001865.5000000001 134.50000000000003 3.5000000000000004 147.00000000000003 155320.00000000003 17.000000000000004
decision_type=2 2 2 2 2 2 2 2 2 2 2 2 2 2 2 2 2 2 2 2 2 2 2 2 2 2 2 2 2 2 2 2 2 2 2 2 2 2 2 2 2 2 2 2 2 2 2 2 2 2 2 2 2 2 2 2 2 2 2 2 2 2
left_child=1 4 8 6 20 37 15 -7 16 21 12 -12 13 -11 -8 -4 29 23 -10 -17 -1 -6 -23 24 -14 27 -27 -26 -19 -2 32 -32 34 -34 -24 41 -37 -5 39 40 -16 42 47 51 -45 46 -46 48 53 50 -49 -44 -53 57 -55 -56 -57 -36 59 -59 -61 -62
right_child=2 -3 3 5 9 7 14 -9 18 10 11 -13 17 -15 38 19 -18 28 -20 -21 -22 22 30 -25 25 26 -28 -29 -30 -31 31 -33 33 -35 35 36 -38 -39 -40 -41 -42 -43 43 44 45 -47 -48 49 -50 -51 -52 52 -54 54 55 56 -58 58 -60 60 61 -63
leaf_value=0.011822189261824663 0.021661229857540373 0.012624876682677694 0.0087473517555406635 0.0093872697844367692 0.0044544552060551924 0.023588551647526067 0.020040814220982615 0.054806299182190293 0.054912129281765192 0.017508654066579258 -0.00010429667140171243 -0.019609520078802123 -0.0033265255626278357 -0.0076522162429418956 -0.004148740134566768 -0.0028195897952624331 0.0053821245710128345 0.001140068736519775 0.031126829633719023 0.0040627578695976024 0.029366481009559089 -0.0092311722410985328 0.015056517759994257 -0.0071927912810109476 0.0070349202294689248 -0.00050371541023274432 0.024468660261018654 0.035261499819480624 0.015840738788069474 0.04068362093391592 -0.00068417510634809632 0.014631442891698064 -0.018184845051867689 -0.0035933513525661272 -0.0006334452548130776 -0.011339192634922125 0.0053583533194347856 0.020219695053990329 -0.0052273614530506003 0.018340977853553132 0.016817880383035017 -0.0023244023230224275 0.0038802305418073955 -0.014310717737741408 0.03957703931263757 0.0025441197792619415 0.013175536009251095 -0.024702806037670028 0.015913023156057773 0.0015104747185760506 1.2538605535540043e-05 0.0036162898463396285 -0.019665900207975082 -0.020653857564017209 0.0050898996985687351 -0.025412695689394499 0.0025312275672209231 -0.011957380576035764 -0.024377604230557459 -0.0032713623323184305 -0.0029145771688973677 0.013266917207059584
leaf_weight=181 107 368 147 72 158 41 77 26 20 20 360 41 88 104 41 310 27 37 38 270 25 207 28 47 25 65 20 22 110 20 146 57 70 323 5296 130 37 172 29 54 21 5601 64 25 28 57 79 53 48 49 42 20 33 44 75 34 38 119 33 678 143 94
leaf_count=181 107 368 147 72 158 41 77 26 20 20 360 41 88 104 41 310 27 37 38 270 25 207 28 47 25 65 20 22 110 20 146 57 70 323 5296 130 37 172 29 54 21 5601 64 25 28 57 79 53 48 49 42 20 33 44 75 34 38 119 33 678 143 94
internal_value=6.92509e-05 -0.000984923 0.0110448 0.00846038 -0.00132026 0.0211236 0.0043034 0.035841 0.0263705 -0.00153453 0.00135898 -0.00211545 0.00395786 -0.00354288 0.0115697 0.00207637 0.0213726 0.00621685 0.0394951 0.000375791 0.0139888 -0.00173166 -0.00180365 0.0029129 0.00509685 0.0107486 0.00533523 0.0204003 0.0121779 0.0247259 -0.00168885 0.00359674 -0.00177029 -0.00620903 -0.00163408 -0.00167104 -0.00760882 0.0170489 0.00702601 0.0101343 0.00288799 -0.00159222 -0.00100995 0.00529513 0.0102875 0.0140742 0.0201615 -0.00129677 -0.00113844 -0.00851511 -0.0137349 -0.0027287 -0.0107957 -0.00126432 -0.00676984 -0.00256888 -0.0106121 -0.00109817 -0.00339986 -0.00272323 -0.00151565 0.0034852
internal_weight=16794 15322 1472 1260 14954 311 949 67 212 14748 939 401 538 124 222 727 154 414 58 580 206 13809 13651 267 220 132 85 47 147 127 13444 203 13241 393 12848 12820 167 244 145 116 62 12653 7052 306 189 164 107 6746 6602 144 95 117 53 6554 191 147 72 6363 1067 1034 915 237
internal_count=16794 15322 1472 1260 14954 311 949 67 212 14748 939 401 538 124 222 727 154 414 58 580 206 13809 13651 267 220 132 85 47 147 127 13444 203 13241 393 12848 12820 167 244 145 116 62 12653 7052 306 189 164 107 6746 6602 144 95 117 53 6554 191 147 72 6363 1067 1034 915 237
is_linear=0
shrinkage=0.05


Tree=36
num_leaves=63
num_cat=0
split_feature=15 16 16 16 16 15 15 15 16 17 17 8 0 5 0 7 17 16 16 10 0 15 16 16 5 17 7 0 17 16 17 0 17 0 0 1 0 10 10 8 0 0 1 8 0 0 5 8 8 3 7 0 0 0 0 0 0 0 0 7 7 8
split_gain=70.198 25.2249 20.9926 23.9061 17.6922 6.8168 5.51927 4.88079 4.51762 3.44118 3.34391 3.11061 3.30476 4.94505 3.33972 3.8648 3.07818 3.03098 2.96131 2.88639 2.6342 2.54133 4.0743 6.44141 2.75048 3.42256 2.79685 4.53571 2.48649 2.47001 2.32645 2.09035 2.01966 2.00775 2.45188 1.98683 1.9005 1.85115 5.4481 3.25525 2.76215 4.5096 2.4798 3.76513 5.4361 3.63381 3.62368 3.10813 3.07618 3.67705 4.40063 3.47488 3.123 5.72513 3.44775 2.89234 6.1316 4.44076 3.01249 4.22431 4.1434 2.50268
threshold=2.5000000000000004 1.7513471901462665 -3.3807009206047312 1.5030060120240494 -4.2806117427088006 6.5000000000000009 5.5000000000000009 4.5000000000000009 7.2413914549653464 -1.5180866215562507 1.893590511508892 478.50000000000006 353355.00000000006 1.5000000000000002 82781.500000000015 0.85950000000000004 -1.043288739272642 -0.30792917628945321 -1.1028086452607559 397.50000000000006 253871.00000000003 1.5000000000000002 -0.87070091423595997 0.16402477430191051 1.5000000000000002 0.19267617760431552 0.89415000000000011 84547.500000000015 -0.35979021881405049 0.12819865638553404 0.44183275227903912 938729.50000000012 0.33713934812778135 503322.00000000006 76370.000000000015 1.0000000180025095e-35 1311081.0000000002 114.50000000000001 97.500000000000014 113.00000000000001 158242.00000000003 841898.00000000012 1.0000000180025095e-35 337.00000000000006 6772.5000000000009 644756.50000000012 1.5000000000000002 194.00000000000003 261.00000000000006 183234.50000000003 1.0025000000000002 17309.500000000004 20471.000000000004 63998.000000000007 52878.500000000007 288498.00000000006 172865.00000000003 198499.50000000003 88201.500000000015 0.88800000000000012 0.9275000000000001 392.50000000000006
decision_type=2 2 2 2 2 2 2 2 2 2 2 2 2 2 2 2 2 2 2 2 2 2 2 2 2 2 2 2 2 2 2 2 2 2 2 2 2 2 2 2 2 2 2 2 2 2 2 2 2 2 2 2 2 2 2 2 2 2 2 2 2 2
left_child=1 4 7 6 -1 -5 18 -2 -7 -6 11 21 14 36 15 -13 -9 -8 -4 -16 -21 37 28 -24 25 -25 -26 -28 35 31 -31 -20 -3 34 -19 -23 -14 38 39 -11 -41 -42 45 44 47 -39 -47 -44 49 -46 52 -50 -51 54 -54 56 58 -58 59 -45 -61 -59
right_child=2 32 3 5 9 8 17 16 -10 10 -12 12 13 -15 19 -17 -18 33 29 20 -22 22 23 24 26 -27 27 -29 -30 30 -32 -33 -34 -35 -36 -37 -38 42 -40 40 41 -43 43 55 48 46 -48 -49 51 50 -52 -53 53 -55 -56 -57 57 61 -60 60 -62 -63
leaf_value=0.013291597342970866 0.0203093901989434 0.021773525218690908 0.0083102814904632543 0.01629081131358465 0.0099151291876028169 0.025033806277673487 0.019040073429964527 0.02102919683156915 0.05396226062064205 -0.0013471061529899994 0.015123773501734203 0.016637576460393509 0.0013738137367999685 -0.01863142930791507 0.013379289522826613 -0.0072699732766696949 0.046008557092955732 0.0027405829660762434 -0.00098637802712199323 0.0056171711710639128 -0.0067598725749278138 0.0047641612632701204 -0.011880902274185909 0.0036517295914148388 0.016295347563078943 -0.007112893920560171 -0.018941646048101769 0.013807285165687872 0.018513988795357324 0.010208399994120668 0.00043664527035618182 -0.01277042934449301 0.010539976103102316 -0.0049668916805144844 0.017425624029530132 -0.0081350135459500612 -0.0082522642716237517 -8.8657804889955604e-05 0.0034531355276397739 -0.0084024391858597974 0.0087922572825432869 -0.011393402710783249 0.025507874188212615 -0.018921128043491917 -0.0090989231150651936 -0.020384661440160601 -0.0037988375537007599 -0.0014854569771912843 -0.029829655465463435 -0.020528535384208107 0.020708311481393262 -0.0092459082836620632 0.0020754704937144268 -0.0086512101328754133 0.022889104064656392 -0.011100432313862481 0.029507647041892595 0.013486380297374929 -0.01270645012709753 0.024847817173783815 -0.00049060018463879167 -0.0010799151926820731
leaf_weight=206 154 47 147 248 66 42 77 20 21 9362 30 20 293 41 100 104 38 62 266 262 51 88 279 103 37 256 21 21 22 94 176 44 321 29 54 45 62 1073 578 300 69 46 20 22 211 43 145 22 22 21 23 347 65 99 29 52 23 53 69 21 67 65
leaf_count=206 154 47 147 248 66 42 77 20 21 9362 30 20 293 41 100 104 38 62 266 262 51 88 279 103 37 256 21 21 22 94 176 44 321 29 54 45 62 1073 578 300 69 46 20 22 211 43 145 22 22 21 23 347 65 99 29 52 23 53 69 21 67 65
internal_value=6.60806e-05 -0.000935607 0.0104954 0.008039 -0.0012542 0.0200716 0.00408878 0.0250603 0.0348261 -0.0014578 -0.00150933 -0.00154383 0.00124655 -0.00221043 0.00380508 -0.00336333 0.0375321 0.0109922 0.00197262 0.00596974 0.00358298 -0.00173397 -0.00434912 -0.00594039 -0.00214311 -0.00401036 0.00627335 -0.00245451 0.00297868 0.000356581 0.0038597 -0.00267866 0.0119938 0.00667388 0.00962891 0.00035938 -0.00029513 -0.00155605 -0.00126071 -0.00153993 -0.00587633 0.000671669 -0.00278117 -0.00437902 -0.00619873 -0.00121713 -0.00762781 0.0112798 -0.00710465 -0.00429976 -3.96022e-06 -0.0104944 -0.00226203 -0.000238989 0.00856733 -0.000163087 0.00160152 0.00940787 -0.00452151 0.000574139 0.00552065 0.00542612
internal_weight=16794 15322 1472 1260 14954 311 949 212 63 14748 14682 14652 933 396 537 124 58 222 727 413 313 13719 872 717 438 359 79 42 155 580 270 310 368 145 116 133 355 12847 10355 9777 415 115 2492 1231 859 1261 188 42 817 448 237 369 214 193 94 372 320 141 179 110 88 118
internal_count=16794 15322 1472 1260 14954 311 949 212 63 14748 14682 14652 933 396 537 124 58 222 727 413 313 13719 872 717 438 359 79 42 155 580 270 310 368 145 116 133 355 12847 10355 9777 415 115 2492 1231 859 1261 188 42 817 448 237 369 214 193 94 372 320 141 179 110 88 118
is_linear=0
shrinkage=0.05


Tree=37
num_leaves=63
num_cat=0
split_feature=16 16 17 16 16 17 13 8 16 17 17 17 16 17 17 3 0 3 0 7 7 0 17 16 6 16 0 0 13 0 17 13 17 17 17 13 13 10 10 8 0 0 13 3 1 8 0 13 0 13 8 0 0 8 3 8 0 0 10 8 13 13
split_gain=61.2927 61.3838 9.61642 7.05528 5.51011 6.3583 4.03282 3.73008 3.37783 3.11491 3.52123 3.08898 2.56711 3.28132 3.22525 3.20677 2.48129 3.13781 2.64499 3.18698 2.4178 2.31301 1.90579 5.34432 2.77495 2.71448 3.73371 5.23075 2.83531 2.47978 2.38031 2.28955 1.99948 3.44769 1.85355 2.19849 1.75342 1.72086 4.46322 2.75228 2.44601 4.14619 2.37398 3.00656 2.26937 3.34482 4.61513 3.62038 3.30673 3.26073 4.30665 3.1135 5.53932 3.31209 3.10822 3.02494 3.5588 4.01784 3.16995 3.01705 2.69703 3.11793
threshold=1.2317167051578142 -2.2674922867601599 0.058375255521096951 4.3343861794140306 -0.94015808689270786 -0.53836478870930116 102.00000000000001 478.50000000000006 -6.8190580251124411 3.6762205501217919 0.36682952473842328 -1.1701627104884462 0.63249712101041644 0.20306160967635667 1.551972929097112 10001.500000000002 353355.00000000006 898453.00000000012 82781.500000000015 0.85950000000000004 1.0850000000000002 24922.000000000004 -0.10457865466973508 -0.32089599016789089 200585.50000000003 1.0000000180025095e-35 4002.5000000000005 11899.500000000002 5.5000000000000009 3656.0000000000005 -1.4053702441020783 1269.5000000000002 1.0000000180025095e-35 0.058375255521096951 -0.96166538290452952 120.50000000000001 40.500000000000007 114.50000000000001 97.500000000000014 113.00000000000001 158242.00000000003 841898.00000000012 272.00000000000006 155386.00000000003 1.0000000180025095e-35 337.00000000000006 6772.5000000000009 168.50000000000003 644756.50000000012 315.00000000000006 266.50000000000006 172865.00000000003 104991.00000000001 365.00000000000006 191864.00000000003 168.50000000000003 59284.000000000007 50129.500000000007 176.50000000000003 194.00000000000003 215.50000000000003 53.000000000000007
decision_type=2 2 2 2 2 2 2 2 2 2 2 2 2 2 2 2 2 2 2 2 2 2 2 2 2 2 2 2 2 2 2 2 2 2 2 2 2 2 2 2 2 2 2 2 2 2 2 2 2 2 2 2 2 2 2 2 2 2 2 2 2 2
left_child=1 2 8 34 5 21 -7 12 11 10 -5 36 14 -14 22 -15 18 -18 19 -9 -20 -3 24 -24 29 28 -27 -28 -25 -6 -31 37 -29 -34 -2 -36 -1 38 39 -30 42 -42 43 -41 48 46 59 -47 60 50 55 52 53 -49 -50 -48 57 58 -57 -46 61 -39
right_child=3 4 -4 9 7 6 -8 16 -10 -11 -12 -13 13 15 -16 -17 17 -19 20 -21 -22 -23 23 25 -26 26 27 32 31 30 -32 -33 33 -35 35 -37 -38 44 -40 40 41 -43 -44 -45 45 47 49 51 54 -51 -52 -53 -54 -55 -56 56 -58 -59 -60 -61 -62 -63
leaf_value=0.003359955644983554 0.023934052418715834 -0.0093769383243995225 0.035859855426287765 0.038586521793657277 0.0080018256733695239 0.029010501320466883 0.0060578128489179248 0.0158098365509169 0.0095300784710980954 0.038929735443818926 0.016576319855653734 0.026693301817399623 0.012460759819358189 0.0093205748181167808 0.017015579929857545 -0.0039800120392060974 -0.014722313072241824 0.00014470719071107583 0.0048228278949049774 -0.0058396099767648556 0.021210567742833461 0.0039038459891307768 0.016434481600412776 0.014373486579206916 0.013189395553946718 -0.022101110206741745 0.013303786882525669 -0.017648207554959459 -0.0012201936207767369 0.0051564551461889653 -0.0080787105261287476 -0.0073143989287077459 0.015330734281842388 -0.0058959551764923013 0.0058775424625508218 0.012561993383088131 0.016568884546386321 0.010578012573997434 0.0031012199780675515 -0.0095151668881024061 0.0084734925673411021 -0.010824968340986464 -0.016395951733111199 0.0021587691874454837 0.024238826330769715 -0.0054284053158693314 -0.0074156111015510036 -0.0038283887677713971 -0.0034264685617116947 -0.01636440493790468 -0.0095056082446248209 0.010663610499549461 -0.016169908191274823 0.019920782614307308 -0.018217469419966489 0.016828552847621085 -0.0052416476651355563 0.022312489491001088 -0.0036400649051090347 -0.0020920835765989828 0.00344699945063459 -0.0027168176032327054
leaf_weight=32 23 42 54 20 30 40 38 20 256 20 252 71 71 65 23 149 39 378 401 108 24 147 41 28 20 31 39 33 9212 37 357 168 20 357 247 254 138 47 583 157 70 46 63 84 20 174 149 29 141 79 366 100 40 29 48 26 101 33 68 23 365 668
leaf_count=32 23 42 54 20 30 40 38 20 256 20 252 71 71 65 23 149 39 378 401 108 24 147 41 28 20 31 39 33 9212 37 357 168 20 357 247 254 138 47 583 157 70 46 63 84 20 174 149 29 141 79 366 100 40 29 48 26 101 33 68 23 365 668
internal_value=6.295e-05 -0.00061941 0.0157768 0.0134287 -0.00120545 0.00591019 0.0179145 -0.00133114 0.0135779 0.0196747 0.0182267 0.0178511 -0.00153638 0.00315437 -0.0016329 3.89987e-05 0.00166601 -0.00123694 0.00386391 -0.00240815 0.00576479 0.000922722 -0.00166428 -0.00155722 -0.00489223 -0.00161278 -0.00530852 -0.00413332 -0.00147502 -0.00575984 -0.00682213 -0.00150995 -0.00580701 -0.00475284 0.00993555 0.00927827 0.0141153 -0.00143284 -0.00114391 -0.0014014 -0.00536278 0.000774856 -0.0077207 -0.0054263 -0.0026085 -0.00413391 -0.00583895 -0.000155288 -0.00111742 -0.0066782 -0.00563951 0.00445383 -0.00183613 0.00797399 -0.007217 -0.00187143 0.00173148 0.00731613 0.0019802 0.0100667 -4.4794e-05 -0.00183454
internal_weight=16794 15978 551 816 15427 267 78 15160 497 292 272 241 14190 285 13905 214 970 417 553 128 425 189 13882 13438 444 13397 480 449 12917 424 394 12889 410 377 524 501 170 12721 10215 9632 420 116 304 241 2506 1237 865 372 1269 822 743 198 98 58 189 377 228 127 94 43 1080 715
internal_count=16794 15978 551 816 15427 267 78 15160 497 292 272 241 14190 285 13905 214 970 417 553 128 425 189 13882 13438 444 13397 480 449 12917 424 394 12889 410 377 524 501 170 12721 10215 9632 420 116 304 241 2506 1237 865 372 1269 822 743 198 98 58 189 377 228 127 94 43 1080 715
is_linear=0
shrinkage=0.05


Tree=38
num_leaves=63
num_cat=0
split_feature=15 16 16 16 16 16 15 15 15 15 17 17 15 16 16 2 8 17 2 13 17 13 13 13 16 15 3 16 17 13 13 3 13 2 8 10 7 13 17 7 16 2 2 3 2 3 11 2 2 9 10 5 13 3 8 8 3 8 13 13 13 9
split_gain=59.3724 20.1468 17.8011 17.3962 14.1739 7.32912 6.08651 4.83618 3.39226 3.02067 2.87631 2.83802 2.81724 3.78505 6.76527 4.06214 2.68893 2.67364 2.57211 2.56124 2.46762 2.35128 2.19305 2.11331 2.10097 2.09348 2.08244 3.23127 2.46761 2.00514 2.49652 1.93684 1.93662 2.9306 1.89318 2.43518 1.81424 2.64351 1.79933 1.79025 3.30901 1.78686 4.50863 4.62243 3.84588 3.95396 2.86448 2.75808 5.08485 1.96218 1.82163 5.56321 3.94494 3.59108 3.42845 6.89926 2.93397 2.89422 3.26776 4.62585 3.48101 2.86038
threshold=2.5000000000000004 1.7513471901462665 -6.8190580251124411 1.5030060120240494 -4.2806117427088006 -0.94015808689270786 12.500000000000002 3.5000000000000004 5.5000000000000009 7.5000000000000009 1.893590511508892 -1.5180866215562507 1.5000000000000002 0.48544275035498646 -0.70551848248131133 5267270.5000000009 478.50000000000006 -0.53836478870930116 526072.00000000012 5.5000000000000009 -0.53836478870930116 342.00000000000006 228.00000000000003 120.50000000000001 0.12819865638553404 5.5000000000000009 272886.00000000006 -0.070342172213317136 -0.262364264467491 166.50000000000003 62.500000000000007 145219.00000000003 1269.5000000000002 10181201.500000002 26.500000000000004 114.50000000000001 0.97800000000000009 51.500000000000007 -1.1701627104884462 0.85950000000000004 0.98152424942263305 3680387.0000000005 3396885.5000000005 15520.500000000002 3478016.5000000005 8202.0000000000018 2.5000000000000004 3321308.0000000005 3276698.0000000005 3.5000000000000004 134.50000000000003 3.5000000000000004 48.500000000000007 261071.50000000003 33.500000000000007 36.500000000000007 325922.00000000006 49.500000000000007 136.50000000000003 215.50000000000003 230.50000000000003 1.5000000000000002
decision_type=2 2 2 2 2 2 2 2 2 2 2 2 2 2 2 2 2 2 2 2 2 2 2 2 2 2 2 2 2 2 2 2 2 2 2 2 2 2 2 2 2 2 2 2 2 2 2 2 2 2 2 2 2 2 2 2 2 2 2 2 2 2
left_child=1 4 7 5 21 9 23 -2 18 20 11 -6 16 14 17 39 19 -14 -7 -13 -4 34 -17 -5 26 -25 27 28 -20 30 -26 -22 41 -34 -1 -36 37 -29 -9 -15 -41 42 47 44 45 -44 -45 48 50 -49 54 52 -52 -54 -21 61 -55 58 -57 -60 -61 -56
right_child=2 -3 3 6 10 8 -8 38 -10 -11 -12 12 13 15 -16 22 -18 -19 24 32 31 -23 -24 25 29 -27 -28 36 -30 -31 -32 -33 33 -35 35 -37 -38 -39 -40 40 -42 -43 43 46 -46 -47 -48 49 -50 -51 51 -53 53 56 55 57 -58 -59 59 60 -62 -63
leaf_value=0.016232061561107972 0.01728687199239784 0.010693642591080469 0.006470433586830842 0.011868082871390837 0.0089669996593129912 -0.013400265604048689 0.044460834815250753 0.024271870600939983 0.0082385067087647548 0.027282547007821952 0.01409794969973077 0.013657370273328763 -0.0020015286632624192 0.0010503386299931953 -0.0095875451964161917 0.0041194725293452784 0.0014882962723851722 0.01108490626192643 -0.0040666610970459772 -0.0017166442154046271 0.021721409451682883 0.026345861803154014 0.020869900213282729 0.017111555798070568 0.0063451227480003829 0.031088916476404244 0.0079534429239063731 -0.029870373415191789 0.0094885876918865825 0.01000664910606055 -0.0063010477957352682 0.0051234044712679143 -0.010338735634133185 0.005523065518778611 -0.00013139409390328151 0.015098474472495694 0.00035539598050990921 -0.0081320501442482002 0.043325854627554922 -0.0011699355838763349 -0.020308194423502009 -0.0020343108309997604 0.015398110183531363 -0.0037543120386589707 0.023515055610009133 -0.013186374817284484 0.0084691683662340613 -0.011825418173075914 0.015234887740901999 0.00073821160714237057 -0.019585233969204825 -0.023162219695341733 -0.0044077450305729134 0.0071019798753244228 0.0045251863033144392 0.0011103365108091738 -0.0014092422979520335 -0.0007643743325953644 0.031348920320447587 -0.0098819837922649641 0.010038384645724624 0.028910185352116327
leaf_weight=71 58 368 178 138 66 32 21 20 179 28 30 28 146 107 450 68 855 53 94 3320 61 25 28 115 91 37 45 22 52 99 68 26 130 37 68 42 23 41 44 62 36 5601 30 129 51 20 76 100 48 44 32 33 562 157 21 442 283 1514 21 27 111 30
leaf_count=71 58 368 178 138 66 32 21 20 179 28 30 28 146 107 450 68 855 53 94 3320 61 25 28 115 91 37 45 22 52 99 68 26 130 37 68 42 23 41 44 62 36 5601 30 129 51 20 76 100 48 44 32 33 562 157 21 442 283 1514 21 27 111 30
internal_value=6.0079e-05 -0.000861115 0.00965156 0.00799212 -0.00114587 0.00487934 0.0183704 0.0279517 0.00223857 0.0115828 -0.00132814 -0.00136002 -0.00140694 -0.00404218 -0.00619191 0.000576861 -0.00122383 0.00146251 0.000334473 -0.00140473 0.00989545 0.0118733 0.00907368 0.0164492 0.00116769 0.020565 -0.00184327 -0.00376764 0.000730203 0.00441921 0.00090471 0.0168301 -0.00143813 -0.00679332 0.00983323 0.00564667 -0.0114536 -0.0158378 0.0374966 -0.00338024 -0.00826482 -0.00136699 -0.000836176 0.00509598 0.0138482 0.00386102 0.000754861 -0.00110611 -0.000955852 -0.00795398 -0.00107544 -0.00296709 -0.00231555 -0.00175714 -0.000706565 0.000839363 0.00161728 0.00039831 0.00333523 0.00948413 0.00610038 0.0189957
internal_weight=16794 15322 1472 1350 14954 1039 311 122 746 293 14748 14718 14652 950 649 301 13702 199 567 12847 265 206 96 290 535 152 277 232 146 258 159 87 12819 167 181 110 86 63 64 205 98 12652 7051 306 101 50 205 6745 6601 144 6553 1067 1034 1002 5486 2166 440 2115 601 159 138 51
internal_count=16794 15322 1472 1350 14954 1039 311 122 746 293 14748 14718 14652 950 649 301 13702 199 567 12847 265 206 96 290 535 152 277 232 146 258 159 87 12819 167 181 110 86 63 64 205 98 12652 7051 306 101 50 205 6745 6601 144 6553 1067 1034 1002 5486 2166 440 2115 601 159 138 51
is_linear=0
shrinkage=0.05


Tree=39
num_leaves=63
num_cat=0
split_feature=15 16 16 16 16 15 16 16 15 16 15 15 8 16 16 16 5 13 8 13 0 0 0 8 13 3 5 3 0 8 7 9 0 0 8 8 0 3 0 13 0 0 0 0 3 13 0 8 0 8 11 8 6 0 0 0 3 0 0 16 16 3
split_gain=53.6101 18.1826 16.073 15.9491 12.7972 5.53987 5.08636 4.9208 4.36291 3.12344 2.9057 2.72473 2.683 2.35145 3.09879 4.10071 2.41454 2.27295 2.26 3.41112 4.14636 3.96876 6.54435 3.33854 3.26761 3.24672 2.72914 3.20155 2.6864 2.84345 2.23353 2.18243 3.63684 3.3582 3.94564 3.7487 3.62825 2.93224 2.85834 2.12098 2.07095 3.63882 2.07238 2.55478 2.39166 2.03054 2.00625 1.91185 3.49891 1.90545 1.89336 2.33887 1.8361 2.88531 3.4044 3.09282 2.77139 2.44453 2.26142 2.14953 2.99945 2.17732
threshold=2.5000000000000004 1.7513471901462665 -6.8190580251124411 2.4376363228124194 -4.2806117427088006 5.5000000000000009 -0.94015808689270786 0.89025132091212467 3.5000000000000004 7.2413914549653464 5.5000000000000009 7.5000000000000009 528.50000000000011 0.7703271457330223 1.0000000180025095e-35 0.11547344110854506 1.5000000000000002 5.5000000000000009 337.00000000000006 114.50000000000001 353355.00000000006 152294.00000000003 158242.00000000003 272.00000000000006 167.50000000000003 1328137.0000000002 5.5000000000000009 50376.500000000007 644756.50000000012 276.50000000000006 0.89415000000000011 3.5000000000000004 103252.50000000001 51918.500000000007 472.00000000000006 365.00000000000006 10746.500000000002 473541.00000000006 24922.000000000004 342.00000000000006 503322.00000000006 406215.50000000006 253871.00000000003 169050.00000000003 425095.50000000006 1269.5000000000002 414176.00000000006 67.500000000000014 570937.00000000012 16.500000000000004 11.500000000000002 528.50000000000011 244124.50000000003 176396.00000000003 522853.00000000006 392675.50000000006 35387.500000000007 1001865.5000000001 841898.00000000012 -1.1547344110854498 -1.0000000180025095e-35 119945.50000000001
decision_type=2 2 2 2 2 2 2 2 2 2 2 2 2 2 2 2 2 2 2 2 2 2 2 2 2 2 2 2 2 2 2 2 2 2 2 2 2 2 2 2 2 2 2 2 2 2 2 2 2 2 2 2 2 2 2 2 2 2 2 2 2 2
left_child=1 4 8 6 39 -5 11 10 -2 -7 12 -4 -8 14 17 -16 -17 -6 23 -20 21 25 -23 26 -22 31 45 -28 29 -25 -18 33 -33 34 36 -35 -21 -34 -38 46 41 42 43 44 -31 52 -1 48 -12 -9 -24 -52 59 56 55 -55 -54 58 -56 61 -61 -19
right_child=2 -3 3 5 13 9 7 49 -10 -11 47 -13 -14 -15 15 16 30 18 19 20 24 22 50 28 -26 -27 27 -29 -30 40 -32 32 37 35 -36 -37 38 -39 -40 -41 -42 -43 -44 -45 -46 -47 -48 -49 -50 -51 51 -53 53 54 57 -57 -58 -59 -60 60 -62 -63
leaf_value=0.0060696955692008669 0.016424016158494027 0.010159105765409057 0.00940318979872359 0.01535370835262915 0.012976932013904497 0.022579853864776536 -0.0014879527373757064 0.0014857396275616624 0.035630983602424122 0.046892992484158486 0.017543291824768489 0.025923274413705722 0.016727822825811377 0.0038038717719413324 -0.016267753917316677 -0.0053822485149535452 0.014182789712226635 0.0084368067532409122 -0.0051999362602208775 -0.0026062248793629859 -0.018363084236985631 0.030948700425575904 2.1157513872951296e-05 -0.018698089130875568 -0.0010907588215877723 0.012341908698421932 -0.0048954621608743656 -0.025759490083785083 -0.022638016176449744 -0.0047679892300052477 -0.0035854087224090857 -0.010663351885432428 -0.0026761034908413107 -0.018646357692394061 -0.0097651308745294058 0.0045241605110138026 0.03442260263083257 0.015302791278128608 0.010345519983505837 0.025033816527501047 0.0096078849294855932 -0.024662063623915351 0.0041604058070502372 -0.018144189596198658 0.009405596839768866 -0.006595127166447461 0.01802661429764418 0.00058263843172983907 -0.0060932526856067757 0.012602503265281204 0.011129237496606638 0.0011904781370942045 -0.017350537897264196 -0.0026370023885375453 -0.0076495068925171474 0.010401978593658653 -0.0032725198277515632 0.0012205378680406114 -0.026948993867545418 -0.0076002356529844889 -0.00096120099227877645 -0.0087324831483051243
leaf_weight=132 58 368 265 145 28 30 470 52 64 26 67 28 21 225 74 276 34 106 223 20 29 27 114 33 485 50 117 22 21 378 36 114 91 29 20 43 25 30 26 25 28 21 76 33 32 172 49 64 20 162 176 91 69 112 48 76 73 41 23 173 10806 22
leaf_count=132 58 368 265 145 28 30 470 52 64 26 67 28 21 225 74 276 34 106 223 20 29 27 114 33 485 50 117 22 21 378 36 114 91 29 20 43 25 30 26 25 28 21 76 33 32 172 49 64 20 162 176 91 69 112 48 76 73 41 23 173 10806 22
internal_value=5.74594e-05 -0.000817877 0.00917164 0.00759454 -0.00108841 0.0205937 0.00531459 0.00335915 0.0265617 0.0340207 0.00116103 0.0110073 -0.000695438 -0.00126161 -0.00134046 -0.00557553 -0.00327027 -0.00121395 -0.00124262 0.000528556 0.00146496 0.00359846 0.00716598 -0.00146907 -0.00207838 0.000337437 -0.00128121 -0.00824977 -0.00504224 -0.00441543 0.00498145 -0.00116082 -0.00425295 0.00326636 0.00966368 -0.00475198 0.0152129 0.00174914 0.0222901 0.0112822 -0.00357369 -0.00426808 -0.00342867 -0.00474256 -0.00364754 -0.00119808 0.00934243 0.00722718 0.0120514 0.00992654 0.00545979 0.0077623 -0.00111721 -0.00428061 -0.00148056 0.00261022 -0.0101558 -0.00838804 -0.0140009 -0.000990833 -0.00106634 0.00544229
internal_weight=16794 15322 1472 1350 14954 201 1149 856 122 56 642 293 491 14748 14523 420 346 14103 14075 1593 1370 856 408 12482 514 448 11860 139 622 601 70 398 235 163 91 72 71 121 51 206 568 540 519 443 410 11721 181 151 87 214 381 267 11549 442 300 188 142 112 71 11107 10979 128
internal_count=16794 15322 1472 1350 14954 201 1149 856 122 56 642 293 491 14748 14523 420 346 14103 14075 1593 1370 856 408 12482 514 448 11860 139 622 601 70 398 235 163 91 72 71 121 51 206 568 540 519 443 410 11721 181 151 87 214 381 267 11549 442 300 188 142 112 71 11107 10979 128
is_linear=0
shrinkage=0.05


Tree=40
num_leaves=63
num_cat=0
split_feature=15 16 16 16 16 15 15 15 16 15 2 0 0 2 2 11 0 2 10 13 11 13 3 13 8 10 0 13 2 3 0 0 8 3 16 16 13 13 0 2 5 13 16 8 13 2 13 2 10 3 10 0 11 10 13 6 0 0 13 2 0 10
split_gain=50.0893 18.7252 12.8004 13.0716 9.89975 5.53182 4.09359 3.39858 3.07482 2.88312 2.47374 2.42008 4.15496 5.18666 4.31028 4.0463 3.89988 6.90997 3.98074 3.76979 3.75108 3.8776 3.62925 3.41523 3.66028 3.4863 2.96869 5.37242 2.77012 2.768 2.57718 5.15423 2.54526 2.46846 2.39134 3.50507 2.37249 3.41422 2.60803 3.17756 2.55782 2.53097 2.31292 2.6058 2.29472 5.23449 3.18029 3.47736 2.81407 2.28774 4.68076 3.11143 2.76107 2.47062 2.20538 4.86893 3.7371 5.06059 4.01913 3.87355 3.10708 4.13807
threshold=2.5000000000000004 0.7703271457330223 -4.1082164328657322 4.6795237656961239 -2.0785219399538084 4.5000000000000009 4.5000000000000009 5.5000000000000009 6.2505997506703013 1.5000000000000002 1080425.5000000002 134767.50000000003 60181.000000000007 7311620.0000000009 6736279.0000000009 10.500000000000002 53829.000000000007 24093216.000000004 274.50000000000006 32.500000000000007 4.5000000000000009 132.50000000000003 15482.500000000002 5.5000000000000009 12.500000000000002 11.500000000000002 1221382.0000000002 259.00000000000006 4927290.5000000009 15520.500000000002 35861.000000000007 8731.0000000000018 27.500000000000004 130084.50000000001 -1.6741466019357316 0.89025132091212467 49.500000000000007 21.500000000000004 104991.00000000001 1924291.0000000002 1.0000000180025095e-35 42.500000000000007 -10.909495509114473 113.00000000000001 486.50000000000006 484246.50000000006 243.50000000000003 1235532.0000000002 551.50000000000011 7442.0000000000009 31.500000000000004 70901.000000000015 1.5000000000000002 162.50000000000003 128.50000000000003 52303.000000000007 81005.500000000015 91895.000000000015 198.50000000000003 3808457.5000000005 67478.000000000015 33.500000000000007
decision_type=2 2 2 2 2 2 2 2 2 2 2 2 2 2 2 2 2 2 2 2 2 2 2 2 2 2 2 2 2 2 2 2 2 2 2 2 2 2 2 2 2 2 2 2 2 2 2 2 2 2 2 2 2 2 2 2 2 2 2 2 2 2
left_child=1 4 7 5 42 34 -5 -2 -3 11 -10 12 16 14 36 49 19 18 20 23 21 29 -16 -6 28 -26 44 -28 -25 -18 31 32 -27 -31 -4 -36 37 -14 39 -39 -41 -40 43 -1 46 -46 48 -48 -13 -15 -51 53 -53 -52 55 -38 60 59 -59 -58 61 -56
right_child=2 8 3 6 9 -7 -8 -9 10 -11 -12 26 13 15 22 -17 17 -19 -20 -21 -22 -23 -24 24 25 30 27 -29 -30 33 -32 -33 -34 -35 35 -37 54 38 41 40 -42 -43 -44 -45 45 -47 47 -49 -50 50 51 52 -54 -55 56 -57 57 58 -60 -61 -62 -63
leaf_value=0.008815568878712484 0.01790075709618796 0.0062556160812274695 0.0099582359236970921 0.01525930866491673 0.013738407525002147 0.010163139535852942 0.034525559618554989 0.03619289582900679 -0.00029588311317548226 -0.0042319072437706114 0.018822595136444006 7.5392490918282221e-05 -0.016909218287635676 -0.027427169294824819 0.02431792266224422 0.002578820641513992 0.005223027565561679 0.031552914533569919 -0.019477163700025474 -0.00083091030741115092 0.010062042735161194 0.005568120819554166 0.0014245238418212043 -0.0045392184579554481 -0.025625706591412552 -0.004489214231606818 -0.0020959825960467598 -0.018939225793344349 0.009588928292267514 -0.015639572016118937 -0.020275729109334485 0.0055841584934368613 -0.022295274290906539 0.0033713696027233586 -0.00047787407465337976 0.0073206393540792558 -0.0048610889164711381 0.0064406779096305199 0.021197357449320053 0.003983753746446452 -0.013415898083297746 0.00028731016249492245 0.0046228380884465172 0.026134018611965456 -0.02361302110030479 -0.0017657763316714294 0.023749647453709805 0.0030669306426571469 -0.016397607954525856 0.0046936706984056636 -0.033245259845022891 -0.015418021639247024 -0.0027937134366374182 -0.010402199381000199 0.0054475754876614621 -0.02616663969443362 -0.020374507312728486 0.0080305252224206949 -0.0050290898332690705 -0.00059130478780867286 0.0056084022293025008 -0.010520365764968398
leaf_weight=78 164 486 108 71 22 422 47 31 20 740 94 3853 23 21 26 62 36 21 20 4904 136 142 53 218 35 41 449 53 41 70 36 62 41 22 465 208 658 98 34 34 54 26 192 31 29 494 21 627 26 44 30 99 79 21 72 28 78 78 238 37 219 92
leaf_count=78 164 486 108 71 22 422 47 31 20 740 94 3853 23 21 26 62 36 21 20 4904 136 142 53 218 35 41 449 53 41 70 36 62 41 22 465 208 658 98 34 34 54 26 192 31 29 494 21 627 26 44 30 99 79 21 72 28 78 78 238 37 219 92
internal_value=0.000214832 -0.00064688 0.00888247 0.00711044 -0.00100192 0.0055461 0.0229982 0.0208514 0.00800886 -0.00119057 0.0154273 -0.00102473 -0.00157864 -0.00342945 -0.00236091 -0.00896 -0.000880087 0.00360473 0.00220818 -0.00125232 0.00329327 -0.000100131 0.00904349 -0.0054077 -0.0063096 -0.0111366 -0.00022058 -0.00388763 -0.00228058 -0.00642682 -0.00827885 -0.00523294 -0.0134695 -0.0110405 0.00304398 0.00192567 -0.00287352 0.00143665 0.0031784 0.000225021 -0.00663966 0.0122351 0.00796849 0.0138063 0.000143026 -0.00299103 0.000506264 0.00374848 -3.4153e-05 -0.0114104 -0.0101504 -0.0130252 -0.00984789 -0.0239759 -0.00364986 -0.00574168 -0.00188034 -0.00507638 -0.00178818 -0.014059 0.00170359 -0.00348053
internal_weight=16760 15244 1516 1321 14644 1203 118 195 600 14343 114 13603 8051 2204 1848 356 5847 447 426 5400 406 270 79 496 474 215 5552 502 259 128 180 144 82 92 781 673 1769 269 246 186 88 60 301 109 5050 523 4527 648 3879 294 273 229 178 51 1500 686 814 431 316 115 383 164
internal_count=16760 15244 1516 1321 14644 1203 118 195 600 14343 114 13603 8051 2204 1848 356 5847 447 426 5400 406 270 79 496 474 215 5552 502 259 128 180 144 82 92 781 673 1769 269 246 186 88 60 301 109 5050 523 4527 648 3879 294 273 229 178 51 1500 686 814 431 316 115 383 164
is_linear=0
shrinkage=0.05


Tree=41
num_leaves=63
num_cat=0
split_feature=15 15 17 17 17 15 0 17 0 7 0 10 0 2 10 3 0 2 11 5 0 3 10 2 3 2 2 0 2 2 0 0 2 9 3 0 15 2 2 2 7 0 2 7 0 3 0 0 0 3 15 3 2 0 0 1 2 2 2 0 2 0
split_gain=45.2185 10.8271 8.683 7.23613 6.03937 3.21819 2.9968 3.91661 3.71806 8.03809 3.17416 4.35718 2.99315 5.47342 4.44137 3.57114 2.82562 6.11572 3.59116 9.15235 4.17118 3.50914 3.3525 2.99633 2.89688 2.74665 5.79435 4.03478 2.73237 3.79457 3.35904 2.67652 6.48541 3.9632 4.37189 2.65724 3.47302 2.8645 4.29918 3.13403 3.02776 7.20181 3.3019 3.05844 5.22243 3.37091 3.07785 3.32865 2.68494 2.60678 2.55743 2.50718 2.47347 2.49693 2.52374 3.63609 2.67253 4.12021 2.46731 3.49498 4.70819 3.70843
threshold=2.5000000000000004 7.5000000000000009 -1.6431756028395406 2.2085635144270723 -2.8368763641022521 4.5000000000000009 134767.50000000003 1.1885719207792216 60181.000000000007 1.1050000000000002 137687.50000000003 72.500000000000014 65133.000000000007 1524938.0000000002 29.500000000000004 13912.000000000002 53829.000000000007 24093216.000000004 4.5000000000000009 2.5000000000000004 57832.500000000007 178567.50000000003 34.500000000000007 2192932.5000000005 12850.500000000002 10181201.500000002 8471873.5000000019 227074.00000000003 17578278.500000004 19752874.500000004 176396.00000000003 51076.000000000007 1452349.0000000002 3.5000000000000004 95511.500000000015 1598203.0000000002 1.5000000000000002 905443.50000000012 806470.00000000012 1538260.0000000002 0.9275000000000001 143609.50000000003 1657984.0000000002 1.0850000000000002 841898.00000000012 294448.50000000006 204484.50000000003 188246.00000000003 548812.50000000012 5177.0000000000009 12.500000000000002 117172.50000000001 583017.00000000012 44599.500000000007 45545.000000000007 1.0000000180025095e-35 3276698.0000000005 3997066.0000000005 5315255.0000000009 115679.50000000001 7204499.0000000009 110255.00000000001
decision_type=2 2 2 2 2 2 2 2 2 2 2 2 2 2 2 2 2 2 2 2 2 2 2 2 2 2 2 2 2 2 2 2 2 2 2 2 2 2 2 2 2 2 2 2 2 2 2 2 2 2 2 2 2 2 2 2 2 2 2 2 2 2
left_child=2 4 -1 6 -2 -6 8 10 16 12 11 -8 13 -10 15 49 31 18 19 20 23 -20 -22 -18 -25 26 35 -28 30 -30 -27 52 -33 34 -34 37 -37 38 -12 -39 42 -42 48 -43 45 46 47 -45 -41 -15 -3 -11 -4 -54 55 -55 -56 -58 -14 60 61 -60
right_child=1 50 3 -5 5 -7 7 -9 9 51 25 -13 58 14 -16 -17 17 -19 21 -21 22 -23 -24 24 -26 28 27 -29 29 -31 -32 32 33 -35 -36 36 -38 39 -40 40 41 43 -44 44 -46 -47 -48 -49 -50 -51 -52 -53 53 54 56 -57 57 -59 59 -61 -62 -63
leaf_value=0.011472478487187687 0.032495115310340737 0.018198913388888051 -0.0041524260480652921 0.014643099360380924 0.0051208858147750421 0.010583310620655517 0.021460502576620716 0.010262381954393659 0.0065177903688262073 -0.019538258841255204 -0.0016097733196994452 -0.0071766247722639953 -0.0029074690610483241 -0.0007105174605422618 -0.016749716621947453 0.014777887047336988 -0.0035279826393255116 0.028603524230083461 0.02030724199463833 -0.032541629153712573 -0.015139188064925896 0.0033197347496187858 0.0049058042861219505 0.020764961434723322 0.0043145899894546534 -0.022909437386052948 0.028067190916602182 0.0063204373840143576 0.0044836494051429367 -0.0019474118087083479 -0.0035029739240326585 0.0088418425193289799 -0.016894166618530909 -0.025891752169929685 0.0046625354467716134 -0.0076452304589810175 0.012098294837897518 0.0041047944759106314 -0.017693479787437103 0.0014586013376797573 -0.02755599297390653 -0.0035283334577448353 0.0021344855950231759 0.0067333641734537214 -0.013791155096805155 0.015994639340280184 0.0071120688324947268 -0.014557874892033688 -0.011118444210522035 -0.023019743739483664 0.035412321506180795 -0.0054556204433629137 -0.00085791759895336079 0.028988146108503528 -0.0030930104740584489 0.0027400338497897744 0.027319217076645565 0.0030789233763533533 0.0054844911614944959 -0.0060901686424251191 -0.0023878439088302326 0.026934280270095326
leaf_weight=147 23 112 526 76 976 377 38 92 56 92 434 20 1348 39 130 23 65 22 41 22 58 121 32 40 84 23 26 124 310 880 751 47 51 40 43 188 25 641 46 79 27 565 1572 31 41 58 124 44 90 20 28 50 4817 22 153 34 20 144 252 142 236 22
leaf_count=147 23 112 526 76 976 377 38 92 56 92 434 20 1348 39 130 23 65 22 41 22 58 121 32 40 84 23 26 124 310 880 751 47 51 40 43 188 25 641 46 79 27 565 1572 31 41 58 124 44 90 20 28 50 4817 22 153 34 20 144 252 142 236 22
internal_value=0.000204157 0.0084396 -0.000614571 -0.00073267 0.00708531 0.0066473 -0.000810895 2.7363e-05 -0.00140535 -0.00307923 -0.000125421 0.0115042 -0.00235371 -0.0073204 -0.0110007 -0.00181619 -0.00077243 0.00289294 0.00165456 -0.00156234 0.000873342 0.00765976 -0.00795905 0.00510767 0.00967391 -0.000237389 0.000495909 0.0101394 -0.0017763 -0.000267656 -0.004089 -0.00107478 -0.0070632 -0.0126816 -0.00698551 0.00012958 -0.00529986 0.000439273 -0.00316491 0.000969612 0.000203749 -0.00216621 0.0014182 -0.00136297 0.00272555 0.00538429 0.00226024 -0.00569367 -0.00521228 -0.00838372 0.0217001 -0.0146221 -0.000884159 -0.000551888 0.00338602 0.0131742 0.00163749 0.00608037 -0.00168534 0.000833775 0.00277224 0.00723418
internal_weight=16760 1516 15244 15097 1376 1353 15021 6229 8792 2410 6137 58 2268 268 212 82 6382 485 463 301 279 162 90 189 124 6079 4115 150 1964 1190 774 5897 181 134 94 3965 213 3752 480 3272 2631 890 1741 863 298 257 199 75 169 59 140 142 5716 5190 373 56 317 164 2000 652 510 274
internal_count=16760 1516 15244 15097 1376 1353 15021 6229 8792 2410 6137 58 2268 268 212 82 6382 485 463 301 279 162 90 189 124 6079 4115 150 1964 1190 774 5897 181 134 94 3965 213 3752 480 3272 2631 890 1741 863 298 257 199 75 169 59 140 142 5716 5190 373 56 317 164 2000 652 510 274
is_linear=0
shrinkage=0.05


Tree=42
num_leaves=63
num_cat=0
split_feature=15 15 17 17 17 17 2 17 15 15 3 10 2 10 17 13 13 17 13 13 5 7 6 2 2 10 4 3 3 3 10 2 10 3 10 3 2 5 3 7 2 4 4 3 9 2 3 2 2 2 2 10 10 3 3 7 1 10 2 2 13 2
split_gain=40.8186 9.77429 7.83699 6.53158 5.45221 3.12286 2.68221 2.3576 2.30556 2.2433 2.47292 3.42546 3.21298 2.07153 2.02043 3.65793 3.38449 4.1147 1.99915 1.93277 1.91659 1.80412 1.72708 2.01315 2.06824 1.67219 2.28143 1.62922 1.59735 1.59016 2.55167 2.12747 1.80459 1.78558 1.58177 4.31399 3.83004 3.41923 3.26158 6.46839 4.44819 4.08706 3.10696 3.04266 3.34096 3.03759 2.98096 2.69979 2.62605 4.07038 2.98711 3.84582 2.54365 3.94147 2.46286 3.52102 2.34635 4.08318 3.74905 4.33655 2.22577 2.09565
threshold=2.5000000000000004 7.5000000000000009 -1.6431756028395406 2.2085635144270723 -2.8368763641022521 2.0366518159440967 336121.00000000006 0.89794159320595879 12.500000000000002 3.5000000000000004 8684.5000000000018 17.500000000000004 4248149.5000000009 109.50000000000001 -0.20556542282192053 141.50000000000003 120.50000000000001 0.84729786038720378 38.500000000000007 114.50000000000001 1.5000000000000002 1.0475000000000001 691106.00000000012 2783836.5000000005 2296347.5000000005 70.500000000000014 1.0000000180025095e-35 24826.500000000004 4370.5000000000009 3327.0000000000005 24.500000000000004 1638462.0000000002 9.5000000000000018 523466.50000000006 12.500000000000002 23250.500000000004 10181201.500000002 1.5000000000000002 26496.500000000004 0.84415000000000007 2925463.0000000005 1.0000000180025095e-35 1.0000000180025095e-35 2162.5000000000005 4.5000000000000009 2032819.0000000002 30404.000000000004 2006675.0000000002 6037680.0000000009 4363218.5000000009 1780048.0000000002 7.5000000000000009 6.5000000000000009 13384.000000000002 3043.0000000000005 0.93665000000000009 1.0000000180025095e-35 39.500000000000007 3478016.5000000005 3551583.0000000005 109.50000000000001 2514577.0000000005
decision_type=2 2 2 2 2 2 2 2 2 2 2 2 2 2 2 2 2 2 2 2 2 2 2 2 2 2 2 2 2 2 2 2 2 2 2 2 2 2 2 2 2 2 2 2 2 2 2 2 2 2 2 2 2 2 2 2 2 2 2 2 2 2
left_child=2 4 25 7 -2 6 -6 22 -3 10 12 19 28 27 15 20 17 -16 -11 -12 -13 -18 34 24 -24 -1 -27 -7 -8 -9 31 -31 -33 -32 36 37 42 61 39 40 -37 -42 46 60 48 47 -4 -41 49 50 54 -52 -50 -54 -45 -56 57 -39 -58 -60 -44 -36
right_child=1 8 3 -5 5 13 9 29 -10 18 11 14 -14 -15 16 -17 21 -19 -20 -21 -22 -23 23 -25 -26 26 -28 -29 -30 30 33 32 -34 -35 35 38 -38 56 -40 45 41 -43 43 44 -46 -47 -48 -49 52 -51 51 -53 53 -55 55 -57 58 -59 59 -61 -62 -63
leaf_value=0.0069750717884249974 0.030877392710029306 0.017289779581259154 -0.0015441341137363866 0.013911906640417386 -0.008605522500507742 0.013483827187746695 0.0023481570530043024 -0.010289630439336325 0.033648006658788997 -0.00071357202919748286 -0.0025775104761123655 0.020222736596928349 0.022347307907406803 0.005095148041768147 -0.017445567493537546 0.00017967121598092613 0.008106450990768569 0.0061350436813114488 0.0089476348497338661 -0.02245992828364396 0.0028009102026653751 -0.0076053057371626076 -0.00079820070645255509 -0.0026089490721534284 -0.021004146951745073 0.0089997320151103729 0.0310003411554471 0.029763960956784959 0.015860603704428784 -0.0012928954382513879 -0.0012167295373349679 0.0010064383728505531 0.017701469113182294 0.011773834822675472 -0.0077102955438214009 0.029832801585175629 0.0060396570236086553 -0.0040969938282144217 -0.0008749064397509318 0.0023728792332213203 -0.0070135793146194059 0.017521664333713247 -0.012770087071252793 0.0098602177655344389 -0.014287673496328715 -0.00058990530264369423 -0.01744917600641516 0.023798122483702652 -0.00022730493911873067 -0.0086471688892419928 0.0021231522061162938 0.011734084805552856 0.029192887835947263 0.00089907912908219047 0.00046957939129691948 -0.017658783655839033 -8.7503629578028971e-05 0.010620281752377692 0.030294581645804061 0.0036283453118289427 -0.00049132454450167228 -0.0033356453635100419
leaf_weight=97 23 112 1570 76 32 43 105 20 28 58 33 56 35 39 47 84 99 30 573 20 23 22 21 211 34 29 21 26 28 31 175 22 69 31 413 32 256 481 8343 37 29 40 60 65 30 510 30 25 30 84 263 174 31 21 567 28 236 52 24 43 98 835
leaf_count=97 23 112 1570 76 32 43 105 20 28 58 33 56 35 39 47 84 99 30 573 20 23 22 21 211 34 29 21 26 28 31 175 22 69 31 413 32 256 481 8343 37 29 40 60 65 30 510 30 25 30 84 263 174 31 21 567 28 236 52 24 43 98 835
internal_value=0.000194083 0.00801862 -0.000583779 -0.000695992 0.00673159 0.00631518 0.00560024 -0.000770327 0.0206188 0.0059798 0.00372387 0.00163197 0.00884512 0.0144978 0.00338565 0.00750648 0 -0.00819742 0.0080517 -0.0102026 0.0152237 0.00520456 -0.000867073 -0.0048622 -0.0133953 0.0108992 0.0183832 0.0197249 0.00524023 0.00329359 0.00413996 0.00987064 0.0137257 0.000718665 -0.00079293 -0.00107895 0.000165596 -0.00312972 -0.000604343 0.00274196 0.0144031 0.00714216 -0.000325821 0.00134763 0.00215083 0.000672008 -0.00184655 0.011117 0.00254635 0.00193994 0.00275589 0.00596318 0.0112062 0.0178862 0.000624128 -0.000377942 -0.000648159 -0.00265006 0.00285655 0.0132859 -0.0051909 -0.00478785
internal_weight=16760 1516 15244 15097 1376 1353 1245 15021 140 1213 582 414 168 108 361 163 198 77 631 53 79 121 14673 266 55 147 50 69 133 348 328 122 91 206 14407 11100 3307 2084 9016 673 101 69 3051 1451 1293 572 1600 62 1263 1181 1097 437 82 52 660 595 836 533 303 67 158 1248
internal_count=16760 1516 15244 15097 1376 1353 1245 15021 140 1213 582 414 168 108 361 163 198 77 631 53 79 121 14673 266 55 147 50 69 133 348 328 122 91 206 14407 11100 3307 2084 9016 673 101 69 3051 1451 1293 572 1600 62 1263 1181 1097 437 82 52 660 595 836 533 303 67 158 1248
is_linear=0
shrinkage=0.05


Tree=43
num_leaves=63
num_cat=0
split_feature=15 16 16 16 16 15 15 16 15 0 16 8 10 2 2 15 7 7 16 10 7 16 2 16 16 0 16 13 0 0 7 0 2 10 13 7 7 7 1 3 13 2 0 10 8 3 0 0 2 13 5 1 0 2 0 7 2 3 0 13 0 2
split_gain=36.8548 15.3305 11.1917 12.0794 8.00078 4.3259 4.18072 4.25952 3.19811 3.11683 2.91013 3.66825 2.949 2.87661 2.93637 2.73879 2.61074 2.55743 2.51928 2.30349 2.26631 2.22318 2.13105 2.08267 3.54067 2.06636 2.44627 2.00262 1.93932 3.33534 7.2609 3.24273 5.64935 3.46314 3.35795 3.92543 3.98573 3.55736 3.35272 3.18588 2.9474 2.80258 3.77799 3.90159 2.72882 3.00455 2.9767 3.53335 2.65774 3.81765 5.82756 2.99058 2.61429 2.58398 5.7686 2.56451 2.48732 2.91884 3.96808 3.20129 4.0631 3.2397
threshold=2.5000000000000004 0.7703271457330223 -2.2674922867601599 4.6795237656961239 -2.0785219399538084 5.5000000000000009 6.5000000000000009 0.89025132091212467 4.5000000000000009 1221382.0000000002 -0.43499690936904806 12.500000000000002 252.00000000000003 9456921.5000000019 6143982.0000000009 1.5000000000000002 0.89415000000000011 0.97800000000000009 6.2505997506703013 343.00000000000006 0.68250000000000022 -0.24600862223246212 1080425.5000000002 -0.82497691216892899 0.23094688221709039 322701.00000000006 -9.4844689378757412 80.500000000000014 134767.50000000003 60181.000000000007 1.1050000000000002 53829.000000000007 24093216.000000004 274.50000000000006 32.500000000000007 0.87415000000000009 0.9275000000000001 1.0025000000000002 1.0000000180025095e-35 117172.50000000001 21.500000000000004 413015.50000000006 65133.000000000007 47.500000000000007 12.500000000000002 86996.000000000015 10746.500000000002 4002.5000000000005 2959538.0000000005 63.500000000000007 1.5000000000000002 1.0000000180025095e-35 57832.500000000007 2157988.5000000005 74844.500000000015 0.78250000000000008 3321308.0000000005 8202.0000000000018 115679.50000000001 128.50000000000003 115679.50000000001 7204499.0000000009
decision_type=2 2 2 2 2 2 2 2 2 2 2 2 2 2 2 2 2 2 2 2 2 2 2 2 2 2 2 2 2 2 2 2 2 2 2 2 2 2 2 2 2 2 2 2 2 2 2 2 2 2 2 2 2 2 2 2 2 2 2 2 2 2
left_child=1 4 5 6 16 9 7 10 -5 13 -4 -12 -13 14 -2 28 25 -18 20 -14 -3 -8 -20 -17 -25 27 -27 -1 29 31 41 34 33 52 35 44 -37 -38 40 -32 -39 -31 43 55 -6 46 47 -46 51 50 -50 53 -33 -44 -55 -43 -51 58 -58 -59 61 -61
right_child=2 18 3 8 15 -7 21 -9 -10 -11 11 12 19 -15 -16 23 17 -19 22 -21 -22 -23 -24 24 -26 26 -28 -29 -30 30 39 32 -34 -35 -36 36 37 38 -40 -41 -42 42 48 -45 45 -47 -48 -49 49 56 -52 -53 -54 54 -56 -57 57 59 -60 60 -62 -63
leaf_value=-0.011023739250138021 0.012158594216288657 -0.0031807571429093395 0.005120633981897737 0.013835980729547063 -0.0042834887925369955 0.030871630681767348 0.021051646651205968 0.0078801919814751632 0.03089477218679625 0.032817429537648588 0.0095169776834169509 -0.0054602616169803376 0.019461725551078765 -0.00017460148681498245 0.030685538273171126 0.0017064076715000806 0.021535571480166174 0.0067469525851017722 -0.00058361675163999711 -0.0010306497027519083 0.0069978712470773518 0.0076138385290493151 0.017147658049157653 -0.0085530902321535734 -0.00083860042826203521 0.02274672919420595 0.0031945884480566798 0.0036594380338767908 -0.00016385703246492373 0.0045463289368889593 -0.020215815546912538 0.0059999382008554467 0.028608716047982471 -0.018152153725499536 -0.00069539239007968012 0.014634166118155751 -0.019575859012503277 0.020660182513508721 -0.009751182670712167 -0.0033568627760678601 -0.002776239901424879 0.0067468858504059915 0.0013874290970762554 -0.01485825362588083 -0.021724893861446392 0 -0.025205992280526435 0.0052345518007318008 0.0014233443998836845 0.0092889778526953921 0.030563010586062409 -0.0076283492238383268 -0.0024194053514494294 0.0036332812933426981 -0.025475104084280331 -0.0087808111025211161 -0.019980881575320998 -0.0047080606735416088 0.0059722468680680077 0.0076396501108871835 -0.0073134460315130425 -0.0019108666883730142
leaf_weight=35 170 62 224 71 198 44 44 272 47 20 61 332 22 39 25 130 50 74 20 35 424 110 94 347 263 24 50 68 5552 138 85 266 21 20 4904 42 26 28 39 43 25 48 252 124 24 32 58 24 61 52 24 352 140 37 31 59 47 355 21 231 101 143
leaf_count=35 170 62 224 71 198 44 44 272 47 20 61 332 22 39 25 130 50 74 20 35 424 110 94 347 263 24 50 68 5552 138 85 266 21 20 4904 42 26 28 39 43 25 48 252 124 24 32 58 24 61 52 24 352 140 37 31 59 47 355 21 231 101 143
internal_value=0.000184586 -0.000554529 0.00761953 0.00548751 -0.000875809 0.0163121 0.00385007 0.00259888 0.0206933 0.0137591 0.000459274 -0.00185056 -0.00364797 0.0120955 0.014574 -0.00104544 0.00718831 0.0127629 0.00727735 0.00681135 0.00568869 0.0114968 0.0139953 -0.00400947 -0.00523588 0.00324969 0.00962544 -0.00128735 -0.0008838 -0.00137965 -0.00303794 -0.000753664 0.00333574 0.00207174 -0.00109316 -0.00501489 0.0014039 -0.00327124 0.00129855 -0.0145983 0.0095267 -0.00232208 -0.00281395 -0.00882012 -0.00808584 -0.0134981 -0.0175484 -0.00815836 -0.00199777 -0.000402607 0.00973602 -0.00444674 0.00308452 -0.000930054 -0.00958122 -0.00176863 -0.00131594 -0.00193656 -0.0118955 -0.00111329 0.00156323 0.00397508
internal_weight=16760 15244 1516 1218 14644 298 1100 946 118 254 674 450 389 234 195 14343 301 124 600 57 486 154 114 740 610 177 74 103 13603 8051 2204 5847 447 426 5400 496 160 118 92 128 53 2076 1938 231 336 138 106 48 1707 1035 85 672 406 320 68 107 950 898 68 830 475 374
internal_count=16760 15244 1516 1218 14644 298 1100 946 118 254 674 450 389 234 195 14343 301 124 600 57 486 154 114 740 610 177 74 103 13603 8051 2204 5847 447 426 5400 496 160 118 92 128 53 2076 1938 231 336 138 106 48 1707 1035 85 672 406 320 68 107 950 898 68 830 475 374
is_linear=0
shrinkage=0.05


Tree=44
num_leaves=63
num_cat=0
split_feature=15 15 15 13 15 15 13 13 2 2 2 5 3 2 4 0 2 0 0 2 2 11 3 0 2 10 11 13 13 13 3 10 3 2 3 0 13 8 2 9 11 3 11 2 13 2 11 5 8 13 13 13 5 3 3 13 3 0 3 11 0 10
split_gain=33.2793 8.0454 4.94008 2.6887 2.25925 2.05129 2.02113 1.94765 4.24281 2.24626 4.29775 1.8718 1.85752 2.95579 2.51744 1.83874 1.81654 1.75063 3.00967 4.03984 3.65788 3.45344 3.04815 2.92643 5.1012 3.1271 3.09266 3.48558 3.03279 2.98808 2.98052 3.63228 2.91174 2.71759 2.48803 2.42622 4.83502 2.17672 4.95023 4.40026 3.6937 5.23262 4.02161 3.64454 3.28365 2.99868 12.4643 6.70843 5.36176 6.21246 5.34995 3.79504 3.13086 3.05966 3.54985 3.07991 4.87142 3.96427 2.99089 3.30926 2.91391 2.76602
threshold=2.5000000000000004 7.5000000000000009 1.5000000000000002 38.500000000000007 4.5000000000000009 13.500000000000002 21.500000000000004 48.500000000000007 1756011.0000000002 6037680.0000000009 11552728.500000002 2.5000000000000004 8684.5000000000018 3396885.5000000005 1.0000000180025095e-35 341282.00000000006 1504031.5000000002 134767.50000000003 60181.000000000007 7311620.0000000009 6736279.0000000009 10.500000000000002 15482.500000000002 53829.000000000007 24093216.000000004 274.50000000000006 4.5000000000000009 132.50000000000003 32.500000000000007 5.5000000000000009 20343.500000000004 25.500000000000004 39183.500000000007 4927290.5000000009 15520.500000000002 1221382.0000000002 259.00000000000006 197.00000000000003 6387112.0000000009 1.5000000000000002 6.5000000000000009 382782.50000000006 2.5000000000000004 3008945.5000000005 304.50000000000006 5379906.0000000009 2.5000000000000004 2.5000000000000004 35.500000000000007 49.500000000000007 38.500000000000007 63.500000000000007 5.5000000000000009 13912.000000000002 15949.500000000002 58.500000000000007 5307.0000000000009 39260.500000000007 191151.50000000003 3.5000000000000004 47092.500000000007 21.500000000000004
decision_type=2 2 2 2 2 2 2 2 2 2 2 2 2 2 2 2 2 2 2 2 2 2 2 2 2 2 2 2 2 2 2 2 2 2 2 2 2 2 2 2 2 2 2 2 2 2 2 2 2 2 2 2 2 2 2 2 2 2 2 2 2 2
left_child=2 4 17 16 6 -3 -2 8 -5 -9 11 15 13 -8 -15 -11 -4 18 23 20 -20 -21 -22 28 25 26 27 34 29 -1 33 -32 -33 -31 -25 -19 -37 45 40 -40 42 -42 -39 -44 -43 48 47 60 53 50 -50 -48 -49 55 -55 -30 57 -57 59 -53 -47 -56
right_child=1 5 3 7 -6 -7 12 9 -10 10 -12 -13 -14 14 -16 -17 -18 35 19 21 22 -23 -24 24 -26 -27 -28 -29 37 30 31 32 -34 -35 -36 36 -38 38 39 -41 41 44 43 -45 -46 46 51 52 49 -51 -52 58 -54 54 61 56 -58 -59 -60 -61 -62 -63
leaf_value=0.013141538175792175 -0.010076187874666707 0.016097692031448989 0.0010554420426074765 -0.00080052945540656057 0.0093486436622893607 0.033723964442994761 0.0055188104663660333 0.00019908587592723189 0.012649101143047259 0.010849325280231378 0.00033770188246845214 0.020425607529375969 0.0038173546935286041 0.0062046682110049878 0.025839395574444993 -0.00018054397022369497 -0.011657592874418312 0.00017296565595722915 -0.0024152058482188638 -0.010032072539901406 0.02256512488220672 0.0028901955127812046 0.0015707053135371925 0.0048906916373301626 0.027185059765186072 -0.017249061122759066 0.0090760751499422854 0.0052230457956185024 -0.0071830629869494324 -0.0053190097948753005 -0.031580103335292979 -0.021663440891220052 -0.002096742006072488 0.0063668323312011475 -0.010523791432817519 -0.0017708233990433805 -0.017749172877064307 -0.0048112192462563602 0.02444105269869723 0.0010773736040695411 0.0048876937570409944 -0.012194091964845924 -0.012005267081716994 -0.034897082653783613 0.0050111545316895616 -0.00027753703646249899 -0.032656735489018499 0.022469450849762894 0.00032202007602936023 0.0016003043977302568 0.02101743190651632 -0.019348837584149872 7.021110775374276e-05 -0.015878260487449735 -0.00086471632536480169 -0.0031046515775290033 0.0067307836768498025 0.016312755968461472 -0.028645678625499466 -0.0044163219000113536 -0.012976591873782341 -0.0090157389998213652
leaf_weight=22 22 120 54 103 383 20 189 800 134 130 276 35 713 29 40 52 57 5050 1769 294 26 62 53 36 21 20 136 142 118 305 21 28 61 59 92 449 53 182 25 105 161 115 77 23 36 760 22 47 52 1537 80 52 24 61 381 396 275 28 21 134 48 144
leaf_count=22 22 120 54 103 383 20 189 800 134 130 276 35 713 29 40 52 57 5050 1769 294 26 62 53 36 21 20 136 142 118 305 21 28 61 59 92 449 53 182 25 105 161 115 77 23 36 760 22 47 52 1537 80 52 24 61 381 396 275 28 21 134 48 144
internal_value=0.000175485 0.00724058 -0.000526847 0.00206369 0.00607242 0.0186737 0.00480293 0.00261112 0.00678494 0.00184174 0.00449659 0.00976062 0.0051462 0.00879629 0.0176804 0.00767211 -0.00543249 -0.000839737 -0.00131085 -0.00288614 -0.00194274 -0.00776734 0.00856326 -0.000716153 0.00316855 0.0019668 0.00292973 -0.000149916 -0.0010387 -0.00476581 -0.00561009 -0.0128355 -0.00832608 -0.00340992 -0.006149 -0.000155664 -0.00347094 -0.000660623 -0.00319207 0.00562415 -0.00513059 -0.00136248 -0.00927987 -0.0173499 -0.00805849 -0.0002209 -0.00245155 0.000250112 0.000582072 0.00249841 0.012909 -0.0128391 0.0149789 -0.00169405 -0.00445124 0.000277756 0.00154524 -0.00180704 -0.010694 -0.00862602 -0.00103964 -0.00311124
internal_weight=16760 1516 15244 1641 1376 140 993 1530 237 1293 493 217 971 258 69 182 111 13603 8051 2204 1848 356 79 5847 447 426 406 270 5400 496 474 110 89 364 128 5552 502 4904 724 130 594 312 282 100 151 4180 1108 879 3072 1669 132 229 71 1403 586 817 699 424 207 186 808 525
internal_count=16760 1516 15244 1641 1376 140 993 1530 237 1293 493 217 971 258 69 182 111 13603 8051 2204 1848 356 79 5847 447 426 406 270 5400 496 474 110 89 364 128 5552 502 4904 724 130 594 312 282 100 151 4180 1108 879 3072 1669 132 229 71 1403 586 817 699 424 207 186 808 525
is_linear=0
shrinkage=0.05


Tree=45
num_leaves=63
num_cat=0
split_feature=16 16 15 16 16 15 3 11 4 2 3 2 2 9 2 3 16 1 3 2 3 10 16 5 8 2 3 10 1 3 3 2 3 3 3 2 7 7 11 8 2 7 3 4 10 7 7 3 8 2 2 3 2 10 7 3 7 4 5 10 10 10
split_gain=32.5405 33.4965 6.56887 3.84357 3.47474 2.8156 2.73323 2.41995 2.3894 2.18377 3.12544 3.00567 2.85449 5.11281 2.66067 2.2447 2.56994 3.29045 2.32453 2.50483 2.08616 2.07538 2.01052 2.08846 1.96614 2.50224 1.86056 1.80535 1.71967 3.35606 2.01692 1.9927 2.38473 3.28803 2.70453 2.10384 1.85479 2.55881 1.70302 3.03556 2.03556 2.04975 1.66912 3.44608 3.53259 4.9373 5.03436 3.19514 3.15497 3.36811 2.77628 5.10193 4.95072 2.7414 4.08406 2.69601 2.5666 2.3329 4.41674 3.40485 3.33336 3.86238
threshold=1.1434029114275945 -2.0034160414212967 3.5000000000000004 7.2413914549653464 -10.909495509114473 6.5000000000000009 22169.000000000004 10.500000000000002 1.0000000180025095e-35 869868.00000000012 2162.5000000000005 1538260.0000000002 1452349.0000000002 4.5000000000000009 765163.00000000012 36298.500000000007 -0.19245573518090806 1.0000000180025095e-35 5431.0000000000009 1235532.0000000002 51961.500000000007 66.500000000000014 -3.3807009206047312 1.5000000000000002 25.500000000000004 2070903.0000000002 5940.0000000000009 11.500000000000002 1.0000000180025095e-35 117172.50000000001 105867.50000000001 157907.00000000003 10001.500000000002 21520.500000000004 7116.5000000000009 286698.00000000006 1.0475000000000001 0.88800000000000012 2.5000000000000004 97.000000000000014 364346.50000000006 0.9275000000000001 27013.000000000004 1.0000000180025095e-35 33.500000000000007 0.95835000000000015 0.97800000000000009 24408.500000000004 29.500000000000004 1780048.0000000002 2670024.5000000005 14534.000000000002 2543154.0000000005 8.5000000000000018 0.89750000000000008 2589.0000000000005 1.0475000000000001 1.0000000180025095e-35 1.5000000000000002 22.500000000000004 252.00000000000003 475.50000000000006
decision_type=2 2 2 2 2 2 2 2 2 2 2 2 2 2 2 2 2 2 2 2 2 2 2 2 2 2 2 2 2 2 2 2 2 2 2 2 2 2 2 2 2 2 2 2 2 2 2 2 2 2 2 2 2 2 2 2 2 2 2 2 2 2
left_child=1 2 4 27 24 9 -5 21 22 10 14 12 15 -14 -3 16 -11 18 19 -18 -7 -8 23 -6 26 -26 -1 -2 29 30 -12 36 34 -34 -33 -35 37 -30 39 -37 -40 -42 43 47 45 48 -47 55 49 -45 51 52 -51 54 -52 -13 57 58 -44 -59 -61 -62
right_child=3 5 -4 6 8 20 7 -9 -10 11 28 42 13 -15 -16 -17 17 -19 -20 -21 -22 -23 -24 -25 25 -27 -28 -29 31 -31 -32 32 33 35 -36 38 -38 -39 40 -41 41 -43 56 44 -46 46 -48 -49 -50 50 53 -53 -54 -55 -56 -57 -58 59 -60 60 61 -63
leaf_value=0.014502583414666419 0.0032734355814576614 -0.0046154730795365667 0.019504140068236503 0.0083033649218979492 0.008529237619897264 0.014311170802610766 0.018896688669990124 0.0068255487601446667 0.0094101726935737935 0.013042631142556228 -0.0016257091653799152 0.014233675662175829 0.0081053871477005674 -0.01431336592538183 -0.018385388526763843 0.0023102342031961461 0.00034566061040373978 0.0053754467679503273 -0.0084805453016691956 -0.017287765632960861 0.00043294723887034986 0.035647030474492296 -0.0079331897919428327 -0.0062899396712596325 -0.005814211604310505 0.014123530815411551 0.034113891199416484 0.0093202670744908355 -0.0076657668278845778 0.0049547831586444985 -0.017689598005135261 0.00044352662166645884 -0.019681342798988921 0.0038446687183696206 0.020711022307771949 0.0081061925648514763 0.0012776491188696611 -0.025659107791459208 -0.018863375182823629 -0.0084051121678772375 -0.0081239794626229191 0.00032293577456077944 -0.0013531992491322366 -0.0028830473107664088 0.0075003970517027105 -0.016274530080111912 -0.0017622640253839397 0.0036835245972043104 -0.0084110020638550748 0.0086275226108701013 0.00061901566232310749 -0.012249589247621626 0.034578420313613675 0.0047019351357280989 -0.020489495907643526 -0.0022113195226910703 -0.0045195575501745964 0.0030589213093040438 0.0030075951600670547 -0.0039107133089240119 0.0011809809302909553 -0.0105470511199854
leaf_weight=35 167 108 165 70 82 52 53 24 149 27 821 25 256 28 53 658 222 102 205 22 58 31 48 33 20 68 20 508 79 217 20 94 31 94 20 64 32 27 29 49 189 114 2269 260 200 73 334 269 72 155 462 25 21 562 24 2480 649 276 780 1869 694 78
leaf_count=35 167 108 165 70 82 52 53 24 149 27 821 25 256 28 53 658 222 102 205 22 58 31 48 33 20 68 20 508 79 217 20 94 31 94 20 64 32 27 29 49 189 114 2269 260 200 73 334 269 72 155 462 25 21 562 24 2480 649 276 780 1869 694 78
internal_value=5.9291e-05 -0.000451838 0.0109391 0.0095724 0.0078185 -0.000915402 0.0161347 0.021152 0.00483346 -0.00097363 -0.00249588 -0.000736008 0.00135293 0.00587323 -0.00918806 0.00030985 -0.00195876 -0.00270516 -0.00455277 -0.00123019 0.00704601 0.0251729 0.000615984 0.00423157 0.0142884 0.00953402 0.0217737 0.00783235 -0.00191966 -0.000580992 -0.00201573 -0.00363629 -0.00251964 -0.00384443 0.00405808 -0.00292084 -0.00912897 -0.012316 -0.00436173 0.000901113 -0.00616779 -0.00493038 -0.00101072 -0.000316245 0.0011661 0.000525991 -0.00438084 -0.00148725 0.00179253 0.00228321 0.0033628 0.0087532 0.0117702 0.00232345 -0.000417095 -0.00204464 -0.00153088 -0.00120485 -0.000235912 -0.00221588 -0.00276912 0
internal_weight=16721 15868 620 853 455 15248 178 108 312 15138 2041 13097 1520 284 161 1236 578 551 449 244 110 84 163 115 143 88 55 675 1880 1058 841 822 684 570 114 539 138 106 445 113 332 303 11577 4962 2188 1988 407 2774 1581 1509 1249 201 176 1048 486 2505 6615 5966 3049 2917 2641 772
internal_count=16721 15868 620 853 455 15248 178 108 312 15138 2041 13097 1520 284 161 1236 578 551 449 244 110 84 163 115 143 88 55 675 1880 1058 841 822 684 570 114 539 138 106 445 113 332 303 11577 4962 2188 1988 407 2774 1581 1509 1249 201 176 1048 486 2505 6615 5966 3049 2917 2641 772
is_linear=0
shrinkage=0.05


Tree=46
num_leaves=63
num_cat=0
split_feature=16 16 15 16 16 15 3 11 4 3 10 16 8 7 4 0 3 0 11 10 0 0 10 8 8 0 0 10 3 4 0 0 11 4 0 7 15 0 8 0 10 3 0 0 15 0 10 0 6 0 7 3 6 15 16 16 0 10 3 7 7 16
split_gain=29.3794 30.2386 5.92565 3.47207 3.13762 2.54324 2.46651 2.18121 2.15737 1.88181 1.86922 1.81422 1.77529 1.75644 2.07619 1.6792 1.67621 1.55826 1.87439 1.55127 1.49883 1.59994 1.88581 3.69135 2.69524 3.09886 4.06244 2.56135 3.52712 3.14627 2.53524 1.9766 1.7952 1.75083 2.96005 3.73643 2.98038 2.76276 2.3062 3.99916 2.43875 2.23241 2.63876 3.50844 2.70287 3.34257 4.29566 2.31193 2.52987 2.28527 2.09409 1.97953 1.8732 1.73347 2.14286 2.77216 3.92477 3.26742 2.73131 2.09031 2.14083 2.03032
threshold=1.1434029114275945 -2.0034160414212967 3.5000000000000004 7.2413914549653464 -10.909495509114473 6.5000000000000009 22169.000000000004 10.500000000000002 1.0000000180025095e-35 51961.500000000007 66.500000000000014 -3.3807009206047312 25.500000000000004 0.87165000000000015 1.0000000180025095e-35 696704.00000000012 5940.0000000000009 432989.50000000006 1.0000000180025095e-35 10.500000000000002 1626860.0000000002 1598203.0000000002 12.500000000000002 18.500000000000004 11.500000000000002 28853.500000000004 24922.000000000004 13.500000000000002 6197.0000000000009 1.0000000180025095e-35 1221382.0000000002 270.50000000000006 1.0000000180025095e-35 1.0000000180025095e-35 58541.500000000007 0.98750000000000016 2.5000000000000004 1076760.5000000002 6.5000000000000009 522853.00000000006 1.5000000000000002 2162.5000000000005 210829.50000000003 118075.50000000001 1.5000000000000002 45545.000000000007 4.5000000000000009 253871.00000000003 1438202.5000000002 288498.00000000006 0.82750000000000001 5940.0000000000009 12025.000000000002 1.5000000000000002 0.35561277234941163 -0.32089599016789089 503322.00000000006 23.500000000000004 23250.500000000004 0.73835000000000017 0.83250000000000013 0.59661277906081611
decision_type=2 2 2 2 2 2 2 2 2 2 2 2 2 2 2 2 2 2 2 2 2 2 2 2 2 2 2 2 2 2 2 2 2 2 2 2 2 2 2 2 2 2 2 2 2 2 2 2 2 2 2 2 2 2 2 2 2 2 2 2 2 2
left_child=1 2 4 15 12 20 19 10 11 -7 -8 -6 16 -14 -15 -2 -1 18 -4 -5 21 22 23 24 25 26 32 28 -24 -30 31 -29 -3 34 52 36 38 41 39 40 -36 50 43 44 45 -43 -47 -44 49 -49 -35 -40 -27 -33 55 -55 57 -57 -59 -56 61 -61
right_child=3 5 17 6 8 9 7 -9 -10 -11 -12 -13 13 14 -16 -17 -18 -19 -20 -21 -22 -23 27 -25 -26 33 -28 30 29 -31 -32 53 -34 37 35 -37 -38 -39 51 -41 -42 42 47 -45 -46 46 -48 48 -50 -51 -52 -53 -54 54 59 56 -58 58 -60 60 -62 -63
leaf_value=0.013779520002217631 0.0086094183799531859 -0.0018170701021556239 0.0091595568823736352 0.019267601463325783 0.0040179142515137829 0.0135969859705219 0.017953633611036107 0.0064856872163496565 0.0089399796958680444 0.00041133711698005006 0.033870410028294065 -0.0075373551891555167 0.0011741802802406939 0.02467880060361884 0.0034057297801236967 0.0020484894533310178 0.032416682490217154 0.026888418147000621 0.021778798980391454 0.0028810126123695718 0.0030656009771517986 -0.0071418107331302425 0.002743460554364014 -0.013410325838855194 0.0017478260941989452 -0.0009688149733695381 -0.016230950141152247 -0.012787196498333254 -0.0048636357332899269 -0.023649829929762597 -0.008345523625108842 -0.00085361331143117612 -0.012905764597875383 -0.01463886026948143 0.013489098322354374 0.0081553115095004021 0.011185936623464425 0.018963261379153155 -0.014845500970711235 -0.021926945851347742 -0.002494149619964206 0.014044895312107133 -0.016620274394492564 0.013882234300825129 -0.013160934622781686 0.014788089815791198 -0.004558624710781784 0.011461592638220691 0.0098491987482836191 -0.0064879696267499598 0.0027405076663210462 -0.0046319550781879796 0.0117737642685566 -0.00076862706825937539 -0.009625024115349972 0.0062439776497630268 -0.020028915783236671 -0.022792907948409463 -0.0058034226068664364 0.023240077317255369 -4.6044565735724992e-05 0.002763470822939049
leaf_weight=35 554 600 61 21 115 52 53 24 149 58 31 48 40 27 21 121 20 43 61 49 231 105 49 50 1624 55 59 36 48 43 122 9954 39 38 32 59 25 24 105 21 92 61 23 91 25 38 116 21 49 107 31 90 59 290 44 52 52 26 287 21 214 30
leaf_count=35 554 600 61 21 115 52 53 24 149 58 31 48 40 27 21 121 20 43 61 49 231 105 49 50 1624 55 59 36 48 43 122 9954 39 38 32 59 25 24 105 21 92 61 23 91 25 38 116 21 49 107 31 90 59 290 44 52 52 26 287 21 214 30
internal_value=5.64675e-05 -0.000429186 0.0103936 0.00909573 0.00742879 -0.000869645 0.0153342 0.0201019 0.00459105 0.00669665 0.0239204 0.000581944 0.0135778 0.00905495 0.0155022 0.0074412 0.0206939 0.0185295 0.0155228 0.00788879 -0.000925 -0.000987194 -0.00094315 6.32454e-05 0.000258423 -0.00103934 -0.00367324 -0.00125923 -0.0079839 -0.0138117 -0.00117411 -0.00109408 -0.00250358 0.000538695 -0.00154577 -0.00347613 -0.00537169 0.00234385 -0.0066068 -0.00178752 0.00159782 0.00166769 0.00277404 0.0055169 0.00231976 0.00414836 0.000189292 -0.0017409 0.000172635 -0.00349744 -0.00676571 -0.010162 0.00558675 -0.00105514 -0.00302432 -0.00454282 -0.00715477 -0.00530196 -0.00723749 0.000434243 0.00212632 0.0113218
internal_weight=16721 15868 620 853 455 15248 178 108 312 110 84 163 143 88 48 675 55 165 122 70 15138 14907 14802 3534 3484 1860 698 11268 140 91 11128 11006 639 1162 538 424 365 624 340 145 124 600 531 331 240 215 154 200 177 128 69 195 114 10970 1016 707 417 365 313 309 265 51
internal_count=16721 15868 620 853 455 15248 178 108 312 110 84 163 143 88 48 675 55 165 122 70 15138 14907 14802 3534 3484 1860 698 11268 140 91 11128 11006 639 1162 538 424 365 624 340 145 124 600 531 331 240 215 154 200 177 128 69 195 114 10970 1016 707 417 365 313 309 265 51
is_linear=0
shrinkage=0.05


Tree=47
num_leaves=63
num_cat=0
split_feature=16 16 0 16 7 16 16 7 3 3 0 8 5 0 3 7 11 3 3 10 7 5 8 7 3 3 7 3 3 16 0 0 3 8 0 0 3 11 0 0 0 4 3 8 0 11 4 10 0 1 0 11 3 0 3 3 0 7 10 6 7 3
split_gain=26.528 27.3132 4.22078 3.13809 2.70634 3.05169 2.66531 2.36481 2.22394 2.06942 1.86487 1.8383 1.70939 1.59039 3.84643 3.93331 2.31543 2.54069 5.31317 5.68285 2.93296 3.07392 2.96961 2.43522 2.32749 1.69919 1.67482 3.79566 3.46661 3.22502 2.87434 4.41386 2.73702 3.06746 2.9778 4.01914 3.90151 3.21139 3.09267 3.0152 2.73345 3.00483 3.40397 2.69755 2.46001 2.44818 2.79564 6.65499 4.07701 5.79834 5.10875 3.04585 3.36104 2.95216 2.93082 3.04952 5.29215 3.49182 2.85479 2.46026 4.12971 2.43905
threshold=1.1434029114275945 -2.0034160414212967 1221382.0000000002 7.2413914549653464 0.89415000000000011 -3.6208522426910315 -6.8190580251124411 0.78250000000000008 22169.000000000004 125133.00000000001 169050.00000000003 66.500000000000014 6.5000000000000009 2203.5000000000005 3182.5000000000005 0.71500000000000008 3.5000000000000004 8684.5000000000018 13912.000000000002 17.500000000000004 0.91900000000000015 1.5000000000000002 41.500000000000007 0.89750000000000008 6197.0000000000009 35387.500000000007 0.9275000000000001 2162.5000000000005 2110.0000000000005 -1.2317167051578126 1598203.0000000002 1067102.5000000002 15949.500000000002 7.5000000000000009 98605.500000000015 137687.50000000003 25531.000000000004 8.5000000000000018 51076.000000000007 110255.00000000001 118075.50000000001 1.0000000180025095e-35 65607.500000000015 223.00000000000003 125635.00000000001 1.5000000000000002 1.0000000180025095e-35 50.500000000000007 16184.000000000002 1.0000000180025095e-35 22635.500000000004 1.0000000180025095e-35 113070.00000000001 4302.5000000000009 12850.500000000002 24408.500000000004 16184.000000000002 0.88800000000000012 80.500000000000014 12025.000000000002 0.83875000000000011 3687.0000000000005
decision_type=2 2 2 2 2 2 2 2 2 2 2 2 2 2 2 2 2 2 2 2 2 2 2 2 2 2 2 2 2 2 2 2 2 2 2 2 2 2 2 2 2 2 2 2 2 2 2 2 2 2 2 2 2 2 2 2 2 2 2 2 2 2
left_child=1 2 4 -2 5 7 -4 -1 -5 11 -6 -10 13 14 -3 25 17 24 -19 -20 21 -21 -22 -18 -17 -16 27 28 -15 -28 31 32 33 -31 38 36 -36 40 -34 -39 41 -38 -43 -40 -42 46 47 53 49 -49 -50 -52 -53 59 61 56 -56 -58 -48 60 -29 -55
right_child=3 12 6 8 10 -7 -8 -9 9 -11 -12 -13 -14 26 15 16 23 18 19 20 22 -23 -24 -25 -26 -27 29 45 -30 30 -32 -33 34 -35 35 -37 37 39 43 -41 44 42 -44 -45 -46 -47 58 48 50 -51 51 52 -54 54 55 -57 57 -59 -60 -61 -62 -63
leaf_value=0.01406019011181742 0.0070695845792418709 0.009559383913642281 0.037825468683977265 0.0074994956660675641 0.009612770079449497 -0.0018354764485318021 0.012680419514286313 0.0039801096455078675 0.0186809599557144 0.010013102687591655 0.019051984613284601 0.037081653750126391 -0.0062896147677720775 -0.0035114110254500807 -0.02242687707745282 -0.0013907055531395033 -0.024949548652323034 0.019904420721792021 -0.022535853776616772 0.0062846924917586665 -0.0018691715375413751 -0.013296329734626544 0.020164994008926528 -0.0025905385620314698 -0.019677855376261991 -0.0052448597656022675 0.012010690961624423 0.027432454711451743 -0.019389843774294507 0.0032071015613151892 0.0087840403089195548 -0.01292941277596827 -0.0010404182540669532 -0.0058736677864450705 0.021100055843865463 -0.00044766027661009421 0.015700644018718429 -0.0025114936533414921 -0.0037527900401995544 0.020216283326072334 -0.018384392067103142 0.0094001094041647262 -0.018414734759882315 -0.012764355875213379 0.0005218024489462681 -0.0010757706177230047 0.002377499501180319 0.036354696292639807 -0.015189547000912088 0.0057892162470401191 0.00064797585133716229 0.024108946122623681 0.0060618968210020222 -0.0052678346579043784 -0.021610894805163452 -0.00019594040539348172 -0.0071002147486156691 0.0087851788045938527 -0.0026453252175274609 -0.0065800939055415692 0.00033134086292694969 -6.9570389356849442e-05
leaf_weight=112 675 48 21 70 165 94 23 125 46 41 80 21 142 150 43 41 23 33 28 37 27 43 34 27 31 23 44 27 45 110 66 86 1607 578 38 1540 40 21 539 45 30 24 20 99 39 4155 2230 23 36 49 231 32 140 270 58 213 286 39 323 21 30 1384
leaf_count=112 675 48 21 70 165 94 23 125 46 41 80 21 142 150 43 41 23 33 28 37 27 43 34 27 31 23 44 27 45 110 66 86 1607 578 38 1540 40 21 539 45 30 24 20 99 39 4155 2230 23 36 49 231 32 140 270 58 213 286 39 323 21 30 1384
internal_value=5.38093e-05 -0.00040766 0.00987826 0.00864324 0.00872153 0.0057425 0.0248534 0.0087687 0.0145753 0.0191041 0.0127219 0.0245695 -0.000826287 -0.000774558 -0.00374569 -0.00539808 -0.00311026 -0.00128237 0.0015717 -0.00198815 0.00206989 -0.00418115 0.0103432 -0.0130048 -0.00935006 -0.0165318 -0.000685471 -0.000304894 -0.00720935 -0.00143709 -0.00155956 -0.00170253 -0.00149708 -0.00441428 -0.0009992 0.000515423 0.00630381 0.00370514 -0.00221377 0.0129162 -0.000241446 0.00577886 -0.00314271 -0.00516075 -0.00764063 -0.000163271 0.000538969 -0.00053932 0.00462457 0.0156594 0.00280021 0.00442301 0.0094606 -0.0016751 -0.00200851 -0.0050163 -0.00768328 -0.00517647 0.00173999 0.0078688 0.0132818 -0.000921428
internal_weight=16721 15868 620 853 576 331 44 237 178 108 245 67 15248 15106 438 390 324 274 202 169 141 80 61 50 72 66 14668 9742 195 4926 4882 4816 4730 688 4042 1797 257 219 2245 66 153 84 44 638 69 9547 5392 2839 511 72 439 403 172 2328 2250 596 383 325 2553 78 57 1654
internal_count=16721 15868 620 853 576 331 44 237 178 108 245 67 15248 15106 438 390 324 274 202 169 141 80 61 50 72 66 14668 9742 195 4926 4882 4816 4730 688 4042 1797 257 219 2245 66 153 84 44 638 69 9547 5392 2839 511 72 439 403 172 2328 2250 596 383 325 2553 78 57 1654
is_linear=0
shrinkage=0.05


Tree=48
num_leaves=63
num_cat=0
split_feature=16 16 17 17 17 13 16 15 17 15 15 6 10 10 3 4 17 16 16 16 17 17 0 15 16 17 2 0 0 2 16 17 3 10 16 16 6 16 16 6 13 0 4 0 3 10 2 10 2 10 2 0 0 0 13 13 2 2 2 13 0 13
split_gain=23.9515 24.6782 9.11877 6.096 3.62907 2.95934 2.56432 2.50921 2.38907 2.86873 2.28592 2.2342 1.97011 2.25497 3.12022 2.85359 1.94622 5.06241 3.22101 3.16332 2.87505 2.36329 2.81422 2.42407 2.32813 2.13814 1.86095 1.83176 3.34615 1.94469 1.8044 3.21964 2.13019 2.73616 2.08486 1.79752 1.78721 2.27701 1.92205 2.36574 1.65558 1.73794 1.57896 1.56001 3.1639 3.9912 2.82309 2.70503 1.67129 1.62346 1.55496 3.06992 2.19884 5.29361 4.10194 4.2391 5.02507 4.81024 3.03794 2.70234 3.30378 3.61335
threshold=1.1144716083747357 -2.0034160414212967 0.058375255521096951 -0.66956444633873013 3.6762205501217919 12.500000000000002 -9.0244243823920556 5.5000000000000009 -3.2481360492742049 3.5000000000000004 7.5000000000000009 29393.000000000004 12.500000000000002 13.500000000000002 6197.0000000000009 1.0000000180025095e-35 0.14990696851015037 0.35561277234941163 -0.19245573518090806 0.17324966250686738 0.65145637609042006 -0.22314355131420988 6772.5000000000009 2.5000000000000004 -0.11047436179836038 0.25131442828090644 364346.50000000006 9969.5000000000018 15722.000000000002 3174388.0000000005 3.3872209391839867 0.67247987567898926 182604.00000000003 24.500000000000004 1.4434180138568129 1.7513471901462665 24586.000000000004 -1.3900715766532465 0.50147587097457336 45691.500000000007 177.50000000000003 172865.00000000003 1.0000000180025095e-35 2873.5000000000005 150818.00000000003 36.500000000000007 3223480.5000000005 24.500000000000004 7541533.0000000009 66.500000000000014 555829.00000000012 333965.50000000006 17754.500000000004 24922.000000000004 316.50000000000006 263.00000000000006 4542510.0000000009 4603428.0000000009 2478256.5000000005 32.500000000000007 15722.000000000002 73.500000000000014
decision_type=2 2 2 2 2 2 2 2 2 2 2 2 2 2 2 2 2 2 2 2 2 2 2 2 2 2 2 2 2 2 2 2 2 2 2 2 2 2 2 2 2 2 2 2 2 2 2 2 2 2 2 2 2 2 2 2 2 2 2 2 2 2
left_child=1 2 8 -2 7 11 -4 30 -1 -10 12 27 26 14 -14 -16 17 21 -18 20 -20 22 -15 -24 42 -21 -7 29 -29 -3 31 32 33 35 -33 -5 37 -28 39 -38 41 -25 -23 44 45 47 49 -26 -48 -47 51 -45 54 -54 55 56 58 -57 -52 -60 61 -61
right_child=3 5 6 4 -6 10 -8 -9 9 -11 -12 -13 13 16 15 -17 18 -19 19 25 -22 24 23 40 43 -27 36 28 -30 -31 -32 34 -34 -35 -36 -37 38 -39 -40 -41 -42 -43 -44 50 -46 46 48 -49 -50 -51 52 -53 53 -55 -56 57 -58 -59 59 60 -62 -63
leaf_value=0.024028898260039743 0.028619786753104282 -0.011729415279734973 0.041929849877751252 -0.0022768154125852682 0.026901760936041415 -0.010875515451007135 0.019702604737834504 0.01466687978302807 0.0049060557978095956 0.013994418128438425 0.008489495848101495 0.0056132563827327349 0.0026978260839392114 0.0086708297799115847 -0.0043441340877149806 -0.022238494922988239 0.011293501691021314 0.012525780988424037 -0.018198435791540648 0.0097613246158458483 0.00020228716387986315 0.017741589677052777 -0.0099063868916669223 -0.0024392994701856337 -0.0028928466026351303 -0.0041933898168651776 0.016149971377386517 -0.031307996435340865 -0.0075619586437197231 0.0036233233067933033 0.0085637098972808513 0.0079136889182707722 -0.0025846276729111651 0.023253295815720127 -0.0019927687787260223 0.015678499746082843 -0.014525443375045077 0.00099588485147518598 0.011914653946882686 -0.0011369849967509586 -0.0078102744148111393 0.011440294224402717 0.00060748179353828586 -0.0022604749266160787 -0.015570452207191748 0.0049302702956968503 -0.0084027025623540277 -0.01735706823648479 0.0083253188471718604 0.02146870585379701 0.0018158089403226341 -0.019714559270675613 -0.0057058822367737298 -0.00052021907927397415 -0.0040749611393474687 -0.0006410738130733049 -0.002536065369219622 0.029306597492007772 -0.0059596461904060337 0.021341712501006999 -0.0060230145219757969 0.0074479908750008364
leaf_weight=21 35 44 22 29 23 37 36 89 431 110 67 28 49 35 48 43 31 70 74 30 29 28 193 62 98 294 25 23 44 38 315 71 25 42 209 26 34 2389 27 1108 64 35 27 812 52 37 45 49 22 26 333 26 528 7297 271 23 363 31 26 80 25 117
leaf_count=21 35 44 22 29 23 37 36 89 431 110 67 28 49 35 48 43 31 70 74 30 29 28 193 62 98 294 25 23 44 38 315 71 25 42 209 26 34 2389 27 1108 64 35 27 812 52 37 45 49 22 26 333 26 528 7297 271 23 363 31 26 80 25 117
internal_value=5.11653e-05 -0.00039028 0.00938673 0.00815791 0.00728464 -0.000788498 0.0282773 0.00671537 0.00742358 0.00676545 -0.000712561 -0.0072173 -0.000754072 -0.00107752 -0.00738736 -0.0128697 -0.000998365 -0.00086207 -0.00419308 -0.00533149 -0.012974 -0.000950196 -0.00477806 -0.00612394 -0.000805324 -0.00288325 0.000260719 -0.00966409 -0.0158226 -0.00455808 0.00571949 0.00347679 0.0102542 0.013614 0.000503304 0.00613346 0.000377413 0.00115556 -0.00122515 -0.00154121 -0.00155534 0.00252393 0.00943741 -0.000860805 -0.00425089 -0.00210302 0.00425268 -0.00775677 -0.00283118 0.0118581 -0.000747962 -0.00281026 -0.000557345 -0.000870835 0.00137169 0.00285596 0.0020696 0.0164811 0.00495569 0.00914916 0.0109431 0.0131234
internal_weight=16721 15857 620 864 829 15237 58 806 562 541 15060 177 14993 11373 140 91 11233 10775 458 427 103 10705 389 354 10316 324 3620 149 67 82 717 402 122 97 280 55 3583 2414 1169 1142 161 97 55 10261 329 277 130 147 67 63 9932 838 9094 7825 1269 998 944 54 581 248 222 197
internal_count=16721 15857 620 864 829 15237 58 806 562 541 15060 177 14993 11373 140 91 11233 10775 458 427 103 10705 389 354 10316 324 3620 149 67 82 717 402 122 97 280 55 3583 2414 1169 1142 161 97 55 10261 329 277 130 147 67 63 9932 838 9094 7825 1269 998 944 54 581 248 222 197
is_linear=0
shrinkage=0.05


Tree=49
num_leaves=63
num_cat=0
split_feature=16 16 15 16 15 13 4 13 16 6 7 16 13 16 16 3 6 15 5 2 7 7 13 3 11 3 3 4 2 2 15 2 2 2 13 13 13 2 2 10 11 4 10 3 7 4 13 11 7 13 2 10 10 3 7 2 2 7 10 13 10 2
split_gain=21.643 22.2853 4.26118 2.87518 2.81332 2.4962 2.41239 2.02738 1.99672 1.97294 1.89185 2.41552 1.74802 1.99931 1.72982 1.75917 1.70854 1.69646 1.95123 1.98372 1.67301 3.76203 4.20813 2.52367 3.25019 2.43095 3.81088 1.96747 1.96214 2.96787 1.92663 2.06242 2.78672 3.50762 2.23611 2.039 8.47825 1.93952 4.26763 3.28402 3.81495 2.74073 3.65284 3.42045 1.99439 2.88878 1.89915 2.3604 3.8362 1.88841 1.92964 1.85205 2.47001 4.29744 2.06444 1.88424 1.93221 1.85101 1.82433 1.71511 1.62587 1.60796
threshold=1.1434029114275945 -1.6741466019357316 3.5000000000000004 -10.909495509114473 5.5000000000000009 12.500000000000002 1.0000000180025095e-35 103.50000000000001 4.5419553502694372 29393.000000000004 0.9316500000000002 -4.1082164328657322 211.50000000000003 -3.3807009206047312 -7.1369690121486622 24243.500000000004 9248.5000000000018 8.5000000000000018 6.5000000000000009 668154.00000000012 0.86165000000000014 0.87165000000000015 74.500000000000014 178567.50000000003 7.5000000000000009 5431.0000000000009 7442.0000000000009 1.0000000180025095e-35 19752874.500000004 19456164.000000004 5.5000000000000009 905443.50000000012 1178916.5000000002 1127087.5000000002 504.50000000000006 94.500000000000014 196.50000000000003 1452349.0000000002 1504031.5000000002 35.500000000000007 1.0000000180025095e-35 1.0000000180025095e-35 6.5000000000000009 6283.0000000000009 0.82750000000000001 1.0000000180025095e-35 38.500000000000007 3.5000000000000004 0.82750000000000001 45.500000000000007 445744.50000000006 75.500000000000014 45.500000000000007 42680.000000000007 1.1250000000000002 25107242.000000004 104633.00000000001 0.89750000000000008 3.5000000000000004 15.500000000000002 11.500000000000002 389041.00000000006
decision_type=2 2 2 2 2 2 2 2 2 2 2 2 2 2 2 2 2 2 2 2 2 2 2 2 2 2 2 2 2 2 2 2 2 2 2 2 2 2 2 2 2 2 2 2 2 2 2 2 2 2 2 2 2 2 2 2 2 2 2 2 2 2
left_child=1 2 3 -1 60 9 12 -6 -9 -3 11 -4 13 14 -5 -16 -8 18 20 -20 23 22 -22 24 30 28 -27 -26 29 -23 31 34 33 -33 35 58 -37 39 44 40 41 42 -34 -43 -39 -46 59 -48 -49 -25 -51 52 55 -54 -53 56 -28 -55 -7 -40 -2 -59
right_child=4 5 10 6 7 17 16 8 -10 -11 -12 -13 -14 -15 15 -17 -18 -19 19 -21 21 25 -24 49 27 26 51 -29 -30 -31 -32 32 37 -35 -36 36 -38 38 46 -41 -42 43 -44 -45 45 -47 47 48 -50 50 -52 54 53 57 -56 -57 -58 61 -60 -61 -62 -63
leaf_value=0.011969545610629122 0.0027064189114008957 -0.0090331566652661968 0.018230650378535235 -0.0037511730228970011 0.0067953944104047793 0.005458735648086268 0.010044993575137461 0.01483707423792209 0.034644982063058598 0.0053335928476417232 0.023174160024891158 0.0049618815354579683 -0.0084360191976943655 -0.0051608300476465481 0.023490613656586379 0.0054697666897318377 -0.0050912463092973445 0.0096966128653425097 -0.0024508542333418451 -0.015251052390965747 -0.021799896588319968 0.0022066396173625025 -0.0041393552590444837 -0.013734034160742948 0.0028683337096609899 -0.010163475417711038 0.010896496221748098 0.019955854865179323 -0.01148871615590891 0.021018409953195587 0.010751698567616277 0.0034346968489975694 0.00094641307872836986 0.022917476489368191 -0.014613365915808245 0.019771917609352908 -0.0020036424478989739 0.024255310295529627 0.0060821757420517842 0.0017638045699212683 -0.023382499211194507 -0.0073437631746211393 -0.026178216478890844 0.015863561517528064 0.0012150646411227901 0.020048938732581453 0.00024610021977877571 0.0017947102664466802 0.01731551479400888 -0.014886471634641345 -0.0014040553826172491 0.00022460980638611908 -0.016194543768152617 -0.017772992996949157 -0.0053809122566978364 0.0078795867334340176 -0.0014244073063322468 0.0046631169232682797 -0.0066897684014606586 -0.0039758416783703459 0.0081014807223963783 -0.0033895214479412565
leaf_weight=143 190 147 71 25 40 35 139 40 20 28 51 69 49 52 21 41 21 39 96 45 43 446 161 33 36 118 32 33 24 22 43 313 23 25 35 50 414 20 47 137 35 38 26 27 70 29 3516 163 53 27 1537 2641 68 21 175 57 2808 67 237 397 563 749
leaf_count=143 190 147 71 25 40 35 139 40 20 28 51 69 49 52 21 41 21 39 96 45 43 446 161 33 36 118 32 33 24 22 43 313 23 25 35 50 414 20 47 137 35 38 26 27 70 29 3516 163 53 27 1537 2641 68 21 175 57 2808 67 237 397 563 749
internal_value=4.87272e-05 -0.000368065 0.0084726 0.00598838 0.00780713 -0.000765479 0.0035135 0.0157225 0.0215696 -0.00670419 0.0148261 0.0117349 -0.000301876 0.00253361 0.00719064 0.0116821 0.00802519 -0.000695868 -0.000723337 -0.00657937 -0.000667282 -0.00119723 -0.00789528 -0.000134286 0.000349459 -0.00100739 -0.0012557 0.01113 0.00238165 0.00310594 0.000218645 0.000137979 0.000515688 0.00489687 -0.00226508 -0.00166917 0.000335843 0.00019124 0.000457796 -0.00379305 -0.00893367 -0.0044372 -0.0133684 0.00222896 0.0097912 0.00679718 0.000190404 0.000559332 0.00563244 -0.00189481 -0.00164094 -0.00109597 -0.0018159 -0.00409795 -0.000122148 -0.00110116 -0.00128344 -0.0031074 -0.00510673 -0.00289875 0.00674736 -0.00272172
internal_weight=16721 15868 682 491 853 15186 348 100 60 175 191 140 188 139 87 62 160 15011 14972 141 14831 7432 204 7399 5802 7228 6736 69 492 468 5733 5690 4919 338 771 736 464 4581 4295 286 149 114 49 65 119 99 4176 3732 216 1597 1564 6618 3802 905 2816 2897 2840 837 272 444 753 816
internal_count=16721 15868 682 491 853 15186 348 100 60 175 191 140 188 139 87 62 160 15011 14972 141 14831 7432 204 7399 5802 7228 6736 69 492 468 5733 5690 4919 338 771 736 464 4581 4295 286 149 114 49 65 119 99 4176 3732 216 1597 1564 6618 3802 905 2816 2897 2840 837 272 444 753 816
is_linear=0
shrinkage=0.05


Tree=50
num_leaves=63
num_cat=0
split_feature=10 13 2 10 4 0 0 0 0 2 0 0 7 11 0 13 0 7 2 0 2 3 10 9 0 7 0 0 3 2 0 0 1 10 7 2 2 0 2 2 4 2 0 10 11 2 3 0 0 11 3 10 3 10 0 0 0 0 9 0 0 7
split_gain=2.50987 3.93868 2.99952 2.60961 3.55047 2.43068 2.2412 4.3519 3.85299 2.50356 2.09205 5.52683 6.93843 5.16769 3.72828 4.3041 6.32999 4.23431 2.91368 4.31068 2.74525 3.91712 2.60577 3.74296 4.70787 6.16887 4.27625 4.23919 5.20364 3.0837 5.3116 5.43805 5.95925 3.93109 2.79695 2.59477 2.81147 2.58671 2.58583 2.55065 2.54026 3.97152 3.21486 3.19508 4.20512 2.95893 2.80079 3.81249 2.52702 3.67816 4.84487 3.49046 3.25783 2.85922 4.06645 5.70904 2.49599 3.26138 2.4809 4.62456 2.52311 3.32993
threshold=23.500000000000004 1036.0000000000002 649923.50000000012 26.500000000000004 1.0000000180025095e-35 120557.00000000001 33896.500000000007 103252.50000000001 1405501.5000000002 2670024.5000000005 110255.00000000001 115679.50000000001 0.89060000000000017 5.5000000000000009 86597.000000000015 136.50000000000003 88201.500000000015 0.76415000000000011 4603428.0000000009 96312.000000000015 2641871.0000000005 105867.50000000001 38.500000000000007 1.5000000000000002 11119.000000000002 0.9275000000000001 70901.000000000015 5950.0000000000009 23250.500000000004 2032819.0000000002 14150.500000000002 12765.000000000002 1.0000000180025095e-35 86.500000000000014 0.70500000000000007 10292997.000000002 4927290.5000000009 73229.500000000015 7311620.0000000009 1235532.0000000002 1.0000000180025095e-35 1677510.5000000002 67478.000000000015 109.50000000000001 5.5000000000000009 1269020.5000000002 182604.00000000003 34631.000000000007 385774.50000000006 4.5000000000000009 155386.00000000003 42.500000000000007 130084.50000000001 197.50000000000003 938729.50000000012 414176.00000000006 62158.500000000007 57832.500000000007 8.5000000000000018 41439.000000000007 51076.000000000007 1.1250000000000002
decision_type=2 2 2 2 2 2 2 2 2 2 2 2 2 2 2 2 2 2 2 2 2 2 2 2 2 2 2 2 2 2 2 2 2 2 2 2 2 2 2 2 2 2 2 2 2 2 2 2 2 2 2 2 2 2 2 2 2 2 2 2 2 2
left_child=2 3 -1 4 -2 -3 9 -8 -9 -6 14 12 -12 -14 22 17 -17 -16 19 -19 -18 -22 23 27 25 -25 35 -5 -29 30 31 32 -24 39 -31 36 -26 40 -23 -34 43 42 56 44 45 -32 47 -45 49 -13 52 -50 -51 54 55 -53 57 -42 60 -60 -36 -62
right_child=1 5 -4 10 6 -7 7 8 -10 -11 11 48 13 -15 15 16 20 18 -20 -21 21 38 29 24 26 -27 -28 28 -30 34 37 -33 33 -35 58 -37 -38 -39 -40 -41 41 -43 -44 46 -46 -47 -48 -49 51 50 -52 53 -54 -55 -56 -57 -58 -59 59 -61 61 -63
leaf_value=-0.0027173215410361117 -0.00014028594020661827 -0.022552483654796441 0.0009856633912727565 -0.023223870511044308 -0.00076550535038422747 -0.0055860159548590405 0.0042254996722665365 -0.016218579209924474 0.004149041527289286 -0.020093556015539957 -0.0033622978832522493 -0.00085342122517346726 0.0063605672667199136 0.038814757604318385 0.0052056337351841699 -0.023085491182580856 -0.0051709356446264796 -0.033984292238378143 -0.0076030305770150609 -0.010568641608766848 -0.0044706259735072139 0.02062227733901938 0.0065890042083361182 0.023712239980511661 0.001125250058287359 -0.0018036365102364043 0.017673291500105198 0.020641776700040481 -0.0060796924858082541 0.0064428494881846087 0.012328369192958192 -0.023242138328352983 -0.01956917757700502 0.00026429044222304153 -0.0014386188280932893 0.012205810840610806 -0.010932542824286866 -0.0051551186164131195 0.0043417992696937269 -0.0038102676693765967 0.003520239361716112 0.019888533862216711 0.024196848629125911 -0.030191655428771159 -0.0077071837029793443 -0.0014675009067819321 -0.00054454114072428905 -0.0011075604588268288 -0.011116736499066969 0.0083810373003720632 0.0021429575298291151 -0.011051642053650224 0.028856423935032932 -0.0026876297356231973 -0.0043961741739715707 0.0073775071157172693 -0.012254457157992182 0.023315602672450683 -0.003656938439998471 0.016157052225492279 -0.0041602297989454763 -0.022047446263314834
leaf_weight=600 335 28 6106 25 24 91 79 88 31 60 37 1058 22 29 39 28 86 33 120 51 57 46 120 64 216 37 39 23 86 99 133 34 70 90 1995 39 62 92 54 42 395 47 20 21 52 54 164 25 86 93 1172 48 25 762 167 324 23 22 67 52 767 27
leaf_count=600 335 28 6106 25 24 91 79 88 31 60 37 1058 22 29 39 28 86 33 120 51 57 46 120 64 216 37 39 23 86 99 133 34 70 90 1995 39 62 92 54 42 395 47 20 21 52 54 164 25 86 93 1172 48 25 762 167 324 23 22 67 52 767 27
internal_value=-9.5581e-05 -0.000594719 0.000653568 -0.000486058 -0.00363582 -0.00963569 -0.00776907 -0.00482375 -0.0108717 -0.0146382 -0.00027739 0.000620736 0.0130004 0.0249526 -0.000900765 -0.0049565 -0.00060352 -0.00978824 -0.0126804 -0.0198566 0.00197486 0.00592174 -0.000482912 0.0026324 0.00479232 0.0143228 0.00207113 -0.00469467 -0.000381636 -0.000901495 0.00103092 -0.00423931 -0.00221068 -0.00746363 -0.00180543 0.000130882 -0.00154888 0.00282619 0.0118939 -0.0137129 0.00359996 0.00602672 0.00459552 0.000847845 0.00480958 0.00831916 -0.00363733 -0.0145302 0.00032738 0.00132802 0.00312095 -0.00136294 0.0127821 -0.000713533 0.00206801 0.00498378 0.0036879 0.00458193 -0.00208816 0.00496559 -0.00239109 -0.00477748
internal_weight=16781 10075 6706 9956 617 119 282 198 119 84 9339 3823 88 51 5516 514 271 243 204 84 243 157 5002 591 457 101 356 134 109 4411 1404 356 322 202 3007 317 278 1048 100 112 956 507 460 449 239 187 210 46 3735 2348 1290 1387 118 1301 539 372 440 417 2908 119 2789 794
internal_count=16781 10075 6706 9956 617 119 282 198 119 84 9339 3823 88 51 5516 514 271 243 204 84 243 157 5002 591 457 101 356 134 109 4411 1404 356 322 202 3007 317 278 1048 100 112 956 507 460 449 239 187 210 46 3735 2348 1290 1387 118 1301 539 372 440 417 2908 119 2789 794
is_linear=0
shrinkage=0.05


Tree=51
num_leaves=63
num_cat=0
split_feature=15 15 17 17 15 10 10 8 2 0 0 3 2 3 0 0 7 2 2 7 1 8 0 0 2 0 2 10 2 0 0 0 9 0 0 0 0 7 2 0 11 2 0 2 2 9 1 3 2 6 7 0 2 7 0 0 10 0 2 0 2 7
split_gain=22.3021 6.11084 5.01416 4.33605 3.14312 2.16652 2.62264 2.61575 2.30797 2.01843 2.83585 1.99787 3.35733 2.5553 2.21492 3.67963 1.90938 2.98228 2.66535 2.37995 3.05207 2.18734 9.46592 2.59773 2.47827 2.02413 3.42389 3.18331 3.71026 1.9925 1.94437 3.12039 3.13367 1.97807 10.872 7.4556 2.4015 2.14032 2.82714 2.3295 1.94405 1.94043 1.89627 4.32204 3.96029 3.32739 2.40006 3.4813 2.72179 2.31436 2.63739 2.93234 7.2486 2.21391 2.09445 3.08091 2.08408 3.51321 2.41217 1.94164 1.86166 2.39207
threshold=2.5000000000000004 12.500000000000002 -1.6431756028395406 2.6119046571864883 4.5000000000000009 23.500000000000004 26.500000000000004 33.500000000000007 736032.50000000012 33896.500000000007 11119.000000000002 12850.500000000002 2514577.0000000005 14534.000000000002 60181.000000000007 107723.50000000001 0.89750000000000008 125220.50000000001 104633.00000000001 0.90415000000000012 1.0000000180025095e-35 44.500000000000007 11492.500000000002 4620.5000000000009 9456921.5000000019 25475.500000000004 3276698.0000000005 35.500000000000007 3932233.0000000005 74844.500000000015 938729.50000000012 765306.50000000012 5.5000000000000009 110255.00000000001 115679.50000000001 57832.500000000007 57174.000000000007 1.1250000000000002 1178916.5000000002 74844.500000000015 1.0000000180025095e-35 2178086.0000000005 406215.50000000006 22110314.500000004 21381106.000000004 4.5000000000000009 1.0000000180025095e-35 1054412.0000000002 1080425.5000000002 4415.0000000000009 0.76415000000000011 35256.500000000007 2209528.0000000005 0.78250000000000008 54669.000000000007 44599.500000000007 77.500000000000014 253871.00000000003 2783836.5000000005 486450.50000000006 183471.00000000003 0.86585000000000012
decision_type=2 2 2 2 2 2 2 2 2 2 2 2 2 2 2 2 2 2 2 2 2 2 2 2 2 2 2 2 2 2 2 2 2 2 2 2 2 2 2 2 2 2 2 2 2 2 2 2 2 2 2 2 2 2 2 2 2 2 2 2 2 2
left_child=2 4 -1 5 -2 8 7 -7 -4 10 -9 12 -8 14 -13 -16 18 -18 -15 20 -19 22 -20 24 40 26 -24 28 29 -27 31 33 -33 35 -35 36 -21 38 39 -37 -23 -40 43 44 49 46 48 -48 -44 50 51 52 -25 -52 55 -53 58 -58 -51 -47 -55 -62
right_child=1 -3 3 -5 -6 6 11 9 -10 -11 -12 13 -14 16 15 -17 17 19 21 30 -22 23 25 42 -26 27 -28 -29 -30 -31 -32 32 -34 34 -36 37 -38 -39 41 -41 -42 -43 45 -45 -46 59 47 -49 -50 56 53 54 -54 60 -56 -57 57 -59 -60 -61 61 -63
leaf_value=0.0083160418876864397 0.0036540193055128126 0.028936733998146131 -0.0028924165614446222 0.014558989967375089 0.0086041803214613726 -0.0032852423251370343 -0.0020114673498220453 -0.0086152689824044934 0.00028418773973229639 -0.0019294097474163983 -0.034015452854372373 -0.021602236108366413 0.021975432336330415 -0.014818119727875417 0.010200800785267972 -0.015129392763481582 0.011822382050070043 0.014100376091674341 0.023584266700792209 -4.3248251619582534e-05 0.0011606257254038836 -0.002290547980879951 0.0032291519027468152 -0.002187231709987632 0.0073023499078523069 0.013610143190504851 -0.024191767992876874 0.015182242457417653 -0.021938696312960856 -0.0043801011096640773 -0.0069341470768098717 -0.0066235445254477698 0.016612093148942655 0.027371772609631001 -2.0653764380419509e-05 0.014305847801540381 0.017347408230624983 -0.015609941401006737 -0.014853445881056526 -0.0027892019327172106 -0.013637075742453498 -0.0055001730518577504 -0.011194264202885133 0.0057910382137944891 -0.020316070074288445 -0.017777174303038785 -0.02415711784192337 0 0.0013597682008683553 0.0036423814249711955 0.004023464653106025 -0.0058339459348519581 -0.0260957292103947 0.0065467568217403337 -0.0051136585023275945 0.016902497758550499 0.0022227059052610846 -0.018112914048382719 0.019745071331748337 -0.0064758973282148238 -0.001085200265222537 -0.0054937259782085832
leaf_weight=154 947 28 640 46 490 479 34 26 5354 25 20 27 25 39 25 33 50 60 45 1568 193 59 21 80 24 24 24 30 21 42 123 20 50 37 1518 30 20 55 64 58 111 460 49 211 28 49 27 34 357 144 182 29 53 65 188 30 97 27 28 184 1426 394
leaf_count=154 947 28 640 46 490 479 34 26 5354 25 20 27 25 39 25 33 50 60 45 1568 193 59 21 80 24 24 24 30 21 42 123 20 50 37 1518 30 20 55 64 58 111 460 49 211 28 49 27 34 357 144 182 29 53 65 188 30 97 27 28 184 1426 394
internal_value=-9.09645e-05 0.00580217 -0.000655012 -0.000746515 0.00534593 -0.000793519 -0.00127877 -0.00462817 -5.41977e-05 -0.0136005 -0.0198171 -0.00106323 0.00808786 -0.00112733 -0.00975515 -0.00412638 -0.00103961 -0.000301873 -0.00180903 -0.00044576 0.00425345 -0.00168319 0.00331456 -0.00195147 -0.00759641 -0.00229615 -0.0113057 0.00113306 -0.00366595 0.00209686 -0.00074411 -0.000546417 0.00990203 -0.000739951 0.00062963 -0.00168659 0.000173708 -0.00612246 -0.00525924 0.00299153 -0.00973222 -0.00665471 -0.00165248 -0.00110033 -0.00162708 -0.00399701 -0.00154835 -0.0107884 -0.000145445 -0.00143375 -0.00194008 -0.00577154 -0.0117647 -0.00123304 -0.00252077 0.00565139 0.00273444 -0.00217595 0.00630275 -0.00888062 -0.0017434 -0.00204257
internal_weight=16781 1465 15316 15162 1437 15116 9122 550 5994 71 46 8572 59 8513 85 58 8428 4306 4122 4256 253 4083 207 3876 194 162 45 117 87 66 4003 3880 70 3810 1555 2255 1588 667 612 88 170 524 3682 2982 2771 700 467 61 406 2743 2447 380 133 2067 247 59 296 124 172 233 1885 1820
internal_count=16781 1465 15316 15162 1437 15116 9122 550 5994 71 46 8572 59 8513 85 58 8428 4306 4122 4256 253 4083 207 3876 194 162 45 117 87 66 4003 3880 70 3810 1555 2255 1588 667 612 88 170 524 3682 2982 2771 700 467 61 406 2743 2447 380 133 2067 247 59 296 124 172 233 1885 1820
is_linear=0
shrinkage=0.05


Tree=52
num_leaves=63
num_cat=0
split_feature=16 16 17 15 15 16 17 16 16 17 17 16 17 17 16 17 15 17 13 17 15 17 17 7 10 0 0 0 2 10 8 13 0 0 2 0 2 2 2 0 1 0 0 5 2 2 0 0 0 0 0 13 0 0 0 17 0 0 0 11 13 13
split_gain=20.5878 22.3035 7.77651 5.43807 4.28192 3.88568 3.83111 3.40425 2.66727 2.62304 2.98957 4.08623 2.41423 2.29669 2.21405 3.05933 2.25581 2.18419 2.17176 2.1521 2.05786 7.25232 3.08706 2.05538 1.94958 2.65056 3.31906 3.12877 2.4871 2.27811 3.57751 2.79201 2.63015 3.8961 3.46502 2.22105 1.94423 4.15436 4.5349 3.54678 2.9539 3.61436 2.90504 2.87904 3.06508 5.02814 3.67847 2.22759 3.32661 2.2524 2.22623 2.15552 3.19709 2.06713 2.01083 1.94169 1.93447 2.22309 1.90431 1.89022 1.88626 2.47818
threshold=-1.6741466019357316 0.7703271457330223 -0.49306715262070971 12.500000000000002 3.5000000000000004 -10.909495509114473 0.18122386151223657 3.3872209391839867 -10.909495509114473 1.6327736720886741 0.086228291473257015 -0.24600862223246212 1.2527629684953685 -1.8633098910483914 0.11547344110854506 0.18122386151223657 3.5000000000000004 -1.7155251724059177 263.00000000000006 1.0000000180025095e-35 1.5000000000000002 -1.0000000180025095e-35 -0.07884682095180108 0.74250000000000005 22.500000000000004 1598203.0000000002 1372163.5000000002 1667813.5000000002 736032.50000000012 26.500000000000004 33.500000000000007 1036.0000000000002 47092.500000000007 53829.000000000007 7204499.0000000009 120557.00000000001 1524938.0000000002 1452349.0000000002 1288694.5000000002 51918.500000000007 1.0000000180025095e-35 28338.000000000004 5950.0000000000009 1.5000000000000002 2463893.0000000005 2670024.5000000005 4899.0000000000009 51918.500000000007 300051.50000000006 353355.00000000006 23361.500000000004 69.500000000000014 110255.00000000001 169050.00000000003 31871.000000000004 -0.80979514194905933 33896.500000000007 11119.000000000002 240038.50000000003 1.5000000000000002 45.500000000000007 69.500000000000014
decision_type=2 2 2 2 2 2 2 2 2 2 2 2 2 2 2 2 2 2 2 2 2 2 2 2 2 2 2 2 2 2 2 2 2 2 2 2 2 2 2 2 2 2 2 2 2 2 2 2 2 2 2 2 2 2 2 2 2 2 2 2 2 2
left_child=2 9 4 6 8 -6 -3 12 -1 10 17 -12 -8 -10 15 -13 -17 -2 -4 20 24 22 23 55 25 26 28 -27 60 30 32 -31 34 -34 -26 -33 37 38 40 -39 41 -30 43 44 -38 -46 -47 -43 51 -50 -40 -49 -53 -41 -52 -22 57 -32 -37 -24 -19 -62
right_child=1 3 18 -5 5 -7 7 -9 13 -11 11 14 -14 -15 -16 16 -18 19 -20 -21 21 -23 59 -25 29 27 -28 -29 36 31 56 35 33 -35 -36 58 42 39 50 53 -42 47 -44 -45 45 46 -48 48 49 -51 54 52 -54 -55 -56 -57 -58 -59 -60 -61 61 -63
leaf_value=0.0093922028438963232 0.012183535515658581 0.013652965072480167 0.015890864781394204 0.030092593069145791 0.03414509422388546 0.0099951029286809642 0.0054372300569654024 0.0086227165924311656 0.0083188335015349068 0.012703354729928524 0.011835688806836761 -0.02784362347541508 -0.0012224399687238937 -0.0016531772673322989 -0.0039762695302876724 -0.015277010456955873 0.00053507289449466078 -0.0067170615961220943 0.031720124354067535 0.010155800224837263 -0.0068059641142940762 -0.022715999430283872 0.020408275911334532 -0.0045238435307438981 -0.0012075085752852139 -0.010868215468411699 0.0097258485100654834 0.0017967545952598013 -0.008082255176414534 -0.00088306101466825281 -0.010803240946568978 -0.021059538714349058 -0.027000796827325476 -0.0042184372357105078 0.016048030957273723 0.0061260075387424649 -0.013151675253291036 -0.0045311486653148011 -0.01947724193311369 0.0266708186802622 0.010086120599017393 0.011160777356218857 -0.0004988076348151864 -0.011261487897911635 0.027956586719358564 0.0022624271183752705 0.017802688998317672 0.0016458722036578059 0.017975016447368607 0.0027642694242846324 0.0071845892913007213 0.00038716886625733487 -0.022154444476989943 0.010522596683357144 -0.0097226854466857839 0.0070685546706236646 -0.0034688563200277614 -0.033418942858182379 -0.009892974683000412 0 0.0097385748980756623 -0.0024203965465339925
leaf_weight=137 32 142 101 24 21 86 288 352 78 35 35 24 256 220 394 46 43 217 29 44 36 46 23 498 196 118 90 82 88 7666 26 28 20 311 34 27 20 32 32 26 111 71 3271 27 26 226 46 68 34 89 27 30 32 94 49 82 26 20 57 22 48 322
leaf_count=137 32 142 101 24 21 86 288 352 78 35 35 24 256 220 394 46 43 217 29 44 36 46 23 498 196 118 90 82 88 7666 26 28 20 311 34 27 20 32 32 26 111 71 3271 27 26 226 46 68 34 89 27 30 32 94 49 82 26 20 57 22 48 322
internal_value=-8.65175e-05 -0.000444533 0.00848708 0.00655755 0.00583757 0.014809 0.00600573 0.00478681 0.00361643 -0.000939105 -0.000971329 -0.00461881 0.00229443 0.000942088 -0.00576669 -0.0119561 -0.00758932 -0.00083433 0.0194821 -0.000863613 -0.000897715 -0.00352994 -0.00218395 -0.00311426 -0.000761358 -6.94644e-06 0.000214608 -0.00565229 4.17307e-05 -0.00123398 -0.00412075 -0.000998352 -0.00276177 -0.00561786 0.00132745 -0.00883717 0.000450668 0.0027095 0.000912654 0.0101304 0.00284626 0.000881604 -3.71337e-05 0.00432446 0.00566664 0.00695037 0.00491451 0.0033334 0.00111349 0.00702067 -0.00839871 -0.00443828 -0.0111836 0.0140823 -0.0036489 0.00279113 -0.0146217 -0.0207958 -0.0046834 0.0104187 -0.0030139 -0.000827301
internal_weight=16781 16109 672 1062 542 107 1038 896 435 15047 15012 542 544 298 507 113 89 14470 130 14438 14394 707 661 616 13687 5276 5076 200 4986 8411 633 7778 561 331 230 112 4399 783 631 152 523 412 3616 345 318 298 272 324 253 123 108 130 62 120 76 118 72 46 84 45 587 370
internal_count=16781 16109 672 1062 542 107 1038 896 435 15047 15012 542 544 298 507 113 89 14470 130 14438 14394 707 661 616 13687 5276 5076 200 4986 8411 633 7778 561 331 230 112 4399 783 631 152 523 412 3616 345 318 298 272 324 253 123 108 130 62 120 76 118 72 46 84 45 587 370
is_linear=0
shrinkage=0.05


Tree=53
num_leaves=63
num_cat=0
split_feature=15 16 16 16 16 17 16 16 17 17 0 17 17 2 16 3 17 3 10 17 0 6 0 9 17 17 17 10 15 10 10 8 0 0 0 2 0 0 0 0 2 4 0 0 2 0 0 4 3 2 9 6 6 3 0 0 3 8 2 3 2 2
split_gain=18.7067 8.96545 6.92169 5.91774 4.85665 3.70801 3.2241 4.16216 4.19131 2.93912 2.63542 2.6124 2.58815 2.23954 3.54252 2.53032 2.23821 2.26728 2.04933 1.97286 4.38492 2.46568 2.05177 1.93761 1.86169 1.88548 1.83486 1.69125 1.67703 1.63047 2.19623 3.16751 2.01496 2.8713 2.25147 1.84582 1.74514 2.00358 1.74165 3.41774 3.15008 2.48375 5.81241 4.8552 4.49917 2.93289 2.53211 1.72167 3.05368 3.04886 2.72559 2.62679 4.42271 3.40963 3.54901 2.401 2.17126 3.07007 2.82283 2.2991 2.06794 5.46838
threshold=2.5000000000000004 -10.909495509114473 4.6795237656961239 0.7703271457330223 -6.2088811538682585 0.19267617760431552 -1.6166281755196303 0.83324513206885864 -0.041690804469525396 0.57536414490356191 155320.00000000003 0.63652324031444929 1.0000000180025095e-35 2959538.0000000005 -0.89378306794153561 10001.500000000002 0.84729786038720378 382782.50000000006 68.500000000000014 1.0139875510548091 158242.00000000003 190439.00000000003 1512668.0000000002 5.5000000000000009 1.2407838742612436 0.51082562376599083 2.4108415537651626 187.00000000000003 5.5000000000000009 22.500000000000004 26.500000000000004 33.500000000000007 1598203.0000000002 1667813.5000000002 1372163.5000000002 736032.50000000012 33896.500000000007 11119.000000000002 47092.500000000007 57832.500000000007 7204499.0000000009 1.0000000180025095e-35 89910.000000000015 155320.00000000003 4293868.0000000009 103252.50000000001 1405501.5000000002 1.0000000180025095e-35 2743.0000000000005 1524938.0000000002 4.5000000000000009 152200.50000000003 15000.500000000002 6513.5000000000009 43049.500000000007 176396.00000000003 7639.0000000000009 8.5000000000000018 17286515.500000004 6283.0000000000009 2478256.5000000005 2641871.0000000005
decision_type=2 2 2 2 2 2 2 2 2 2 2 2 2 2 2 2 2 2 2 2 2 2 2 2 2 2 2 2 2 2 2 2 2 2 2 2 2 2 2 2 2 2 2 2 2 2 2 2 2 2 2 2 2 2 2 2 2 2 2 2 2 2
left_child=3 10 6 4 -1 29 12 13 -9 -7 -2 -5 23 14 -8 -15 -13 26 -17 21 -21 22 -16 -3 25 -10 -18 -11 -4 32 31 38 34 -34 35 -6 37 -33 40 -40 -31 42 -41 -44 -45 -43 -47 49 -49 -37 51 52 60 -54 -55 -52 59 -58 -59 -51 -50 -62
right_child=1 2 28 11 5 9 7 8 24 27 -12 16 -14 15 19 18 17 -19 -20 20 -22 -23 -24 -25 -26 -27 -28 -29 -30 30 -32 36 33 -35 -36 47 -38 -39 39 41 -42 45 43 44 -46 46 -48 48 50 56 55 -53 53 54 -56 -57 57 58 -60 -61 61 -63
leaf_value=0.0075255873229850686 0.012037542648111393 0.0041751827891231821 0.011852429439691274 0.0089959781105667432 -0.0026622215780647942 -0.012461666175740023 0.009763779909145542 0.025534502475615246 4.4287929714741206e-05 0.0015318778714642136 0.030898374989771046 -0.0082681128271630995 0.019468540478748401 0.011787596776465689 -0.010363229415353212 -0.004176791206904981 0 0.013803111895763455 0.0042647886882610474 0.021543922592232478 -0.011021069929851177 0.0083984250372228422 0.005273231452540595 0.018314538599121188 0.0011564430989678368 0.012954996529310543 0.010224798158084775 -0.014106727628063817 0.024990896949895407 -0.0018574892561151737 -0.00098978778065754252 -0.010265148543820529 -0.0097131662277547635 0.00205268736385519 0.0076973536971625504 0.0031896610318754288 -0.0032960781285189577 -0.031756309101089314 -0.019622914706533545 -0.016440187437493172 0.014347311508101533 0.0039092082859274327 0.02354107741074464 -0.014196218318568592 0.0075300111874876596 -0.017511671314319355 0.00043764348887620757 -0.0065648083322721708 0.000358962616899823 -0.0022208566120542747 -0.00080700285963276582 -0.0012172730961235209 0.00012561789648086194 0.032839192918800775 0.01067097733533026 -0.015688024327406649 0.011879761790656775 0.00012391552448828418 -0.013293909055799464 -0.0094244526890393671 0.022131736188931876 0.0031206700040509977
leaf_weight=173 37 194 85 197 605 123 45 27 41 94 40 47 43 61 195 127 256 45 165 20 21 23 23 28 157 97 53 21 36 205 8135 26 126 87 95 417 26 20 36 39 35 35 29 35 74 74 26 118 701 854 91 451 41 27 58 39 53 834 41 128 40 706
leaf_count=173 37 194 85 197 605 123 45 27 41 94 40 47 43 61 195 127 256 45 165 20 21 23 23 28 157 97 53 21 36 205 8135 26 126 87 95 417 26 20 36 39 35 35 29 35 74 74 26 118 701 854 91 451 41 27 58 39 53 834 41 128 40 706
internal_value=-8.2057e-05 0.00531515 0.00438845 -0.000598667 -0.000797072 -0.000896457 0.00329161 0.00198749 0.00667002 -0.0070875 0.0219276 0.00427544 0.00820119 -0.000223125 -0.00321069 0.00253036 0.00194225 0.00331393 0.000575989 -0.00530153 0.00475641 -0.00703464 -0.00868892 0.00598848 0.00491843 0.00915822 0.00176623 -0.0012902 0.0158201 -0.00079307 -0.00121569 -0.00399193 -0.000117819 -0.00488522 7.29582e-05 -6.5411e-05 -0.0139008 -0.0197662 -0.00276794 -0.00502857 0.000489877 -0.00332284 0.000547265 0.0053927 0.000501252 -0.00843064 -0.0127991 0.000275164 0.00125497 -0.000679345 0.00168595 0.00213855 0.0031039 0.0120943 0.0178017 -0.00531837 -0.00152679 0.000202342 -0.000500539 -0.00316577 0.00231681 0.00414956
internal_weight=16781 1465 1388 15316 14718 14545 1267 1002 322 238 77 598 265 680 327 353 401 354 292 282 41 241 218 222 295 138 309 115 121 14307 8795 660 5512 213 5299 5204 72 46 588 348 240 312 177 138 109 135 100 4599 2272 2327 2154 2024 1573 126 85 130 1910 928 875 982 1447 746
internal_count=16781 1465 1388 15316 14718 14545 1267 1002 322 238 77 598 265 680 327 353 401 354 292 282 41 241 218 222 295 138 309 115 121 14307 8795 660 5512 213 5299 5204 72 46 588 348 240 312 177 138 109 135 100 4599 2272 2327 2154 2024 1573 126 85 130 1910 928 875 982 1447 746
is_linear=0
shrinkage=0.05


Tree=54
num_leaves=63
num_cat=0
split_feature=16 16 17 15 15 16 17 16 17 17 16 16 3 17 17 16 17 8 7 17 17 15 17 17 16 16 15 0 11 0 0 0 0 11 3 9 0 9 2 7 2 0 3 8 2 11 3 8 0 5 2 7 2 7 7 0 0 9 11 11 7 0
split_gain=16.929 18.2052 6.67947 4.6812 3.71785 3.23983 3.21926 2.89492 2.32127 2.52992 3.5439 2.20523 2.08856 2.04427 2.02634 1.98929 2.77938 2.00973 2.49364 1.96377 1.93986 1.73791 6.5575 2.78568 2.00954 2.58407 3.24455 2.2647 1.72921 1.70118 3.75999 3.0281 2.43974 7.04611 6.58242 4.16826 2.03666 2.86205 3.52626 3.68498 3.51102 2.65007 2.61181 3.43525 3.79918 2.66212 2.83807 2.60868 2.52539 2.84612 3.59215 2.54322 2.51009 4.16411 2.94206 3.58555 2.79698 2.4136 2.4586 2.37737 2.21938 2.21852
threshold=-1.6741466019357316 0.7703271457330223 -0.49306715262070971 12.500000000000002 3.5000000000000004 -10.909495509114473 0.18122386151223657 3.3872209391839867 1.6327736720886741 0.086228291473257015 -0.24600862223246212 -10.909495509114473 4370.5000000000009 1.2527629684953685 -1.8633098910483914 0.11547344110854506 0.18122386151223657 21.500000000000004 0.9083500000000001 -1.8122216147670873 1.0000000180025095e-35 1.5000000000000002 -1.0000000180025095e-35 -0.07884682095180108 0.25038954438355127 -0.14334224382656277 6.5000000000000009 3656.0000000000005 1.5000000000000002 152294.00000000003 146661.50000000003 143609.50000000003 161328.00000000003 2.5000000000000004 9025.5000000000018 6.5000000000000009 57832.500000000007 7.5000000000000009 1538260.0000000002 1.1150000000000004 4270506.5000000009 65133.000000000007 398596.00000000006 46.500000000000007 5777583.5000000009 5.5000000000000009 183746.00000000003 6.5000000000000009 53829.000000000007 2.5000000000000004 1452349.0000000002 0.88800000000000012 2959538.0000000005 0.97800000000000009 0.89060000000000017 118075.50000000001 103252.50000000001 5.5000000000000009 11.500000000000002 2.5000000000000004 0.95835000000000015 137687.50000000003
decision_type=2 2 2 2 2 2 2 2 2 2 2 2 2 2 2 2 2 2 2 2 2 2 2 2 2 2 2 2 2 2 2 2 2 2 2 2 2 2 2 2 2 2 2 2 2 2 2 2 2 2 2 2 2 2 2 2 2 2 2 2 2 2
left_child=2 8 4 6 11 -6 -3 13 9 19 -11 -1 -4 -8 -13 16 -12 -18 -19 -2 21 29 23 24 25 26 27 -23 -25 30 31 36 33 34 -31 -35 48 38 47 41 -39 42 43 44 -40 60 -47 -38 -21 50 51 -50 53 54 55 56 -43 -54 -59 -52 -45 -49
right_child=1 3 12 -5 5 -7 7 -9 -10 10 15 14 -14 -15 -16 -17 17 18 -20 20 -22 22 -24 28 -26 -27 -28 -29 -30 32 -32 -33 -34 35 -36 -37 37 40 39 -41 -42 52 -44 45 -46 46 -48 61 49 -51 59 -53 57 -55 -56 -57 -58 58 -60 -61 -62 -63
leaf_value=0.0084216054490231455 0.01380181998272479 0.012422541541327249 0.0065437943764564792 0.027761705284667711 0.031265885206336656 0.009197090503961957 0.004886827801974249 0.0078307970991529832 0.011984324588989601 0.011085987010933565 -0.026315583885334337 0.007667645265791858 0.021530107370787564 -0.0012410250815774915 -0.0016999217511062892 -0.0036067767367211202 0.0048603801850778646 -0.021896317948727984 -0.001973368921893961 -0.00079798104647070566 0.0096848482101344752 0.012608336262843189 -0.021464206409234545 0.019583008976983819 0.0051267614449970918 -0.0098274924057418812 0.01720034128399257 -0.003820027132522056 0 0.014372101375559691 -0.010311342399655338 0.011120861751226063 -0.00017419691495275372 0.032416538508033436 -0.012536892597754099 0.0069550456437914333 0.013086226489621502 -0.0033943042656379078 -0.0064965819322297946 -0.015320144370970776 0.015746800454619986 -0.0054264460155983192 0.010024345154637723 -0.026020823587497618 0.015288307330729556 0.00342064797627235 -0.017358667286964218 -0.00071651779840218232 -0.018154810979716416 -0.0084641462715957169 0.013588288069856184 0.004520814968594189 4.8969793074847579e-05 0.0012893795604226553 -0.01632240484614305 0.011241666727950213 -0.025921504021580541 -0.0084421848375214274 0.0042412542228794153 0.0023593152991499473 -0.01040531387996106 0.016243657341866349
leaf_weight=137 23 142 32 24 21 86 288 352 35 35 24 78 98 256 220 394 25 31 33 5403 44 22 46 23 70 136 21 376 22 36 110 51 5150 30 61 36 41 47 116 65 48 105 20 51 24 37 29 473 23 39 117 26 898 134 99 27 20 178 48 81 44 20
leaf_count=137 23 142 32 24 21 86 288 352 35 35 24 78 98 256 220 394 25 31 33 5403 44 22 46 23 70 136 21 376 22 36 110 51 5150 30 61 36 41 47 116 65 48 105 20 51 24 37 29 473 23 39 117 26 898 134 99 27 20 178 48 81 44 20
internal_value=-7.76709e-05 -0.000402346 0.00769682 0.00592373 0.00524049 0.0136002 0.00541136 0.00429337 -0.000849202 -0.000879536 -0.00423504 0.00317006 0.0178875 0.00199424 0.000736969 -0.00530454 -0.0111716 -0.00700672 -0.0117207 -0.000753475 -0.000777089 -0.000809464 -0.00321253 -0.00194895 -0.00282079 -0.00383294 -0.0018734 -0.00289643 0.0100284 -0.000683365 -0.00112738 -0.00100441 1.55299e-05 0.00603706 -0.00249404 0.0186356 -0.00108044 -0.00226315 -0.00259766 -0.00360948 0.0062308 -0.00318998 -0.00732197 -0.0084941 -0.00271809 -0.0134809 -0.00564646 0.00098363 -0.000554811 0.00402027 0.00601435 -0.00603631 -0.00230727 -0.00579418 -0.00959475 -0.00517221 -0.00876372 -0.00110806 -0.00572556 0.00902337 -0.0188595 -1.51837e-05
internal_weight=16781 16109 672 1062 542 107 1038 896 15047 15012 542 435 130 544 298 507 113 89 64 14470 14447 14403 716 670 625 555 419 398 45 13687 8374 8264 5313 163 97 66 8213 2524 2429 1895 95 1830 321 301 140 161 66 534 5689 286 247 49 1509 385 251 152 125 1124 226 198 95 493
internal_count=16781 16109 672 1062 542 107 1038 896 15047 15012 542 435 130 544 298 507 113 89 64 14470 14447 14403 716 670 625 555 419 398 45 13687 8374 8264 5313 163 97 66 8213 2524 2429 1895 95 1830 321 301 140 161 66 534 5689 286 247 49 1509 385 251 152 125 1124 226 198 95 493
is_linear=0
shrinkage=0.05


Tree=55
num_leaves=63
num_cat=0
split_feature=16 16 17 17 17 17 17 0 0 4 0 0 7 16 7 10 16 11 0 3 0 3 4 16 3 0 7 0 0 3 0 0 0 0 0 4 0 0 0 0 9 9 0 0 10 0 3 7 4 0 10 0 7 4 7 11 9 10 3 10 10 10
split_gain=12.4153 11.8574 6.52088 4.4824 3.7269 3.20428 2.69985 2.6074 2.40603 2.39197 4.17449 3.33222 2.31601 1.68102 1.77237 1.58599 1.5584 1.5462 3.00744 3.58382 3.40351 3.18028 3.0156 2.22624 2.11013 6.55621 1.72259 1.69216 3.5438 3.27845 2.13319 1.8387 1.67662 2.40234 2.3043 2.4496 1.60855 2.01476 3.6152 1.62081 1.53338 1.59619 1.53079 1.49531 2.29226 2.16009 2.30059 2.53226 3.71599 1.74459 2.98102 2.68185 2.44843 2.36283 3.59305 3.36189 4.25025 4.17676 3.80295 2.83055 2.23923 2.18764
threshold=-0.76982294072363378 1.1434029114275945 -0.35979021881405049 0.18122386151223657 3.6762205501217919 -3.2481360492742049 2.0019802503769162 4002.5000000000005 1067102.5000000002 1.0000000180025095e-35 1221382.0000000002 1221382.0000000002 0.98750000000000016 4.0178513841011876 0.97550000000000014 197.50000000000003 2.4376363228124194 4.5000000000000009 110255.00000000001 325922.00000000006 118075.50000000001 272886.00000000006 1.0000000180025095e-35 0.48544275035498646 155386.00000000003 218299.50000000003 1.0175000000000003 161328.00000000003 128739.50000000001 221870.00000000003 149609.00000000003 181485.00000000003 24482.500000000004 10352.000000000002 88201.500000000015 1.0000000180025095e-35 778696.50000000012 397709.50000000006 333965.50000000006 938729.50000000012 3.5000000000000004 2.5000000000000004 1076760.5000000002 14725.000000000002 551.50000000000011 2203.5000000000005 191864.00000000003 0.86585000000000012 1.0000000180025095e-35 51918.500000000007 18.500000000000004 57832.500000000007 0.9275000000000001 1.0000000180025095e-35 0.87165000000000015 24.000000000000004 1.5000000000000002 71.500000000000014 117172.50000000001 75.500000000000014 98.500000000000014 233.50000000000003
decision_type=2 2 2 2 2 2 2 2 2 2 2 2 2 2 2 2 2 2 2 2 2 2 2 2 2 2 2 2 2 2 2 2 2 2 2 2 2 2 2 2 2 2 2 2 2 2 2 2 2 2 2 2 2 2 2 2 2 2 2 2 2 2
left_child=2 6 5 16 7 -1 8 -5 17 10 40 -11 -13 -9 -15 -4 -3 -2 26 20 -20 24 -23 -21 25 -22 43 28 -26 -30 -31 -29 33 -28 35 -34 37 38 -27 -38 41 42 -10 45 49 -19 47 -47 -49 53 -51 52 -52 54 -45 56 -55 58 -58 -59 -61 -53
right_child=1 3 15 4 -6 -7 -8 13 9 11 -12 12 -14 14 -16 -17 -18 18 19 23 21 22 -24 -25 27 36 32 31 29 30 -32 -33 34 -35 -36 -37 39 -39 -40 -41 -42 -43 -44 44 -46 46 -48 48 -50 50 51 61 -54 55 -56 -57 57 59 -60 60 -62 -63
leaf_value=0.021460028806055687 -0.00072577267932491963 0.011226563942880642 0.017172710830138944 0.018991731905817301 0.021740930042264798 0.0032322672887893263 0.016183628460307339 0.00087503880436874042 -0.0050374584012784634 0.0088611373261404721 -0.002525599855402559 -0.0079680032893902908 0.0060523195086033786 0.0082877976198084211 -0.0011437946760285928 0.0026886421308179435 0.024990969511720529 -0.0088445607340646108 0.023182463593988779 0.00012246552083270949 0.031153316972112016 0.020707450969405686 0.0015628266055402252 0.012878759157481707 -0.014242596307130002 -0.0045971080616692504 -0.0092055538344221564 -0.016931635211871202 0.026020461379139909 0.012582193974004799 -0.0081996444442707477 -0.0016830864803871249 -0.026376475298559594 0.01017496236182279 0.0032195776065378958 -0.0061976617946376709 0.015107867576000168 -0.0057138448613777504 0.016845779453851576 0 -0.021025769295328109 0.0029133358890835142 -0.019285429092100879 -0.011786728963007689 0.011780881136655808 0.0014637649579431569 0.00052486680317531491 0.03039784570658758 0.0030182909526866235 0.01927201767169421 0.0032043433417382871 3.1128125073889001e-05 0.022450685083161837 0.011399811105486638 -0.0017765137568461573 0.014650100014033204 -0.0056502969756563361 0.016376792063093306 -0.034445351503085142 -0.016374727424144666 -0.0010318250695645547 -0.0073800782360034988
leaf_weight=25 10326 75 135 26 29 700 24 423 38 86 433 96 42 201 65 23 30 34 25 1381 23 52 35 35 20 40 34 25 21 25 24 98 29 30 21 33 45 74 38 29 39 21 40 156 33 42 141 28 23 20 99 399 20 50 214 34 28 20 20 28 161 132
leaf_count=25 10326 75 135 26 29 700 24 423 38 86 433 96 42 201 65 23 30 34 25 1381 23 52 35 35 20 40 34 25 21 25 24 98 29 30 21 33 45 74 38 29 39 21 40 156 33 42 141 28 23 20 99 399 20 50 214 34 28 20 20 28 161 132
internal_value=0.000117125 -0.000204777 0.00588687 0.00554249 0.00416717 0.00387058 -0.000531224 0.00344445 -0.000558518 -0.00323572 -0.00495491 0.00112459 -0.00366345 0.00284784 0.00596473 0.0150989 0.0152269 -0.000407674 0.000451102 0.00179712 0.00513025 0.00429502 0.0130736 0.000442187 0.00262862 0.005756 -0.00101069 -0.00100487 0.00417267 0.00951831 0.00230553 -0.00483424 -0.00620264 -4.12327e-05 -0.0108877 -0.0157439 0.00313657 0.000158345 0.0057936 0.00917807 -0.0125337 -0.0091201 -0.0124235 -0.00055362 -0.00120517 0.00286455 0.00459028 0.0106931 0.0181781 -0.00151993 0.000303972 -0.000274844 0.00649714 -0.00324549 -0.00601259 -0.000227527 -0.00189573 -0.00450528 -0.0177989 -0.00142125 -0.00333875 -0.00180283
internal_weight=16696 15813 883 849 744 725 14964 715 14940 795 571 224 138 689 266 158 105 14145 3819 1990 574 549 87 1416 462 249 1829 213 90 70 49 123 147 64 83 62 226 152 78 74 138 99 78 1682 1414 268 234 93 51 1381 670 650 119 711 370 341 307 257 48 209 189 531
internal_count=16696 15813 883 849 744 725 14964 715 14940 795 571 224 138 689 266 158 105 14145 3819 1990 574 549 87 1416 462 249 1829 213 90 70 49 123 147 64 83 62 226 152 78 74 138 99 78 1682 1414 268 234 93 51 1381 670 650 119 711 370 341 307 257 48 209 189 531
is_linear=0
shrinkage=0.05


Tree=56
num_leaves=63
num_cat=0
split_feature=16 16 17 17 17 8 17 0 17 0 1 9 7 7 9 5 16 0 16 8 10 7 0 8 8 8 6 17 13 0 13 7 7 7 8 0 0 0 0 7 0 0 0 0 9 16 13 13 10 7 7 0 0 11 0 7 13 0 0 7 0 0
split_gain=11.4281 10.4945 5.55853 4.04671 3.36398 2.5664 2.41894 2.3764 2.19721 2.0786 1.55167 4.40799 3.36138 4.06453 2.18066 6.11129 2.87928 3.66103 2.88892 2.80066 3.9492 4.40473 2.40234 2.35537 2.28123 3.75242 2.06032 4.44976 3.07102 2.69466 2.47761 2.35044 3.53186 2.84224 2.53126 2.40446 5.04535 2.24134 2.1223 2.09997 3.17745 2.04049 3.16738 4.89376 2.73674 2.10951 2.15388 3.37558 6.36751 4.81074 2.97029 2.25201 2.71403 5.37183 2.21123 2.02548 2.00054 3.47496 1.85366 2.32494 3.79025 3.55904
threshold=-2.0034160414212967 1.1434029114275945 0.058375255521096951 0.18122386151223657 3.6762205501217919 4.5000000000000009 2.0019802503769162 4002.5000000000005 -3.2481360492742049 1067102.5000000002 1.0000000180025095e-35 2.5000000000000004 1.135 1.1450000000000002 4.5000000000000009 3.5000000000000004 0.021603690711863802 103252.50000000001 0.50147587097457336 73.500000000000014 101.50000000000001 0.9275000000000001 59284.000000000007 110.00000000000001 140.00000000000003 30.500000000000004 102.50000000000001 0.10135430644995157 272.00000000000006 14150.500000000002 44.500000000000007 0.74750000000000016 0.76145000000000007 0.77515000000000012 244.50000000000003 406215.50000000006 375510.50000000006 10746.500000000002 353355.00000000006 0.75500000000000012 243730.00000000003 96312.000000000015 68701.500000000015 67478.000000000015 8.5000000000000018 -1.0000000180025095e-35 78.500000000000014 191.50000000000003 141.00000000000003 0.91335000000000011 0.93665000000000009 265014.50000000006 231210.00000000003 14.000000000000002 155320.00000000003 0.9083500000000001 69.500000000000014 58541.500000000007 204484.50000000003 0.97800000000000009 644756.50000000012 815102.50000000012
decision_type=2 2 2 2 2 2 2 2 2 2 2 2 2 2 2 2 2 2 2 2 2 2 2 2 2 2 2 2 2 2 2 2 2 2 2 2 2 2 2 2 2 2 2 2 2 2 2 2 2 2 2 2 2 2 2 2 2 2 2 2 2 2
left_child=2 6 8 -3 5 -5 9 -7 -1 10 11 12 -2 -14 16 19 17 22 -18 -16 21 -21 -13 -24 25 -19 31 28 30 -30 37 -12 39 34 -34 36 38 -28 41 -33 -41 42 43 -35 -44 -43 -47 48 49 -48 -51 52 54 -54 -49 -53 57 -32 -27 -60 -61 -62
right_child=1 3 -4 4 -6 7 -8 -9 -10 -11 26 14 13 -15 15 -17 18 24 -20 20 -22 -23 23 -25 -26 58 27 -29 29 -31 56 32 33 35 -36 -37 -38 -39 -40 40 -42 45 44 -45 -46 46 47 51 -50 50 -52 55 53 -55 -56 -57 -58 -59 59 60 61 -63
leaf_value=0.020262011666144573 -0.00081281374249133741 0.014469620188455374 0.023184830359262637 0.020925039039989612 0.020657619598395228 0.018552881011586166 0.015377804570487428 0.0022038267858331558 0.0047490745967084143 -0.0029125496043428604 -0.0058488726958784232 0.0051790400394848817 0.025303789309830779 0.0029799285842143628 -0.0027435375409812965 -0.019552421481963598 -0.014732516872986373 0.0089011925541195008 0.005670357355687934 0.02790200514090023 0.0014986555261189947 0.0032752643618113187 0.0098210850977967327 0.028539385548594157 0.0038623926574874916 -0.0011550287890280662 0.0069343707809077504 -0.019950481821947239 -0.015429999395404632 0.0027229695294700529 0.026427986907512187 -0.00099427322074346403 -0.014502414366526984 -0.0010011723271005728 0.00063841625477625993 -0.0066014202362515628 0.022024458656048875 -0.010885465532845381 -0.013530514753927279 0.023261180034062932 -0.00050169536633189443 -0.0080466173190254647 -0.006469233198682714 0.023745824044468393 0.0076468881952634071 -0.0035063186705915021 0.0047014791387826292 -0.0039713869204795202 0.0026938534993026591 0.041744528930166586 0.015762050111185422 0.01017585901812869 -0.028838956978982068 0.0018015659686740953 0.0041047436662023139 -0.0075384312064331301 0.0044822292980437953 0.0036981933381105346 -0.024629552275931686 0.010400819178350371 -0.03024223727076801 -0.00055620150764194712
leaf_weight=24 5898 105 48 20 29 23 24 672 536 824 265 460 25 113 353 37 42 54 29 31 839 45 94 21 320 94 29 22 39 42 31 35 74 2947 43 185 24 44 33 37 22 61 419 20 37 180 38 188 350 23 23 77 26 31 154 20 292 38 24 22 20 21
leaf_count=24 5898 105 48 20 29 23 24 672 536 824 265 460 25 113 353 37 42 54 29 31 839 45 94 21 320 94 29 22 39 42 31 35 74 2947 43 185 24 44 33 37 22 61 419 20 37 180 38 188 350 23 23 77 26 31 154 20 292 38 24 22 20 21
internal_value=0.00011153 -0.000142488 0.00684013 0.00526705 0.00395981 0.00327277 -0.000444227 0.00275466 0.00542634 -0.000469614 -0.00032937 9.97223e-05 -0.000631517 0.00707571 0.00186295 0.00044353 0.00340096 0.00401745 -0.00633237 0.00103245 0.0024948 0.0134096 0.00681485 0.0133045 0.00110953 -0.00261783 -0.00095687 0.00199075 0.00294144 -0.00596395 0.00461601 -0.00125582 -0.00101356 -0.00119673 -0.00889934 -0.00100916 -0.000785511 -0.00373815 -0.000905379 0.00857602 0.01433 -0.000813308 -0.00143023 -0.000831878 -0.00531146 0.000985741 0.0014873 0.00245945 0.0056799 0.0180443 0.0289241 -0.000348939 -0.00201991 -0.0121133 -0.000320014 0.00646793 0.00631977 0.014006 -0.00608508 -0.0113469 -0.00617665 -0.0151972
internal_weight=16696 16088 608 849 744 715 15239 695 560 15215 14391 8542 6036 138 2506 1305 1201 1130 71 1268 915 76 575 115 555 235 5849 537 515 81 434 5312 5047 4953 117 4836 4651 73 4627 94 59 4594 3423 2967 456 1171 1110 930 434 84 46 496 399 57 342 97 361 69 181 87 63 41
internal_count=16696 16088 608 849 744 715 15239 695 560 15215 14391 8542 6036 138 2506 1305 1201 1130 71 1268 915 76 575 115 555 235 5849 537 515 81 434 5312 5047 4953 117 4836 4651 73 4627 94 59 4594 3423 2967 456 1171 1110 930 434 84 46 496 399 57 342 97 361 69 181 87 63 41
is_linear=0
shrinkage=0.05


Tree=57
num_leaves=63
num_cat=0
split_feature=15 16 16 16 16 2 17 16 16 17 2 17 16 17 17 16 16 0 0 7 7 0 0 0 7 10 8 8 9 0 10 0 0 0 0 2 0 2 0 0 8 0 0 0 0 0 4 11 0 0 0 0 0 0 8 7 7 11 11 2 9 2
split_gain=13.8963 4.83489 4.41413 4.16101 3.47724 2.42134 2.00823 1.74183 3.44819 3.43465 2.01428 1.79238 1.73562 2.47618 1.95722 2.99299 2.20458 1.97981 4.57012 1.93124 2.99843 4.44547 1.99962 3.7203 4.57989 2.21978 2.77945 2.12382 3.54493 1.74307 1.71415 2.43209 4.75778 3.50767 2.86 2.59281 2.50786 4.24158 3.08961 3.77293 2.62965 2.06731 4.99845 4.69534 2.66733 3.47533 1.68949 3.85284 4.07407 4.121 3.66557 3.25632 2.82173 7.25883 2.30733 2.3922 2.2899 1.69263 1.8867 2.24563 2.95421 2.69308
threshold=3.5000000000000004 -10.909495509114473 6.2505997506703013 -3.2302367304466482 7.2413914549653464 5117485.0000000009 2.2715799336090492 -0.30792917628945321 0.42340261739799862 1.6508310092437444 1080425.5000000002 -0.37469344944141064 0.65434949961508826 0.20306160967635667 0.39334813988998635 0.27502519449766333 1.0000000180025095e-35 3310.5000000000005 4002.5000000000005 0.87585000000000013 0.86585000000000012 43776.500000000007 23913.000000000004 29346.000000000004 0.94915000000000005 52.500000000000007 87.500000000000014 56.500000000000007 1.5000000000000002 12325.000000000002 4.5000000000000009 522853.00000000006 1001865.5000000001 414176.00000000006 322701.00000000006 1802120.0000000002 57832.500000000007 462938.00000000006 22635.500000000004 26589.500000000004 4.5000000000000009 15722.000000000002 11119.000000000002 6772.5000000000009 3656.0000000000005 4899.0000000000009 1.0000000180025095e-35 1.0000000180025095e-35 758724.50000000012 353355.00000000006 304732.50000000006 38691.000000000007 155320.00000000003 194644.00000000003 17.500000000000004 0.97800000000000009 1.0025000000000002 10.500000000000002 6.5000000000000009 9456921.5000000019 3.5000000000000004 8674652.0000000019
decision_type=2 2 2 2 2 2 2 2 2 2 2 2 2 2 2 2 2 2 2 2 2 2 2 2 2 2 2 2 2 2 2 2 2 2 2 2 2 2 2 2 2 2 2 2 2 2 2 2 2 2 2 2 2 2 2 2 2 2 2 2 2 2
left_child=2 -2 3 -1 7 30 -6 11 -9 10 -10 -3 14 -14 15 16 17 -7 -19 20 -20 -22 25 24 -24 27 -27 28 -21 -28 31 33 -33 34 36 -34 37 -5 41 -40 -38 42 43 44 -39 -46 47 48 49 50 52 56 54 -54 -25 -56 -49 58 59 61 -61 -53
right_child=1 4 -4 5 6 12 -8 8 9 -11 -12 -13 13 -15 -16 -17 -18 18 19 22 21 -23 23 46 -26 26 29 -29 -30 -31 -32 32 35 -35 -36 -37 40 38 39 -41 -42 -43 -44 -45 45 -47 -48 51 -50 -51 -52 57 53 -55 55 -57 -58 -59 -60 60 -62 -63
leaf_value=0.0050468276978273153 0.023189884268989165 0.0049348364899850505 0.008427281393895843 -0.021794657050562438 0.0089479437587758563 -0.0053886558504956175 0.031051349083879101 -0.0022894568906115689 -0.003431527023868901 -0.0012436386245762284 0.012170154932222359 0.013669009578125307 0.015439864887214178 0.0021709913160618713 -0.0075802385563306582 0.01661940576820187 -0.009428262344774712 0.018263000083720917 -0.00029601730360261379 -0.0041415298163811117 -0.022896687023974252 -0.0010526824794860788 0.0038058409186275417 -0.022690917582098229 -0.018661479081207862 0.022542177600281262 0 -0.0113063563098899 0.0096953805706606958 0.012354988588946365 -0.001060568600365761 -0.023431466338379357 0.015877440847319627 0.021997102822713329 -0.01640896149239137 -0.008071139601882377 0.004785945820509039 0.0080494372250499678 -0.020651820105503718 0.00099492781837696022 0.021595098606722301 0.014446770586073399 -0.015192389637057749 0.022209266852845445 -0.023451564072710068 0.0045834104735326961 0.0026076675698022533 0.024460666348289341 -0.01627069498750161 0.0031816198138639494 -0.020436782224253439 0.00090425017860098567 0.030526037197282065 -0.0043687626664019518 -0.014102270281659869 -0.0012699474863541052 0.0023382837032254839 0.0092054450160576288 -0.004197726099894908 0.0023087853050059496 -0.012952501275350371 0.015453117813266441
leaf_weight=355 41 171 146 20 23 145 20 190 23 97 168 92 43 199 79 28 58 36 2066 84 37 64 39 20 53 32 62 28 102 54 9296 27 21 23 20 24 109 61 29 64 30 47 32 36 20 24 1067 28 52 248 36 68 20 57 50 136 21 65 143 167 39 61
leaf_count=355 41 171 146 20 23 145 20 190 23 97 168 92 43 199 79 28 58 36 2066 84 37 64 39 20 53 32 62 28 102 54 9296 27 21 23 20 24 109 61 29 64 30 47 32 36 20 24 1067 28 52 248 36 68 20 57 50 136 21 65 143 167 39 61
internal_value=0.000106203 0.00643286 -0.000222391 -0.00030307 0.00554731 -0.000426994 0.0193928 0.00473461 0.00291895 0.00637201 0.0102644 0.00801317 0.000414622 0.00455474 0.000222564 0.000342999 0.000253005 0.000364707 0.000534871 0.000403206 -0.000709956 -0.00911913 0.00128798 0.000756704 -0.00908921 0.00475125 0.00946347 0.00146608 0.00342072 0.00579618 -0.000894761 0.00172226 -0.00685844 0.0029327 0.00202703 0.00300442 0.00282211 0.000450797 0.00189471 -0.00571636 0.00846268 0.00513597 0.00257067 0.00664535 0.00124552 -0.00807066 0.00115692 -0.000117301 -0.00287909 -0.00163947 -0.00540301 0.002762 -0.00346639 0.00465781 -0.00652815 -0.00475209 0.0151056 0.00163635 0.000594908 0.00265628 -0.00056111 0.00782932
internal_weight=16696 825 15871 15725 784 15370 43 741 478 288 191 263 5487 242 5245 5166 5138 5080 4935 4899 2167 101 2732 2370 92 362 148 214 186 116 9883 587 72 515 492 45 472 333 313 93 139 220 173 141 105 44 2278 1211 619 567 319 592 283 77 206 186 49 543 478 335 206 129
internal_count=16696 825 15871 15725 784 15370 43 741 478 288 191 263 5487 242 5245 5166 5138 5080 4935 4899 2167 101 2732 2370 92 362 148 214 186 116 9883 587 72 515 492 45 472 333 313 93 139 220 173 141 105 44 2278 1211 619 567 319 592 283 77 206 186 49 543 478 335 206 129
is_linear=0
shrinkage=0.05


Tree=58
num_leaves=63
num_cat=0
split_feature=15 16 17 16 16 17 17 16 17 13 13 16 2 13 3 2 3 13 10 8 5 10 7 2 2 1 17 17 7 16 8 3 17 17 9 10 4 1 2 2 9 2 3 2 3 7 1 7 2 9 9 8 2 10 4 2 5 13 5 3 9 2
split_gain=12.5456 4.36336 4.21387 3.49155 3.215 2.55674 2.65131 2.28092 2.28059 2.26416 3.31573 2.20465 2.58966 1.9463 1.76341 1.63176 2.71131 2.04829 1.91568 2.13844 2.00828 1.86755 3.0129 1.92205 1.84974 1.6451 1.61634 1.60593 1.75311 1.50816 1.94995 1.89107 1.53436 1.62724 1.90231 2.63995 1.38298 2.78499 1.35462 2.33141 2.43023 1.32688 4.15052 1.94487 3.5595 2.42076 1.63638 2.75356 5.52197 2.92507 2.53405 2.17622 2.92232 2.1425 1.94218 1.93581 1.61324 1.77464 1.8726 1.63961 1.42418 1.98502
threshold=3.5000000000000004 -10.909495509114473 2.1578449036225238 -0.94015808689270786 3.0252102230878974 -0.53836478870930116 -3.0394846117290517 -1.0000000180025095e-35 -0.64901998794533144 198.50000000000003 102.00000000000001 -0.30792917628945321 555829.00000000012 78.500000000000014 6513.5000000000009 5117485.0000000009 3345.5000000000005 1314.5000000000002 4.5000000000000009 5.5000000000000009 1.0000000180025095e-35 5.5000000000000009 0.89750000000000008 1677510.5000000002 484246.50000000006 1.0000000180025095e-35 -0.37469344944141064 -0.07884682095180108 0.85950000000000004 0.094965439259465559 36.500000000000007 106085.50000000001 -0.16567856797722116 0.54654370636806993 3.5000000000000004 26.500000000000004 1.0000000180025095e-35 1.0000000180025095e-35 850987.00000000012 1178916.5000000002 1.0000000180025095e-35 20287986.000000004 6197.0000000000009 22942724.000000004 425095.50000000006 0.82750000000000001 1.0000000180025095e-35 1.1050000000000002 7956025.5000000009 2.5000000000000004 1.5000000000000002 19.500000000000004 13962164.000000002 25.500000000000004 1.0000000180025095e-35 5267270.5000000009 6.5000000000000009 315.00000000000006 4.5000000000000009 613636.00000000012 3.5000000000000004 5777583.5000000009
decision_type=2 2 2 2 2 2 2 2 2 2 2 2 2 2 2 2 2 2 2 2 2 2 2 2 2 2 2 2 2 2 2 2 2 2 2 2 2 2 2 2 2 2 2 2 2 2 2 2 2 2 2 2 2 2 2 2 2 2 2 2 2 2
left_child=2 -2 3 5 11 6 -1 -5 -9 10 -7 26 -13 -6 -14 17 -17 18 19 24 -21 22 23 -20 -10 -25 -3 28 -23 30 -16 -32 -31 -34 35 -35 37 38 -26 -40 -41 46 -43 44 -44 -45 47 49 -49 -18 54 -48 53 55 -50 -53 57 58 60 -59 61 -55
right_child=1 4 -4 7 13 9 -8 8 15 -11 -12 12 14 -15 29 16 41 -19 21 20 -22 27 -24 25 36 -27 -28 -29 -30 32 31 -33 33 34 -36 -37 -38 -39 39 40 -42 42 43 45 -46 -47 51 48 50 -51 -52 52 -54 56 -56 -57 -58 59 -60 -61 -62 -63
leaf_value=0.017314332749735827 0.022033211449501072 0.0046882390128998369 0.0091177353938221642 -0.0045616401499130165 0.003601015219703874 0.014221814304529044 0.0012131460455696867 0.0077251745963171905 -0.011276067998950052 0.023419128527445546 -0.010079129629048974 -0.01528355530794198 -0.0034998996666184183 0.018463867688866091 0.010959330671061125 -0.012965249254067583 -0.00028483184648602698 -0.010868366206893902 -0.017152607601380696 0.023335946537554265 0.0021802287777776866 -0.00035694450622678195 0.012319870239291429 -0.0019878964432348987 -0.00479571097498747 -0.014543779042229888 0.01298630128121135 -0.00073193821829885296 -0.017758590597467327 0.017216739244140265 -0.017538038014151932 0.00049427413951533045 -0.0016326664639531895 0.016763464977891843 0.017245520439412344 -0.0016521663144613268 -0.00027012117163859479 0.019745691274408769 0.020538061454680293 -0.007968605412961037 0.0079925585321873518 -0.018078175134044087 -0.0023062808402911196 0.005264270144309682 -0.02176531661458856 -0.001059256497860122 0.008707445191928476 -0.008831156183291099 -2.8241392391831114e-05 0.0032904091330620308 0.032201281768939882 0.0054301876580942904 -0.010598860228887425 0.0050256070466415548 0.021732742980641512 -0.0086232571828820329 -0.013374899283616466 0.0030241468401451194 0.01444071942931926 0.016662712848370839 -0.0023644940955965602 -0.00047591797267589351
leaf_weight=27 41 171 120 327 34 41 479 87 28 27 21 21 89 68 24 38 1256 50 41 22 24 30 21 117 44 34 92 8615 29 30 22 41 62 28 40 62 291 28 21 37 66 35 248 212 26 526 64 26 20 1047 22 30 71 226 20 124 21 97 22 29 492 592
leaf_count=27 41 171 120 327 34 41 479 87 28 27 21 21 89 68 24 38 1256 50 41 22 24 30 21 117 44 34 92 8615 29 30 22 41 62 28 40 62 291 28 21 37 66 35 248 212 26 526 64 26 20 1047 22 30 71 226 20 124 21 97 22 29 492 592
internal_value=0.000101011 0.00611235 -0.00021119 -0.000282638 0.00527067 0.00347327 0.00208543 -0.00043044 -0.000338974 0.0112964 0.00590736 0.00402075 0.00175222 0.0135669 0.00266726 -0.000386956 0.000320318 -0.000777979 -0.000723936 0.00210687 0.0124353 -0.000903218 -0.00553143 -0.00751534 0.00117239 -0.00485589 0.00761382 -0.000788928 -0.00901047 0.0044603 -0.00106953 -0.0057413 0.00664941 0.00496414 0.00814757 0.00403389 0.00190055 0.00514732 0.00267421 0.00536685 0.00220827 0.000418501 -0.0011704 -0.000578981 -0.00417827 0.000750951 0.000819717 0.00167288 0.0103566 0.00133846 0.0184848 -0.000331282 -0.000674189 -0.000238998 0.0107546 -0.00585138 0.000342364 0.00054427 3.80683e-06 0.00621356 -0.000235912 0.00103838
internal_weight=16696 825 15871 15751 784 595 506 15156 14829 89 62 682 419 102 398 14742 5244 9498 9448 561 46 8887 213 192 515 151 263 8674 59 309 87 63 222 192 130 90 487 196 168 124 103 5206 1047 1012 274 738 4159 2391 88 2303 62 1768 1704 1633 40 154 1479 1458 1332 126 1310 818
internal_count=16696 825 15871 15751 784 595 506 15156 14829 89 62 682 419 102 398 14742 5244 9498 9448 561 46 8887 213 192 515 151 263 8674 59 309 87 63 222 192 130 90 487 196 168 124 103 5206 1047 1012 274 738 4159 2391 88 2303 62 1768 1704 1633 40 154 1479 1458 1332 126 1310 818
is_linear=0
shrinkage=0.05


Tree=59
num_leaves=63
num_cat=0
split_feature=15 16 16 16 16 17 13 0 4 7 9 16 0 13 7 9 0 17 17 13 16 16 17 11 0 7 10 3 10 13 0 0 13 7 7 13 17 13 16 11 0 16 4 1 9 4 0 0 10 10 0 0 13 0 7 3 0 0 11 0 9 5
split_gain=11.329 3.93742 3.84798 3.49435 2.9698 1.78952 1.78441 1.77626 2.22384 2.59426 2.22377 1.76216 1.72078 2.13554 1.58747 1.95581 2.33777 1.48534 1.6877 1.45325 1.54838 2.99147 2.57122 2.05848 1.80431 1.78354 1.57429 1.57327 1.54367 1.43332 1.35143 2.42288 2.89165 2.55984 1.64784 1.27434 1.26928 1.94 1.61279 2.31376 1.24084 1.21151 1.20434 1.16841 3.90172 3.44096 2.95651 2.92958 3.60209 2.84196 2.83092 3.07315 2.80812 2.64925 3.12138 4.68336 2.75677 4.41135 2.59452 2.48595 2.36164 5.36529
threshold=3.5000000000000004 -10.909495509114473 6.2505997506703013 -3.2302367304466482 7.2413914549653464 2.2715799336090492 45.500000000000007 967181.00000000012 1.0000000180025095e-35 0.84750000000000003 4.5000000000000009 0.81679130466659322 920066.50000000012 119.50000000000001 0.9658500000000001 2.5000000000000004 30687.500000000004 -3.0394846117290517 -0.44547274997849823 41.500000000000007 -0.30792917628945321 0.35561277234941163 1.6508310092437444 1.5000000000000002 37322.500000000007 0.75500000000000012 24.500000000000004 106085.50000000001 135.50000000000003 202.50000000000003 1022618.5000000001 1221382.0000000002 160.50000000000003 0.98750000000000016 0.81900000000000006 211.50000000000003 -0.16567856797722116 234.50000000000003 1.7513471901462665 1.0000000180025095e-35 1614804.5000000002 0.021603690711863802 1.0000000180025095e-35 1.0000000180025095e-35 2.5000000000000004 1.0000000180025095e-35 11119.000000000002 15722.000000000002 8.5000000000000018 1.5000000000000002 7153.5000000000009 4302.5000000000009 72.500000000000014 644756.50000000012 1.0950000000000004 25531.000000000004 188246.00000000003 37322.500000000007 7.5000000000000009 598557.50000000012 4.5000000000000009 3.5000000000000004
decision_type=2 2 2 2 2 2 2 2 2 2 2 2 2 2 2 2 2 2 2 2 2 2 2 2 2 2 2 2 2 2 2 2 2 2 2 2 2 2 2 2 2 2 2 2 2 2 2 2 2 2 2 2 2 2 2 2 2 2 2 2 2 2
left_child=2 -2 3 17 19 -6 -4 12 9 29 11 -11 43 42 15 16 -8 -1 -19 -3 25 23 36 41 -25 -21 -27 -28 -29 -9 -10 32 -32 34 -33 -26 -23 38 39 -38 -35 -22 -14 44 45 46 50 48 -48 -49 51 -5 -52 54 59 56 57 -56 -51 -47 -46 -62
right_child=1 4 6 7 5 -7 14 8 30 10 -12 -13 13 -15 -16 -17 -18 18 -20 20 21 22 -24 24 35 26 27 28 -30 -31 31 33 -34 40 -36 -37 37 -39 -40 -41 -42 -43 -44 -45 60 53 47 49 -50 58 52 -53 -54 -55 55 -57 -58 -59 -60 -61 61 -63
leaf_value=0.016166907891459848 0.020934231320527491 -6.9615043951400533e-05 -0.001663852678586076 0.0056479917366927335 0.0079371639563665768 0.028809739048801256 0.011254460357443583 -0.0050437633464874027 -0.0053986160307885585 -0.0030234003020163103 -0.016101166045359095 0.0086513563460749628 -0.0055482857267964971 0.01704999077645912 0.0012688947568080086 0.0052924125200067857 0.034440551197795724 0.0026012983196253159 0.015685469808393741 0.019273515656176542 -0.0021381249526109922 0.019587954700328532 -0.00094285530421971955 -0.0092125097192576715 0.013270680484144393 0.015282234419001282 -0.0046615646092718179 0.016332712897166285 0.0024859109391081563 -0.020035438823973073 0.0021521900097146622 0.001090056009569987 0.01657407031780404 -0.0010464102856783946 -0.012117969637276026 -0.0016510352300589577 0.010173397844251782 0.017023176245019703 0.012991689474200915 -0.0093874538607934301 0.015005388223763669 -0.015806103295308217 0.0065516003699430565 -0.00082744291619323528 0.0033769134905300129 -6.6754646222043113e-05 -0.027270274046965488 0.0077256432695133534 -0.0032143794788637584 -0.0021581036432857035 -0.00089547748074812045 -0.0071259250271409648 0.021551787641178044 0.0069038425807433634 0.023747078513362968 -0.0036446226892601456 0.023792095862976884 -0.0024324218567266485 -0.013567768891730187 -0.016543433287088231 0.00083424255923177516 -0.018459943584555563
leaf_weight=26 41 152 36 114 23 20 26 30 77 563 31 34 34 31 31 33 20 302 27 35 36 31 71 21 38 41 37 32 57 37 146 36 46 24 65 22 27 43 33 34 23 31 51 5887 1180 2648 26 71 40 2354 22 80 36 156 25 67 39 44 51 23 1242 37
leaf_count=26 41 152 36 114 23 20 26 30 77 563 31 34 34 31 31 33 20 302 27 35 36 31 71 21 38 41 37 32 57 37 146 36 46 24 65 22 27 43 33 34 23 31 51 5887 1180 2648 26 71 40 2354 22 80 36 156 25 67 39 44 51 23 1242 37
internal_value=9.60071e-05 0.00580846 -0.000200655 -0.000276004 0.0050085 0.0178057 0.00787524 -0.000389592 -0.00231472 -0.00404739 -0.00303807 -0.00234879 -0.000239083 0.00582123 0.0110412 0.0148063 0.0214967 0.00462654 0.00369471 0.00425683 0.00538164 0.0035067 0.00696972 -0.00205277 0.00326438 0.00894548 0.00674076 0.00391183 0.0075334 -0.0134148 0.000561361 0.00192701 0.00564029 -0.00285701 -0.00736428 0.00772255 0.010342 0.00820066 0.00409789 -0.000645059 0.00671775 -0.00855076 0.00165206 -0.000289187 9.40658e-05 -0.00061333 -0.00187652 -0.00238978 -0.0127935 -0.00210994 0.00327996 0.00035368 0.0129644 0.000560695 0.000211016 0.00667903 0.0131272 0.00700118 -0.00240269 -0.000211121 0.00176343 0.000270775
internal_weight=16696 825 15871 15725 784 43 146 15370 1112 695 628 597 14258 116 110 79 46 355 329 741 589 387 239 148 81 202 167 126 89 67 417 340 192 148 101 60 168 137 94 61 47 67 85 14142 8255 5796 2794 2542 66 2476 252 194 58 3002 2846 175 108 69 2405 2671 2459 1279
internal_count=16696 825 15871 15725 784 43 146 15370 1112 695 628 597 14258 116 110 79 46 355 329 741 589 387 239 148 81 202 167 126 89 67 417 340 192 148 101 60 168 137 94 61 47 67 85 14142 8255 5796 2794 2542 66 2476 252 194 58 3002 2846 175 108 69 2405 2671 2459 1279
is_linear=0
shrinkage=0.05


Tree=60
num_leaves=63
num_cat=0
split_feature=16 16 17 17 15 16 16 17 17 17 13 15 16 3 8 16 17 3 17 16 13 7 13 13 7 3 16 17 16 11 17 16 9 11 15 3 7 13 7 8 7 13 13 17 16 8 9 16 3 16 7 8 8 16 10 6 13 10 3 3 17 13
split_gain=9.25211 7.36357 3.12233 2.20942 2.12137 2.10039 2.01634 3.26361 1.98456 1.94945 2.21432 2.34326 1.93473 1.89775 2.63182 1.75097 1.56384 1.85775 1.51349 2.29869 2.34116 1.79929 1.43985 1.3186 2.99017 2.26844 1.68354 2.47795 1.97109 1.88604 2.33451 2.0366 1.64077 1.45355 1.44079 1.40927 1.6399 1.27254 1.25109 3.4317 2.60023 1.25445 1.83089 1.24308 2.19547 1.95643 1.60639 1.60545 1.2434 1.19992 1.16605 1.15398 1.35474 1.56915 1.14548 1.12949 1.127 1.12487 1.10401 1.51652 1.20576 1.08678
threshold=-4.1082164328657322 0.78895136973759661 0.13493391808832708 1.5822852400053298 5.5000000000000009 0.53887605850654385 1.0000000180025095e-35 -0.31715334026850622 0.20306160967635667 -0.79273436116055185 119.50000000000001 5.5000000000000009 0.034733069506693061 36298.500000000007 283.00000000000006 4.3343861794140306 -2.5748032050082981 28122.500000000004 -1.7917594692280543 -10.909495509114473 164.50000000000003 0.78250000000000008 236.50000000000003 37.500000000000007 1.135 18739.000000000004 -1.1028086452607559 -0.73796417324197827 -0.82497691216892899 17.000000000000004 -0.53836478870930116 -2.2162663421651243 3.5000000000000004 1.5000000000000002 3.5000000000000004 86908.000000000015 0.79585000000000006 120.50000000000001 0.87415000000000009 12.500000000000002 0.91900000000000015 35.500000000000007 23.500000000000004 0.72302677832994833 1.7789496636748656 316.50000000000006 1.5000000000000002 1.3039025072329562 16055.000000000002 -0.69032306780135222 0.94915000000000005 103.50000000000001 82.500000000000014 6.9476520400307944 445.00000000000006 11108.500000000002 480.50000000000006 108.50000000000001 5635.0000000000009 13912.000000000002 -1.0099342998388279 32.500000000000007
decision_type=2 2 2 2 2 2 2 2 2 2 2 2 2 2 2 2 2 2 2 2 2 2 2 2 2 2 2 2 2 2 2 2 2 2 2 2 2 2 2 2 2 2 2 2 2 2 2 2 2 2 2 2 2 2 2 2 2 2 2 2 2 2
left_child=2 3 4 6 16 -5 8 13 23 37 51 43 -9 -8 -15 -13 17 -1 21 20 -20 -18 -21 24 25 33 29 32 -29 30 58 -32 34 38 -28 36 -27 -3 39 55 -40 42 -42 45 47 46 -12 50 -48 -30 -45 52 53 -11 -51 -2 -46 -53 -25 -60 -61 -38
right_child=1 9 -4 5 -6 -7 7 12 -10 10 11 15 -14 14 -16 -17 18 -19 19 22 -22 -23 -24 26 -26 35 27 28 49 -31 31 -33 -34 -35 -36 -37 61 -39 40 -41 41 -43 -44 44 56 -47 48 -49 -50 54 -52 57 -54 -55 -56 -57 -58 -59 59 60 -62 -63
leaf_value=0.0022614535492607008 -0.00509226066980912 0.021101796452912335 0.022171842381133053 0.021819975283614831 0.020746512220793475 0.00073221467329301869 0.014007809267103126 -0.014330416125499039 0.0077941130462784161 -0.00070557463448454134 0.0017519096723228593 0.0083281387056422709 -0.0038267709782048875 -0.010236059661422457 0.01278252965324863 0.027103184526832542 0.0079679958518751506 0.021701461740925219 0.018926156082789147 -0.0019573551578620737 0.0021693032528612654 -0.0082333798842720851 0.011184549906954335 0.0087616389704576105 0.014180314155962196 -0.018823812178385409 -0.0084172258495239516 0.012485023344070027 -0.010865807265798923 -0.0065067051646939544 0.00083032428156331662 0.020096252288412105 -0.015933285513297295 0.0091625123034341106 0.0038339692380601961 -0.0020064135524307416 -0.010532836340405876 0.0041926902405458599 0.014987103847062089 -0.014566043133966942 0 -0.0047253113410403308 0.016759368173073774 0.006898281321643298 0.006994728950665623 -0.0029102455741402619 0.0082971123720341992 -0.011460378617905748 0.021844524273987087 -0.00042823272656072105 -0.007303181905863862 -0.015217568571517124 0.013005519303608227 0.0074023201544682312 -0.0031825670376871237 0.00013262175751072646 -0.0021674681027556895 -0.0010814328163958893 -0.011370967856426705 -0.0010998796505364615 0.0083722317311548267 -0.0029934967142546468
leaf_weight=23 149 26 33 21 23 28 38 48 70 287 30 36 558 30 21 20 26 28 50 89 37 49 27 49 27 32 63 29 28 44 22 39 39 33 38 153 91 21 31 56 87 95 20 38 185 29 33 39 39 12354 23 20 25 75 390 332 40 50 24 96 51 106
leaf_count=23 149 26 33 21 23 28 38 48 70 287 30 36 558 30 21 20 26 28 50 89 37 49 27 49 27 32 63 29 28 44 22 39 39 33 38 153 91 21 31 56 87 95 20 38 185 29 33 39 39 12354 23 20 25 75 390 332 40 50 24 96 51 106
internal_value=-0.000229499 -0.000410674 0.00742994 -0.000684819 0.00602779 0.00989769 -0.00071923 -0.00335162 -0.000593107 0.00371027 0.00322028 0.00547949 -0.00466922 0.00555896 -0.000653503 0.015159 0.00497763 0.0130538 0.00347389 0.0057232 0.0118678 -0.00254719 0.00106547 -0.000634058 -0.00221384 -0.00259276 -0.000489335 -0.000578931 -0.000506126 0.00306197 0.00457984 0.0132424 -0.00719518 -0.00107595 -0.00375918 -0.00576702 -0.00825577 0.0136778 -0.00152237 -0.00285304 0.00152291 -0.000525036 0.00315843 0.00427676 0.0025956 0.00840427 0.0116698 -0.00353626 0.0157248 -0.000536112 0.00145861 0.000677597 0.00175609 0.00096201 -0.000512939 -0.00147623 0.00534344 -0.0052076 0.00215029 0.000222573 0.00215583 -0.00650508
internal_weight=16693 16308 385 15292 352 49 15243 695 14548 1016 969 512 606 89 51 56 329 51 278 203 87 75 116 14478 1212 1185 13266 12941 12801 325 281 61 140 803 101 382 229 47 770 537 233 202 107 456 325 131 102 100 72 12772 61 457 387 362 12744 481 225 70 220 171 147 197
internal_count=16693 16308 385 15292 352 49 15243 695 14548 1016 969 512 606 89 51 56 329 51 278 203 87 75 116 14478 1212 1185 13266 12941 12801 325 281 61 140 803 101 382 229 47 770 537 233 202 107 456 325 131 102 100 72 12772 61 457 387 362 12744 481 225 70 220 171 147 197
is_linear=0
shrinkage=0.05


Tree=61
num_leaves=63
num_cat=0
split_feature=16 16 0 15 0 17 0 0 15 17 0 9 0 0 2 10 2 0 0 13 0 2 13 11 13 2 9 6 2 0 13 7 2 13 0 0 9 0 10 13 13 9 2 0 7 9 0 13 7 0 0 2 2 2 0 10 0 10 0 13 13 2
split_gain=8.35999 6.67302 3.04835 3.18488 2.90419 3.31786 2.38842 2.88704 2.27778 1.94185 2.26504 2.03016 1.85958 4.01749 8.14869 5.33014 3.35512 2.79227 4.35148 2.73511 2.70847 5.69493 4.59613 10.5205 3.1171 3.55811 2.79338 2.72499 2.59765 2.66873 2.54316 2.46299 2.29438 2.24194 2.13737 3.39195 2.77606 2.54929 2.44368 2.07098 5.96025 2.4888 2.52378 3.90082 2.33752 2.84049 2.75329 2.38876 2.05763 2.52667 2.3817 2.01219 2.37728 3.12172 2.006 4.04496 1.96412 1.92263 1.85719 2.57244 3.40092 2.27261
threshold=-4.1082164328657322 0.89025132091212467 1221382.0000000002 5.5000000000000009 46401.500000000007 -1.3541319267452938 155320.00000000003 207659.00000000003 4.5000000000000009 0.67247987567898926 35256.500000000007 1.5000000000000002 11492.500000000002 13591.500000000002 4495733.5000000009 62.500000000000007 1538260.0000000002 730158.50000000012 522853.00000000006 35.500000000000007 9518.5000000000018 10983136.500000002 82.500000000000014 1.5000000000000002 44.500000000000007 2384567.5000000005 2.5000000000000004 258792.00000000003 2727411.5000000005 12325.000000000002 179.50000000000003 0.97550000000000014 1484563.0000000002 61.500000000000007 4002.5000000000005 1226.0000000000002 2.5000000000000004 4899.0000000000009 17.500000000000004 117.50000000000001 128.50000000000003 3.5000000000000004 1491368.5000000002 169050.00000000003 0.84750000000000003 1.5000000000000002 16761.000000000004 38.500000000000007 0.75500000000000012 300051.50000000006 81005.500000000015 157907.00000000003 389041.00000000006 484246.50000000006 12765.000000000002 34.500000000000007 1741153.5000000002 24.500000000000004 5950.0000000000009 43.500000000000007 121.50000000000001 4418620.5000000009
decision_type=2 2 2 2 2 2 2 2 2 2 2 2 2 2 2 2 2 2 2 2 2 2 2 2 2 2 2 2 2 2 2 2 2 2 2 2 2 2 2 2 2 2 2 2 2 2 2 2 2 2 2 2 2 2 2 2 2 2 2 2 2 2
left_child=2 12 3 4 5 -1 -6 -8 9 10 11 -3 20 14 19 33 17 18 39 -14 27 22 24 30 57 -26 -25 31 54 -30 -24 51 -19 -16 35 36 -33 -36 -37 41 -41 42 44 -44 48 -46 -47 -48 -15 50 -50 -2 -53 -54 -21 -56 -18 -22 -39 -60 61 -61
right_child=1 8 -4 -5 6 -7 7 -9 -10 -11 -12 -13 13 16 15 -17 56 32 -20 28 21 -23 23 26 25 -27 -28 -29 29 -31 -32 34 -34 -35 37 38 -38 58 -40 40 -42 -43 43 -45 45 46 47 -49 49 -51 -52 52 53 -55 55 -57 -58 -59 59 60 -62 -63
leaf_value=0.0023034667008618921 -0.012023827778463055 0.0031800734078067474 0.023628295127345229 0.020662514463466595 -0.006526390788324208 0.019108962478908018 0.022192463532683268 0.0015718918871607938 0.0094082700032763148 0.0010137031522564593 0.0032154549549905753 0.020719804768202062 -0.025399152748866984 -0.0011073576722035764 0.011046460095573876 0.022968023857008975 -0.0012049196099131962 0.022361899565113075 -0.018190802640724819 0.00013302389736417761 0.0012403160348695244 -0.016702093700517479 0 -0.0029990053769211357 0.012011719441117206 0.041616900257803312 -0.023315531775085229 0.017433264030657741 -0.029321923814846523 -0.008186924347211539 0.016828208644939151 0.020466984826315374 0.0047863183049213984 -0.00809521668281429 0.01854106290290362 -0.021863205241623211 -0.0038957420996024237 -0.0058429850353098316 -0.0022836945266560475 0.024795589938070427 0.0015139002314461629 -0.0060525468992033114 0.024489124975670344 -0.0032669421803221662 0.011323823524601817 0.015417765418893285 -0.0078075968440618013 0.00093253772012771331 -0.0077504138208915946 0.0060288685535229902 -0.025992227620850957 0.015728917135305314 -0.017373578409469109 -0.00078352593603002018 0.0035858050209988425 -0.02423833182075591 0.0081658793349356894 0.020615719762904133 -0.004884141147856986 0.032701560997037811 0.00066628413686347417 0.01069816962601393
leaf_weight=61 42 28 26 33 73 58 20 114 146 575 172 43 32 317 22 30 10050 22 31 72 37 27 31 36 22 20 33 22 28 34 79 27 127 49 38 20 20 36 81 28 1351 190 26 24 65 29 91 549 76 23 24 21 29 1179 22 31 56 20 33 21 42 29
leaf_count=61 42 28 26 33 73 58 20 114 146 575 172 43 32 317 22 30 10050 22 31 72 37 27 31 36 22 20 33 22 28 34 79 27 127 49 38 20 20 36 81 28 1351 190 26 24 65 29 91 549 76 23 24 21 29 1179 22 31 56 20 33 21 42 29
internal_value=-0.000217824 -0.000390057 0.00706295 0.00584306 0.00432173 0.0105455 0.000716283 0.00470113 0.00364412 0.00260817 0.00635855 0.0138873 -0.000643856 -0.000853752 -0.00638994 0.00532136 -0.00071787 0.00075758 0.000403606 -0.0118138 0.000799511 0.00512528 0.00726842 0.00245114 0.0159168 0.0262936 -0.0128076 -2.19115e-06 -0.00945 -0.0178441 0.0120709 -0.000243414 0.00742816 -0.00208647 0.00348568 -0.00103516 0.0100074 0.00687186 -0.00622807 0.000612422 0.00199201 -0.000729531 9.30967e-05 0.0110865 -0.000371751 0.0013508 0.000372801 -0.000303414 -0.0032563 -0.0087486 -0.0122 -0.00126564 -0.000892968 -0.00118734 -0.00523561 -0.0126095 -0.00115242 0.00815047 0.00407681 0.00697606 0.0112852 0.0200862
internal_weight=16693 16308 385 359 326 119 207 134 964 818 243 71 15344 13399 320 101 13079 2973 2824 219 1945 305 278 179 99 42 69 1640 187 62 110 1618 149 71 347 148 47 199 101 2793 1379 1414 1224 50 1174 734 669 640 440 123 100 1271 1229 1208 125 53 10106 57 161 125 92 50
internal_count=16693 16308 385 359 326 119 207 134 964 818 243 71 15344 13399 320 101 13079 2973 2824 219 1945 305 278 179 99 42 69 1640 187 62 110 1618 149 71 347 148 47 199 101 2793 1379 1414 1224 50 1174 734 669 640 440 123 100 1271 1229 1208 125 53 10106 57 161 125 92 50
is_linear=0
shrinkage=0.05


Tree=62
num_leaves=63
num_cat=0
split_feature=15 17 16 16 16 17 15 0 0 2 10 13 13 0 10 10 13 11 10 2 3 3 2 13 0 0 0 3 13 0 0 3 3 0 10 7 10 3 2 2 3 10 0 11 7 13 7 0 16 3 3 7 3 0 13 0 0 0 13 13 2 11
split_gain=7.7432 5.37276 3.17945 3.03472 3.00364 3.48461 2.93195 1.96817 3.42067 6.79805 4.27776 3.99379 3.38195 3.06174 6.71917 5.34567 5.33407 3.44599 3.41053 2.9926 2.92343 3.50098 2.62291 2.29828 2.26533 2.99143 2.46517 2.25286 2.24066 2.21153 2.12889 2.57824 1.99677 1.88838 1.74725 4.76377 2.9174 2.53817 2.28583 2.11789 1.77532 4.28345 2.70758 1.69004 1.68325 1.65017 2.36102 1.77972 1.64705 1.63389 2.8672 1.68898 1.97102 3.96461 2.25775 2.4277 1.6239 2.13841 1.60082 1.8063 2.95963 3.89669
threshold=4.5000000000000009 -2.4133562279676628 1.7789496636748656 -6.8190580251124411 -9.0244243823920556 -1.9144484089039733 12.500000000000002 11119.000000000002 13591.500000000002 4495733.5000000009 53.500000000000007 61.500000000000007 35.500000000000007 9518.5000000000018 37.500000000000007 60.500000000000007 105.50000000000001 1.5000000000000002 26.500000000000004 1538260.0000000002 4229.0000000000009 3345.5000000000005 1452349.0000000002 62.500000000000007 3310.5000000000005 4899.0000000000009 5950.0000000000009 3043.0000000000005 37.500000000000007 11899.500000000002 14725.000000000002 115089.50000000001 24980.000000000004 1741153.5000000002 11.500000000000002 0.9083500000000001 15.500000000000002 10001.500000000002 697614.50000000012 3808457.5000000005 8856.0000000000018 5.5000000000000009 5261.5000000000009 6.5000000000000009 0.95335000000000003 78.500000000000014 0.78250000000000008 20471.000000000004 0.21842910163507459 10548.500000000002 8684.5000000000018 0.97550000000000014 36749.000000000007 7153.5000000000009 45.500000000000007 5600.0000000000009 341282.00000000006 41439.000000000007 32.500000000000007 48.500000000000007 3174388.0000000005 5.5000000000000009
decision_type=2 2 2 2 2 2 2 2 2 2 2 2 2 2 2 2 2 2 2 2 2 2 2 2 2 2 2 2 2 2 2 2 2 2 2 2 2 2 2 2 2 2 2 2 2 2 2 2 2 2 2 2 2 2 2 2 2 2 2 2 2 2
left_child=1 -1 4 -2 5 -3 -5 13 9 12 11 -11 -9 20 18 -16 -17 -18 32 22 21 24 28 29 27 -26 -27 -6 -10 -14 31 -21 -15 -32 35 38 37 -36 -22 -37 42 -42 -40 -19 -35 47 -47 -4 -30 50 -38 58 54 -54 55 -53 57 -7 -51 -60 -61 -62
right_child=3 2 45 6 7 56 -8 8 19 10 -12 -13 23 14 15 16 17 43 -20 30 34 -23 -24 -25 25 26 -28 -29 48 -31 33 -33 -34 44 36 39 49 -39 40 -41 41 -43 -44 -45 -46 46 -48 -49 -50 51 -52 52 53 -55 -56 -57 -58 -59 59 60 61 -63
leaf_value=0.012943494610845567 0.019914995127685183 -0.010703965730934224 0.0099245647633519271 0.0039520802101435095 -0.0026571151811834387 0.01519280044792466 0.023539837473187948 -0.023652774187238393 -0.0035679277116395219 0.015555838927019776 0.01768558966808783 -0.0095098216893440279 0.014267521362169095 0.014347780041170557 -0.021804687691804339 0.019688297633723192 0.010464348999543804 -0.023263221301173712 0.032625353298375112 0.001684129734153038 -0.014398665481538914 -0.021464089557422437 0.0052822629116068354 -0.010191699089027485 -0.016984315563034702 0.010119549161380224 -0.0064726144263777515 0.014318560995161534 0.0010230000806896683 -0.0076490081245621363 -0.001260872587487791 0.021868039084978017 -0.0014515509572008561 -0.0012099101411542673 -0.0026401136940894464 0.031905877685628421 -0.0016009747778391915 -0.022908297320248183 -0.0082401506501497326 0.00921737944860479 -0.0025012976405865981 0.021595284990596111 0.0082035301880964678 -0.0035548949552336668 0.015988689227079186 -0.0020627938406297779 0.0076988852012786387 -0.0026858212863641005 -0.0053173723841046031 -0.011044415770314453 0.020111565919164121 0.018057196761541699 0.0029899087412395241 0.021462797212551177 -0.011285193071252392 -0.0046153946067090555 0.018997250916307325 -0.00069638247719797433 0.0057264154984694345 -0.00520672686859337 -0.00094985877518285837 0.012764537619418263
leaf_weight=75 36 24 34 447 49 37 20 39 347 22 40 56 21 79 27 33 24 21 21 66 20 28 278 178 46 31 79 32 2256 25 10028 21 26 26 45 20 31 24 56 23 37 36 45 24 30 80 263 155 107 37 29 20 154 36 40 28 36 48 103 278 251 65
leaf_count=75 36 24 34 447 49 37 20 39 347 22 40 56 21 79 27 33 24 21 21 66 20 28 278 178 46 31 79 32 2256 25 10028 21 26 26 45 20 31 24 56 23 37 36 45 24 30 80 263 155 107 37 29 20 154 36 40 28 36 48 103 278 251 65
internal_value=-0.000206682 -0.000396799 -0.000459276 0.00590152 -0.000589323 0.00656783 0.00480652 -0.000656912 -0.000868465 -0.00554037 0.0043986 -0.00236513 -0.0100187 0.000849606 0.00594613 -0.00204152 0.00315716 -0.00469372 0.0141588 -0.000732776 5.52488e-05 -0.00474999 0.000657297 -0.00761306 -0.00274602 -0.00627958 -0.00174628 0.00399706 0.000180832 0.00225715 -0.00114164 0.00663303 0.0103903 -0.00120928 0.000983239 0.00488956 0.000167108 -0.00978523 0.00152027 0.0199357 0.00338598 0.00932684 -0.000863435 -0.0128942 0.00792658 0.00333998 0.0054076 -0.000386797 0.00073357 0.000813213 0.00882623 0.000332368 0.00365434 0.00652579 -0.00248898 0.00474547 0.0100409 0.00617106 -0.000919334 -0.000373168 -0.00144004 0.00185847
internal_weight=16693 16190 16115 503 15583 145 467 15438 13540 381 118 78 263 1898 255 129 102 69 126 13159 1643 265 2988 224 237 156 110 81 2710 46 10171 87 105 10084 1378 237 1141 69 194 43 174 73 101 45 56 532 343 189 2363 1072 60 1012 278 190 88 48 121 85 734 697 594 316
internal_count=16693 16190 16115 503 15583 145 467 15438 13540 381 118 78 263 1898 255 129 102 69 126 13159 1643 265 2988 224 237 156 110 81 2710 46 10171 87 105 10084 1378 237 1141 69 194 43 174 73 101 45 56 532 343 189 2363 1072 60 1012 278 190 88 48 121 85 734 697 594 316
is_linear=0
shrinkage=0.05


Tree=63
num_leaves=63
num_cat=0
split_feature=15 17 17 15 9 2 6 8 9 2 10 2 11 7 2 5 2 2 7 15 2 10 8 10 8 10 8 11 2 2 9 2 8 2 2 3 10 7 2 2 7 2 2 3 2 2 2 2 2 2 11 2 2 2 9 3 10 3 2 2 3 10
split_gain=6.99163 4.90319 2.50285 2.01261 1.40791 1.7704 1.39021 2.65724 1.37318 1.32791 1.5911 1.76407 1.63417 1.0828 1.00837 2.17222 2.65795 1.5587 1.46722 1.14699 2.01389 2.16032 1.88658 1.53049 1.87454 1.59522 1.57006 1.54494 1.24943 2.19345 3.33759 2.62019 4.05823 2.14498 2.06707 1.7363 1.50521 1.4773 1.86437 4.36543 1.97092 1.86718 2.27662 1.83223 3.797 1.83101 5.24155 1.7977 2.07929 2.03668 1.79377 1.74857 2.30753 1.70254 1.59612 1.42662 2.93652 1.99954 1.83476 3.46852 3.14856 1.85714
threshold=4.5000000000000009 -2.5748032050082981 3.1233663438097019 12.500000000000002 1.5000000000000002 2104432.5000000005 69300.000000000015 62.500000000000007 2.5000000000000004 12282632.500000002 6.5000000000000009 12804867.000000002 104.00000000000001 0.74250000000000005 10983136.500000002 5.5000000000000009 668154.00000000012 583017.00000000012 0.72415000000000018 2.5000000000000004 6037680.0000000009 234.50000000000003 422.50000000000006 111.50000000000001 122.00000000000001 69.500000000000014 37.500000000000007 7.5000000000000009 1538260.0000000002 1452349.0000000002 4.5000000000000009 1307435.5000000002 90.500000000000014 1269020.5000000002 1358260.0000000002 2743.0000000000005 215.00000000000003 1.1150000000000004 1677510.5000000002 1719895.5000000002 1.0550000000000004 1638462.0000000002 1657984.0000000002 36276.000000000007 2251942.0000000005 1900469.5000000002 1842533.0000000002 2032819.0000000002 2478256.5000000005 2251942.0000000005 1.0000000180025095e-35 3444348.5000000005 3052106.0000000005 2104432.5000000005 1.5000000000000002 114597.50000000001 48.500000000000007 3687.0000000000005 3174388.0000000005 3052106.0000000005 717369.00000000012 97.500000000000014
decision_type=2 2 2 2 2 2 2 2 2 2 2 2 2 2 2 2 2 2 2 2 2 2 2 2 2 2 2 2 2 2 2 2 2 2 2 2 2 2 2 2 2 2 2 2 2 2 2 2 2 2 2 2 2 2 2 2 2 2 2 2 2 2
left_child=1 8 9 4 5 -2 7 -7 -1 14 -11 -12 -13 -6 15 19 17 -17 -16 28 22 -22 23 24 25 26 -21 -25 29 31 -31 33 34 35 -33 -3 -37 38 41 50 45 54 -43 -39 -45 46 -41 -42 49 53 -40 52 -46 -49 -30 57 -57 -47 59 60 -58 -60
right_child=3 2 -4 -5 13 6 -8 -9 -10 10 11 12 -14 -15 18 16 -18 -19 -20 20 21 -23 -24 27 -26 -27 -28 -29 37 30 -32 32 -34 -35 -36 36 -38 43 39 40 47 42 -44 44 51 55 -48 48 -50 -51 -52 -53 -54 -55 -56 56 58 -59 61 -61 -62 -63
leaf_value=0.021500965040716136 0 -0.0038516877393311392 0.014475800036668141 0.02080041277288543 0.01471771381179158 0.026874531464121384 0.0025984112004753691 0.0055775335395358144 0.005221796089868328 0.0067257921742657186 -0.007536938170105526 -0.0015747858671115802 0.012725835725368551 0.0027028845641621684 -0.0091586865278517633 -0.0068701460456522742 -0.018907946528264764 0.0056140604235653613 0.0028140788166278008 0.001149159463278159 0.003336103147306411 0.018751127237158122 -0.014551092092273874 0.013946739347948031 -0.014338966828773043 0.0097431563896914677 -0.0059758730460510792 0.0014692192514930303 0.0034446452690058923 0.0062236023696837853 -0.012137871567092019 -0.019729403015701509 0.0050444688452581064 0.0068508532527716149 -0.0061087163421020864 0.00084303455111193212 -0.0037443491498226375 0.0011313854654424946 0.016252117664206939 -0.0013723795433916051 0.0097241245405218901 -0.016926010459138153 -0.002481598369190029 -0.025699558812173413 -0.0042868655252504837 -0.0029843812491537041 -0.015271337475413833 -0.0046659802072750991 0.0052443555746589984 -0.009791579992075446 0.0035534700399116499 -0.0099353020411653628 0.011456863375448706 0.0044162705325736457 -0.0052995692628830318 -0.010161955025904938 -0.0038290244917649633 0.00030164584105256718 -0.0032889658996995753 -0.01854574713665199 0.010925689028085345 0.00042569374893194727
leaf_weight=31 34 252 28 21 20 34 22 27 24 56 126 2080 20 345 27 75 33 37 417 378 82 32 20 42 22 43 97 63 91 269 27 43 59 123 84 2375 193 121 51 397 72 54 57 23 102 520 82 87 189 59 64 84 30 126 121 95 460 4208 440 37 39 1423
leaf_count=31 34 252 28 21 20 34 22 27 24 56 126 2080 20 345 27 75 33 37 417 378 82 32 20 42 22 43 97 63 91 269 27 43 59 123 84 2375 193 121 51 397 72 54 57 23 102 520 82 87 189 59 64 84 30 126 121 95 460 4208 440 37 39 1423
internal_value=-0.000196258 -0.000376928 -0.000428075 0.00560791 0.00493145 0.00972554 0.0136582 0.0175544 0.0145104 -0.000454383 -0.00157224 -0.00178354 -0.00143561 0.00337878 -0.000269494 -0.000347605 -0.00643363 -0.00269997 0.00207285 -0.000280507 0.00157935 0.00771959 0.000518219 0.000995418 -6.98412e-05 0.000529183 -0.000296275 0.00651632 -0.000397226 0.000415016 0.00452832 2.41715e-05 -0.00572785 0.000389585 -0.0107717 0.000105758 0.000496187 -0.000705789 -0.000574799 -0.000429908 -0.000565649 -0.00430321 -0.00956252 -0.00384628 -0.00638668 -0.00076966 -0.00376487 0.0023722 0.00121126 -0.00157368 0.00923771 -0.00429614 -0.000664931 0.000682707 -0.00152273 -0.000570261 -0.00153789 -5.87595e-05 -0.00119389 -0.00377278 -0.00266387 -0.000449074
internal_weight=16693 16190 16135 503 482 117 83 61 55 16107 2282 2226 2100 365 13825 13381 145 112 444 13236 779 114 665 645 540 518 475 105 12457 3425 296 3129 186 2943 127 2820 2568 9032 8672 8349 8234 323 111 360 239 7701 479 533 461 272 115 216 132 213 212 7222 2494 4728 2399 536 499 1863
internal_count=16693 16190 16135 503 482 117 83 61 55 16107 2282 2226 2100 365 13825 13381 145 112 444 13236 779 114 665 645 540 518 475 105 12457 3425 296 3129 186 2943 127 2820 2568 9032 8672 8349 8234 323 111 360 239 7701 479 533 461 272 115 216 132 213 212 7222 2494 4728 2399 536 499 1863
is_linear=0
shrinkage=0.05


Tree=64
num_leaves=63
num_cat=0
split_feature=16 16 17 17 0 17 17 15 5 5 17 15 16 17 0 15 7 17 10 16 0 10 8 7 16 16 17 0 7 11 16 8 17 0 7 4 5 15 0 0 10 0 0 7 9 11 8 7 0 11 0 8 8 11 10 7 10 8 0 7 8 10
split_gain=6.56747 5.63209 3.31299 2.51121 2.34104 2.0605 1.96561 1.93171 1.63465 1.6212 1.59895 1.62135 2.28388 2.31022 1.92329 1.80974 2.17769 3.10333 2.80838 2.36958 1.8772 2.01253 1.6812 1.58348 1.52996 1.40422 3.65669 2.47322 2.96284 1.39929 1.3636 1.34766 1.32915 1.32467 1.1853 2.16964 1.72571 1.1352 1.13464 4.06746 2.99008 2.94027 2.28187 3.8135 2.5928 5.8484 2.16516 2.32199 1.4881 1.99932 2.51846 1.73986 1.38857 2.52067 2.0065 5.09664 2.5932 1.95541 3.25915 4.4073 2.1139 3.5688
threshold=-0.82497691216892899 2.0063510392609718 -0.35979021881405049 -2.5748032050082981 1741153.5000000002 0.20306160967635667 -1.544611308320665 5.5000000000000009 2.5000000000000004 2.5000000000000004 1.9740810260220096 1.5000000000000002 0.50147587097457336 0.18122386151223657 440858.00000000006 2.5000000000000004 0.85950000000000004 0.96033396745611188 252.00000000000003 -0.14334224382656277 110255.00000000001 10.500000000000002 31.500000000000004 0.95335000000000003 0.17324966250686738 -10.909495509114473 -1.9144484089039733 341282.00000000006 0.89750000000000008 7.5000000000000009 1.2499999999999993 28.500000000000004 -0.84117518252211398 13591.500000000002 0.76415000000000011 1.0000000180025095e-35 4.5000000000000009 5.5000000000000009 11492.500000000002 13591.500000000002 25.500000000000004 13118.500000000002 9518.5000000000018 1.0175000000000003 2.5000000000000004 1.5000000000000002 21.500000000000004 0.9275000000000001 11119.000000000002 1.0000000180025095e-35 10352.000000000002 38.500000000000007 11.500000000000002 1.0000000180025095e-35 11.500000000000002 0.85950000000000004 15.500000000000002 26.500000000000004 4620.5000000000009 0.97350000000000014 35.500000000000007 39.500000000000007
decision_type=2 2 2 2 2 2 2 2 2 2 2 2 2 2 2 2 2 2 2 2 2 2 2 2 2 2 2 2 2 2 2 2 2 2 2 2 2 2 2 2 2 2 2 2 2 2 2 2 2 2 2 2 2 2 2 2 2 2 2 2 2 2
left_child=2 4 3 -1 6 -3 -2 -7 10 33 11 38 15 14 30 -13 19 18 22 32 24 -22 -18 -6 -21 26 -5 28 -28 -15 -14 -12 -17 -4 35 -10 -36 -35 42 40 46 -42 52 44 48 -46 47 -40 49 50 -44 -51 53 -8 55 -54 -56 58 59 -58 -59 -62
right_child=1 5 9 25 23 7 8 -9 34 -11 31 12 13 29 -16 16 17 -19 -20 20 21 -23 -24 -25 -26 -27 27 -29 -30 -31 -32 -33 -34 37 36 -37 -38 -39 39 -41 41 -43 43 -45 45 -47 -48 -49 -50 51 -52 -53 54 -55 56 -57 57 60 -60 -61 61 -63
leaf_value=0.011906154998916283 0.0098952287571534292 0.014241850551866496 0.020310965215707841 -0.0078555968500139944 0.0008355956345906557 0.0024472516614085565 -0.0013518994375662104 0.012291170801920069 -0.0032046182586355255 0.024156183656768419 -0.00025179389621714644 -0.0059712358392898391 0.015646503267988648 0.0001951239958611779 -0.0042854624851933259 -0.0089949045080079948 0.0059958317530444376 0.021287440168509142 0.013423317817695372 -0.021659875040424992 0.010297083744399287 -0.0075320467524987436 -0.0065877618310557998 0.017999730112853052 -0.0054179519172258307 0.00048403155120333211 -0.003659705362553077 0.024094457757324512 0.018638651001970086 -0.007577489525519847 0.0014411284290325481 0.015680569452084469 0.0056669700955156643 0.0029057966158498923 -0.0025271773894418158 -0.020602955095686361 0.0023842418203103388 0.013801017321079939 -0.0135728172715582 -0.00037307981056282748 0.0019702018118792019 -0.015831198829907887 0.020205899177523481 -0.010385570765822548 0.016094755370739941 -0.014704677947630283 -0.026630544102839215 0.003585504241005814 0.0019899992365116945 0.011632023209798661 0.00073449169584238055 0.031651321090603271 0.00039441189857884079 -0.016805837138258305 -0.0094434243263519409 0.022477081584721559 0.020854042661884134 -0.0059056493878470173 -0.003891513732049259 -0.0047212023303469181 0.0098830007373618307 -0.00058698676884263925
leaf_weight=66 44 49 21 32 27 478 297 56 74 20 24 439 53 306 27 20 37 20 33 36 20 72 91 28 26 510 34 28 26 71 26 28 65 76 1272 24 207 36 76 10339 113 29 28 33 28 34 22 26 34 22 42 24 90 29 65 37 54 128 45 24 98 474
leaf_count=66 44 49 21 32 27 478 297 56 74 20 24 439 53 306 27 20 37 20 33 36 20 72 91 28 26 510 34 28 26 71 26 28 65 76 1272 24 207 36 76 10339 113 29 28 33 28 34 22 26 34 22 42 24 90 29 65 37 54 128 45 24 98 474
internal_value=-0.000186324 -0.000416195 0.00409718 0.00262242 -0.000600748 0.00440549 -0.00063833 0.00349104 -0.000669293 0.0107671 -0.000491925 -0.000525926 -0.00217607 0.000565669 0.00709054 -0.0037234 -0.00136112 0.00275809 0.000413483 -0.00450145 -0.00820519 -0.00359489 -0.00290944 0.00968125 -0.014949 0.00164016 0.0065076 0.0117903 0.00593466 -0.00125705 0.0110423 0.00824483 0.00215185 0.00869954 -0.00219393 -0.00753306 -0.00183628 0.00646162 -0.00034385 -0.000530689 -0.00663549 -0.00163869 0.00090228 0.00533865 0.0078136 -0.000711222 -0.0123114 -0.00915093 0.0113686 0.0140704 0.0086121 0.0222313 8.76921e-05 -0.0027467 0.00100316 0.00687991 0.000156364 0.000921679 0.00673368 0.0129247 -9.32463e-05 0.0011995
internal_weight=16693 15844 849 696 15261 583 15206 534 15162 153 13585 13533 1342 483 106 859 420 181 161 239 154 92 128 55 62 630 120 88 60 377 79 52 85 133 1577 98 1479 112 12191 10605 266 142 1586 245 212 62 124 102 150 116 70 46 1341 326 1015 127 888 823 123 78 700 572
internal_count=16693 15844 849 696 15261 583 15206 534 15162 153 13585 13533 1342 483 106 859 420 181 161 239 154 92 128 55 62 630 120 88 60 377 79 52 85 133 1577 98 1479 112 12191 10605 266 142 1586 245 212 62 124 102 150 116 70 46 1341 326 1015 127 888 823 123 78 700 572
is_linear=0
shrinkage=0.05


Tree=65
num_leaves=63
num_cat=0
split_feature=16 16 17 17 17 17 7 2 0 0 13 0 0 0 0 3 15 2 2 0 0 0 0 0 13 2 2 10 13 7 0 0 0 3 0 10 0 13 8 13 3 3 3 7 0 13 13 3 3 13 0 2 13 0 0 13 2 0 3 9 0 7
split_gain=7.63577 8.03527 4.12903 2.47994 2.35186 1.91794 2.16618 1.8412 3.24583 3.00671 2.339 2.26744 2.86165 4.02994 2.36561 3.64418 1.75702 1.79708 8.28421 5.12301 3.98412 2.68472 6.24772 3.48802 4.57497 3.43188 2.8947 2.83533 2.82974 2.13672 3.18646 4.79026 5.17807 4.41483 3.15878 4.51715 2.71813 3.33097 3.63524 3.44583 2.44653 5.49793 2.32422 2.29249 2.20879 2.52092 2.17422 3.61299 2.09158 2.08478 2.67728 2.58568 2.00865 2.9437 2.64921 2.00703 3.2351 3.13412 5.39145 2.53209 1.97349 6.06597
threshold=0.7703271457330223 -0.79829907331227679 -0.22091637613951984 3.9832705285018126 -3.2481360492742049 0.32605331534483933 1.0391500000000002 24093216.000000004 61104.500000000007 45545.000000000007 203.50000000000003 259697.50000000003 304732.50000000006 392675.50000000006 123222.00000000001 445127.50000000006 1.5000000000000002 2574093.5000000005 2597227.5000000005 11492.500000000002 73229.500000000015 21031.000000000004 24482.500000000004 18339.000000000004 113.50000000000001 9051264.5000000019 7093667.0000000009 22.500000000000004 186.50000000000003 0.88550000000000006 7153.5000000000009 5600.0000000000009 4302.5000000000009 18739.000000000004 11119.000000000002 87.500000000000014 14725.000000000002 309.50000000000006 45.500000000000007 464.00000000000006 15545.000000000002 11610.000000000002 88895.000000000015 0.81900000000000006 12325.000000000002 36.500000000000007 140.00000000000003 53647.000000000007 101903.00000000001 315.00000000000006 8731.0000000000018 8174494.5000000009 464.00000000000006 59284.000000000007 66113.500000000015 313.50000000000006 9051264.5000000019 33170.000000000007 24408.500000000004 2.5000000000000004 12325.000000000002 0.98750000000000016
decision_type=2 2 2 2 2 2 2 2 2 2 2 2 2 2 2 2 2 2 2 2 2 2 2 2 2 2 2 2 2 2 2 2 2 2 2 2 2 2 2 2 2 2 2 2 2 2 2 2 2 2 2 2 2 2 2 2 2 2 2 2 2 2
left_child=1 2 4 5 -1 6 -2 16 9 -9 -10 14 -13 -14 -12 -16 17 -3 19 -19 21 23 25 29 -25 26 28 52 -23 34 31 32 -31 -32 40 44 37 38 -35 -39 41 -20 -33 -37 -36 -46 47 -42 -49 51 -51 -48 53 -24 -55 56 -29 -57 -59 -60 -40 -62
right_child=3 7 -4 -5 -6 -7 -8 8 10 -11 11 12 13 -15 15 -17 -18 18 20 -21 -22 22 27 24 -26 -27 -28 55 -30 30 33 42 -34 36 35 43 -38 39 60 -41 46 -43 -44 -45 45 -47 49 48 -50 50 -52 -53 -54 54 -56 57 -58 58 59 -61 61 -63
leaf_value=0.018867919147983869 0.0059810342935207777 -0.0011314516785637626 0.01248690368124894 0.020199757334635113 0.0022750180936270121 0.0025224133786399226 0.021829477488341562 -0.00091990181810490282 -0.011330683772988577 0.017994120828423305 -0.0091229365141559937 -0.01718134998329102 0.0082209543112097671 -0.0077335536587006572 0.019621332852100885 -0.0058303170938254429 -0.0025006009509673161 0.038585519783906806 0.00087543259363046595 0.0049235851252722044 0.0010662909614759404 -0.014951751194990294 0.0018136032917906546 0.017400107111865671 -0.00026681968223409209 0.0040909411917839731 -0.030312989451207563 -0.002407025682910232 0.0033478068851533977 -0.0033851829253022945 0.019479281805989023 -0.024640797657766333 0.017617978264363687 -0.0045053597052664447 -0.0178819642645438 0.020749897676617352 -0.0048257793094410887 -0.020928671924172245 0.0081875319751253828 0.0069250106376099897 -0.0049118412374422752 0.022639904098115237 -0.0024794835022729431 -0.002185919206363685 -0.019841144104004931 -0.0036301443475246597 -0.019649585348204476 0.023111573933745942 0.0035567534764803298 0.0013336833378259901 -0.018459521833505434 0.0013845889907867755 -0.002775893184100822 0.025041692172692406 0.0034448608055173123 -0.0090954679011421811 -0.010157874630731279 -0.0095847414783260185 0.023971668126546688 0.006686530153479287 0.036890560138379512 0.00083583276365746832
leaf_weight=22 172 5593 128 23 739 834 25 74 123 29 24 44 56 133 35 23 1137 22 309 24 3786 103 248 66 81 30 24 1156 26 127 46 31 38 37 56 20 83 21 78 23 92 32 20 23 29 145 50 22 38 88 21 20 154 29 29 46 153 40 31 71 27 21
leaf_count=22 172 5593 128 23 739 834 25 74 123 29 24 44 56 133 35 23 1137 22 309 24 3786 103 248 66 81 30 24 1156 26 127 46 31 38 37 56 20 83 21 78 23 92 32 20 23 29 145 50 22 38 88 21 20 154 29 29 46 153 40 31 71 27 21
internal_value=-0.000170484 -0.000446059 0.00417053 0.00394917 0.00276369 0.00357987 0.00802768 -0.000722108 -0.00358717 0.0043692 -0.00547017 -0.00316303 -0.00568785 -0.002978 0.00394842 0.00944972 -0.000613691 -0.000450874 4.82767e-05 0.02118 -7.97503e-05 -0.00122772 -0.00239524 0.000289066 0.00763772 -0.0112319 -0.0142697 -0.00156584 -0.011225 -0.000429667 0.00203738 -0.00268477 0.00142937 0.00508781 -0.00187609 -0.00641051 0.00278186 0.00585727 0.00916412 -0.00627273 -2.58559e-05 0.00293854 -0.0160698 0.00838929 -0.00920161 -0.00637054 -0.00309488 0.0012748 0.0108366 -0.00683201 -0.00244728 -0.0135751 0.00186079 0.00421076 0.0143539 -0.00262217 -0.0033175 0.00219182 0.00588728 0.0120072 0.0132182 0.0212551
internal_weight=16830 15776 889 1054 761 1031 197 14887 541 103 438 315 233 189 82 58 14346 13209 7616 46 7570 3784 2140 1644 147 183 153 1957 129 1497 552 216 165 336 945 273 290 207 163 44 672 341 51 43 230 174 331 152 60 179 109 70 460 306 58 1497 1309 188 142 102 126 48
internal_count=16830 15776 889 1054 761 1031 197 14887 541 103 438 315 233 189 82 58 14346 13209 7616 46 7570 3784 2140 1644 147 183 153 1957 129 1497 552 216 165 336 945 273 290 207 163 44 672 341 51 43 230 174 331 152 60 179 109 70 460 306 58 1497 1309 188 142 102 126 48
is_linear=0
shrinkage=0.05


Tree=66
num_leaves=63
num_cat=0
split_feature=16 16 15 16 0 7 7 7 3 3 0 0 7 0 8 8 10 10 3 10 16 0 10 8 0 0 7 0 3 0 0 7 0 0 8 9 0 0 7 0 7 16 0 9 0 9 0 0 0 0 7 7 7 10 8 7 16 0 0 3 0 0
split_gain=6.92541 7.17995 2.18817 2.43474 1.9062 1.71913 4.85217 1.71227 1.57061 3.97033 2.79629 4.03228 3.3287 2.94909 2.80196 3.20213 2.46999 4.08991 2.31302 3.67069 2.01187 1.87798 1.79065 3.93884 2.08232 1.74813 1.60341 1.93174 3.43495 3.15058 1.84266 1.6389 1.52636 3.29607 2.80854 1.80986 1.50427 4.36391 3.04612 2.64117 1.47061 1.45611 1.43462 2.54564 1.687 1.41138 1.39113 2.58109 1.79863 1.38812 1.45624 1.36993 1.3572 1.35689 1.32275 1.30535 1.19676 1.19394 1.1692 1.1627 2.72028 3.80304
threshold=1.1144716083747357 -1.4435523994741506 3.5000000000000004 -8.0883020087244635 1221382.0000000002 1.0025000000000002 1.0391500000000002 0.89415000000000011 13844.500000000002 8202.0000000000018 27290.000000000004 81005.500000000015 0.87415000000000009 8357.0000000000018 29.500000000000004 20.500000000000004 6.5000000000000009 12.500000000000002 24243.500000000004 47.500000000000007 0.59661277906081611 46401.500000000007 7.5000000000000009 20.500000000000004 31234.000000000004 55580.000000000007 0.73835000000000017 3656.0000000000005 3327.0000000000005 4899.0000000000009 843.00000000000011 0.75500000000000012 5600.0000000000009 6772.5000000000009 20.500000000000004 3.5000000000000004 61104.500000000007 110255.00000000001 0.99500000000000011 164712.00000000003 0.94915000000000005 4.0178513841011876 1138591.0000000002 4.5000000000000009 1372163.5000000002 2.5000000000000004 120557.00000000001 426448.50000000006 63998.000000000007 68701.500000000015 1.0475000000000001 0.84750000000000003 0.9316500000000002 11.500000000000002 26.500000000000004 0.9275000000000001 0.52083333333333348 149609.00000000003 68701.500000000015 5431.0000000000009 696704.00000000012 24922.000000000004
decision_type=2 2 2 2 2 2 2 2 2 2 2 2 2 2 2 2 2 2 2 2 2 2 2 2 2 2 2 2 2 2 2 2 2 2 2 2 2 2 2 2 2 2 2 2 2 2 2 2 2 2 2 2 2 2 2 2 2 2 2 2 2 2
left_child=1 2 4 45 7 41 -7 -1 9 20 13 12 21 14 15 53 -15 -18 19 32 26 -12 46 24 -24 -23 27 28 30 -29 -3 -28 34 -34 -10 56 38 -38 -37 -39 -36 -2 -25 -44 -45 -4 48 -48 -20 50 -14 -22 -5 -11 -19 -9 -35 -8 -27 -33 61 -61
right_child=5 8 3 52 -6 6 57 55 18 10 11 -13 49 16 -16 -17 17 54 22 -21 51 25 23 42 -26 58 31 29 -30 -31 -32 59 33 35 40 36 37 39 -40 -41 -42 -43 43 44 -46 -47 47 -49 -50 -51 -52 -53 -54 -55 -56 -57 -58 -59 -60 60 -62 -63
leaf_value=-0.00040246342005051161 0.0014752005128914939 -0.001785086745051976 0.011446546112511037 0.0022402141004401006 0.015472880027048106 0.030836926759705285 0.00019564996163566877 0.012971126684139196 -0.019616734566182476 0.0069435936486518792 -0.004440392957379421 0.0054419996011691894 -0.0008441143833075583 -0.0013957800803246437 -0.013057254427943489 0.021711622170825718 0.036268536340427621 0.0023124894266450956 -0.0052871589382879683 -0.023040282079840407 0.018367723291276266 0.018919751631878156 0.025588334361044924 -0.00076385025219903265 0.0052373823343448526 -0.0032657599999757802 0.011595700538881197 -0.016950364145533661 -0.011596686073629132 -0.0024252438542824405 0.015815115387051222 0.00041255582146038989 0.01802193583244115 -0.00134740043686208 -0.0084893939071648983 -0.023697751936618116 0.010462852518301546 -0.018058110057394505 -0.0016939931204752138 -0.00080544671292951059 0.007608088184750921 0.0060572385548130006 0.0057703946781167432 -0.01768698893969332 -2.1687176795957253e-05 0.0281098108791627 0.0051590929836861782 -0.012284384113598385 -0.024546601085817042 -0.016861927480725073 -0.01494907445808687 0.0027309403725242053 0.013512634917732198 -0.007424420305215243 0.015979786258429399 0.0033647096652303764 -0.012206466621594412 0.010577054520472166 0.011437350895879496 0.0041301163690471683 0.0098993374084614203 -0.0064038768436433698
leaf_weight=293 466 21 37 101 28 22 60 46 36 36 59 294 59 23 24 24 21 28 33 22 22 23 20 9018 36 34 30 39 24 905 47 1867 20 1128 34 33 38 46 31 44 24 280 199 20 43 21 49 37 20 39 27 41 37 30 53 164 26 53 22 117 41 315
leaf_count=293 466 21 37 101 28 22 60 46 36 36 59 294 59 23 24 24 21 28 33 22 22 23 20 9018 36 34 30 39 24 905 47 1867 20 1128 34 33 38 46 31 44 24 280 199 20 43 21 49 37 20 39 27 41 37 30 53 164 26 53 22 117 41 315
internal_value=-0.000161828 -0.000400506 0.00445266 0.00897801 0.0027715 0.0041529 0.00936267 0.00205159 -0.000632648 0.000180421 0.00336578 0.00141304 -0.00307216 0.00789331 0.00202243 0.0061092 0.0132017 0.0165404 -0.00094959 -0.00278745 -0.000549128 0.00225215 -0.000661573 -0.000577076 0.0126274 0.00731289 -0.000714351 -0.00235508 0.00453579 -0.00303236 0.0103117 8.23324e-07 -0.00247729 -0.00204802 -0.00865353 -0.00235126 -0.00685291 -0.00366405 -0.013137 -0.00968922 -0.00174068 0.00320228 -0.000657432 0.00298528 -0.0057281 0.0176039 -0.00629641 -0.00229314 -0.0126816 -0.00898728 -0.00534271 0.0082911 0.00530633 0.000335684 0.0113256 0.00549794 -0.00159743 0.00511406 0.00243143 -0.000146181 -0.00236179 -0.00353905
internal_weight=16830 15949 727 196 531 881 135 503 15222 4265 796 557 263 239 114 90 125 102 10957 1482 3469 138 9475 9336 56 79 3406 1036 92 944 68 2370 1460 1366 94 1346 192 128 64 90 58 746 9280 262 63 58 139 86 53 125 86 63 138 66 81 210 1154 113 56 2340 473 432
internal_count=16830 15949 727 196 531 881 135 503 15222 4265 796 557 263 239 114 90 125 102 10957 1482 3469 138 9475 9336 56 79 3406 1036 92 944 68 2370 1460 1366 94 1346 192 128 64 90 58 746 9280 262 63 58 139 86 53 125 86 63 138 66 81 210 1154 113 56 2340 473 432
is_linear=0
shrinkage=0.05


Tree=67
num_leaves=63
num_cat=0
split_feature=15 16 16 17 2 6 0 0 0 0 2 2 0 0 13 0 0 0 9 0 3 3 3 8 0 0 0 0 0 13 13 2 0 0 0 2 3 9 0 13 0 3 8 0 2 1 2 9 3 0 0 0 3 0 3 0 0 0 17 13 13 2
split_gain=6.37966 4.10824 3.97093 3.79929 2.52637 1.91549 2.59499 3.25518 3.95587 2.64034 2.4523 2.07571 2.37023 3.18892 2.28405 1.98813 2.75857 4.69882 2.25628 2.18634 1.98612 2.46374 3.64733 4.05761 3.43277 3.01148 3.77288 3.52486 5.02263 3.4247 3.18576 2.68768 2.53247 2.37655 3.32302 2.07142 2.00215 3.27648 3.4194 1.98146 3.08068 2.50712 2.55858 2.06574 2.12215 3.67614 2.83064 4.17234 2.09163 1.978 2.87499 2.61768 1.88673 1.86471 1.8625 3.19508 6.34915 3.90571 2.12774 1.83157 1.79909 2.77449
threshold=3.5000000000000004 1.1644541534916422 -8.0883020087244635 -2.5748032050082981 4074807.0000000005 152200.50000000003 1022618.5000000001 522853.00000000006 375510.50000000006 341282.00000000006 1677510.5000000002 24093216.000000004 61104.500000000007 35861.000000000007 203.50000000000003 259697.50000000003 317326.50000000006 392675.50000000006 3.5000000000000004 125635.00000000001 13912.000000000002 24408.500000000004 26496.500000000004 35.500000000000007 758724.50000000012 668303.00000000012 432989.50000000006 214482.00000000003 253871.00000000003 36.500000000000007 69.500000000000014 2670024.5000000005 24482.500000000004 25475.500000000004 137687.50000000003 1976154.0000000002 21520.500000000004 1.5000000000000002 107723.50000000001 43.500000000000007 3310.5000000000005 179222.00000000003 108.50000000000001 328316.50000000006 1949601.5000000002 1.0000000180025095e-35 8471873.5000000019 1.5000000000000002 57659.500000000007 59284.000000000007 43776.500000000007 35256.500000000007 445127.50000000006 6348.0000000000009 8202.0000000000018 27290.000000000004 38070.000000000007 17309.500000000004 -0.22091637613951984 92.500000000000014 55.500000000000007 183471.00000000003
decision_type=2 2 2 2 2 2 2 2 2 2 2 2 2 2 2 2 2 2 2 2 2 2 2 2 2 2 2 2 2 2 2 2 2 2 2 2 2 2 2 2 2 2 2 2 2 2 2 2 2 2 2 2 2 2 2 2 2 2 2 2 2 2
left_child=1 3 4 -1 -2 11 7 8 9 -7 -9 20 13 -13 -14 18 -17 52 -16 -20 54 24 23 -23 25 26 27 29 -29 32 53 -25 35 -32 36 -22 -35 -38 49 40 -24 42 43 44 45 -42 47 -46 -49 50 51 -39 -18 -31 -5 57 -57 -56 -58 -59 61 -41
right_child=2 -3 -4 5 -6 6 -8 10 -10 -11 -12 12 14 -15 15 16 17 -19 19 -21 21 22 39 31 -26 -27 -28 28 -30 30 33 -33 -34 34 -36 -37 37 38 -40 60 41 -43 -44 -45 46 -47 -48 48 -50 -51 -52 -53 -54 -55 55 56 58 59 -60 -61 -62 -63
leaf_value=0.012937008049839575 0.0083413502964274754 0.003605737715941425 0.0031520722179984085 0.00011569607844996927 0.030134375905828778 -0.0028215831815250137 0.0096448061113951471 -0.018687586253255388 0.0063005951571108183 -0.019635437596666614 -0.0027008339090065824 -0.004394559355063137 -0.010670713691955476 0.013180688105992279 -0.0050013898728751751 -0.015484933019987497 0.00080750602524714784 -0.007400655401849459 0.00028201228353232815 0.02278457659874027 0.0049344887091573707 0.0021246003605762359 -0.019821794631176139 0.025489958245689566 -0.019693674963876556 0.0058788706982105428 -0.019949687420857662 0.018310711240093615 -0.0030096483592975342 -0.024490184446729988 -0.00834917963331306 0.0043194368905868389 -0.0037802425217967027 -0.0023752029548042308 -0.0071980750074143261 0.023885098831792968 0.021509757927949152 0.0087191150581102227 0.018397453001261443 0.011407195618210512 0.0073139011201388618 -0.015723876545309497 0.0086884752715711538 0.0032323728054318001 -0.0017863718446564623 -0.0079407858841596037 0.0027346408541623554 -0.013090615491065154 -0.03044115850677738 -0.0090650247019914264 0.016323318992645292 -0.01532749063741122 0.019349677001239518 -0.0088914393209705653 0.0042068238873040099 -0.018599634851469562 -0.010524536112626624 0.01193129074791696 0.0031623471358251903 0.031378384065147827 -0.0005888386779905907 0.0009842341117893593
leaf_weight=52 36 622 779 2856 22 895 42 55 122 24 44 58 128 46 37 50 29 132 22 22 55 347 27 34 29 103 32 47 66 25 186 28 58 222 195 20 25 21 26 73 82 34 53 109 81 76 52 82 23 51 28 24 27 92 173 39 30 32 466 21 7045 518
leaf_count=52 36 622 779 2856 22 895 42 55 122 24 44 58 128 46 37 50 29 132 22 22 55 347 27 34 29 103 32 47 66 25 186 28 58 222 195 20 25 21 26 73 82 34 53 109 81 76 52 82 23 51 28 24 27 92 173 39 30 32 466 21 7045 518
internal_value=-0.000153611 -0.00037661 0.00410091 -0.000538106 0.0167314 -0.000584258 -0.00251862 -0.00297194 -0.0021415 -0.00326821 -0.0116427 -0.000422155 -0.00343121 0.00333627 -0.00501732 -0.00273058 -0.0050422 -0.00223154 0.00399778 0.0116728 -0.000299726 -0.000664128 -0.000358386 0.00424843 -0.00268996 -0.00229808 -0.00302079 -0.00253992 0.00582225 -0.00346445 -0.00457955 0.0160319 0.00399961 -0.00341286 -0.00185233 0.0100796 0.000761972 0.00476934 0.00193349 -0.000587289 -0.00330883 -0.00254404 -0.00172934 -0.00283409 -0.00451692 0 -0.00749824 -0.0103858 -0.0169641 -0.00149038 0.00373825 -0.00400043 0.00985516 -0.0122853 0.00070323 0.00290135 0.00078478 0.00788713 0.00232248 0.0197755 -0.000365976 0.00228184
internal_weight=16830 15993 837 15371 58 15319 1182 1140 1041 919 99 14137 551 104 447 319 238 188 81 44 13586 9969 8664 409 1305 1276 1173 1141 113 1028 895 62 133 778 592 75 397 175 150 8255 619 592 558 505 396 158 238 186 105 124 73 45 56 117 3617 761 535 226 496 53 7636 591
internal_count=16830 15993 837 15371 58 15319 1182 1140 1041 919 99 14137 551 104 447 319 238 188 81 44 13586 9969 8664 409 1305 1276 1173 1141 113 1028 895 62 133 778 592 75 397 175 150 8255 619 592 558 505 396 158 238 186 105 124 73 45 56 117 3617 761 535 226 496 53 7636 591
is_linear=0
shrinkage=0.05


Tree=68
num_leaves=63
num_cat=0
split_feature=16 16 17 17 17 17 7 15 16 17 16 7 7 17 15 17 6 0 0 0 2 3 2 3 0 7 2 7 0 8 0 0 0 0 0 3 0 3 3 3 2 15 0 3 0 1 8 8 10 2 2 10 0 8 3 2 2 0 8 0 0 1
split_gain=5.7673 6.27501 3.6452 2.18006 2.09895 1.83273 1.94553 1.79925 2.57432 1.67878 3.27644 2.68791 2.26887 2.15191 2.57752 2.09843 1.92555 2.6297 3.41895 3.38172 2.8186 1.91801 3.17189 2.90342 2.91082 3.11937 4.88152 3.01421 4.01098 3.38609 3.35457 2.78409 2.86233 2.56878 2.66558 2.2432 2.21089 1.97189 1.86374 3.15295 2.14653 1.84864 1.77966 1.57146 1.55533 1.5483 1.47441 2.54128 1.6616 1.70659 2.24978 4.16606 4.04338 2.41235 2.50937 1.97863 1.78245 1.73938 2.73658 3.11458 5.21948 3.93416
threshold=0.7703271457330223 -0.79829907331227679 -0.53836478870930116 3.6762205501217919 -3.2481360492742049 0.32605331534483933 1.0391500000000002 3.5000000000000004 -8.0883020087244635 0.058375255521096951 0.27502519449766333 0.84750000000000003 1.0950000000000004 -0.10457865466973508 2.5000000000000004 -1.0000000180025095e-35 152200.50000000003 1022618.5000000001 522853.00000000006 452725.00000000006 2032819.0000000002 13912.000000000002 22744158.500000004 5177.0000000000009 26589.500000000004 0.91900000000000015 6994968.0000000009 0.73835000000000017 7587.0000000000009 13.500000000000002 11899.500000000002 81005.500000000015 131797.50000000003 4899.0000000000009 1904.5000000000002 8856.0000000000018 17309.500000000004 19105.000000000004 16055.000000000002 17140.500000000004 1793297.0000000002 4.5000000000000009 8357.0000000000018 5022.0000000000009 120557.00000000001 1.0000000180025095e-35 18.500000000000004 15.500000000000002 12.500000000000002 302811.50000000006 555829.00000000012 38.500000000000007 341282.00000000006 156.00000000000003 110923.50000000001 629989.50000000012 613856.50000000012 123222.00000000001 52.500000000000007 16184.000000000002 10746.500000000002 1.0000000180025095e-35
decision_type=2 2 2 2 2 2 2 2 2 2 2 2 2 2 2 2 2 2 2 2 2 2 2 2 2 2 2 2 2 2 2 2 2 2 2 2 2 2 2 2 2 2 2 2 2 2 2 2 2 2 2 2 2 2 2 2 2 2 2 2 2 2
left_child=1 2 4 5 -1 6 -2 -6 -9 10 13 -12 41 14 -3 44 21 18 19 -18 -20 22 23 43 27 -26 31 35 33 -30 -31 -27 -33 34 -29 42 -32 38 40 -40 -23 -11 -25 -17 -15 -16 47 -39 -48 57 51 52 -51 54 -53 56 -52 58 -50 60 61 -60
right_child=3 9 -4 -5 7 -7 -8 8 -10 12 11 -13 -14 15 45 16 17 -19 20 -21 -22 37 -24 24 25 26 -28 28 29 30 36 32 -34 -35 -36 -37 -38 46 39 -41 -42 -43 -44 -45 -46 -47 48 -49 49 50 55 53 -54 -55 -56 -57 -58 -59 59 -61 -62 -63
leaf_value=0.017032137628627847 0.0054114147389084663 -0.0084131694767601607 0.0093155996388991028 0.0159059470401984 7.1436101098874472e-06 0.0019665422359609426 0.020432586632520552 0.020336854394621517 0.002925095792496659 -0.0036978665391185239 0.021766162604810447 0.0023624649588909318 -0.015086026557903308 0.019345464752543541 0.0030480692367768104 -9.2686632541930767e-05 -0.0027128131036715229 0.01070009215510453 -0.0202167823761999 0.013773299222144753 -0.0010458336385819956 0.0031511961942394307 -0.0062197994053977967 0.0018001010683596946 0.0034378909856550089 -0.0091662367334850638 0.01214574383393446 -0.0029718112782269636 0.025237827984262586 0.02601755902622685 -0.0045396203290661071 0.0066035725845096996 -0.008315318632120346 -0.008866247433924947 0.01427498362220038 0.0067066832949781129 0.012334398783167402 -0.0005787995084649242 -0.021069171576888736 -0.0042119395553816491 -0.0047345018219276253 0.0042683480779678786 -0.017148250022497563 -0.012017406057317832 0.00073671030622475596 -0.0058447994582599937 -0.01146518165773667 0.014037629680000167 0.020759433348705659 0.0075435881279258578 0.0026131399858154753 -0.011071240902482266 -0.014890332891052939 -0.019510824945836593 -2.7018464553198011e-05 -0.00059849689423313948 0.01838823156238097 -0.0067222839524465911 0.019031385833889376 0.0073093725246890107 -0.025590653420843153 -0.0072166140831384385
leaf_weight=22 172 190 218 34 519 823 25 27 103 457 29 48 38 23 128 1719 929 36 50 32 32 138 157 22 640 166 49 38 51 23 37 79 54 35 53 47 40 79 37 115 228 86 27 28 23 79 35 47 24 99 74 113 25 40 96 7999 24 38 23 149 22 37
leaf_count=22 172 190 218 34 519 823 25 27 103 457 29 48 38 23 128 1719 929 36 50 32 32 138 157 22 640 166 49 38 51 23 37 79 54 35 53 47 40 79 37 115 228 86 27 28 23 79 35 47 24 99 74 113 25 40 96 7999 24 38 23 149 22 37
internal_value=-0.00014583 -0.000385364 0.00369425 0.00343441 0.00185937 0.00301228 0.00735242 0.00133479 0.00659267 -0.000629344 -0.000521913 0.00975395 -0.00326548 -0.00057794 -0.00420854 -0.000473345 -0.000509299 -0.00253777 -0.00300046 -0.00215727 -0.0128067 -0.000336642 0.000707217 0.00105893 0.0027906 0.00136314 -0.00243801 0.00655687 0.00920396 0.0147045 0.00926269 -0.00484797 0.000507016 0.00256598 0.00702278 -0.0010307 0.00416588 -0.000698137 -0.00369855 -0.00835937 -0.0017475 -0.00242642 -0.00855265 -0.000287349 0.0101713 -0.000322868 -0.000523375 0.00484052 -0.000600817 -0.000556723 -0.000687 -0.0044849 0.00297198 -0.00821814 -0.00602465 -0.000511374 0.0065422 0.00319122 0.00469018 0.00299075 -0.00479494 0.00277685
internal_weight=16830 15776 889 1054 671 1020 197 649 130 14887 14306 77 581 14229 397 13832 13786 1079 1043 961 82 12707 3265 3108 1361 988 348 373 277 151 100 299 133 126 91 96 77 9442 518 152 366 543 49 1747 46 207 8924 126 8798 8763 8470 373 124 249 209 8097 98 293 255 231 82 60
internal_count=16830 15776 889 1054 671 1020 197 649 130 14887 14306 77 581 14229 397 13832 13786 1079 1043 961 82 12707 3265 3108 1361 988 348 373 277 151 100 299 133 126 91 96 77 9442 518 152 366 543 49 1747 46 207 8924 126 8798 8763 8470 373 124 249 209 8097 98 293 255 231 82 60
is_linear=0
shrinkage=0.05


Tree=69
num_leaves=63
num_cat=0
split_feature=16 16 17 11 17 15 16 7 17 17 16 0 13 17 7 7 16 13 7 13 8 3 3 17 3 3 13 0 16 0 0 0 3 0 0 13 13 3 6 7 0 7 0 0 13 3 13 3 0 0 0 0 0 0 0 3 8 0 11 7 0 13
split_gain=5.23246 5.60498 2.59489 2.23428 1.54875 1.59377 1.92691 1.51407 1.89754 1.89611 1.38243 1.3187 1.54997 1.85734 1.46413 1.55265 1.27146 1.82002 1.5027 1.41857 1.24417 1.21282 1.18946 1.12847 1.10132 3.05986 2.15265 2.2731 2.20301 2.12561 2.71836 1.91666 1.52399 1.98906 2.98426 2.56889 4.58749 1.94514 2.6793 2.94498 2.73644 2.14112 1.69096 2.30402 1.45776 2.11034 2.09713 3.10105 2.14425 3.82743 2.34434 2.74279 2.93705 2.33259 4.50768 2.24379 1.7605 2.37664 5.74504 3.6576 2.67161 4.27167
threshold=1.1144716083747357 -1.6741466019357316 -0.33518357611406263 1.0000000180025095e-35 -3.2481360492742049 3.5000000000000004 -8.0883020087244635 0.9275000000000001 0.72302677832994833 2.8966435897327401 3.8084851595244209 1221382.0000000002 198.50000000000003 -0.73042433111272709 0.89750000000000008 0.75500000000000012 1.5030060120240494 154.50000000000003 0.76415000000000011 48.500000000000007 20.500000000000004 137954.00000000003 50376.500000000007 -1.9144484089039733 13844.500000000002 8202.0000000000018 228.00000000000003 4002.5000000000005 -1.0000000180025095e-35 74844.500000000015 50129.500000000007 270.50000000000006 24408.500000000004 5600.0000000000009 6772.5000000000009 261.00000000000006 45.500000000000007 29477.000000000004 81468.000000000015 0.84415000000000007 16184.000000000002 0.9083500000000001 120557.00000000001 426448.50000000006 45.500000000000007 179222.00000000003 59.500000000000007 35387.500000000007 7153.5000000000009 21031.000000000004 51076.000000000007 96312.000000000015 131797.50000000003 27828.000000000004 24922.000000000004 56933.500000000007 148.50000000000003 41439.000000000007 3.5000000000000004 0.80835000000000012 60181.000000000007 28.500000000000004
decision_type=2 2 2 2 2 2 2 2 2 2 2 2 2 2 2 2 2 2 2 2 2 2 2 2 2 2 2 2 2 2 2 2 2 2 2 2 2 2 2 2 2 2 2 2 2 2 2 2 2 2 2 2 2 2 2 2 2 2 2 2 2 2
left_child=1 2 4 -4 -1 11 -7 10 22 20 16 12 13 -6 15 -14 18 -18 -2 -20 -10 -5 -9 -3 25 -25 28 -28 -27 30 -29 -26 33 35 -35 36 -33 38 39 40 -34 -41 -40 -44 45 56 48 -48 -46 -50 53 55 -53 54 -51 -52 57 58 -39 -60 61 -59
right_child=7 23 3 21 5 6 -8 8 9 -11 -12 -13 14 -15 -16 -17 17 -19 19 -21 -22 -23 -24 24 31 26 27 29 -30 -31 -32 32 37 34 -36 -37 -38 44 42 41 -42 -43 43 -45 46 -47 47 -49 49 50 51 52 -54 -55 -56 -57 -58 60 59 -61 -62 -63
leaf_value=0.016007868929294938 0.01412753745791101 0.0091177731207834935 0.0046502873654507343 0.027088117195656566 -0.00030625640750862242 0.018914494692642919 0.0035431417625388035 0.020448843777982676 0.01223046988879444 0.018278799038733494 0.0051672406799565954 0.013001566244315763 0.012149650531049768 -0.01189581966412836 0.010721589872671017 -0.0029183447609014428 -0.0057118284094107505 0.0026391338625883238 0.011388071526388247 -0.003433569384959795 0.00055126981015553203 0.01111633858378853 0.0076372258235503799 -0.00052338453021540012 -0.013039124574848796 -0.012673560978837626 0.023707466852383233 0.0055831388483240782 0.0021477671261900849 0.013511518578903349 -0.014596541420119633 0.005560544638881856 0.017105294311821801 0.017390918286878672 -0.0019721103927840614 0.0054262744585350476 -0.021337213686386781 -0.0030310493476610263 -0.016934900481980372 -0.012140843863006925 0.0041970674701856305 0.0019221694127489518 0.0054565629895159586 -0.011177108276163472 -0.012616861967453317 -0.014898693021878471 -0.0076139239449168729 -0.00055232637965239233 0.014851013002514664 -0.0078537204458620207 0.022793074618375389 -0.017790546441247678 0.0066532350036466034 -0.008660910559147271 0.022659287544329304 0.0057845674410751087 0.0067892911113113345 -0.010723173992531332 -0.0064321302322309405 -0.035240249445312205 -0.0023828944421543695 0.015278411903134554
leaf_weight=21 31 30 65 24 224 28 79 34 27 21 238 21 22 41 55 75 133 127 23 53 151 27 43 3475 32 26 20 79 595 56 21 22 62 20 1619 23 54 180 24 29 126 378 47 37 20 34 159 7097 67 28 28 21 29 80 21 67 51 22 20 26 488 54
leaf_count=21 31 30 65 24 224 28 79 34 27 21 238 21 22 41 55 75 133 127 23 53 151 27 43 3475 32 26 20 79 595 56 21 22 62 20 1619 23 54 180 24 29 126 378 47 37 20 34 159 7097 67 28 28 21 29 80 21 67 51 22 20 26 488 54
internal_value=-0.000138414 -0.000345916 0.0040877 0.0109114 0.00267869 0.00215308 0.00762614 0.00361198 0.00668923 0.00407044 0.002199 0.0008032 0.000173937 -0.00212203 0.00420841 0.000456638 0.000259597 -0.00161403 0.00485629 0.000995295 0.00235678 0.0187686 0.0133783 -0.000544325 -0.000563736 0.000116266 0.00291119 0.00779759 0.00151724 0.00571195 0.00128511 -0.000829122 -0.000792808 -0.00215154 -0.00173173 -0.00904247 -0.0134882 -0.000535421 0.00198999 0.00331031 0.00848745 0.000905118 -0.00523402 -0.0018153 -0.000745095 -0.0026792 -0.000522226 -0.000707858 0.00319425 0.00413968 0.00149778 0.00587084 -0.00352837 -0.00337969 0.00514097 0.0108689 -0.00217754 -0.00276352 -0.0070984 -0.0228646 -0.00101668 0.00768173
internal_weight=16830 15949 682 116 566 545 107 881 276 199 605 438 417 265 152 97 367 260 107 76 178 51 77 15267 15237 4272 797 176 621 156 100 10965 10933 1738 1639 99 76 9195 703 595 188 407 108 84 8492 875 7617 7256 361 341 274 145 50 129 49 95 841 790 226 46 564 76
internal_count=16830 15949 682 116 566 545 107 881 276 199 605 438 417 265 152 97 367 260 107 76 178 51 77 15267 15237 4272 797 176 621 156 100 10965 10933 1738 1639 99 76 9195 703 595 188 407 108 84 8492 875 7617 7256 361 341 274 145 50 129 49 95 841 790 226 46 564 76
is_linear=0
shrinkage=0.05


Tree=70
num_leaves=63
num_cat=0
split_feature=15 16 16 17 3 6 0 0 13 13 2 0 0 0 13 15 0 0 0 8 2 0 2 0 3 7 0 0 0 0 0 0 0 0 3 0 16 2 4 2 13 9 2 8 0 1 0 3 8 0 2 3 2 0 3 2 2 2 13 2 2 2
split_gain=5.30852 3.64146 2.8916 2.81242 2.04581 1.66429 3.69119 1.95799 1.73292 3.32169 3.31869 2.29161 2.18204 3.65538 2.11198 2.92716 2.89034 3.96124 2.75443 3.98642 3.57121 3.32375 5.67432 2.69229 2.77627 4.0964 4.90401 3.46643 2.94539 2.77066 3.55934 3.17603 2.90066 2.46866 2.23233 2.19692 2.05096 2.14477 2.01848 2.00599 1.98812 2.14816 1.89952 1.87068 3.04275 3.2313 1.89106 4.09318 5.7139 3.75481 3.35897 3.16966 2.90616 2.49187 2.48105 2.43641 2.45704 3.03791 2.71568 4.47213 3.41676 3.8768
threshold=2.5000000000000004 7.2413914549653464 -10.909495509114473 3.1233663438097019 7442.0000000000009 244124.50000000003 270600.00000000006 622548.50000000012 261.00000000000006 99.500000000000014 2364436.0000000005 1626860.0000000002 593.00000000000011 1904.5000000000002 38.500000000000007 1.5000000000000002 21595.000000000004 24482.500000000004 7153.5000000000009 12.500000000000002 3091005.0000000005 11492.500000000002 5011254.0000000009 25475.500000000004 36749.000000000007 1.0950000000000004 644756.50000000012 210829.50000000003 188246.00000000003 48983.500000000007 38070.000000000007 86597.000000000015 419519.50000000006 730158.50000000012 51961.500000000007 152294.00000000003 -10.909495509114473 2251942.0000000005 1.0000000180025095e-35 13962164.000000002 113.50000000000001 1.5000000000000002 6086802.0000000009 632.00000000000011 282216.50000000006 1.0000000180025095e-35 65133.000000000007 86996.000000000015 108.50000000000001 841898.00000000012 7204499.0000000009 450622.50000000006 806470.00000000012 86597.000000000015 394457.00000000006 2829023.5000000005 3151920.0000000005 2959538.0000000005 233.00000000000003 3704870.0000000005 5117485.0000000009 5315255.0000000009
decision_type=2 2 2 2 2 2 2 2 2 2 2 2 2 2 2 2 2 2 2 2 2 2 2 2 2 2 2 2 2 2 2 2 2 2 2 2 2 2 2 2 2 2 2 2 2 2 2 2 2 2 2 2 2 2 2 2 2 2 2 2 2 2
left_child=3 2 4 5 -2 8 -7 -8 9 10 36 -10 -11 -14 15 -12 18 34 20 -20 38 22 -21 -19 25 29 -27 28 35 30 -25 -31 -33 -28 -18 -26 -1 -38 -16 -34 41 -15 -29 46 45 -45 51 -48 50 52 53 54 -50 -49 55 -42 57 -57 59 -58 -61 -62
right_child=1 -3 -4 -5 -6 6 7 -9 11 12 14 -13 13 40 16 -17 17 23 19 21 -22 -23 -24 24 27 26 33 42 -30 31 -32 32 39 -35 -36 -37 37 -39 -40 -41 43 -43 -44 44 -46 -47 47 48 49 -51 -52 -53 -54 -55 -56 56 58 -59 -60 60 61 -63
leaf_value=0.012646614163086562 0 0.013816532314272163 0.0018202644595467468 0.017211713851530315 0.018051959336648177 -0.0084752444377859237 0.0033659737173320097 -0.0050274602563967321 0.00095984617393897779 0.01308259606857381 -4.4979599114473639e-05 -0.015558084503028067 -0.01366353660214463 -0.010529320082816715 0.018402573940517707 -0.012805846316225175 -0.0019212812530932965 0.019085416093266389 -0.012726462917837932 0.02716699107511978 -0.0030176819732115885 0.0058466557725423019 0.003767626612182553 0.0052559122061944076 0.0005759083353839799 -0.0155403796537745 0.005872153870525954 -0.017615047935612516 0.019342440491732192 -0.0041989086587232516 0.025655487161713449 0.0095590632912647012 0.0054373001361506038 -0.010908647303824112 -0.022096328976189517 -0.011749622434759001 -0.00051025432591914402 -0.0053406009622836547 -0.00014166266161513017 -0.0022859094934444277 5.4495489779818657e-05 -0.0024534090459005201 -0.002107489758276251 -0.01051505895847097 -0.02076070213790468 0.012337175694357352 -0.0025140647196114337 0.032308260609188351 -0.0069722507154983187 -0.0050029876655384407 0.0018500137363295047 -0.018410403437630826 0.0021495880957096833 0.01221925478840616 0.0096788197254798428 -0.0065868445762104523 0.0082674631329078749 -0.027430584313462698 -0.011026497732525991 -0.0077275435577088261 0.0082401976359209161 -0.0027645079518705969
leaf_weight=28 23 73 1329 23 48 194 194 108 3314 26 540 21 60 110 38 49 29 22 20 61 148 170 46 57 706 57 98 43 20 104 35 235 210 28 27 38 2766 251 23 139 806 338 38 40 31 25 1048 21 93 256 62 29 1359 65 46 111 97 21 89 266 97 453
leaf_count=28 23 73 1329 23 48 194 194 108 3314 26 540 21 60 110 38 49 29 22 20 61 148 170 46 57 706 57 98 43 20 104 35 235 210 28 27 38 2766 251 23 139 806 338 38 40 31 25 1048 21 93 256 62 29 1359 65 46 111 97 21 89 266 97 453
internal_value=5.49768e-05 0.00292295 0.00235041 -0.00021852 0.012187 -0.000244979 -0.00309449 0.000347127 -0.00014983 -0.000439455 0.000372693 0.000853873 -0.00132231 -0.00139126 0.00155914 -0.00111706 0.00222023 0.00131635 0.00557845 0.00867487 0.0011523 0.0102422 0.017167 0.00171984 0.00150473 0.0033407 -0.00337428 -0.000581863 0.000455138 0.00492277 0.0130903 0.00382159 0.00525893 0.00209774 -0.0117597 -4.83964e-05 -0.000787189 -0.000913937 0.0113399 0.0023472 -0.00125531 -0.0044494 -0.0104131 -0.000968898 -0.00788396 -0.00164348 -0.000832769 -1.43949e-05 0.00139442 0.000574395 0.0108174 -0.00200966 0.00156145 0.0172146 -0.00176674 -0.00204119 -0.003535 -0.009959 -0.00268283 -0.00186289 -0.0030741 -0.000813444
internal_weight=16902 1473 1400 15429 71 15406 496 302 14910 11575 6026 3335 5549 5523 2981 589 2392 1886 506 297 209 277 107 1830 1808 963 183 845 764 780 92 688 584 126 56 744 3045 3017 61 349 5463 448 81 5015 96 65 4919 2904 1856 1708 148 2015 1452 86 1986 1940 1134 132 1002 913 816 550
internal_count=16902 1473 1400 15429 71 15406 496 302 14910 11575 6026 3335 5549 5523 2981 589 2392 1886 506 297 209 277 107 1830 1808 963 183 845 764 780 92 688 584 126 56 744 3045 3017 61 349 5463 448 81 5015 96 65 4919 2904 1856 1708 148 2015 1452 86 1986 1940 1134 132 1002 913 816 550
is_linear=0
shrinkage=0.05


Tree=71
num_leaves=63
num_cat=0
split_feature=15 16 16 17 8 6 0 0 10 10 0 11 0 17 15 15 17 4 0 5 8 17 17 17 16 8 8 8 7 0 0 0 0 0 7 8 10 10 1 0 0 0 0 0 0 0 0 0 7 0 0 0 0 0 0 0 0 0 7 0 11 1
split_gain=4.79254 3.28632 2.60922 2.53943 1.64364 1.50197 3.33176 1.67984 1.41691 1.12088 1.1094 1.91371 1.85784 1.74004 1.33066 1.19082 2.1018 1.55914 1.15204 1.18989 1.30172 1.25103 3.18913 4.04001 2.33764 1.54286 1.50961 2.16362 1.04314 1.90029 5.12496 4.70434 3.30609 3.2074 2.47234 2.1458 2.10023 3.14679 1.95104 2.74723 2.10957 1.87999 4.51819 2.70932 2.04576 2.77692 1.38882 1.37267 1.15281 2.40649 3.70892 2.68693 1.39783 1.20848 2.79547 2.28518 1.50158 1.12208 1.82791 1.87067 3.32178 2.90429
threshold=2.5000000000000004 7.2413914549653464 -10.909495509114473 3.1233663438097019 19.500000000000004 244124.50000000003 253871.00000000003 622548.50000000012 96.500000000000014 416.50000000000006 503322.00000000006 2.5000000000000004 1598203.0000000002 -1.3541319267452938 4.5000000000000009 3.5000000000000004 0.61903920840622373 1.0000000180025095e-35 414176.00000000006 2.5000000000000004 79.500000000000014 -0.43467827590503288 -0.027370016487833396 0.16752290795114796 -2.2674922867601599 35.500000000000007 52.500000000000007 29.500000000000004 1.0950000000000004 143609.50000000003 188246.00000000003 61104.500000000007 98605.500000000015 118075.50000000001 1.1250000000000002 41.500000000000007 69.500000000000014 86.500000000000014 1.0000000180025095e-35 51918.500000000007 38070.000000000007 198499.50000000003 248194.50000000003 240038.50000000003 598557.50000000012 758724.50000000012 1170651.5000000002 81005.500000000015 1.0550000000000004 7153.5000000000009 4002.5000000000005 15202.500000000002 218299.50000000003 31234.000000000004 51918.500000000007 20471.000000000004 86597.000000000015 7153.5000000000009 0.97800000000000009 4002.5000000000005 1.5000000000000002 1.0000000180025095e-35
decision_type=2 2 2 2 2 2 2 2 2 2 2 2 2 2 2 2 2 2 2 2 2 2 2 2 2 2 2 2 2 2 2 2 2 2 2 2 2 2 2 2 2 2 2 2 2 2 2 2 2 2 2 2 2 2 2 2 2 2 2 2 2 2
left_child=3 2 4 5 -2 28 -7 -8 -6 10 11 18 14 -13 -12 16 -15 -18 19 21 -21 24 -23 25 -4 -24 27 -26 48 31 34 36 47 -34 -31 -35 38 -38 40 -40 -30 -32 43 -43 -44 -46 -47 -33 57 50 -50 -51 53 55 -55 -53 -56 58 59 60 -1 -62
right_child=1 -3 9 -5 8 6 7 -9 -10 -11 12 13 -14 15 -16 -17 17 -19 -20 20 -22 22 23 -25 26 -27 -28 -29 29 30 41 32 33 35 -36 -37 37 -39 39 -41 -42 42 44 -45 45 46 -48 -49 49 51 -52 52 -54 54 56 -57 -58 -59 -60 -61 61 -63
leaf_value=0.0017048516632416095 0.0010357394879424121 0.013126650986691017 0.0086558384064414785 0.016354853371198557 0.026038948962267373 -0.0082064379368501032 0.0029501492976480082 -0.0047763194525261158 0.0080378144060249453 0.0080922877625597481 -0.0067720301730918022 0.0081571315253585776 0.0055491641437177813 -0.011527552590130644 0.0018039125717007705 0.00034454787110038947 -0.0057853027256835401 0.012157095039304197 0.014791183427603133 -0.012058416076479443 0.0030615577305960137 0.015741396496682564 -0.01945406242769647 0.005745005360787001 -0.0045250872364883355 -0.00022498159970513621 -0.013883861571522877 0.014047090351275765 0.0091035084904120545 0.0047123020122334415 -0.011299988354307755 -0.011414402212846163 0.0089600388183553002 -0.021159529006219955 0.027011813676778774 -0.0013017881464009501 -0.018286771560966406 -0.00094294294239043316 -0.0057553996804957062 0.014163782851612983 -0.0017097387753335299 0.0049499851841934752 -0.008092379893644178 0.027676129596891686 0.0037196380415534312 -0.017812399446279156 -0.00028945604401035894 -0.023646398148746313 -7.7597607838783371e-05 -0.010630511175714383 0.023837643680896407 0.005908419522178225 -0.002864917240384653 0.021559261098875168 -0.0054067112199547001 -0.014581689016042253 0.0062942173961021003 3.1987334994166783e-05 0.0037673949657155074 -0.0048842341714877393 0.0026276810388424676 -0.012180232494072079
leaf_weight=430 25 73 59 23 23 187 201 108 23 66 134 46 70 72 67 174 28 21 23 25 32 65 23 286 71 20 27 20 115 26 40 66 35 25 25 31 37 91 121 20 73 40 103 20 158 26 21 38 33 44 31 35 89 26 34 22 133 12216 138 423 50 95
leaf_count=430 25 73 59 23 23 187 201 108 23 66 134 46 70 72 67 174 28 21 23 25 32 65 23 286 71 20 27 20 115 26 40 66 35 25 25 31 37 91 121 20 73 40 103 20 158 26 21 38 33 44 31 35 89 26 34 22 133 12216 138 423 50 95
internal_value=5.21532e-05 0.00277719 0.00223307 -0.000207698 0.0115776 -0.000232855 -0.00293987 0.000232788 0.0171838 0.00172926 0.00139218 0.00216868 -0.00143154 -0.000853589 -0.00388904 -0.00227788 -0.00608744 0.00181156 0.00375934 0.00334506 -0.00349195 0.00403681 0.00560644 0.00358473 0.000513383 -0.0106476 -0.00351939 -0.000377466 -0.000142448 -0.00161635 0.000839429 -0.00335272 -0.00985398 -0.00282209 0.0157728 -0.0102779 -0.00056617 -0.00600579 0.00153614 -0.00288651 0.00487949 -0.00101839 8.83561e-05 0.012642 -0.00234424 0.000522007 -0.0101064 -0.0159502 -2.34064e-05 0.00247357 0.0114475 0.000958363 0.00247996 0.00440311 0.00629771 -0.00192416 0.00388026 -0.000107393 -0.00161049 -0.00235944 -0.000492847 -0.0070413
internal_weight=16902 1473 1400 15429 71 15406 496 309 46 1329 1263 992 271 341 201 295 121 49 651 628 57 571 394 329 177 43 118 91 14910 1111 459 652 195 91 51 56 457 128 329 141 188 408 368 60 308 205 47 104 13799 447 64 383 339 250 193 57 167 13352 1136 998 575 145
internal_count=16902 1473 1400 15429 71 15406 496 309 46 1329 1263 992 271 341 201 295 121 49 651 628 57 571 394 329 177 43 118 91 14910 1111 459 652 195 91 51 56 457 128 329 141 188 408 368 60 308 205 47 104 13799 447 64 383 339 250 193 57 167 13352 1136 998 575 145
is_linear=0
shrinkage=0.05


Tree=72
num_leaves=63
num_cat=0
split_feature=15 16 16 17 3 6 13 13 2 13 15 7 3 13 13 2 16 2 16 3 2 13 2 1 7 5 13 11 13 13 9 5 2 2 2 2 2 2 1 3 9 2 2 13 3 3 2 13 5 16 13 5 13 7 11 13 2 7 13 2 16 3
split_gain=4.32975 2.96515 2.35887 2.29292 1.68704 1.35555 1.55434 2.9393 2.95153 1.91947 2.65676 2.1538 3.23496 2.97079 3.01447 2.65583 1.85003 1.94438 1.7883 2.03323 2.00182 1.74667 1.716 3.16719 2.35018 1.7096 2.91248 5.58482 1.79434 1.86892 1.82389 1.62344 1.59769 2.88952 1.46113 1.4556 1.86686 1.43453 2.3411 1.48573 1.42333 2.26026 2.93511 2.79948 1.42033 3.42462 2.81925 4.18353 1.93375 1.88217 1.7932 1.53604 1.52544 2.93484 1.40682 2.28138 2.54282 2.4595 3.14534 1.7777 1.63265 1.5565
threshold=2.5000000000000004 7.2413914549653464 -10.909495509114473 3.1233663438097019 7442.0000000000009 244124.50000000003 261.00000000000006 99.500000000000014 2364436.0000000005 38.500000000000007 1.5000000000000002 1.0950000000000004 34870.500000000007 41.500000000000007 44.500000000000007 2903012.5000000005 -10.909495509114473 2251942.0000000005 1.7187500000000002 6197.0000000000009 2434143.0000000005 41.500000000000007 2891541.5000000005 1.0000000180025095e-35 1.0175000000000003 3.5000000000000004 226.50000000000003 2.5000000000000004 113.50000000000001 251.50000000000003 1.5000000000000002 1.5000000000000002 19752874.500000004 18893806.500000004 12016351.500000002 2574093.5000000005 2641871.0000000005 5117485.0000000009 1.0000000180025095e-35 5022.0000000000009 3.5000000000000004 22110314.500000004 13098194.500000002 504.50000000000006 86996.000000000015 106085.50000000001 1780048.0000000002 117.50000000000001 1.0000000180025095e-35 3.7336412625096203 119.50000000000001 1.0000000180025095e-35 196.50000000000003 0.87585000000000013 1.5000000000000002 519.50000000000011 104633.00000000001 0.85415000000000008 1036.0000000000002 555829.00000000012 -0.15396458814472672 8856.0000000000018
decision_type=2 2 2 2 2 2 2 2 2 2 2 2 2 2 2 2 2 2 2 2 2 2 2 2 2 2 2 2 2 2 2 2 2 2 2 2 2 2 2 2 2 2 2 2 2 2 2 2 2 2 2 2 2 2 2 2 2 2 2 2 2 2
left_child=3 2 4 5 -2 6 7 8 16 10 22 12 18 -14 15 -15 -1 -18 19 32 -21 -19 23 -10 37 28 27 -27 30 44 -9 -32 33 -11 -13 -22 -37 39 -39 -24 54 42 43 -42 46 -46 50 51 -47 -50 -30 -48 53 -52 59 56 -56 -57 -59 -8 -58 -61
right_child=1 -3 -4 -5 -6 -7 40 25 9 11 -12 34 13 14 -16 -17 17 21 -20 20 35 -23 24 -25 -26 26 -28 -29 29 -31 31 -33 -34 -35 -36 36 -38 38 -40 -41 41 -43 -44 -45 45 48 47 -49 49 -51 52 -53 -54 -55 55 57 60 58 -60 61 -62 -63
leaf_value=0.012018776006724859 0 0.012471216327922289 0.0016434494725146012 0.015540650853427589 0.016334359167751677 -0.002792977950464565 0.007830189950361055 -0.0096939873071446095 0.0178272605621577 -0.00018087689829277153 -0.01221386312854205 -0.0097799868074429745 0.019780630610920304 -0.0015413759585566188 0.00095013025189952932 -0.025767278726865996 -0.00047551930296243052 -0.0034473392982084759 -0.0081852115861985875 0.020180077637435151 -0.0035762736490975336 -0.016011738780642226 -0.0016951838533588413 0 0.0079103247582939015 -0.0042589938819610129 0.003706889199387563 -0.033398626189985313 -0.012051682234234154 -0.0073367084786067592 5.7057701830984136e-05 -0.0072180237191227766 -0.011303196188348991 0.011531287783085655 -0.00029865762572053628 0.018768468187298885 0.0059136592879288075 -0.0055272744856382705 0.0051543609790650992 -0.011509504802430853 0.0044032874411784181 0.011126777072465829 -0.0087295624892420702 -0.0012021630383517762 0.0061043774137244586 0.011718502264713573 0.0035698745603290056 -0.0033711827983025269 -0.00076896706224403172 0.01104427242454939 0.019645598819983484 0.018539725701914603 0.0004919743329081294 0.0025640039831141053 -0.016479429679225274 -0.015092116725757691 0.014433033907072464 0.014493574303199802 -0.006525013805444577 -0.0011940404701096868 -5.1893560351036248e-05 0.0022014830439830886
leaf_weight=28 23 73 1329 23 48 496 90 111 35 218 49 49 20 27 1004 20 2766 219 26 26 37 32 78 87 56 59 41 23 21 108 234 113 22 69 243 30 601 105 100 79 619 68 63 346 213 32 58 1422 2694 34 35 25 234 92 23 58 20 22 90 648 586 702
leaf_count=28 23 73 1329 23 48 496 90 111 35 218 49 49 20 27 1004 20 2766 219 26 26 37 32 78 87 56 59 41 23 21 108 234 113 22 69 243 30 601 105 100 79 619 68 63 346 213 32 58 1422 2694 34 35 25 234 92 23 58 20 22 90 648 586 702
internal_value=4.96261e-05 0.00263977 0.0021227 -0.000197345 0.0110083 -0.000221266 -0.000135361 -0.000409675 0.000354261 0.00147318 -0.0010779 0.00210347 0.00266392 0.000734687 0.000365648 -0.0119892 -0.000739514 -0.000859972 0.00466678 0.0050057 0.00651009 -0.00507483 -5.60876e-05 0.00514905 -0.00158812 -0.00124017 -0.00707442 -0.0125239 -0.00110687 -0.000829487 -0.00410391 -0.00229905 0.00160971 0.00262056 -0.00190962 0.0059676 0.00653562 -0.00307308 -0.00029237 -0.00666961 0.0008152 0.00229167 0.00170136 0.00238836 -0.000683705 -1.02846e-06 -0.00175657 -0.00273165 -0.000474222 -0.000619502 0.00207167 0.00815592 0.00291021 0.00732262 9.01569e-05 -0.00158983 -0.000192315 -0.00672809 -0.00234251 0.00102583 0.00042021 0.000567961
internal_weight=16902 1473 1400 15429 71 15406 14910 11575 6026 2981 589 2392 2100 1071 1051 47 3045 3017 1029 1003 694 251 540 122 418 5549 123 82 5426 4968 458 347 309 287 292 668 631 362 205 157 3335 1096 1028 965 4860 2973 1887 1505 2760 2728 382 83 361 127 2239 799 629 170 112 1440 606 1350
internal_count=16902 1473 1400 15429 71 15406 14910 11575 6026 2981 589 2392 2100 1071 1051 47 3045 3017 1029 1003 694 251 540 122 418 5549 123 82 5426 4968 458 347 309 287 292 668 631 362 205 157 3335 1096 1028 965 4860 2973 1887 1505 2760 2728 382 83 361 127 2239 799 629 170 112 1440 606 1350
is_linear=0
shrinkage=0.05


Tree=73
num_leaves=63
num_cat=0
split_feature=15 17 17 6 13 13 5 7 13 5 9 3 8 7 1 7 9 13 3 11 3 13 3 17 11 9 13 8 3 3 7 13 7 7 9 13 13 5 9 7 13 7 11 4 3 5 8 8 7 6 4 9 7 8 17 7 7 7 13 4 3 4
split_gain=3.90869 2.07034 1.59246 1.22333 1.40254 2.65157 2.11133 3.24398 1.95473 1.54791 4.75458 3.97612 3.28449 3.25556 2.28862 2.29593 1.9733 2.87573 1.7516 1.73453 1.46847 1.46514 1.41452 1.34632 1.41729 1.28443 1.54626 1.38623 2.96563 6.7629 2.40381 1.72494 1.55978 2.09029 1.73589 1.40215 2.82079 2.04944 1.27246 1.25089 2.67149 1.94903 5.32062 2.14097 1.88862 2.51872 2.20714 1.72752 2.46004 1.69298 1.64331 1.48382 1.46134 1.25009 1.24896 1.3681 2.15998 1.70638 1.24333 1.21722 1.18037 1.16673
threshold=2.5000000000000004 3.1233663438097019 3.6762205501217919 244124.50000000003 261.00000000000006 99.500000000000014 1.5000000000000002 0.92250000000000021 92.500000000000014 1.5000000000000002 2.5000000000000004 165385.50000000003 266.50000000000006 0.77890000000000015 1.0000000180025095e-35 0.90165000000000017 2.5000000000000004 113.50000000000001 143784.50000000003 1.5000000000000002 503365.50000000006 251.50000000000003 496372.50000000006 0.19267617760431552 3.5000000000000004 3.5000000000000004 504.50000000000006 49.500000000000007 8856.0000000000018 13384.000000000002 0.83875000000000011 1036.0000000000002 0.88800000000000012 0.94915000000000005 2.5000000000000004 403.00000000000006 427.50000000000006 2.5000000000000004 2.5000000000000004 0.9275000000000001 40.500000000000007 0.97800000000000009 2.5000000000000004 1.0000000180025095e-35 45926.000000000007 1.0000000180025095e-35 27.500000000000004 25.500000000000004 0.82750000000000001 178126.50000000003 1.0000000180025095e-35 1.0000000180025095e-35 0.81900000000000006 7.5000000000000009 -0.262364264467491 0.78250000000000008 0.73835000000000017 0.87585000000000013 47.500000000000007 1.0000000180025095e-35 25531.000000000004 1.0000000180025095e-35
decision_type=2 2 2 2 2 2 2 2 2 2 2 2 2 2 2 2 2 2 2 2 2 2 2 2 2 2 2 2 2 2 2 2 2 2 2 2 2 2 2 2 2 2 2 2 2 2 2 2 2 2 2 2 2 2 2 2 2 2 2 2 2 2
left_child=1 3 -2 4 5 6 8 38 23 16 13 14 -13 -11 18 -16 17 19 -12 -7 -21 53 -18 39 60 27 -27 28 61 30 -30 35 34 -34 -31 37 -37 -29 -8 40 -1 42 43 -41 46 -46 47 49 -49 54 -44 -47 -48 -19 -42 56 -56 -57 -53 -54 -25 -6
right_child=2 -3 -4 -5 25 9 7 -9 -10 10 11 12 -14 -15 15 -17 22 21 -20 20 -22 -23 -24 24 -26 26 -28 31 29 32 -32 -33 33 -35 -36 36 -38 -39 -40 41 44 -43 50 -45 45 51 52 48 -50 -51 -52 58 59 -55 55 57 -58 -59 -60 -61 -62 -63
leaf_value=-0.0008704182420885857 0.002310592387391969 0.014766982036090387 0.016526888911403827 -0.002653357236429477 -0.002810763252627517 -0.0030369218906922887 -0.0058135275395564097 0.0055747049578029617 0.0041133807505017543 -0.016165591300275811 -0.0012148200245363362 -0.02763551956335247 -0.0084448213962239078 0.0027297831402041889 -0.0034527302462511889 -0.012866157078624242 0.001408153973167162 0.003632364816609627 0.012209353671173684 -0.020445294569766105 -0.0068183579657897526 -0.0084478784342105883 -0.0024004355221316442 -0.0045940617307512572 -0.014138585738713955 0.0035593702408044138 -0.00036349194736194065 -0.0014441755710634455 0.033278772103383925 0.00060794191404799937 0.012521200780625458 -0.007183624625164641 0.01922515679568176 0.0031681116086828749 -0.014173992678319734 0.01598876791281403 0.00024789477283944361 -0.012443301149667192 0.0008856827053705604 -0.0229639332260686 0.014056865361120875 -0.00067873840115534811 0.0098025393374068688 -0.0051478697460979961 0.011320231163739564 0.0099601214929702763 0.0039016240147937992 0.00059853934195249598 -0.017735550874898295 -0.001758873884196463 -0.0044909486030571327 -0.010583247844207591 0.023005250585514031 -0.0011812430033005261 0.0048012410555739998 -0.006286455460047094 0.018800214115316415 0.0032737196134443505 -0.001548593632878989 0.0079945389501417628 0.0042580977195111353 0.0012621271011593171
leaf_weight=1749 1453 23 20 496 341 97 89 449 267 24 349 26 170 406 247 89 1286 143 26 37 46 66 300 156 30 711 385 371 21 192 46 108 24 137 22 30 538 48 344 46 31 1259 38 28 40 25 55 74 24 143 42 43 28 2237 179 53 33 371 352 29 49 361
leaf_count=1749 1453 23 20 496 341 97 89 449 267 24 349 26 170 406 247 89 1286 143 26 37 46 66 300 156 30 711 385 371 21 192 46 108 24 137 22 30 538 48 344 46 31 1259 38 28 40 25 55 74 24 143 42 43 28 2237 179 53 33 371 352 29 49 361
internal_value=4.71317e-05 -0.000187508 0.00250812 -0.000210255 -0.000128629 -0.000389218 0.000336331 0.00259651 -5.02742e-05 -0.00117803 -0.00266154 -0.00471583 -0.0110288 0.00166002 -0.0029672 -0.00596413 -0.000705883 -0.00154751 -0.000267741 -0.00764982 -0.0129705 -0.0010961 0.000684482 -0.000279326 -0.00397121 0.000774298 0.00217689 8.54249e-05 0.00130463 0.00451397 0.0191417 -0.00118378 0.00188274 0.00560319 -0.000894253 -0.00052153 0.00109075 -0.00271882 -0.000480771 -9.12663e-05 0.000450533 -0.00133287 -0.00664429 -0.0163062 0.00201491 -0.000635639 0.0032151 0.00239033 -0.00385398 0.00315236 0.0022398 -0.00178862 0.00984896 -0.000889781 0.0042129 0.00372309 0.00701174 0.00206571 -0.0025472 0.0154832 -0.00245276 -0.000709297
internal_weight=16902 15429 1473 15406 14910 11575 6026 882 5144 5549 1337 907 196 430 711 336 4212 2626 375 180 83 2446 1586 4877 235 3335 1096 2239 1144 442 67 1095 375 161 214 987 568 419 433 4642 3229 1413 154 74 1480 460 1020 908 98 810 80 420 112 2380 667 636 212 424 395 57 205 702
internal_count=16902 15429 1473 15406 14910 11575 6026 882 5144 5549 1337 907 196 430 711 336 4212 2626 375 180 83 2446 1586 4877 235 3335 1096 2239 1144 442 67 1095 375 161 214 987 568 419 433 4642 3229 1413 154 74 1480 460 1020 908 98 810 80 420 112 2380 667 636 212 424 395 57 205 702
is_linear=0
shrinkage=0.05


Tree=74
num_leaves=63
num_cat=0
split_feature=17 16 0 3 16 17 17 4 1 2 17 17 10 6 0 0 2 2 0 0 0 0 2 16 16 0 10 0 0 0 0 0 2 2 9 3 17 16 16 16 0 10 0 16 3 16 0 0 3 0 4 2 11 2 17 11 9 17 16 16 10 16
split_gain=3.59793 3.45154 3.20584 2.1917 1.87494 3.10012 1.89923 1.78375 1.72973 2.12355 1.62113 1.11195 1.10701 1.02679 2.46793 1.5349 1.38371 2.41349 2.62774 1.43253 2.80834 1.15478 1.81036 1.13348 1.15483 2.34825 1.00446 0.974653 4.96652 2.29767 0.99884 0.949658 0.920772 1.01195 0.898299 1.45933 0.891825 4.16481 3.62866 2.30484 1.73105 1.72218 1.42863 1.34034 1.18565 1.43976 1.18301 1.00311 0.961523 1.34962 0.931932 0.844098 1.44011 0.833792 0.841548 0.848659 0.8 0.787295 2.38235 1.51656 1.37309 1.34072
threshold=2.1578449036225238 -10.909495509114473 1067102.5000000002 5895.5000000000009 4.3343861794140306 0.36682952473842328 1.7088633418066834 1.0000000180025095e-35 1.0000000180025095e-35 4248149.5000000009 1.2227239065237265 1.4227101850169495 24.500000000000004 244124.50000000003 276832.00000000006 841898.00000000012 5836386.5000000009 5379906.0000000009 176396.00000000003 48983.500000000007 13591.500000000002 1001865.5000000001 1802120.0000000002 -2.0034160414212967 -7.1369690121486622 198499.50000000003 38.500000000000007 392675.50000000006 419519.50000000006 361437.50000000006 440858.00000000006 93862.000000000015 1701929.0000000002 4876755.0000000009 1.5000000000000002 24408.500000000004 -0.43467827590503288 -0.20149289300208026 0.23094688221709039 -1.0000000180025095e-35 8731.0000000000018 21.500000000000004 31871.000000000004 -0.24600862223246212 145219.00000000003 -0.61627955498901577 115679.50000000001 22100.500000000004 1586489.5000000002 128739.50000000001 1.0000000180025095e-35 3240039.0000000005 1.0000000180025095e-35 13098194.500000002 -0.69314718055994518 5.5000000000000009 9.5000000000000018 0.14990696851015037 0.36566589684372602 0.094965439259465559 35.500000000000007 1.0000000180025095e-35
decision_type=2 2 2 2 2 2 2 2 2 2 2 2 2 2 2 2 2 2 2 2 2 2 2 2 2 2 2 2 2 2 2 2 2 2 2 2 2 2 2 2 2 2 2 2 2 2 2 2 2 2 2 2 2 2 2 2 2 2 2 2 2 2
left_child=1 2 3 -1 13 -6 10 -2 9 -9 34 -12 -5 23 16 27 17 18 19 20 -15 -17 -23 24 25 -3 -13 29 -29 -16 -30 -21 -14 -34 -7 -36 38 40 43 41 -38 -39 -42 -25 46 -46 -44 -40 56 -50 -45 52 -49 54 -26 -56 57 58 61 60 -59 -41
right_child=7 4 -4 12 5 6 -8 8 -10 -11 11 26 32 14 15 21 -18 -19 -20 31 -22 22 -24 36 53 -27 -28 28 30 -31 -32 -33 33 -35 35 -37 37 39 47 48 42 -43 44 50 45 -47 -48 51 49 -51 -52 -53 -54 -55 55 -57 -58 59 -60 -61 -62 -63
leaf_value=-0.0074966790558848168 0.0020935906616701711 0.0040791585558236565 0.024748813937422377 0.015705909740266411 0.0232881119613772 0.0085984900465299347 -0.0066047991341273817 -0.0004387005451409256 0.020968637411733049 0.018319791947255738 0.021288467309002149 0.01461571317527499 -0.0048155330230403156 -0.015585084984839149 0.0034158055828029409 -0.012391740403785385 -0.014381988490921366 0.010894869065662316 0.0081184765903657887 -0.023926863855242859 0.0049514594848357862 0.0082207562683607547 -0.0098796524856638208 -0.003149813909288729 0.0011994781543529867 -0.013908282190907834 -0.0008083459320897458 0.025809406928130704 -0.0079226725508432932 -0.01474789793900682 0.0032581724747860353 -0.0097105716020399156 0.013029754834093977 0.0013307590971288778 -0.011743611232396142 0.0039919690955682336 0.021273755634305488 0.00077387277440280674 0.014285164866667827 2.959618475502375e-06 -0.0064414955834500593 -0.011079549206715347 0.017959735109921424 -0.004356244940706004 -0.009403343957881281 0.0090827723088509893 0.0063914868882664639 0.0070834162750395176 0.00085687608799446232 -0.016637201967397573 -0.016467959526668293 0.0079048381556594185 -0.01092105739290628 0.01100311942419187 0.0041835444515957929 0.016215700787302126 -0.0086929565426168403 0.00019938116429618039 0.0081114018192454309 -0.00096144120639113427 -0.015511842382981568 -0.0050972683559945692
leaf_weight=31 103 45 22 30 20 26 43 39 33 24 20 20 20 32 62 34 45 22 24 23 34 28 27 331 214 30 21 24 25 24 96 28 37 39 25 35 20 47 26 13264 21 84 34 31 20 22 70 22 22 21 36 44 22 36 62 20 27 22 90 938 35 130
leaf_count=31 103 45 22 30 20 26 43 39 33 24 20 20 20 32 62 34 45 22 24 23 34 28 27 331 214 30 21 24 25 24 96 28 37 39 25 35 20 47 26 13264 21 84 34 31 20 22 70 22 22 21 36 44 22 36 62 20 27 22 90 938 35 130
internal_value=4.47503e-05 -3.45978e-05 0.00686876 0.00431729 -0.000109724 0.00458266 0.00257614 0.00672659 0.011638 0.00664586 0.00529838 0.0115322 0.00726719 -0.00017046 -0.00233961 0.000401942 -0.00657958 -0.00438738 -0.00681332 -0.00992326 -0.00493852 -0.00515481 -0.000575959 -9.75765e-05 0.00250574 -0.00305818 0.00661119 0.00256579 0.00507414 -0.0016063 0.000902158 -0.016254 0.00456446 0.00710166 0.000810384 -0.00248996 -0.000166813 -9.57952e-05 -0.00221879 -0.000190603 0.0073163 -0.00679131 0.00560309 -0.00447846 0.00737298 0.000159669 0.0102351 0.00562344 -0.00013078 -0.00758951 -0.0109534 0.00299423 -0.00180979 0.00377824 0.00287924 0.00719529 -0.000108274 -9.18599e-05 7.93078e-06 -0.00144909 -0.00937057 -4.62068e-05
internal_weight=16902 16703 179 157 16524 210 190 199 96 63 147 61 126 16314 528 320 208 163 141 117 66 89 55 15786 407 75 41 231 145 86 121 51 96 76 86 60 15379 14867 512 14680 187 131 167 398 146 42 104 114 14549 43 67 88 44 332 296 82 14506 14479 13484 995 57 13394
internal_count=16902 16703 179 157 16524 210 190 199 96 63 147 61 126 16314 528 320 208 163 141 117 66 89 55 15786 407 75 41 231 145 86 121 51 96 76 86 60 15379 14867 512 14680 187 131 167 398 146 42 104 114 14549 43 67 88 44 332 296 82 14506 14479 13484 995 57 13394
is_linear=0
shrinkage=0.05


Tree=75
num_leaves=63
num_cat=0
split_feature=15 17 0 2 2 12 17 13 0 0 0 0 2 2 2 0 2 13 7 1 0 17 10 8 17 17 2 0 10 10 1 13 0 0 13 0 0 0 0 11 0 7 0 0 10 8 8 0 7 0 11 2 0 0 0 13 7 11 8 10 7 0
split_gain=4.16011 1.97608 2.17784 2.31362 2.13774 1.64453 1.63347 1.37498 2.10125 8.94245 4.26803 2.78954 2.35198 3.29451 3.26676 2.75355 2.22524 2.09988 1.97497 1.87057 1.63846 1.3099 1.30303 2.75807 2.15566 1.38494 1.24958 1.24893 1.20268 6.56866 2.65933 1.88497 5.27628 3.18848 1.72442 4.16219 1.87887 4.41633 5.9067 4.98028 3.90752 2.23588 2.18523 3.30107 3.9038 2.84187 2.46891 2.10065 3.36183 3.48559 3.31668 3.31411 2.23573 2.7988 2.5933 2.23042 2.9337 2.07233 1.93936 3.3819 1.86438 1.8631
threshold=4.5000000000000009 -1.8633098910483914 188246.00000000003 3348635.0000000005 1842533.0000000002 1.0000000180025095e-35 -0.71562003641200411 21.500000000000004 10746.500000000002 14725.000000000002 6348.0000000000009 16761.000000000004 1924291.0000000002 1618342.0000000002 7311620.0000000009 28853.500000000004 2891541.5000000005 14.500000000000002 0.91900000000000015 1.0000000180025095e-35 26589.500000000004 -0.54755482905845365 108.50000000000001 86.000000000000014 0.32605331534483933 1.1885719207792216 2296347.5000000005 56446.000000000007 10.500000000000002 9.5000000000000018 1.0000000180025095e-35 672.50000000000011 5950.0000000000009 3310.5000000000005 203.50000000000003 1626860.0000000002 57174.000000000007 31871.000000000004 23913.000000000004 18.500000000000004 22100.500000000004 0.83875000000000011 35256.500000000007 48983.500000000007 66.500000000000014 108.50000000000001 146.00000000000003 88201.500000000015 0.90585000000000016 62961.000000000007 18.500000000000004 445744.50000000006 81005.500000000015 63998.000000000007 73229.500000000015 323.50000000000006 0.94915000000000005 1.5000000000000002 32.500000000000007 35.500000000000007 0.88550000000000006 26589.500000000004
decision_type=2 2 2 2 2 2 2 2 2 2 2 2 2 2 2 2 2 2 2 2 2 2 2 2 2 2 2 2 2 2 2 2 2 2 2 2 2 2 2 2 2 2 2 2 2 2 2 2 2 2 2 2 2 2 2 2 2 2 2 2 2 2
left_child=1 2 4 -4 -1 7 -2 8 10 -10 18 -11 13 20 15 -14 17 -17 19 -3 -13 -8 23 24 26 -24 -23 -7 29 -9 -31 34 33 -33 -30 36 37 38 40 41 58 -39 -43 45 -45 -44 -47 48 50 -50 52 -49 53 -38 -55 56 -51 -40 -36 -60 -41 -59
right_child=6 5 3 -5 -6 27 21 28 9 11 -12 12 14 -15 -16 16 -18 -19 -20 -21 -22 22 25 -25 -26 -27 -28 -29 31 30 -32 32 -34 -35 35 -37 47 39 57 60 -42 42 43 44 -46 46 -48 51 49 55 -52 -53 -54 54 -56 -57 -58 61 59 -61 -62 -63
leaf_value=0.022496508071520205 -0.00052987290590611545 -0.01845910998671876 -0.010054728291888604 0.0073599043919596492 0.0055582538854261699 -0.018206374126810969 0.018507348298470474 0.00063394906055431891 -0.025599461574267908 0.016268403805903536 0.015676162940135348 -0.013796593635170549 0.017848999879413074 -0.023826321279751015 -0.01395114804256292 -0.0010853115568879126 -0.0090594148189828277 0.020094817165118545 0.010286367281176751 -0.0013722792773427602 -0.0019354651042598099 -0.010310342314745889 0.004752317900626548 0.019832434970634485 0.0084983474783656282 -0.007214519779657258 0.0028520138950916727 -0.0014759336778395558 -0.00048936774162833762 0.03296466242716211 0.0082240687072648051 -0.0079434321965674883 -0.0015341725003980694 -0.033837016967509813 0.0076920517998302351 -0.01994213748634387 -0.0094734131707496089 0.014679760233916801 -0.00077835412342077185 -0.020143427638010393 0.017531941865020412 0.014661519270806346 -0.0059389418747939947 -7.2352908749336972e-05 0.023148274957921329 0.013661959189406096 -0.00070578405775591831 0.015871124310708178 0.0027511908888385563 -0.024750077809582202 0.018668888062547847 0.00037257015484080892 -0.013752888845875092 0.01559904171220268 -0.0027092246696926079 -0.024007726350399664 -0.0038268440496049085 -0.020230692597175776 -0.012565126185105416 0.0014653592304012864 -0.00011589931001082556 -0.0069323384898987072
leaf_weight=26 126 24 37 39 70 22 20 2077 44 20 44 35 34 23 25 27 33 20 21 50 181 27 69 37 157 37 53 24 8728 21 24 31 646 20 109 24 37 96 77 21 40 60 88 31 42 55 64 35 50 22 24 2085 29 42 35 33 73 40 46 623 27 83
leaf_count=26 126 24 37 39 70 22 20 2077 44 20 44 35 34 23 25 27 33 20 21 50 181 27 69 37 157 37 53 24 8728 21 24 31 646 20 109 24 37 96 77 21 40 60 88 31 42 55 64 35 50 22 24 2085 29 42 35 33 73 40 46 623 27 83
internal_value=2.15101e-05 -0.000119121 0.00520938 -0.00105464 0.0102164 -0.000176159 0.00439805 -0.000148872 -0.002537 -0.00422755 0.00280191 -0.00184643 -0.00282216 -0.00583505 0.00232282 0.00594459 0.000806832 0.00784488 -0.00311854 -0.00699886 -0.00388604 0.00596258 0.00528448 0.00710655 0.00509119 0.000525226 -0.00153519 -0.00960804 -5.92374e-05 0.00104638 0.019928 -0.000234492 -0.00276631 -0.018242 -9.53348e-05 0.000765122 0.000892159 0.00228615 0.000411264 0.00621838 0.00229929 0.00790756 0.00597695 0.00409355 0.0132325 0.000841682 0.00589868 4.06701e-05 -0.00357481 -0.00835789 0.00149535 0.000631537 -0.00136301 0.00175427 0.00721953 -0.0127352 -0.00874573 -0.00728305 0.00150754 0.000491426 -0.00900555 -0.0113105
internal_weight=16863 16337 172 76 96 16165 526 16119 581 442 139 398 378 239 139 114 80 47 95 74 216 400 380 274 237 106 80 46 15538 2122 45 13416 697 51 12719 3991 3967 1502 1018 484 818 436 340 280 73 207 119 2465 345 178 167 2120 143 114 77 128 95 200 778 669 48 123
internal_count=16863 16337 172 76 96 16165 526 16119 581 442 139 398 378 239 139 114 80 47 95 74 216 400 380 274 237 106 80 46 15538 2122 45 13416 697 51 12719 3991 3967 1502 1018 484 818 436 340 280 73 207 119 2465 345 178 167 2120 143 114 77 128 95 200 778 669 48 123
is_linear=0
shrinkage=0.05


end of trees

feature_importances:
dist_to_nearest_tss=840
growth_rate=703
abundance_fold_change=546
dist_to_nearest_cancer_tss=496
ot_disease_count=355
n_samples_detected=318
gene_length=304
cpg_mean_obs_exp=292
encode_enhancer_count=238
encode_ccre_count=184
encode_promoter_count=115
encode_ctcf_count=111
in_repeat=62
cpg_island_count=59
cpg_nearest_dist=47
in_gene_body=41
ot_cancer_hallmark_count=1

parameters:
[boosting: gbdt]
[objective: regression]
[metric: rmse]
[tree_learner: serial]
[device_type: cpu]
[data_sample_strategy: bagging]
[data: ]
[valid: ]
[num_iterations: 1000]
[learning_rate: 0.05]
[num_leaves: 63]
[num_threads: 0]
[seed: 42]
[deterministic: 0]
[force_col_wise: 0]
[force_row_wise: 0]
[histogram_pool_size: -1]
[max_depth: -1]
[min_data_in_leaf: 20]
[min_sum_hessian_in_leaf: 0.001]
[bagging_fraction: 0.8]
[pos_bagging_fraction: 1]
[neg_bagging_fraction: 1]
[bagging_freq: 5]
[bagging_seed: 400]
[bagging_by_query: 0]
[feature_fraction: 0.8]
[feature_fraction_bynode: 1]
[feature_fraction_seed: 30056]
[extra_trees: 0]
[extra_seed: 12879]
[early_stopping_round: 0]
[early_stopping_min_delta: 0]
[first_metric_only: 0]
[max_delta_step: 0]
[lambda_l1: 0.1]
[lambda_l2: 0.1]
[linear_lambda: 0]
[min_gain_to_split: 0]
[drop_rate: 0.1]
[max_drop: 50]
[skip_drop: 0.5]
[xgboost_dart_mode: 0]
[uniform_drop: 0]
[drop_seed: 17869]
[top_rate: 0.2]
[other_rate: 0.1]
[min_data_per_group: 100]
[max_cat_threshold: 32]
[cat_l2: 10]
[cat_smooth: 10]
[max_cat_to_onehot: 4]
[top_k: 20]
[monotone_constraints: ]
[monotone_constraints_method: basic]
[monotone_penalty: 0]
[feature_contri: ]
[forcedsplits_filename: ]
[refit_decay_rate: 0.9]
[cegb_tradeoff: 1]
[cegb_penalty_split: 0]
[cegb_penalty_feature_lazy: ]
[cegb_penalty_feature_coupled: ]
[path_smooth: 0]
[interaction_constraints: ]
[verbosity: -1]
[saved_feature_importance_type: 0]
[use_quantized_grad: 0]
[num_grad_quant_bins: 4]
[quant_train_renew_leaf: 0]
[stochastic_rounding: 1]
[linear_tree: 0]
[max_bin: 255]
[max_bin_by_feature: ]
[min_data_in_bin: 3]
[bin_construct_sample_cnt: 200000]
[data_random_seed: 175]
[is_enable_sparse: 1]
[enable_bundle: 1]
[use_missing: 1]
[zero_as_missing: 0]
[feature_pre_filter: 1]
[pre_partition: 0]
[two_round: 0]
[header: 0]
[label_column: ]
[weight_column: ]
[group_column: ]
[ignore_column: ]
[categorical_feature: ]
[forcedbins_filename: ]
[precise_float_parser: 0]
[parser_config_file: ]
[objective_seed: 16083]
[num_class: 1]
[is_unbalance: 0]
[scale_pos_weight: 1]
[sigmoid: 1]
[boost_from_average: 1]
[reg_sqrt: 0]
[alpha: 0.9]
[fair_c: 1]
[poisson_max_delta_step: 0.7]
[tweedie_variance_power: 1.5]
[lambdarank_truncation_level: 30]
[lambdarank_norm: 1]
[label_gain: ]
[lambdarank_position_bias_regularization: 0]
[eval_at: ]
[multi_error_top_k: 1]
[auc_mu_weights: ]
[num_machines: 1]
[local_listen_port: 12400]
[time_out: 120]
[machine_list_filename: ]
[machines: ]
[gpu_platform_id: -1]
[gpu_device_id: -1]
[gpu_use_dp: 0]
[num_gpu: 1]

end of parameters

pandas_categorical:null
