gene_id,gene_name,chrom,start,end,strand,cpg_island_count,cpg_nearest_dist,cpg_mean_obs_exp,encode_ccre_count,encode_promoter_count,encode_enhancer_count,encode_ctcf_count,ot_cancer_hallmark_count,ot_disease_count,ot_is_cancer_driver,tcell_h3k27ac_count,tcell_atac_count,replication_timing
ENSG00000176695,OR4F17,chr19,107104,117102,1,0,35760,,0,0,0,0,0.0,4.0,0.0,0,0,67.4375
ENSG00000141934,PLPP2,chr19,278504,291403,-1,1,0,1.04,22,2,13,2,0.0,65.0,0.0,0,0,75.09664615384615
ENSG00000105556,MIER2,chr19,305573,344815,-1,5,0,0.82,61,1,44,0,0.0,32.0,0.0,1,0,71.40509
ENSG00000105549,SPMAP2,chr19,361747,376026,-1,2,0,0.865,24,2,16,3,0.0,170.0,0.0,0,0,71.21809333333334
ENSG00000183186,C2CD4C,chr19,405443,409147,-1,2,0,0.65,11,1,8,0,0.0,14.0,0.0,0,0,72.96692
ENSG00000129946,SHC2,chr19,416589,461100,-1,11,0,0.8382,77,1,45,2,0.0,106.0,0.0,0,0,74.91269555555556
ENSG00000181781,CIMAP1D,chr19,463346,474983,-1,1,0,0.7,20,2,5,2,0.0,38.0,0.0,0,0,76.82334615384615
ENSG00000099866,MADCAM1,chr19,489176,505343,1,4,0,0.775,35,3,24,1,0.0,295.0,0.0,1,0,78.55635882352942
ENSG00000141933,TPGS1,chr19,507497,519654,1,2,0,0.925,29,1,25,0,0.0,125.0,0.0,2,0,79.49628571428572
ENSG00000099804,CDC34,chr19,531721,542092,1,3,0,0.6933,22,2,14,1,0.0,151.0,0.0,1,0,80.6696
ENSG00000197540,GZMM,chr19,544034,549924,1,0,1366,,14,1,11,0,0.0,94.0,0.0,1,0,81.09705714285714
ENSG00000172270,BSG,chr19,571277,583498,1,4,0,0.765,33,6,27,0,0.0,831.0,0.0,1,0,82.06758461538462
ENSG00000099822,HCN2,chr19,589881,617159,1,6,0,0.8567,56,2,39,0,0.0,617.0,0.0,1,0,82.55000357142856
ENSG00000099821,POLRMT,chr19,617168,633572,-1,2,0,0.76,38,1,29,2,0.0,88.0,0.0,1,0,82.77489444444444
ENSG00000070388,FGF22,chr19,639879,644373,1,3,0,0.8233,10,1,9,0,0.0,55.0,0.0,0,0,82.86692000000001
ENSG00000070423,RNF126,chr19,647526,663233,-1,4,0,0.7525,35,1,32,0,0.0,70.0,0.0,1,0,82.903525
ENSG00000070404,FSTL3,chr19,676392,683392,1,3,0,0.8667,22,2,20,0,0.0,257.0,0.0,2,0,82.906875
ENSG00000185198,PRSS57,chr19,685546,695498,-1,1,0,0.7,19,1,11,0,0.0,59.0,0.0,0,0,82.88474
ENSG00000099864,PALM,chr19,708935,748329,1,7,0,0.7386,69,3,61,1,0.0,67.0,0.0,0,0,82.72924
ENSG00000099812,MISP,chr19,748404,764363,1,1,0,0.64,32,2,23,2,0.0,93.0,0.0,0,0,82.55694117647059
ENSG00000011304,PTBP1,chr19,797075,812327,1,5,0,0.786,45,6,39,0,0.0,686.0,0.0,3,0,82.25640625
ENSG00000129951,PLPPR3,chr19,812487,822619,-1,2,0,0.88,23,3,17,0,0.0,22.0,0.0,0,0,82.24150833333333
ENSG00000172232,AZU1,chr19,825097,832018,1,0,2634,,15,2,11,0,0.0,254.0,0.0,0,0,82.26418749999999
ENSG00000196415,PRTN3,chr19,840999,848175,1,3,0,0.7467,15,2,13,0,0.0,703.0,0.0,0,0,82.3582375
ENSG00000197561,ELANE,chr19,850951,856247,1,2,0,0.895,11,2,4,2,0.0,798.0,0.0,0,0,82.44093333333335
ENSG00000197766,CFD,chr19,859453,869490,1,4,0,0.865,29,1,26,0,0.0,411.0,0.0,0,0,82.56380909090909
ENSG00000175221,MED16,chr19,867630,893218,-1,6,0,0.8283,64,2,54,2,0.0,43.0,0.0,3,0,82.80542307692309
ENSG00000198858,R3HDM4,chr19,896503,913245,-1,4,0,0.6925,34,1,32,0,0.0,38.0,0.0,5,0,83.2159588235294
ENSG00000116014,KISS1R,chr19,917287,921005,1,1,0,0.76,13,2,11,0,0.0,590.0,0.0,3,0,83.44784
ENSG00000116017,ARID3A,chr19,924528,975939,1,9,0,0.7711,122,4,111,4,0.0,335.0,0.0,4,0,83.76521153846153
ENSG00000065268,WDR18,chr19,984294,998438,1,4,0,0.7575,32,1,31,0,0.0,27.0,0.0,2,0,83.75391999999998
ENSG00000116032,GRIN3B,chr19,1000419,1009732,1,4,0,0.775,23,1,18,0,0.0,199.0,0.0,0,0,83.61912727272727
ENSG00000182087,TMEM259,chr19,1009648,1021179,-1,3,0,0.9033,30,3,24,0,0.0,42.0,0.0,2,0,83.49150833333333
ENSG00000064666,CNN2,chr19,1026547,1039077,1,3,0,0.8967,27,2,24,0,0.0,159.0,0.0,4,0,83.25646153846152
ENSG00000064687,ABCA7,chr19,1039997,1065572,1,5,0,0.734,54,1,49,1,0.0,163.0,0.0,2,0,83.01130370370369
ENSG00000180448,ARHGAP45,chr19,1065923,1086642,1,5,0,0.79,53,5,48,0,0.0,231.0,0.0,5,0,82.83196818181818
ENSG00000099817,POLR2E,chr19,1085104,1095389,-1,2,0,0.865,26,2,24,0,0.0,67.0,0.0,2,0,82.80909090909091
ENSG00000167468,GPX4,chr19,1103982,1106791,1,1,0,0.66,10,1,9,0,0.0,835.0,0.0,1,0,82.8712
ENSG00000064932,SBNO2,chr19,1107636,1174295,-1,14,0,0.7257,150,2,141,2,0.0,166.0,0.0,4,0,83.28908059701493
ENSG00000118046,STK11,chr19,1177558,1228431,1,4,0,0.85,94,3,87,0,8.0,967.0,1.0,5,0,83.94089803921568
ENSG00000099625,CBARP,chr19,1228284,1239465,-1,4,0,0.7775,31,1,28,0,0.0,40.0,0.0,0,0,83.89780833333334
ENSG00000099624,ATP5F1D,chr19,1241746,1244825,1,1,0,0.92,8,1,7,0,0.0,69.0,0.0,1,0,83.79585
ENSG00000167470,MIDN,chr19,1248331,1259145,1,4,0,0.875,32,4,28,0,0.0,204.0,0.0,3,0,83.66122499999999
ENSG00000099622,CIRBP,chr19,1259384,1274880,1,3,0,0.8067,47,5,42,0,0.0,228.0,0.0,4,0,83.44797647058824
ENSG00000310576,FAM174C,chr19,1275530,1279244,1,1,0,0.93,11,2,9,0,0.0,11.0,0.0,1,0,83.2691
ENSG00000228300,FAM174C,chr19,1276021,1279244,1,1,0,0.93,10,1,9,0,0.0,8.0,0.0,1,0,83.2691
ENSG00000099617,EFNA2,chr19,1285873,1301431,1,5,0,0.796,38,1,23,1,0.0,78.0,0.0,0,0,82.99526875
ENSG00000160953,PWWP3A,chr19,1354293,1378434,1,6,0,0.8267,52,4,45,0,0.0,162.0,0.0,1,0,82.45459199999999
ENSG00000115286,NDUFS7,chr19,1383527,1395590,1,4,0,0.8075,23,3,20,0,0.0,210.0,0.0,1,0,82.65372307692307
ENSG00000130005,GAMT,chr19,1397026,1401570,-1,2,0,0.75,10,1,9,0,0.0,134.0,0.0,0,0,82.77378333333333
ENSG00000071626,DAZAP1,chr19,1407536,1435687,1,6,0,0.87,68,2,65,0,0.0,231.0,0.0,2,0,83.11515517241378
ENSG00000115268,RPS15,chr19,1438354,1440497,1,2,0,0.915,6,1,5,0,0.0,133.0,0.0,1,0,83.39356666666667
ENSG00000115266,APC2,chr19,1446302,1473244,1,5,0,0.834,72,3,68,0,0.0,148.0,0.0,0,0,83.72841785714286
ENSG00000119559,C19orf25,chr19,1461143,1479565,-1,3,0,0.8367,44,2,40,0,0.0,30.0,0.0,1,0,83.89755
ENSG00000115257,PCSK4,chr19,1481428,1490752,-1,4,0,0.7725,23,1,17,1,0.0,195.0,0.0,1,0,84.10593636363636
ENSG00000115255,REEP6,chr19,1491034,1497927,1,3,0,0.8333,16,1,14,0,0.0,172.0,0.0,0,0,84.19991250000001
ENSG00000185761,ADAMTSL5,chr19,1505022,1513604,-1,5,0,0.806,20,4,16,0,0.0,43.0,0.0,1,0,84.32370999999999
ENSG00000185988,PLK5,chr19,1508023,1536046,1,7,0,0.8,52,7,24,2,0.0,57.0,0.0,1,0,84.37459310344829
ENSG00000181588,MEX3D,chr19,1554672,1568325,-1,2,0,0.93,27,1,16,1,0.0,61.0,0.0,0,0,84.24812857142857
ENSG00000071655,MBD3,chr19,1573596,1592869,-1,5,0,0.804,44,3,41,0,0.0,97.0,0.0,1,0,83.889855
ENSG00000267059,,chr19,1578339,1605445,-1,6,0,0.8617,55,3,51,0,0.0,0.0,0.0,3,0,83.69495714285715
ENSG00000127540,UQCR11,chr19,1597154,1605500,-1,1,0,1.15,15,1,14,0,0.0,41.0,0.0,1,0,83.43129000000002
ENSG00000071564,TCF3,chr19,1609291,1652911,-1,9,0,0.7189,89,3,85,0,0.0,714.0,0.0,3,0,82.3594311111111
ENSG00000205922,ONECUT3,chr19,1753506,1780988,1,4,0,0.7975,60,1,47,0,0.0,34.0,0.0,0,0,79.99155
ENSG00000130270,ATP8B3,chr19,1782075,1812276,-1,4,0,0.7425,47,2,27,8,0.0,79.0,0.0,1,0,81.31058709677419
ENSG00000079313,REXO1,chr19,1815248,1848493,-1,6,0,0.7333,73,4,62,0,0.0,101.0,0.0,2,0,83.22727352941176
ENSG00000129911,KLF16,chr19,1852399,1863579,-1,5,0,0.778,32,4,28,0,0.0,90.0,0.0,3,0,84.54659999999998
ENSG00000129968,ABHD17A,chr19,1876810,1885618,-1,2,0,0.87,22,2,20,0,0.0,30.0,0.0,2,0,85.30725
ENSG00000227500,SCAMP4,chr19,1905214,1926013,1,7,0,0.7829,44,2,39,0,0.0,30.0,0.0,2,0,85.54355
ENSG00000213638,ADAT3,chr19,1905399,1913447,1,3,0,0.8433,23,1,22,0,0.0,34.0,0.0,1,0,85.58965555555555
ENSG00000133275,CSNK1G2,chr19,1941146,1981339,1,9,0,0.7733,77,2,70,0,0.0,161.0,0.0,3,0,84.43672682926828
ENSG00000133243,BTBD2,chr19,1985438,2034881,-1,6,0,0.84,79,2,71,2,0.0,42.0,0.0,2,0,82.63815098039215
ENSG00000099875,MKNK2,chr19,2037465,2061220,-1,5,0,0.824,64,2,62,0,0.0,106.0,0.0,6,0,81.62831200000001
ENSG00000172081,MOB3A,chr19,2071032,2096679,-1,4,0,0.8,55,4,51,0,0.0,30.0,0.0,4,0,81.49186666666667
ENSG00000099840,IZUMO4,chr19,2096429,2099593,1,1,0,0.8,10,3,7,0,0.0,22.0,0.0,2,0,81.61592
ENSG00000065000,AP3D1,chr19,2100982,2164468,-1,9,0,0.7967,118,2,100,2,0.0,280.0,0.0,4,0,82.2464453125
ENSG00000104885,DOT1L,chr19,2163933,2232578,1,10,0,0.882,134,2,127,1,0.0,261.0,0.0,4,0,83.02736857142855
ENSG00000104886,PLEKHJ1,chr19,2230084,2237704,-1,2,0,0.885,21,4,17,0,0.0,18.0,0.0,1,0,82.65941111111111
ENSG00000104897,SF3A2,chr19,2236823,2248672,1,2,0,0.855,33,2,31,0,0.0,65.0,0.0,1,0,82.38255384615384
ENSG00000104899,AMH,chr19,2249309,2252073,1,1,0,0.8,8,1,7,0,0.0,690.0,0.0,0,0,82.11410000000001
ENSG00000167476,JSRP1,chr19,2252074,2269759,-1,2,0,0.85,44,2,39,0,0.0,26.0,0.0,2,0,81.65777368421053
ENSG00000104904,OAZ1,chr19,2269509,2273492,1,2,0,0.835,13,1,12,0,0.0,62.0,0.0,2,0,81.1494
ENSG00000273734,,chr19,2269525,2341172,1,14,0,0.7843,152,5,140,2,0.0,0.0,0.0,4,0,79.06757638888888
ENSG00000188305,PEAK3,chr19,2274631,2282175,-1,2,0,0.77,18,1,17,0,0.0,17.0,0.0,0,0,80.7681375
ENSG00000220008,LINGO3,chr19,2287164,2308174,-1,4,0,0.81,41,2,39,0,0.0,36.0,0.0,1,0,79.61847727272726
ENSG00000130332,LSM7,chr19,2321520,2328612,-1,3,0,0.7867,16,1,11,1,0.0,36.0,0.0,1,0,77.7767875
ENSG00000005206,SPPL2B,chr19,2328613,2355095,1,8,0,0.8325,58,1,54,0,0.0,39.0,0.0,1,0,76.69853333333333
ENSG00000178297,TMPRSS9,chr19,2360238,2426261,1,2,0,0.705,87,1,57,5,0.0,33.0,0.0,1,0,73.95733880597015
ENSG00000099800,TIMM13,chr19,2425625,2427588,-1,1,0,0.72,6,1,5,0,0.0,63.0,0.0,1,0,72.66533333333332
ENSG00000176619,LMNB2,chr19,2427638,2456992,-1,7,0,0.8086,61,3,45,0,0.0,164.0,0.0,2,0,72.30292
ENSG00000099860,GADD45B,chr19,2476122,2478805,1,2,0,0.82,9,1,8,0,0.0,319.0,0.0,1,0,71.67762499999999
ENSG00000176533,GNG7,chr19,2511214,2702724,-1,16,0,0.7675,342,5,312,2,0.0,138.0,0.0,5,0,69.13753937823834
ENSG00000176490,DIRAS1,chr19,2714566,2721438,-1,2,0,0.825,18,3,12,0,0.0,91.0,0.0,0,0,68.59301428571429
ENSG00000267001,,chr19,2717769,2740048,-1,6,0,0.7583,52,5,38,2,0.0,0.0,0.0,1,0,68.9333347826087
ENSG00000141873,SLC39A3,chr19,2732204,2740070,-1,2,0,0.78,19,1,16,1,0.0,66.0,0.0,1,0,69.16377777777778
ENSG00000104969,SGTA,chr19,2754711,2783390,-1,6,0,0.8833,59,1,51,2,0.0,139.0,0.0,2,0,70.54112068965517
ENSG00000172009,THOP1,chr19,2785494,2815807,1,6,0,0.7483,76,2,65,0,0.0,128.0,0.0,1,0,72.11189375
ENSG00000172006,ZNF554,chr19,2819868,2836735,1,1,0,1.01,15,1,14,0,0.0,23.0,0.0,1,0,73.63292777777777
ENSG00000186300,ZNF555,chr19,2841437,2860471,1,2,0,0.84,23,2,15,0,0.0,21.0,0.0,1,0,74.92018999999999
ENSG00000172000,ZNF556,chr19,2867335,2883445,1,0,5486,,9,2,4,1,0.0,18.0,0.0,0,0,76.45838235294117
ENSG00000171970,ZNF57,chr19,2900914,2919102,1,1,0,0.92,22,1,19,0,0.0,41.0,0.0,0,0,78.77824210526315
ENSG00000175691,ZNF77,chr19,2933218,2944971,-1,1,0,0.84,6,1,5,0,0.0,119.0,0.0,1,0,80.65077692307692
ENSG00000104953,TLE6,chr19,2977538,2995179,1,1,0,0.83,26,1,15,2,0.0,55.0,0.0,0,0,83.01021666666668
ENSG00000065717,TLE2,chr19,2997639,3047635,-1,5,0,0.824,84,6,62,2,0.0,73.0,0.0,2,0,83.63862549019606
ENSG00000104964,TLE5,chr19,3052909,3063107,-1,1,0,0.82,25,3,22,0,0.0,113.0,0.0,2,0,83.35777272727273
ENSG00000088256,GNA11,chr19,3094362,3123999,1,7,0,0.88,74,4,69,0,1.0,515.0,1.0,0,0,81.40854838709677
ENSG00000060558,GNA15,chr19,3136033,3163749,1,1,0,0.73,44,2,42,0,0.0,154.0,0.0,3,0,79.3893551724138
ENSG00000125910,S1PR4,chr19,3172346,3180332,1,1,0,0.64,16,1,15,0,0.0,141.0,0.0,2,0,78.23426666666667
ENSG00000125912,NCLN,chr19,3185563,3209575,1,8,0,0.765,51,2,36,5,0.0,48.0,0.0,2,0,77.483176
ENSG00000161082,CELF5,chr19,3224650,3297076,1,6,0,0.835,107,2,63,11,0.0,40.0,0.0,2,0,76.88193287671234
ENSG00000141905,NFIC,chr19,3314403,3469217,1,13,0,0.7469,289,3,244,7,0.0,444.0,0.0,4,0,79.22237756410257
ENSG00000095932,SMIM24,chr19,3473986,3480525,-1,0,1259,,14,4,7,0,0.0,40.0,0.0,0,0,81.0485875
ENSG00000284638,SMIM44,chr19,3482110,3483441,-1,1,0,0.66,4,1,3,0,0.0,5.0,0.0,0,0,81.17195
ENSG00000129932,DOHH,chr19,3490821,3500936,-1,2,0,0.835,18,1,16,0,0.0,53.0,0.0,1,0,81.50099999999999
ENSG00000105325,FZR1,chr19,3506277,3538334,1,3,0,0.7533,75,3,63,1,0.0,102.0,0.0,2,0,82.03578181818182
ENSG00000161091,MFSD12,chr19,3538261,3574290,-1,4,0,0.75,74,4,69,0,0.0,77.0,0.0,4,0,82.30464594594594
ENSG00000183397,TEKTIP1,chr19,3539171,3544030,1,0,2116,,10,1,9,0,0.0,16.0,0.0,0,0,82.29951666666666
ENSG00000064961,HMG20B,chr19,3572741,3579088,1,2,0,0.82,19,0,19,0,0.0,48.0,0.0,1,0,82.17582857142858
ENSG00000179855,GIPC3,chr19,3585478,3593541,1,2,0,0.84,16,1,10,0,0.0,49.0,0.0,0,0,81.92835
ENSG00000006638,TBXA2R,chr19,3594506,3606895,-1,3,0,0.72,21,2,15,1,0.0,288.0,0.0,0,0,81.64324615384615
ENSG00000105298,CACTIN,chr19,3610645,3626815,-1,3,0,0.8867,39,1,34,0,0.0,34.0,0.0,1,0,81.09061176470588
ENSG00000186111,PIP5K1C,chr19,3630181,3700487,-1,12,0,0.7625,142,2,131,1,0.0,91.0,0.0,2,0,79.5729661971831
ENSG00000105289,TJP3,chr19,3708356,3750813,1,3,0,0.8233,62,2,41,4,0.0,73.0,0.0,1,0,78.43947727272729
ENSG00000011132,APBA3,chr19,3750772,3761700,-1,3,0,0.7667,16,1,7,3,0.0,55.0,0.0,1,0,78.39392500000001
ENSG00000183617,MRPL54,chr19,3762672,3768575,1,2,0,0.795,13,1,9,0,0.0,22.0,0.0,1,0,78.41182857142856
ENSG00000173976,RAX2,chr19,3769089,3772228,-1,1,0,0.66,7,1,6,0,0.0,29.0,0.0,0,0,78.422125
ENSG00000007264,MATK,chr19,3777969,3802129,-1,2,0,0.87,36,3,28,0,0.0,181.0,0.0,1,0,78.45644399999999
ENSG00000105278,ZFR2,chr19,3804024,3869038,-1,10,0,0.8,95,3,61,7,0.0,23.0,0.0,1,0,78.37062727272726
ENSG00000167654,ATCAY,chr19,3879864,3928082,1,2,0,0.725,41,2,16,1,0.0,418.0,0.0,0,0,78.41948979591837
ENSG00000077009,NMRK2,chr19,3932994,3943081,1,4,0,0.7125,16,4,11,0,0.0,91.0,0.0,0,0,78.81665454545454
ENSG00000167657,DAPK3,chr19,3958453,3971123,-1,5,0,0.864,32,1,31,0,0.0,256.0,0.0,1,0,79.31017142857145
ENSG00000167658,EEF2,chr19,3976044,3985479,-1,3,0,0.8333,26,2,24,0,0.0,254.0,0.0,1,0,79.62113000000001
ENSG00000105229,PIAS4,chr19,4007695,4039386,1,3,0,0.8033,64,1,54,4,0.0,101.0,0.0,1,0,80.25979375
ENSG00000178951,ZBTB7A,chr19,4043303,4067636,-1,5,0,0.826,65,3,62,0,0.0,189.0,0.0,3,0,80.4653576923077
ENSG00000126934,MAP2K2,chr19,4090317,4124216,-1,5,0,0.766,70,1,65,0,6.0,403.0,1.0,6,0,80.41248571428574
ENSG00000060566,CREB3L3,chr19,4153621,4173057,1,0,99,,17,1,10,1,0.0,103.0,0.0,0,0,80.32720000000002
ENSG00000077463,SIRT6,chr19,4174109,4182599,-1,1,0,0.86,17,2,11,0,0.0,522.0,0.0,1,0,80.33937999999999
ENSG00000089847,ANKRD24,chr19,4182630,4224818,1,3,0,0.8633,64,5,42,3,0.0,34.0,0.0,1,0,80.3872534883721
ENSG00000105246,EBI3,chr19,4229314,4237528,1,0,9303,,19,1,16,0,0.0,825.0,0.0,0,0,80.47082
ENSG00000105248,YJU2,chr19,4247080,4269091,1,1,0,1.03,30,2,20,0,0.0,50.0,0.0,1,0,80.58519130434783
ENSG00000105251,SHD,chr19,4279030,4290725,1,1,0,0.87,17,1,9,0,0.0,40.0,0.0,0,0,80.75963076923077
ENSG00000167664,TMIGD2,chr19,4292227,4302431,-1,0,2114,,12,1,9,0,0.0,70.0,0.0,0,0,80.85545454545455
ENSG00000105255,FSD1,chr19,4304595,4323843,1,2,0,0.835,24,1,15,0,0.0,53.0,0.0,0,0,81.016815
ENSG00000178078,STAP2,chr19,4324040,4342786,-1,2,0,0.83,34,1,26,0,0.0,70.0,0.0,2,0,81.210435
ENSG00000008382,MPND,chr19,4343527,4360086,1,1,0,1.14,33,1,22,3,0.0,27.0,0.0,2,0,81.39453529411765
ENSG00000141985,SH3GL1,chr19,4360367,4400547,-1,3,0,0.83,99,3,95,0,0.0,158.0,0.0,4,0,81.56001666666666
ENSG00000167670,CHAF1A,chr19,4402617,4445018,1,1,0,1.06,62,2,55,0,0.0,256.0,0.0,1,0,81.37922558139535
ENSG00000167671,UBXN6,chr19,4444999,4457794,-1,2,0,0.88,30,6,24,0,0.0,47.0,0.0,1,0,80.95703571428574
ENSG00000167674,HDGFL2,chr19,4472244,4502220,1,2,0,0.79,39,0,23,5,0.0,95.0,0.0,1,0,80.04560645161291
ENSG00000167676,PLIN4,chr19,4502182,4520379,-1,0,3301,,40,1,37,0,0.0,101.0,0.0,0,0,79.35097368421053
ENSG00000214456,PLIN5,chr19,4522531,4535247,-1,3,0,0.75,18,1,13,2,0.0,172.0,0.0,0,0,78.85411538461538
ENSG00000267385,,chr19,4528427,4540067,-1,2,0,0.735,17,1,14,0,0.0,2.0,0.0,0,0,78.72456153846153
ENSG00000171236,LRG1,chr19,4536402,4540067,-1,0,1075,,7,0,7,0,0.0,384.0,0.0,0,0,78.62288
ENSG00000167680,SEMA6B,chr19,4542588,4581784,-1,6,0,0.8617,76,4,59,2,0.0,99.0,0.0,0,0,78.0882
ENSG00000185361,TNFAIP8L1,chr19,4639511,4655568,1,2,0,0.995,29,3,22,0,0.0,127.0,0.0,1,0,77.28949999999999
ENSG00000074842,MYDGF,chr19,4641374,4670365,-1,2,0,0.89,43,1,33,0,0.0,89.0,0.0,1,0,77.29448999999998
ENSG00000142002,DPP9,chr19,4674341,4724673,-1,4,0,0.7925,103,3,96,0,0.0,179.0,0.0,1,0,77.52568846153845
ENSG00000141965,FEM1A,chr19,4791734,4801273,1,1,0,0.84,20,1,19,0,0.0,134.0,0.0,1,0,79.4375
ENSG00000127666,TICAM1,chr19,4815932,4831712,-1,1,0,0.87,27,1,21,0,0.0,515.0,0.0,1,0,80.14945294117648
ENSG00000105355,PLIN3,chr19,4838339,4867717,-1,1,0,0.81,38,1,32,0,0.0,141.0,0.0,1,0,80.6469
ENSG00000205784,ARRDC5,chr19,4890437,4902948,-1,1,0,0.8,12,0,7,0,0.0,183.0,0.0,0,0,80.53614285714285
ENSG00000276043,UHRF1,chr19,4903080,4962154,1,8,0,0.81,73,5,56,3,0.0,276.0,0.0,3,0,79.25987666666666
ENSG00000127663,KDM4B,chr19,4969107,5153611,1,24,0,0.7971,357,0,349,0,0.0,212.0,0.0,3,0,71.09034705882353
ENSG00000105426,PTPRS,chr19,5158495,5340941,-1,13,0,0.8054,284,3,197,17,0.0,207.0,0.0,0,0,65.55630652173913
ENSG00000105428,ZNRF4,chr19,5455417,5456856,1,1,0,0.84,5,1,3,0,0.0,22.0,0.0,0,0,66.42306666666666
ENSG00000223573,TINCR,chr19,5558167,5578349,-1,1,0,1.12,37,1,35,0,0.0,170.0,0.0,0,0,72.34133809523809
ENSG00000130254,SAFB2,chr19,5586981,5624046,-1,3,0,0.87,55,2,45,0,0.0,68.0,0.0,1,0,74.9151605263158
ENSG00000160633,SAFB,chr19,5623035,5668478,1,1,0,1.0,52,2,45,0,0.0,236.0,0.0,1,0,76.99698695652174
ENSG00000130255,RPL36,chr19,5674947,5691881,1,3,0,0.8067,41,6,34,0,0.0,80.0,0.0,3,0,78.15041666666667
ENSG00000174917,MICOS13,chr19,5678421,5680516,-1,1,0,0.85,5,3,2,0,0.0,62.0,0.0,1,0,78.079725
ENSG00000167733,HSD11B1L,chr19,5680604,5688524,1,2,0,0.835,22,3,18,0,0.0,23.0,0.0,2,0,78.18217777777778
ENSG00000196365,LONP1,chr19,5691834,5720572,-1,6,0,0.8167,64,3,51,0,0.0,235.0,0.0,2,0,78.45459666666669
ENSG00000174898,CATSPERD,chr19,5720637,5778734,1,1,0,1.03,41,1,14,2,0.0,150.0,0.0,1,0,78.69615084745763
ENSG00000212123,PRR22,chr19,5782960,5784746,-1,0,642,,6,0,3,0,0.0,13.0,0.0,0,0,78.80460000000001
ENSG00000267157,,chr19,5784005,5785619,-1,1,0,0.78,6,0,2,0,0.0,0.0,0.0,0,0,78.80736666666667
ENSG00000141994,DUS3L,chr19,5784832,5791225,-1,3,0,0.82,17,1,14,0,0.0,27.0,0.0,1,0,78.8154
ENSG00000171119,NRTN,chr19,5805056,5828324,1,4,0,0.87,32,2,21,2,0.0,131.0,0.0,2,0,78.86217083333332
ENSG00000156413,FUT6,chr19,5830361,5839722,-1,1,0,0.65,15,3,9,0,0.0,107.0,0.0,0,0,78.84309090909092
ENSG00000171124,FUT3,chr19,5842888,5851471,-1,1,0,0.68,14,2,11,0,0.0,218.0,0.0,0,0,78.79343333333333
ENSG00000130383,FUT5,chr19,5865826,5870540,-1,1,0,0.66,6,2,4,0,0.0,55.0,0.0,0,0,78.62036666666667
ENSG00000267740,,chr19,5866171,5903787,-1,3,0,0.7067,63,4,51,0,0.0,1.0,0.0,1,0,78.40339487179487
ENSG00000174886,NDUFA11,chr19,5891207,5904006,-1,2,0,0.73,30,2,26,0,0.0,203.0,0.0,1,0,78.2238357142857
ENSG00000267314,,chr19,5904841,5914707,1,1,0,0.83,19,3,14,0,0.0,0.0,0.0,1,0,78.01446363636363
ENSG00000187650,VMAC,chr19,5904872,5910853,1,1,0,0.83,13,1,11,0,0.0,10.0,0.0,1,0,78.04911428571428
ENSG00000105519,CAPS,chr19,5912339,5916211,1,1,0,0.77,9,2,6,0,0.0,145.0,0.0,0,0,77.94507999999999
ENSG00000031823,RANBP3,chr19,5916139,5978144,-1,1,0,0.85,121,2,115,0,0.0,45.0,0.0,8,0,77.40064920634921
ENSG00000087903,RFX2,chr19,5993164,6199572,-1,9,0,0.9278,248,8,170,17,0.0,220.0,0.0,3,0,73.79081826923077
ENSG00000130377,ACSBG2,chr19,6135247,6193094,1,0,6187,,37,0,16,5,0.0,67.0,0.0,0,0,71.06116271186441
ENSG00000130382,MLLT1,chr19,6210377,6279975,-1,6,0,0.7817,161,2,156,0,0.0,176.0,0.0,1,0,70.9455014084507
ENSG00000167769,ACER1,chr19,6306142,6333612,-1,0,25795,,14,1,2,2,0.0,122.0,0.0,0,0,73.99496896551723
ENSG00000125656,CLPP,chr19,6361427,6370242,1,1,0,0.92,10,3,4,0,0.0,238.0,0.0,1,0,74.55629000000002
ENSG00000125652,ALKBH7,chr19,6372763,6375250,1,1,0,0.86,7,3,4,0,0.0,64.0,0.0,2,0,74.41986666666668
ENSG00000125650,PSPN,chr19,6375148,6379058,-1,0,1528,,9,2,7,0,0.0,153.0,0.0,0,0,74.35164
ENSG00000125651,GTF2F1,chr19,6379572,6393981,-1,1,0,0.85,16,2,8,0,0.0,45.0,0.0,1,0,74.05511333333334
ENSG00000088247,KHSRP,chr19,6413102,6424811,-1,2,0,0.875,31,2,29,0,0.0,448.0,0.0,1,0,72.58954615384616
ENSG00000181240,SLC25A41,chr19,6426037,6433779,-1,0,205,,11,0,6,1,0.0,16.0,0.0,1,0,71.95185555555557
ENSG00000125648,SLC25A23,chr19,6436079,6465203,-1,2,0,0.755,32,4,17,1,0.0,47.0,0.0,1,0,70.69045666666668
ENSG00000130545,CRB3,chr19,6463777,6467221,1,1,0,0.73,10,3,7,0,0.0,82.0,0.0,0,0,69.776425
ENSG00000205744,DENND1C,chr19,6467207,6482557,-1,2,0,0.695,25,1,21,0,0.0,30.0,0.0,2,0,69.24301176470588
ENSG00000104833,TUBB4A,chr19,6494319,6502848,-1,2,0,0.875,15,1,11,0,0.0,758.0,0.0,0,0,68.11576999999998
ENSG00000125657,TNFSF9,chr19,6531026,6535924,1,2,0,0.83,13,1,12,0,0.0,216.0,0.0,0,0,67.13153333333334
ENSG00000125726,CD70,chr19,6583183,6604103,-1,1,0,0.77,40,2,35,0,0.0,397.0,0.0,1,0,67.0797
ENSG00000125735,TNFSF14,chr19,6658085,6670621,-1,1,0,0.79,27,2,25,0,0.0,528.0,0.0,1,0,67.60995000000001
ENSG00000125730,C3,chr19,6677704,6730562,-1,1,0,0.71,87,3,49,2,0.0,1646.0,0.0,0,0,67.64592592592592
ENSG00000125734,GPR108,chr19,6729914,6737606,-1,1,0,0.86,21,3,18,0,0.0,80.0,0.0,1,0,67.61663333333334
ENSG00000125733,TRIP10,chr19,6737925,6751530,1,3,0,0.7267,27,2,25,0,0.0,257.0,0.0,2,0,67.60416666666666
ENSG00000125731,SH2D3A,chr19,6752160,6768109,-1,2,0,0.725,23,1,19,0,0.0,55.0,0.0,1,0,67.58910000000002
ENSG00000141968,VAV1,chr19,6772694,6857366,1,0,4545,,98,2,73,3,0.0,563.0,0.0,4,0,67.29450588235295
ENSG00000174837,ADGRE1,chr19,6887566,6940459,1,0,119417,,27,1,14,0,0.0,165.0,0.0,2,0,64.50391698113208
ENSG00000196589,MBD3L2B,chr19,7018969,7021431,-1,0,53310,,1,0,0,0,0.0,5.0,0.0,0,0,57.864866666666664
ENSG00000237247,MBD3L5,chr19,7030578,7033011,1,0,41730,,0,0,0,0,0.0,3.0,0.0,0,0,57.183400000000006
ENSG00000205718,MBD3L4,chr19,7037749,7040179,-1,0,34562,,0,0,0,0,0.0,2.0,0.0,0,0,56.81916666666667
ENSG00000230522,MBD3L2,chr19,7049321,7051735,1,0,23006,,0,0,0,0,0.0,9.0,0.0,0,0,56.2785
ENSG00000182315,MBD3L3,chr19,7056207,7069665,-1,0,5076,,11,1,2,3,0.0,12.0,0.0,1,0,55.78532
ENSG00000130544,ZNF557,chr19,7069701,7087968,1,1,0,0.65,13,1,5,0,0.0,24.0,0.0,1,0,55.308452631578945
ENSG00000171105,INSR,chr19,7112255,7294414,-1,5,0,0.98,208,2,184,0,0.0,956.0,0.0,2,0,58.06744972677596
ENSG00000104880,ARHGEF18,chr19,7348937,7472485,1,4,0,0.84,140,2,123,3,0.0,91.0,0.0,5,0,65.1183814516129
ENSG00000104883,PEX11G,chr19,7476869,7497449,-1,2,0,0.815,36,1,34,0,0.0,33.0,0.0,1,0,69.52180476190476
ENSG00000198723,SAXO5,chr19,7492976,7508450,1,1,0,1.12,25,1,21,0,0.0,23.0,0.0,0,0,70.263125
ENSG00000267952,,chr19,7507052,7519622,1,2,0,0.86,19,2,12,1,0.0,0.0,0.0,0,0,70.86434999999999
ENSG00000198816,ZNF358,chr19,7515292,7521027,1,2,0,0.86,14,1,12,0,0.0,6.0,0.0,0,0,71.04827142857144
ENSG00000090674,MCOLN1,chr19,7522611,7534009,1,2,0,0.815,21,4,14,0,0.0,257.0,0.0,2,0,71.40460833333333
ENSG00000268614,,chr19,7533595,7540059,1,1,0,0.71,16,6,8,1,0.0,0.0,0.0,2,0,71.63615714285714
ENSG00000032444,PNPLA6,chr19,7534004,7561764,1,4,0,0.73,53,4,34,5,0.0,166.0,0.0,2,0,71.82036551724138
ENSG00000076826,CAMSAP3,chr19,7595826,7618352,1,4,0,0.875,51,3,34,1,0.0,83.0,0.0,0,0,71.41610869565217
ENSG00000076924,XAB2,chr19,7619523,7629565,-1,4,0,0.76,23,2,16,0,0.0,72.0,0.0,1,0,70.88606363636364
ENSG00000229833,PET100,chr19,7629711,7631956,1,0,0,,4,1,2,0,0.0,25.0,0.0,1,0,70.68846666666667
ENSG00000268400,,chr19,7629796,7647477,1,2,0,0.715,41,7,33,0,0.0,0.0,0.0,2,0,70.43356666666666
ENSG00000174788,PCP2,chr19,7631611,7633719,-1,0,1900,,6,2,3,0,0.0,44.0,0.0,0,0,70.62116666666667
ENSG00000076944,STXBP2,chr19,7636772,7647873,1,2,0,0.715,29,3,26,0,0.0,121.0,0.0,1,0,70.29720833333333
ENSG00000104918,RETN,chr19,7669049,7670455,1,1,0,1.0,4,2,2,0,0.0,668.0,0.0,0,0,69.41329999999999
ENSG00000183019,MCEMP1,chr19,7677088,7679833,1,0,771,,6,2,4,0,0.0,83.0,0.0,0,0,69.1593
ENSG00000269711,,chr19,7678501,7682854,1,1,0,0.77,12,3,9,0,0.0,1.0,0.0,1,0,69.09434
ENSG00000181029,TRAPPC5,chr19,7680833,7687703,1,1,0,0.77,15,2,13,0,,,,1,0,69.00828750000001
ENSG00000104921,FCER2,chr19,7688758,7702146,-1,0,5930,,25,2,23,0,0.0,467.0,0.0,0,0,68.77617857142857
ENSG00000182566,CLEC4G,chr19,7728957,7733906,-1,1,0,0.78,10,1,7,1,0.0,184.0,0.0,0,0,68.5123
ENSG00000288669,,chr19,7728958,7745662,-1,1,0,0.78,25,1,21,1,0.0,0.0,0.0,0,0,68.5629
ENSG00000090659,CD209,chr19,7739993,7747564,-1,0,8469,,12,2,10,0,0.0,653.0,0.0,0,0,68.62953333333333
ENSG00000104938,CLEC4M,chr19,7763153,7769606,1,0,18440,,8,1,6,0,0.0,315.0,0.0,0,0,69.09123749999999
ENSG00000142459,EVI5L,chr19,7830182,7864980,1,4,0,0.81,62,0,58,0,0.0,24.0,0.0,1,0,72.62809166666665
ENSG00000183248,PRR36,chr19,7868719,7874390,-1,3,0,0.7333,17,3,14,0,0.0,16.0,0.0,1,0,73.85483333333333
ENSG00000171017,LRRC8E,chr19,7888500,7902021,1,2,0,0.855,25,1,20,0,0.0,23.0,0.0,0,0,75.01313571428572
ENSG00000076984,MAP2K7,chr19,7903843,7914480,1,2,0,0.96,27,2,21,0,0.0,976.0,0.0,1,0,75.60506363636364
ENSG00000260001,TGFBR3L,chr19,7914803,7919097,1,2,0,0.695,13,2,11,0,0.0,102.0,0.0,0,0,75.92554
ENSG00000104976,SNAPC2,chr19,7920320,7923250,1,1,0,1.07,9,2,7,0,0.0,27.0,0.0,2,0,76.092625
ENSG00000178531,CTXN1,chr19,7924491,7926135,-1,1,0,0.88,5,1,4,0,0.0,22.0,0.0,0,0,76.21586666666666
ENSG00000104980,TIMM44,chr19,7926718,7943773,-1,4,0,0.7175,37,1,33,0,0.0,55.0,0.0,1,0,76.53905555555556
ENSG00000066044,ELAVL1,chr19,7958573,8006062,-1,2,0,0.935,80,2,73,0,0.0,515.0,0.0,2,0,77.1343375
ENSG00000131142,CCL25,chr19,8052293,8062665,1,0,1653,,17,3,6,1,0.0,283.0,0.0,0,0,75.07183333333332
ENSG00000142449,FBN3,chr19,8065402,8149693,-1,2,0,0.805,113,4,58,10,0.0,81.0,0.0,0,0,72.69280813953489
ENSG00000090661,CERS4,chr19,8206736,8263716,1,2,0,0.8,78,1,58,4,0.0,181.0,0.0,1,0,71.53552931034483
ENSG00000167775,CD320,chr19,8302126,8308366,-1,1,0,0.84,18,1,17,0,0.0,107.0,0.0,1,0,73.54031428571429
ENSG00000167774,,chr19,8308283,8321379,-1,2,0,0.845,29,2,27,0,0.0,0.0,0.0,2,0,73.83373571428571
ENSG00000267855,NDUFA7,chr19,8308768,8321382,-1,1,0,0.85,28,1,27,0,0.0,296.0,0.0,2,0,73.84922307692308
ENSG00000233927,RPS28,chr19,8320900,8323567,1,1,0,0.85,8,1,6,0,0.0,96.0,0.0,1,0,74.08392500000001
ENSG00000186994,KANK3,chr19,8322582,8343268,-1,2,0,0.805,34,1,27,1,0.0,51.0,0.0,2,0,74.42073809523811
ENSG00000167772,ANGPTL4,chr19,8363223,8374371,1,1,0,1.13,24,1,23,0,0.0,533.0,0.0,0,0,75.59817499999998
ENSG00000185236,RAB11B,chr19,8389981,8405873,1,4,0,0.8,37,2,33,1,0.0,145.0,0.0,1,0,76.59495882352942
ENSG00000099785,MARCHF2,chr19,8411460,8439017,1,2,0,0.79,37,2,29,0,0.0,98.0,0.0,1,0,77.47792068965518
ENSG00000099783,HNRNPM,chr19,8444767,8489114,1,2,0,0.895,84,3,77,0,0.0,232.0,0.0,2,0,78.46933111111112
ENSG00000133246,PRAM1,chr19,8490056,8502647,-1,3,0,0.75,22,1,20,0,0.0,49.0,0.0,0,0,78.72762142857142
ENSG00000133250,ZNF414,chr19,8509678,8514167,-1,2,0,0.83,15,1,11,0,0.0,21.0,0.0,1,0,78.65022
ENSG00000142347,MYO1F,chr19,8517463,8577464,-1,4,0,0.795,75,1,68,3,0.0,100.0,0.0,8,0,77.93676065573771
ENSG00000142303,ADAMTS10,chr19,8580240,8610735,-1,7,0,0.7643,48,4,26,7,0.0,115.0,0.0,1,0,76.5186875
ENSG00000268480,NFILZ,chr19,8630633,8681151,1,0,16312,,59,1,51,1,0.0,11.0,0.0,0,0,75.18664705882352
ENSG00000181786,ACTL9,chr19,8697400,8698795,-1,1,0,0.73,5,2,3,0,0.0,116.0,0.0,0,0,74.6283
ENSG00000181733,OR2Z1,chr19,8721634,8732160,1,0,23190,,2,0,0,0,0.0,10.0,0.0,0,0,73.98880909090909
ENSG00000167785,ZNF558,chr19,8806170,8832314,-1,1,0,0.99,14,1,7,0,0.0,23.0,0.0,1,0,67.9927
ENSG00000170948,MBD3L1,chr19,8832377,8843340,1,1,0,0.99,10,2,5,0,0.0,3.0,0.0,1,0,66.15155833333333
ENSG00000181143,MUC16,chr19,8848844,9010390,-1,0,16400,,55,0,14,4,0.0,1113.0,0.0,0,0,57.02534074074074
ENSG00000170929,OR1M1,chr19,9087061,9095669,1,1,0,0.91,3,0,0,0,0.0,9.0,0.0,0,0,47.31623999999999
ENSG00000170923,OR7G2,chr19,9100407,9107475,-1,0,6593,,0,0,0,0,0.0,8.0,0.0,0,0,47.3631125
ENSG00000161807,OR7G1,chr19,9114828,9115763,-1,0,21014,,1,0,0,0,0.0,3.0,0.0,0,0,47.51625
ENSG00000170920,OR7G3,chr19,9126012,9126950,-1,0,13513,,0,0,0,0,0.0,3.0,0.0,0,0,47.737300000000005
ENSG00000130803,ZNF317,chr19,9140380,9163424,1,2,0,0.9,14,1,7,0,0.0,21.0,0.0,1,0,48.43118333333333
ENSG00000188000,OR7D2,chr19,9178979,9188818,1,0,17737,,4,1,0,0,0.0,11.0,0.0,0,0,49.39331818181818
ENSG00000174667,OR7D4,chr19,9210276,9219589,-1,0,49034,,1,0,0,0,0.0,2.0,0.0,0,0,49.960936363636364
ENSG00000237521,OR7E24,chr19,9247344,9252625,1,0,56948,,1,0,0,0,0.0,6.0,0.0,0,0,49.84684285714286
ENSG00000196110,ZNF699,chr19,9291140,9309838,-1,1,0,1.09,11,1,9,0,0.0,38.0,0.0,1,0,48.29021
ENSG00000188321,ZNF559,chr19,9323717,9351162,1,1,0,0.89,13,4,3,0,0.0,17.0,0.0,1,0,46.66246785714286
ENSG00000270011,ZNF559-ZNF177,chr19,9324174,9382617,1,2,0,0.78,20,4,4,0,0.0,3.0,0.0,1,0,46.01794166666665
ENSG00000188629,ZNF177,chr19,9363013,9382617,1,1,0,0.67,5,1,1,0,0.0,24.0,0.0,0,0,45.25347142857143
ENSG00000174652,ZNF266,chr19,9412424,9435601,-1,1,0,1.07,10,2,4,0,0.0,49.0,0.0,1,0,44.229084
ENSG00000198028,ZNF560,chr19,9466355,9498616,-1,1,0,0.88,9,1,3,0,0.0,35.0,0.0,0,0,45.0018205882353
ENSG00000130818,ZNF426,chr19,9523223,9538826,-1,1,0,0.95,12,2,5,0,0.0,14.0,0.0,1,0,47.021582352941174
ENSG00000197961,ZNF121,chr19,9560329,9584504,-1,1,0,0.8,20,1,16,0,0.0,23.0,0.0,1,0,49.341873076923065
ENSG00000171469,ZNF561,chr19,9604680,9622601,-1,1,0,0.85,11,2,6,0,0.0,16.0,0.0,1,0,51.84179473684211
ENSG00000171466,ZNF562,chr19,9641807,9675100,-1,1,0,0.78,24,2,18,0,0.0,15.0,0.0,1,0,54.59159705882353
ENSG00000196605,ZNF846,chr19,9751993,9793180,-1,3,0,0.84,36,2,27,1,0.0,24.0,0.0,4,0,62.009623809523816
ENSG00000127452,FBXL12,chr19,9810267,9827816,-1,2,0,0.845,22,3,16,0,0.0,14.0,0.0,3,0,64.59547368421053
ENSG00000198258,UBL5,chr19,9827892,9830137,1,1,0,0.81,4,1,3,0,0.0,55.0,0.0,1,0,65.0779
ENSG00000127445,PIN1,chr19,9835257,9849690,1,1,0,0.9,24,1,22,0,0.0,454.0,0.0,1,0,65.68788125
ENSG00000105088,OLFM2,chr19,9853718,9936558,-1,3,0,0.8433,83,3,68,6,0.0,56.0,0.0,3,0,67.91586904761905
ENSG00000080573,COL5A3,chr19,9959561,10010504,-1,3,0,0.7667,49,1,27,4,0.0,164.0,0.0,0,0,71.21959622641509
ENSG00000080511,RDH8,chr19,10013249,10022279,1,0,2694,,9,0,6,1,0.0,38.0,0.0,0,0,71.85336000000001
ENSG00000130813,SHFL,chr19,10086122,10093252,1,1,0,0.79,18,3,12,0,0.0,55.0,0.0,1,0,72.00243749999998
ENSG00000130812,ANGPTL6,chr19,10092337,10106612,-1,2,0,1.025,35,4,29,0,0.0,146.0,0.0,3,0,72.02789375
ENSG00000243207,PPAN-P2RY11,chr19,10106223,10114780,1,3,0,0.7433,24,6,18,0,0.0,1.0,0.0,2,0,72.09399
ENSG00000130810,PPAN,chr19,10106329,10112012,1,2,0,0.785,16,6,10,0,0.0,34.0,0.0,1,0,72.08031428571428
ENSG00000244165,P2RY11,chr19,10111693,10115372,1,1,0,0.66,11,1,10,0,0.0,62.0,0.0,1,0,72.120825
ENSG00000130811,EIF3G,chr19,10115010,10119951,-1,2,0,0.835,12,1,11,0,0.0,46.0,0.0,1,0,72.16701666666665
ENSG00000130816,DNMT1,chr19,10133342,10231286,-1,4,0,0.7525,123,3,106,3,0.0,910.0,0.0,6,0,74.48441313131313
ENSG00000267534,S1PR2,chr19,10221433,10231331,-1,2,0,0.755,21,2,19,0,0.0,374.0,0.0,1,0,76.95333636363635
ENSG00000105364,MRPL4,chr19,10251901,10260060,1,1,0,0.91,14,3,10,0,0.0,49.0,0.0,1,0,78.93199999999999
ENSG00000090339,ICAM1,chr19,10271093,10286615,1,1,0,0.82,32,3,28,0,0.0,1662.0,0.0,1,0,80.31228823529412
ENSG00000105371,ICAM4,chr19,10286955,10288522,1,1,0,0.7,4,1,3,0,0.0,109.0,0.0,0,0,80.80476666666667
ENSG00000105376,ICAM5,chr19,10289952,10296778,1,2,0,0.78,18,0,18,0,0.0,131.0,0.0,0,0,81.08463750000001
ENSG00000220201,ZGLP1,chr19,10304803,10309880,-1,1,0,0.61,10,1,5,0,0.0,1100.0,0.0,0,0,81.73558333333332
ENSG00000167807,,chr19,10305427,10316009,-1,2,0,0.725,14,2,6,0,0.0,0.0,0.0,1,0,81.85949166666667
ENSG00000267673,FDX2,chr19,10309916,10316015,-1,1,0,0.84,7,1,4,0,0.0,168.0,0.0,1,0,81.9632
ENSG00000267303,,chr19,10315471,10320678,-1,1,0,0.84,12,1,6,1,0.0,0.0,0.0,1,0,82.15574285714285
ENSG00000161847,RAVER1,chr19,10316212,10333548,-1,2,0,0.715,34,1,26,1,0.0,72.0,0.0,2,0,82.39255789473685
ENSG00000076662,ICAM3,chr19,10333776,10339847,-1,1,0,0.8,16,2,14,0,0.0,195.0,0.0,2,0,82.74931428571429
ENSG00000105397,TYK2,chr19,10350528,10380608,-1,3,0,0.7767,47,3,25,7,0.0,622.0,0.0,1,0,83.18297741935483
ENSG00000105401,CDC37,chr19,10391090,10420185,-1,4,0,0.79,66,2,56,2,0.0,111.0,0.0,5,0,83.06483666666668
ENSG00000065989,PDE4A,chr19,10416773,10469630,1,5,0,0.896,96,7,73,1,0.0,524.0,0.0,6,0,82.46976851851852
ENSG00000079999,KEAP1,chr19,10486119,10503558,-1,2,0,0.9,22,3,16,0,1.0,737.0,1.0,1,0,81.66194210526317
ENSG00000180739,S1PR5,chr19,10512742,10517931,-1,2,0,0.83,13,2,11,0,0.0,172.0,0.0,0,0,81.49689999999998
ENSG00000130734,ATG4D,chr19,10543533,10553423,1,1,0,0.86,17,2,12,0,0.0,88.0,0.0,3,0,81.37578
ENSG00000129347,KRI1,chr19,10553085,10566031,-1,2,0,0.915,22,1,19,0,0.0,58.0,0.0,3,0,81.34937142857143
ENSG00000129355,CDKN2D,chr19,10566460,10569059,-1,1,0,0.93,6,1,5,0,0.0,529.0,0.0,1,0,81.329925
ENSG00000129354,AP1M2,chr19,10572670,10587315,-1,2,0,0.885,22,1,14,2,0.0,141.0,0.0,0,0,81.29341999999998
ENSG00000129353,SLC44A2,chr19,10602457,10644558,1,3,0,0.7867,59,2,55,0,0.0,224.0,0.0,2,0,81.03249772727273
ENSG00000129351,ILF3,chr19,10654261,10692415,1,1,0,1.05,67,2,61,0,0.0,228.0,0.0,1,0,80.6400282051282
ENSG00000213339,QTRT1,chr19,10701430,10713437,1,2,0,0.795,17,1,12,1,0.0,69.0,0.0,1,0,80.63027692307693
ENSG00000079805,DNM2,chr19,10717974,10833504,1,1,0,0.98,188,4,176,0,3.0,1178.0,1.0,13,0,81.76862222222223
ENSG00000099203,TMED1,chr19,10832067,10836318,-1,1,0,0.82,13,2,10,0,0.0,118.0,0.0,1,0,82.93688
ENSG00000214212,C19orf38,chr19,10836567,10869791,1,1,0,0.82,52,2,38,3,0.0,56.0,0.0,1,0,83.1532588235294
ENSG00000142453,CARM1,chr19,10871553,10923075,1,2,0,0.83,89,1,85,0,0.0,285.0,0.0,1,0,83.29895576923076
ENSG00000130733,YIPF2,chr19,10918919,10928681,-1,2,0,0.755,24,1,22,0,0.0,26.0,0.0,1,0,83.24071818181818
ENSG00000142444,TIMM29,chr19,10928811,10933535,1,1,0,0.89,4,1,2,0,0.0,14.0,0.0,1,0,83.21485
ENSG00000127616,SMARCA4,chr19,10960824,11079426,1,5,0,0.88,180,2,164,3,10.0,939.0,1.0,2,0,83.49261008403361
ENSG00000130164,LDLR,chr19,11089418,11133830,1,2,0,0.765,82,2,77,0,0.0,873.0,0.0,1,0,84.28400869565218
ENSG00000161888,SPC24,chr19,11131520,11155807,-1,1,0,0.85,46,1,43,0,0.0,89.0,0.0,2,0,84.40455200000001
ENSG00000197256,KANK2,chr19,11164267,11197945,-1,5,0,0.724,58,3,54,0,0.0,173.0,0.0,0,0,84.30987999999999
ENSG00000130158,DOCK6,chr19,11199295,11262524,-1,4,0,0.8675,89,4,70,2,0.0,174.0,0.0,0,0,83.77193538461539
ENSG00000130173,ANGPTL8,chr19,11237502,11241943,1,0,1341,,9,2,6,0,0.0,201.0,0.0,0,0,83.66526
ENSG00000130167,TSPAN16,chr19,11296139,11326996,1,0,2039,,32,2,27,1,0.0,20.0,0.0,0,0,81.99366875
ENSG00000105514,RAB3D,chr19,11322068,11346270,-1,2,0,0.83,33,4,22,0,0.0,76.0,0.0,2,0,81.28441600000001
ENSG00000105518,TMEM205,chr19,11342776,11346518,-1,1,0,0.95,8,3,4,0,0.0,38.0,0.0,1,0,80.90962
ENSG00000183401,CCDC159,chr19,11344684,11354944,1,1,0,0.95,20,4,11,0,0.0,166.0,0.0,1,0,80.72993636363637
ENSG00000105520,PLPPR2,chr19,11355386,11365698,1,2,0,0.815,22,1,14,0,0.0,15.0,0.0,0,0,80.34095833333335
ENSG00000173928,SWSAP1,chr19,11374666,11376951,1,1,0,0.81,5,2,3,0,0.0,199.0,0.0,1,0,79.74076666666666
ENSG00000187266,EPOR,chr19,11377207,11384343,-1,2,0,0.77,18,1,17,0,0.0,584.0,0.0,1,0,79.561825
ENSG00000205517,RGL3,chr19,11384341,11419352,-1,2,0,0.735,33,2,16,4,0.0,75.0,0.0,0,0,78.72167777777777
ENSG00000198003,ODAD3,chr19,11420604,11435782,-1,3,0,0.81,19,2,12,0,0.0,60.0,0.0,1,0,77.67375625
ENSG00000130175,PRKCSH,chr19,11422369,11450969,1,3,0,0.7467,41,3,32,0,0.0,108.0,0.0,1,0,77.39097333333332
ENSG00000196361,ELAVL3,chr19,11451326,11481051,-1,2,0,0.88,42,2,36,0,0.0,180.0,0.0,0,0,76.48405806451612
ENSG00000267477,,chr19,11466240,11505698,-1,3,0,0.85,55,4,47,0,0.0,0.0,0.0,1,0,76.08807804878047
ENSG00000161914,ZNF653,chr19,11483427,11505839,-1,2,0,0.895,32,2,29,0,0.0,15.0,0.0,1,0,75.95128333333334
ENSG00000130159,ECSIT,chr19,11505927,11530564,-1,2,0,0.91,21,4,11,4,0.0,127.0,0.0,2,0,75.88440384615384
ENSG00000130176,CNN1,chr19,11538767,11550323,1,1,0,0.66,16,1,12,0,0.0,150.0,0.0,0,0,76.21055
ENSG00000130165,ELOF1,chr19,11551147,11559325,-1,1,0,0.93,17,4,12,0,0.0,37.0,0.0,1,0,76.46147777777777
ENSG00000198551,ZNF627,chr19,11559374,11619161,1,3,0,0.85,76,6,61,2,0.0,37.0,0.0,4,0,77.69413606557376
ENSG00000102575,ACP5,chr19,11574653,11579993,-1,1,0,0.79,12,3,9,0,0.0,950.0,0.0,1,0,77.19279999999999
ENSG00000197933,ZNF823,chr19,11721264,11739009,-1,1,0,0.76,14,1,12,0,0.0,19.0,0.0,1,0,81.19264736842105
ENSG00000197044,ZNF441,chr19,11767000,11784078,1,1,0,0.78,17,1,11,0,0.0,16.0,0.0,1,0,79.48088888888888
ENSG00000177599,ZNF491,chr19,11797642,11809622,1,1,0,0.79,10,1,6,0,0.0,5.0,0.0,1,0,77.74014615384615
ENSG00000171295,ZNF440,chr19,11814273,11835216,1,1,0,0.84,15,1,11,0,0.0,21.0,0.0,1,0,76.26427727272726
ENSG00000171291,ZNF439,chr19,11848726,11883750,1,1,0,0.79,30,1,22,2,0.0,22.0,0.0,1,0,72.98336666666667
ENSG00000198429,ZNF69,chr19,11887782,11914329,1,1,0,0.85,20,2,12,0,0.0,14.0,0.0,1,0,70.25997407407408
ENSG00000196757,ZNF700,chr19,11925068,11950773,1,1,0,0.75,21,1,11,0,0.0,58.0,0.0,1,0,67.43677407407408
ENSG00000267179,,chr19,11925075,11979290,1,2,0,0.765,39,2,24,0,0.0,0.0,0.0,2,0,66.4331890909091
ENSG00000197054,ZNF763,chr19,11965037,11980617,1,1,0,0.78,15,1,9,0,0.0,342.0,0.0,1,0,64.94749411764707
ENSG00000286098,,chr19,11987641,12078106,1,4,0,0.765,57,6,36,2,0.0,0.0,0.0,2,0,61.53392527472528
ENSG00000197647,ZNF433,chr19,12014715,12035741,-1,1,0,0.72,13,2,6,0,0.0,35.0,0.0,0,0,61.764109090909095
ENSG00000257355,,chr19,12017888,12052967,-1,2,0,0.745,23,3,12,0,0.0,0.0,0.0,0,0,61.28715277777778
ENSG00000257446,ZNF878,chr19,12040992,12052972,-1,1,0,0.77,9,1,5,0,0.0,46.0,0.0,0,0,60.755799999999994
ENSG00000223547,ZNF844,chr19,12064731,12081565,1,1,0,0.77,11,1,9,0,0.0,16.0,0.0,1,0,59.82117777777777
ENSG00000286132,,chr19,12075327,12113325,1,1,0,0.78,28,1,22,0,0.0,0.0,0.0,0,0,59.32436153846153
ENSG00000132010,ZNF20,chr19,12092843,12140355,-1,2,0,0.7,32,2,21,2,0.0,12.0,0.0,1,0,58.924143750000006
ENSG00000213297,ZNF625-ZNF20,chr19,12132117,12156731,-1,2,0,0.72,20,3,16,0,0.0,0.0,0.0,2,0,58.52776923076923
ENSG00000257591,ZNF625,chr19,12142090,12156734,-1,1,0,0.7,9,1,7,0,0.0,7.0,0.0,1,0,58.45984375
ENSG00000196646,ZNF136,chr19,12163064,12189871,1,1,0,0.85,14,1,10,0,0.0,13.0,0.0,1,0,57.97029285714286
ENSG00000197857,ZNF44,chr19,12224686,12294883,-1,3,0,0.7533,49,2,30,1,0.0,206.0,0.0,2,0,55.020300000000006
ENSG00000188868,ZNF563,chr19,12317477,12333720,-1,1,0,0.77,12,1,9,0,0.0,7.0,0.0,1,0,53.44818333333333
ENSG00000198342,ZNF442,chr19,12345944,12365905,-1,1,0,0.78,18,2,8,0,0.0,16.0,0.0,1,0,54.08228571428572
ENSG00000196466,ZNF799,chr19,12390016,12401271,-1,1,0,0.87,7,3,3,0,0.0,15.0,0.0,1,0,56.22408333333333
ENSG00000268870,,chr19,12391949,12441082,-1,2,0,0.845,22,5,10,1,0.0,0.0,0.0,2,0,57.828812000000006
ENSG00000180855,ZNF443,chr19,12429706,12441021,-1,1,0,0.82,8,2,5,0,0.0,15.0,0.0,1,0,59.33898333333334
ENSG00000269755,,chr19,12433103,12484816,-1,2,0,0.78,28,4,15,0,0.0,0.0,0.0,2,0,61.20522452830188
ENSG00000242852,ZNF709,chr19,12461184,12513854,-1,3,0,0.8367,29,1,20,0,0.0,12.0,0.0,2,0,63.30485
ENSG00000196826,,chr19,12461559,12551474,-1,4,0,0.8175,51,3,34,0,0.0,0.0,0.0,3,0,64.48331555555555
ENSG00000249709,ZNF564,chr19,12525373,12551542,-1,1,0,0.76,18,2,13,0,0.0,9.0,0.0,1,0,66.41871785714285
ENSG00000269693,,chr19,12525720,12580975,-1,2,0,0.795,42,4,31,0,0.0,1.0,0.0,1,0,67.16517321428572
ENSG00000188033,ZNF490,chr19,12576100,12640098,-1,3,0,0.86,54,2,41,1,0.0,61.0,0.0,3,0,69.81649230769231
ENSG00000173875,ZNF791,chr19,12610918,12633840,1,1,0,0.89,25,1,17,0,0.0,13.0,0.0,3,0,70.5269125
ENSG00000269242,,chr19,12643831,12648397,-1,2,0,0.715,8,1,4,1,0.0,0.0,0.0,0,0,71.76988
ENSG00000104774,MAN2B1,chr19,12643831,12666762,-1,4,0,0.7775,31,3,17,5,0.0,85.0,0.0,1,0,72.3058625
ENSG00000269590,,chr19,12664828,12669397,-1,2,0,0.775,12,1,11,0,0.0,0.0,0.0,2,0,72.96808000000001
ENSG00000123154,WDR83,chr19,12666802,12675832,1,2,0,0.775,22,2,17,0,0.0,95.0,0.0,2,0,73.23646
ENSG00000285589,,chr19,12668071,12681834,-1,2,0,0.96,28,3,22,0,0.0,0.0,0.0,2,0,73.44828
ENSG00000105583,WDR83OS,chr19,12668073,12669430,-1,1,0,0.8,4,1,3,0,0.0,32.0,0.0,1,0,73.05675
ENSG00000095059,DHPS,chr19,12673411,12681894,-1,1,0,1.12,15,2,11,0,0.0,312.0,0.0,1,0,73.59933000000001
ENSG00000283980,GNG14,chr19,12687998,12688422,1,0,6009,,1,1,0,0,0.0,3.0,0.0,0,0,74.2489
ENSG00000132004,FBXW9,chr19,12688053,12696649,-1,1,0,1.26,17,3,9,0,0.0,48.0,0.0,1,0,74.53339000000001
ENSG00000105576,TNPO2,chr19,12699201,12724011,-1,2,0,0.765,36,4,23,1,0.0,57.0,0.0,1,0,75.75767307692307
ENSG00000123144,TRIR,chr19,12730640,12734684,-1,1,0,0.96,9,1,8,0,0.0,8.0,0.0,1,0,77.15322
ENSG00000198356,GET3,chr19,12737139,12748325,1,1,0,0.68,13,2,9,0,0.0,43.0,0.0,1,0,77.75710000000001
ENSG00000039987,BEST2,chr19,12751702,12758458,1,2,0,0.875,13,2,8,1,0.0,89.0,0.0,0,0,78.52821428571428
ENSG00000095066,HOOK2,chr19,12762640,12872740,-1,17,0,0.8418,182,18,140,4,0.0,72.0,0.0,10,0,81.2871027027027
ENSG00000171223,JUNB,chr19,12791486,12793315,1,1,0,0.76,6,1,5,0,0.0,925.0,0.0,1,0,80.52343333333333
ENSG00000167815,PRDX2,chr19,12796817,12801849,-1,1,0,0.87,15,4,11,0,0.0,843.0,0.0,1,0,80.85593333333334
ENSG00000284491,THSD8,chr19,12802031,12813581,1,3,0,0.8867,14,3,10,0,0.0,2.0,0.0,2,0,81.19538461538461
ENSG00000104889,RNASEH2A,chr19,12806505,12813643,1,1,0,0.97,4,1,3,0,0.0,202.0,0.0,1,0,81.291125
ENSG00000132026,RTBDN,chr19,12825477,12838362,-1,4,0,0.8925,24,6,17,0,0.0,38.0,0.0,0,0,81.93780714285712
ENSG00000105613,MAST1,chr19,12833951,12874952,1,7,0,0.8186,64,3,49,2,0.0,88.0,0.0,1,0,82.36362857142858
ENSG00000105612,DNASE2,chr19,12875209,12881595,-1,1,0,0.67,10,2,4,1,0.0,193.0,0.0,1,0,82.63991250000001
ENSG00000105610,KLF1,chr19,12884422,12887201,-1,1,0,0.87,9,1,8,0,0.0,313.0,0.0,1,0,82.68295
ENSG00000105607,GCDH,chr19,12891128,12915126,1,1,0,0.72,27,1,22,0,0.0,142.0,0.0,2,0,82.75080799999999
ENSG00000161860,SYCE2,chr19,12898786,12919306,-1,1,0,0.96,20,1,18,0,0.0,201.0,0.0,2,0,82.76810476190477
ENSG00000179115,FARSA,chr19,12922276,12934037,-1,1,0,0.77,14,2,8,0,0.0,75.0,0.0,1,0,82.80799999999999
ENSG00000179218,CALR,chr19,12938578,12944490,1,1,0,0.99,16,3,13,0,4.0,1035.0,1.0,2,0,82.8322
ENSG00000179262,RAD23A,chr19,12945848,12953646,1,1,0,1.28,20,1,19,0,0.0,53.0,0.0,1,0,82.8473
ENSG00000179271,GADD45GIP1,chr19,12953119,12957223,-1,1,0,0.94,14,1,13,0,0.0,85.0,0.0,1,0,82.85588
ENSG00000179284,DAND5,chr19,12965159,12974760,1,0,7821,,16,3,8,1,0.0,59.0,0.0,1,0,82.87555454545453
ENSG00000008441,NFIX,chr19,12995475,13098796,1,9,0,0.89,238,7,231,0,0.0,399.0,0.0,2,0,82.3340038095238
ENSG00000104903,LYL1,chr19,13099033,13103161,-1,2,0,0.825,11,1,10,0,0.0,208.0,0.0,1,0,81.47909999999999
ENSG00000104907,TRMT1,chr19,13104899,13117567,-1,1,0,0.83,18,3,13,0,0.0,82.0,0.0,2,0,81.30035714285714
ENSG00000160877,NACC1,chr19,13116468,13141147,1,3,0,0.8933,46,5,37,0,0.0,199.0,0.0,3,0,81.04251923076923
ENSG00000104915,STX10,chr19,13144058,13150383,-1,1,0,0.79,11,1,9,0,0.0,24.0,0.0,1,0,80.79902857142856
ENSG00000160888,IER2,chr19,13150411,13156981,1,2,0,0.73,22,4,18,0,0.0,63.0,0.0,1,0,80.7234875
ENSG00000141837,CACNA1A,chr19,13206442,13624489,-1,6,0,0.8683,348,4,218,30,0.0,1251.0,0.0,3,0,72.05395823389021
ENSG00000104957,YJU2B,chr19,13731752,13763298,1,3,0,0.76,27,2,18,1,0.0,24.0,0.0,2,0,69.165896875
ENSG00000037757,MRI1,chr19,13764522,13774282,1,1,0,0.94,13,3,10,0,0.0,48.0,0.0,3,0,70.96072
ENSG00000104979,C19orf53,chr19,13774454,13778773,1,1,0,0.86,8,2,6,0,0.0,34.0,0.0,1,0,71.5586
ENSG00000132003,ZSWIM4,chr19,13795398,13832254,1,4,0,0.815,64,3,47,6,0.0,33.0,0.0,1,0,74.73259210526317
ENSG00000187556,NANOS3,chr19,13862063,13880757,1,4,0,0.8275,37,2,34,0,0.0,281.0,0.0,2,0,79.11801999999999
ENSG00000132016,BRME1,chr19,13882343,13906572,-1,1,0,0.85,38,2,36,0,0.0,185.0,0.0,2,0,80.43308846153846
ENSG00000132024,CC2D1A,chr19,13906160,13930884,1,1,0,0.85,32,2,14,3,0.0,84.0,0.0,1,0,81.47507307692308
ENSG00000132000,PODNL1,chr19,13931183,13953392,-1,2,0,0.805,32,5,17,1,0.0,48.0,0.0,1,0,82.15117826086957
ENSG00000132017,DCAF15,chr19,13952459,13961449,1,2,0,0.82,23,2,19,0,0.0,40.0,0.0,1,0,82.41083
ENSG00000132005,RFX1,chr19,13961529,14007084,-1,2,0,0.815,95,1,81,3,0.0,134.0,0.0,6,0,82.5374304347826
ENSG00000171136,RLN3,chr19,14028148,14031551,1,0,35,,9,1,8,0,0.0,260.0,0.0,1,0,82.27028
ENSG00000104998,IL27RA,chr19,14031644,14053223,1,1,0,0.83,27,1,23,0,0.0,297.0,0.0,3,0,82.1701181818182
ENSG00000187867,PALM3,chr19,14053363,14062076,-1,1,0,1.31,25,5,18,0,0.0,30.0,0.0,0,0,82.07055
ENSG00000141854,MISP3,chr19,14072108,14075062,1,2,0,0.72,9,2,7,0,0.0,13.0,0.0,2,0,82.001475
ENSG00000188032,C19orf67,chr19,14081624,14085875,-1,2,0,0.775,12,1,11,0,0.0,6.0,0.0,1,0,81.97385999999999
ENSG00000141858,SAMD1,chr19,14087851,14091036,-1,1,0,1.3,9,2,7,0,0.0,69.0,0.0,0,0,81.96327500000001
ENSG00000072062,PRKACA,chr19,14091688,14118084,-1,1,0,0.98,41,3,34,2,2.0,385.0,1.0,2,0,81.9394962962963
ENSG00000289762,SMIM46,chr19,14112324,14112476,-1,0,5201,,1,0,1,0,0.0,0.0,0.0,0,0,81.9291
ENSG00000105011,ASF1B,chr19,14119512,14136622,-1,1,0,0.9,22,1,18,0,0.0,131.0,0.0,2,0,81.87601111111111
ENSG00000072071,ADGRL1,chr19,14147743,14206204,-1,2,0,0.895,104,1,81,3,0.0,151.0,0.0,2,0,81.08946101694916
ENSG00000123146,ADGRE5,chr19,14380501,14408729,1,1,0,0.63,71,3,68,0,0.0,213.0,0.0,1,0,81.19847241379311
ENSG00000123136,DDX39A,chr19,14408798,14419383,-1,1,0,1.02,32,2,30,0,0.0,126.0,0.0,2,0,82.21245454545455
ENSG00000123143,PKN1,chr19,14433053,14471872,1,2,0,0.89,55,2,40,3,0.0,392.0,0.0,2,0,83.470985
ENSG00000160951,PTGER1,chr19,14472466,14477272,-1,1,0,0.84,13,1,12,0,0.0,357.0,0.0,0,0,83.71103333333333
ENSG00000123159,GIPC1,chr19,14477759,14496157,-1,2,0,0.835,27,1,20,1,0.0,190.0,0.0,1,0,83.62984210526315
ENSG00000132002,DNAJB1,chr19,14513789,14560391,-1,2,0,0.865,86,8,74,0,0.0,324.0,0.0,4,0,82.5463744680851
ENSG00000099797,TECR,chr19,14517085,14565988,1,3,0,0.79,94,10,79,0,0.0,109.0,0.0,4,0,82.42258799999999
ENSG00000099795,NDUFB7,chr19,14566078,14572066,-1,1,0,0.75,12,2,9,0,0.0,193.0,0.0,1,0,81.66144285714287
ENSG00000187912,CLEC17A,chr19,14583084,14612035,1,0,10902,,22,1,18,0,0.0,38.0,0.0,0,0,80.96519000000002
ENSG00000131355,ADGRE3,chr19,14599080,14690027,-1,0,26898,,63,2,41,2,0.0,48.0,0.0,1,0,79.86938695652175
ENSG00000160961,ZNF333,chr19,14689801,14733746,1,0,117619,,25,1,10,0,0.0,20.0,0.0,1,0,77.57904222222223
ENSG00000127507,ADGRE2,chr19,14732392,14778560,-1,0,160210,,31,2,13,3,0.0,225.0,0.0,0,0,75.37668958333333
ENSG00000127530,OR7C1,chr19,14789260,14835376,-1,0,143828,,31,1,21,3,0.0,12.0,0.0,0,0,72.53638297872338
ENSG00000188269,OR7A5,chr19,14826241,14835185,-1,0,144019,,5,1,4,0,0.0,37.0,0.0,0,0,71.72192
ENSG00000127515,OR7A10,chr19,14840466,14848922,-1,0,130282,,4,0,3,1,0.0,6.0,0.0,0,0,71.15946
ENSG00000185385,OR7A17,chr19,14878203,14886132,-1,0,93072,,4,0,2,1,0.0,6.0,0.0,0,0,69.66427777777777
ENSG00000127529,OR7C2,chr19,14941489,14942448,1,0,36756,,1,1,0,0,0.0,1.0,0.0,0,0,66.71245
ENSG00000105143,SLC1A6,chr19,14950033,15022990,-1,3,0,0.8833,48,6,18,4,0.0,93.0,0.0,0,0,63.98903333333332
ENSG00000160994,TEKTL1,chr19,15010726,15023276,1,2,0,0.885,12,1,4,1,0.0,7.0,0.0,0,0,62.24774615384615
ENSG00000105141,CASP14,chr19,15049480,15058293,1,0,27566,,2,1,1,0,0.0,152.0,0.0,0,0,60.869730000000004
ENSG00000094661,OR1I1,chr19,15082211,15092970,1,0,14468,,7,0,6,1,0.0,3.0,0.0,0,0,60.477233333333324
ENSG00000105137,SYDE1,chr19,15107364,15114988,1,2,0,0.875,22,2,19,0,0.0,40.0,0.0,0,0,60.6844
ENSG00000105135,ILVBL,chr19,15114976,15125792,-1,1,0,0.77,28,3,24,0,0.0,42.0,0.0,1,0,60.85762499999999
ENSG00000074181,NOTCH3,chr19,15159038,15200996,-1,7,0,0.8057,56,1,45,1,0.0,767.0,0.0,0,0,62.325258139534874
ENSG00000105131,EPHX3,chr19,15226899,15233591,-1,2,0,0.865,9,3,6,0,0.0,47.0,0.0,0,0,63.2779
ENSG00000141867,BRD4,chr19,15235519,15332545,-1,3,0,0.8333,186,3,171,2,3.0,891.0,1.0,3,0,64.2765806122449
ENSG00000105127,AKAP8,chr19,15353385,15379829,-1,3,0,0.8433,46,1,39,0,0.0,49.0,0.0,2,0,67.28965714285714
ENSG00000011243,AKAP8L,chr19,15380050,15419141,-1,3,0,0.8333,53,4,43,0,0.0,79.0,0.0,2,0,68.7938825
ENSG00000011451,WIZ,chr19,15419978,15449975,-1,4,0,0.805,72,8,57,0,0.0,68.0,0.0,2,0,69.87429032258065
ENSG00000105122,RASAL3,chr19,15451624,15464583,-1,2,0,0.885,30,1,26,1,0.0,69.0,0.0,1,0,70.07794285714286
ENSG00000161031,PGLYRP2,chr19,15468642,15498956,-1,2,0,0.86,26,1,17,1,0.0,133.0,0.0,0,0,69.77012258064515
ENSG00000171954,CYP4F22,chr19,15508477,15552317,1,1,0,0.95,31,2,21,0,0.0,91.0,0.0,2,0,68.38723999999999
ENSG00000186526,CYP4F8,chr19,15615218,15630639,1,0,30494,,10,1,6,0,0.0,194.0,0.0,0,0,65.63024705882354
ENSG00000186529,CYP4F3,chr19,15640795,15662825,1,0,56071,,17,3,9,0,0.0,331.0,0.0,0,0,65.06984347826086
ENSG00000186204,CYP4F12,chr19,15673018,15698817,1,0,24106,,10,2,6,0,0.0,320.0,0.0,0,0,64.36271111111112
ENSG00000171942,OR10H2,chr19,15728024,15729052,1,1,0,0.81,0,0,0,0,0.0,5.0,0.0,0,0,63.314099999999996
ENSG00000171936,OR10H3,chr19,15737985,15742343,1,0,9518,,1,0,0,0,0.0,4.0,0.0,0,0,63.02795999999999
ENSG00000172519,OR10H5,chr19,15787661,15800357,1,0,7256,,6,0,3,0,0.0,6.0,0.0,0,0,62.10226153846155
ENSG00000186723,OR10H1,chr19,15804549,15815664,-1,1,0,0.86,7,0,4,0,0.0,15.0,0.0,0,0,62.01750833333333
ENSG00000186115,CYP4F2,chr19,15877893,15900528,-1,0,2291,,16,1,6,1,0.0,285.0,0.0,0,0,62.27334583333333
ENSG00000171903,CYP4F11,chr19,15912367,15934933,-1,0,327,,14,3,6,1,0.0,284.0,0.0,0,0,62.23132916666666
ENSG00000176231,OR10H4,chr19,15944299,15950350,1,0,32259,,3,0,2,0,0.0,3.0,0.0,0,0,62.11122857142857
ENSG00000167460,TPM4,chr19,16067021,16103011,1,2,0,0.85,84,6,73,0,0.0,215.0,0.0,4,0,64.48038648648648
ENSG00000167461,RAB8A,chr19,16111843,16134234,1,1,0,0.94,46,0,40,0,0.0,243.0,0.0,1,0,66.2827304347826
ENSG00000196684,HSH2D,chr19,16134028,16158575,1,0,21686,,36,2,33,0,0.0,174.0,0.0,1,0,67.42171153846154
ENSG00000141977,CIB3,chr19,16161368,16173525,-1,0,12177,,15,0,12,0,0.0,28.0,0.0,0,0,68.36099285714286
ENSG00000105058,FAM32A,chr19,16185380,16192048,1,1,0,0.9,12,3,9,0,0.0,30.0,0.0,1,0,69.13815
ENSG00000072958,AP1M1,chr19,16197854,16245906,1,1,0,0.82,78,1,72,2,0.0,44.0,0.0,1,0,69.8612387755102
ENSG00000127528,KLF2,chr19,16324826,16328685,1,1,0,0.95,10,1,9,0,0.0,408.0,0.0,1,0,68.90777999999999
ENSG00000127527,EPS15L1,chr19,16355225,16472085,-1,3,0,0.9533,189,3,180,2,0.0,60.0,0.0,10,0,70.38672966101696
ENSG00000269058,CALR3,chr19,16479061,16496167,-1,1,0,0.8,13,1,6,2,0.0,146.0,0.0,1,0,74.85583333333332
ENSG00000141979,,chr19,16479067,16628204,-1,8,0,0.8588,230,11,190,6,0.0,0.0,0.0,9,0,77.96566533333333
ENSG00000105072,C19orf44,chr19,16496394,16521369,1,2,0,0.82,34,1,29,1,0.0,35.0,0.0,1,0,76.32865384615384
ENSG00000085872,CHERP,chr19,16517882,16542448,-1,5,0,0.79,49,2,37,1,0.0,45.0,0.0,1,0,77.63106
ENSG00000127526,SLC35E1,chr19,16549831,16572415,-1,1,0,1.09,23,1,16,2,0.0,27.0,0.0,2,0,78.93307826086955
ENSG00000105085,MED26,chr19,16574907,16629062,-1,1,0,1.03,109,6,100,0,0.0,16.0,0.0,4,0,79.30640363636364
ENSG00000268790,,chr19,16577642,16660115,-1,2,0,0.88,131,7,119,0,0.0,0.0,0.0,5,0,78.97810120481928
ENSG00000214046,SMIM7,chr19,16630751,16660442,-1,1,0,0.73,26,1,23,0,0.0,12.0,0.0,1,0,78.40937333333333
ENSG00000072954,TMEM38A,chr19,16661129,16690023,1,1,0,0.73,30,1,24,2,0.0,42.0,0.0,0,0,77.15326
ENSG00000188039,NWD1,chr19,16719847,16817963,1,1,0,0.77,73,1,39,10,0.0,56.0,0.0,0,0,73.2337090909091
ENSG00000127511,SIN3B,chr19,16829387,16880355,1,3,0,0.7767,69,2,65,0,0.0,111.0,0.0,1,0,71.70975384615384
ENSG00000127533,F2RL3,chr19,16888999,16892606,1,1,0,0.69,10,2,6,0,0.0,284.0,0.0,0,0,71.34966
ENSG00000160111,CPAMD8,chr19,16892951,17026815,-1,2,0,0.9,110,2,74,9,0.0,98.0,0.0,2,0,70.33449851851853
ENSG00000131351,HAUS8,chr19,17049729,17075625,-1,1,0,0.85,34,2,26,2,0.0,28.0,0.0,1,0,70.06522222222222
ENSG00000099331,MYO9B,chr19,17075728,17214537,1,6,0,0.725,204,2,179,7,0.0,130.0,0.0,5,0,72.53799857142857
ENSG00000053501,USE1,chr19,17215346,17220237,1,1,0,0.8,7,1,6,0,0.0,67.0,0.0,1,0,76.33473333333335
ENSG00000099330,OCEL1,chr19,17226198,17229219,1,1,0,0.85,8,2,6,0,0.0,39.0,0.0,1,0,77.109675
ENSG00000160113,NR2F6,chr19,17231883,17245919,-1,2,0,0.995,30,2,25,0,0.0,142.0,0.0,1,0,78.02948666666666
ENSG00000269095,,chr19,17235940,17255448,-1,2,0,0.995,42,2,38,0,0.0,0.0,0.0,1,0,78.55136999999999
ENSG00000130307,USHBP1,chr19,17249171,17282786,-1,1,0,0.77,40,4,31,0,0.0,58.0,0.0,1,0,80.12582
ENSG00000105393,BABAM1,chr19,17267343,17281249,1,0,325,,14,1,9,0,0.0,85.0,0.0,1,0,80.72066
ENSG00000269307,,chr19,17267418,17282966,1,1,0,0.77,19,3,12,0,0.0,0.0,0.0,1,0,80.78748235294117
ENSG00000160117,ANKLE1,chr19,17281645,17287649,1,1,0,0.77,11,2,9,0,0.0,84.0,0.0,0,0,81.4407857142857
ENSG00000127220,ABHD8,chr19,17292131,17310236,-1,6,0,0.7733,40,5,34,0,0.0,44.0,0.0,3,0,82.26404736842107
ENSG00000130312,MRPL34,chr19,17292609,17306843,1,5,0,0.774,32,4,27,0,0.0,42.0,0.0,2,0,82.22640666666668
ENSG00000130311,DDA1,chr19,17309518,17323298,1,1,0,0.77,30,1,28,0,0.0,38.0,0.0,1,0,82.80223571428573
ENSG00000074855,ANO8,chr19,17323223,17334855,-1,4,0,0.7975,34,1,33,0,0.0,68.0,0.0,3,0,83.00447692307692
ENSG00000130299,GTPBP3,chr19,17334920,17342735,1,3,0,0.8933,22,2,19,0,0.0,62.0,0.0,2,0,83.01870000000001
ENSG00000130300,PLVAP,chr19,17351450,17377356,-1,1,0,1.08,24,1,17,2,0.0,229.0,0.0,0,0,82.46094814814813
ENSG00000269720,CCDC194,chr19,17387196,17394196,-1,2,0,0.795,11,0,10,1,0.0,4.0,0.0,0,0,81.27362500000001
ENSG00000130303,BST2,chr19,17402933,17405665,-1,0,8666,,8,1,7,0,0.0,268.0,0.0,1,0,80.50215
ENSG00000141971,MVB12A,chr19,17405722,17433724,1,1,0,0.87,39,4,31,0,0.0,24.0,0.0,2,0,79.66833793103449
ENSG00000188051,TMEM221,chr19,17435509,17448668,-1,1,0,0.79,17,1,11,0,0.0,7.0,0.0,0,0,78.62617142857142
ENSG00000269035,,chr19,17436611,17460804,-1,2,0,0.855,36,2,23,1,0.0,0.0,0.0,0,0,78.417868
ENSG00000171773,NXNL1,chr19,17455425,17460926,-1,1,0,0.92,9,2,3,0,0.0,18.0,0.0,0,0,78.14962857142858
ENSG00000130304,SLC27A1,chr19,17467666,17506190,1,4,0,0.7375,62,2,56,1,0.0,131.0,0.0,1,0,78.01107435897438
ENSG00000130313,PGLS,chr19,17511620,17521288,1,2,0,0.79,19,2,14,0,0.0,39.0,0.0,1,0,78.57641
ENSG00000167483,NIBAN3,chr19,17523301,17553839,1,1,0,0.85,38,2,31,0,0.0,245.0,0.0,2,0,79.3331
ENSG00000130309,COLGALT1,chr19,17555631,17583162,1,3,0,0.83,37,1,28,2,0.0,111.0,0.0,1,0,80.27311785714286
ENSG00000130477,UNC13A,chr19,17601336,17688365,-1,6,0,0.8783,94,2,51,6,0.0,145.0,0.0,1,0,78.6339284090909
ENSG00000130479,MAP1S,chr19,17718607,17734518,1,2,0,0.815,32,3,29,0,0.0,97.0,0.0,2,0,73.1680705882353
ENSG00000130475,FCHO1,chr19,17747718,17788572,1,2,0,0.845,70,3,60,0,0.0,44.0,0.0,3,0,72.1405857142857
ENSG00000179913,B3GNT3,chr19,17794697,17814175,1,2,0,0.785,21,1,17,1,0.0,92.0,0.0,0,0,72.748955
ENSG00000248099,INSL3,chr19,17816512,17821574,-1,1,0,0.76,5,0,0,1,0.0,367.0,0.0,0,0,73.35256666666666
ENSG00000105639,JAK3,chr19,17824780,17848071,-1,3,0,0.68,40,2,34,1,1.0,1013.0,1.0,2,0,74.17527916666667
ENSG00000105640,RPL18A,chr19,17859868,17864153,1,1,0,0.96,10,3,7,0,0.0,75.0,0.0,1,0,75.43654000000001
ENSG00000105641,SLC5A5,chr19,17871945,17895174,1,2,0,0.7,30,1,19,4,0.0,410.0,0.0,1,0,76.3356375
ENSG00000007080,CCDC124,chr19,17932588,17944914,1,3,0,0.8033,20,1,14,1,0.0,25.0,0.0,1,0,77.5254153846154
ENSG00000105642,KCNN1,chr19,17947484,18000085,1,8,0,0.8275,82,4,57,5,0.0,262.0,0.0,2,0,77.59195925925926
ENSG00000105643,ARRDC2,chr19,18001126,18014102,1,4,0,0.9275,32,5,26,0,0.0,137.0,0.0,3,0,77.5688357142857
ENSG00000096996,IL12RB1,chr19,18058995,18098944,-1,1,0,0.75,43,4,32,0,0.0,261.0,0.0,4,0,77.76818536585365
ENSG00000099308,MAST3,chr19,18097749,18151692,1,8,0,0.835,94,4,73,2,0.0,127.0,0.0,7,0,77.91673636363635
ENSG00000268173,,chr19,18153158,18178117,1,6,0,0.845,61,2,55,3,0.0,2.0,0.0,3,0,78.17264615384615
ENSG00000105647,PIK3R2,chr19,18153160,18170541,1,5,0,0.838,41,1,36,3,0.0,418.0,0.0,2,0,78.13118421052631
ENSG00000216490,IFI30,chr19,18173162,18178121,1,1,0,0.88,13,1,12,0,0.0,123.0,0.0,1,0,78.29215
ENSG00000254858,MPV17L2,chr19,18193218,18196948,1,1,0,1.15,9,0,8,0,0.0,57.0,0.0,1,0,78.64052
ENSG00000105649,RAB3A,chr19,18196752,18204042,-1,2,0,0.96,11,1,8,0,0.0,120.0,0.0,1,0,78.76553750000001
ENSG00000285188,PDE4C,chr19,18207961,18255419,-1,4,0,0.7275,64,7,39,5,0.0,46.0,0.0,0,0,79.70769166666666
ENSG00000105650,PDE4C,chr19,18207965,18248200,-1,4,0,0.7275,54,6,34,4,0.0,198.0,0.0,0,0,79.58219268292682
ENSG00000284797,CIST1,chr19,18249950,18255395,-1,0,2277,,9,1,5,1,0.0,4.0,0.0,0,0,80.46205
ENSG00000130518,IQCN,chr19,18257098,18274500,-1,1,0,0.73,46,1,45,0,0.0,155.0,0.0,0,0,80.98495789473685
ENSG00000130522,JUND,chr19,18279694,18281622,-1,1,0,0.99,6,1,5,0,0.0,931.0,0.0,1,0,81.55183333333333
ENSG00000130520,LSM4,chr19,18306231,18323112,-1,2,0,1.03,41,1,40,0,0.0,56.0,0.0,3,0,82.63237222222223
ENSG00000130517,PGPEP1,chr19,18340587,18369950,1,1,0,0.83,48,1,45,0,0.0,349.0,0.0,1,0,83.50513
ENSG00000130513,GDF15,chr19,18374731,18389176,1,2,0,0.97,30,3,27,0,0.0,1015.0,0.0,0,0,83.85726
ENSG00000175489,LRRC25,chr19,18391137,18397622,-1,0,2250,,14,1,13,0,0.0,77.0,0.0,0,0,83.99482499999999
ENSG00000130511,SSBP4,chr19,18418864,18434563,1,3,0,0.8567,50,4,46,0,0.0,32.0,0.0,4,0,84.37556470588234
ENSG00000105655,ISYNA1,chr19,18434388,18438178,-1,1,0,0.67,11,3,8,0,0.0,1308.0,0.0,0,0,84.49132
ENSG00000105656,ELL,chr19,18442663,18522116,-1,3,0,0.83,168,2,161,0,3.0,220.0,1.0,6,0,85.03501125
ENSG00000105701,FKBP8,chr19,18531751,18544264,-1,1,0,0.85,24,3,14,3,0.0,125.0,0.0,2,0,85.34540000000001
ENSG00000105700,KXD1,chr19,18557683,18569387,1,1,0,1.01,10,2,7,0,0.0,56.0,0.0,1,0,85.199925
ENSG00000221983,UBA52,chr19,18571730,18577550,1,1,0,1.04,16,3,12,0,0.0,968.0,0.0,1,0,85.08730000000001
ENSG00000006016,CRLF1,chr19,18572220,18607741,-1,5,0,0.832,68,5,57,0,0.0,162.0,0.0,3,0,84.90522432432431
ENSG00000006015,REX1BD,chr19,18588685,18592338,1,1,0,0.74,7,1,6,0,0.0,94.0,0.0,1,0,84.90417500000001
ENSG00000105696,TMEM59L,chr19,18607430,18621040,1,2,0,0.795,28,2,22,0,0.0,44.0,0.0,0,0,84.58640666666665
ENSG00000167487,KLHL26,chr19,18637025,18671721,1,3,0,0.7667,61,1,57,0,0.0,30.0,0.0,1,0,83.97904166666666
ENSG00000105662,CRTC1,chr19,18683640,18782333,1,6,0,0.81,177,3,145,7,1.0,479.0,1.0,3,0,82.34917575757576
ENSG00000105664,COMP,chr19,18782773,18791305,-1,3,0,0.96,24,1,15,0,0.0,634.0,0.0,0,0,80.7662888888889
ENSG00000005007,UPF1,chr19,18831905,18868232,1,3,0,0.9667,81,2,78,0,0.0,164.0,0.0,1,0,79.1314
ENSG00000223802,CERS1,chr19,18868545,18896727,-1,2,0,0.935,46,2,38,0,0.0,390.0,0.0,0,0,78.83351379310346
ENSG00000130283,GDF1,chr19,18868545,18896158,-1,2,0,0.935,45,1,38,0,0.0,435.0,0.0,0,0,78.83360357142858
ENSG00000105669,COPE,chr19,18899514,18919400,-1,1,0,1.16,36,2,28,0,0.0,46.0,0.0,1,0,78.90206
ENSG00000268193,,chr19,18907013,18934397,-1,3,0,0.88,46,3,28,0,0.0,0.0,0.0,1,0,78.99926785714287
ENSG00000105671,DDX49,chr19,18919700,18929189,1,1,0,1.16,18,1,6,0,0.0,42.0,0.0,1,0,79.03448
ENSG00000051128,HOMER3,chr19,18929201,18941728,-1,3,0,0.7667,21,4,11,0,0.0,108.0,0.0,0,0,79.16222857142859
ENSG00000064607,SUGP2,chr19,18990888,19034040,-1,1,0,1.09,49,2,40,0,0.0,43.0,0.0,1,0,80.03977272727273
ENSG00000105676,ARMC6,chr19,19033575,19060311,1,1,0,1.09,43,3,33,0,0.0,27.0,0.0,1,0,80.3529074074074
ENSG00000181035,SLC25A42,chr19,19061697,19113030,1,2,0,0.955,81,1,73,0,0.0,132.0,0.0,1,0,80.79689038461538
ENSG00000064545,TMEM161A,chr19,19119169,19138513,-1,2,0,0.84,24,1,16,0,0.0,32.0,0.0,1,0,81.35223809523809
ENSG00000213999,MEF2B,chr19,19145567,19192131,-1,3,0,0.82,62,2,56,1,0.0,87.0,0.0,1,0,81.66314893617022
ENSG00000064489,BORCS8-MEF2B,chr19,19145569,19192158,-1,3,0,0.82,62,2,56,1,0.0,0.0,0.0,1,0,81.66314893617022
ENSG00000254901,BORCS8,chr19,19176902,19192591,-1,2,0,0.785,18,2,13,1,0.0,18.0,0.0,1,0,81.68307647058822
ENSG00000064490,RFXANK,chr19,19191957,19202844,1,2,0,0.785,16,2,12,0,0.0,77.0,0.0,2,0,81.61104166666668
ENSG00000184162,NR2C2AP,chr19,19201409,19203729,-1,1,0,1.06,8,1,7,0,0.0,45.0,0.0,1,0,81.566625
ENSG00000130287,NCAN,chr19,19211948,19252247,1,2,0,0.93,51,2,25,2,0.0,139.0,0.0,0,0,81.10480487804878
ENSG00000187664,HAPLN4,chr19,19254756,19262805,-1,3,0,0.8033,19,1,13,1,0.0,58.0,0.0,0,0,80.55068888888889
ENSG00000213996,TM6SF2,chr19,19264109,19273391,-1,1,0,0.8,19,1,6,3,0.0,242.0,0.0,0,0,80.35148
ENSG00000105705,SUGP1,chr19,19276018,19320511,-1,2,0,0.73,52,1,42,3,0.0,771.0,0.0,1,0,79.90031739130436
ENSG00000129933,MAU2,chr19,19320811,19358754,1,1,0,0.85,56,1,46,1,0.0,130.0,0.0,1,0,79.84091538461537
ENSG00000167491,GATAD2A,chr19,19385638,19508932,1,4,0,0.875,202,4,187,1,0.0,86.0,0.0,8,0,81.90875161290323
ENSG00000178093,TSSK6,chr19,19512418,19515548,-1,1,0,0.88,5,0,4,0,0.0,154.0,0.0,1,0,82.70588000000001
ENSG00000186010,NDUFA13,chr19,19515736,19529054,1,2,0,0.925,24,2,21,0,0.0,433.0,0.0,1,0,82.68693571428572
ENSG00000258674,,chr19,19516227,19536076,1,4,0,0.8775,42,2,33,1,0.0,1.0,0.0,1,0,82.6690380952381
ENSG00000250067,YJEFN3,chr19,19528861,19537584,1,4,0,0.87,22,1,15,1,0.0,36.0,0.0,0,0,82.6288
ENSG00000160161,CILP2,chr19,19538248,19546659,1,3,0,0.7867,21,1,14,0,0.0,131.0,0.0,0,0,82.54701
ENSG00000105717,PBX4,chr19,19561707,19618732,-1,1,0,0.97,73,2,66,2,0.0,117.0,0.0,8,0,81.5416327586207
ENSG00000064547,LPAR2,chr19,19623639,19628930,-1,2,0,0.79,11,2,9,0,0.0,759.0,0.0,1,0,80.29785
ENSG00000089639,GMIP,chr19,19629473,19643657,-1,3,0,0.8133,29,1,26,0,0.0,50.0,0.0,1,0,79.84494375
ENSG00000105726,ATP13A1,chr19,19645198,19663700,-1,2,0,0.77,45,2,32,0,0.0,44.0,0.0,1,0,78.94399499999999
ENSG00000181896,ZNF101,chr19,19668796,19683509,1,1,0,0.71,18,2,15,0,0.0,29.0,0.0,1,0,77.70411874999999
ENSG00000105708,ZNF14,chr19,19710472,19733112,-1,1,0,0.82,13,1,11,0,0.0,27.0,0.0,1,0,74.72393749999999
ENSG00000081665,ZNF506,chr19,19761038,19821751,-1,0,27904,,40,3,29,1,0.0,32.0,0.0,3,0,69.21251451612903
ENSG00000256771,ZNF253,chr19,19865881,19894674,1,0,4827,,16,2,10,0,0.0,235.0,0.0,1,0,62.37019333333334
ENSG00000184635,ZNF93,chr19,19900913,19963464,1,1,0,0.74,39,2,29,0,0.0,50.0,0.0,1,0,59.321020634920636
ENSG00000197124,ZNF682,chr19,19997058,20039505,-1,1,0,0.84,13,3,6,0,0.0,43.0,0.0,1,0,55.02184222222222
ENSG00000213988,ZNF90,chr19,20077994,20127076,1,0,25696,,27,3,20,0,0.0,29.0,0.0,1,0,50.430376
ENSG00000256229,ZNF486,chr19,20167214,20200488,1,0,114916,,19,1,16,0,0.0,33.0,0.0,1,0,45.06551176470588
ENSG00000293570,,chr19,20358163,20371960,1,0,305865,,15,0,15,0,0.0,6.0,0.0,0,0,36.02315999999999
ENSG00000237440,ZNF737,chr19,20535825,20565809,-1,0,483527,,16,1,13,0,0.0,20.0,0.0,1,0,27.219645161290323
ENSG00000188171,ZNF626,chr19,20619939,20661596,-1,0,420762,,10,1,7,0,0.0,28.0,0.0,1,0,36.703937209302325
ENSG00000160229,ZNF66,chr19,20776304,20810361,1,0,271997,,10,1,7,0,0.0,13.0,0.0,1,0,31.424734285714287
ENSG00000105750,ZNF85,chr19,20923222,20950697,1,0,131661,,13,2,9,0,0.0,55.0,0.0,1,0,39.45283448275861
ENSG00000118620,ZNF430,chr19,21020614,21060050,1,0,22308,,21,1,15,0,0.0,17.0,0.0,1,0,41.48586
ENSG00000160352,ZNF714,chr19,21077069,21125270,1,1,0,0.66,30,1,23,2,0.0,44.0,0.0,1,0,45.88945918367347
ENSG00000196705,ZNF431,chr19,21142005,21196053,1,0,59378,,31,2,24,1,0.0,25.0,0.0,1,0,51.851154545454555
ENSG00000182141,ZNF708,chr19,21284033,21329425,-1,0,134101,,23,2,18,0,0.0,63.0,0.0,1,0,57.5260804347826
ENSG00000172687,ZNF738,chr19,21358930,21388582,1,0,74944,,10,2,4,0,0.0,52.0,0.0,1,0,55.927464516129035
ENSG00000196268,ZNF493,chr19,21397119,21427577,1,0,35949,,9,1,6,0,0.0,62.0,0.0,1,0,53.85130625
ENSG00000269237,,chr19,21405159,21491266,1,3,0,0.7067,54,4,33,2,0.0,0.0,0.0,0,0,52.139279310344826
ENSG00000197013,ZNF429,chr19,21496682,21556270,1,1,0,0.77,30,2,16,0,0.0,142.0,0.0,1,0,50.543670000000006
ENSG00000197020,ZNF100,chr19,21722771,21767598,-1,2,0,0.735,25,2,9,2,0.0,32.0,0.0,1,0,53.889849999999996
ENSG00000198521,ZNF43,chr19,21804946,21852125,-1,2,0,0.695,27,3,21,0,0.0,39.0,0.0,2,0,52.78063958333333
ENSG00000160321,ZNF208,chr19,21932958,22010949,-1,2,0,0.735,10,3,2,0,0.0,65.0,0.0,0,0,43.112354430379746
ENSG00000197134,ZNF257,chr19,22052430,22091480,1,0,41649,,8,1,3,0,0.0,34.0,0.0,1,0,38.4211925
ENSG00000196109,ZNF676,chr19,22178486,22215801,-1,0,45838,,6,1,2,0,0.0,54.0,0.0,0,0,30.275864102564093
ENSG00000196350,ZNF729,chr19,22286441,22317176,1,1,0,0.67,8,1,1,1,0.0,78.0,0.0,0,0,24.818831250000002
ENSG00000197360,ZNF98,chr19,22391019,22532485,-1,2,0,0.78,54,3,36,1,0.0,20.0,0.0,0,0,25.41183802816901
ENSG00000229676,ZNF492,chr19,22634324,22667671,1,1,0,0.61,4,1,2,0,0.0,35.0,0.0,1,0,24.15732857142857
ENSG00000213973,ZNF99,chr19,22752183,22784151,-1,0,23056,,4,1,1,1,0.0,26.0,0.0,0,0,20.09311818181818
ENSG00000268696,ZNF723,chr19,22832291,22858667,1,0,24442,,5,1,0,0,0.0,14.0,0.0,0,0,20.23315
ENSG00000269067,ZNF728,chr19,22974883,23003176,-1,1,0,0.69,3,1,1,0,0.0,36.0,0.0,0,0,19.109489655172414
ENSG00000183850,ZNF730,chr19,23075210,23147221,1,2,0,0.74,27,2,15,0,0.0,18.0,0.0,0,0,18.862039726027394
ENSG00000196081,ZNF724,chr19,23221599,23250394,-1,0,17332,,8,1,7,0,0.0,28.0,0.0,1,0,22.00452068965517
ENSG00000283201,,chr19,23222755,23274221,-1,1,0,0.86,33,2,26,1,0.0,0.0,0.0,2,0,22.142828846153844
ENSG00000167232,ZNF91,chr19,23304991,23395501,-1,0,30925,,62,4,51,1,0.0,74.0,0.0,1,0,21.67589565217391
ENSG00000197372,ZNF675,chr19,23525631,23687220,-1,0,54189,,88,2,67,2,0.0,32.0,0.0,1,0,29.674557407407406
ENSG00000196172,ZNF681,chr19,23739195,23758891,-1,1,0,0.63,13,1,5,2,0.0,40.0,0.0,1,0,33.07626190476191
ENSG00000288920,RPSA2,chr19,23762944,23871162,1,1,0,0.69,76,4,61,2,0.0,270.0,0.0,3,0,35.45325596330276
ENSG00000213967,ZNF726,chr19,23914876,23945159,1,0,26496,,11,2,4,0,0.0,42.0,0.0,1,0,36.89981612903227
ENSG00000213096,ZNF254,chr19,24033405,24129968,1,0,61448,,74,3,57,3,0.0,49.0,0.0,2,0,34.15570918367347
ENSG00000169021,UQCRFS1,chr19,29205320,29213151,-1,1,0,0.91,12,1,9,0,0.0,386.0,0.0,1,0,75.04554444444445
ENSG00000187135,VSTM2B,chr19,29524739,29564553,1,1,0,0.82,50,2,32,5,0.0,25.0,0.0,0,0,54.63535365853657
ENSG00000105171,POP4,chr19,29606283,29617237,1,2,0,0.94,19,1,17,0,0.0,47.0,0.0,1,0,50.423566666666666
ENSG00000166289,PLEKHF1,chr19,29665398,29675477,1,2,0,0.835,27,1,26,0,0.0,60.0,0.0,3,0,48.73763636363637
ENSG00000131943,C19orf12,chr19,29698937,29716060,-1,1,0,0.75,30,3,25,0,0.0,110.0,0.0,2,0,49.122616666666666
ENSG00000105173,CCNE1,chr19,29811471,29824313,1,1,0,1.21,14,3,9,0,2.0,678.0,1.0,1,0,53.70002857142857
ENSG00000105176,URI1,chr19,29923644,30016612,1,1,0,1.06,84,2,59,3,0.0,146.0,0.0,1,0,62.15343052631578
ENSG00000198597,ZNF536,chr19,30224891,30713586,1,4,0,0.86,511,4,428,11,0.0,124.0,0.0,0,0,62.397085714285716
ENSG00000121297,TSHZ3,chr19,31149979,31349436,-1,2,0,0.905,210,3,170,9,0.0,162.0,0.0,2,0,36.5969875
ENSG00000168813,ZNF507,chr19,32345594,32387667,1,1,0,0.91,52,2,47,0,0.0,46.0,0.0,1,0,36.57113720930233
ENSG00000178904,DPY19L3,chr19,32405543,32485895,1,1,0,0.93,68,2,47,4,0.0,138.0,0.0,1,0,40.83630617283951
ENSG00000105185,PDCD5,chr19,32581188,32587453,1,1,0,0.83,6,3,3,0,0.0,169.0,0.0,1,0,51.33471428571429
ENSG00000105186,ANKRD27,chr19,32597000,32676597,-1,2,0,0.77,86,3,66,5,0.0,95.0,0.0,1,0,53.895779012345685
ENSG00000186326,RGS9BP,chr19,32675848,32678300,1,1,0,0.92,7,1,6,0,0.0,23.0,0.0,1,0,55.5924
ENSG00000213965,NUDT19,chr19,32691821,32713792,1,1,0,0.96,28,1,24,1,0.0,37.0,0.0,1,0,56.85711739130436
ENSG00000173809,TDRD12,chr19,32719753,32829580,1,2,0,0.76,76,2,45,6,0.0,177.0,0.0,1,0,61.428231531531516
ENSG00000021488,SLC7A9,chr19,32830508,32869805,-1,0,102004,,27,1,15,1,0.0,321.0,0.0,0,0,66.21135
ENSG00000121289,CEP89,chr19,32875925,32971992,-1,1,0,0.86,53,1,29,4,0.0,140.0,0.0,1,0,68.72505876288659
ENSG00000131944,FAAP24,chr19,32972209,32978229,1,1,0,0.86,9,2,7,0,0.0,35.0,0.0,1,0,69.42907142857143
ENSG00000131941,RHPN2,chr19,32978592,33064888,-1,1,0,0.87,92,1,73,2,0.0,93.0,0.0,0,0,69.47685172413794
ENSG00000076650,GPATCH1,chr19,33080899,33130954,1,1,0,0.76,49,1,34,6,0.0,41.0,0.0,1,0,70.3633862745098
ENSG00000166359,WDR88,chr19,33132090,33175799,1,2,0,0.875,41,1,27,2,0.0,33.0,0.0,1,0,71.61701777777778
ENSG00000130881,LRP3,chr19,33177603,33208864,1,3,0,0.84,58,1,47,1,0.0,75.0,0.0,1,0,72.4526
ENSG00000130876,SLC7A10,chr19,33208657,33225850,-1,1,0,0.91,33,3,20,1,0.0,187.0,0.0,0,0,72.64615555555557
ENSG00000245848,CEBPA,chr19,33299934,33302534,-1,1,0,0.98,9,4,5,0,5.0,888.0,1.0,0,0,70.853125
ENSG00000153879,CEBPG,chr19,33373685,33382686,1,1,0,1.06,15,1,13,0,0.0,77.0,0.0,1,0,68.00559000000001
ENSG00000124299,PEPD,chr19,33386950,33521823,-1,3,0,0.8767,229,2,204,6,0.0,450.0,0.0,1,0,66.31044926470588
ENSG00000124302,CHST8,chr19,33621942,33773509,1,3,0,0.9,181,2,126,11,0.0,184.0,0.0,0,0,63.59077254901962
ENSG00000153885,KCTD15,chr19,33795933,33815763,1,2,0,1.03,38,2,34,0,0.0,139.0,0.0,2,0,55.57169523809524
ENSG00000257103,LSM14A,chr19,34172426,34229302,1,1,0,0.98,63,1,50,1,0.0,179.0,0.0,2,0,49.363536206896555
ENSG00000166398,GARRE1,chr19,34254543,34355566,1,1,0,1.16,127,1,120,0,0.0,54.0,0.0,8,0,56.267085294117656
ENSG00000105220,GPI,chr19,34359480,34402413,1,2,0,0.89,57,4,47,0,0.0,611.0,0.0,3,0,60.823638636363654
ENSG00000266953,,chr19,34396315,34409364,1,1,0,0.84,16,2,12,0,0.0,0.0,0.0,1,0,61.81134285714286
ENSG00000126249,PDCD2L,chr19,34404399,34426168,1,1,0,0.84,12,2,7,0,0.0,55.0,0.0,1,0,62.30646956521739
ENSG00000126261,UBA2,chr19,34428352,34471251,1,1,0,0.99,29,3,23,0,0.0,99.0,0.0,2,0,63.54700454545456
ENSG00000142279,WTIP,chr19,34481682,34512304,1,2,0,0.83,42,1,32,2,0.0,73.0,0.0,0,0,65.15711612903226
ENSG00000205209,SCGB2B2,chr19,34590644,34677159,-1,0,81,,49,4,31,2,0.0,4.0,0.0,2,0,71.62669195402299
ENSG00000089335,ZNF302,chr19,34677084,34687065,1,1,0,1.01,13,4,3,0,0.0,31.0,0.0,1,0,74.85448181818182
ENSG00000197841,ZNF181,chr19,34734155,34745386,1,1,0,0.96,8,2,4,0,0.0,7.0,0.0,1,0,78.17459166666667
ENSG00000153896,ZNF599,chr19,34758073,34773229,-1,1,0,1.02,11,1,6,0,0.0,10.0,0.0,1,0,79.0588375
ENSG00000168661,ZNF30,chr19,34926887,34945172,1,1,0,0.9,9,1,6,0,0.0,21.0,0.0,1,0,73.72503157894737
ENSG00000180884,ZNF792,chr19,34956354,34964284,-1,1,0,0.74,15,2,11,0,0.0,20.0,0.0,1,0,71.73291111111111
ENSG00000089351,GRAMD1A,chr19,34994784,35026471,1,2,0,0.78,59,2,54,0,0.0,46.0,0.0,7,0,67.62962727272726
ENSG00000105711,SCN1B,chr19,35030447,35040455,1,2,0,0.865,24,6,18,0,0.0,343.0,0.0,0,0,65.94896363636363
ENSG00000105707,HPN,chr19,35040506,35066592,1,2,0,0.76,44,3,35,1,0.0,168.0,0.0,0,0,64.96345925925925
ENSG00000285526,,chr19,35106510,35124297,1,0,211,,36,8,28,0,0.0,0.0,0.0,1,0,63.183811111111105
ENSG00000089356,FXYD3,chr19,35115521,35125653,1,1,0,0.84,21,6,15,0,0.0,94.0,0.0,1,0,63.09834545454546
ENSG00000153902,LGI4,chr19,35124510,35142451,-1,3,0,0.7567,36,7,28,0,0.0,104.0,0.0,2,0,62.93093888888888
ENSG00000266964,FXYD1,chr19,35137159,35143109,1,1,0,0.72,17,6,11,0,0.0,92.0,0.0,1,0,62.85024285714285
ENSG00000221946,FXYD7,chr19,35143148,35154302,1,1,0,0.6,26,1,22,0,0.0,17.0,0.0,1,0,62.75185
ENSG00000089327,FXYD5,chr19,35154569,35171791,1,1,0,0.76,36,2,31,0,0.0,152.0,0.0,3,0,62.58565555555557
ENSG00000177558,FAM187B,chr19,35224800,35228739,-1,1,0,0.61,7,0,5,0,0.0,3.0,0.0,0,0,61.9739
ENSG00000105699,LSR,chr19,35248330,35267967,1,2,0,0.905,49,5,41,0,0.0,116.0,0.0,2,0,61.87826666666666
ENSG00000105698,USF2,chr19,35268962,35279821,1,2,0,0.875,25,2,22,0,0.0,133.0,0.0,1,0,61.921033333333334
ENSG00000105697,HAMP,chr19,35280716,35285143,1,0,1515,,9,2,7,0,0.0,787.0,0.0,0,0,61.97349999999999
ENSG00000105695,MAG,chr19,35291647,35316351,1,3,0,0.7467,52,1,48,0,0.0,500.0,0.0,0,0,62.201132
ENSG00000012124,CD22,chr19,35319261,35347361,1,0,4166,,50,4,41,0,0.0,540.0,0.0,0,0,62.70238620689655
ENSG00000126266,FFAR1,chr19,35347902,35353864,1,1,0,0.62,16,1,15,0,0.0,209.0,0.0,0,0,63.10982857142857
ENSG00000185897,FFAR3,chr19,35358348,35360489,1,0,6064,,4,1,1,0,0.0,164.0,0.0,0,0,63.3191
ENSG00000126251,GPR42,chr19,35371068,35372962,1,0,18784,,2,0,0,0,0.0,706.0,0.0,0,0,63.691599999999994
ENSG00000126262,FFAR2,chr19,35443907,35451767,1,0,81513,,17,3,14,0,0.0,433.0,0.0,0,0,66.46124444444445
ENSG00000188508,KRTDAP,chr19,35487324,35495558,-1,0,37722,,7,1,5,0,0.0,28.0,0.0,0,0,68.18664
ENSG00000161249,DMKN,chr19,35497220,35513693,-1,0,19587,,24,4,17,1,0.0,146.0,0.0,0,0,68.70200000000001
ENSG00000189001,SBSN,chr19,35523367,35528351,-1,0,4929,,6,1,3,0,0.0,73.0,0.0,0,0,69.39848333333333
ENSG00000105679,GAPDHS,chr19,35533455,35545319,1,2,0,0.825,17,2,15,0,0.0,157.0,0.0,1,0,69.84763846153847
ENSG00000105677,TMEM147,chr19,35545600,35547527,1,1,0,0.89,4,1,3,0,0.0,49.0,0.0,1,0,70.11063333333334
ENSG00000105675,ATP4A,chr19,35550031,35563658,-1,1,0,0.78,33,1,23,0,0.0,1249.0,0.0,0,0,70.4384
ENSG00000283758,PMIS2,chr19,35586161,35587296,1,0,25356,,2,1,0,0,0.0,125.0,0.0,0,0,71.422
ENSG00000249115,HAUS5,chr19,35612735,35625355,1,1,0,1.1,15,1,9,1,0.0,37.0,0.0,1,0,72.58212307692308
ENSG00000126254,RBM42,chr19,35628989,35638927,1,2,0,0.885,17,1,14,0,0.0,24.0,0.0,1,0,73.14999090909092
ENSG00000105672,ETV2,chr19,35641745,35644871,1,1,0,0.72,9,2,7,0,0.0,74.0,0.0,1,0,73.5141
ENSG00000126267,COX6B1,chr19,35648230,35658795,1,0,3351,,6,2,2,1,0.0,105.0,0.0,1,0,73.89186666666667
ENSG00000105668,UPK1A,chr19,35666517,35678481,1,1,0,0.78,16,2,3,1,0.0,100.0,0.0,0,0,74.56268333333334
ENSG00000011590,ZBTB32,chr19,35704558,35717048,1,2,0,0.855,24,2,19,1,0.0,66.0,0.0,3,0,75.52389230769231
ENSG00000272333,KMT2B,chr19,35717973,35738880,1,4,0,0.745,55,1,53,0,0.0,540.0,0.0,1,0,75.70828636363636
ENSG00000126246,IGFLR1,chr19,35738798,35742455,-1,1,0,0.78,11,2,9,0,0.0,48.0,0.0,2,0,75.747975
ENSG00000267120,,chr19,35739252,35745432,-1,2,0,0.79,18,3,15,0,0.0,0.0,0.0,3,0,75.7443
ENSG00000161265,U2AF1L4,chr19,35742464,35745445,-1,1,0,0.8,9,2,7,0,0.0,33.0,0.0,2,0,75.74095
ENSG00000205155,PSENEN,chr19,35745070,35747519,1,1,0,0.8,5,1,4,0,0.0,67.0,0.0,1,0,75.728225
ENSG00000188223,,chr19,35745678,35754519,1,1,0,0.86,22,5,17,0,0.0,0.0,0.0,2,0,75.70011
ENSG00000267796,LIN37,chr19,35748361,35754519,1,1,0,0.86,17,4,13,0,0.0,15.0,0.0,1,0,75.69300000000001
ENSG00000004776,HSPB6,chr19,35754566,35758079,-1,2,0,0.8,11,3,8,0,0.0,192.0,0.0,2,0,75.644425
ENSG00000167595,PROSER3,chr19,35758143,35771398,1,1,0,0.87,19,1,17,0,0.0,31.0,0.0,1,0,75.52796428571428
ENSG00000004777,ARHGAP33,chr19,35774532,35788822,1,1,0,1.13,36,1,32,0,0.0,40.0,0.0,0,0,75.15666666666667
ENSG00000250799,PRODH2,chr19,35799975,35813299,-1,0,24108,,15,1,7,2,0.0,78.0,0.0,0,0,74.41426428571428
ENSG00000161270,NPHS1,chr19,35825372,35869287,-1,5,0,0.796,54,10,34,1,0.0,361.0,0.0,0,0,72.86801111111112
ENSG00000126259,KIRREL2,chr19,35851369,35867145,1,2,0,0.71,26,5,17,0,0.0,50.0,0.0,0,0,72.3814294117647
ENSG00000105290,APLP1,chr19,35867899,35879803,1,3,0,0.82,14,4,7,0,0.0,101.0,0.0,0,0,71.7690923076923
ENSG00000167604,NFKBID,chr19,35887630,35902303,-1,2,0,0.75,34,2,32,0,0.0,231.0,0.0,1,0,70.95895999999999
ENSG00000126264,HCST,chr19,35900635,35904377,1,1,0,0.78,11,4,7,0,0.0,185.0,0.0,2,0,70.688675
ENSG00000011600,TYROBP,chr19,35904401,35908301,-1,0,3714,,10,1,9,0,0.0,491.0,0.0,1,0,70.56794
ENSG00000126243,LRFN3,chr19,35935358,35946624,1,3,0,0.8633,26,2,19,1,0.0,47.0,0.0,2,0,69.53351538461537
ENSG00000205138,SDHAF1,chr19,35995188,35996312,1,1,0,0.93,4,1,3,0,0.0,33.0,0.0,1,0,68.85310000000001
ENSG00000181392,SYNE4,chr19,36003282,36008831,-1,0,436,,8,1,6,0,0.0,33.0,0.0,0,0,68.90935714285713
ENSG00000239382,ALKBH6,chr19,36009120,36014297,-1,1,0,1.08,10,2,8,0,0.0,18.0,0.0,1,0,68.96305
ENSG00000105270,CLIP3,chr19,36014660,36033343,-1,1,0,0.67,21,3,12,1,0.0,36.0,0.0,1,0,69.15633157894736
ENSG00000161277,THAP8,chr19,36034984,36054739,-1,1,0,0.97,22,3,18,0,0.0,9.0,0.0,1,0,69.66482380952382
ENSG00000075702,WDR62,chr19,36054649,36105108,1,1,0,0.97,52,3,43,0,0.0,274.0,0.0,1,0,71.04110392156862
ENSG00000105261,OVOL3,chr19,36111116,36113711,1,1,0,0.77,7,1,6,0,0.0,9.0,0.0,0,0,72.602625
ENSG00000105258,POLR2I,chr19,36113709,36115213,-1,1,0,0.77,6,3,3,0,0.0,42.0,0.0,1,0,72.7027
ENSG00000105254,TBCB,chr19,36114289,36125947,1,2,0,0.81,17,5,11,0,0.0,39.0,0.0,1,0,72.97526923076921
ENSG00000126247,CAPNS1,chr19,36139953,36150356,1,1,0,0.87,15,3,10,0,0.0,143.0,0.0,2,0,74.1508181818182
ENSG00000161281,COX7A1,chr19,36150922,36152449,-1,1,0,0.66,7,3,4,0,0.0,159.0,0.0,0,0,74.43025
ENSG00000196357,ZNF565,chr19,36181542,36246257,-1,2,0,0.85,57,3,45,0,0.0,18.0,0.0,1,0,75.83797230769231
ENSG00000167635,ZNF146,chr19,36214602,36238774,1,1,0,0.93,26,2,20,0,0.0,336.0,0.0,1,0,75.934372
ENSG00000142065,ZFP14,chr19,36334453,36379201,-1,1,0,0.83,16,2,5,0,0.0,88.0,0.0,1,0,72.77291086956521
ENSG00000181007,ZFP82,chr19,36383120,36418667,-1,1,0,0.9,13,1,9,1,0.0,36.0,0.0,1,0,71.89151351351352
ENSG00000186017,ZNF566,chr19,36445119,36489902,-1,1,0,0.86,18,2,8,0,0.0,20.0,0.0,1,0,71.07983695652175
ENSG00000254004,ZNF260,chr19,36510687,36528696,-1,1,0,0.79,10,1,7,0,0.0,64.0,0.0,1,0,70.7078
ENSG00000186020,ZNF529,chr19,36534774,36605276,-1,2,0,0.82,29,4,16,0,0.0,29.0,0.0,2,0,71.0595281690141
ENSG00000161298,ZNF382,chr19,36604817,36634114,1,1,0,0.89,9,2,4,0,0.0,62.0,0.0,1,0,71.44664666666667
ENSG00000197808,ZNF461,chr19,36636618,36666853,-1,1,0,0.88,12,1,4,0,0.0,15.0,0.0,1,0,70.66275806451614
ENSG00000189042,ZNF567,chr19,36687268,36727701,1,1,0,0.97,10,1,6,0,0.0,12.0,0.0,1,0,65.27348571428573
ENSG00000267041,ZNF850,chr19,36714383,36772825,-1,1,0,0.83,23,1,19,0,0.0,13.0,0.0,2,0,59.384463333333336
ENSG00000197863,ZNF790,chr19,36816904,36850787,-1,2,0,0.88,20,4,10,0,0.0,9.0,0.0,2,0,45.74326857142857
ENSG00000251247,ZNF345,chr19,36850338,36913029,1,2,0,0.85,13,4,1,0,0.0,12.0,0.0,1,0,42.1981375
ENSG00000291239,,chr19,36850858,36998682,1,3,0,0.85,44,6,22,0,0.0,0.0,0.0,3,0,39.70175100671141
ENSG00000185869,ZNF829,chr19,36888124,36916291,-1,1,0,0.88,7,2,1,0,0.0,17.0,0.0,1,0,41.00285172413793
ENSG00000198453,ZNF568,chr19,36916316,37005037,1,2,0,0.785,31,2,20,0,0.0,31.0,0.0,2,0,37.671311111111116
ENSG00000197050,ZNF420,chr19,37007823,37130368,1,1,0,0.8,38,2,17,0,0.0,26.0,0.0,1,0,33.929243902439026
ENSG00000267360,,chr19,37093019,37210512,-1,0,7469,,27,4,10,0,0.0,0.0,0.0,2,0,33.49683613445379
ENSG00000196967,ZNF585A,chr19,37106734,37172741,-1,0,28087,,16,2,4,0,0.0,23.0,0.0,1,0,33.6895552238806
ENSG00000245680,ZNF585B,chr19,37181579,37218153,-1,1,0,0.78,12,3,7,0,0.0,16.0,0.0,2,0,32.927997297297296
ENSG00000188283,ZNF383,chr19,37217926,37248740,1,1,0,0.78,13,3,5,0,0.0,15.0,0.0,1,0,32.1549
ENSG00000181666,ZNF875,chr19,37312837,37369365,1,3,0,0.8267,46,6,34,0,0.0,21.0,0.0,2,0,31.662814035087717
ENSG00000189164,ZNF527,chr19,37371061,37393066,1,1,0,0.97,7,1,2,0,0.0,15.0,0.0,1,0,31.956095652173918
ENSG00000196437,ZNF569,chr19,37410878,37469282,-1,2,0,0.81,16,4,8,0,0.0,348.0,0.0,2,0,31.083149152542376
ENSG00000171827,ZNF570,chr19,37467508,37488652,1,1,0,0.79,15,3,7,0,0.0,169.0,0.0,2,0,29.902431818181814
ENSG00000188227,ZNF793,chr19,37506428,37548762,1,2,0,0.925,19,4,10,0,0.0,40.0,0.0,1,0,29.192363636363634
ENSG00000171817,ZNF540,chr19,37551406,37614179,1,1,0,0.92,27,3,14,0,0.0,31.0,0.0,2,0,30.960265624999998
ENSG00000180479,ZNF571,chr19,37554782,37595134,-1,1,0,0.92,18,2,8,0,0.0,25.0,0.0,1,0,30.527034146341464
ENSG00000120784,ZFP30,chr19,37613749,37692337,-1,2,0,0.905,28,6,10,0,0.0,27.0,0.0,2,0,34.27348101265823
ENSG00000267552,,chr19,37689865,37719188,-1,1,0,1.0,15,3,10,0,0.0,0.0,0.0,2,0,34.58859999999999
ENSG00000198182,ZNF607,chr19,37696363,37719775,-1,1,0,0.82,10,3,6,0,0.0,20.0,0.0,1,0,34.506748
ENSG00000189144,ZNF573,chr19,37735833,37817300,-1,3,0,0.8633,35,2,20,1,0.0,35.0,0.0,1,0,31.91946707317073
ENSG00000171804,WDR87,chr19,37884823,37906677,-1,1,0,0.96,24,1,13,2,0.0,28.0,0.0,1,0,31.847282608695654
ENSG00000105738,SIPA1L3,chr19,37907208,38208369,1,2,0,0.885,406,2,374,4,0.0,254.0,0.0,2,0,40.80165264900662
ENSG00000011332,DPF1,chr19,38211006,38229714,-1,4,0,0.775,40,4,31,0,0.0,48.0,0.0,0,0,51.60009
ENSG00000167642,SPINT2,chr19,38244035,38292615,1,2,0,0.835,89,4,82,0,0.0,184.0,0.0,1,0,55.264958
ENSG00000167641,PPP1R14A,chr19,38251237,38256557,-1,1,0,0.81,16,3,13,0,0.0,127.0,0.0,0,0,54.32145714285714
ENSG00000267748,,chr19,38289151,38304910,1,0,10885,,25,1,24,0,0.0,1.0,0.0,0,0,56.901411764705884
ENSG00000167645,YIF1B,chr19,38303558,38317273,-1,1,0,1.27,25,3,20,0,0.0,65.0,0.0,2,0,57.46302857142858
ENSG00000167644,C19orf33,chr19,38304164,38305006,1,0,10789,,4,1,3,0,0.0,38.0,0.0,0,0,57.23295
ENSG00000099337,KCNK6,chr19,38319845,38332076,1,1,0,0.92,16,1,9,1,0.0,116.0,0.0,1,0,57.98553076923077
ENSG00000099338,CATSPERG,chr19,38335775,38370943,1,4,0,0.8375,45,3,27,2,0.0,25.0,0.0,1,0,58.74718333333332
ENSG00000099341,PSMD8,chr19,38374563,38383850,1,1,0,0.95,22,3,18,0,0.0,113.0,0.0,1,0,59.511799999999994
ENSG00000179168,GGN,chr19,38384267,38388274,-1,1,0,0.72,12,2,10,0,0.0,30.0,0.0,0,0,59.74061999999999
ENSG00000188766,SPRED3,chr19,38388421,38399588,1,2,0,0.815,24,5,17,0,0.0,46.0,0.0,1,0,60.055746153846144
ENSG00000130244,FAM98C,chr19,38403093,38409088,1,1,0,0.9,6,1,5,0,0.0,17.0,0.0,1,0,60.585885714285716
ENSG00000171777,RASGRP4,chr19,38409051,38426305,-1,1,0,0.66,26,1,20,2,0.0,118.0,0.0,1,0,61.18003333333333
ENSG00000196218,RYR1,chr19,38433691,38595273,1,9,0,0.8522,206,4,126,23,0.0,977.0,0.0,1,0,67.83198086419753
ENSG00000104814,MAP4K1,chr19,38587641,38619161,-1,2,0,0.92,30,4,17,2,0.0,242.0,0.0,1,0,72.90798125
ENSG00000178982,EIF3K,chr19,38619055,38636959,1,1,0,1.12,24,1,21,0,0.0,169.0,0.0,2,0,73.71967894736842
ENSG00000130402,ACTN4,chr19,38647605,38731589,1,2,0,0.995,190,2,188,0,0.0,349.0,0.0,7,0,75.96883764705882
ENSG00000182472,CAPN12,chr19,38730187,38769904,-1,2,0,0.82,56,2,39,3,0.0,85.0,0.0,2,0,78.87051219512196
ENSG00000205076,LGALS7,chr19,38770968,38773517,-1,1,0,0.79,1,0,0,0,0.0,181.0,0.0,0,0,80.02735
ENSG00000178934,LGALS7B,chr19,38789200,38791754,1,1,0,0.76,2,0,1,0,0.0,95.0,0.0,0,0,80.811375
ENSG00000171747,LGALS4,chr19,38801671,38813070,-1,0,8649,,21,1,13,0,0.0,290.0,0.0,0,0,81.3804
ENSG00000104823,ECH1,chr19,38815417,38831874,-1,1,0,1.12,37,3,33,0,0.0,78.0,0.0,1,0,81.73352222222222
ENSG00000268083,,chr19,38817471,38840178,-1,1,0,1.12,53,4,47,0,0.0,0.0,0.0,1,0,81.79925
ENSG00000104824,HNRNPL,chr19,38836370,38852347,-1,1,0,0.97,43,5,38,0,0.0,144.0,0.0,2,0,81.91796470588235
ENSG00000187994,RINL,chr19,38867830,38878275,-1,1,0,0.7,20,3,17,0,0.0,106.0,0.0,2,0,81.68400909090909
ENSG00000068903,SIRT2,chr19,38878555,38900501,-1,1,0,0.8,38,2,34,0,0.0,473.0,0.0,2,0,81.33727391304348
ENSG00000104825,NFKBIB,chr19,38899700,38908893,1,3,0,0.7467,17,2,13,0,0.0,156.0,0.0,1,0,80.98597000000001
ENSG00000262484,CCER2,chr19,38908980,38912186,-1,1,0,0.8,8,1,5,0,0.0,11.0,0.0,0,0,80.83087499999999
ENSG00000104835,SARS2,chr19,38915266,38930768,-1,1,0,1.05,27,3,23,0,0.0,116.0,0.0,2,0,80.50867058823529
ENSG00000269547,,chr19,38915404,38949855,-1,1,0,1.05,58,4,45,0,0.0,0.0,0.0,2,0,80.28261388888889
ENSG00000128626,MRPS12,chr19,38930923,38933183,1,1,0,1.05,6,1,5,0,0.0,120.0,0.0,1,0,80.28406666666666
ENSG00000269190,FBXO17,chr19,38941401,38976773,-1,2,0,0.87,53,4,36,0,0.0,42.0,0.0,0,0,79.74993243243244
ENSG00000161243,FBXO27,chr19,38990714,39033773,-1,1,0,0.82,44,3,30,1,0.0,30.0,0.0,0,0,79.43095454545454
ENSG00000183760,ACP7,chr19,39083913,39111497,1,2,0,0.745,40,3,23,2,0.0,20.0,0.0,0,0,80.17098214285713
ENSG00000130669,PAK4,chr19,39125728,39182816,1,3,0,0.9433,131,4,119,3,0.0,194.0,0.0,1,0,80.44793275862067
ENSG00000188505,NCCRP1,chr19,39196964,39201884,1,2,0,0.785,15,1,14,0,0.0,28.0,0.0,0,0,80.64970000000001
ENSG00000179751,SYCN,chr19,39202825,39204263,-1,1,0,0.95,5,1,4,0,0.0,30.0,0.0,0,0,80.68165
ENSG00000197110,IFNL3,chr19,39243455,39245250,-1,0,1799,,2,0,1,1,0.0,278.0,0.0,0,0,81.18273333333333
ENSG00000272395,IFNL4,chr19,39246314,39248856,-1,1,0,0.71,6,2,2,0,0.0,106.0,0.0,0,0,81.23737500000001
ENSG00000183709,IFNL2,chr19,39268396,39270188,1,0,2496,,3,0,1,1,0.0,178.0,0.0,0,0,81.5792
ENSG00000182393,IFNL1,chr19,39296407,39298673,1,0,8473,,8,1,7,0,0.0,260.0,0.0,1,0,81.947925
ENSG00000128011,LRFN1,chr19,39306566,39320966,-1,3,0,0.9833,33,1,23,1,0.0,21.0,0.0,1,0,82.0426
ENSG00000130755,GMFG,chr19,39328353,39342372,-1,1,0,0.93,27,4,22,0,0.0,138.0,0.0,3,0,81.97697333333333
ENSG00000179134,SAMD4B,chr19,39342421,39385710,1,1,0,0.85,58,1,57,0,0.0,29.0,0.0,2,0,81.42834444444445
ENSG00000006712,PAF1,chr19,39385629,39391154,-1,1,0,0.86,15,2,12,0,0.0,116.0,0.0,1,0,80.68591666666667
ENSG00000063322,MED29,chr19,39391303,39400641,1,1,0,0.86,21,2,19,0,0.0,17.0,0.0,2,0,80.39111818181819
ENSG00000128016,ZFP36,chr19,39406847,39409407,1,1,0,0.63,9,1,8,0,0.0,556.0,0.0,1,0,79.88553333333333
ENSG00000090924,PLEKHG2,chr19,39412669,39428415,1,1,0,0.71,39,4,33,1,0.0,93.0,0.0,1,0,79.3223625
ENSG00000105193,RPS16,chr19,39433136,39436131,-1,1,0,0.91,10,1,9,0,0.0,83.0,0.0,1,0,78.67507499999999
ENSG00000196235,SUPT5H,chr19,39436156,39476670,1,2,0,0.9,71,3,65,0,0.0,58.0,0.0,2,0,77.68076904761905
ENSG00000105197,TIMM50,chr19,39479795,39493785,1,1,0,0.98,17,1,16,0,0.0,64.0,0.0,1,0,76.40787333333333
ENSG00000090932,DLL3,chr19,39498895,39508481,1,3,0,0.8867,17,1,16,0,0.0,234.0,0.0,0,0,75.8122
ENSG00000186838,SELENOV,chr19,39515139,39520675,1,1,0,0.78,13,1,10,0,0.0,28.0,0.0,0,0,75.34552857142856
ENSG00000176401,EID2B,chr19,39530987,39532852,-1,1,0,0.94,5,2,2,0,0.0,20.0,0.0,1,0,74.9449
ENSG00000176396,EID2,chr19,39538707,39540161,-1,1,0,0.93,6,1,5,0,0.0,68.0,0.0,1,0,74.7502
ENSG00000105198,LGALS13,chr19,39602524,39607474,1,0,62179,,5,1,4,0,0.0,226.0,0.0,0,0,73.70768000000001
ENSG00000249861,LGALS16,chr19,39655913,39660647,1,0,115568,,3,0,3,0,0.0,183.0,0.0,0,0,74.24473333333333
ENSG00000006659,LGALS14,chr19,39704481,39709444,1,0,114842,,10,1,9,0,0.0,246.0,0.0,0,0,75.90618333333333
ENSG00000105205,CLC,chr19,39731255,39738029,-1,0,86257,,9,1,8,0,0.0,224.0,0.0,0,0,77.05906250000001
ENSG00000213921,LEUTX,chr19,39776595,39786291,1,0,37995,,3,0,3,0,0.0,24.0,0.0,0,0,78.43491
ENSG00000105204,DYRK1B,chr19,39825350,39834201,-1,2,0,0.745,21,3,17,0,0.0,142.0,0.0,1,0,78.7569
ENSG00000291312,,chr19,39830482,39831956,-1,0,1311,,4,1,3,0,0.0,7.0,0.0,0,0,78.7551
ENSG00000105202,FBL,chr19,39834453,39846440,-1,1,0,1.04,23,1,21,0,0.0,356.0,0.0,2,0,78.73396153846153
ENSG00000275395,FCGBP,chr19,39863323,39934626,-1,8,0,0.7637,103,0,65,11,0.0,192.0,0.0,0,0,78.99335342465754
ENSG00000013275,PSMC4,chr19,39971162,39981764,1,0,141,,17,1,15,0,0.0,298.0,0.0,1,0,80.497125
ENSG00000187187,ZNF546,chr19,39984134,40021038,1,1,0,0.84,22,1,14,1,0.0,15.0,0.0,1,0,80.6087
ENSG00000128000,ZNF780B,chr19,40028260,40056231,-1,1,0,0.99,19,2,9,0,0.0,25.0,0.0,1,0,79.66207241379313
ENSG00000197782,ZNF780A,chr19,40069152,40091140,-1,1,0,0.82,20,3,12,0,0.0,114.0,0.0,1,0,77.28581304347824
ENSG00000130758,MAP3K10,chr19,40191426,40215578,1,2,0,0.975,35,1,21,3,0.0,136.0,0.0,2,0,67.21921153846155
ENSG00000174521,TTC9B,chr19,40216058,40218388,-1,1,0,0.78,8,1,7,0,0.0,16.0,0.0,0,0,66.47353333333332
ENSG00000105219,CCNP,chr19,40222208,40226697,-1,3,0,0.79,10,1,9,0,0.0,34.0,0.0,0,0,66.11043333333333
ENSG00000105221,AKT2,chr19,40230317,40285536,-1,1,0,0.91,121,5,112,0,4.0,759.0,1.0,1,0,64.82841754385966
ENSG00000160392,C19orf47,chr19,40319536,40348527,-1,1,0,0.93,48,2,43,1,0.0,11.0,0.0,1,0,63.21164333333333
ENSG00000105223,PLD3,chr19,40348453,40389472,1,4,0,0.7725,60,4,46,2,0.0,184.0,0.0,1,0,63.24922857142858
ENSG00000160396,HIPK4,chr19,40379271,40390181,-1,3,0,0.76,17,0,10,3,0.0,202.0,0.0,0,0,63.40413333333333
ENSG00000105227,PRX,chr19,40393764,40415070,-1,3,0,0.84,40,4,30,0,0.0,254.0,0.0,1,0,63.7909090909091
ENSG00000197019,SERTAD1,chr19,40421589,40425992,-1,1,0,0.86,12,1,11,0,0.0,92.0,0.0,2,0,64.27938
ENSG00000167565,SERTAD3,chr19,40440642,40445114,-1,2,0,0.8,13,5,8,0,0.0,37.0,0.0,1,0,64.82007999999999
ENSG00000090013,BLVRB,chr19,40447765,40465826,-1,1,0,0.86,21,2,15,2,0.0,324.0,0.0,1,0,65.22968421052634
ENSG00000160460,SPTBN4,chr19,40466241,40576464,1,10,0,0.943,126,4,72,8,0.0,602.0,0.0,2,0,66.94441891891891
ENSG00000160410,SHKBP1,chr19,40576844,40591399,1,1,0,0.65,26,1,23,0,0.0,73.0,0.0,1,0,68.57489333333334
ENSG00000090006,LTBP4,chr19,40592883,40629821,1,11,0,0.8209,83,4,78,0,0.0,355.0,0.0,5,0,69.54920526315789
ENSG00000105245,NUMBL,chr19,40665905,40690972,-1,1,0,1.0,41,3,36,0,0.0,115.0,0.0,2,0,73.06267307692308
ENSG00000123815,COQ8B,chr19,40691514,40725784,-1,2,0,0.765,56,7,44,0,0.0,77.0,0.0,2,0,75.17178857142858
ENSG00000086544,ITPKC,chr19,40717112,40740860,1,1,0,0.89,34,1,32,0,0.0,58.0,0.0,1,0,76.613956
ENSG00000188493,ACTMAP,chr19,40740856,40751803,-1,1,0,0.93,22,2,20,0,0.0,176.0,0.0,2,0,77.86325000000001
ENSG00000077312,SNRPA,chr19,40750585,40765393,1,1,0,0.93,28,1,24,0,0.0,78.0,0.0,3,0,78.64676000000001
ENSG00000261857,MIA,chr19,40768997,40777490,1,0,485,,10,3,7,0,0.0,86.0,0.0,1,0,79.60286666666667
ENSG00000268975,MIA-RAB4B,chr19,40771648,40796943,1,1,0,0.93,38,5,30,0,0.0,0.0,0.0,1,0,80.25280769230768
ENSG00000167578,RAB4B,chr19,40778195,40798690,1,2,0,1.0,34,2,29,0,0.0,92.0,0.0,2,0,80.4714409090909
ENSG00000171570,RAB4B-EGLN2,chr19,40778242,40808418,1,3,0,0.92,63,6,54,0,0.0,3.0,0.0,3,0,80.69150322580646
ENSG00000269858,EGLN2,chr19,40798996,40808444,1,2,0,0.915,29,4,25,0,0.0,167.0,0.0,2,0,81.20694
ENSG00000268797,,chr19,40801297,40898282,1,5,0,0.816,126,10,90,5,0.0,0.0,0.0,4,0,82.43419693877551
ENSG00000255974,CYP2A6,chr19,40843533,40850450,-1,1,0,0.91,9,1,8,0,0.0,201.0,0.0,1,0,82.58175714285714
ENSG00000198077,CYP2A7,chr19,40875432,40882752,-1,1,0,0.81,9,1,6,0,0.0,53.0,0.0,0,0,82.96808888888889
ENSG00000197408,CYP2B6,chr19,40991281,41018398,1,0,7501,,21,2,10,1,0.0,425.0,0.0,0,0,82.24320714285716
ENSG00000197838,CYP2A13,chr19,41088451,41096195,1,1,0,0.93,3,0,0,0,0.0,56.0,0.0,0,0,79.66282222222223
ENSG00000197446,CYP2F1,chr19,41114432,41128381,1,2,0,0.94,17,0,14,1,0.0,49.0,0.0,1,0,78.83056666666668
ENSG00000167600,CYP2S1,chr19,41193045,41207540,1,1,0,0.79,25,2,21,0,0.0,80.0,0.0,0,0,78.58555
ENSG00000167601,AXL,chr19,41219174,41261766,1,1,0,0.77,59,3,43,3,0.0,550.0,0.0,1,0,79.28727045454546
ENSG00000105323,HNRNPUL1,chr19,41262496,41307787,1,2,0,1.1,60,5,51,0,0.0,61.0,0.0,4,0,79.67990638297871
ENSG00000105329,TGFB1,chr19,41301587,41353961,-1,4,0,0.87,107,5,101,1,0.0,3124.0,0.0,5,0,79.050020754717
ENSG00000142039,CCDC97,chr19,41310172,41324873,1,1,0,1.14,32,2,29,1,0.0,41.0,0.0,1,0,79.37094375000001
ENSG00000255730,,chr19,41350853,41425001,1,5,0,0.894,107,12,89,0,0.0,0.0,0.0,6,0,76.48377333333335
ENSG00000142046,TMEM91,chr19,41350911,41384083,1,4,0,0.8725,56,7,45,0,0.0,58.0,0.0,4,0,77.58168823529411
ENSG00000123810,B9D2,chr19,41354417,41364165,-1,1,0,1.01,20,2,18,0,0.0,46.0,0.0,3,0,77.98940909090908
ENSG00000077348,EXOSC5,chr19,41386353,41397441,-1,1,0,0.98,10,2,8,0,0.0,69.0,0.0,1,0,76.35389166666667
ENSG00000248098,BCKDHA,chr19,41397793,41425005,1,0,337,,40,3,36,0,0.0,83.0,0.0,2,0,75.19816428571428
ENSG00000177191,B3GNT8,chr19,41425359,41428730,-1,0,11055,,11,4,7,0,0.0,52.0,0.0,2,0,74.2689
ENSG00000105341,DMAC2,chr19,41431318,41440717,-1,1,0,0.94,15,2,12,0,0.0,30.0,0.0,1,0,73.72125454545456
ENSG00000204978,ERICH4,chr19,41443156,41444765,1,0,3157,,5,1,4,0,0.0,18.0,0.0,0,0,73.2359
ENSG00000007129,CEACAM21,chr19,41549518,41586844,1,1,0,0.82,32,3,28,0,0.0,173.0,0.0,4,0,68.57953157894738
ENSG00000105352,CEACAM4,chr19,41619015,41627074,-1,0,16805,,7,1,6,0,0.0,98.0,0.0,0,0,69.39196666666666
ENSG00000007306,CEACAM7,chr19,41673298,41706976,-1,0,29036,,25,1,16,1,0.0,1301.0,0.0,0,0,71.27459142857143
ENSG00000105388,CEACAM5,chr19,41708585,41730519,1,0,64323,,16,1,15,0,0.0,1338.0,0.0,0,0,71.72473043478261
ENSG00000267881,,chr19,41708657,41756737,1,0,64395,,41,2,38,0,0.0,0.0,0.0,0,0,71.75128571428571
ENSG00000086548,CEACAM6,chr19,41750977,41772211,1,0,72401,,15,1,14,0,0.0,288.0,0.0,0,0,71.65471363636364
ENSG00000170956,CEACAM3,chr19,41796587,41811554,1,0,33058,,20,1,18,0,0.0,1178.0,0.0,0,0,70.90590625
ENSG00000273111,LYPD4,chr19,41837074,41844697,-1,1,0,0.73,7,1,2,0,0.0,187.0,0.0,0,0,70.04542222222223
ENSG00000142025,DMRTC2,chr19,41844743,41852333,1,1,0,0.73,6,1,1,1,0.0,145.0,0.0,0,0,69.867225
ENSG00000105372,RPS19,chr19,41860255,41872925,1,1,0,0.88,30,2,28,0,0.0,330.0,0.0,3,0,69.46360714285713
ENSG00000105369,CD79A,chr19,41877279,41881372,1,0,1426,,9,1,8,0,2.0,2146.0,1.0,1,0,69.21314
ENSG00000076928,ARHGEF1,chr19,41883079,41930150,1,5,0,0.822,105,4,98,0,0.0,394.0,0.0,6,0,68.80679166666665
ENSG00000268041,ERFL,chr19,41907704,41928449,-1,3,0,0.7567,52,1,49,0,0.0,7.0,0.0,1,0,68.66045714285715
ENSG00000105404,RABAC1,chr19,41956681,41959370,-1,1,0,0.69,10,2,8,0,0.0,80.0,0.0,1,0,68.34593333333332
ENSG00000285505,,chr19,41956879,41994232,-1,2,0,0.765,50,4,35,1,0.0,0.0,0.0,2,0,68.23738684210528
ENSG00000105409,ATP1A3,chr19,41966582,41997497,-1,2,0,0.75,43,2,30,1,0.0,682.0,0.0,1,0,68.19564193548388
ENSG00000105737,GRIK5,chr19,41998316,42070240,-1,3,0,0.9433,83,3,60,2,0.0,115.0,0.0,0,0,67.6632287671233
ENSG00000105732,ZNF574,chr19,42068477,42081552,1,3,0,0.8367,26,4,22,0,0.0,349.0,0.0,1,0,67.14062666666666
ENSG00000028277,POU2F2,chr19,42086110,42196585,-1,4,0,0.7825,160,2,141,4,0.0,339.0,0.0,2,0,67.63161160714286
ENSG00000160570,DEDD2,chr19,42198593,42220140,-1,3,0,0.7467,39,3,34,0,0.0,24.0,0.0,3,0,70.21859545454546
ENSG00000288671,,chr19,42215133,42232149,-1,3,0,0.7533,36,3,30,0,0.0,0.0,0.0,2,0,71.0947
ENSG00000167625,ZNF526,chr19,42216774,42228201,1,3,0,0.7533,22,3,16,0,0.0,35.0,0.0,2,0,71.028475
ENSG00000105723,GSK3A,chr19,42226225,42242625,-1,1,0,0.92,30,1,26,0,0.0,386.0,0.0,2,0,71.8160888888889
ENSG00000268643,,chr19,42234583,42255132,-1,3,0,0.88,48,4,42,0,0.0,0.0,0.0,4,0,72.51472380952382
ENSG00000105722,ERF,chr19,42247569,42255131,-1,1,0,0.85,22,2,20,0,0.0,219.0,0.0,2,0,72.9474375
ENSG00000079432,CIC,chr19,42268537,42295801,1,4,0,0.8625,76,4,72,0,3.0,346.0,1.0,4,0,74.85333214285716
ENSG00000079462,PAFAH1B3,chr19,42297023,42303546,-1,1,0,0.82,11,4,5,0,0.0,83.0,0.0,2,0,75.7876875
ENSG00000188368,PRR19,chr19,42302098,42310814,1,2,0,0.87,14,4,9,0,0.0,168.0,0.0,2,0,76.05128
ENSG00000167619,TMEM145,chr19,42313309,42325064,1,2,0,0.935,19,1,15,0,0.0,109.0,0.0,1,0,76.52743846153847
ENSG00000105429,MEGF8,chr19,42325609,42378769,1,3,0,0.7267,80,2,63,3,0.0,329.0,0.0,1,0,77.22548703703704
ENSG00000105427,CNFN,chr19,42387019,42390297,-1,1,0,0.79,8,1,6,0,0.0,41.0,0.0,0,0,77.33985
ENSG00000079435,LIPE,chr19,42401497,42427388,-1,3,0,0.7867,45,4,40,0,0.0,402.0,0.0,2,0,76.9928962962963
ENSG00000189377,CXCL17,chr19,42428278,42442996,-1,0,3832,,17,1,13,0,0.0,169.0,0.0,0,0,76.5853375
ENSG00000079385,CEACAM1,chr19,42507304,42561234,-1,0,82858,,54,2,39,2,0.0,498.0,0.0,1,0,74.59277999999999
ENSG00000124469,CEACAM8,chr19,42580243,42595055,-1,0,102892,,8,1,6,0,0.0,278.0,0.0,0,0,74.35245625
ENSG00000221826,PSG3,chr19,42721638,42740481,-1,0,23477,,13,1,9,0,0.0,62.0,0.0,0,0,78.33575263157896
ENSG00000124467,PSG8,chr19,42752686,42765678,-1,0,54525,,13,1,9,1,0.0,50.0,0.0,0,0,78.9226357142857
ENSG00000231924,PSG1,chr19,42866464,42879822,-1,0,168303,,16,1,12,0,0.0,125.0,0.0,0,0,79.35392666666667
ENSG00000170848,PSG6,chr19,42902086,42919563,-1,0,203925,,23,2,20,0,0.0,56.0,0.0,0,0,78.67051052631578
ENSG00000221878,PSG7,chr19,42924132,42937207,-1,0,225971,,16,1,12,0,0.0,59.0,0.0,0,0,78.0017
ENSG00000243130,PSG11,chr19,43007656,43026474,-1,0,309495,,18,1,15,0,0.0,16.0,0.0,0,0,72.51957368421053
ENSG00000242221,PSG2,chr19,43064209,43083045,-1,0,324970,,17,1,15,0,0.0,1198.0,0.0,0,0,68.43030999999999
ENSG00000204941,PSG5,chr19,43166256,43186536,-1,0,221479,,19,1,14,0,0.0,137.0,0.0,0,0,60.8987590909091
ENSG00000243137,PSG4,chr19,43192702,43207299,-1,0,200716,,24,1,17,1,0.0,71.0,0.0,0,0,58.74540666666666
ENSG00000183668,PSG9,chr19,43211791,43269530,-1,0,138485,,47,1,27,3,0.0,86.0,0.0,0,0,54.94359322033898
ENSG00000204936,CD177,chr19,43353686,43364395,1,0,43620,,8,1,6,0,0.0,614.0,0.0,0,0,48.302536363636364
ENSG00000131126,TEX101,chr19,43401496,43418597,1,2,0,0.77,11,1,2,0,0.0,174.0,0.0,0,0,47.8299
ENSG00000124466,LYPD3,chr19,43460787,43465608,-1,1,0,0.73,10,1,8,0,0.0,98.0,0.0,1,0,47.98391666666666
ENSG00000176531,PHLDB3,chr19,43473625,43505301,-1,2,0,0.9,37,2,27,2,0.0,40.0,0.0,2,0,48.11904375
ENSG00000105755,ETHE1,chr19,43506719,43527257,-1,1,0,0.78,29,3,20,0,0.0,95.0,0.0,1,0,48.28359999999999
ENSG00000176472,ZNF575,chr19,43525497,43536498,1,3,0,0.81,24,4,20,0,0.0,23.0,0.0,2,0,48.38021666666666
ENSG00000073050,XRCC1,chr19,43543306,43580473,-1,1,0,0.99,45,4,39,0,0.0,433.0,0.0,2,0,48.73833684210526
ENSG00000268361,,chr19,43554692,43593036,-1,2,0,0.84,46,6,37,0,0.0,0.0,0.0,2,0,48.965338461538465
ENSG00000234465,PINLYP,chr19,43575801,43583964,1,0,48,,13,4,8,0,0.0,14.0,0.0,1,0,49.068644444444445
ENSG00000167378,IRGQ,chr19,43584367,43596145,-1,3,0,0.7667,17,3,12,0,0.0,107.0,0.0,1,0,49.32624615384616
ENSG00000124444,ZNF576,chr19,43596392,43601189,1,1,0,0.81,11,2,8,0,0.0,4.0,0.0,1,0,49.58071666666666
ENSG00000226763,SRRM5,chr19,43596617,43614498,1,1,0,0.81,26,1,18,0,0.0,11.0,0.0,1,0,49.82655
ENSG00000131116,ZNF428,chr19,43607223,43619639,-1,1,0,1.01,16,1,8,0,0.0,11.0,0.0,1,0,50.12799285714285
ENSG00000105767,CADM4,chr19,43622366,43639850,-1,1,0,0.89,27,1,25,0,0.0,73.0,0.0,0,0,50.902568421052635
ENSG00000011422,PLAUR,chr19,43646095,43670547,-1,1,0,0.96,42,1,28,3,0.0,860.0,0.0,3,0,52.38187692307693
ENSG00000124449,IRGC,chr19,43716076,43720021,1,1,0,0.76,8,0,6,1,0.0,113.0,0.0,0,0,56.245540000000005
ENSG00000105771,SMG9,chr19,43727983,43755054,-1,1,0,0.96,39,1,36,0,0.0,158.0,0.0,1,0,57.838024999999995
ENSG00000104783,KCNN4,chr19,43766517,43781021,-1,1,0,0.84,32,2,30,0,0.0,464.0,0.0,2,0,60.08314666666666
ENSG00000159871,LYPD5,chr19,43785874,43827206,-1,2,0,0.91,34,3,19,3,0.0,65.0,0.0,1,0,62.41976428571428
ENSG00000167637,ZNF283,chr19,43827321,43852017,1,0,6464,,11,2,5,0,0.0,17.0,0.0,1,0,64.83655
ENSG00000176222,ZNF404,chr19,43872365,43901809,-1,1,0,0.86,12,2,6,0,0.0,16.0,0.0,0,0,68.1501
ENSG00000124459,ZNF45,chr19,43910549,43935306,-1,1,0,0.93,13,1,8,0,0.0,24.0,0.0,1,0,70.17458
ENSG00000159905,ZNF221,chr19,43951204,43967709,1,1,0,0.92,10,3,1,0,0.0,5.0,0.0,1,0,71.61520555555555
ENSG00000204920,ZNF155,chr19,43967862,43998326,1,0,4601,,10,1,5,0,0.0,9.0,0.0,1,0,72.22137741935484
ENSG00000159882,ZNF230,chr19,44002934,44013924,1,1,0,1.04,10,1,6,0,0.0,16.0,0.0,1,0,72.69315833333334
ENSG00000159885,ZNF222,chr19,44025337,44033222,1,1,0,0.77,4,1,3,0,0.0,10.0,0.0,1,0,72.98277777777778
ENSG00000267022,,chr19,44025354,44087318,1,2,0,0.85,26,3,16,0,0.0,0.0,0.0,3,0,73.39256031746031
ENSG00000178386,ZNF223,chr19,44051367,44067999,1,0,3964,,11,1,6,0,0.0,6.0,0.0,0,0,73.42686666666667
ENSG00000186026,ZNF284,chr19,44072138,44089613,1,1,0,0.93,7,1,5,0,0.0,11.0,0.0,1,0,73.8211
ENSG00000267680,ZNF224,chr19,44094326,44109886,1,1,0,0.86,8,1,3,0,0.0,45.0,0.0,1,0,74.31165882352941
ENSG00000256294,ZNF225,chr19,44112181,44135055,1,1,0,0.91,10,2,4,0,0.0,18.0,0.0,1,0,74.94632083333333
ENSG00000263002,ZNF234,chr19,44141355,44160313,1,1,0,0.82,9,1,6,0,0.0,40.0,0.0,1,0,75.883635
ENSG00000167380,ZNF226,chr19,44165073,44178381,1,0,23157,,8,2,2,0,0.0,34.0,0.0,1,0,76.63975714285714
ENSG00000131115,ZNF227,chr19,44207475,44238179,1,1,0,0.96,20,2,10,0,0.0,23.0,0.0,2,0,77.877275
ENSG00000159917,ZNF235,chr19,44228729,44305046,-1,2,0,0.79,29,2,15,0,0.0,20.0,0.0,2,0,77.18511428571428
ENSG00000159915,ZNF233,chr19,44259880,44275878,1,1,0,0.79,4,1,3,0,0.0,7.0,0.0,1,0,77.38688823529412
ENSG00000062370,ZNF112,chr19,44326555,44367217,-1,1,0,0.82,12,1,6,0,0.0,16.0,0.0,0,0,72.14730487804877
ENSG00000267173,,chr19,44329695,44401608,-1,1,0,0.82,24,2,10,0,0.0,0.0,0.0,0,0,70.52793287671233
ENSG00000267508,ZNF285,chr19,44382298,44401608,-1,0,25522,,9,1,4,0,0.0,21.0,0.0,0,0,68.3313523809524
ENSG00000278318,ZNF229,chr19,44417519,44448578,-1,1,0,0.98,7,1,5,0,0.0,25.0,0.0,0,0,65.3582875
ENSG00000167384,ZNF180,chr19,44470957,44500540,-1,1,0,0.86,15,1,10,0,0.0,25.0,0.0,1,0,62.082038709677406
ENSG00000273777,CEACAM20,chr19,44501677,44529788,-1,0,883,,16,2,3,5,0.0,20.0,0.0,0,0,59.97796896551723
ENSG00000216588,IGSF23,chr19,44613563,44636787,1,0,6987,,35,1,28,1,0.0,16.0,0.0,0,0,50.018804166666655
ENSG00000073008,PVR,chr19,44643798,44666162,1,2,0,0.76,38,3,27,1,0.0,504.0,0.0,0,0,48.11739130434784
ENSG00000186567,CEACAM19,chr19,44662278,44684360,1,0,14716,,34,1,27,0,0.0,32.0,0.0,0,0,47.43428695652174
ENSG00000213892,CEACAM16,chr19,44699151,44710718,1,2,0,0.72,14,0,9,1,0.0,84.0,0.0,0,0,47.12623076923076
ENSG00000069399,BCL3,chr19,44747705,44760044,1,3,0,0.8067,37,2,35,0,0.0,639.0,0.0,2,0,48.302076923076925
ENSG00000142273,CBLC,chr19,44777845,44802291,1,1,0,0.78,28,1,24,0,0.0,241.0,0.0,0,0,49.479144
ENSG00000187244,BCAM,chr19,44809070,44821421,1,2,0,0.775,25,1,20,0,0.0,213.0,0.0,0,0,50.131792307692315
ENSG00000130202,NECTIN2,chr19,44846175,44889228,1,1,0,0.81,74,2,62,0,0.0,360.0,0.0,0,0,51.22280454545455
ENSG00000130204,TOMM40,chr19,44890569,44903695,1,1,0,0.89,25,1,20,0,0.0,209.0,0.0,2,0,52.165042857142865
ENSG00000130203,APOE,chr19,44903787,44909396,1,1,0,0.77,13,2,11,0,0.0,1616.0,0.0,0,0,52.57586666666666
ENSG00000130208,APOC1,chr19,44913133,44920054,1,0,3790,,12,3,7,0,0.0,443.0,0.0,1,0,53.12072500000001
ENSG00000267467,APOC4,chr19,44942235,44945496,1,0,9460,,6,1,4,0,0.0,111.0,0.0,0,0,55.031949999999995
ENSG00000224916,APOC4-APOC2,chr19,44942238,44949565,1,0,5391,,15,4,9,0,0.0,26.0,0.0,0,0,55.24307777777777
ENSG00000234906,APOC2,chr19,44945709,44949580,1,0,5376,,9,3,5,0,0.0,237.0,0.0,0,0,55.41198000000001
ENSG00000104853,CLPTM1,chr19,44954585,44993341,1,1,0,1.02,49,3,43,0,0.0,82.0,0.0,1,0,57.91759487179487
ENSG00000104856,RELB,chr19,45001461,45038192,1,3,0,0.81,46,1,37,3,0.0,807.0,0.0,2,0,62.804623684210526
ENSG00000104859,CLASRP,chr19,45039045,45070956,1,2,0,0.995,49,3,42,0,0.0,43.0,0.0,1,0,66.41890303030301
ENSG00000170684,ZNF296,chr19,45071500,45076478,-1,2,0,0.92,11,1,10,0,0.0,178.0,0.0,1,0,68.12647999999999
ENSG00000142252,GEMIN7,chr19,45075575,45091518,1,3,0,0.9667,19,3,16,0,0.0,25.0,0.0,5,0,68.91660588235294
ENSG00000007047,MARK4,chr19,45079288,45305284,1,10,0,0.892,341,13,280,6,0.0,141.0,0.0,9,0,73.48165374449339
ENSG00000104866,PPP1R37,chr19,45091396,45148077,1,3,0,0.95,113,3,106,0,0.0,15.0,0.0,2,0,71.13989482758619
ENSG00000179846,NKPD1,chr19,45149744,45160982,-1,1,0,0.94,29,3,26,0,0.0,15.0,0.0,0,0,72.78266666666667
ENSG00000007255,TRAPPC6A,chr19,45162928,45178265,-1,1,0,0.95,26,0,23,0,0.0,108.0,0.0,2,0,73.25381250000001
ENSG00000189114,BLOC1S3,chr19,45178745,45216933,1,1,0,0.95,40,3,29,1,0.0,284.0,0.0,1,0,73.93986923076925
ENSG00000283632,EXOC3L2,chr19,45212370,45245407,-1,3,0,0.81,40,1,25,2,0.0,106.0,0.0,0,0,74.62418235294116
ENSG00000104879,CKM,chr19,45306411,45323372,-1,0,171,,25,1,21,0,0.0,236.0,0.0,0,0,77.5928111111111
ENSG00000104892,KLC3,chr19,45333434,45351537,1,2,0,0.77,30,2,16,1,0.0,62.0,0.0,0,0,78.916505
ENSG00000104884,ERCC2,chr19,45349773,45370918,-1,2,0,0.795,44,2,22,3,2.0,693.0,1.0,1,0,79.7336590909091
ENSG00000104881,PPP1R13L,chr19,45379634,45406349,-1,6,0,0.8217,43,2,34,1,0.0,530.0,0.0,1,0,80.93695555555557
ENSG00000117877,POLR1G,chr19,45406644,45410737,1,1,0,0.76,10,2,8,0,0.0,57.0,0.0,1,0,81.3582
ENSG00000012061,ERCC1,chr19,45407333,45478867,-1,8,0,0.8862,148,8,131,1,0.0,484.0,0.0,7,0,81.65595205479453
ENSG00000125740,FOSB,chr19,45467995,45475179,1,2,0,0.8,25,4,21,0,0.0,1009.0,0.0,1,0,81.6923875
ENSG00000125744,RTN2,chr19,45485294,45497055,-1,2,0,0.725,21,3,14,0,0.0,97.0,0.0,1,0,81.5556846153846
ENSG00000213889,PPM1N,chr19,45488777,45503129,1,3,0,0.7933,29,5,22,0,0.0,49.0,0.0,2,0,81.51740000000001
ENSG00000125753,VASP,chr19,45506579,45526991,1,2,0,0.71,47,1,46,0,0.0,219.0,0.0,2,0,81.3789619047619
ENSG00000125741,OPA3,chr19,45527767,45602212,-1,5,0,0.918,100,2,82,3,0.0,104.0,0.0,1,0,81.51655466666666
ENSG00000177464,GPR4,chr19,45589764,45602556,-1,2,0,0.865,24,1,20,0,,,,0,0,81.86347142857143
ENSG00000125746,EML2,chr19,45606994,45645602,-1,3,0,0.7433,58,7,41,2,0.0,64.0,0.0,2,0,82.4005775
ENSG00000010310,GIPR,chr19,45668221,45683722,1,4,0,0.735,32,2,28,0,0.0,256.0,0.0,2,0,83.208
ENSG00000125743,SNRPD2,chr19,45687460,45692569,-1,1,0,0.82,6,3,2,0,0.0,81.0,0.0,1,0,83.35185714285714
ENSG00000011478,QPCTL,chr19,45692403,45703989,1,1,0,0.82,14,1,11,1,0.0,51.0,0.0,1,0,83.40822307692306
ENSG00000177051,FBXO46,chr19,45710624,45730919,-1,3,0,0.8833,38,2,33,0,0.0,20.0,0.0,2,0,83.48159999999999
ENSG00000237452,MEIOSIN,chr19,45733439,45764541,1,1,0,0.91,33,2,28,0,0.0,154.0,0.0,0,0,83.40629696969697
ENSG00000177045,SIX5,chr19,45764785,45769252,-1,2,0,0.71,14,3,11,0,0.0,366.0,0.0,1,0,83.28574
ENSG00000104936,DMPK,chr19,45769709,45782552,-1,2,0,0.765,32,2,28,0,0.0,503.0,0.0,1,0,83.19222142857141
ENSG00000268434,,chr19,45779437,45785973,-1,1,0,0.7,20,2,18,0,0.0,0.0,0.0,0,0,83.1269625
ENSG00000185800,DMWD,chr19,45782947,45792845,-1,2,0,0.89,24,2,21,0,0.0,54.0,0.0,0,0,83.06101818181818
ENSG00000104941,RSPH6A,chr19,45795713,45815308,-1,2,0,0.79,21,2,16,0,0.0,160.0,0.0,0,0,82.82392
ENSG00000125755,SYMPK,chr19,45815410,45866862,-1,3,0,0.86,74,4,60,2,0.0,189.0,0.0,1,0,82.24043584905658
ENSG00000170608,FOXA3,chr19,45863989,45873798,1,1,0,0.86,18,1,14,0,0.0,114.0,0.0,0,0,81.7277909090909
ENSG00000170604,IRF2BP1,chr19,45883608,45886141,-1,1,0,0.82,11,1,10,0,0.0,30.0,0.0,1,0,81.4246
ENSG00000176182,MYPOP,chr19,45890020,45902808,-1,2,0,1.025,18,1,13,2,0.0,27.0,0.0,1,0,81.21780000000001
ENSG00000188425,NANOS2,chr19,45913214,45914778,-1,1,0,0.87,4,0,2,0,0.0,156.0,0.0,0,0,80.93669999999999
ENSG00000104967,NOVA2,chr19,45933734,45974044,-1,3,0,0.7867,49,2,31,4,0.0,52.0,0.0,0,0,80.59991219512196
ENSG00000104983,CCDC61,chr19,45995444,46021318,1,2,0,0.81,35,1,29,1,0.0,18.0,0.0,2,0,80.95823333333331
ENSG00000008438,PGLYRP1,chr19,46019153,46023053,-1,1,0,0.65,9,1,7,0,0.0,276.0,0.0,0,0,81.17926
ENSG00000204869,IGFL4,chr19,46039182,46077118,-1,0,9,,25,2,19,1,0.0,12.0,0.0,0,0,81.94322820512821
ENSG00000188624,IGFL3,chr19,46120067,46124688,-1,0,40881,,4,0,4,0,0.0,10.0,0.0,0,0,82.96186666666667
ENSG00000204866,IGFL2,chr19,46143106,46161298,1,0,63920,,10,1,5,0,0.0,66.0,0.0,0,0,83.08805263157895
ENSG00000188293,IGFL1,chr19,46229742,46231243,1,0,65553,,1,1,0,0,0.0,42.0,0.0,0,0,82.81515
ENSG00000124440,HIF3A,chr19,46297042,46343433,1,2,0,0.745,50,6,36,2,0.0,209.0,0.0,0,0,81.59158936170212
ENSG00000011485,PPP5C,chr19,46347003,46392981,1,1,0,0.88,79,2,70,0,0.0,193.0,0.0,2,0,79.81597234042555
ENSG00000169515,CCDC8,chr19,46410329,46413564,-1,2,0,0.775,10,1,9,0,0.0,76.0,0.0,0,0,77.58233999999999
ENSG00000277531,PNMA8C,chr19,46424697,46428936,-1,1,0,0.78,8,1,7,0,0.0,2.0,0.0,0,0,76.64376
ENSG00000182013,PNMA8A,chr19,46466491,46471563,-1,1,0,0.91,12,2,10,0,0.0,45.0,0.0,0,0,73.97851428571428
ENSG00000204851,PNMA8B,chr19,46486906,46495879,-1,3,0,0.8967,26,3,22,0,0.0,17.0,0.0,1,0,72.69778
ENSG00000160014,CALM3,chr19,46601074,46610787,1,1,0,0.97,28,3,25,0,0.0,707.0,0.0,2,0,69.99543636363636
ENSG00000160013,PTGIR,chr19,46618550,46625534,-1,1,0,0.77,20,1,18,0,0.0,241.0,0.0,0,0,69.89725
ENSG00000167414,GNG8,chr19,46633953,46636649,-1,2,0,0.725,8,3,5,0,0.0,25.0,0.0,1,0,69.7876
ENSG00000197380,DACT3,chr19,46647551,46661182,-1,2,0,1.02,31,3,24,0,0.0,63.0,0.0,0,0,69.53660714285714
ENSG00000105287,PRKD2,chr19,46674275,46717127,-1,6,0,0.7717,48,2,43,2,0.0,147.0,0.0,1,0,68.65869772727272
ENSG00000090372,STRN4,chr19,46719511,46746994,-1,1,0,1.18,60,5,55,0,0.0,82.0,0.0,2,0,67.87561428571429
ENSG00000181027,FKRP,chr19,46746046,46776988,1,2,0,1.02,49,4,39,0,0.0,348.0,0.0,2,0,67.7186375
ENSG00000105281,SLC1A5,chr19,46774883,46788617,-1,1,0,0.81,31,4,27,0,0.0,391.0,0.0,1,0,67.92289333333333
ENSG00000042753,AP2S1,chr19,46838136,46850882,-1,1,0,0.92,23,4,18,0,0.0,99.0,0.0,1,0,70.14227142857143
ENSG00000160007,ARHGAP35,chr19,46860997,47005077,1,2,0,0.96,226,1,208,0,5.0,295.0,1.0,7,0,72.50053793103447
ENSG00000130751,NPAS1,chr19,47019474,47047242,1,3,0,0.8267,45,3,17,7,0.0,37.0,0.0,1,0,74.39704827586208
ENSG00000130748,TMEM160,chr19,47045909,47048624,-1,2,0,0.835,7,1,5,0,0.0,50.0,0.0,1,0,74.955775
ENSG00000130749,ZC3H4,chr19,47064187,47113776,-1,3,0,0.9067,84,1,78,2,0.0,58.0,0.0,2,0,76.94396078431372
ENSG00000142230,SAE1,chr19,47113274,47210636,1,2,0,1.08,116,3,102,3,0.0,130.0,0.0,7,0,79.97148282828282
ENSG00000105327,BBC3,chr19,47220822,47233019,-1,3,0,0.8933,26,3,23,0,0.0,351.0,0.0,5,0,81.21853076923078
ENSG00000105321,CCDC9,chr19,47255980,47274055,1,3,0,0.7967,40,1,39,0,0.0,25.0,0.0,2,0,80.91107894736841
ENSG00000257704,INAFM1,chr19,47274373,47277755,1,1,0,0.81,10,2,7,0,0.0,15.0,0.0,1,0,80.71126
ENSG00000197405,C5AR1,chr19,47290023,47322066,1,0,14540,,43,1,36,1,0.0,769.0,0.0,0,0,79.98089393939395
ENSG00000134830,C5AR2,chr19,47332148,47347329,1,0,1714,,18,2,13,0,0.0,177.0,0.0,1,0,79.12061875
ENSG00000134815,DHX34,chr19,47349312,47383247,1,1,0,0.92,54,1,49,0,0.0,67.0,0.0,1,0,78.66646285714288
ENSG00000105419,MEIS3,chr19,47403124,47419530,-1,2,0,0.755,30,3,15,2,0.0,45.0,0.0,0,0,78.79238888888888
ENSG00000118160,SLC8A2,chr19,47428017,47471918,-1,4,0,0.9275,65,2,53,0,0.0,62.0,0.0,0,0,79.99329777777778
ENSG00000118162,KPTN,chr19,47475141,47484265,-1,1,0,0.98,13,1,7,1,0.0,87.0,0.0,1,0,81.26127999999999
ENSG00000105402,NAPA,chr19,47487637,47515091,-1,1,0,0.91,58,0,58,0,0.0,135.0,0.0,1,0,82.251325
ENSG00000118156,ZNF541,chr19,47520690,47573148,-1,2,0,0.755,58,1,39,7,0.0,244.0,0.0,1,0,83.82077924528302
ENSG00000063169,BICRA,chr19,47608196,47703277,1,4,0,0.8225,144,6,126,2,0.0,176.0,0.0,2,0,83.94341250000001
ENSG00000024422,EHD2,chr19,47713416,47743134,1,4,0,0.8625,47,1,39,0,0.0,81.0,0.0,0,0,82.44784838709678
ENSG00000105373,NOP53,chr19,47745520,47757058,1,1,0,0.93,24,1,23,0,0.0,174.0,0.0,1,0,81.971075
ENSG00000178980,SELENOW,chr19,47778677,47784686,1,1,0,0.83,11,2,9,0,0.0,102.0,0.0,1,0,81.47577142857143
ENSG00000178928,TPRX1,chr19,47801232,47819051,-1,1,0,0.63,11,0,6,0,0.0,4.0,0.0,0,0,81.08885263157894
ENSG00000105392,CRX,chr19,47819779,47843330,1,0,16331,,22,1,16,2,0.0,390.0,0.0,0,0,80.74660833333333
ENSG00000259009,TPRX2,chr19,47859235,47861721,1,1,0,0.72,6,0,1,0,0.0,8.0,0.0,0,0,80.05275
ENSG00000105398,SULT2A1,chr19,47870467,47886347,-1,0,9564,,19,2,11,0,0.0,769.0,0.0,0,0,79.41278235294118
ENSG00000188334,BSPH1,chr19,47968046,47992170,-1,0,69642,,8,0,0,2,0.0,17.0,0.0,0,0,73.676148
ENSG00000169393,ELSPBP1,chr19,47994632,48025154,1,0,36658,,23,0,11,0,0.0,39.0,0.0,0,0,72.41153225806453
ENSG00000105507,CABP5,chr19,48029383,48044079,-1,0,17733,,8,1,2,0,0.0,87.0,0.0,0,0,71.7878
ENSG00000105499,PLA2G4C,chr19,48047843,48110850,-1,1,0,0.81,48,2,29,5,0.0,71.0,0.0,1,0,71.9069765625
ENSG00000105486,LIG1,chr19,48115445,48170654,-1,2,0,0.77,52,2,45,0,0.0,255.0,0.0,3,0,73.44328596491228
ENSG00000185453,ZSWIM9,chr19,48170645,48197624,1,4,0,0.9025,33,1,25,1,0.0,10.0,0.0,1,0,74.69440714285714
ENSG00000105483,CARD8,chr19,48180770,48255946,-1,3,0,0.8567,75,5,59,2,0.0,138.0,0.0,4,0,75.26611842105264
ENSG00000178150,ZNF114,chr19,48270041,48287743,1,1,0,0.77,21,3,15,0,0.0,13.0,0.0,0,0,74.96836842105263
ENSG00000105479,ODAD1,chr19,48296355,48321971,-1,1,0,0.82,38,3,23,4,0.0,44.0,0.0,1,0,73.95031481481482
ENSG00000142227,EMP3,chr19,48321310,48330560,1,2,0,0.79,22,3,19,0,0.0,160.0,0.0,3,0,73.22740909090909
ENSG00000161558,TMEM143,chr19,48332355,48364245,-1,3,0,0.8,42,1,40,0,0.0,25.0,0.0,3,0,72.2296484848485
ENSG00000105467,SYNGR4,chr19,48364367,48376377,1,0,17,,14,1,11,0,0.0,19.0,0.0,1,0,71.2794076923077
ENSG00000105438,KDELR1,chr19,48382575,48393837,-1,0,4385,,21,4,15,0,0.0,218.0,0.0,1,0,70.59757499999999
ENSG00000105464,GRIN2D,chr19,48393668,48444931,1,5,0,0.956,74,1,63,2,0.0,240.0,0.0,1,0,69.85303076923077
ENSG00000105447,GRWD1,chr19,48445824,48457022,1,2,0,0.87,22,1,19,0,0.0,66.0,0.0,1,0,69.50475
ENSG00000182324,KCNJ14,chr19,48455574,48466980,1,1,0,1.0,18,0,10,0,0.0,27.0,0.0,0,0,69.53032499999999
ENSG00000268465,,chr19,48465837,48472431,1,1,0,0.92,16,1,14,0,0.0,0.0,0.0,2,0,69.58182857142857
ENSG00000105443,CYTH2,chr19,48469208,48482314,1,2,0,0.875,31,1,30,0,0.0,73.0,0.0,2,0,69.65355000000001
ENSG00000142235,LMTK3,chr19,48485271,48513935,-1,5,0,0.736,72,5,65,0,0.0,85.0,0.0,1,0,70.08439333333332
ENSG00000088002,SULT2B1,chr19,48552172,48599425,1,1,0,0.77,68,2,55,3,0.0,101.0,0.0,1,0,72.58020833333333
ENSG00000105523,FAM83E,chr19,48599961,48615093,-1,2,0,0.75,30,2,20,1,0.0,32.0,0.0,0,0,73.75726875
ENSG00000177202,SPACA4,chr19,48606742,48607714,1,0,2821,,3,1,2,0,0.0,74.0,0.0,0,0,73.75919999999999
ENSG00000063177,RPL18,chr19,48615284,48619213,-1,1,0,0.95,13,3,10,0,0.0,79.0,0.0,1,0,74.0785
ENSG00000063176,SPHK2,chr19,48619291,48630717,1,4,0,0.7825,28,4,24,0,0.0,325.0,0.0,2,0,74.33052307692309
ENSG00000105516,DBP,chr19,48630030,48637379,-1,3,0,0.7533,21,2,19,0,0.0,270.0,0.0,2,0,74.5835125
ENSG00000063180,CA11,chr19,48637946,48646386,-1,0,72,,19,2,16,0,0.0,175.0,0.0,2,0,74.81634444444445
ENSG00000142233,NTN5,chr19,48661407,48673081,-1,2,0,0.83,24,2,14,3,0.0,39.0,0.0,1,0,75.39321538461537
ENSG00000176920,FUT2,chr19,48695957,48705951,1,2,0,0.74,11,1,7,1,0.0,337.0,0.0,0,0,75.98321818181817
ENSG00000176909,MAMSTR,chr19,48711737,48719725,-1,1,0,0.74,18,2,15,0,0.0,99.0,0.0,1,0,76.21232222222223
ENSG00000105538,RASIP1,chr19,48720571,48740611,-1,4,0,0.865,36,1,32,0,0.0,105.0,0.0,1,0,76.44857619047619
ENSG00000182264,IZUMO1,chr19,48740852,48746909,-1,0,1147,,13,1,12,0,0.0,165.0,0.0,0,0,76.66834285714286
ENSG00000174951,FUT1,chr19,48748011,48755390,-1,2,0,0.76,17,2,15,0,0.0,956.0,0.0,1,0,76.80861250000001
ENSG00000105550,FGF21,chr19,48755524,48758333,1,0,2286,,8,2,6,0,0.0,722.0,0.0,0,0,76.9181
ENSG00000105552,BCAT2,chr19,48795061,48811056,-1,3,0,0.83,27,2,24,0,0.0,153.0,0.0,2,0,78.12521764705882
ENSG00000087076,HSD17B14,chr19,48813014,48837064,-1,0,167,,32,2,26,0,0.0,161.0,0.0,0,0,78.861016
ENSG00000105559,PLEKHA4,chr19,48837091,48868855,-1,1,0,0.77,37,2,23,6,0.0,71.0,0.0,1,0,79.8537303030303
ENSG00000087074,PPP1R15A,chr19,48872212,48876291,1,1,0,1.08,13,1,12,0,0.0,417.0,0.0,1,0,80.57618
ENSG00000104804,TULP2,chr19,48880965,48898744,-1,0,1221,,36,0,33,0,0.0,209.0,0.0,1,0,81.0512105263158
ENSG00000104805,NUCB1,chr19,48900050,48923473,1,1,0,0.88,31,2,22,2,0.0,143.0,0.0,1,0,81.53565
ENSG00000104808,DHDH,chr19,48933699,48944969,1,1,0,1.05,19,1,8,0,0.0,47.0,0.0,0,0,81.8367
ENSG00000087088,BAX,chr19,48954815,48961798,1,1,0,0.93,14,1,12,0,6.0,1434.0,1.0,2,0,81.7931625
ENSG00000087086,FTL,chr19,48965275,48967896,1,1,0,0.82,8,1,7,0,0.0,339.0,0.0,1,0,81.71865
ENSG00000104812,GYS1,chr19,48968125,48993337,-1,2,0,0.835,42,1,41,0,0.0,191.0,0.0,1,0,81.50587307692308
ENSG00000183207,RUVBL2,chr19,48993562,49015983,1,0,46,,31,2,23,2,0.0,273.0,0.0,1,0,81.00198695652175
ENSG00000104826,LHB,chr19,49015980,49017091,-1,0,739,,3,1,2,0,0.0,481.0,0.0,0,0,80.7309
ENSG00000268655,SAXO3,chr19,49017968,49020549,-1,2,0,0.8,8,1,7,0,0.0,4.0,0.0,1,0,80.659275
ENSG00000104827,CGB3,chr19,49022869,49024333,-1,0,3033,,1,0,0,0,0.0,451.0,0.0,0,0,80.56455
ENSG00000267335,,chr19,49022953,49036895,-1,0,3117,,8,3,3,0,0.0,0.0,0.0,0,0,80.41600666666666
ENSG00000104818,CGB2,chr19,49031890,49033238,1,0,12054,,1,1,0,0,0.0,360.0,0.0,0,0,80.35845
ENSG00000267631,CGB1,chr19,49035569,49036895,-1,0,15733,,1,1,0,0,0.0,356.0,0.0,0,0,80.27155
ENSG00000189052,CGB5,chr19,49043848,49045311,1,0,10654,,0,0,0,0,0.0,1023.0,0.0,0,0,80.10965
ENSG00000213030,CGB8,chr19,49047638,49049125,-1,0,6840,,0,0,0,0,0.0,446.0,0.0,0,0,80.0359
ENSG00000196337,CGB7,chr19,49054274,49058860,-1,2,0,0.735,8,2,5,0,0.0,353.0,0.0,0,0,79.90613333333333
ENSG00000283663,,chr19,49055793,49065076,-1,3,0,0.8333,16,4,10,0,0.0,0.0,0.0,0,0,79.85170000000001
ENSG00000225950,NTF4,chr19,49061066,49065076,-1,1,0,1.03,7,2,4,0,0.0,237.0,0.0,0,0,79.81908
ENSG00000104848,KCNA7,chr19,49067397,49072699,-1,1,0,1.1,15,2,13,0,0.0,169.0,0.0,0,0,79.74712857142858
ENSG00000104852,SNRNP70,chr19,49085164,49108613,1,2,0,0.99,41,1,38,0,0.0,168.0,0.0,1,0,79.702936
ENSG00000104863,LIN7B,chr19,49114324,49118460,1,1,0,0.86,11,1,10,0,0.0,28.0,0.0,1,0,79.85596000000001
ENSG00000221916,C19orf73,chr19,49118402,49119143,-1,1,0,0.86,3,1,2,0,0.0,4.0,0.0,1,0,79.88775000000001
ENSG00000177380,PPFIA3,chr19,49119418,49151027,1,6,0,0.8217,54,0,53,0,0.0,76.0,0.0,1,0,80.15435757575756
ENSG00000130528,HRC,chr19,49151194,49155432,-1,1,0,0.6,12,2,10,0,0.0,242.0,0.0,0,0,80.48586
ENSG00000130529,TRPM4,chr19,49157741,49211836,1,5,0,0.716,57,1,44,2,0.0,282.0,0.0,0,0,81.08274727272726
ENSG00000063127,SLC6A16,chr19,49289638,49325215,-1,0,12715,,20,2,14,0,0.0,31.0,0.0,0,0,82.54730833333333
ENSG00000104894,CD37,chr19,49335171,49343335,1,3,0,0.7167,24,4,20,0,0.0,212.0,0.0,1,0,83.20831111111112
ENSG00000074219,TEAD2,chr19,49340585,49362729,-1,1,0,0.8,32,6,25,0,0.0,124.0,0.0,1,0,83.56420869565218
ENSG00000104901,DKKL1,chr19,49361783,49375116,1,2,0,0.785,20,4,11,2,0.0,79.0,0.0,1,0,84.05020714285715
ENSG00000161609,KASH5,chr19,49388219,49417990,1,1,0,1.04,55,1,52,1,0.0,193.0,0.0,0,0,85.0809677419355
ENSG00000142538,PTH2,chr19,49422419,49423660,-1,1,0,1.0,5,2,3,0,0.0,232.0,0.0,0,0,85.6193
ENSG00000261949,GFY,chr19,49423749,49428987,1,1,0,0.77,15,2,13,0,0.0,20.0,0.0,0,0,85.70338333333335
ENSG00000104888,SLC17A7,chr19,49429399,49443197,-1,6,0,0.785,34,2,30,0,0.0,164.0,0.0,1,0,85.91370666666668
ENSG00000104872,PIH1D1,chr19,49446291,49453537,-1,2,0,1.0,16,3,12,0,0.0,27.0,0.0,1,0,86.17689999999999
ENSG00000161618,ALDH16A1,chr19,49453146,49471052,1,3,0,0.86,29,2,26,0,0.0,65.0,0.0,4,0,86.33436315789474
ENSG00000269469,,chr19,49462752,49486231,1,1,0,0.72,42,2,38,1,0.0,0.0,0.0,5,0,86.42698333333334
ENSG00000090554,FLT3LG,chr19,49474150,49486233,1,0,945,,23,2,20,1,0.0,613.0,0.0,2,0,86.45338461538462
ENSG00000142541,RPL13A,chr19,49487510,49493057,1,2,0,0.99,16,4,12,0,0.0,143.0,0.0,1,0,86.44416666666667
ENSG00000142534,RPS11,chr19,49496365,49499708,1,1,0,0.99,11,1,10,0,0.0,80.0,0.0,1,0,86.39792
ENSG00000104870,FCGRT,chr19,49506806,49526917,1,2,0,0.765,23,3,19,0,0.0,304.0,0.0,1,0,86.12564285714285
ENSG00000142552,RCN3,chr19,49526534,49546962,1,2,0,0.98,30,1,27,0,0.0,158.0,0.0,1,0,85.61883333333333
ENSG00000142546,NOSIP,chr19,49555468,49592927,-1,3,0,0.8567,65,4,57,0,0.0,192.0,0.0,11,0,84.03116153846153
ENSG00000126460,PRRG2,chr19,49580646,49591004,1,2,0,0.91,18,2,15,0,0.0,63.0,0.0,2,0,83.39666363636364
ENSG00000126464,PRR12,chr19,49591182,49626439,1,6,0,0.7433,53,1,48,0,0.0,77.0,0.0,3,0,82.03612222222222
ENSG00000126458,RRAS,chr19,49635292,49640143,-1,1,0,0.85,12,1,11,0,0.0,221.0,0.0,1,0,80.26273333333334
ENSG00000126461,SCAF1,chr19,49640488,49658649,1,3,0,0.96,48,1,41,0,0.0,54.0,0.0,1,0,79.592155
ENSG00000126456,IRF3,chr19,49659569,49665861,-1,2,0,0.855,14,4,10,0,0.0,612.0,0.0,2,0,78.9017
ENSG00000126453,BCL2L12,chr19,49664622,49673916,1,3,0,0.8167,19,5,13,0,0.0,314.0,0.0,1,0,78.61076999999999
ENSG00000126457,PRMT1,chr19,49675786,49689029,1,3,0,0.71,33,3,30,0,0.0,336.0,0.0,2,0,78.11439285714286
ENSG00000224420,ADM5,chr19,49688953,49690575,1,2,0,0.69,5,2,3,0,0.0,15.0,0.0,0,0,77.87686666666667
ENSG00000169169,CPT1C,chr19,49690898,49713731,1,2,0,0.795,28,1,17,2,0.0,205.0,0.0,0,0,77.60754166666666
ENSG00000126467,TSKS,chr19,49739753,49763306,-1,1,0,0.75,27,1,21,1,0.0,157.0,0.0,0,0,77.56643333333334
ENSG00000196961,AP2A1,chr19,49766990,49807114,1,3,0,0.8567,60,2,55,0,0.0,129.0,0.0,1,0,78.21635609756098
ENSG00000010361,FUZ,chr19,49806866,49817376,-1,2,0,0.75,29,3,25,0,0.0,185.0,0.0,3,0,78.73978181818183
ENSG00000104973,MED25,chr19,49818277,49840383,1,1,0,0.97,41,2,39,0,0.0,84.0,0.0,1,0,79.05627391304348
ENSG00000104960,PTOV1,chr19,49850735,49860744,1,2,0,0.79,28,7,21,0,0.0,95.0,0.0,2,0,79.45094545454545
ENSG00000039650,PNKP,chr19,49859882,49878351,-1,5,0,0.802,54,8,46,0,0.0,151.0,0.0,2,0,79.58772105263158
ENSG00000204673,AKT1S1,chr19,49869033,49879470,-1,3,0,0.8533,30,5,25,0,0.0,151.0,0.0,2,0,79.63559090909091
ENSG00000104946,TBC1D17,chr19,49877501,49888751,1,1,0,0.77,24,3,20,0,0.0,34.0,0.0,1,0,79.71696666666668
ENSG00000104951,IL4I1,chr19,49889654,49929539,-1,2,0,0.955,79,4,73,0,0.0,194.0,0.0,3,0,79.92955365853659
ENSG00000213024,NUP62,chr19,49906825,49929925,-1,1,0,0.93,49,3,44,0,0.0,878.0,0.0,2,0,79.99836666666667
ENSG00000269179,,chr19,49909501,49958391,-1,1,0,0.93,98,5,87,0,0.0,0.0,0.0,2,0,80.13659591836733
ENSG00000169136,ATF5,chr19,49923910,49933935,1,1,0,0.93,22,4,18,0,0.0,184.0,0.0,1,0,80.08808181818182
ENSG00000161640,SIGLEC11,chr19,49948971,49961172,-1,0,19090,,21,2,19,0,0.0,176.0,0.0,0,0,80.33113846153847
ENSG00000161643,SIGLEC16,chr19,49969600,49975819,1,0,39719,,7,1,4,0,0.0,146.0,0.0,0,0,80.51135714285715
ENSG00000105053,VRK3,chr19,49976127,50025946,-1,1,0,0.83,59,3,43,4,0.0,63.0,0.0,1,0,80.78540384615386
ENSG00000142528,ZNF473,chr19,50025714,50053414,1,2,0,0.87,28,4,17,1,0.0,21.0,0.0,2,0,81.08151785714286
ENSG00000161652,IZUMO2,chr19,50152537,50163281,-1,1,0,0.68,9,0,2,2,0.0,118.0,0.0,0,0,81.48737272727273
ENSG00000105357,MYH14,chr19,50188186,50310545,1,6,0,0.8717,120,2,72,8,0.0,647.0,0.0,0,0,82.86387661290324
ENSG00000131398,KCNC3,chr19,50311937,50333515,-1,6,0,0.9783,49,3,42,0,0.0,135.0,0.0,1,0,83.3514304347826
ENSG00000131408,NR1H2,chr19,50329640,50383404,1,7,0,0.8757,107,9,90,1,0.0,258.0,0.0,5,0,82.4870351851852
ENSG00000131400,NAPSA,chr19,50358472,50365830,-1,1,0,1.01,17,2,14,0,0.0,315.0,0.0,1,0,82.34885555555555
ENSG00000062822,POLD1,chr19,50384204,50418018,1,4,0,0.735,50,4,40,2,5.0,718.0,1.0,1,0,80.70217428571426
ENSG00000142539,,chr19,50415799,50428409,1,2,0,0.77,23,2,21,0,0.0,0.0,0.0,0,0,79.76945384615387
ENSG00000269404,SPIB,chr19,50418938,50431314,1,1,0,0.86,21,1,20,0,0.0,270.0,0.0,0,0,79.64098461538462
ENSG00000086967,MYBPC2,chr19,50432805,50466328,1,1,0,0.85,38,1,27,2,0.0,239.0,0.0,0,0,78.7091205882353
ENSG00000142530,GARIN5A,chr19,50466785,50476866,-1,1,0,0.82,14,2,11,0,0.0,122.0,0.0,1,0,78.03269999999999
ENSG00000161671,EMC10,chr19,50476400,50490871,1,2,0,0.73,35,3,32,0,0.0,212.0,0.0,1,0,77.777
ENSG00000161677,JOSD2,chr19,50505995,50514675,-1,1,0,0.98,23,3,18,0,0.0,42.0,0.0,1,0,77.26687000000001
ENSG00000204653,ASPDH,chr19,50511568,50514690,-1,1,0,0.98,10,2,8,0,0.0,8.0,0.0,1,0,77.21017499999999
ENSG00000131409,LRRC4B,chr19,50516892,50568435,-1,2,0,0.755,93,4,76,0,0.0,49.0,0.0,0,0,76.50534615384616
ENSG00000213023,SYT3,chr19,50621307,50640040,-1,2,0,0.73,28,2,7,3,0.0,28.0,0.0,0,0,72.321355
ENSG00000235034,C19orf81,chr19,50648792,50659310,1,1,0,0.84,14,1,10,0,0.0,44.0,0.0,0,0,70.94126363636363
ENSG00000161681,SHANK1,chr19,50659255,50719802,-1,7,0,0.7729,101,3,53,11,0.0,163.0,0.0,0,0,69.55234677419354
ENSG00000105472,CLEC11A,chr19,50723286,50725719,1,1,0,0.86,8,2,6,0,0.0,238.0,0.0,0,0,68.935225
ENSG00000142511,GPR32,chr19,50770464,50771732,1,0,19887,,2,0,0,0,0.0,33.0,0.0,0,0,69.98393333333333
ENSG00000261341,SMIM47,chr19,50776141,50793142,-1,1,0,0.68,25,1,18,2,0.0,10.0,0.0,0,0,70.51593333333335
ENSG00000142513,ACP4,chr19,50790415,50795219,1,1,0,0.68,14,2,12,0,0.0,81.0,0.0,0,0,70.84478333333333
ENSG00000167748,KLK1,chr19,50819146,50823787,-1,0,621,,14,1,13,0,0.0,248.0,0.0,0,0,72.03703333333333
ENSG00000174562,KLK15,chr19,50825289,50837213,-1,2,0,1.055,20,2,10,0,0.0,81.0,0.0,0,0,72.39393846153845
ENSG00000142515,KLK3,chr19,50854915,50860764,1,0,18661,,5,1,3,0,0.0,948.0,0.0,0,0,73.2163
ENSG00000167751,KLK2,chr19,50861568,50880567,1,0,25314,,20,0,20,0,0.0,124.0,0.0,0,0,73.46638000000002
ENSG00000167749,KLK4,chr19,50906351,50911395,-1,1,0,0.77,8,1,6,1,0.0,646.0,0.0,0,0,73.66005
ENSG00000167754,KLK5,chr19,50943299,50953314,-1,0,30306,,9,1,5,0,0.0,160.0,0.0,0,0,73.40525454545455
ENSG00000167755,KLK6,chr19,50958631,50969673,-1,0,32985,,12,3,6,1,0.0,258.0,0.0,0,0,73.28921666666669
ENSG00000169035,KLK7,chr19,50976468,50984099,-1,0,18559,,8,1,6,0,0.0,184.0,0.0,0,0,73.21453333333332
ENSG00000129455,KLK8,chr19,50996007,51002711,-1,1,0,0.66,8,3,2,0,0.0,402.0,0.0,0,0,73.2046875
ENSG00000269741,,chr19,50996018,51009581,-1,1,0,0.66,16,4,5,1,0.0,1.0,0.0,0,0,73.21682666666668
ENSG00000213022,KLK9,chr19,51002508,51009634,-1,1,0,0.66,9,2,3,1,0.0,26.0,0.0,0,0,73.2286125
ENSG00000129451,KLK10,chr19,51012739,51021048,-1,2,0,0.775,17,3,12,0,0.0,144.0,0.0,0,0,73.29087777777778
ENSG00000167757,KLK11,chr19,51022216,51028039,-1,0,2669,,15,3,10,1,0.0,231.0,0.0,0,0,73.35575714285714
ENSG00000186474,KLK12,chr19,51029092,51035230,-1,1,0,0.78,8,2,3,0,0.0,52.0,0.0,0,0,73.42182857142858
ENSG00000167759,KLK13,chr19,51055626,51065114,-1,0,23407,,7,1,4,0,,,,0,0,73.7039
ENSG00000129437,KLK14,chr19,51077317,51086530,-1,0,12035,,14,0,1,1,,,,0,0,73.84718181818181
ENSG00000142544,CTU1,chr19,51097606,51108424,-1,3,0,0.9867,24,1,18,0,0.0,41.0,0.0,1,0,73.88902727272728
ENSG00000129450,SIGLEC9,chr19,51124906,51140470,1,0,15987,,26,2,24,0,0.0,167.0,0.0,1,0,73.77260625
ENSG00000168995,SIGLEC7,chr19,51142288,51153658,1,0,27799,,7,2,4,0,0.0,431.0,0.0,0,0,73.63973846153846
ENSG00000105383,CD33,chr19,51217033,51243860,1,0,27314,,21,1,12,0,0.0,529.0,0.0,0,0,72.99886785714287
ENSG00000179213,SIGLECL1,chr19,51246348,51269330,1,0,1844,,25,2,18,0,0.0,8.0,0.0,0,0,72.91873333333332
ENSG00000142549,IGLON5,chr19,51311644,51330891,1,2,0,0.77,34,1,25,1,0.0,224.0,0.0,0,0,72.26719500000002
ENSG00000186806,VSIG10L,chr19,51331536,51342310,-1,2,0,0.83,21,1,14,2,0.0,31.0,0.0,0,0,71.88404545454546
ENSG00000105379,ETFB,chr19,51345161,51366449,-1,1,0,0.67,35,3,23,0,0.0,148.0,0.0,2,0,71.2688409090909
ENSG00000269403,,chr19,51350373,51368099,-1,1,0,0.67,33,3,23,0,0.0,3.0,0.0,2,0,71.13935263157894
ENSG00000160318,CLDND2,chr19,51367098,51369003,-1,1,0,0.67,6,2,4,0,0.0,20.0,0.0,1,0,70.78436666666666
ENSG00000105374,NKG7,chr19,51371606,51372704,-1,0,3273,,5,1,4,0,0.0,220.0,0.0,1,0,70.59299999999999
ENSG00000105370,LIM2,chr19,51379909,51388264,-1,0,6105,,7,0,7,0,0.0,257.0,0.0,0,0,70.07272222222223
ENSG00000262874,C19orf84,chr19,51388289,51390591,-1,0,3778,,6,1,3,0,0.0,5.0,0.0,0,0,69.811275
ENSG00000142512,SIGLEC10,chr19,51410020,51417803,-1,0,3942,,11,2,9,0,0.0,226.0,0.0,0,0,68.56020000000001
ENSG00000105366,SIGLEC8,chr19,51450847,51458469,-1,0,5586,,5,2,3,0,0.0,157.0,0.0,0,0,66.4078
ENSG00000213822,CEACAM18,chr19,51478539,51491301,1,0,14158,,12,1,6,0,0.0,9.0,0.0,0,0,64.98205384615383
ENSG00000254521,SIGLEC12,chr19,51491227,51501800,-1,0,26846,,4,1,2,0,0.0,55.0,0.0,0,0,64.53019166666668
ENSG00000105492,SIGLEC6,chr19,51517819,51531856,-1,0,39202,,17,2,12,1,0.0,156.0,0.0,0,0,63.69602
ENSG00000105497,ZNF175,chr19,51571283,51592510,1,0,0,,15,2,7,0,0.0,41.0,0.0,0,0,63.69902173913044
ENSG00000268500,SIGLEC5,chr19,51610948,51630401,-1,0,9203,,9,0,7,0,0.0,81.0,0.0,0,0,65.149705
ENSG00000254415,SIGLEC14,chr19,51639478,51646825,-1,0,37733,,6,0,3,0,0.0,130.0,0.0,0,0,66.47808888888889
ENSG00000182310,SPACA6,chr19,51688346,51712387,1,3,0,0.87,48,2,41,0,0.0,142.0,0.0,2,0,70.57169600000002
ENSG00000105509,HAS1,chr19,51713112,51723991,-1,2,0,0.85,15,4,5,0,0.0,259.0,0.0,0,0,71.80404166666666
ENSG00000171051,FPR1,chr19,51745172,51804115,-1,0,25217,,61,3,55,0,0.0,455.0,0.0,0,0,74.18959166666666
ENSG00000171049,FPR2,chr19,51752026,51770531,1,0,32071,,12,1,11,0,0.0,718.0,0.0,0,0,73.878985
ENSG00000187474,FPR3,chr19,51795137,51826324,1,0,61264,,47,1,45,0,0.0,104.0,0.0,0,0,74.894065625
ENSG00000161551,ZNF577,chr19,51804816,51890950,-1,1,0,0.99,52,1,41,0,0.0,39.0,0.0,0,0,75.46696666666666
ENSG00000198093,ZNF649,chr19,51889233,51905049,-1,0,1118,,13,1,11,0,0.0,16.0,0.0,1,0,76.65049411764706
ENSG00000176024,ZNF613,chr19,51927147,51948759,1,0,304,,13,2,7,0,0.0,9.0,0.0,1,0,78.24889130434782
ENSG00000256683,ZNF350,chr19,51964061,51986856,-1,0,14771,,22,1,16,0,0.0,54.0,0.0,1,0,79.36775833333333
ENSG00000197619,ZNF615,chr19,51991332,52008230,-1,1,0,0.94,7,2,1,0,0.0,40.0,0.0,1,0,79.57259444444445
ENSG00000142556,ZNF614,chr19,52012765,52030240,-1,1,0,1.12,17,2,12,0,0.0,21.0,0.0,1,0,79.29753333333333
ENSG00000256087,ZNF432,chr19,52031378,52095738,-1,2,0,0.93,35,5,22,0,0.0,40.0,0.0,2,0,77.62389393939395
ENSG00000197608,ZNF841,chr19,52064465,52095765,-1,1,0,0.86,19,2,11,0,0.0,17.0,0.0,1,0,76.80092121212121
ENSG00000204611,ZNF616,chr19,52113073,52139965,-1,1,0,0.82,12,2,7,0,0.0,5.0,0.0,1,0,74.03301071428571
ENSG00000196267,ZNF836,chr19,52153864,52171643,-1,1,0,0.86,8,3,3,0,0.0,11.0,0.0,1,0,71.86369473684209
ENSG00000105568,PPP2R1A,chr19,52170936,52229518,1,2,0,0.885,67,5,55,0,5.0,288.0,1.0,2,0,69.66340166666669
ENSG00000196214,ZNF766,chr19,52269587,52296046,1,1,0,1.05,23,2,19,0,0.0,14.0,0.0,1,0,65.18824444444444
ENSG00000198464,ZNF480,chr19,52297167,52325926,1,1,0,0.99,12,2,3,0,0.0,32.0,0.0,1,0,64.03215000000002
ENSG00000167554,ZNF610,chr19,52336243,52367778,1,1,0,1.07,18,2,13,0,0.0,17.0,0.0,1,0,62.68432424242424
ENSG00000221923,ZNF880,chr19,52369917,52393738,1,1,0,0.9,8,1,2,0,0.0,45.0,0.0,1,0,61.58327200000001
ENSG00000167555,ZNF528,chr19,52397849,52418412,1,2,0,0.99,9,1,5,0,0.0,27.0,0.0,1,0,60.30190952380954
ENSG00000198633,ZNF534,chr19,52429148,52452315,1,1,0,0.96,6,1,1,0,0.0,18.0,0.0,0,0,58.146254166666665
ENSG00000258405,ZNF578,chr19,52453553,52516882,1,2,0,0.845,39,1,23,0,0.0,21.0,0.0,1,0,54.4943703125
ENSG00000198482,ZNF808,chr19,52527652,52564464,1,2,0,0.845,35,3,26,0,0.0,27.0,0.0,2,0,50.13371621621622
ENSG00000167562,ZNF701,chr19,52555822,52599928,1,2,0,0.815,28,4,21,0,0.0,8.0,0.0,1,0,48.61204444444445
ENSG00000269825,,chr19,52594060,52690559,-1,3,0,0.8333,91,2,79,0,0.0,22.0,0.0,3,0,46.4266918367347
ENSG00000167766,ZNF83,chr19,52612356,52638388,-1,1,0,0.79,21,1,13,0,0.0,56.0,0.0,1,0,46.98937037037038
ENSG00000213020,ZNF611,chr19,52702813,52735080,-1,2,0,0.78,33,1,26,0,0.0,46.0,0.0,1,0,44.07707878787879
ENSG00000189190,ZNF600,chr19,52749942,52786820,-1,1,0,0.77,29,3,24,0,0.0,19.0,0.0,1,0,43.415592105263165
ENSG00000198538,ZNF28,chr19,52797408,52857600,-1,2,0,0.83,32,4,18,0,0.0,43.0,0.0,2,0,43.86435967741936
ENSG00000204604,ZNF468,chr19,52838010,52857649,-1,2,0,0.83,9,1,6,0,0.0,27.0,0.0,1,0,44.12668571428571
ENSG00000182986,ZNF320,chr19,52860851,52897704,-1,1,0,0.78,24,2,19,0,0.0,16.0,0.0,1,0,44.4031552631579
ENSG00000213793,ZNF888,chr19,52904415,52923496,-1,2,0,0.8,10,1,7,1,0.0,5.0,0.0,1,0,44.47167
ENSG00000221874,ZNF816-ZNF321P,chr19,52928475,52962823,-1,2,0,0.86,35,2,29,0,0.0,0.0,0.0,2,0,44.31096944444445
ENSG00000180257,ZNF816,chr19,52949377,52962911,-1,1,0,0.85,8,1,4,0,0.0,6.0,0.0,1,0,44.23691333333333
ENSG00000269526,ERVV-1,chr19,53013921,53016123,1,0,20146,,1,0,1,0,0.0,7.0,0.0,0,0,43.8125
ENSG00000268964,ERVV-2,chr19,53044740,53051680,1,0,6282,,5,1,4,0,0.0,7.0,0.0,0,0,43.717325
ENSG00000170949,ZNF160,chr19,53064884,53103434,-1,1,0,0.81,29,1,23,0,0.0,22.0,0.0,1,0,43.88410512820512
ENSG00000170954,ZNF415,chr19,53107879,53133077,-1,1,0,0.74,18,2,13,0,0.0,78.0,0.0,1,0,44.35365
ENSG00000197937,ZNF347,chr19,53124072,53159075,-1,3,0,0.8333,19,2,14,1,0.0,16.0,0.0,2,0,44.76982222222222
ENSG00000197497,ZNF665,chr19,53159213,53193386,-1,2,0,0.885,24,2,12,3,0.0,22.0,0.0,2,0,45.52746
ENSG00000197928,ZNF677,chr19,53235381,53254898,-1,1,0,0.99,9,1,4,0,0.0,48.0,0.0,0,0,46.47396666666667
ENSG00000196131,VN1R2,chr19,53258292,53261837,1,0,2979,,0,0,0,0,0.0,11.0,0.0,0,0,46.5287
ENSG00000228567,VN1R4,chr19,53266676,53267723,-1,0,11363,,0,0,0,0,0.0,10.0,0.0,0,0,46.5396
ENSG00000189348,FAM90A27P,chr19,53277462,53284947,1,0,6211,,2,0,1,1,0.0,2.0,0.0,0,0,46.54824444444444
ENSG00000213799,ZNF845,chr19,53333749,53356906,1,1,0,0.88,8,1,4,0,0.0,60.0,0.0,1,0,47.051199999999994
ENSG00000203326,ZNF525,chr19,53365693,53392217,1,1,0,0.82,20,1,14,0,0.0,16.0,0.0,1,0,47.69391111111112
ENSG00000196417,ZNF765,chr19,53389793,53430413,1,1,0,0.82,30,1,24,0,0.0,25.0,0.0,1,0,48.23754146341464
ENSG00000160336,ZNF761,chr19,53426180,53461862,1,2,0,0.985,24,1,22,0,0.0,18.0,0.0,1,0,48.374937837837834
ENSG00000198346,ZNF813,chr19,53467703,53496255,1,1,0,0.83,20,1,16,0,0.0,22.0,0.0,1,0,47.55387241379311
ENSG00000130844,ZNF331,chr19,53519527,53580271,1,4,0,0.8175,94,9,82,0,0.0,166.0,0.0,3,0,44.031244262295075
ENSG00000204595,DPRX,chr19,53600777,53637014,1,0,10808,,35,1,33,0,0.0,10.0,0.0,0,0,40.61535675675675
ENSG00000142405,NLRP12,chr19,53792139,53824403,-1,0,23434,,24,1,12,2,0.0,327.0,0.0,0,0,38.6054303030303
ENSG00000179820,MYADM,chr19,53864763,53878125,1,3,0,0.8233,37,4,33,0,0.0,87.0,0.0,2,0,38.36831428571429
ENSG00000126583,PRKCG,chr19,53879190,53907652,1,4,0,0.8425,45,1,31,2,0.0,1098.0,0.0,0,0,38.386966666666666
ENSG00000105605,CACNG7,chr19,53909278,53943950,1,2,0,0.855,28,1,6,6,0.0,130.0,0.0,0,0,38.48830277777777
ENSG00000142408,CACNG8,chr19,53962937,53990215,1,4,0,0.9975,42,2,38,0,0.0,133.0,0.0,0,0,38.94728571428571
ENSG00000130433,CACNG6,chr19,53991637,54012666,1,3,0,0.7767,26,3,22,0,0.0,127.0,0.0,0,0,39.44771818181818
ENSG00000189068,VSTM1,chr19,54040825,54063953,-1,0,28737,,13,2,6,0,0.0,52.0,0.0,0,0,41.3117375
ENSG00000248385,TARM1,chr19,54069895,54081365,-1,0,14530,,2,1,1,0,0.0,195.0,0.0,0,0,42.58341666666667
ENSG00000170909,OSCAR,chr19,54094668,54102692,-1,2,0,0.905,14,2,12,0,0.0,84.0,0.0,1,0,44.12378888888889
ENSG00000170906,NDUFA3,chr19,54102728,54109257,1,1,0,0.8,12,2,5,0,0.0,200.0,0.0,1,0,44.62080000000001
ENSG00000105619,TFPT,chr19,54107020,54115657,-1,1,0,1.03,12,4,4,0,0.0,135.0,0.0,1,0,45.02239000000001
ENSG00000105618,PRPF31,chr19,54115410,54131719,1,1,0,1.03,22,2,9,0,0.0,298.0,0.0,1,0,45.92427777777778
ENSG00000088038,CNOT3,chr19,54137710,54155708,1,1,0,0.89,31,1,28,0,2.0,230.0,1.0,1,0,47.74784736842105
ENSG00000105617,LENG1,chr19,54155161,54159721,-1,1,0,0.95,11,1,9,0,0.0,16.0,0.0,1,0,48.57251666666667
ENSG00000167608,TMC4,chr19,54160095,54173250,-1,2,0,0.875,21,1,18,1,0.0,59.0,0.0,1,0,49.27817142857143
ENSG00000125505,MBOAT7,chr19,54173412,54189882,-1,2,0,0.89,32,4,25,1,0.0,161.0,0.0,1,0,50.4445
ENSG00000170892,TSEN34,chr19,54189447,54194538,1,1,0,0.93,11,6,5,0,0.0,20.0,0.0,1,0,51.25075714285715
ENSG00000170889,RPS9,chr19,54200484,54249003,1,2,0,0.86,76,6,64,1,0.0,105.0,0.0,4,0,53.602348
ENSG00000204577,LILRB3,chr19,54216278,54223506,-1,0,8771,,13,2,10,0,0.0,204.0,0.0,0,0,53.31323333333333
ENSG00000244482,LILRA6,chr19,54236590,54242790,-1,0,29083,,9,1,7,1,0.0,107.0,0.0,0,0,54.673500000000004
ENSG00000105609,LILRB5,chr19,54249421,54257339,-1,0,41914,,8,1,2,0,0.0,111.0,0.0,0,0,55.493522222222225
ENSG00000131042,LILRB2,chr19,54273812,54281184,-1,0,66305,,12,3,9,0,0.0,237.0,0.0,0,0,56.89415
ENSG00000187116,LILRA5,chr19,54307041,54313166,-1,0,99534,,8,1,5,0,0.0,126.0,0.0,0,0,58.44941428571428
ENSG00000239961,LILRA4,chr19,54333185,54339162,-1,0,76067,,11,2,8,0,0.0,117.0,0.0,0,0,59.46008571428571
ENSG00000167613,LAIR1,chr19,54351384,54370558,-1,0,44671,,35,3,30,1,0.0,394.0,0.0,4,0,60.28829047619048
ENSG00000167614,TTYH1,chr19,54415219,54436904,1,2,0,0.82,54,4,50,0,0.0,52.0,0.0,0,0,62.21404347826087
ENSG00000167615,LENG8,chr19,54449157,54462022,1,3,0,0.7567,35,3,32,0,0.0,48.0,0.0,1,0,63.15521428571428
ENSG00000275183,LENG9,chr19,54461732,54463778,-1,1,0,0.88,6,1,5,0,0.0,8.0,0.0,1,0,63.412366666666664
ENSG00000167617,CDC42EP5,chr19,54465026,54473296,-1,2,0,0.83,16,1,13,0,0.0,48.0,0.0,1,0,63.6259
ENSG00000167618,LAIR2,chr19,54497879,54510687,1,0,16337,,15,1,10,2,0.0,377.0,0.0,0,0,65.02799285714285
ENSG00000239998,LILRA2,chr19,54572920,54590287,1,0,45636,,8,2,4,0,0.0,65.0,0.0,0,0,68.95093888888889
ENSG00000104974,LILRA1,chr19,54593582,54602381,1,0,66298,,4,1,1,0,0.0,52.0,0.0,0,0,69.87051111111111
ENSG00000104972,LILRB1,chr19,54616309,54638022,1,0,89025,,25,3,18,0,0.0,343.0,0.0,0,0,71.40389565217392
ENSG00000186818,LILRB4,chr19,54643889,54670359,1,0,116605,,22,2,10,3,0.0,458.0,0.0,0,0,72.69327777777778
ENSG00000242019,KIR3DL3,chr19,54724442,54736632,1,0,197158,,2,0,0,0,0.0,38.0,0.0,0,0,73.64616428571428
ENSG00000243772,KIR2DL3,chr19,54738513,54753061,1,0,186393,,11,1,9,0,0.0,167.0,0.0,0,0,73.37987333333334
ENSG00000125498,KIR2DL1,chr19,54769793,54784332,1,0,155122,,12,1,8,0,0.0,129.0,0.0,0,0,72.47537333333334
ENSG00000189013,KIR2DL4,chr19,54803610,54814517,1,0,124937,,7,1,4,0,0.0,78.0,0.0,0,0,71.20964166666667
ENSG00000167633,KIR3DL1,chr19,54816468,54830778,1,0,108676,,9,1,7,0,0.0,557.0,0.0,0,0,70.6235125
ENSG00000221957,KIR2DS4,chr19,54832676,54848569,1,0,90885,,13,1,6,1,0.0,100.0,0.0,0,0,69.89710000000001
ENSG00000240403,KIR3DL2,chr19,54850433,54867209,1,0,72245,,12,1,9,0,0.0,236.0,0.0,0,0,69.20429444444444
ENSG00000186431,FCAR,chr19,54874235,54891420,1,0,48034,,14,1,8,1,0.0,145.0,0.0,0,0,68.32552222222222
ENSG00000189430,NCR1,chr19,54906148,54916140,1,0,23314,,11,2,8,0,0.0,462.0,0.0,0,0,67.34223636363636
ENSG00000167634,NLRP7,chr19,54923509,54966312,-1,1,0,0.76,33,2,28,0,0.0,145.0,0.0,0,0,66.1329534883721
ENSG00000022556,NLRP2,chr19,54953130,55001142,1,2,0,0.75,31,3,18,1,0.0,315.0,0.0,0,0,64.865394
ENSG00000088053,GP6,chr19,55013705,55038264,-1,1,0,1.76,26,2,15,0,0.0,325.0,0.0,1,0,62.780384000000005
ENSG00000160439,RDH13,chr19,55039108,55071291,-1,1,0,0.9,53,3,35,0,0.0,44.0,0.0,1,0,61.60367272727273
ENSG00000131037,EPS8L1,chr19,55072020,55090124,1,4,0,0.8175,50,4,45,0,0.0,80.0,0.0,1,0,60.71584210526315
ENSG00000125503,PPP1R12C,chr19,55090913,55117639,-1,2,0,1.155,52,3,40,2,0.0,222.0,0.0,1,0,60.147464285714285
ENSG00000105048,TNNT1,chr19,55132698,55149351,-1,1,0,0.64,23,2,20,0,0.0,547.0,0.0,0,0,59.78851176470589
ENSG00000129991,TNNI3,chr19,55151767,55157773,-1,1,0,0.65,9,3,6,0,0.0,700.0,0.0,0,0,59.84814285714286
ENSG00000267110,,chr19,55154757,55160671,-1,2,0,0.8,11,5,6,0,0.0,0.0,0.0,0,0,59.87694285714286
ENSG00000167646,DNAAF3,chr19,55158661,55166722,-1,3,0,0.85,14,3,8,0,0.0,210.0,0.0,0,0,59.93731111111111
ENSG00000129990,SYT5,chr19,55171196,55180314,-1,2,0,0.765,22,3,19,0,0.0,42.0,0.0,0,0,60.149930000000005
ENSG00000080031,PTPRH,chr19,55181230,55209508,-1,0,975,,28,1,14,3,0.0,100.0,0.0,0,0,60.69231333333333
ENSG00000180089,TMEM86B,chr19,55226638,55228784,-1,0,9377,,7,1,5,0,0.0,24.0,0.0,0,0,61.97266666666667
ENSG00000105063,PPP6R1,chr19,55229776,55259070,-1,1,0,0.9,57,4,50,1,0.0,35.0,0.0,2,0,62.81375000000001
ENSG00000133265,HSPBP1,chr19,55262219,55280930,-1,2,0,0.845,25,3,19,0,0.0,219.0,0.0,3,0,64.30384
ENSG00000160469,BRSK1,chr19,55282072,55312562,1,4,0,0.6575,47,4,42,1,0.0,88.0,0.0,0,0,65.77834374999999
ENSG00000180061,TMEM150B,chr19,55312801,55334048,-1,1,0,0.83,33,1,26,3,0.0,30.0,0.0,0,0,67.1941681818182
ENSG00000133247,KMT5C,chr19,55339367,55348121,1,3,0,0.7667,24,3,21,0,0.0,43.0,0.0,2,0,68.21501
ENSG00000160471,COX6B2,chr19,55349306,55354719,-1,2,0,0.805,14,2,12,0,0.0,87.0,0.0,0,0,68.62989999999999
ENSG00000267706,,chr19,55352301,55359516,-1,3,0,0.7967,14,2,11,1,0.0,1.0,0.0,0,0,68.82171111111111
ENSG00000180043,GARIN5B,chr19,55354908,55363260,-1,3,0,0.7267,13,2,9,1,0.0,122.0,0.0,0,0,68.96455555555556
ENSG00000095752,IL11,chr19,55364382,55370463,-1,1,0,0.84,10,1,6,3,0.0,632.0,0.0,0,0,69.34182857142856
ENSG00000160472,TMEM190,chr19,55376816,55378246,1,1,0,0.68,4,2,2,0,0.0,18.0,0.0,0,0,69.83275
ENSG00000233493,TMEM238,chr19,55379244,55384292,-1,1,0,0.84,10,1,8,0,0.0,6.0,0.0,2,0,70.02015
ENSG00000108107,RPL28,chr19,55383856,55403250,1,2,0,0.81,47,4,42,0,0.0,61.0,0.0,1,0,70.59227000000001
ENSG00000108106,UBE2S,chr19,55399745,55407788,-1,2,0,0.845,21,1,20,0,0.0,225.0,0.0,1,0,71.10662222222223
ENSG00000187902,SHISA7,chr19,55428740,55443300,-1,3,0,0.78,28,1,20,3,0.0,117.0,0.0,0,0,72.85500666666665
ENSG00000063241,ISOC2,chr19,55452975,55462343,-1,1,0,0.82,22,2,20,0,0.0,34.0,0.0,1,0,74.19192000000001
ENSG00000283567,C19orf85,chr19,55463001,55464751,-1,0,926,,5,0,5,0,0.0,1.0,0.0,0,0,74.61826666666667
ENSG00000197483,ZNF628,chr19,55476617,55484487,1,2,0,0.805,20,2,17,0,0.0,154.0,0.0,3,0,75.7376625
ENSG00000090971,NAT14,chr19,55485188,55487569,1,2,0,0.695,9,2,7,0,0.0,11.0,0.0,1,0,76.153
ENSG00000179954,SSC5D,chr19,55488404,55519099,1,5,0,0.786,43,1,33,2,0.0,54.0,0.0,2,0,77.332196875
ENSG00000187550,SBK2,chr19,55528609,55537143,-1,3,0,0.8033,11,3,7,0,0.0,15.0,0.0,0,0,79.28678888888888
ENSG00000231274,SBK3,chr19,55539018,55550284,-1,1,0,0.7,21,1,17,0,0.0,6.0,0.0,0,0,79.95916666666668
ENSG00000218891,ZNF579,chr19,55576774,55580916,-1,1,0,0.81,8,1,4,0,0.0,10.0,0.0,1,0,81.52112
ENSG00000179943,FIZ1,chr19,55591371,55606194,-1,4,0,0.93,27,5,22,0,0.0,10.0,0.0,2,0,82.05180000000001
ENSG00000171443,ZNF524,chr19,55599714,55603138,1,2,0,0.86,9,4,5,0,0.0,9.0,0.0,1,0,82.11869999999999
ENSG00000261221,ZNF865,chr19,55605638,55617269,1,2,0,1.025,25,3,20,0,0.0,15.0,0.0,1,0,82.27484166666666
ENSG00000179922,ZNF784,chr19,55620741,55624566,-1,2,0,0.79,11,1,10,0,0.0,10.0,0.0,1,0,82.38432
ENSG00000213015,ZNF580,chr19,55635003,55643470,1,1,0,0.78,21,6,15,0,0.0,26.0,0.0,2,0,82.40532222222221
ENSG00000171425,ZNF581,chr19,55635018,55645626,1,2,0,0.765,26,7,19,0,0.0,15.0,0.0,2,0,82.39938333333333
ENSG00000173581,CCDC106,chr19,55641062,55653161,1,4,0,0.8675,31,8,22,0,0.0,35.0,0.0,3,0,82.36680000000001
ENSG00000063244,U2AF2,chr19,55654146,55674716,1,2,0,0.895,47,5,39,0,0.0,111.0,0.0,2,0,82.1956909090909
ENSG00000063245,EPN1,chr19,55675109,55709858,1,3,0,0.93,75,2,63,3,0.0,51.0,0.0,1,0,81.77968055555556
ENSG00000185792,NLRP9,chr19,55708438,55738402,-1,0,4228,,24,0,7,1,0.0,71.0,0.0,0,0,81.2763741935484
ENSG00000223638,RFPL4A,chr19,55759043,55763424,1,0,54833,,1,0,0,0,0.0,12.0,0.0,0,0,80.70469999999999
ENSG00000229292,RFPL4AL1,chr19,55769118,55773420,1,0,64908,,2,0,0,0,0.0,1.0,0.0,0,0,80.57914
ENSG00000179873,NLRP11,chr19,55785397,55836800,-1,0,13016,,21,2,15,0,0.0,43.0,0.0,0,0,80.17359811320755
ENSG00000160505,NLRP4,chr19,55836540,55881855,1,2,0,1.145,22,2,16,0,0.0,48.0,0.0,0,0,79.70789347826087
ENSG00000173572,NLRP13,chr19,55891699,55932336,-1,0,33396,,5,0,0,1,0.0,22.0,0.0,0,0,79.19868536585366
ENSG00000179709,NLRP8,chr19,55947832,55988629,1,0,89529,,14,0,7,2,0.0,22.0,0.0,0,0,78.61657619047618
ENSG00000171487,NLRP5,chr19,55986775,56061810,1,0,24862,,19,0,3,1,0.0,85.0,0.0,0,0,77.70518552631579
ENSG00000142409,ZNF787,chr19,56087366,56121295,-1,6,0,0.8867,77,1,69,1,0.0,24.0,0.0,2,0,74.95917428571428
ENSG00000167685,ZNF444,chr19,56132599,56160897,1,3,0,0.8233,54,1,49,1,0.0,11.0,0.0,1,0,72.50418620689655
ENSG00000197487,GALP,chr19,56176008,56185775,1,0,11911,,7,1,3,2,0.0,76.0,0.0,0,0,70.22283636363636
ENSG00000197213,ZSCAN5B,chr19,56189686,56197815,-1,1,0,1.01,7,1,3,2,0.0,78.0,0.0,0,0,69.28854444444443
ENSG00000204532,ZSCAN5C,chr19,56202273,56209461,1,0,4369,,4,1,0,0,0.0,66.0,0.0,0,0,68.45015000000001
ENSG00000131848,ZSCAN5A,chr19,56219670,56368383,-1,4,0,0.98,106,10,60,12,0.0,85.0,0.0,2,0,63.26539865771814
ENSG00000267710,EDDM13,chr19,56272748,56310454,1,0,3944,,26,0,22,1,0.0,8.0,0.0,0,0,62.958010526315775
ENSG00000018869,ZNF582,chr19,56375846,56393538,-1,1,0,0.97,8,2,5,0,0.0,65.0,0.0,1,0,60.53927368421053
ENSG00000198440,ZNF583,chr19,56397966,56436035,1,1,0,0.94,12,2,5,0,0.0,17.0,0.0,1,0,60.157897435897446
ENSG00000198046,ZNF667,chr19,56438634,56478099,-1,1,0,0.92,13,2,6,0,0.0,76.0,0.0,0,0,59.55215249999999
ENSG00000196263,ZNF471,chr19,56507731,56530221,1,1,0,0.93,8,1,4,0,0.0,49.0,0.0,1,0,58.87346956521739
ENSG00000196867,ZFP28,chr19,56538948,56556808,1,1,0,1.01,10,1,4,0,0.0,63.0,0.0,0,0,58.98108421052631
ENSG00000197016,ZNF470,chr19,56567468,56588911,1,1,0,0.81,8,1,3,0,0.0,13.0,0.0,1,0,59.457478260869586
ENSG00000197951,ZNF71,chr19,56595265,56626481,1,2,0,0.905,24,1,9,0,0.0,21.0,0.0,1,0,60.216196874999994
ENSG00000293626,,chr19,56595302,56657247,1,4,0,0.85,38,2,15,0,0.0,0.0,0.0,1,0,60.54802380952381
ENSG00000268182,SMIM17,chr19,56643159,56657247,1,1,0,0.81,6,1,3,0,0.0,17.0,0.0,0,0,61.03161333333333
ENSG00000127903,ZNF835,chr19,56661980,56671783,-1,2,0,0.87,15,1,5,0,0.0,12.0,0.0,0,0,61.2356
ENSG00000269699,ZIM2,chr19,56774547,56840731,-1,3,0,0.7667,46,3,29,0,0.0,26.0,0.0,0,0,58.84342388059701
ENSG00000198300,PEG3,chr19,56810077,56840728,-1,2,0,0.715,38,3,27,0,0.0,153.0,0.0,0,0,58.201340625
ENSG00000131864,USP29,chr19,57119138,57131926,1,1,0,0.89,6,1,0,1,0.0,55.0,0.0,0,0,38.827035714285714
ENSG00000141946,ZIM3,chr19,57134096,57145202,-1,0,14831,,3,0,0,0,0.0,14.0,0.0,0,0,38.36140833333334
ENSG00000258873,DUXA,chr19,57154021,57167485,-1,0,4365,,4,0,1,0,0.0,16.0,0.0,0,0,37.62144285714286
ENSG00000083844,ZNF264,chr19,57191500,57222846,1,1,0,0.88,12,2,9,0,0.0,23.0,0.0,1,0,35.557709375
ENSG00000105146,AURKC,chr19,57231009,57235551,1,1,0,0.82,4,1,2,0,0.0,180.0,0.0,0,0,34.14751666666667
ENSG00000204524,ZNF805,chr19,57240632,57262728,1,1,0,0.9,11,2,3,1,0.0,16.0,0.0,1,0,33.051869565217395
ENSG00000197714,ZNF460,chr19,57279982,57296357,1,1,0,0.92,14,2,8,0,0.0,38.0,0.0,1,0,30.92449411764706
ENSG00000178229,ZNF543,chr19,57320472,57330770,1,1,0,0.86,7,1,4,0,0.0,22.0,0.0,1,0,29.028000000000002
ENSG00000131845,ZNF304,chr19,57351271,57359898,1,1,0,0.81,5,2,2,0,0.0,39.0,0.0,1,0,27.996360000000003
ENSG00000152433,ZNF547,chr19,57363477,57379565,1,1,0,0.88,11,1,4,0,0.0,11.0,0.0,1,0,27.691077777777778
ENSG00000256060,TRAPPC2B,chr19,57363551,57365405,1,1,0,0.88,3,1,2,0,0.0,64.0,0.0,1,0,27.796
ENSG00000268133,,chr19,57363566,57398584,1,2,0,0.905,21,3,9,0,0.0,0.0,0.0,2,0,27.618100000000002
ENSG00000188785,ZNF548,chr19,57389850,57403498,1,1,0,0.93,6,2,2,0,0.0,14.0,0.0,1,0,27.56718571428571
ENSG00000269533,,chr19,57389884,57419994,1,2,0,0.85,13,3,6,0,0.0,0.0,0.0,2,0,27.65110322580646
ENSG00000268533,,chr19,57394183,57438457,1,2,0,0.76,20,3,11,0,0.0,1.0,0.0,2,0,27.834937777777785
ENSG00000186272,ZNF17,chr19,57410723,57421934,1,1,0,0.77,5,1,2,0,0.0,17.0,0.0,1,0,27.790966666666666
ENSG00000186230,ZNF749,chr19,57435325,57447101,1,1,0,0.75,11,1,9,0,0.0,11.0,0.0,1,0,28.431923076923077
ENSG00000268163,,chr19,57437970,57477536,-1,0,2147,,18,2,12,0,0.0,0.0,0.0,1,0,29.10790243902439
ENSG00000178201,VN1R1,chr19,57454790,57457140,-1,0,18967,,0,0,0,0,0.0,11.0,0.0,0,0,28.994266666666665
ENSG00000197128,ZNF772,chr19,57466663,57477570,-1,0,10087,,8,2,4,0,0.0,25.0,0.0,1,0,29.733591666666666
ENSG00000105136,ZNF419,chr19,57487711,57496098,1,1,0,0.92,5,1,2,0,0.0,37.0,0.0,1,0,30.690755555555555
ENSG00000268107,,chr19,57487718,57517559,1,2,0,0.93,16,2,10,0,0.0,0.0,0.0,2,0,31.231945161290326
ENSG00000152439,ZNF773,chr19,57499915,57518404,1,1,0,0.94,12,1,7,0,0.0,10.0,0.0,1,0,31.526442105263158
ENSG00000121406,ZNF549,chr19,57527325,57557542,1,1,0,0.91,9,1,4,0,0.0,18.0,0.0,1,0,32.909634374999996
ENSG00000251369,ZNF550,chr19,57535257,57559863,-1,1,0,0.93,11,1,7,0,0.0,8.0,0.0,1,0,33.07791538461538
ENSG00000083817,ZNF416,chr19,57571566,57578911,-1,1,0,0.88,8,2,5,0,0.0,31.0,0.0,1,0,33.66055
ENSG00000171649,ZIK1,chr19,57578456,57593890,1,2,0,0.835,11,4,4,0,0.0,20.0,0.0,2,0,33.70217058823529
ENSG00000183647,ZNF530,chr19,57599880,57612722,1,1,0,0.83,7,1,4,0,0.0,6.0,0.0,1,0,33.54566428571429
ENSG00000213762,ZNF134,chr19,57614233,57624724,1,1,0,1.0,11,1,8,0,0.0,15.0,0.0,1,0,33.29114166666667
ENSG00000121417,ZNF211,chr19,57630395,57644044,1,1,0,0.79,10,2,4,0,0.0,18.0,0.0,1,0,32.804433333333336
ENSG00000180532,ZSCAN4,chr19,57668935,57679152,1,0,2748,,10,0,7,0,0.0,31.0,0.0,0,0,31.55224545454545
ENSG00000204519,ZNF551,chr19,57681969,57717301,1,2,0,0.915,31,2,18,0,0.0,17.0,0.0,2,0,30.850313888888884
ENSG00000269026,,chr19,57682045,57753575,1,4,0,0.9,53,5,33,0,0.0,0.0,0.0,4,0,30.653432876712323
ENSG00000179909,ZNF154,chr19,57696275,57709204,-1,1,0,0.82,10,1,6,0,0.0,64.0,0.0,1,0,30.75917857142857
ENSG00000083814,ZNF671,chr19,57719751,57727624,-1,1,0,0.88,9,1,7,0,0.0,55.0,0.0,1,0,30.45596666666667
ENSG00000152443,ZNF776,chr19,57746815,57758148,1,1,0,0.89,12,2,5,0,0.0,19.0,0.0,1,0,30.542916666666667
ENSG00000083828,ZNF586,chr19,57769655,57819939,1,4,0,0.8625,55,3,49,0,0.0,8.0,0.0,3,0,31.559490196078432
ENSG00000178935,ZNF552,chr19,57803841,57814913,-1,1,0,0.89,19,1,18,0,0.0,11.0,0.0,1,0,32.020966666666666
ENSG00000268750,,chr19,57819719,57858941,1,2,0,0.815,31,3,26,0,0.0,0.0,0.0,2,0,33.1193175
ENSG00000269343,ZNF587B,chr19,57819721,57846238,1,1,0,0.83,24,2,20,0,0.0,14.0,0.0,1,0,32.8821074074074
ENSG00000204514,ZNF814,chr19,57848731,57889074,-1,2,0,0.81,29,5,17,0,0.0,22.0,0.0,2,0,34.16553170731707
ENSG00000198466,ZNF587,chr19,57849841,57865117,1,1,0,0.8,9,1,4,0,0.0,25.0,0.0,1,0,33.77136875
ENSG00000269476,,chr19,57876765,57916591,-1,2,0,0.845,34,4,28,0,0.0,0.0,0.0,2,0,35.08382195121951
ENSG00000173480,ZNF417,chr19,57900296,57916610,-1,1,0,0.87,13,1,11,0,0.0,22.0,0.0,1,0,35.44258333333333
ENSG00000196724,ZNF418,chr19,57921882,57935402,-1,1,0,0.94,7,2,2,0,0.0,45.0,0.0,1,0,36.002428571428574
ENSG00000152454,ZNF256,chr19,57940833,57947706,-1,1,0,0.85,7,2,4,0,0.0,15.0,0.0,1,0,36.389575
ENSG00000177025,C19orf18,chr19,57958437,57974534,-1,0,10586,,1,0,0,0,0.0,15.0,0.0,0,0,36.809438888888884
ENSG00000166704,ZNF606,chr19,57977076,58003349,-1,1,0,0.93,16,4,6,0,0.0,21.0,0.0,1,0,37.0854962962963
ENSG00000152467,ZSCAN1,chr19,58034025,58054631,1,4,0,0.83,35,4,12,0,0.0,31.0,0.0,0,0,36.925177272727275
ENSG00000176293,ZNF135,chr19,58059239,58086310,1,2,0,0.735,15,1,11,0,0.0,66.0,0.0,0,0,36.539614285714286
ENSG00000121413,ZSCAN18,chr19,58083834,58118427,-1,3,0,0.84,31,2,20,0,0.0,49.0,0.0,1,0,36.168525714285714
ENSG00000181894,ZNF329,chr19,58126248,58155110,-1,2,0,0.855,18,4,8,0,0.0,113.0,0.0,2,0,35.97414333333334
ENSG00000171606,ZNF274,chr19,58183029,58213573,1,2,0,0.905,18,2,10,0,0.0,33.0,0.0,1,0,36.52519375
ENSG00000198131,ZNF544,chr19,58228594,58277495,1,1,0,0.86,28,5,12,0,0.0,13.0,0.0,1,0,37.29804489795918
ENSG00000283515,,chr19,58228914,58315183,1,3,0,0.95,56,6,31,0,0.0,1.0,0.0,3,0,37.59709885057471
ENSG00000278129,ZNF8,chr19,58278955,58302791,1,1,0,0.83,17,1,9,0,0.0,21.0,0.0,1,0,37.86814
ENSG00000142396,ERVK3-1,chr19,58305347,58316812,1,1,0,1.16,8,1,6,0,0.0,11.0,0.0,1,0,38.28666923076923
ENSG00000182318,ZSCAN22,chr19,58326994,58342343,1,1,0,0.89,16,2,9,1,0.0,10.0,0.0,1,0,39.0020375
ENSG00000121410,A1BG,chr19,58345178,58353492,-1,2,0,0.8,18,3,15,0,0.0,140.0,0.0,1,0,39.57571111111112
ENSG00000174586,ZNF497,chr19,58354357,58362848,-1,2,0,0.895,21,6,14,0,0.0,8.0,0.0,2,0,40.013220000000004
ENSG00000152475,ZNF837,chr19,58367614,58381054,-1,2,0,0.905,22,2,15,2,0.0,7.0,0.0,1,0,40.85401428571429
ENSG00000083845,RPS5,chr19,58380570,58394807,1,2,0,0.9,35,5,30,0,0.0,107.0,0.0,2,0,41.655480000000004
ENSG00000269855,RNF225,chr19,58395656,58397079,1,1,0,0.97,6,1,4,0,0.0,5.0,0.0,0,0,42.1948
ENSG00000171574,ZNF584,chr19,58401504,58431736,1,2,0,0.975,32,3,22,0,0.0,21.0,0.0,2,0,43.60203548387097
ENSG00000131849,ZNF132,chr19,58432814,58440153,-1,1,0,0.82,7,1,5,0,0.0,43.0,0.0,1,0,44.992825
ENSG00000249471,ZNF324B,chr19,58450369,58459868,1,2,0,0.885,17,2,6,0,0.0,12.0,0.0,1,0,46.32568181818181
ENSG00000083812,ZNF324,chr19,58467056,58475436,1,2,0,0.87,21,2,14,0,0.0,20.0,0.0,2,0,47.46465555555555
ENSG00000083838,ZNF446,chr19,58474017,58481233,1,2,0,0.735,16,2,14,0,0.0,26.0,0.0,1,0,47.922287499999996
ENSG00000083807,SLC27A5,chr19,58479512,58512413,-1,2,0,0.835,42,3,32,1,0.0,174.0,0.0,1,0,49.206590909090906
ENSG00000119574,ZBTB45,chr19,58513530,58538911,-1,5,0,0.856,38,2,34,0,0.0,16.0,0.0,2,0,51.29634615384615
ENSG00000130726,TRIM28,chr19,58543740,58550773,1,1,0,1.01,22,4,18,0,0.0,297.0,0.0,2,0,52.7428
ENSG00000130724,CHMP2A,chr19,58551452,58555128,-1,1,0,1.03,11,1,10,0,0.0,79.0,0.0,1,0,53.129279999999994
ENSG00000130725,UBE2M,chr19,58555709,58558954,-1,1,0,0.91,10,2,8,0,0.0,118.0,0.0,3,0,53.44915
ENSG00000099326,MZF1,chr19,58561915,58573597,-1,2,0,0.975,26,3,21,0,0.0,151.0,0.0,2,0,54.21141538461539
