gene_id,gene_name,chrom,start,end,strand,ot_cancer_hallmark_count,ot_disease_count,ot_is_cancer_driver,cpg_island_count,cpg_nearest_dist,cpg_mean_obs_exp,encode_ccre_count,encode_promoter_count,encode_enhancer_count,encode_ctcf_count,tcell_h3k27ac_count,tcell_atac_count,replication_timing
ENSG00000177951,BET1L,chr11,167784,207399,-1,0,58,0,1,0,1.01,41,2,25,6,1,0,78.9013075
ENSG00000188076,SCGB1C1,chr11,193078,194575,1,0,32,0,0,12400,,1,0,0,0,0,0,81.019
ENSG00000177947,CIMAP1A,chr11,196761,200261,1,0,41,0,0,6714,,9,0,4,2,0,0,81.99912499999999
ENSG00000177963,RIC8A,chr11,207499,215113,1,0,62,0,1,0,1.01,16,5,11,0,1,0,84.083875
ENSG00000142082,SIRT3,chr11,215028,236931,-1,0,646,0,1,0,1.05,29,2,23,2,1,0,85.17662608695653
ENSG00000185627,PSMD13,chr11,236966,252986,1,0,109,0,1,0,1.05,15,2,12,0,1,0,85.38116470588234
ENSG00000174885,NLRP6,chr11,278407,285388,1,0,431,0,1,0,0.88,21,2,19,0,2,0,83.38316250000001
ENSG00000142102,PGGHG,chr11,289095,296107,1,0,26,0,2,0,0.83,24,2,21,0,0,0,82.5896125
ENSG00000206013,IFITM5,chr11,298200,299526,-1,0,330,0,1,0,0.68,4,0,4,0,0,0,82.12866666666667
ENSG00000185201,IFITM2,chr11,303655,309397,1,0,116,0,1,0,1.03,13,5,8,0,1,0,81.62208333333334
ENSG00000288681,,chr11,308408,315272,1,0,0,0,1,0,0.79,16,5,11,0,2,0,81.3056375
ENSG00000185885,IFITM1,chr11,310041,315273,1,0,375,0,1,0,0.79,12,4,8,0,2,0,81.24356666666667
ENSG00000142089,IFITM3,chr11,319675,329475,-1,0,275,0,0,623,,21,4,16,0,1,0,80.58796000000001
ENSG00000182272,B4GALNT4,chr11,369457,382117,1,0,49,0,3,0,1.0533,34,1,28,0,0,0,79.62534285714287
ENSG00000184363,PKP3,chr11,392614,404908,1,0,317,0,3,0,0.7733,29,1,16,2,0,0,79.87836923076922
ENSG00000185187,SIGIRR,chr11,405711,417473,-1,0,172,0,2,0,0.885,33,4,27,0,3,0,80.07135833333334
ENSG00000185101,ANO9,chr11,417921,442072,-1,0,48,0,3,0,1.09,53,2,23,3,1,0,80.38309199999999
ENSG00000174915,PTDSS2,chr11,448268,491399,1,0,225,0,9,0,0.8611,85,1,75,1,4,0,80.98543409090911
ENSG00000023191,RNH1,chr11,494510,507300,-1,0,150,0,4,0,0.845,38,3,35,0,1,0,81.28143076923077
ENSG00000174775,HRAS,chr11,532242,537343,-1,7,859,1,1,0,1.06,16,4,12,0,2,0,81.45078333333333
ENSG00000161328,LRRC56,chr11,536841,554925,1,0,48,0,3,0,1.0033,36,1,32,1,1,0,81.51357368421053
ENSG00000185522,LMNTD2,chr11,554850,560738,-1,0,36,0,2,0,0.945,17,6,10,0,1,0,81.5823142857143
ENSG00000099849,RASSF7,chr11,560207,564067,1,0,90,0,1,0,0.85,11,5,6,0,2,0,81.60564
ENSG00000070047,PHRF1,chr11,576170,612225,1,0,69,0,4,0,0.805,72,1,66,0,2,0,81.7859891891892
ENSG00000185507,IRF7,chr11,612551,615983,-1,0,502,0,1,0,0.78,11,2,9,0,3,0,81.90277499999999
ENSG00000099834,CDHR5,chr11,616405,626078,-1,0,82,0,3,0,0.7133,27,4,21,0,1,0,81.94333636363636
ENSG00000070031,SCT,chr11,626309,627181,-1,0,242,0,1,0,0.88,4,1,3,0,0,0,81.9788
ENSG00000069696,DRD4,chr11,637269,640706,1,0,270,0,1,0,1.01,10,1,9,0,0,0,82.06474
ENSG00000177030,DEAF1,chr11,644224,707118,-1,0,161,0,4,0,0.915,105,7,89,3,3,0,82.3473796875
ENSG00000177106,EPS8L2,chr11,694438,727729,1,0,85,0,5,0,0.914,71,8,61,1,3,0,82.67565142857141
ENSG00000177042,TMEM80,chr11,695591,705028,1,0,18,0,1,0,1.1,23,1,22,0,2,0,82.56090000000002
ENSG00000177156,TALDO1,chr11,747399,765035,1,0,301,0,2,0,0.825,23,2,20,0,1,0,83.23501052631579
ENSG00000177225,GATD1,chr11,767220,777488,-1,0,15,0,1,0,1.0,26,1,25,0,2,0,83.43114545454546
ENSG00000184524,CEND1,chr11,787115,790113,-1,0,61,0,1,0,0.94,9,1,8,0,0,0,83.605525
ENSG00000177542,SLC25A22,chr11,790474,798316,-1,0,172,0,2,0,0.83,22,4,18,0,2,0,83.65486666666666
ENSG00000288675,PANO1,chr11,797511,799190,1,0,33,0,1,0,0.92,6,3,3,0,1,0,83.69265
ENSG00000177595,PIDD1,chr11,799179,809753,-1,0,94,0,3,0,0.8233,27,4,22,0,2,0,83.73601666666666
ENSG00000177600,RPLP2,chr11,799414,812884,1,0,136,0,3,0,0.8233,34,5,28,0,2,0,83.74551999999998
ENSG00000293685,,chr11,803398,804419,-1,0,12,0,0,408,,3,1,2,0,1,0,83.7301
ENSG00000177666,PNPLA2,chr11,818914,825573,1,0,417,0,2,0,0.77,21,2,19,0,1,0,83.8296625
ENSG00000177685,CRACR2B,chr11,826144,831993,1,0,29,0,2,0,0.715,19,4,15,0,0,0,83.84681428571427
ENSG00000177697,CD151,chr11,832705,839831,1,0,420,0,1,0,0.67,16,2,14,0,0,0,83.85400000000001
ENSG00000177700,POLR2L,chr11,837356,842561,-1,0,58,0,1,0,1.03,12,1,11,0,1,0,83.8528
ENSG00000214063,TSPAN4,chr11,840686,867120,1,0,103,0,3,0,0.9133,67,9,57,0,1,0,83.80575185185184
ENSG00000177830,CHID1,chr11,867331,915579,-1,0,39,0,4,0,0.8425,79,2,67,2,2,0,83.369164
ENSG00000183020,AP2A2,chr11,924881,1012245,1,0,99,0,9,0,0.8078,156,1,143,0,3,0,80.09467840909092
ENSG00000184956,MUC6,chr11,1012823,1036718,-1,0,405,0,8,0,0.715,60,1,45,3,0,0,75.102336
ENSG00000198788,MUC2,chr11,1074875,1110511,1,0,679,0,2,0,0.77,82,1,52,5,0,0,67.26117837837839
ENSG00000215182,MUC5AC,chr11,1157953,1201138,1,0,1440,0,7,0,0.71,80,1,40,4,0,0,62.383949999999984
ENSG00000117983,MUC5B,chr11,1223066,1262172,1,0,362,0,7,0,0.6986,89,1,60,4,1,0,62.10604000000001
ENSG00000078902,TOLLIP,chr11,1274371,1310258,-1,0,198,0,8,0,0.85,79,2,74,0,1,0,61.54379189189189
ENSG00000174672,BRSK2,chr11,1389899,1462689,1,0,129,0,10,0,0.81,154,6,137,0,0,0,59.6080972972973
ENSG00000182208,MOB2,chr11,1469457,1501247,-1,0,37,0,2,0,0.71,67,1,59,3,0,0,60.42907272727272
ENSG00000184545,DUSP8,chr11,1554051,1573076,-1,0,100,0,2,0,0.915,57,4,53,0,2,0,60.67901499999999
ENSG00000205869,KRTAP5-1,chr11,1584342,1585283,-1,0,11,0,0,9429,,2,0,0,0,0,0,60.165499999999994
ENSG00000205867,KRTAP5-2,chr11,1597177,1598294,-1,0,5,0,0,22264,,3,0,2,0,0,0,59.711200000000005
ENSG00000196224,KRTAP5-3,chr11,1607565,1608463,-1,0,5,0,0,32652,,3,0,0,0,0,0,59.2868
ENSG00000241598,KRTAP5-4,chr11,1620958,1622138,-1,0,7,0,0,30466,,3,0,0,0,0,0,58.6892
ENSG00000185940,KRTAP5-5,chr11,1629775,1630930,1,0,11,0,0,21674,,3,0,0,2,0,0,58.272800000000004
ENSG00000205864,KRTAP5-6,chr11,1697195,1697755,1,0,7,0,0,2423,,2,0,2,0,0,0,55.66815
ENSG00000244242,IFITM10,chr11,1732406,1750605,-1,0,29,0,1,0,0.85,48,2,29,3,0,0,55.452795
ENSG00000250644,,chr11,1734821,1763954,-1,0,6,0,3,0,0.8067,80,6,57,3,2,0,55.59174666666666
ENSG00000117984,CTSD,chr11,1752752,1764573,-1,0,740,0,2,0,0.785,35,5,30,0,2,0,55.77719999999999
ENSG00000149043,SYT8,chr11,1828307,1837521,1,0,49,0,0,2156,,27,3,24,0,0,0,58.804354545454544
ENSG00000130598,TNNI2,chr11,1838981,1841680,1,0,188,0,0,12830,,8,4,4,0,0,0,59.157
ENSG00000130592,LSP1,chr11,1850904,1892267,1,0,163,0,2,0,0.68,109,9,94,4,6,0,60.44365476190477
ENSG00000283787,PRR33,chr11,1888078,1891895,-1,0,10,0,0,5974,,12,1,11,0,1,0,61.09671999999999
ENSG00000130595,TNNT3,chr11,1919456,1938711,1,0,135,0,4,0,0.755,52,2,50,0,0,0,62.02271428571429
ENSG00000214026,MRPL23,chr11,1947278,1986375,1,0,53,0,6,0,0.72,17,0,5,2,0,0,62.542935
ENSG00000167244,IGF2,chr11,2129112,2158391,-1,0,953,0,4,0,0.8975,72,11,61,0,0,0,60.49684333333334
ENSG00000284779,,chr11,2131395,2149603,-1,0,29,0,3,0,0.9033,48,10,38,0,0,0,60.58226
ENSG00000129965,INS-IGF2,chr11,2132538,2161209,-1,0,1,0,4,0,0.8975,69,12,57,0,0,0,60.39426551724137
ENSG00000254647,INS,chr11,2159779,2161221,-1,0,2569,0,0,3966,,3,1,2,0,0,0,60.022400000000005
ENSG00000180176,TH,chr11,2163929,2171968,-1,0,816,0,1,0,0.75,18,1,17,0,0,0,59.85536666666667
ENSG00000183734,ASCL2,chr11,2268498,2270588,-1,0,129,0,1,0,1.02,7,0,7,0,0,0,60.402975
ENSG00000110665,C11orf21,chr11,2295628,2303180,-1,0,29,0,0,23926,,22,4,18,0,1,0,60.7580875
ENSG00000064201,TSPAN32,chr11,2301990,2318204,1,0,72,0,0,30288,,47,3,44,0,2,0,60.77980588235294
ENSG00000110651,CD81,chr11,2376166,2397802,1,0,497,0,3,0,0.8433,58,7,51,0,2,0,59.37490434782609
ENSG00000184281,TSSC4,chr11,2400488,2403878,1,0,9,0,1,0,0.77,8,2,5,0,1,0,58.988099999999996
ENSG00000070985,TRPM5,chr11,2404515,2444514,-1,0,111,0,3,0,0.6767,84,2,51,11,0,0,58.56907073170732
ENSG00000053918,KCNQ1,chr11,2444654,2849105,1,0,779,0,10,0,0.765,694,9,600,9,3,0,64.37269456790123
ENSG00000129757,CDKN1C,chr11,2883213,2885775,-1,0,720,0,1,0,1.28,8,2,6,0,1,0,72.938475
ENSG00000110628,SLC67A1,chr11,2899718,2925247,1,0,145,0,3,0,0.6933,57,5,46,0,1,0,73.70320384615385
ENSG00000181649,PHLDA2,chr11,2928273,2929420,-1,0,113,0,1,0,0.94,5,1,4,0,0,0,74.15944999999999
ENSG00000205531,NAP1L4,chr11,2944429,2992386,-1,0,105,0,2,0,0.84,70,3,64,0,3,0,75.26470612244898
ENSG00000110619,CARS1,chr11,3000922,3057613,-1,0,185,0,1,0,0.77,85,1,79,2,4,0,76.41805689655172
ENSG00000021762,OSBPL5,chr11,3087107,3166739,-1,0,73,0,4,0,0.8075,177,2,162,3,0,0,74.68484814814815
ENSG00000182170,MRGPRG,chr11,3217944,3218813,-1,0,29,0,1,0,0.71,4,3,0,0,0,0,72.25305
ENSG00000184350,MRGPRE,chr11,3225030,3232417,-1,0,25,0,1,0,0.62,18,1,12,0,0,0,72.357625
ENSG00000005801,ZNF195,chr11,3339261,3379222,-1,0,36,0,1,0,0.71,36,2,21,1,1,0,78.13354146341462
ENSG00000167311,ART5,chr11,3638503,3643187,-1,0,49,0,1,0,0.74,8,2,5,0,1,0,73.81694
ENSG00000129744,ART1,chr11,3645115,3668548,1,0,80,0,1,0,1.12,21,1,7,2,0,0,74.88393599999999
ENSG00000129749,CHRNA10,chr11,3665587,3671384,-1,0,28,0,1,0,1.12,12,0,6,1,0,0,75.63555
ENSG00000110713,NUP98,chr11,3671083,3797792,-1,0,467,0,1,0,1.06,94,2,77,3,2,0,78.58910625
ENSG00000148985,PGAP2,chr11,3797724,3826371,1,0,101,0,1,0,1.06,38,4,28,0,2,0,80.37413103448276
ENSG00000177105,RHOG,chr11,3826978,3840985,-1,0,149,0,1,0,0.7,27,3,23,0,1,0,80.58760000000001
ENSG00000167323,STIM1,chr11,3854527,4093210,1,0,788,0,1,0,0.87,266,6,240,3,10,0,78.49432552301255
ENSG00000167325,RRM1,chr11,4094707,4138932,1,0,324,0,1,0,0.85,37,2,23,5,1,0,73.57014666666666
ENSG00000284018,SSU72L5,chr11,4233217,4234287,1,0,3,0,0,45294,,0,0,0,0,0,0,68.4118
ENSG00000284306,SSU72L2,chr11,4241641,4242706,-1,0,2,0,0,53718,,0,0,0,0,0,0,67.8052
ENSG00000283873,SSU72L4,chr11,4287084,4288185,-1,0,4,0,0,99161,,0,0,0,0,0,0,64.47
ENSG00000284546,SSU72L3,chr11,4329790,4330864,1,0,3,0,0,141867,,0,0,0,0,0,0,61.1186
ENSG00000284438,SSU72L1,chr11,4338245,4339345,-1,0,3,0,0,150322,,0,0,0,0,0,0,60.518950000000004
ENSG00000221996,OR52B4,chr11,4367263,4368386,-1,0,2,0,0,179340,,0,0,0,0,0,0,58.49295
ENSG00000132109,TRIM21,chr11,4384897,4393747,-1,0,812,0,0,196974,,7,1,5,0,1,0,57.158460000000005
ENSG00000181963,OR52K2,chr11,4449295,4450361,1,0,4,0,0,157507,,0,0,0,0,0,0,54.6976
ENSG00000196778,OR52K1,chr11,4482646,4493497,1,0,7,0,0,114371,,10,0,10,0,0,0,53.99692727272728
ENSG00000197790,OR52M1,chr11,4545191,4546144,1,0,4,0,0,61724,,0,0,0,0,0,0,53.639849999999996
ENSG00000226288,OR52I2,chr11,4581743,4593340,1,0,6,0,0,14528,,3,0,0,0,0,0,53.59744999999999
ENSG00000232268,OR52I1,chr11,4594039,4595013,1,0,2,0,0,12855,,0,0,0,0,0,0,53.60485
ENSG00000167333,TRIM68,chr11,4598672,4608231,-1,0,52,0,1,0,0.69,6,1,4,0,1,0,53.62665
ENSG00000197428,OR51D1,chr11,4637477,4643060,1,0,8,0,0,29177,,5,1,4,0,0,0,53.879200000000004
ENSG00000180785,OR51E1,chr11,4643420,4655488,1,0,66,0,0,35120,,12,2,5,3,0,0,53.99123846153845
ENSG00000167332,OR51E2,chr11,4680171,4697854,-1,0,48,0,0,71871,,11,2,8,0,0,0,54.75921052631579
ENSG00000197674,OR51C1,chr11,4690423,4697853,-1,0,4,0,0,82123,,6,1,4,0,0,0,54.88591111111111
ENSG00000167346,MMP26,chr11,4704784,4992431,1,0,126,0,0,96484,,99,2,27,22,0,0,61.91540972222222
ENSG00000280021,OR51F1,chr11,4768979,4769938,-1,0,4,0,0,160679,,0,0,0,0,0,0,57.7654
ENSG00000279270,OR52R1,chr11,4803433,4804380,-1,0,9,0,0,195133,,0,0,0,0,0,0,59.49635000000001
ENSG00000176925,OR51F2,chr11,4821321,4822456,1,0,6,0,0,213021,,0,0,0,0,0,0,60.46555
ENSG00000176922,OR51S1,chr11,4848237,4849208,-1,0,3,0,0,239937,,1,0,0,1,0,0,61.9132
ENSG00000176900,OR51T1,chr11,4881819,4882883,1,0,3,0,0,273519,,2,0,2,0,0,0,63.658100000000005
ENSG00000176895,OR51A7,chr11,4903783,4909462,1,0,5,0,0,295483,,4,0,2,0,0,0,64.83363333333334
ENSG00000176893,OR51G2,chr11,4912588,4919350,-1,0,8,0,0,304288,,1,0,1,0,0,0,65.29252857142858
ENSG00000278870,OR51G1,chr11,4923374,4924339,-1,0,5,0,0,315074,,0,0,0,0,0,0,65.65585
ENSG00000205497,OR51A4,chr11,4942831,4947605,-1,0,3,0,0,334531,,0,0,0,0,0,0,66.75546666666666
ENSG00000205496,OR51A2,chr11,4954772,4955713,-1,0,0,0,0,346472,,0,0,0,0,0,0,67.286
ENSG00000176798,OR51L1,chr11,4994851,5005536,1,0,3,0,0,386551,,6,0,2,4,0,0,70.04807692307692
ENSG00000205495,OR52J3,chr11,5046526,5047461,1,0,3,0,0,438226,,1,0,1,0,0,0,73.4858
ENSG00000176787,OR52E2,chr11,5058650,5059627,-1,0,0,0,0,450350,,1,0,0,1,0,0,74.45255
ENSG00000273085,OR52E1,chr11,5069572,5070497,1,0,1,0,0,461272,,0,0,0,0,0,0,75.2559
ENSG00000171944,OR52A5,chr11,5128776,5138356,-1,0,3,0,0,520476,,9,0,8,0,0,0,79.48644
ENSG00000182070,OR52A1,chr11,5146824,5154757,-1,0,7,0,0,538524,,3,0,3,0,0,0,80.40511111111111
ENSG00000176742,OR51V1,chr11,5199735,5200682,-1,0,13,0,0,591435,,0,0,0,0,0,0,82.2667
ENSG00000244734,HBB,chr11,5225464,5229395,-1,0,499,0,0,617164,,7,1,4,0,0,0,82.71828000000001
ENSG00000223609,HBD,chr11,5232678,5243657,-1,0,283,0,0,624378,,22,2,9,0,0,0,82.76032500000001
ENSG00000213934,HBG1,chr11,5248269,5249857,-1,0,96,0,0,639969,,3,0,3,0,0,0,82.71329999999999
ENSG00000284931,,chr11,5248270,5254783,-1,0,1,0,0,639970,,13,0,13,0,0,0,82.6848625
ENSG00000196565,HBG2,chr11,5253188,5505605,-1,0,234,0,0,644888,,183,5,138,12,0,0,77.06485787401576
ENSG00000239920,,chr11,5254392,5678434,-1,0,1,0,0,556104,,284,9,194,19,1,0,75.28505529411765
ENSG00000213931,HBE1,chr11,5268345,5505652,-1,0,140,0,0,660045,,171,5,128,12,0,0,76.72080041841005
ENSG00000183251,OR51B4,chr11,5301014,5301946,-1,0,12,0,0,692714,,1,0,0,0,0,0,81.00205
ENSG00000167355,OR51B5,chr11,5303444,5505652,-1,0,20,0,0,695144,,112,3,78,11,0,0,75.85826519607843
ENSG00000279012,OR51B2,chr11,5323359,5324297,-1,0,2,0,0,715059,,1,0,1,0,0,0,79.69515
ENSG00000176239,OR51B6,chr11,5351508,5352446,1,0,8,0,0,743208,,0,0,0,0,0,0,77.7828
ENSG00000184698,OR51M1,chr11,5383812,5393263,1,0,8,0,0,775512,,7,1,6,0,0,0,75.54593
ENSG00000167360,OR51Q1,chr11,5422111,5423206,1,0,9,0,0,811332,,2,0,2,0,0,0,74.2353
ENSG00000167359,OR51I1,chr11,5440570,5441514,-1,0,2,0,0,793024,,1,0,1,0,0,0,73.8836
ENSG00000187918,OR51I2,chr11,5449323,5456518,1,0,5,0,0,778020,,5,0,2,2,0,0,73.78221111111111
ENSG00000181609,OR52D1,chr11,5488685,5489749,1,0,4,0,0,744789,,3,0,3,0,0,0,73.81190000000001
ENSG00000175520,UBQLN3,chr11,5507300,5509958,-1,0,24,0,0,724580,,6,0,5,0,0,0,73.9034
ENSG00000175518,UBQLNL,chr11,5514393,5518431,-1,0,10,0,0,716107,,1,0,0,0,0,0,73.92746000000001
ENSG00000181616,OR52H1,chr11,5544489,5548540,-1,0,7,0,0,685998,,2,0,0,0,0,0,73.85458333333334
ENSG00000187747,OR52B6,chr11,5580877,5581884,1,0,11,0,0,652654,,1,0,0,0,0,0,73.342
ENSG00000121236,TRIM6,chr11,5596109,5612958,1,0,84,0,0,621580,,20,2,15,0,0,0,72.7608
ENSG00000258588,TRIM6-TRIM34,chr11,5596725,5644398,1,0,0,0,0,590140,,46,3,36,2,1,0,72.24443125
ENSG00000258659,TRIM34,chr11,5619764,5644398,1,0,37,0,0,590140,,25,1,20,2,1,0,71.865888
ENSG00000132256,TRIM5,chr11,5663195,5938619,-1,0,160,0,0,295919,,140,4,74,14,2,0,64.01508989169676
ENSG00000132274,TRIM22,chr11,5689610,5737089,1,0,174,0,0,497449,,39,2,31,0,1,0,68.54734791666665
ENSG00000181109,OR52P1,chr11,5726502,5727464,1,0,2,0,0,507074,,2,1,0,0,0,0,67.9637
ENSG00000181023,OR56B1,chr11,5736448,5738523,1,0,5,0,0,496015,,5,0,5,0,0,0,67.50595
ENSG00000181074,OR52N4,chr11,5754243,5755958,1,0,7,0,0,478580,,0,0,0,0,0,0,66.73516666666667
ENSG00000181017,OR56B2,chr11,5761153,5769080,1,0,2,0,0,465458,,3,0,0,2,0,0,66.28654444444444
ENSG00000181009,OR52N5,chr11,5776165,5783355,-1,0,4,0,0,451183,,1,0,0,0,0,0,65.6201625
ENSG00000181001,OR52N1,chr11,5786471,5791265,-1,0,6,0,0,443273,,2,0,0,1,0,0,65.19351666666667
ENSG00000180988,OR52N2,chr11,5808911,5821492,1,0,8,0,0,413046,,11,1,9,0,0,0,63.850569230769224
ENSG00000205409,OR52E6,chr11,5840928,5841952,-1,0,0,0,0,392586,,0,0,0,0,0,0,62.331999999999994
ENSG00000183269,OR52E8,chr11,5856749,5857690,-1,0,4,0,0,376848,,0,0,0,0,0,0,61.30955
ENSG00000180974,OR52E4,chr11,5880629,5887079,1,0,14,0,0,347459,,1,0,0,0,0,0,59.46925714285714
ENSG00000277932,OR52E5,chr11,5893208,5902730,1,0,3,0,0,331808,,2,0,0,1,0,0,58.45840909090909
ENSG00000184478,OR56A3,chr11,5938751,5951347,1,0,3,0,0,283191,,4,0,1,0,0,0,55.260646153846146
ENSG00000188691,OR56A5,chr11,5967553,5968494,-1,0,4,0,0,266044,,1,0,0,0,0,0,54.0276
ENSG00000183313,OR52L1,chr11,5985892,5986985,-1,0,6,0,0,247553,,1,0,0,1,0,0,53.30215
ENSG00000183389,OR56A4,chr11,5999445,6006946,-1,0,3,0,0,227592,,2,0,1,0,0,0,52.8817
ENSG00000180934,OR56A1,chr11,6019336,6034338,-1,0,12,0,0,200200,,5,0,0,2,0,0,52.642975
ENSG00000180919,OR56B4,chr11,6107684,6108835,1,0,4,0,0,125703,,0,0,0,0,0,0,54.2479
ENSG00000255307,OR52B2,chr11,6169355,6170326,-1,0,1,0,0,64212,,0,0,0,0,0,0,56.76005
ENSG00000175485,OR52W1,chr11,6199224,6200186,1,0,5,0,0,34352,,0,0,0,0,0,0,58.24535
ENSG00000180878,C11orf42,chr11,6205557,6211135,1,0,17,0,0,23403,,9,1,7,0,0,0,58.71918333333334
ENSG00000051009,FHIP1B,chr11,6211335,6234711,-1,0,39,0,1,0,1.27,22,1,19,0,1,0,59.506308
ENSG00000132259,CNGA4,chr11,6234765,6245011,1,0,24,0,2,0,1.1,15,1,11,0,1,0,60.45066363636363
ENSG00000110148,CCKBR,chr11,6259806,6272127,1,0,263,0,3,0,0.88,18,1,14,0,0,0,61.93225384615385
ENSG00000170955,CAVIN3,chr11,6318946,6320546,-1,0,180,0,2,0,0.745,5,2,3,0,0,0,64.94916666666667
ENSG00000166311,SMPD1,chr11,6390414,6394998,1,0,479,0,1,0,0.88,10,1,9,0,1,0,68.55629999999998
ENSG00000166313,APBB1,chr11,6395111,6419453,-1,0,68,0,1,0,0.81,41,5,36,0,3,0,69.253064
ENSG00000110169,HPX,chr11,6431006,6442617,-1,0,457,0,0,11504,,20,1,16,0,0,0,70.69896923076924
ENSG00000110171,TRIM3,chr11,6448613,6474459,-1,0,90,0,2,0,0.81,24,2,20,0,2,0,71.86031153846154
ENSG00000132254,ARFIP2,chr11,6474683,6481479,-1,0,65,0,1,0,1.12,15,2,13,0,2,0,72.60937142857142
ENSG00000283977,,chr11,6481485,6508978,1,0,0,0,1,0,1.12,31,2,24,1,1,0,73.30079655172415
ENSG00000132286,TIMM10B,chr11,6481496,6484683,1,0,15,0,1,0,1.12,6,1,4,0,1,0,72.82476
ENSG00000179532,DNHD1,chr11,6497260,6593758,1,0,174,0,1,0,0.88,96,1,75,5,0,0,74.49744897959184
ENSG00000132275,RRP8,chr11,6595072,6603616,-1,0,53,0,1,0,0.98,17,2,13,0,1,0,74.8212
ENSG00000166333,ILK,chr11,6603708,6610874,1,0,455,0,1,0,0.98,21,5,13,0,2,0,74.758125
ENSG00000166337,TAF10,chr11,6606294,6612539,-1,0,31,0,1,0,0.98,19,2,15,0,2,0,74.74066249999998
ENSG00000166340,TPP1,chr11,6612768,6619448,-1,0,804,0,0,212,,15,4,11,0,2,0,74.68105714285714
ENSG00000166341,DCHS1,chr11,6621330,6655809,-1,0,198,0,2,0,1.065,61,3,51,1,2,0,74.48424722222222
ENSG00000158042,MRPL17,chr11,6680385,6683401,-1,0,43,0,1,0,0.93,8,1,7,0,1,0,74.37790000000001
ENSG00000188124,OR2AG2,chr11,6765626,6771976,-1,0,8,0,0,81914,,1,0,0,1,0,0,75.0257857142857
ENSG00000279486,OR2AG1,chr11,6783020,6791558,1,0,41,0,0,99308,,1,0,0,0,0,0,74.80821
ENSG00000184933,OR6A2,chr11,6791736,6799689,-1,0,12,0,0,108024,,3,0,0,0,0,0,74.60981111111111
ENSG00000166363,OR10A5,chr11,6845683,6846636,1,0,16,0,0,79653,,0,0,0,0,0,0,71.99265
ENSG00000170790,OR10A2,chr11,6863057,6874717,1,0,15,0,0,51572,,4,0,0,2,0,0,70.13693076923076
ENSG00000170782,OR10A4,chr11,6876625,6877619,1,0,131,0,0,48670,,1,0,0,0,0,0,69.37325
ENSG00000166368,OR2D2,chr11,6891574,6892500,-1,0,15,0,0,33789,,1,0,0,0,0,0,67.9847
ENSG00000178358,OR2D3,chr11,6921002,6921994,1,0,3,0,0,4295,,0,0,0,0,0,0,65.40620000000001
ENSG00000149054,ZNF215,chr11,6926373,7001004,1,0,27,0,1,0,0.9,33,4,16,3,0,0,62.71087236842104
ENSG00000149050,ZNF214,chr11,6996671,7020355,-1,0,15,0,1,0,0.8,14,2,8,1,0,0,60.796016666666674
ENSG00000158077,NLRP14,chr11,7020462,7072055,1,0,62,0,1,0,0.8,22,1,12,1,0,0,59.64663396226416
ENSG00000170748,RBMXL2,chr11,7088998,7091148,1,0,144,0,1,0,1.03,3,1,2,0,0,0,57.738033333333334
ENSG00000170743,SYT9,chr11,7238778,7469043,1,0,56,0,1,0,0.82,154,2,89,19,0,0,41.956295238095244
ENSG00000183801,OLFML1,chr11,7485362,7512897,1,0,57,0,0,426,,40,2,35,1,0,0,37.4013275862069
ENSG00000166387,PPFIBP2,chr11,7513298,7657127,1,0,71,0,1,0,0.76,199,8,185,0,1,0,37.8802724137931
ENSG00000166394,CYB5R2,chr11,7665097,7677222,-1,0,65,0,1,0,0.97,23,3,19,0,0,0,38.14625384615385
ENSG00000183378,OVCH2,chr11,7689437,7706477,-1,0,142,0,0,14983,,15,1,11,1,0,0,37.723394444444445
ENSG00000183303,OR5P2,chr11,7795974,7796942,-1,0,11,0,0,121520,,0,0,0,0,0,0,35.3729
ENSG00000182334,OR5P3,chr11,7824818,7830840,-1,0,11,0,0,150364,,1,0,0,0,0,0,35.12347142857142
ENSG00000279000,OR10A6,chr11,7924592,7931268,-1,0,7,0,0,87594,,4,0,2,0,0,0,37.402342857142855
ENSG00000170683,OR10A3,chr11,7937171,7941708,-1,0,9,0,0,77154,,2,0,0,0,0,0,37.827149999999996
ENSG00000182261,NLRP10,chr11,7957537,7965447,-1,0,145,0,0,53415,,9,2,5,1,0,0,38.596025
ENSG00000175390,EIF3F,chr11,7970251,8001862,1,0,174,0,0,17000,,29,3,19,3,2,0,39.2945
ENSG00000166402,TUB,chr11,8019244,8106243,1,0,236,0,3,0,0.9067,124,5,107,3,1,0,40.49442272727273
ENSG00000166405,RIC3,chr11,8106056,8169055,-1,0,65,0,1,0,0.96,31,1,24,0,1,0,41.4477421875
ENSG00000166407,LMO1,chr11,8224309,8268752,-1,0,180,0,2,0,1.015,81,3,69,3,0,0,42.213845652173916
ENSG00000130413,STK33,chr11,8391864,8594292,-1,0,235,0,1,0,0.84,91,2,46,16,0,0,49.334448275862066
ENSG00000166436,TRIM66,chr11,8612037,8682694,-1,0,67,0,1,0,0.85,63,2,43,5,1,0,57.518540277777774
ENSG00000166441,RPL27A,chr11,8682732,8714759,1,0,103,0,2,0,0.895,63,7,49,0,2,0,59.12215454545455
ENSG00000166444,DENND2B,chr11,8693343,8910951,-1,0,60,0,2,0,0.815,273,11,250,2,0,0,61.26076347031963
ENSG00000166452,AKIP1,chr11,8911113,8922406,1,0,79,0,1,0,0.84,14,2,11,0,2,0,64.14408333333333
ENSG00000176029,C11orf16,chr11,8920076,8933006,-1,0,18,0,0,8329,,13,1,11,0,0,0,64.53987857142857
ENSG00000176009,ASCL3,chr11,8937578,8943016,-1,0,38,0,0,20889,,2,0,2,0,0,0,65.12898333333334
ENSG00000175348,TMEM9B,chr11,8947202,8965011,-1,0,38,0,1,0,0.74,18,3,13,0,1,0,65.83591052631579
ENSG00000175352,NRIP3,chr11,8965682,9005288,-1,0,51,0,1,0,0.9,32,3,15,4,0,0,67.310395
ENSG00000175356,SCUBE2,chr11,9019476,9138114,-1,0,181,0,1,0,1.02,135,4,101,8,0,0,71.39715583333333
ENSG00000184014,DENND5A,chr11,9138825,9265959,-1,0,46,0,1,0,0.96,140,2,130,0,3,0,74.06155859375
ENSG00000166471,TMEM41B,chr11,9280654,9314636,-1,0,52,0,1,0,0.93,22,2,16,1,1,0,78.25458285714288
ENSG00000205339,IPO7,chr11,9384626,9448127,1,0,107,0,1,0,0.87,62,1,52,1,1,0,81.9704515625
ENSG00000166478,ZNF143,chr11,9460319,9529002,1,0,190,0,1,0,0.87,59,2,55,0,2,0,82.43701999999999
ENSG00000166483,WEE1,chr11,9573668,9593457,1,0,922,0,1,0,0.99,30,5,21,0,2,0,80.68617
ENSG00000133789,SWAP70,chr11,9664072,9752993,1,0,151,0,1,0,0.72,104,1,95,0,0,0,73.20765111111112
ENSG00000133812,SBF2,chr11,9776776,10304877,-1,0,144,0,4,0,0.7975,435,6,360,15,3,0,61.03488264150944
ENSG00000148926,ADM,chr11,10303392,10307397,1,0,758,0,2,0,0.72,12,3,9,0,3,0,62.27314
ENSG00000133805,AMPD3,chr11,10308162,10507877,1,0,169,0,2,0,0.825,269,7,246,2,3,0,63.89612388059702
ENSG00000110315,RNF141,chr11,10511673,10541334,-1,0,41,0,1,0,0.85,38,1,35,0,2,0,65.94471
ENSG00000133800,LYVE1,chr11,10556966,10611689,-1,0,426,0,0,15571,,81,1,77,0,0,0,66.33016607142856
ENSG00000072952,IRAG1,chr11,10573091,10693988,-1,0,267,0,0,31696,,171,3,164,0,0,0,66.6749680327869
ENSG00000198730,CTR9,chr11,10751018,10801625,1,0,145,0,1,0,0.97,51,2,42,4,1,0,71.87415576923078
ENSG00000110321,EIF4G2,chr11,10797050,10808940,-1,0,259,0,1,0,0.84,27,5,22,0,1,0,73.20406153846153
ENSG00000236287,ZBED5,chr11,10812074,10858796,-1,0,29,0,1,0,0.98,46,5,32,2,1,0,74.33560833333333
ENSG00000110328,GALNT18,chr11,11270864,11622431,-1,0,82,0,1,0,0.83,413,3,319,19,0,0,51.55788551136364
ENSG00000254598,CSNK2A3,chr11,11351942,11353250,-1,0,36,0,0,267324,,2,0,0,1,0,0,47.369699999999995
ENSG00000170242,USP47,chr11,11841423,11961887,1,0,133,0,1,0,0.91,108,3,84,4,1,0,69.30641557377048
ENSG00000050165,DKK3,chr11,11956207,12009948,-1,0,538,0,1,0,0.85,102,4,97,0,0,0,71.04585818181818
ENSG00000133816,MICAL2,chr11,12094008,12362140,1,0,143,0,1,0,0.8,424,4,389,7,7,0,76.52622565055762
ENSG00000197702,PARVA,chr11,12377482,12535356,1,0,98,0,1,0,0.93,181,1,166,1,0,0,67.65238050314466
ENSG00000187079,TEAD1,chr11,12674421,12944737,1,0,550,0,1,0,1.16,380,2,357,3,0,0,66.32668161764707
ENSG00000189431,RASSF10,chr11,13009316,13012119,1,0,135,0,1,0,0.88,10,1,9,0,0,0,71.254925
ENSG00000133794,BMAL1,chr11,13276647,13388048,1,0,680,0,1,0,0.91,154,1,142,3,2,0,60.66823482142858
ENSG00000148925,BTBD10,chr11,13388004,13464029,-1,0,56,0,1,0,0.8,49,3,36,3,1,0,56.13871558441558
ENSG00000152266,PTH,chr11,13492054,13496181,-1,0,1551,0,0,28311,,2,1,1,0,0,0,52.992380000000004
ENSG00000197601,FAR1,chr11,13667462,13732367,1,0,242,0,1,0,0.92,62,3,48,2,2,0,45.940074242424245
ENSG00000262655,SPON1,chr11,13962694,14268133,1,0,179,0,2,0,0.755,245,1,185,11,1,0,46.49891045751634
ENSG00000133818,RRAS2,chr11,14277922,14364506,-1,0,493,0,1,0,1.02,92,3,82,1,1,0,55.19511931818182
ENSG00000129083,COPB1,chr11,14443357,14500027,-1,0,83,0,1,0,0.82,34,1,32,1,2,0,60.035274137931026
ENSG00000256206,,chr11,14493783,14520344,-1,0,0,0,2,0,0.845,15,2,12,0,2,0,60.0698962962963
ENSG00000129084,PSMA1,chr11,14504211,14643635,-1,0,204,0,2,0,0.865,119,2,112,1,6,0,56.734573758865245
ENSG00000152270,PDE3B,chr11,14643663,14874614,1,0,347,0,2,0,0.83,151,1,120,5,2,0,50.62267543103448
ENSG00000186104,CYP2R1,chr11,14877440,14892247,-1,0,190,0,1,0,0.94,16,2,9,1,1,0,50.6825625
ENSG00000175868,CALCB,chr11,14904997,15082342,1,0,253,0,4,0,0.81,95,5,51,8,2,0,49.168177094972066
ENSG00000110680,CALCA,chr11,14966622,14972354,-1,0,2015,0,1,0,0.85,7,2,1,1,0,0,49.974716666666666
ENSG00000188487,INSC,chr11,15112424,15247208,1,0,60,0,1,0,0.74,127,1,98,10,0,0,41.545305882352935
ENSG00000110693,SOX6,chr11,15966449,16739591,-1,0,308,0,5,0,0.92,524,7,367,25,1,0,60.18008064516129
ENSG00000110696,C11orf58,chr11,16613132,16758340,1,0,82,0,2,0,0.85,63,2,38,2,1,0,60.37337397260273
ENSG00000166689,PLEKHA7,chr11,16777297,17014420,-1,0,137,0,2,0,0.89,318,5,300,1,1,0,62.41858571428572
ENSG00000110700,RPS13,chr11,17074385,17077727,-1,0,94,0,1,0,0.89,9,3,6,0,1,0,64.39414000000002
ENSG00000011405,PIK3C2A,chr11,17077730,17207986,-1,0,849,0,2,0,0.805,101,3,72,5,2,0,67.2540145038168
ENSG00000070081,NUCB2,chr11,17208072,17349980,1,0,434,0,2,0,0.755,110,2,85,7,2,0,70.75043006993006
ENSG00000188211,NCR3LG1,chr11,17351800,17377341,1,0,125,0,2,0,1.08,21,1,15,0,1,0,68.47951153846154
ENSG00000187486,KCNJ11,chr11,17365172,17389353,-1,0,443,0,2,0,0.805,32,2,26,0,0,0,67.744604
ENSG00000006071,ABCC8,chr11,17392498,17476894,-1,0,623,0,1,0,0.93,115,2,106,0,0,0,63.83619999999999
ENSG00000006611,USH1C,chr11,17493895,17544416,-1,0,215,0,1,0,0.81,72,1,57,7,0,0,58.2465431372549
ENSG00000188162,OTOG,chr11,17547259,17647150,1,0,90,0,0,2754,,96,1,25,23,0,0,55.17503663366336
ENSG00000129152,MYOD1,chr11,17719571,17722136,1,6,395,1,1,0,0.79,8,1,7,0,0,0,54.0199
ENSG00000129159,KCNC1,chr11,17734774,17856804,1,0,160,0,3,0,0.9033,164,1,148,3,0,0,54.05506178861789
ENSG00000129158,SERGEF,chr11,17788043,18013047,-1,0,25,0,2,0,0.875,209,2,169,15,1,0,54.71566017699114
ENSG00000129167,TPH1,chr11,18017555,18046269,-1,0,467,0,1,0,0.95,8,0,4,1,0,0,58.02158965517241
ENSG00000166788,SAAL1,chr11,18069935,18106108,-1,0,45,0,1,0,1.04,21,1,14,1,1,0,61.31854324324324
ENSG00000179826,MRGPRX3,chr11,18120955,18138488,1,0,679,0,0,14791,,8,1,1,0,0,0,63.64155
ENSG00000179817,MRGPRX4,chr11,18172837,18174280,1,0,684,0,0,15057,,3,1,2,0,0,0,65.35655
ENSG00000148965,SAA4,chr11,18231344,18236860,-1,0,85,0,0,21985,,6,1,1,0,0,0,66.51544285714286
ENSG00000255071,SAA2-SAA4,chr11,18231423,18248635,-1,0,2,0,0,22064,,17,1,11,0,1,0,66.61164210526316
ENSG00000134339,SAA2,chr11,18239223,18248668,-1,0,1088,0,0,29864,,10,0,9,0,1,0,66.67598181818181
ENSG00000173432,SAA1,chr11,18266260,18269977,1,0,1141,0,0,52101,,5,1,3,0,0,0,67.17046
ENSG00000110756,HPS5,chr11,18278668,18322523,-1,0,358,0,1,0,0.93,41,2,35,0,1,0,68.34655333333332
ENSG00000110768,GTF2H1,chr11,18322276,18367045,1,0,896,0,1,0,0.93,28,2,22,0,3,0,70.64052826086956
ENSG00000134333,LDHA,chr11,18394347,18408425,1,0,943,0,2,0,0.99,22,4,17,0,1,0,73.86717999999999
ENSG00000166796,LDHC,chr11,18412306,18452063,1,0,235,0,0,3688,,16,2,3,1,0,0,74.81851219512195
ENSG00000166800,LDHAL6A,chr11,18455824,18479601,1,0,28,0,1,0,0.8,16,1,6,2,0,0,74.937792
ENSG00000074319,TSG101,chr11,18468336,18526965,-1,0,215,0,1,0,0.78,36,2,23,2,1,0,74.13543666666668
ENSG00000151116,UEVLD,chr11,18529607,18588747,-1,0,55,0,1,0,0.77,31,3,21,3,2,0,71.42272333333332
ENSG00000247595,MISFA,chr11,18588781,18610255,1,0,106,0,1,0,0.77,21,1,17,1,2,0,69.57328181818183
ENSG00000179119,SPTY2D1,chr11,18606403,18634791,-1,0,106,0,1,0,0.84,28,1,24,0,1,0,68.71905
ENSG00000151117,TMEM86A,chr11,18693122,18704785,1,0,69,0,1,0,0.95,20,1,18,0,1,0,66.1757923076923
ENSG00000179057,IGSF22,chr11,18704312,18726230,-1,0,23,0,2,0,0.79,30,2,20,0,2,0,65.66452608695653
ENSG00000110786,PTPN5,chr11,18727928,18792721,-1,0,79,0,1,0,0.9,85,3,63,7,0,0,63.76166515151515
ENSG00000170255,MRGPRX1,chr11,18933499,18939414,-1,0,677,0,0,140967,,9,0,7,0,0,0,50.4862
ENSG00000183695,MRGPRX2,chr11,19054455,19060717,-1,0,99,0,0,56262,,4,1,1,0,0,0,49.26242499999999
ENSG00000177054,ZDHHC13,chr11,19117099,19177712,1,0,182,0,1,0,0.71,40,1,28,2,1,0,49.311279032258064
ENSG00000129170,CSRP3,chr11,19176519,19210571,-1,0,487,0,0,29794,,35,3,30,0,0,0,48.74153714285713
ENSG00000129173,E2F8,chr11,19224063,19241684,-1,0,170,0,2,0,0.905,26,2,23,0,1,0,48.078610526315785
ENSG00000166833,NAV2,chr11,19350724,20121601,1,0,139,0,2,0,1.045,938,8,862,11,3,0,49.33022820181112
ENSG00000109851,DBX1,chr11,20156155,20160475,-1,0,69,0,2,0,0.835,13,1,12,0,1,0,59.9847
ENSG00000109854,HTATIP2,chr11,20355910,20383782,1,0,306,0,1,0,0.8,35,3,27,1,1,0,52.48841379310344
ENSG00000185238,PRMT3,chr11,20387549,20509350,1,0,114,0,1,0,0.89,84,1,47,7,1,0,54.80867786885245
ENSG00000165970,SLC6A5,chr11,20599594,20659285,1,0,150,0,1,0,0.84,66,1,30,14,0,0,51.31426
ENSG00000165973,NELL1,chr11,20669551,21577711,1,0,219,0,1,0,0.89,447,4,235,49,0,0,25.89972607260726
ENSG00000171714,ANO5,chr11,21782659,22283567,1,0,517,0,1,0,0.73,227,1,131,29,0,0,16.871259561752986
ENSG00000091664,SLC17A6,chr11,22338381,22379503,1,0,181,0,1,0,0.69,28,1,24,0,0,0,20.989651162790697
ENSG00000183161,FANCF,chr11,22622533,22625823,-1,0,366,0,1,0,0.82,7,2,4,0,1,0,18.761125
ENSG00000148935,GAS2,chr11,22625509,22813803,1,0,168,0,2,0,0.77,165,4,121,11,1,0,20.081507407407408
ENSG00000198168,SVIP,chr11,22813799,22830299,-1,0,81,0,1,0,1.02,11,3,3,2,1,0,22.408841176470588
ENSG00000255359,CCDC179,chr11,22846922,22860474,-1,0,18,0,0,17084,,7,0,1,2,0,0,22.73682857142857
ENSG00000187398,LUZP2,chr11,24496970,25082638,1,0,94,0,1,0,1.02,301,2,142,40,0,0,13.593377891156463
ENSG00000134343,ANO3,chr11,26188842,26663289,1,0,154,0,1,0,0.91,272,7,134,31,0,0,20.196258526315788
ENSG00000169550,MUC15,chr11,26559032,26572263,-1,0,109,0,0,226767,,8,2,3,0,0,0,22.999871428571428
ENSG00000148942,SLC5A12,chr11,26667020,26723427,-1,0,69,0,0,334755,,48,2,30,2,0,0,32.49330877192982
ENSG00000176971,FIBIN,chr11,26994112,26997087,1,0,69,0,0,365985,,6,1,5,0,0,0,42.07765
ENSG00000129151,BBOX1,chr11,27040698,27127810,1,0,292,0,0,235262,,64,4,52,2,0,0,49.15710000000001
ENSG00000109881,CCDC34,chr11,27330827,27363248,-1,0,202,0,1,0,0.91,41,1,37,1,1,0,61.12789393939394
ENSG00000205213,LGR4,chr11,27365961,27472821,-1,0,877,0,1,0,0.86,146,4,133,0,0,0,60.961056481481485
ENSG00000148943,LIN7C,chr11,27494418,27506769,-1,0,197,0,1,0,0.81,14,1,12,0,1,0,60.67096428571428
ENSG00000176697,BDNF,chr11,27654893,27722058,-1,0,1483,0,4,0,0.8825,71,7,51,1,0,0,50.021541176470585
ENSG00000121621,KIF18A,chr11,28020618,28108183,-1,0,386,0,0,2133,,51,1,37,3,1,0,35.9903125
ENSG00000169519,METTL15,chr11,28108248,28527041,1,0,83,0,1,0,0.95,222,2,115,25,1,0,28.15348690476191
ENSG00000182255,KCNA4,chr11,30009552,30017030,-1,0,189,0,2,0,1.005,8,1,6,0,0,0,13.85735
ENSG00000131808,FSHB,chr11,30231014,30235261,1,0,376,0,0,87728,,0,0,0,0,0,0,19.723660000000002
ENSG00000152219,ARL14EP,chr11,30323104,30338458,1,0,90,0,1,0,0.77,15,1,13,0,2,0,20.63660625
ENSG00000066382,MPPED2,chr11,30384493,30586927,-1,0,127,0,3,0,0.85,204,3,178,2,0,0,23.17795539215686
ENSG00000170959,DCDC1,chr11,30830369,31369810,-1,0,91,0,1,0,1.08,267,3,127,37,1,0,33.93620536044362
ENSG00000170946,DNAJC24,chr11,31369840,31432835,1,0,118,0,1,0,1.08,31,1,21,4,1,0,48.005174999999994
ENSG00000148950,IMMP1L,chr11,31432399,31509645,-1,0,106,0,1,0,0.99,42,1,31,5,1,0,46.194086075949365
ENSG00000109911,ELP4,chr11,31509755,31790324,1,0,148,0,1,0,0.99,167,2,113,14,1,0,43.9781665480427
ENSG00000007372,PAX6,chr11,31784779,31817961,-1,0,1000,0,7,0,0.8071,91,13,77,0,0,0,50.10254411764705
ENSG00000285283,,chr11,31812391,32104665,1,0,0,0,9,0,0.8711,270,7,180,19,2,0,47.296605102040814
ENSG00000049449,RCN1,chr11,32090971,32105722,1,0,222,0,1,0,0.89,18,1,16,0,1,0,43.33595625
ENSG00000184937,WT1,chr11,32387775,32435564,-1,9,1195,1,4,0,0.7675,66,3,61,0,0,0,58.48240612244897
ENSG00000149100,EIF3M,chr11,32583785,32606264,1,0,128,0,1,0,0.97,23,1,19,0,1,0,59.808604347826105
ENSG00000186714,CCDC73,chr11,32602721,32794662,-1,0,31,0,0,18538,,79,1,42,3,0,0,59.50922020725389
ENSG00000135378,PRRG4,chr11,32829675,32858120,1,0,79,0,1,0,0.89,21,1,14,2,0,0,62.525324137931044
ENSG00000060749,QSER1,chr11,32892811,32993316,1,0,46,0,1,0,0.88,71,2,42,6,2,0,65.8223504950495
ENSG00000121690,DEPDC7,chr11,33015876,33033582,1,0,88,0,1,0,1.01,21,2,15,1,0,0,67.85834210526316
ENSG00000176148,TCP11L1,chr11,33039417,33105943,1,0,23,0,1,0,0.93,66,3,53,1,1,0,68.59025
ENSG00000176102,CSTF3,chr11,33077188,33162371,-1,0,137,0,1,0,0.88,61,2,46,2,1,0,68.52279418604653
ENSG00000110422,HIPK3,chr11,33256672,33357023,1,0,141,0,1,0,0.92,90,5,78,1,1,0,64.30541287128713
ENSG00000110427,KIAA1549L,chr11,33376108,33674102,1,0,142,0,2,0,0.92,287,1,242,6,0,0,64.16509264214048
ENSG00000284969,,chr11,33698261,33722467,-1,0,1,0,1,0,0.85,42,1,41,0,1,0,71.781204
ENSG00000205177,C11orf91,chr11,33698261,33700826,-1,0,12,0,1,0,0.85,7,1,6,0,1,0,70.8783
ENSG00000085063,CD59,chr11,33703010,33736639,-1,0,805,0,1,0,0.81,55,3,52,0,1,0,72.67603142857142
ENSG00000110429,FBXO3,chr11,33740939,33774543,-1,0,79,0,1,0,0.81,27,3,22,0,1,0,76.1902
ENSG00000135363,LMO2,chr11,33858574,33892076,-1,0,368,0,1,0,0.97,64,3,60,0,0,0,82.67353235294117
ENSG00000135387,CAPRIN1,chr11,34051674,34102610,1,0,133,0,1,0,0.91,39,4,34,0,2,0,78.20518461538462
ENSG00000135372,NAT10,chr11,34105608,34147670,1,0,1428,0,1,0,0.9,37,1,27,2,1,0,75.8197906976744
ENSG00000166016,ABTB2,chr11,34150987,34358010,-1,0,64,0,2,0,0.78,321,2,294,7,0,0,69.86209134615385
ENSG00000121691,CAT,chr11,34438906,34472061,1,0,1390,0,1,0,0.73,38,1,32,1,1,0,67.6883294117647
ENSG00000135374,ELF5,chr11,34478791,34525193,-1,0,110,0,0,39481,,50,2,34,2,0,0,67.88949574468084
ENSG00000135373,EHF,chr11,34617044,34663386,1,0,209,0,0,177734,,80,7,70,0,1,0,70.92961276595746
ENSG00000149089,APIP,chr11,34853094,34916520,-1,0,92,0,1,0,0.82,68,2,49,6,1,0,68.94904307692308
ENSG00000110435,PDHX,chr11,34915829,35020591,1,0,254,0,1,0,0.82,102,3,88,0,2,0,66.38291775700935
ENSG00000026508,CD44,chr11,35138882,35232402,1,0,1554,0,1,0,0.74,173,5,168,0,11,0,61.248120212765954
ENSG00000110436,SLC1A2,chr11,35251205,35420063,-1,0,369,0,1,0,0.93,213,6,194,2,2,0,56.933651176470576
ENSG00000149090,PAMR1,chr11,35431823,35530300,-1,0,105,0,0,11488,,85,3,62,5,0,0,57.48875454545453
ENSG00000179431,FJX1,chr11,35618460,35620865,1,0,66,0,1,0,1.03,7,2,5,0,0,0,60.157675
ENSG00000166326,TRIM44,chr11,35662537,35818007,1,0,230,0,1,0,0.96,148,1,114,6,1,0,58.73502371794872
ENSG00000179241,LDLRAD3,chr11,35943981,36232138,1,0,82,0,1,0,1.03,372,5,321,8,0,0,56.34798477508651
ENSG00000110442,COMMD9,chr11,36269284,36289449,-1,0,139,0,0,86954,,16,1,12,1,1,0,52.094847619047606
ENSG00000135362,PRR5L,chr11,36296120,36465209,1,0,67,0,1,0,0.86,218,7,201,1,10,0,50.593179411764716
ENSG00000175104,TRAF6,chr11,36483769,36510292,-1,0,653,0,1,0,0.81,33,2,26,1,1,0,47.55754444444444
ENSG00000166349,RAG1,chr11,36510372,36593156,1,0,699,0,1,0,0.81,60,2,44,2,2,0,46.11375476190476
ENSG00000175097,RAG2,chr11,36575574,36598279,-1,0,668,0,0,65107,,24,2,19,1,0,0,45.19068695652174
ENSG00000166352,IFTAP,chr11,36594369,36675695,1,0,135,0,0,83902,,56,2,48,2,0,0,42.91834096385543
ENSG00000148948,LRRC4C,chr11,40113474,41459773,-1,0,102,0,0,1852116,,662,5,321,78,0,0,12.45682381305638
ENSG00000166181,API5,chr11,43311955,43344530,1,0,87,0,1,0,0.96,14,2,8,1,1,0,47.35924117647059
ENSG00000052841,TTC17,chr11,43358920,43494933,1,0,89,0,1,0,0.86,84,3,52,7,1,0,53.2774598540146
ENSG00000149084,HSD17B12,chr11,43680509,43857741,1,0,186,0,1,0,0.92,138,2,98,12,1,0,58.20811404494383
ENSG00000166199,ALKBH3,chr11,43880811,43920274,1,0,149,0,1,0,0.9,33,1,29,2,1,0,55.89477000000001
ENSG00000187479,C11orf96,chr11,43942637,43943878,1,0,92,0,1,0,0.96,5,2,3,0,0,0,56.1753
ENSG00000205126,ACCSL,chr11,44047981,44059977,1,0,14,0,0,5991,,6,0,0,3,0,0,59.08425384615384
ENSG00000110455,ACCS,chr11,44065916,44084241,1,0,103,0,1,0,0.89,19,3,7,3,1,0,59.33469473684211
ENSG00000151348,EXT2,chr11,44095648,44251962,1,0,274,0,1,0,0.79,149,2,126,3,1,0,61.40581719745222
ENSG00000052850,ALX4,chr11,44260440,44310139,-1,0,403,0,4,0,0.885,75,1,57,4,0,0,64.95889411764705
ENSG00000085117,CD82,chr11,44564414,44620924,1,0,415,0,1,0,0.74,118,4,108,2,14,0,62.38133965517242
ENSG00000157570,TSPAN18,chr11,44726322,44932427,1,0,131,0,1,0,0.93,331,1,310,0,3,0,49.54992801932367
ENSG00000175274,TP53I11,chr11,44885903,44951306,-1,0,65,0,1,0,0.84,101,4,95,0,1,0,46.17515151515151
ENSG00000019485,PRDM11,chr11,45095806,45235110,1,0,81,0,2,0,1.055,166,3,128,8,2,0,46.165689285714286
ENSG00000019505,SYT13,chr11,45240302,45286341,-1,0,106,0,1,0,0.74,54,1,47,0,0,0,48.50615319148937
ENSG00000175264,CHST1,chr11,45647689,45666096,-1,0,96,0,2,0,0.95,40,1,35,0,0,0,68.08243157894736
ENSG00000181830,SLC35C1,chr11,45804072,45813016,1,0,96,0,1,0,0.75,18,1,16,0,1,0,76.23958999999999
ENSG00000121671,CRY2,chr11,45847118,45883248,1,0,208,0,1,0,0.83,54,2,50,0,1,0,78.03901081081081
ENSG00000121653,MAPK8IP1,chr11,45885618,45906470,1,0,80,0,3,0,0.89,46,3,42,0,0,0,78.8023761904762
ENSG00000234776,FREY1,chr11,45906513,45907272,-1,0,137,0,0,3337,,4,1,3,0,0,0,79.0245
ENSG00000121680,PEX16,chr11,45909663,45918812,-1,0,74,0,1,0,0.76,19,2,16,0,1,0,79.15381
ENSG00000165905,LARGE2,chr11,45918146,45929376,1,0,61,0,2,0,0.77,31,5,25,0,1,0,79.28838333333333
ENSG00000135365,PHF21A,chr11,45929319,46121473,-1,0,79,0,1,0,0.91,187,5,160,1,5,0,78.11584922279792
ENSG00000157613,CREB3L1,chr11,46277637,46321422,1,2,344,1,2,0,0.74,77,1,68,0,0,0,79.67065454545455
ENSG00000149091,DGKZ,chr11,46332905,46380554,1,0,291,0,5,0,0.756,101,6,92,1,8,0,80.51288163265306
ENSG00000110492,MDK,chr11,46380756,46383837,1,0,600,0,1,0,0.76,11,3,8,0,1,0,80.76192499999999
ENSG00000180720,CHRM4,chr11,46383589,46391990,-1,0,109,0,2,0,0.735,25,2,23,0,0,0,80.80478888888888
ENSG00000110497,AMBRA1,chr11,46396414,46594125,-1,0,233,0,1,0,0.88,214,3,188,4,2,0,79.84126683417087
ENSG00000180423,HARBI1,chr11,46601439,46617909,-1,0,11,0,1,0,1.0,26,3,23,0,1,0,78.52119444444445
ENSG00000175224,ATG13,chr11,46617251,46674818,1,0,173,0,1,0,1.0,69,3,65,0,5,0,79.01613559322034
ENSG00000175220,ARHGAP1,chr11,46677075,46700977,-1,0,160,0,1,0,0.84,36,2,33,0,2,0,79.38432399999999
ENSG00000175213,ZNF408,chr11,46701016,46705912,1,0,53,0,1,0,0.75,5,1,2,0,1,0,79.31425000000002
ENSG00000180210,F2,chr11,46719166,46739822,1,0,1182,0,0,13679,,28,1,10,0,0,0,78.82432727272727
ENSG00000175216,CKAP5,chr11,46743048,46846308,-1,0,117,0,1,0,0.91,72,1,47,2,1,0,76.80040192307692
ENSG00000134569,LRP4,chr11,46856717,46918642,-1,0,606,0,1,0,1.04,67,1,55,0,0,0,75.05997619047618
ENSG00000149179,CSTPP1,chr11,46936689,47164385,1,0,55,0,1,0,0.79,211,3,175,4,1,0,73.89537280701755
ENSG00000149182,ARFGAP2,chr11,47164299,47177474,-1,0,54,0,1,0,0.94,23,1,16,0,1,0,78.35801428571428
ENSG00000165912,PACSIN3,chr11,47177520,47187487,-1,0,57,0,1,0,0.93,26,3,23,0,1,0,79.03532
ENSG00000134574,DDB2,chr11,47214457,47239240,1,4,244,1,0,9443,,29,1,27,0,2,0,80.99061923076923
ENSG00000134575,ACP2,chr11,47238400,47249288,-1,0,669,0,1,0,0.91,18,3,14,0,1,0,81.4966
ENSG00000025434,NR1H3,chr11,47248300,47269070,1,0,422,0,1,0,0.91,30,5,23,0,2,0,81.78104545454545
ENSG00000110514,MADD,chr11,47269161,47330038,1,0,172,0,1,0,0.81,59,5,51,2,1,0,81.90393387096772
ENSG00000134571,MYBPC3,chr11,47331406,47352702,-1,0,515,0,1,0,0.71,48,1,46,0,0,0,81.46896086956522
ENSG00000066336,SPI1,chr11,47354860,47409369,-1,0,1020,0,5,0,0.736,94,7,80,0,5,0,80.67957090909091
ENSG00000165915,SLC39A13,chr11,47407132,47416587,1,0,527,0,1,0,0.99,26,4,20,0,2,0,80.04356363636363
ENSG00000165916,PSMC3,chr11,47418765,47426488,-1,0,137,0,1,0,0.91,18,2,12,0,1,0,79.8180375
ENSG00000165917,RAPSN,chr11,47437762,47449192,-1,0,187,0,0,11056,,17,1,11,1,0,0,79.35033333333331
ENSG00000149187,CELF1,chr11,47465933,47565569,-1,0,254,0,2,0,0.83,139,6,124,2,4,0,77.99176534653466
ENSG00000213619,NDUFS3,chr11,47565336,47584565,1,0,267,0,2,0,0.85,26,6,18,0,2,0,77.84331904761905
ENSG00000110536,PTPMT1,chr11,47565430,47573461,1,0,79,0,1,0,0.89,14,2,12,0,1,0,77.7503
ENSG00000123444,KBTBD4,chr11,47572197,47578976,-1,0,48,0,1,0,0.81,11,4,7,0,1,0,77.8421625
ENSG00000196666,FAM180B,chr11,47586207,47589195,1,0,29,0,0,391,,10,1,9,0,0,0,78.07492500000001
ENSG00000172247,C1QTNF4,chr11,47589666,47595642,-1,0,95,0,2,0,1.12,16,1,14,0,0,0,78.20792857142858
ENSG00000109919,MTCH2,chr11,47616697,47642698,-1,0,124,0,1,0,0.97,22,1,18,1,1,0,79.34438148148148
ENSG00000165923,AGBL2,chr11,47659591,47715389,-1,0,143,0,1,0,0.84,57,2,29,5,1,0,80.5722375
ENSG00000109920,FNBP4,chr11,47716494,47767443,-1,0,72,0,1,0,1.08,33,1,26,1,1,0,79.65377692307692
ENSG00000030066,NUP160,chr11,47778087,47848557,-1,0,114,0,1,0,0.94,46,3,32,3,1,0,76.22402777777778
ENSG00000149177,PTPRJ,chr11,47980425,48170839,1,0,212,0,1,0,0.95,287,3,272,2,15,0,66.05964375
ENSG00000175619,OR4B1,chr11,48216810,48217739,1,0,24,0,0,235192,,0,0,0,0,0,0,58.7958
ENSG00000172208,OR4X2,chr11,48245104,48246015,1,0,24,0,0,263486,,0,0,0,0,0,0,56.390100000000004
ENSG00000176567,OR4X1,chr11,48263861,48264778,1,0,25,0,0,282243,,0,0,0,0,0,0,54.436800000000005
ENSG00000176555,OR4S1,chr11,48306223,48307152,1,0,13,0,0,324605,,0,0,0,0,0,0,49.64725
ENSG00000176547,OR4C3,chr11,48324920,48325955,1,0,14,0,0,343302,,1,0,0,0,0,0,47.518
ENSG00000176540,OR4C5,chr11,48365485,48366465,-1,0,12,0,0,383867,,1,0,0,0,0,0,43.721999999999994
ENSG00000237388,OR4A47,chr11,48488793,48489722,1,0,20,0,0,390423,,0,0,0,0,0,0,38.1997
ENSG00000220948,TRIM51G,chr11,48975498,48983885,-1,0,17,0,0,6565,,2,0,0,0,0,0,19.94124
ENSG00000182053,TRIM49B,chr11,49027501,49038451,1,0,24,0,0,9717,,1,0,0,0,0,0,19.90327272727273
ENSG00000214891,TRIM64C,chr11,49053714,49059112,-1,0,20,0,0,3502,,1,0,0,0,0,0,20.487199999999998
ENSG00000086205,FOLH1,chr11,49145092,49208640,-1,0,711,0,1,0,0.96,27,2,25,0,0,0,21.09840153846154
ENSG00000258817,OR4C13,chr11,49952391,49953419,1,0,40,0,0,58571,,0,0,0,0,0,0,14.49035
ENSG00000221954,OR4C12,chr11,49981473,49982535,-1,0,46,0,0,87653,,0,0,0,0,0,0,14.248466666666666
ENSG00000260811,OR4C45,chr11,50032874,50033794,1,0,39,0,0,139054,,0,0,0,0,0,0,14.2604
ENSG00000185926,OR4C46,chr11,54603069,54603998,-1,0,24,0,0,1268594,,0,0,0,0,0,0,-0.612628
ENSG00000225997,OR4A8,chr11,54682877,54683821,1,0,30,0,0,1188771,,0,0,0,0,0,0,0.060646
ENSG00000221840,OR4A5,chr11,54706832,54707902,1,0,31,0,0,1164690,,0,0,0,0,0,0,1.4171
ENSG00000150244,TRIM48,chr11,55262155,55271114,1,0,35,0,0,601478,,0,0,0,0,0,0,17.22748
ENSG00000181961,OR4A16,chr11,55343201,55344187,1,0,19,0,0,528405,,0,0,0,0,0,0,19.1642
ENSG00000181958,OR4A15,chr11,55367974,55368918,1,0,16,0,0,503674,,0,0,0,0,0,0,19.6633
ENSG00000181939,OR4C15,chr11,55554307,55555419,1,0,11,0,0,317173,,0,0,0,0,0,0,18.22755
ENSG00000279514,OR4C16,chr11,55572128,55573060,1,0,17,0,0,299532,,1,0,1,0,0,0,17.93925
ENSG00000172188,OR4C11,chr11,55602360,55607645,-1,0,8,0,0,264947,,0,0,0,0,0,0,17.059014285714287
ENSG00000181927,OR4P4,chr11,55635113,55640309,1,0,7,0,0,232283,,1,0,0,0,0,0,15.756549999999999
ENSG00000174982,OR4S2,chr11,55648327,55652854,1,0,3,0,0,219738,,0,0,0,0,0,0,15.199566666666668
ENSG00000181903,OR4C6,chr11,55662201,55666195,1,0,6,0,0,206397,,1,0,0,0,0,0,14.650300000000001
ENSG00000186886,OR5D3P,chr11,55723776,55729621,1,0,2,0,0,142971,,1,0,1,0,0,0,13.482185714285714
ENSG00000279761,OR5D13,chr11,55773438,55774382,1,0,7,0,0,98210,,0,0,0,0,0,0,14.71965
ENSG00000186113,OR5D14,chr11,55795556,55796500,1,0,7,0,0,76092,,1,1,0,0,0,0,15.68015
ENSG00000279395,OR5L1,chr11,55811367,55812476,1,0,12,0,0,60116,,0,0,0,0,0,0,16.30505
ENSG00000186119,OR5D18,chr11,55819630,55820571,1,0,9,0,0,52021,,0,0,0,0,0,0,16.65595
ENSG00000205030,OR5L2,chr11,55827219,55828154,1,0,8,0,0,44438,,0,0,0,0,0,0,16.9086
ENSG00000205029,OR5D16,chr11,55838752,55839738,1,0,4,0,0,32854,,0,0,0,0,0,0,17.28785
ENSG00000124900,TRIM51,chr11,55883297,55891810,1,0,12,0,0,8653,,5,0,5,0,0,0,17.90385
ENSG00000187612,OR5W2,chr11,55913650,55914582,-1,0,10,0,0,39006,,0,0,0,0,0,0,17.7076
ENSG00000167825,OR5I1,chr11,55935456,55936400,-1,0,14,0,0,60812,,0,0,0,0,0,0,17.4399
ENSG00000174970,OR10AG1,chr11,55965755,55969945,-1,0,1,0,0,91111,,2,0,0,1,0,0,17.066139999999997
ENSG00000149133,OR5F1,chr11,55993681,55994625,-1,0,8,0,0,119037,,0,0,0,0,0,0,17.0143
ENSG00000181785,OR5AS1,chr11,56027654,56038191,1,0,7,0,0,153010,,2,0,0,0,0,0,17.608845454545456
ENSG00000172154,OR8I2,chr11,56093308,56094240,1,0,4,0,0,218664,,0,0,0,0,0,0,19.5796
ENSG00000181767,OR8H2,chr11,56103687,56107658,1,0,5,0,0,229043,,1,1,0,0,0,0,20.01482
ENSG00000181761,OR8H3,chr11,56122373,56123311,1,0,8,0,0,247729,,1,0,0,0,0,0,20.537300000000002
ENSG00000167822,OR8J3,chr11,56134721,56140201,-1,0,11,0,0,260077,,1,0,1,0,0,0,20.93661666666667
ENSG00000181752,OR8K5,chr11,56159394,56160317,-1,0,3,0,0,284750,,0,0,0,0,0,0,21.3975
ENSG00000174957,OR5J2,chr11,56176618,56177556,1,0,2,0,0,301974,,0,0,0,0,0,0,21.71345
ENSG00000254658,OR8J2,chr11,56208985,56215222,-1,0,2,0,0,334341,,0,0,0,0,0,0,22.38855714285714
ENSG00000181718,OR5T2,chr11,56231282,56234255,-1,0,5,0,0,356638,,1,0,0,0,0,0,22.954675
ENSG00000172489,OR5T3,chr11,56252254,56253222,1,0,2,0,0,377610,,0,0,0,0,0,0,23.72115
ENSG00000181698,OR5T1,chr11,56274154,56276819,1,0,3,0,0,399510,,0,0,0,0,0,0,24.921374999999998
ENSG00000181693,OR8H1,chr11,56288462,56292254,-1,0,5,0,0,413818,,0,0,0,0,0,0,25.83312
ENSG00000280314,OR8K3,chr11,56315144,56320639,1,0,3,0,0,440500,,0,0,0,0,0,0,27.78137142857143
ENSG00000150261,OR8K1,chr11,56346039,56346998,1,0,6,0,0,471395,,1,0,0,0,0,0,29.8082
ENSG00000172487,OR8J1,chr11,56354291,56361511,1,0,9,0,0,479647,,1,0,0,0,0,0,30.5944
ENSG00000172199,OR8U1,chr11,56375624,56376553,1,0,6,0,0,500980,,0,0,0,0,0,0,31.782649999999997
ENSG00000272987,OR5AL1,chr11,56412696,56413680,1,0,3,0,0,538052,,2,0,0,0,0,0,33.78475
ENSG00000279961,OR8U3,chr11,56417258,56418232,-1,0,6,0,0,542614,,0,0,0,0,0,0,33.9773
ENSG00000284732,,chr11,56459221,56473352,-1,0,0,0,0,584577,,1,0,0,1,0,0,36.31062
ENSG00000150269,OR5M9,chr11,56462469,56463401,-1,0,2,0,0,587825,,0,0,0,0,0,0,36.13175
ENSG00000174937,OR5M3,chr11,56469274,56473352,-1,0,7,0,0,594630,,1,0,0,1,0,0,36.566159999999996
ENSG00000181371,OR5M8,chr11,56490435,56491370,-1,0,7,0,0,615791,,0,0,0,0,0,0,37.61705
ENSG00000255223,OR5M11,chr11,56542340,56543257,-1,0,9,0,0,667696,,0,0,0,0,0,0,40.86995
ENSG00000254834,OR5M10,chr11,56576774,56577721,-1,0,3,0,0,702130,,1,0,0,0,0,0,43.2035
ENSG00000255012,OR5M1,chr11,56609236,56614874,-1,0,9,0,0,709523,,1,0,1,0,0,0,45.28000000000001
ENSG00000172464,OR5AP2,chr11,56641489,56642439,-1,0,6,0,0,681958,,0,0,0,0,0,0,46.8373
ENSG00000172459,OR5AR1,chr11,56663686,56664618,1,0,8,0,0,659779,,0,0,0,0,0,0,47.94305
ENSG00000174914,OR9G1,chr11,56699095,56703884,1,0,15,0,0,620513,,4,0,3,0,0,0,49.817366666666665
ENSG00000172457,OR9G4,chr11,56741223,56748697,-1,0,50,0,0,575700,,3,0,0,0,0,0,52.82273333333333
ENSG00000241356,OR5G3,chr11,56819573,56820516,-1,0,10,0,0,503881,,1,0,1,0,0,0,60.3904
ENSG00000181282,OR5AK3P,chr11,56971050,56971979,1,0,10,0,0,352418,,0,0,0,0,0,0,69.203
ENSG00000181273,OR5AK2,chr11,56988914,56989843,1,0,12,0,0,334554,,0,0,0,0,0,0,69.53365
ENSG00000183908,LRRC55,chr11,57181747,57191717,1,0,91,0,0,132680,,8,2,3,0,0,0,76.1472909090909
ENSG00000134817,APLNR,chr11,57233577,57237250,-1,0,358,0,0,87147,,9,0,9,0,0,0,77.55415
ENSG00000149115,TNKS1BP1,chr11,57299630,57325682,-1,0,66,0,1,0,0.93,57,3,51,0,2,0,76.32246296296296
ENSG00000149136,SSRP1,chr11,57325982,57335892,-1,0,120,0,1,0,0.96,16,1,15,0,2,0,75.69712727272727
ENSG00000109991,P2RX3,chr11,57338352,57372404,1,0,406,0,1,0,0.74,54,1,44,1,0,0,74.96958285714285
ENSG00000156575,PRG3,chr11,57376769,57381150,-1,0,40,0,0,26668,,7,0,1,1,0,0,74.42726
ENSG00000186652,PRG2,chr11,57386780,57391143,-1,0,188,0,0,35724,,5,1,4,0,0,0,74.28842
ENSG00000254979,,chr11,57387365,57424059,-1,0,0,0,0,2808,,58,1,56,0,0,0,74.17999210526315
ENSG00000134802,SLC43A3,chr11,57406954,57429035,-1,0,60,0,1,0,0.89,41,3,38,0,1,0,74.13438695652175
ENSG00000186907,RTN4RL2,chr11,57460528,57477534,1,0,35,0,3,0,0.88,37,2,26,5,0,0,74.17437222222222
ENSG00000149150,SLC43A1,chr11,57484064,57515780,-1,0,65,0,2,0,0.715,55,2,48,1,1,0,73.8281606060606
ENSG00000134809,TIMM10,chr11,57528406,57531031,-1,0,24,0,0,12574,,9,2,7,0,1,0,73.046675
ENSG00000214872,SMTNL1,chr11,57537595,57550272,1,0,34,0,0,17303,,19,0,19,0,0,0,72.45336923076924
ENSG00000156587,UBE2L6,chr11,57551656,57568284,-1,0,121,0,1,0,0.99,23,2,20,0,1,0,71.65409411764706
ENSG00000149131,SERPING1,chr11,57597387,57619246,1,0,498,0,0,27681,,26,3,23,0,0,0,68.5205956521739
ENSG00000166793,YPEL4,chr11,57645087,57649944,-1,0,43,0,1,0,0.71,16,5,11,0,1,0,65.46808333333334
ENSG00000172409,CLP1,chr11,57648188,57661865,1,0,585,0,1,0,1.09,23,5,16,0,3,0,64.86147333333334
ENSG00000156599,ZDHHC5,chr11,57667433,57701190,1,0,127,0,1,0,1.17,30,1,28,0,2,0,62.49117428571429
ENSG00000156603,MED19,chr11,57703710,57712259,-1,0,81,0,1,0,0.96,12,1,10,0,1,0,60.54696666666668
ENSG00000213593,TMX2,chr11,57712562,57742987,1,0,59,0,2,0,0.89,26,4,21,0,2,0,58.991900000000015
ENSG00000288534,,chr11,57712582,57818431,1,0,77,0,3,0,0.86,112,9,94,2,4,0,56.46797547169811
ENSG00000211450,SELENOH,chr11,57741491,57743554,1,0,52,0,1,0,0.82,5,3,2,0,1,0,57.898799999999994
ENSG00000254732,,chr11,57741779,57804771,1,0,2,0,2,0,0.81,84,8,69,1,3,0,55.8481859375
ENSG00000233436,BTBD18,chr11,57743514,57753148,-1,0,209,0,1,0,0.8,11,2,6,0,0,0,57.46525999999999
ENSG00000198561,CTNND1,chr11,57753243,57819546,1,0,1074,0,1,0,0.8,78,4,69,2,2,0,55.09058823529411
ENSG00000186509,OR9Q1,chr11,58023881,58181616,1,0,23,0,0,270600,,81,0,44,15,0,0,44.43858742138365
ENSG00000279051,OR6Q1,chr11,58030953,58031906,1,0,11,0,0,277672,,0,0,0,0,0,0,45.391149999999996
ENSG00000172377,OR9I1,chr11,58116742,58125530,-1,0,12,0,0,363461,,2,0,0,2,0,0,43.67055
ENSG00000186513,OR9Q2,chr11,58189070,58194053,1,0,7,0,0,384147,,5,0,4,0,0,0,47.8371
ENSG00000197887,OR1S2,chr11,58203204,58204142,-1,0,4,0,0,374058,,0,0,0,0,0,0,48.72005
ENSG00000280204,OR1S1,chr11,58212720,58216084,1,0,3,0,0,362116,,0,0,0,0,0,0,49.5086
ENSG00000180475,OR10Q1,chr11,58227882,58228918,-1,0,2,0,0,349282,,2,0,1,0,0,0,50.4606
ENSG00000172772,OR10W1,chr11,58266792,58268260,-1,0,1,0,0,309940,,1,0,0,0,0,0,52.68535
ENSG00000197786,OR5B17,chr11,58358124,58359069,-1,0,5,0,0,219131,,0,0,0,0,0,0,56.17285
ENSG00000172769,OR5B3,chr11,58402464,58406874,-1,0,15,0,0,171326,,1,0,0,0,0,0,58.01228333333333
ENSG00000172365,OR5B2,chr11,58421238,58428121,-1,0,11,0,0,150079,,2,0,1,0,0,0,58.84775
ENSG00000172362,OR5B12,chr11,58438994,58442236,-1,0,15,0,0,135964,,0,0,0,0,0,0,59.48875
ENSG00000198283,OR5B21,chr11,58506807,58508105,-1,0,12,0,0,70095,,2,0,2,0,0,0,61.1518
ENSG00000110031,LPXN,chr11,58526871,58578220,-1,0,151,0,1,0,0.86,40,2,35,0,1,0,60.56770576923077
ENSG00000186660,ZFP91,chr11,58578476,58621550,1,0,68,0,1,0,0.86,43,1,41,0,1,0,58.52538666666666
ENSG00000255073,ZFP91-CNTF,chr11,58579172,58624639,1,0,7,0,1,0,0.86,45,2,42,0,1,0,58.40773617021277
ENSG00000242689,CNTF,chr11,58622665,58625733,1,0,284,0,0,42817,,3,1,2,0,0,0,57.0422
ENSG00000149124,GLYAT,chr11,58640426,58731974,-1,0,137,0,0,60578,,60,1,44,4,0,0,53.12048387096774
ENSG00000156689,GLYATL2,chr11,58834065,58904215,-1,0,26,0,0,1163,,27,1,13,1,0,0,50.58094647887324
ENSG00000166840,GLYATL1,chr11,58905398,59043527,1,0,62,0,2,0,0.875,85,7,60,0,0,0,57.121737857142854
ENSG00000255151,GLYATL1B,chr11,59086307,59094786,1,0,5,0,0,7546,,2,0,2,0,0,0,65.29276999999999
ENSG00000189057,FAM111B,chr11,59107185,59127415,1,0,112,0,0,172,,14,1,12,0,1,0,66.5377
ENSG00000166801,FAM111A,chr11,59142703,59155042,1,0,77,0,1,0,0.77,16,3,13,0,1,0,67.76316923076924
ENSG00000110042,DTX4,chr11,59171430,59208588,1,0,54,0,2,0,0.835,66,2,60,0,1,0,69.18786666666668
ENSG00000197629,MPEG1,chr11,59208510,59213474,-1,0,215,0,0,34931,,11,1,10,0,0,0,69.97262
ENSG00000176495,OR5AN1,chr11,59358895,59371714,1,0,10,0,0,185316,,5,0,3,0,0,0,77.0903
ENSG00000172324,OR5A2,chr11,59416969,59426413,-1,0,6,0,0,134251,,7,0,5,0,0,0,76.09741000000001
ENSG00000172320,OR5A1,chr11,59436469,59451380,1,0,8,0,0,109284,,6,0,1,0,0,0,74.98096875
ENSG00000166884,OR4D6,chr11,59456961,59457905,1,0,7,0,0,102759,,0,0,0,0,0,0,74.15559999999999
ENSG00000254466,OR4D10,chr11,59473315,59479361,1,0,10,0,0,81303,,1,0,0,0,0,0,73.0121857142857
ENSG00000176200,OR4D11,chr11,59503576,59504511,1,0,4,0,0,56153,,0,0,0,0,0,0,71.4049
ENSG00000172742,OR4D9,chr11,59511368,59520703,1,0,7,0,0,39961,,5,1,1,2,0,0,70.87802727272728
ENSG00000110048,OSBP,chr11,59574398,59615781,-1,0,95,0,1,0,0.96,36,1,30,0,1,0,69.38227674418606
ENSG00000166889,PATL1,chr11,59636716,59669141,-1,0,44,0,1,0,1.06,19,2,16,0,1,0,69.05120909090908
ENSG00000172289,OR10V1,chr11,59712916,59713845,-1,0,3,0,0,41107,,0,0,0,0,0,0,67.31790000000001
ENSG00000166900,STX3,chr11,59713456,59805882,1,0,91,0,1,0,0.98,81,3,68,1,2,0,65.28078191489362
ENSG00000166902,MRPL16,chr11,59806140,59810779,-1,0,23,0,1,0,0.97,6,1,5,0,1,0,63.312533333333334
ENSG00000134812,CBLIF,chr11,59829273,59845499,-1,0,450,0,0,18367,,10,0,5,0,0,0,62.57500588235295
ENSG00000134827,TCN1,chr11,59852800,59866489,-1,0,359,0,0,31617,,12,1,8,0,0,0,62.157542857142865
ENSG00000285231,OOSP3,chr11,59878782,59896483,1,0,5,0,0,1623,,8,0,4,0,0,0,61.74841666666667
ENSG00000284873,OOSP1,chr11,59938432,59957480,1,0,3,0,0,40048,,16,0,8,0,0,0,60.699935
ENSG00000285010,OOSP4A,chr11,59964033,59970343,1,0,2,0,0,65649,,7,0,6,0,0,0,60.189542857142854
ENSG00000255393,OOSP4B,chr11,59978020,60031095,1,0,2,0,0,79636,,21,0,5,2,0,0,58.932616363636356
ENSG00000149507,OOSP2,chr11,60040409,60048044,1,0,11,0,0,142025,,6,0,5,0,0,0,57.4056
ENSG00000149516,MS4A3,chr11,60056587,60071115,1,0,61,0,0,158203,,15,2,10,0,0,0,56.60048666666667
ENSG00000149534,MS4A2,chr11,60088261,60098467,1,0,222,0,0,189877,,4,0,3,1,0,0,55.517818181818186
ENSG00000110077,MS4A6A,chr11,60170074,60184666,-1,0,112,0,0,271690,,17,3,14,0,0,0,53.98041875
ENSG00000110079,MS4A4A,chr11,60185657,60318080,1,0,160,0,0,197230,,96,2,64,4,0,0,55.8764052631579
ENSG00000214787,MS4A4E,chr11,60200270,60243137,-1,0,49,0,0,272173,,31,1,13,2,0,0,54.636038636363644
ENSG00000166926,MS4A6E,chr11,60327251,60396596,1,0,12,0,0,118714,,59,3,47,3,0,0,61.42882676056339
ENSG00000166927,MS4A7,chr11,60378482,60395951,1,0,64,0,0,119359,,13,1,11,0,0,0,62.89853157894736
ENSG00000166928,MS4A14,chr11,60378530,60417756,1,0,42,0,0,97554,,21,3,12,0,0,0,63.549144999999996
ENSG00000166930,MS4A5,chr11,60429572,60455214,1,0,4,0,0,60096,,17,0,11,2,1,0,65.9708653846154
ENSG00000156738,MS4A1,chr11,60455752,60470752,1,0,1303,0,0,44558,,15,3,11,0,0,0,67.11740625
ENSG00000071203,MS4A12,chr11,60492722,60507535,1,0,29,0,0,7775,,12,1,11,0,0,0,69.26375
ENSG00000204979,MS4A13,chr11,60515392,60542721,1,0,17,0,1,0,0.71,15,1,6,1,0,0,71.11875172413794
ENSG00000166959,MS4A8,chr11,60699585,60715811,1,0,46,0,0,51626,,19,1,14,1,0,0,74.12796470588236
ENSG00000214782,MS4A18,chr11,60724720,60745028,1,0,10,0,0,22409,,20,0,13,2,0,0,72.22915714285716
ENSG00000166961,MS4A15,chr11,60756863,60776733,1,0,25,0,1,0,0.8,37,1,25,1,0,0,70.23056666666668
ENSG00000172689,MS4A10,chr11,60785333,60801305,1,0,7,0,0,17668,,19,1,10,1,0,0,69.27900588235295
ENSG00000110104,CCDC86,chr11,60842113,60851081,1,0,44,0,1,0,0.91,17,3,14,0,1,0,69.87887
ENSG00000183134,PTGDR2,chr11,60850933,60855950,-1,0,267,0,1,0,0.9,14,1,13,0,0,0,70.17356666666667
ENSG00000149506,ZP1,chr11,60867542,60875693,1,0,52,0,0,13904,,20,0,20,0,0,0,71.10161111111111
ENSG00000110107,PRPF19,chr11,60890547,60906603,-1,0,97,0,1,0,1.04,21,1,18,0,1,0,72.6094705882353
ENSG00000110108,TMEM109,chr11,60912521,60923443,1,0,27,0,1,0,1.08,25,4,21,0,1,0,73.60973636363637
ENSG00000006118,TMEM132A,chr11,60924460,60937159,1,0,325,0,2,0,0.805,33,1,28,0,0,0,74.18832142857141
ENSG00000110446,SLC15A3,chr11,60937060,60952653,-1,0,119,0,1,0,0.96,33,1,32,0,0,0,74.76814705882353
ENSG00000013725,CD6,chr11,60971675,61020377,1,0,347,0,1,0,0.67,99,2,97,0,6,0,76.14502244897959
ENSG00000110448,CD5,chr11,61102489,61127852,1,0,776,0,0,33236,,61,1,60,0,4,0,78.50941111111112
ENSG00000167987,VPS37C,chr11,61130257,61167355,-1,0,36,0,1,0,1.19,75,2,68,0,1,0,78.03527631578949
ENSG00000229859,PGA3,chr11,61203307,61213098,1,0,53,0,0,41517,,6,1,3,0,0,0,74.68326363636363
ENSG00000229183,PGA4,chr11,61222347,61231694,1,0,44,0,0,49927,,0,0,0,0,0,0,73.22300909090909
ENSG00000256713,PGA5,chr11,61241175,61251444,1,0,75,0,0,30177,,8,0,7,1,0,0,71.83627272727273
ENSG00000167992,VWCE,chr11,61255672,61295334,-1,0,48,0,2,0,0.745,56,1,44,2,0,0,70.231925
ENSG00000167986,DDB1,chr11,61299447,61342596,-1,0,248,0,2,0,0.825,53,3,39,0,1,0,69.44453333333333
ENSG00000149476,TKFC,chr11,61333210,61353295,1,0,68,0,2,0,0.825,39,2,34,0,1,0,69.72102857142858
ENSG00000162144,CYB561A3,chr11,61348748,61362334,-1,0,142,0,1,0,0.85,25,4,19,0,1,0,70.05271428571429
ENSG00000149483,TMEM138,chr11,61361964,61377890,1,0,30,0,1,0,0.85,25,2,22,0,1,0,70.53663529411766
ENSG00000187049,TMEM216,chr11,61392393,61398866,1,0,112,0,1,0,0.85,7,2,3,0,1,0,71.521375
ENSG00000149532,CPSF7,chr11,61402641,61430105,-1,0,88,0,1,0,1.0,21,4,15,0,1,0,72.39064642857143
ENSG00000256591,,chr11,61429220,61485822,1,0,1,0,1,0,1.0,75,5,60,1,1,0,74.2270224137931
ENSG00000167985,SDHAF2,chr11,61430042,61446839,1,5,141,1,1,0,1.0,25,1,20,0,1,0,73.32966111111111
ENSG00000162148,SAXO4,chr11,61481120,61490931,1,0,66,0,0,17422,,22,3,18,0,0,0,75.66395454545453
ENSG00000204950,LRRC10B,chr11,61508749,61511018,1,0,21,0,1,0,1.09,6,1,5,0,0,0,77.06863333333332
ENSG00000011347,SYT7,chr11,61513714,61581167,-1,0,111,0,3,0,0.8267,130,3,126,1,0,0,79.31137352941175
ENSG00000134780,DAGLA,chr11,61680391,61747003,1,0,117,0,3,0,0.79,123,1,114,1,1,0,80.17256470588234
ENSG00000124920,MYRF,chr11,61752593,61788518,1,0,296,0,2,0,0.945,87,3,82,0,0,0,78.7569945945946
ENSG00000134825,TMEM258,chr11,61768501,61792802,-1,0,130,0,2,0,0.765,59,1,56,0,1,0,78.573808
ENSG00000168496,FEN1,chr11,61792725,61797238,1,0,360,0,1,0,0.81,10,2,8,0,1,0,78.32852
ENSG00000134824,FADS2,chr11,61792980,61867354,1,0,439,0,3,0,0.8,136,6,102,0,3,0,77.491224
ENSG00000149485,FADS1,chr11,61799624,61829318,-1,0,287,0,2,0,0.795,51,5,31,0,1,0,77.94159333333333
ENSG00000221968,FADS3,chr11,61873519,61892136,-1,0,80,0,1,0,1.0,36,4,29,0,2,0,75.51562631578948
ENSG00000167994,RAB3IL1,chr11,61897232,61920269,-1,0,95,0,1,0,1.06,58,4,52,0,0,0,74.1234
ENSG00000167995,BEST1,chr11,61950063,61965515,1,0,530,0,1,0,0.82,39,2,36,0,2,0,71.56655294117647
ENSG00000167996,FTH1,chr11,61959718,61967634,-1,0,460,0,1,0,0.9,25,3,22,0,2,0,71.33885555555554
ENSG00000149503,INCENP,chr11,62123998,62155474,1,0,64,0,1,0,0.94,50,1,47,0,1,0,78.806515625
ENSG00000168515,SCGB1D1,chr11,62190216,62193539,1,0,47,0,0,66143,,1,0,0,1,0,0,80.55524
ENSG00000124939,SCGB2A1,chr11,62208673,62213943,1,0,118,0,0,84600,,3,1,1,0,0,0,80.60321666666665
ENSG00000124935,SCGB1D2,chr11,62242239,62244812,1,0,64,0,0,92495,,2,1,0,0,0,0,80.289075
ENSG00000110484,SCGB2A2,chr11,62270158,62273160,1,0,82,0,0,64147,,2,1,1,0,0,0,79.877425
ENSG00000197745,SCGB1D4,chr11,62296281,62299075,-1,0,27,0,0,38232,,1,0,0,1,0,0,79.599375
ENSG00000162174,ASRGL1,chr11,62337439,62393412,1,0,1433,0,2,0,1.015,63,5,48,3,0,0,80.07304736842106
ENSG00000149021,SCGB1A1,chr11,62405103,62423195,1,0,269,0,0,21322,,20,1,16,0,0,0,81.26724736842104
ENSG00000124942,AHNAK,chr11,62433542,62556235,-1,0,230,0,3,0,0.8,220,5,212,0,4,0,83.36422520325203
ENSG00000254772,EEF1G,chr11,62559595,62574086,-1,0,76,0,1,0,0.88,25,2,23,0,3,0,83.87310666666667
ENSG00000255508,,chr11,62559603,62591531,-1,0,0,0,2,0,0.91,44,4,40,0,4,0,83.72812121212122
ENSG00000149016,TUT1,chr11,62575045,62591637,-1,0,28,0,1,0,0.94,17,1,16,0,2,0,83.6073
ENSG00000149480,MTA2,chr11,62593214,62601865,-1,0,173,0,1,0,0.96,19,3,16,0,3,0,83.31153
ENSG00000149499,EML3,chr11,62602217,62612973,-1,0,38,0,2,0,0.875,24,4,19,0,2,0,83.05950833333333
ENSG00000149489,ROM1,chr11,62611722,62615116,1,0,152,0,1,0,0.79,9,2,7,0,1,0,82.896
ENSG00000149541,B3GAT3,chr11,62615296,62622154,-1,0,135,0,1,0,0.94,15,1,14,0,1,0,82.7504
ENSG00000089597,GANAB,chr11,62624824,62646726,-1,0,137,0,1,0,0.86,21,1,19,0,2,0,82.19161304347827
ENSG00000185085,INTS5,chr11,62646848,62653302,-1,0,23,0,1,0,1.09,16,3,12,0,1,0,81.70882857142858
ENSG00000255432,,chr11,62649694,62665178,-1,0,0,0,2,0,0.985,20,3,11,1,2,0,81.43513125
ENSG00000278615,C11orf98,chr11,62662817,62665210,-1,0,9,0,1,0,0.88,3,1,2,0,1,0,81.19423333333333
ENSG00000162194,LBHD1,chr11,62662817,62672267,-1,0,28,0,2,0,0.835,21,6,15,0,2,0,81.06091
ENSG00000214756,CSKMT,chr11,62665309,62668496,1,0,10,0,1,0,0.88,9,2,7,0,1,0,81.099525
ENSG00000204922,UQCC3,chr11,62670273,62673686,1,0,27,0,1,0,0.79,9,4,5,0,1,0,80.88799999999999
ENSG00000162191,UBXN1,chr11,62676498,62679332,-1,0,64,0,1,0,0.84,7,2,5,0,1,0,80.671825
ENSG00000177363,LRRN4CL,chr11,62686406,62689609,-1,0,37,0,1,0,0.71,8,2,5,0,0,0,80.24336000000001
ENSG00000168000,BSCL2,chr11,62689289,62709845,-1,0,222,0,2,0,0.86,28,7,18,1,2,0,79.74014545454544
ENSG00000234857,HNRNPUL2-BSCL2,chr11,62690275,62727384,-1,0,0,0,3,0,0.9133,51,7,41,1,3,0,79.31342105263158
ENSG00000162188,GNG3,chr11,62706400,62712083,1,0,67,0,2,0,0.86,16,5,11,0,2,0,79.30674285714285
ENSG00000214753,HNRNPUL2,chr11,62712630,62727561,-1,0,22,0,1,0,1.02,21,2,19,0,1,0,78.73770625
ENSG00000162222,TTC9C,chr11,62727687,62740293,1,0,13,0,0,32,,12,3,6,0,2,0,78.02323846153845
ENSG00000185670,ZBTB3,chr11,62748319,62758835,-1,0,18,0,1,0,0.74,24,1,22,0,1,0,76.89888333333333
ENSG00000168002,POLR2G,chr11,62761554,62766715,1,0,32,0,1,0,0.78,4,1,2,0,1,0,76.221
ENSG00000162227,TAF6L,chr11,62771307,62787342,1,0,17,0,2,0,0.86,16,4,9,0,2,0,75.27552352941177
ENSG00000168569,TMEM223,chr11,62771629,62792013,-1,0,16,0,3,0,0.8367,28,5,20,0,3,0,75.07232857142856
ENSG00000185475,TMEM179B,chr11,62787387,62790403,1,0,7,0,1,0,0.94,9,2,7,0,2,0,74.632125
ENSG00000162231,NXF1,chr11,62792123,62806302,-1,0,286,0,1,0,0.97,33,4,29,0,2,0,73.89254666666668
ENSG00000162236,STX5,chr11,62806860,62832051,-1,0,175,0,1,0,0.83,28,1,22,1,1,0,72.39933846153846
ENSG00000283268,TEX54,chr11,62832321,62832841,-1,0,6,0,1,0,0.83,2,1,1,0,1,0,71.43785
ENSG00000133316,WDR74,chr11,62832342,62842228,-1,0,57,0,2,0,0.83,24,6,18,0,2,0,71.10482727272728
ENSG00000168003,SLC3A2,chr11,62855970,62888910,1,0,430,0,2,0,0.87,53,4,47,0,2,0,68.53642058823529
ENSG00000168539,CHRM1,chr11,62908679,62921877,-1,0,299,0,0,1625,,22,2,20,0,0,0,65.6624
ENSG00000197901,SLC22A6,chr11,62936385,62984967,-1,0,142,0,0,9085,,34,2,14,6,0,0,63.270768000000004
ENSG00000149452,SLC22A8,chr11,62989154,63017561,-1,0,132,0,0,61854,,25,2,13,2,0,0,61.71635333333333
ENSG00000197658,SLC22A24,chr11,63077406,63144221,-1,0,24,0,0,150106,,18,1,3,4,0,0,62.14797058823528
ENSG00000196600,SLC22A25,chr11,63158437,63243599,-1,0,63,0,0,231137,,40,1,15,8,0,0,65.46424597701149
ENSG00000184999,SLC22A10,chr11,63268022,63311874,1,0,68,0,0,179032,,11,1,3,1,0,0,69.40490222222222
ENSG00000149742,SLC22A9,chr11,63369725,63410881,1,0,77,0,0,80025,,17,1,9,1,0,0,73.25845714285714
ENSG00000168004,PLAAT5,chr11,63461404,63491219,-1,0,25,0,1,0,0.97,17,1,11,1,0,0,75.49506451612903
ENSG00000133317,LGALS12,chr11,63506052,63519767,1,0,60,0,0,14720,,23,3,16,0,1,0,76.62006
ENSG00000133321,PLAAT4,chr11,63529451,63548808,1,0,186,0,0,38119,,29,2,27,0,2,0,77.49038095238095
ENSG00000133328,PLAAT2,chr11,63552770,63563379,-1,0,27,0,0,50292,,19,1,17,0,1,0,78.11583636363636
ENSG00000176485,PLAAT3,chr11,63573172,63616883,-1,0,186,0,1,0,0.84,65,3,58,0,2,0,79.12422
ENSG00000184743,ATL3,chr11,63624087,63671921,-1,0,120,0,1,0,0.87,39,1,37,0,1,0,79.95711224489797
ENSG00000133318,RTN3,chr11,63681446,63759909,1,0,214,0,1,0,0.94,59,2,45,2,1,0,79.9283975
ENSG00000188070,ZFTA,chr11,63759892,63768795,-1,0,31,0,3,0,0.7833,24,1,23,0,1,0,79.42559000000001
ENSG00000168005,SPINDOC,chr11,63813433,63827718,1,0,19,0,1,0,0.88,22,1,14,0,1,0,78.2778875
ENSG00000072518,MARK2,chr11,63838923,63911020,1,0,1010,0,2,0,0.84,104,3,99,0,7,0,77.80383150684932
ENSG00000167771,RCOR2,chr11,63911220,63919787,-1,0,65,0,3,0,0.74,23,1,22,0,0,0,78.27956
ENSG00000110583,NAA40,chr11,63938669,63957319,1,0,58,0,1,0,0.89,24,2,19,0,3,0,79.4177052631579
ENSG00000176340,COX8A,chr11,63974620,63976543,1,0,837,0,1,0,0.84,6,1,5,0,1,0,80.61363333333333
ENSG00000167770,OTUB1,chr11,63985853,64001811,1,0,165,0,2,0,0.71,33,3,21,0,1,0,81.33991176470587
ENSG00000133315,MACROD1,chr11,63998553,64166482,-1,0,201,0,8,0,0.775,310,5,292,2,1,0,81.3811601190476
ENSG00000126500,FLRT1,chr11,64035931,64119173,1,0,23,0,4,0,0.73,152,3,142,2,0,0,82.07564523809523
ENSG00000168439,STIP1,chr11,64185272,64204548,1,0,297,0,1,0,0.96,28,2,26,0,1,0,76.70832380952382
ENSG00000149781,FERMT3,chr11,64205926,64223896,1,0,318,0,1,0,0.78,38,2,34,0,2,0,75.68858947368422
ENSG00000149743,TRPT1,chr11,64223799,64226823,-1,0,22,0,1,0,0.98,10,4,6,0,1,0,75.20005
ENSG00000149761,NUDT22,chr11,64225941,64230686,1,0,18,0,2,0,0.83,11,4,6,0,2,0,75.06956666666667
ENSG00000110011,DNAJC4,chr11,64230158,64234286,1,0,32,0,2,0,0.85,12,4,8,0,2,0,74.9211
ENSG00000173511,VEGFB,chr11,64234521,64239264,1,0,486,0,1,0,1.02,12,1,11,0,0,0,74.71753999999999
ENSG00000173486,FKBP2,chr11,64241003,64244132,1,0,137,0,2,0,0.73,10,2,8,0,1,0,74.5051
ENSG00000286264,,chr11,64241095,64244132,1,0,11,0,2,0,0.73,10,2,8,0,1,0,74.5051
ENSG00000173457,PPP1R14B,chr11,64244478,64246943,-1,0,68,0,1,0,0.88,7,3,4,0,2,0,74.394625
ENSG00000149782,PLCB3,chr11,64251514,64269395,1,0,124,0,3,0,0.7533,45,2,37,2,1,0,73.90788333333334
ENSG00000002330,BAD,chr11,64269828,64291946,-1,0,428,0,6,0,0.79,42,8,34,0,2,0,73.41494782608696
ENSG00000173264,GPR137,chr11,64270062,64289494,1,0,83,0,5,0,0.782,36,5,31,0,2,0,73.44119
ENSG00000182450,KCNK4,chr11,64291302,64300031,1,0,62,0,2,0,0.795,26,6,17,0,0,0,73.18594
ENSG00000219435,CATSPERZ,chr11,64300358,64304770,1,0,134,0,2,0,0.82,15,2,12,0,1,0,73.11880000000001
ENSG00000173153,ESRRA,chr11,64305080,64316744,1,0,321,0,1,0,0.88,26,2,23,0,3,0,73.07683076923077
ENSG00000173113,TRMT112,chr11,64316460,64318074,-1,0,46,0,1,0,0.81,5,2,3,0,1,0,73.06436666666667
ENSG00000126432,PRDX5,chr11,64318041,64321822,1,0,519,0,1,0,0.81,10,1,9,0,1,0,73.06719999999999
ENSG00000168071,CCDC88B,chr11,64340204,64357534,1,0,137,0,1,0,0.76,41,4,36,0,2,0,73.33083684210526
ENSG00000162302,RPS6KA4,chr11,64359142,64372215,1,0,81,0,3,0,0.7867,30,3,27,0,1,0,73.65957857142857
ENSG00000168065,SLC22A11,chr11,64555690,64572875,1,0,59,0,2,0,0.695,37,1,34,0,0,0,82.62370555555555
ENSG00000197891,SLC22A12,chr11,64590641,64602353,1,0,198,0,0,4993,,24,3,9,1,0,0,83.07275833333333
ENSG00000110076,NRXN2,chr11,64606174,64723197,-1,0,198,0,7,0,0.8671,202,7,174,5,0,0,82.10676949152544
ENSG00000068831,RASGRP2,chr11,64726905,64745456,-1,0,162,0,1,0,0.7,37,7,25,1,2,0,80.92052105263157
ENSG00000068976,PYGM,chr11,64746389,64759974,-1,0,226,0,0,35,,34,1,32,0,1,0,80.86157333333334
ENSG00000168066,SF1,chr11,64764606,64778786,-1,0,300,0,2,0,0.935,32,4,28,0,4,0,80.88014666666668
ENSG00000168067,MAP4K2,chr11,64784918,64803241,-1,0,89,0,1,0,1.34,36,2,33,0,1,0,80.94646842105263
ENSG00000133895,MEN1,chr11,64803510,64811294,-1,3,883,1,1,0,0.73,18,2,16,0,2,0,80.9805
ENSG00000171219,CDC42BPG,chr11,64823051,64844679,-1,0,48,0,3,0,0.7333,48,2,38,2,1,0,80.95128260869565
ENSG00000110047,EHD1,chr11,64851642,64888372,-1,0,258,0,2,0,0.795,88,3,84,0,7,0,80.62667837837839
ENSG00000110046,ATG2A,chr11,64894531,64917245,-1,0,71,0,2,0,0.835,58,2,48,4,2,0,80.0979043478261
ENSG00000068971,PPP2R5B,chr11,64917553,64934480,1,0,42,0,1,0,0.86,30,2,22,0,2,0,79.82996470588235
ENSG00000149735,GPHA2,chr11,64934471,64935893,-1,0,209,0,0,9447,,5,2,3,0,0,0,79.73733333333332
ENSG00000168070,MAJIN,chr11,64937517,64972108,-1,0,129,0,1,0,0.86,25,1,15,6,0,0,79.66938571428572
ENSG00000168062,BATF2,chr11,64987945,64997018,-1,0,131,0,0,15667,,13,2,10,0,0,0,80.00351
ENSG00000213465,ARL2,chr11,65014144,65024328,1,0,63,0,1,0,0.89,17,1,10,2,1,0,80.69208181818183
ENSG00000273003,ARL2-SNX15,chr11,65014182,65040570,1,0,0,0,2,0,0.85,34,2,23,3,3,0,80.98436785714284
ENSG00000110025,SNX15,chr11,65027437,65040572,1,0,20,0,1,0,0.81,13,1,9,1,2,0,81.20929333333335
ENSG00000168061,SAC3D1,chr11,65040901,65044828,1,0,112,0,1,0,0.95,9,2,7,0,1,0,81.54740000000001
ENSG00000168060,NAALADL1,chr11,65044818,65058553,-1,0,27,0,1,0,0.68,28,2,22,0,1,0,81.9038
ENSG00000146670,CDCA5,chr11,65066300,65084164,-1,0,323,0,1,0,1.05,27,1,22,0,1,0,82.83197368421052
ENSG00000162300,ZFPL1,chr11,65084210,65088398,1,0,96,0,1,0,1.05,10,2,8,0,1,0,83.2645
ENSG00000187066,TMEM262,chr11,65084979,65089375,-1,0,4,0,0,623,,9,1,8,0,1,0,83.3026
ENSG00000149823,VPS51,chr11,65089324,65111862,1,0,636,0,3,0,0.7567,37,3,33,0,3,0,83.78615416666668
ENSG00000149809,TM7SF2,chr11,65111845,65116384,1,0,623,0,1,0,0.73,15,1,14,0,2,0,84.22945999999999
ENSG00000174276,ZNHIT2,chr11,65116403,65117701,-1,0,12,0,1,0,0.94,5,3,2,0,1,0,84.3184
ENSG00000149806,FAU,chr11,65120626,65122221,-1,0,79,0,1,0,0.91,4,2,2,0,1,0,84.4455
ENSG00000162298,SYVN1,chr11,65121780,65135747,-1,0,222,0,2,0,0.905,35,6,28,0,2,0,84.63767333333334
ENSG00000149792,MRPL49,chr11,65122183,65127371,1,0,53,0,1,0,0.91,12,1,10,0,1,0,84.52569999999999
ENSG00000204710,SPDYC,chr11,65170233,65173374,1,0,19,0,0,7870,,4,1,2,0,0,0,85.372025
ENSG00000014216,CAPN1,chr11,65180566,65212006,1,0,353,0,3,0,0.85,46,6,38,0,2,0,85.540875
ENSG00000014138,POLA2,chr11,65261913,65305959,1,0,153,0,1,0,0.91,68,1,61,0,1,0,85.30304444444445
ENSG00000285816,,chr11,65261928,65326543,1,0,2,0,2,0,0.905,110,4,98,0,2,0,85.10206515151515
ENSG00000149798,CDC42EP2,chr11,65314834,65322662,1,0,43,0,1,0,0.9,20,2,18,0,1,0,84.62271111111112
ENSG00000133884,DPF2,chr11,65333821,65354262,1,0,59,0,1,0,0.87,22,1,17,0,1,0,83.72096666666668
ENSG00000173825,TIGD3,chr11,65354751,65357613,1,0,25,0,1,0,0.84,8,1,7,0,1,0,83.1505
ENSG00000162241,SLC25A45,chr11,65375192,65384550,-1,0,23,0,0,1705,,25,3,22,0,1,0,81.8447818181818
ENSG00000126391,FRMD8,chr11,65386592,65413525,1,0,53,0,2,0,0.725,58,1,56,0,1,0,80.57421428571426
ENSG00000142186,SCYL1,chr11,65525072,65538711,1,0,932,0,2,0,0.915,29,3,23,0,1,0,77.57059333333333
ENSG00000168056,LTBP3,chr11,65538559,65558930,-1,0,445,0,5,0,0.788,53,3,50,0,6,0,78.3266619047619
ENSG00000173465,ZNRD2,chr11,65570459,65573942,1,0,729,0,2,0,0.915,9,2,7,0,1,0,79.5785
ENSG00000176973,FAM89B,chr11,65572349,65574198,1,0,12,0,2,0,0.875,4,1,3,0,1,0,79.6371
ENSG00000173442,EHBP1L1,chr11,65575943,65592851,1,0,109,0,3,0,0.9267,43,1,42,0,4,0,80.32168333333334
ENSG00000173338,KCNK7,chr11,65592836,65595996,-1,0,29,0,1,0,0.89,8,1,7,0,0,0,80.9167
ENSG00000173327,MAP3K11,chr11,65597755,65615382,-1,0,227,0,3,0,0.85,38,4,27,0,1,0,81.59635555555556
ENSG00000197136,PCNX3,chr11,65615754,65637441,1,0,44,0,2,0,0.75,39,2,35,0,2,0,82.57748181818182
ENSG00000213445,SIPA1,chr11,65638091,65650930,1,0,361,0,4,0,0.7675,34,3,31,0,1,0,83.22777142857144
ENSG00000173039,RELA,chr11,65653599,65663090,-1,0,1196,0,1,0,0.93,28,1,27,0,3,0,83.53174
ENSG00000172977,KAT5,chr11,65711996,65719604,1,0,443,0,1,0,0.79,15,3,12,0,2,0,82.83824444444446
ENSG00000172922,RNASEH2C,chr11,65714005,65720818,-1,0,125,0,1,0,0.93,15,1,14,0,1,0,82.78245000000001
ENSG00000254470,AP5B1,chr11,65773898,65780976,-1,0,109,0,1,0,0.87,19,1,18,0,1,0,79.7540375
ENSG00000172818,OVOL1,chr11,65786714,65797219,1,0,289,0,1,0,1.04,29,6,23,0,0,0,78.99343636363638
ENSG00000172757,CFL1,chr11,65823022,65862026,-1,0,504,0,2,0,0.82,58,11,43,0,3,0,77.0995375
ENSG00000172803,SNX32,chr11,65833834,65856896,1,0,30,0,1,0,0.81,33,2,27,0,2,0,77.00525416666666
ENSG00000172732,MUS81,chr11,65857126,65867653,1,0,272,0,1,0,0.83,33,9,24,0,2,0,76.73240000000001
ENSG00000172638,EFEMP2,chr11,65866441,65878497,-1,0,304,0,1,0,0.71,32,1,31,0,1,0,76.66536153846154
ENSG00000172543,CTSW,chr11,65879809,65883741,1,0,84,0,0,4257,,11,1,10,0,0,0,76.64514
ENSG00000172500,FIBP,chr11,65883740,65888531,-1,0,109,0,1,0,0.95,13,1,12,0,1,0,76.65416666666665
ENSG00000175602,CCDC85B,chr11,65890673,65891635,1,0,33,0,1,0,0.91,4,2,2,0,1,0,76.6743
ENSG00000175592,FOSL1,chr11,65892049,65900573,-1,0,484,0,1,0,0.88,23,1,22,0,2,0,76.70741000000001
ENSG00000175573,C11orf68,chr11,65916810,65919062,-1,0,23,0,2,0,0.87,7,1,6,0,1,0,76.94200000000001
ENSG00000175550,DRAP1,chr11,65919274,65921563,1,0,28,0,1,0,1.06,6,2,4,0,1,0,76.9778
ENSG00000175513,TSGA10IP,chr11,65945480,65959966,1,0,10,0,0,1337,,21,0,18,1,1,0,77.48261875
ENSG00000175467,SART1,chr11,65961689,65980137,1,0,97,0,2,0,0.93,37,1,35,0,2,0,77.73008421052633
ENSG00000175376,EIF1AD,chr11,65996545,66002472,-1,0,32,0,1,0,0.92,9,1,8,0,1,0,77.94211666666668
ENSG00000175334,BANF1,chr11,66002228,66004170,1,0,240,0,1,0,0.92,5,3,2,0,1,0,77.9517
ENSG00000175315,CST6,chr11,66012008,66013505,1,0,244,0,1,0,0.89,5,1,4,0,0,0,77.95876666666666
ENSG00000175294,CATSPER1,chr11,66016752,66026479,-1,0,161,0,2,0,0.895,20,0,17,0,0,0,77.94185
ENSG00000175229,GAL3ST3,chr11,66040748,66049502,-1,0,13,0,2,0,0.94,24,3,16,0,0,0,77.7977
ENSG00000087365,SF3B2,chr11,66050729,66069308,1,0,182,0,1,0,0.95,31,1,27,0,2,0,77.65423157894736
ENSG00000175115,PACS1,chr11,66070272,66244744,1,0,198,0,1,0,0.93,224,2,208,1,12,0,77.73540738636365
ENSG00000174996,KLC2,chr11,66257294,66267860,1,0,75,0,2,0,0.855,24,5,19,0,3,0,79.225925
ENSG00000174903,RAB1B,chr11,66268590,66277492,1,0,78,0,1,0,0.88,20,2,17,0,1,0,79.25887777777778
ENSG00000174871,CNIH2,chr11,66278175,66285301,1,0,37,0,2,0,0.885,23,3,20,0,0,0,79.24009999999998
ENSG00000174851,YIF1A,chr11,66284572,66289184,-1,0,42,0,1,0,0.9,13,3,10,0,1,0,79.20686
ENSG00000179292,TMEM151A,chr11,66291894,66296664,1,0,27,0,2,0,0.865,13,1,12,0,0,0,79.13248333333334
ENSG00000174807,CD248,chr11,66314494,66317044,-1,0,232,0,1,0,0.71,9,1,8,0,0,0,78.76249999999999
ENSG00000174791,RIN1,chr11,66330241,66336840,-1,0,73,0,1,0,0.64,20,3,17,0,0,0,78.2761625
ENSG00000174744,BRMS1,chr11,66337333,66345132,-1,0,116,0,1,0,0.91,22,1,21,0,1,0,78.0389111111111
ENSG00000174684,B4GAT1,chr11,66345374,66347638,-1,0,95,0,2,0,0.97,7,2,5,0,1,0,77.8566
ENSG00000174669,SLC29A2,chr11,66362520,66372476,-1,0,87,0,1,0,0.84,29,2,26,0,1,0,77.13203000000001
ENSG00000174576,NPAS4,chr11,66421035,66426707,1,0,140,0,1,0,0.78,11,2,3,1,0,0,75.70274285714285
ENSG00000174547,MRPL11,chr11,66435075,66466738,-1,0,25,0,1,0,0.85,39,4,27,0,2,0,75.52386363636364
ENSG00000174516,PELI3,chr11,66466303,66478998,1,0,49,0,2,0,0.76,34,3,22,3,1,0,75.56525
ENSG00000254986,DPP3,chr11,66479990,66510188,1,0,144,0,1,0,0.82,44,2,35,1,2,0,75.75805161290324
ENSG00000256349,,chr11,66509079,66533613,1,0,0,0,0,12085,,26,1,21,2,1,0,75.99888461538461
ENSG00000174483,BBS1,chr11,66510606,66533630,1,0,153,0,0,12068,,23,1,18,2,1,0,76.0070875
ENSG00000174165,ZDHHC24,chr11,66520625,66546235,-1,0,35,0,1,0,0.83,34,1,30,1,2,0,76.07377692307692
ENSG00000248746,ACTN3,chr11,66546395,66563334,1,0,106,0,1,0,0.93,37,1,25,0,1,0,76.12752777777779
ENSG00000174080,CTSF,chr11,66563463,66568879,-1,0,210,0,1,0,0.88,15,2,12,0,0,0,76.1131857142857
ENSG00000182791,CCDC87,chr11,66590176,66593063,-1,0,135,0,1,0,0.82,9,1,8,0,1,0,75.9738
ENSG00000173992,CCS,chr11,66593153,66606019,1,0,188,0,1,0,0.82,21,2,17,0,1,0,75.90324999999999
ENSG00000248643,RBM14-RBM4,chr11,66616626,66646469,1,0,15,0,4,0,1.04,55,5,48,1,2,0,75.55907
ENSG00000239306,RBM14,chr11,66616626,66629934,1,0,130,0,2,0,1.135,29,2,27,0,1,0,75.64880000000001
ENSG00000173933,RBM4,chr11,66638658,66668380,1,0,127,0,2,0,0.945,34,3,25,0,1,0,75.33554
ENSG00000173914,RBM4B,chr11,66664996,66677925,-1,0,67,0,1,0,0.98,16,2,12,0,1,0,75.19822857142857
ENSG00000173898,SPTBN2,chr11,66682496,66744670,-1,0,485,0,4,0,0.9225,117,5,95,3,1,0,75.13033437499999
ENSG00000173715,TOP6BL,chr11,66744451,66843516,1,0,146,0,3,0,0.8967,79,6,66,2,3,0,75.60981584158417
ENSG00000173653,RCE1,chr11,66842835,66846552,1,0,53,0,1,0,0.86,12,2,10,0,1,0,76.09922
ENSG00000173599,PC,chr11,66848208,66958524,-1,0,319,0,4,0,0.8175,209,6,179,6,2,0,76.84854732142857
ENSG00000173621,LRFN4,chr11,66856546,66860475,1,0,67,0,2,0,0.7,13,2,11,0,1,0,76.25052500000001
ENSG00000173237,C11orf86,chr11,66975277,66977009,1,0,144,0,0,16375,,6,1,5,0,0,0,78.11446666666666
ENSG00000173227,SYT12,chr11,67006772,67050870,1,0,62,0,1,0,1.02,78,6,64,1,0,0,79.5716088888889
ENSG00000173156,RHOD,chr11,67056839,67072019,1,0,95,0,2,0,0.9,30,2,28,0,0,0,80.54625625
ENSG00000173120,KDM2A,chr11,67119263,67258082,1,0,139,0,2,0,0.825,141,6,116,4,2,0,81.232695
ENSG00000173020,GRK2,chr11,67266391,67286557,1,0,314,0,2,0,0.85,58,1,57,0,5,0,80.92546363636365
ENSG00000172932,ANKRD13D,chr11,67289291,67302486,1,0,23,0,1,0,0.84,25,2,23,0,2,0,80.54316428571428
ENSG00000172830,SSH3,chr11,67303478,67312607,1,0,42,0,1,0,0.68,26,2,24,0,2,0,80.1200909090909
ENSG00000172613,RAD9A,chr11,67317871,67398410,1,0,86,0,4,0,0.83,136,8,118,1,9,0,76.76132839506172
ENSG00000175482,POLD4,chr11,67350772,67356972,-1,0,183,0,1,0,0.61,19,3,16,0,1,0,77.2434
ENSG00000256514,,chr11,67351572,67373584,-1,0,0,0,2,0,0.83,51,4,47,0,5,0,76.47162608695652
ENSG00000175505,CLCF1,chr11,67364168,67374177,-1,0,162,0,1,0,1.05,28,3,25,0,4,0,75.94971818181818
ENSG00000172531,PPP1CA,chr11,67398179,67421183,-1,0,147,0,5,0,0.862,60,6,54,0,8,0,72.28025
ENSG00000175463,TBC1D10C,chr11,67398454,67410092,1,0,144,0,3,0,0.7233,31,4,27,0,5,0,72.75260769230769
ENSG00000172508,CARNS1,chr11,67414968,67425613,1,0,63,0,3,0,0.93,26,2,24,0,4,0,71.35975
ENSG00000175634,RPS6KB2,chr11,67428460,67435408,1,0,325,0,1,0,0.99,18,2,16,0,3,0,70.5389
ENSG00000213402,PTPRCAP,chr11,67435510,67437682,-1,0,46,0,1,0,0.63,7,2,5,0,1,0,70.17013333333334
ENSG00000172725,CORO1B,chr11,67435510,67443821,-1,0,38,0,2,0,0.745,28,4,24,0,2,0,69.98674444444445
ENSG00000175514,GPR152,chr11,67451301,67452729,-1,0,9,0,0,7448,,5,2,3,0,0,0,69.33656666666667
ENSG00000175544,CABP4,chr11,67452406,67461752,1,0,87,0,0,2823,,19,2,15,0,0,0,69.12092727272727
ENSG00000172663,TMEM134,chr11,67461710,67469288,-1,0,22,0,2,0,0.735,17,1,16,0,2,0,68.8081875
ENSG00000110711,AIP,chr11,67468174,67491154,1,0,407,0,2,0,0.825,41,4,30,1,4,0,68.49123333333334
ENSG00000110697,PITPNM1,chr11,67491760,67506263,-1,0,68,0,2,0,0.75,40,2,31,1,1,0,68.317
ENSG00000167797,CDK2AP2,chr11,67506490,67508701,-1,0,303,0,1,0,0.92,8,3,5,0,2,0,68.33452499999999
ENSG00000167791,CABP2,chr11,67518912,67524517,-1,0,53,0,1,0,0.82,14,2,7,1,0,0,68.47331428571428
ENSG00000084207,GSTP1,chr11,67583658,67586659,1,0,757,0,1,0,0.75,10,1,9,0,1,0,69.510975
ENSG00000167792,NDUFV1,chr11,67605653,67612554,1,0,337,0,1,0,0.85,16,2,14,0,1,0,69.69864999999999
ENSG00000167799,NUDT8,chr11,67627937,67629937,-1,0,19,0,1,0,1.08,7,1,6,0,1,0,69.75779999999999
ENSG00000167800,TBX10,chr11,67631303,67639763,-1,0,134,0,0,480,,21,1,20,0,1,0,69.77033999999999
ENSG00000132744,ACY3,chr11,67642551,67650900,-1,0,59,0,0,11728,,22,3,16,1,1,0,69.79645555555555
ENSG00000132746,ALDH3B2,chr11,67662155,67681224,-1,0,66,0,1,0,0.71,34,3,27,0,0,0,69.93464499999997
ENSG00000110057,UNC93B1,chr11,67991100,68004982,-1,0,287,0,3,0,0.7733,27,1,25,0,1,0,74.61783333333332
ENSG00000006534,ALDH3B1,chr11,68008563,68029282,1,0,67,0,1,0,0.77,50,4,44,0,0,0,74.16807619047619
ENSG00000110717,NDUFS8,chr11,68030617,68036647,1,0,213,0,1,0,0.83,13,3,9,0,1,0,74.09565714285715
ENSG00000110719,TCIRG1,chr11,68039025,68050895,1,0,605,0,1,0,0.76,37,3,34,0,1,0,74.18911538461538
ENSG00000110721,CHKA,chr11,68052859,68121444,-1,0,1713,0,1,0,0.92,78,1,67,1,0,0,75.21709710144927
ENSG00000110066,KMT5B,chr11,68154863,68213852,-1,0,119,0,1,0,0.97,64,2,56,0,3,0,75.819725
ENSG00000171067,C11orf24,chr11,68261335,68272001,-1,0,15,0,1,0,0.82,24,2,17,0,1,0,72.19433333333333
ENSG00000162337,LRP5,chr11,68312447,68449275,1,0,843,0,11,0,0.8809,271,1,249,3,1,0,69.31989057971013
ENSG00000110075,PPP6R3,chr11,68460475,68615343,1,0,97,0,1,0,0.93,179,1,159,3,5,0,66.58543846153846
ENSG00000069482,GAL,chr11,68683020,68691205,1,0,918,0,1,0,0.77,21,1,17,0,0,0,64.27663333333334
ENSG00000132749,TESMIN,chr11,68707440,68751568,-1,0,186,0,1,0,0.69,36,1,23,2,0,0,64.09108695652174
ENSG00000110090,CPT1A,chr11,68754620,68844410,-1,0,489,0,4,0,0.805,104,1,79,16,3,0,63.5738711111111
ENSG00000197345,MRPL21,chr11,68891276,68903835,-1,0,44,0,2,0,1.165,18,1,12,0,1,0,63.15011428571428
ENSG00000132740,IGHMBP2,chr11,68903863,68940602,1,0,459,0,1,0,0.99,56,1,53,0,1,0,63.56794473684211
ENSG00000172938,MRGPRD,chr11,68980021,68980986,-1,0,318,0,0,24342,,4,0,0,0,0,0,65.1026
ENSG00000172935,MRGPRF,chr11,69004376,69014407,-1,0,86,0,2,0,0.68,27,4,23,0,0,0,65.80906363636363
ENSG00000162341,TPCN2,chr11,69048850,69136316,1,0,197,0,2,0,1.07,195,2,173,5,5,0,67.15817727272726
ENSG00000287725,,chr11,69072915,69162440,1,0,5,0,2,0,1.075,189,3,161,5,4,0,67.75417999999999
ENSG00000284713,SMIM38,chr11,69155478,69162440,1,0,45,0,1,0,0.87,18,2,16,0,0,0,69.0974375
ENSG00000172927,MYEOV,chr11,69294129,69341682,1,0,106,0,0,35377,,94,3,86,0,2,0,69.82824693877551
ENSG00000110092,CCND1,chr11,69641143,69654474,1,3,1311,1,3,0,0.7633,35,1,34,0,0,0,56.70971428571429
ENSG00000149716,LTO1,chr11,69653076,69675416,-1,0,79,0,2,0,0.725,51,2,46,0,1,0,56.30041739130436
ENSG00000162344,FGF19,chr11,69698232,69704660,-1,0,484,0,1,0,0.8,15,2,13,0,0,0,55.93215
ENSG00000075388,FGF4,chr11,69771022,69775341,-1,0,232,0,1,0,0.83,12,2,10,0,0,0,57.18244000000001
ENSG00000186895,FGF3,chr11,69809968,69819416,-1,0,250,0,2,0,0.85,23,1,2,1,0,0,58.151950000000014
ENSG00000131620,ANO1,chr11,69985907,70189530,1,0,545,0,5,0,0.778,318,4,266,10,0,0,60.91736699029126
ENSG00000168040,FADD,chr11,70203295,70207395,1,0,427,0,1,0,0.93,12,1,11,0,1,0,58.66362
ENSG00000131626,PPFIA1,chr11,70270655,70385312,1,0,179,0,1,0,0.95,128,1,110,7,1,0,54.72878173913043
ENSG00000085733,CTTN,chr11,70398404,70436584,1,0,400,0,2,0,1.135,74,1,71,0,0,0,50.2428325
ENSG00000162105,SHANK2,chr11,70467805,71252844,-1,0,204,0,7,0,0.7957,1005,11,641,64,0,0,46.038915521628496
ENSG00000172893,DHCR7,chr11,71428193,71452868,-1,0,315,0,2,0,0.74,43,2,38,0,2,0,64.84895384615385
ENSG00000172890,NADSYN1,chr11,71453109,71524107,1,0,163,0,3,0,0.92,81,3,56,2,2,0,66.97452222222222
ENSG00000244411,KRTAP5-7,chr11,71527267,71528669,1,0,7,0,0,4412,,3,1,2,0,0,0,68.19456666666666
ENSG00000241233,KRTAP5-8,chr11,71538025,71539209,1,0,7,0,0,15170,,4,0,4,0,0,0,68.33125000000001
ENSG00000254997,KRTAP5-9,chr11,71548420,71549608,1,0,6,0,0,25565,,1,0,1,0,0,0,68.40493333333333
ENSG00000204572,KRTAP5-10,chr11,71565563,71566735,1,0,3,0,0,10355,,3,0,3,0,0,0,68.41625
ENSG00000204571,KRTAP5-11,chr11,71581855,71603353,-1,0,5,0,0,3821,,14,0,5,0,0,0,68.28750000000001
ENSG00000289716,XNDC1N-ZNF705EP-ALG1L9P,chr11,71804997,71928656,-1,0,0,0,1,0,0.79,70,4,43,4,2,0,73.75624080000001
ENSG00000184276,DEFB108B,chr11,71833200,71837710,1,0,7,0,0,19393,,2,0,0,0,0,0,74.23456666666667
ENSG00000254469,XNDC1N,chr11,71865504,71928654,-1,0,9,0,0,51697,,35,2,25,2,1,0,73.3995953125
ENSG00000225805,DEFB131B,chr11,71878453,71884561,1,0,7,0,0,64646,,3,0,1,0,0,0,73.89845
ENSG00000137522,RNF121,chr11,71929018,71997597,1,0,50,0,0,82742,,73,1,64,5,1,0,70.96168285714286
ENSG00000137496,IL18BP,chr11,71998613,72007315,1,0,461,0,0,73024,,26,4,18,0,1,0,69.50183333333332
ENSG00000137497,NUMA1,chr11,72002860,72080693,-1,0,259,0,1,0,0.88,105,5,91,0,5,0,68.5917240506329
ENSG00000184154,LRRC51,chr11,72080286,72096895,1,0,95,0,1,0,0.88,24,2,21,0,1,0,67.83952222222223
ENSG00000284922,LRTOMT,chr11,72080331,72110782,1,0,84,0,2,0,0.93,40,5,32,1,2,0,67.756625
ENSG00000149357,LAMTOR1,chr11,72085895,72103297,-1,0,286,0,1,0,0.98,24,2,21,0,1,0,67.76776666666666
ENSG00000284844,TOMT,chr11,72103506,72110781,1,0,86,0,0,23,,8,2,4,1,1,0,67.61486249999999
ENSG00000110200,ANAPC15,chr11,72106378,72113688,-1,0,28,0,1,0,0.99,11,3,6,1,1,0,67.58535555555555
ENSG00000110203,FOLR3,chr11,72114869,72141085,1,0,300,0,0,1940,,27,1,22,1,0,0,67.36328518518518
ENSG00000110195,FOLR1,chr11,72189558,72196323,1,0,405,0,0,26880,,7,3,4,0,0,0,66.47414285714285
ENSG00000165457,FOLR2,chr11,72216601,72221950,1,0,297,0,0,1253,,5,1,4,0,0,0,66.30153333333334
ENSG00000165458,INPPL1,chr11,72223524,72239184,1,0,194,0,1,0,0.83,45,2,41,0,2,0,66.33528125
ENSG00000165462,PHOX2A,chr11,72239077,72245664,-1,0,115,0,3,0,1.02,21,1,18,0,0,0,66.4316125
ENSG00000162129,CLPB,chr11,72285495,72434680,-1,0,137,0,1,0,0.76,162,2,132,7,2,0,71.9735523178808
ENSG00000186642,PDE2A,chr11,72576141,72674591,-1,0,256,0,3,0,0.93,171,7,139,8,1,0,74.40497
ENSG00000186635,ARAP1,chr11,72683204,72793599,-1,0,99,0,5,0,0.802,216,12,193,1,9,0,71.29227053571428
ENSG00000214530,STARD10,chr11,72753216,72794047,-1,0,99,0,3,0,0.9533,87,6,78,0,2,0,70.59750714285713
ENSG00000168010,ATG16L2,chr11,72814138,72843674,1,0,93,0,2,0,0.78,60,1,57,0,2,0,69.73445161290323
ENSG00000137478,FCHSD2,chr11,72836742,73142346,-1,0,59,0,1,0,0.93,254,3,227,2,1,0,65.88429640522877
ENSG00000175591,P2RY2,chr11,73216664,73242427,1,0,432,0,2,0,0.82,55,3,52,0,0,0,70.3016423076923
ENSG00000171631,P2RY6,chr11,73264498,73305103,1,0,193,0,1,0,0.74,75,7,60,0,0,0,71.72204047619049
ENSG00000110237,ARHGEF17,chr11,73308276,73369388,1,0,65,0,3,0,0.8967,128,3,121,1,1,0,73.24653709677419
ENSG00000054967,RELT,chr11,73376325,73397474,1,0,166,0,1,0,1.0,56,3,53,0,1,0,74.79539545454546
ENSG00000054965,FAM168A,chr11,73400487,73598189,-1,0,55,0,1,0,1.0,200,2,160,8,2,0,78.4400743718593
ENSG00000021300,PLEKHB1,chr11,73646178,73662819,1,0,69,0,1,0,0.73,29,5,20,0,1,0,80.33941111111112
ENSG00000175582,RAB6A,chr11,73675638,73761465,-1,0,157,0,1,0,0.84,59,3,47,1,1,0,80.95863604651163
ENSG00000175581,MRPL48,chr11,73787872,73865133,1,0,36,0,1,0,0.91,54,1,38,1,1,0,76.46687564102564
ENSG00000181924,COA4,chr11,73869846,73876982,-1,0,38,0,1,0,1.03,11,1,9,0,1,0,72.2299
ENSG00000175575,PAAF1,chr11,73876699,73931114,1,0,30,0,1,0,1.03,25,1,17,3,1,0,69.79775272727272
ENSG00000187726,DNAJB13,chr11,73951014,73970366,1,0,28,0,0,12291,,32,5,24,0,1,0,66.72685999999999
ENSG00000175567,UCP2,chr11,73974061,73983542,-1,0,484,0,1,0,0.85,26,2,24,0,2,0,66.11901818181819
ENSG00000175564,UCP3,chr11,74000277,74009085,-1,0,158,0,0,16520,,18,1,17,0,1,0,65.3788
ENSG00000168014,C2CD3,chr11,74012718,74171210,-1,0,74,0,1,0,0.87,140,1,108,3,4,0,62.53264591194968
ENSG00000214517,PPME1,chr11,74171083,74254703,1,0,78,0,1,0,0.87,62,1,38,8,2,0,62.750243529411755
ENSG00000149380,P4HA3,chr11,74235801,74311685,-1,0,191,0,1,0,1.02,63,1,49,4,0,0,66.11315714285715
ENSG00000165434,PGM2L1,chr11,74330315,74398473,-1,0,74,0,1,0,0.78,49,2,31,6,1,0,69.10932318840578
ENSG00000175538,KCNE3,chr11,74454841,74467743,-1,0,181,0,1,0,0.67,16,2,14,0,0,0,68.01727142857143
ENSG00000175536,LIPT2,chr11,74490519,74493724,-1,0,57,0,1,0,1.02,6,2,3,0,1,0,67.71105
ENSG00000077514,POLD3,chr11,74493851,74669117,1,0,315,0,1,0,0.87,172,2,138,5,2,0,70.37212102272727
ENSG00000054938,CHRDL2,chr11,74696429,74731426,-1,0,69,0,1,0,0.94,42,2,35,2,0,0,75.97182222222223
ENSG00000166439,RNF169,chr11,74748849,74842413,1,0,39,0,1,0,0.92,74,1,59,4,2,0,75.53263085106383
ENSG00000166435,XRRA1,chr11,74807739,74949200,-1,0,48,0,1,0,1.07,97,1,68,6,1,0,75.12058380281691
ENSG00000118363,SPCS2,chr11,74949259,74979033,1,0,33,0,1,0,1.07,31,1,26,0,1,0,77.0301193548387
ENSG00000162139,NEU3,chr11,74984361,75018893,1,0,123,0,1,0,1.04,32,3,24,0,1,0,78.36460270270271
ENSG00000171561,OR2AT4,chr11,75081753,75096876,-1,0,16,0,0,92612,,12,0,7,0,0,0,80.117025
ENSG00000137491,SLCO2B1,chr11,75100563,75206549,1,0,115,0,0,34053,,154,3,125,4,1,0,80.11668130841122
ENSG00000261594,TPBGL,chr11,75240774,75243704,1,0,3,0,1,0,1.01,10,3,7,0,0,0,78.5346
ENSG00000137486,ARRB1,chr11,75260122,75351791,-1,0,434,0,1,0,1.12,164,4,150,1,5,0,75.84540860215056
ENSG00000149273,RPS3,chr11,75394327,75422280,1,0,167,0,1,0,0.96,52,4,46,0,1,0,70.30819655172414
ENSG00000149243,KLHL35,chr11,75422394,75433203,-1,0,31,0,3,0,0.93,28,3,21,0,1,0,69.26324999999999
ENSG00000158555,GDPD5,chr11,75434638,75525985,-1,0,52,0,1,0,0.87,156,5,130,11,4,0,67.52910760869565
ENSG00000149257,SERPINH1,chr11,75561564,75572787,1,0,394,0,2,0,0.88,25,1,22,0,1,0,67.21319166666667
ENSG00000171533,MAP6,chr11,75586916,75669038,-1,0,116,0,1,0,0.99,110,5,88,5,0,0,66.42532891566266
ENSG00000166391,MOGAT2,chr11,75717838,75732963,1,0,91,0,0,35454,,22,2,15,2,0,0,63.06045625
ENSG00000062282,DGAT2,chr11,75759512,75801542,1,0,154,0,1,0,0.87,72,2,61,0,1,0,62.64489999999999
ENSG00000198382,UVRAG,chr11,75815180,76144259,1,0,923,0,1,0,0.75,309,7,259,6,1,0,63.350442424242424
ENSG00000085741,WNT11,chr11,76186325,76210761,-1,0,213,0,2,0,0.88,45,2,31,2,0,0,65.54517307692308
ENSG00000137492,THAP12,chr11,76349898,76381134,-1,0,46,0,1,0,1.11,34,3,30,0,1,0,68.641940625
ENSG00000179240,GVQW3,chr11,76381303,76414619,1,0,16,0,1,0,1.11,39,1,23,3,1,0,69.61428285714285
ENSG00000158636,EMSY,chr11,76444887,76553031,1,0,89,0,1,0,0.76,84,2,59,7,2,0,72.83592935779816
ENSG00000137507,LRRC32,chr11,76657524,76670868,-1,0,245,0,1,0,0.79,32,2,29,0,0,0,69.53291428571428
ENSG00000182704,TSKU,chr11,76781403,76798157,1,0,153,0,1,0,0.83,41,4,36,0,0,0,62.39663888888889
ENSG00000078124,ACER3,chr11,76860859,77026797,1,0,87,0,1,0,0.8,125,1,96,8,1,0,59.77077305389222
ENSG00000198488,B3GNT6,chr11,77034398,77041973,1,0,123,0,1,0,1.06,15,1,10,0,0,0,61.908588888888886
ENSG00000149260,CAPN5,chr11,77066961,77126155,1,0,116,0,2,0,0.75,122,1,105,7,2,0,65.15004666666665
ENSG00000254550,OMP,chr11,77102840,77103331,1,0,206,0,1,0,0.65,2,0,2,0,0,0,65.5373
ENSG00000137474,MYO7A,chr11,77128245,77215241,1,0,355,0,3,0,0.84,144,1,107,7,1,0,70.01946590909091
ENSG00000178795,GDPD4,chr11,77216558,77301687,-1,0,27,0,0,36618,,56,2,33,4,0,0,72.53914767441861
ENSG00000149269,PAK1,chr11,77321548,77474635,-1,0,430,0,2,0,0.98,159,5,130,6,2,0,71.24935909090908
ENSG00000074201,CLNS1A,chr11,77514936,77637809,-1,0,53,0,2,0,0.81,111,2,82,6,1,0,75.60333951612903
ENSG00000178301,AQP11,chr11,77589391,77611064,1,0,210,0,1,0,0.89,24,1,18,2,0,0,76.36295217391306
ENSG00000048649,RSF1,chr11,77660009,77820869,-1,0,71,0,2,0,0.9,125,2,82,9,1,0,82.04183456790123
ENSG00000087884,AAMDC,chr11,77821100,77918432,1,0,24,0,1,0,0.82,60,1,44,5,1,0,81.44683979591836
ENSG00000149262,INTS4,chr11,77874418,77994850,-1,0,45,0,1,0,0.89,74,1,51,3,1,0,78.75403360655737
ENSG00000151364,KCTD14,chr11,78015715,78046191,-1,0,27,0,1,0,1.08,43,3,34,1,0,0,76.3907580645161
ENSG00000259112,NDUFC2-KCTD14,chr11,78016971,78079865,-1,0,3,0,2,0,1.025,87,5,66,1,2,0,75.9580125
ENSG00000151365,THRSP,chr11,78063861,78068351,1,0,85,0,0,11081,,7,1,4,0,0,0,75.52306
ENSG00000151366,NDUFC2,chr11,78068297,78081871,-1,0,182,0,1,0,0.97,23,1,17,0,2,0,75.25009333333333
ENSG00000159063,ALG8,chr11,78095244,78139660,-1,0,115,0,1,0,0.94,35,4,26,1,1,0,73.90923695652175
ENSG00000188997,KCTD21,chr11,78171245,78188644,-1,0,30,0,1,0,0.87,22,1,16,0,1,0,72.41910526315787
ENSG00000118369,USP35,chr11,78188812,78215232,1,0,169,0,3,0,0.8633,61,2,56,0,2,0,72.01372592592594
ENSG00000033327,GAB2,chr11,78215293,78418348,-1,0,331,0,1,0,1.02,251,7,227,2,2,0,66.20773333333334
ENSG00000137513,NARS2,chr11,78435620,78575194,-1,0,126,0,1,0,0.83,125,4,96,5,2,0,53.04740857142857
ENSG00000149256,TENM4,chr11,78652829,79441030,-1,0,162,0,6,0,0.8117,818,3,624,37,0,0,32.97194347275032
ENSG00000182103,FAM181B,chr11,82729940,82733864,-1,0,30,0,1,0,0.96,11,1,10,0,0,0,63.009879999999995
ENSG00000137509,PRCP,chr11,82822936,82970584,-1,0,281,0,1,0,0.96,135,7,106,3,4,0,61.775751006711396
ENSG00000165490,DDIAS,chr11,82899975,82958277,1,0,147,0,1,0,0.96,53,3,42,2,3,0,61.19019152542373
ENSG00000137502,RAB30,chr11,82973133,83071923,-1,0,45,0,0,71331,,124,4,120,0,2,0,57.537668999999994
ENSG00000165494,PCF11,chr11,83156988,83187451,1,0,58,0,1,0,0.93,35,2,28,0,1,0,48.724483870967745
ENSG00000137494,ANKRD42,chr11,83193712,83260694,1,0,29,0,1,0,0.86,41,4,17,5,1,0,46.48530735294118
ENSG00000137500,CCDC90B,chr11,83259081,83286390,-1,0,55,0,1,0,0.81,23,3,17,0,1,0,44.857028571428586
ENSG00000150672,DLG2,chr11,83455012,85628335,-1,0,200,0,1,0,0.84,1238,16,895,77,1,0,35.29328331034482
ENSG00000171204,TMEM126B,chr11,85628573,85636539,1,0,61,0,1,0,0.84,5,1,3,0,1,0,75.56927777777778
ENSG00000171202,TMEM126A,chr11,85647956,85656547,1,0,66,0,1,0,0.8,15,1,11,0,1,0,76.37647
ENSG00000137504,CREBZF,chr11,85657742,85682908,-1,0,71,0,1,0,0.88,32,1,22,2,2,0,77.13043076923076
ENSG00000179071,CCDC89,chr11,85683848,85686195,-1,0,10,0,0,18658,,3,1,2,0,0,0,77.7722
ENSG00000137501,SYTL2,chr11,85694224,85811182,-1,0,165,0,1,0,1.0,137,5,130,0,5,0,81.74761525423727
ENSG00000150676,CCDC83,chr11,85855101,85920021,1,0,33,0,1,0,0.86,49,2,25,5,1,0,85.83343787878789
ENSG00000073921,PICALM,chr11,85957171,86069882,-1,1,707,1,1,0,0.92,117,3,101,0,2,0,78.09388421052631
ENSG00000074266,EED,chr11,86201212,86279807,1,0,286,0,2,0,1.125,91,3,69,5,2,0,67.73419874999999
ENSG00000149196,HIKESHI,chr11,86302181,86345943,1,0,42,0,0,28708,,19,1,11,4,1,0,63.762804444444455
ENSG00000149201,CCDC81,chr11,86374736,86423109,1,0,44,0,1,0,0.69,42,2,28,5,0,0,61.2834693877551
ENSG00000151376,ME3,chr11,86438751,86672636,-1,0,218,0,1,0,0.75,262,2,248,2,0,0,64.52691489361702
ENSG00000150687,PRSS23,chr11,86791059,86952910,1,0,107,0,2,0,0.8,151,1,127,5,1,0,62.05008098159509
ENSG00000174804,FZD4,chr11,86945679,86955395,-1,0,770,0,1,0,0.97,16,1,15,0,0,0,58.792449999999995
ENSG00000166575,TMEM135,chr11,87037831,87328824,1,0,125,0,1,0,0.98,211,2,169,6,2,0,45.492244863013696
ENSG00000123892,RAB38,chr11,88113251,88175443,-1,0,134,0,1,0,0.77,49,1,34,2,0,0,59.601276190476185
ENSG00000109861,CTSC,chr11,88265069,88359684,-1,0,336,0,1,0,0.84,114,1,108,2,3,0,52.20146875
ENSG00000168959,GRM5,chr11,88504576,89065982,-1,0,379,0,2,0,0.95,291,4,156,34,0,0,24.520288256227758
ENSG00000077498,TYR,chr11,89177875,89295759,1,0,904,0,0,111765,,59,2,29,9,0,0,14.630892436974792
ENSG00000086991,NOX4,chr11,89324353,89498187,-1,0,688,0,1,0,0.9,99,5,69,12,0,0,18.116854285714286
ENSG00000214414,TRIM77,chr11,89710299,89717872,1,0,27,0,0,12409,,1,0,0,1,0,0,27.268033333333335
ENSG00000168930,TRIM49,chr11,89797655,89808575,-1,0,31,0,0,9714,,0,0,0,0,0,0,35.55805
ENSG00000189253,TRIM64B,chr11,89870438,89878487,-1,0,6,0,0,4781,,3,0,1,1,0,0,40.0758
ENSG00000223417,TRIM49D1,chr11,89911111,89922245,-1,0,4,0,0,14177,,0,0,0,0,0,0,40.920075000000004
ENSG00000233802,TRIM49D2,chr11,89924064,89933063,1,0,4,0,0,14550,,0,0,0,0,0,0,40.912009999999995
ENSG00000204450,TRIM64,chr11,89966037,89974072,1,0,9,0,0,4865,,0,0,0,0,0,0,40.148666666666664
ENSG00000204449,TRIM49C,chr11,90031106,90042025,1,0,16,0,0,9710,,0,0,0,0,0,0,37.626108333333335
ENSG00000255009,UBTFL1,chr11,90085950,90087131,1,0,8,0,0,32162,,0,0,0,0,0,0,35.27935
ENSG00000077616,NAALAD2,chr11,90131515,90192894,1,0,75,0,0,29680,,37,1,18,1,0,0,30.732874193548387
ENSG00000110172,CHORDC1,chr11,90200429,90223077,-1,0,266,0,1,0,0.98,26,1,24,1,1,0,27.23944583333333
ENSG00000165323,FAT3,chr11,92224818,92896473,1,0,411,0,3,0,0.82,608,2,491,27,0,0,28.44061443452381
ENSG00000134640,MTNR1B,chr11,92969651,92985066,1,0,387,0,1,0,0.93,13,1,6,2,0,0,43.08084375
ENSG00000180773,SLC36A4,chr11,93144174,93197991,-1,0,35,0,1,0,0.89,28,2,20,1,1,0,48.287409090909094
ENSG00000165325,DEUP1,chr11,93329971,93438487,1,0,79,0,1,0,0.98,44,3,17,7,0,0,58.59153119266055
ENSG00000166002,SMCO4,chr11,93478468,93543764,-1,0,29,0,1,0,1.02,98,2,93,0,4,0,60.776543283582086
ENSG00000166004,CEP295,chr11,93661682,93730358,1,0,126,0,1,0,0.85,47,2,36,2,3,0,59.187488405797104
ENSG00000166012,TAF1D,chr11,93729948,93784391,-1,0,45,0,2,0,0.94,66,7,47,3,2,0,56.44889090909091
ENSG00000182919,C11orf54,chr11,93741570,93767202,1,0,50,0,1,0,0.98,24,1,16,0,1,0,56.600769230769224
ENSG00000284057,,chr11,93741664,93812378,1,0,0,0,2,0,0.94,56,3,39,4,2,0,55.35481830985915
ENSG00000042429,MED17,chr11,93784227,93814963,1,0,41,0,1,0,0.9,17,2,12,1,1,0,54.0994375
ENSG00000214376,VSTM5,chr11,93818232,93850620,-1,0,11,0,1,0,0.76,39,2,25,2,0,0,52.2094205882353
ENSG00000181333,HEPHL1,chr11,94021354,94114208,1,0,175,0,1,0,0.87,63,0,29,6,0,0,53.12739893617021
ENSG00000110218,PANX1,chr11,94128828,94181968,1,0,354,0,1,0,0.92,72,1,65,2,1,0,57.51899999999999
ENSG00000183560,IZUMO1R,chr11,94304580,94308146,1,0,76,0,0,92914,,4,1,1,1,0,0,66.4518
ENSG00000123901,GPR83,chr11,94377316,94401419,-1,0,119,0,1,0,0.87,17,2,9,3,0,0,70.221264
ENSG00000020922,MRE11,chr11,94415570,94493889,-1,0,244,0,1,0,0.82,45,2,33,1,1,0,71.51724683544303
ENSG00000168876,ANKRD49,chr11,94493979,94499583,1,0,45,0,1,0,0.82,5,1,4,0,1,0,71.67695714285715
ENSG00000257057,C11orf97,chr11,94512461,94532125,1,0,13,0,1,0,0.84,19,1,11,2,0,0,71.4145
ENSG00000134627,PIWIL4,chr11,94543840,94621421,1,0,346,0,1,0,0.89,85,3,65,4,1,0,69.8745423076923
ENSG00000196371,FUT4,chr11,94543921,94549895,1,0,602,0,1,0,0.89,14,1,13,0,1,0,70.94242857142856
ENSG00000166025,AMOTL1,chr11,94706431,94876748,1,0,96,0,2,0,0.915,222,1,210,2,0,0,64.82278720930232
ENSG00000150316,CWC15,chr11,94962620,94973611,-1,0,39,0,1,0,0.9,9,2,5,1,1,0,61.281733333333335
ENSG00000186280,KDM4D,chr11,94973709,94999519,1,0,167,0,1,0,0.9,14,2,2,1,1,0,60.204766666666664
ENSG00000235268,KDM4E,chr11,95025258,95027596,1,0,18,0,0,9846,,4,0,1,0,0,0,57.994775
ENSG00000255855,KDM4F,chr11,95048142,95051338,1,0,3,0,0,9902,,1,0,0,1,0,0,56.835300000000004
ENSG00000263465,SRSF8,chr11,95066919,95071225,1,0,23,0,1,0,1.13,11,1,10,0,1,0,55.9357
ENSG00000149218,ENDOD1,chr11,95089817,95132645,1,0,61,0,1,0,0.98,55,1,50,1,1,0,54.24047272727273
ENSG00000149212,SESN3,chr11,95165513,95232541,-1,0,141,0,2,0,1.03,48,4,40,0,2,0,51.83740147058823
ENSG00000077458,FAM76B,chr11,95768953,95790409,-1,0,190,0,1,0,0.88,14,3,11,0,1,0,68.56329999999998
ENSG00000166037,CEP57,chr11,95789965,95832693,1,0,105,0,1,0,0.88,33,3,27,0,1,0,68.7019818181818
ENSG00000087053,MTMR2,chr11,95821766,95925315,-1,0,303,0,1,0,0.84,88,3,73,0,1,0,69.18439519230769
ENSG00000184384,MAML2,chr11,95976598,96343195,-1,0,362,0,0,46177,,536,5,518,0,15,0,64.53722752043596
ENSG00000149231,CCDC82,chr11,96349241,96389956,-1,0,47,0,1,0,0.77,21,2,10,1,1,0,20.631538095238096
ENSG00000183340,JRKL,chr11,96389989,96507574,1,0,40,0,1,0,0.77,71,1,37,10,1,0,43.12198403361343
ENSG00000149972,CNTN5,chr11,99020949,100358885,1,0,183,0,1,0,1.01,578,2,229,96,0,0,18.128466119402983
ENSG00000165895,ARHGAP42,chr11,100687288,100993941,1,0,150,0,1,0,1.17,315,4,267,15,0,0,35.33606201298701
ENSG00000082175,PGR,chr11,101029624,101129813,-1,0,1393,0,2,0,0.8,71,3,59,1,0,0,32.26574059405941
ENSG00000137672,TRPC6,chr11,101451470,101872562,-1,0,380,0,1,0,0.8,215,4,122,22,0,0,28.223186052009456
ENSG00000187151,ANGPTL5,chr11,101890674,101916522,-1,0,40,0,1,0,0.84,22,2,15,1,1,0,37.10107777777778
ENSG00000110318,CEP126,chr11,101915010,102001062,1,0,141,0,1,0,0.84,44,2,20,6,1,0,39.47410689655173
ENSG00000137691,CFAP300,chr11,102047435,102084554,1,0,42,0,1,0,0.83,27,1,16,1,0,0,46.48736410256412
ENSG00000137693,YAP1,chr11,102110099,102233424,1,7,1219,1,1,0,0.99,130,5,116,3,0,0,53.99023145161291
ENSG00000023445,BIRC3,chr11,102317484,102339403,1,1,636,1,1,0,1.12,23,1,21,0,2,0,57.09190434782609
ENSG00000110330,BIRC2,chr11,102347208,102378680,1,0,296,0,1,0,1.04,24,1,21,0,2,0,57.09497878787879
ENSG00000152558,TMEM123,chr11,102396332,102470384,-1,0,42,0,1,0,1.05,106,4,99,0,3,0,55.270722666666664
ENSG00000137673,MMP7,chr11,102520508,102530853,-1,0,827,0,0,67477,,12,1,4,0,0,0,48.31521818181818
ENSG00000137674,MMP20,chr11,102576832,102625332,-1,0,245,0,0,123801,,61,2,53,1,0,0,42.6251081632653
ENSG00000137675,MMP27,chr11,102691487,102705769,-1,0,27,0,0,238456,,7,1,3,1,0,0,38.257925
ENSG00000118113,MMP8,chr11,102711796,102727050,-1,0,675,0,0,258765,,13,0,12,0,0,0,37.423893750000005
ENSG00000166670,MMP10,chr11,102770502,102780628,-1,0,515,0,0,310917,,4,1,2,0,0,0,35.14754545454545
ENSG00000196611,MMP1,chr11,102789401,102798160,-1,0,1043,0,0,293385,,11,1,6,3,0,0,34.496120000000005
ENSG00000149968,MMP3,chr11,102835801,102843609,-1,0,972,0,0,247936,,8,1,4,1,0,0,32.9854
ENSG00000262406,MMP12,chr11,102862736,102874982,-1,0,533,0,0,216563,,7,0,4,1,0,0,32.26426923076923
ENSG00000137745,MMP13,chr11,102942995,102955732,-1,0,759,0,0,135813,,6,0,4,0,0,0,31.71174285714286
ENSG00000137692,DCUN1D5,chr11,103050686,103092194,-1,0,53,0,1,0,0.79,32,2,21,3,2,0,31.473507142857144
ENSG00000187240,DYNC2H1,chr11,103109410,103479863,1,0,234,0,0,17090,,150,2,74,16,1,0,20.444508602150538
ENSG00000170962,PDGFD,chr11,103907189,104164379,-1,0,279,0,2,0,0.84,246,2,224,8,0,0,12.60870465116279
ENSG00000170967,DDI1,chr11,104036640,104039196,1,0,55,0,1,0,0.7,3,1,0,0,0,0,11.257833333333332
ENSG00000204403,CASP12,chr11,104885718,104898670,-1,0,240,0,0,711729,,11,1,10,0,1,0,16.679835714285712
ENSG00000196954,CASP4,chr11,104942866,104969366,-1,0,317,0,0,641033,,23,2,17,1,1,0,14.742670370370373
ENSG00000137757,CASP5,chr11,104992636,105023168,-1,0,188,0,0,587231,,20,1,11,2,0,0,16.127965625
ENSG00000137752,CASP1,chr11,105023581,105035250,-1,0,997,0,0,575149,,10,2,8,0,2,0,17.136716666666665
ENSG00000204397,CARD16,chr11,105039092,105101431,-1,0,132,0,0,508968,,59,3,45,1,3,0,18.105049206349207
ENSG00000255501,CARD18,chr11,105137714,105531697,-1,0,37,0,0,78702,,209,3,111,23,0,0,20.265045569620252
ENSG00000152578,GRIA4,chr11,105609535,105982090,1,0,269,0,1,0,0.99,234,4,116,25,0,0,26.105622252010726
ENSG00000170903,MSANTD4,chr11,105995623,106022410,-1,0,45,0,1,0,0.97,21,2,17,0,1,0,26.836851851851854
ENSG00000182359,KBTBD3,chr11,106051098,106077459,-1,0,36,0,1,0,0.9,16,1,12,1,1,0,25.81890740740741
ENSG00000149313,AASDHPPT,chr11,106075501,106098708,1,0,91,0,1,0,0.9,23,1,17,2,1,0,25.3071375
ENSG00000152402,GUCY1A2,chr11,106674019,107018476,-1,0,174,0,1,0,0.96,202,4,120,27,0,0,28.658519420289856
ENSG00000152404,CWF19L2,chr11,107321601,107457842,-1,0,35,0,1,0,1.15,55,1,29,10,1,0,49.18023795620438
ENSG00000137760,ALKBH8,chr11,107502727,107565742,-1,0,85,0,0,25351,,40,2,22,3,1,0,52.8679328125
ENSG00000110675,ELMOD1,chr11,107591091,107666779,1,0,99,0,1,0,0.78,53,1,29,6,0,0,58.41628051948051
ENSG00000170290,SLN,chr11,107707375,107719696,-1,0,87,0,0,115453,,13,2,11,0,0,0,63.44432857142858
ENSG00000110660,SLC35F2,chr11,107790991,107928293,-1,0,62,0,1,0,0.8,113,3,87,6,2,0,66.97654275362319
ENSG00000179331,RAB39A,chr11,107928448,107963482,1,0,32,0,1,0,0.8,28,2,17,2,0,0,68.05458611111109
ENSG00000166266,CUL5,chr11,108008898,108107781,1,0,204,0,1,0,0.91,53,2,35,2,2,0,67.082549
ENSG00000075239,ACAT1,chr11,108116695,108148957,1,0,363,0,1,0,0.89,32,2,28,0,2,0,66.20433333333335
ENSG00000149308,NPAT,chr11,108155280,108222638,-1,0,84,0,1,0,1.05,49,0,44,0,1,0,67.1112231884058
ENSG00000149311,ATM,chr11,108222804,108369102,1,5,1736,1,1,0,1.05,104,3,92,1,5,0,70.12406054421768
ENSG00000166323,C11orf65,chr11,108308519,108467531,-1,0,100,0,0,30240,,87,1,57,5,1,0,70.03437875
ENSG00000178202,POGLUT3,chr11,108472112,108498405,-1,0,67,0,1,0,0.92,25,1,22,0,1,0,69.58836666666667
ENSG00000110723,EXPH5,chr11,108505435,108593768,-1,0,86,0,1,0,0.88,88,1,74,1,1,0,69.00079444444444
ENSG00000178105,DDX10,chr11,108665053,108940999,1,1,172,1,1,0,0.93,254,1,185,16,2,0,56.748599999999996
ENSG00000185742,C11orf87,chr11,109422190,109429167,1,0,52,0,2,0,0.69,14,1,10,0,0,0,38.946124999999995
ENSG00000137710,RDX,chr11,109864295,110296712,-1,0,227,0,2,0,0.95,392,5,308,21,1,0,56.35569862068966
ENSG00000149289,ZC3H12C,chr11,110093392,110171841,1,0,314,0,1,0,0.97,73,1,65,2,0,0,60.029425
ENSG00000137714,FDX1,chr11,110429379,110464884,1,0,391,0,1,0,1.04,52,1,43,4,1,0,47.91597837837838
ENSG00000137727,ARHGAP20,chr11,110577042,110713189,-1,0,58,0,1,0,0.86,73,4,28,11,0,0,35.889164963503646
ENSG00000150750,POU2AF2,chr11,111245725,111286401,1,0,57,0,0,12178,,38,1,25,2,0,0,53.63554878048782
ENSG00000214290,POU2AF3,chr11,111298546,111308735,1,0,67,0,1,0,0.8,22,6,16,0,0,0,56.636181818181825
ENSG00000110777,POU2AF1,chr11,111352255,111455630,-1,1,487,1,0,52552,,182,1,181,0,2,0,63.94755333333333
ENSG00000137707,BTG4,chr11,111467526,111514367,-1,0,68,0,1,0,0.87,37,6,5,6,0,0,68.96632765957449
ENSG00000183644,HOATZ,chr11,111514778,111537043,1,0,144,0,1,0,0.91,26,2,20,3,0,0,70.74022173913045
ENSG00000204381,LAYN,chr11,111540280,111561745,1,0,133,0,1,0,0.77,32,1,30,0,0,0,71.88907391304348
ENSG00000170145,SIK2,chr11,111602404,111730855,1,0,193,0,1,0,0.9,135,1,121,6,1,0,75.1947623076923
ENSG00000137713,PPP2R1B,chr11,111726908,111766658,-1,0,244,0,1,0,0.97,53,1,50,0,1,0,75.81987804878047
ENSG00000086848,ALG9,chr11,111782195,111872405,-1,0,111,0,0,6441,,104,5,89,3,1,0,74.94116703296703
ENSG00000258529,,chr11,111786286,111879425,-1,0,0,0,1,0,0.93,106,8,87,3,2,0,74.88955957446808
ENSG00000255561,FDXACB1,chr11,111874056,111881243,-1,0,18,0,1,0,0.93,10,3,5,0,1,0,74.5521875
ENSG00000137720,CFAP68,chr11,111878935,111885975,1,0,18,0,1,0,0.93,7,2,4,0,1,0,74.54441249999999
ENSG00000109846,CRYAB,chr11,111908564,111923722,-1,0,569,0,0,3105,,26,7,19,0,0,0,74.52153125000001
ENSG00000170276,HSPB2,chr11,111912159,111914093,1,0,634,0,0,12734,,6,2,4,0,0,0,74.52716666666667
ENSG00000254445,HSPB2-C11orf52,chr11,111912736,111926871,1,0,2,0,1,0,0.72,24,5,18,0,1,0,74.51553333333332
ENSG00000149300,C11orf52,chr11,111918032,111926871,1,0,7,0,1,0,0.72,19,3,15,0,1,0,74.51086000000001
ENSG00000150764,DIXDC1,chr11,111927144,112022653,1,0,119,0,3,0,0.77,109,8,92,1,2,0,73.66769587628866
ENSG00000150768,DLAT,chr11,112025033,112064404,1,0,467,0,1,0,0.83,29,2,22,0,1,0,70.9505275
ENSG00000150773,PIH1D2,chr11,112063218,112074274,-1,0,24,0,0,60,,7,2,5,0,1,0,69.65592500000001
ENSG00000150776,NKAPD1,chr11,112074086,112085152,1,0,26,0,1,0,0.74,10,3,6,0,1,0,69.06760833333333
ENSG00000150779,TIMM8B,chr11,112084800,112086798,-1,0,27,0,1,0,0.93,5,1,4,0,1,0,68.72816666666667
ENSG00000204370,SDHD,chr11,112086824,112120016,1,0,293,0,1,0,0.93,24,1,14,2,1,0,67.87537647058824
ENSG00000255292,,chr11,112086903,112193805,1,0,0,0,1,0,0.93,87,6,66,4,1,0,66.2513287037037
ENSG00000150782,IL18,chr11,112143251,112164106,-1,0,1564,0,0,56294,,20,1,16,0,0,0,65.6991590909091
ENSG00000150783,TEX12,chr11,112167372,112172556,1,0,190,0,0,53743,,4,1,3,0,0,0,64.98804285714286
ENSG00000197580,BCO2,chr11,112175472,112225877,1,0,87,0,0,422,,45,3,37,3,1,0,63.443511538461536
ENSG00000150787,PTS,chr11,112226367,112269955,1,0,289,0,1,0,0.95,41,4,33,0,1,0,60.36762222222224
ENSG00000188771,PLET1,chr11,112248153,112260860,-1,0,56,0,0,21329,,15,0,14,0,0,0,59.89910714285715
ENSG00000149294,NCAM1,chr11,112961275,113278436,1,0,1419,0,1,0,0.88,318,3,285,4,0,0,50.988515408805036
ENSG00000149292,TTC12,chr11,113314579,113383544,1,0,81,0,1,0,0.8,72,3,60,1,1,0,62.940068571428554
ENSG00000170209,ANKK1,chr11,113387779,113400416,1,0,130,0,1,0,0.78,15,1,7,1,0,0,64.93783076923077
ENSG00000149295,DRD2,chr11,113409605,113476402,-1,0,914,0,1,0,0.83,68,2,46,6,0,0,66.25904179104478
ENSG00000166682,TMPRSS5,chr11,113687543,113706382,-1,0,72,0,0,67195,,21,1,16,0,0,0,67.8041052631579
ENSG00000086827,ZW10,chr11,113733183,113773746,-1,0,50,0,1,0,1.03,24,2,6,2,1,0,67.50941904761905
ENSG00000228607,CLDN25,chr11,113779796,113780485,1,0,13,0,0,5861,,0,0,0,0,0,0,66.6705
ENSG00000048028,USP28,chr11,113797870,113875590,-1,0,134,0,1,0,0.95,59,2,51,2,1,0,63.17842025316457
ENSG00000149305,HTR3B,chr11,113904796,113949079,1,0,80,0,0,28825,,32,0,25,1,0,0,58.599217777777774
ENSG00000166736,HTR3A,chr11,113975075,113990313,1,0,384,0,0,45885,,19,2,12,1,0,0,58.7493875
ENSG00000109906,ZBTB16,chr11,114058335,114256765,1,1,1123,1,3,0,0.8033,394,9,382,0,7,0,61.991687
ENSG00000166741,NNMT,chr11,114257765,114314329,1,0,296,0,0,58370,,84,2,81,1,0,0,58.89844561403509
ENSG00000180425,C11orf71,chr11,114391443,114400511,-1,0,10,0,1,0,0.98,16,4,9,1,1,0,53.01567272727273
ENSG00000076053,RBM7,chr11,114400030,114414203,1,0,59,0,1,0,0.98,16,3,13,0,1,0,52.31537333333333
ENSG00000255663,,chr11,114400682,114443932,1,0,0,0,2,0,0.925,41,4,33,1,2,0,51.326100000000004
ENSG00000076043,REXO2,chr11,114439386,114450296,1,0,78,0,1,0,0.87,22,2,20,0,1,0,49.932216666666655
ENSG00000095110,NXPE1,chr11,114518842,114559888,-1,0,22,0,0,78978,,17,1,9,1,0,0,44.73447857142857
ENSG00000137634,NXPE4,chr11,114570591,114598282,-1,0,34,0,0,130727,,8,1,4,2,0,0,42.724585714285716
ENSG00000204361,NXPE2,chr11,114678527,114707069,1,0,21,0,0,238663,,13,1,7,1,0,0,38.26297586206897
ENSG00000182985,CADM1,chr11,115169218,115504957,-1,0,600,0,1,0,0.75,367,1,315,12,2,0,31.282943916913947
ENSG00000137656,BUD13,chr11,116748170,116773039,-1,0,110,0,1,0,0.97,16,2,8,2,1,0,69.49042692307692
ENSG00000109917,ZPR1,chr11,116773799,116788046,-1,0,134,0,1,0,0.89,18,1,16,0,2,0,69.56125333333333
ENSG00000110243,APOA5,chr11,116789014,116793026,-1,0,206,0,1,0,0.79,9,1,8,0,0,0,69.60742
ENSG00000110244,APOA4,chr11,116820700,116823304,-1,0,371,0,1,0,0.79,8,2,6,0,0,0,69.82056666666666
ENSG00000110245,APOC3,chr11,116827019,116833343,1,0,410,0,0,2422,,18,3,13,0,0,0,69.89722857142857
ENSG00000118137,APOA1,chr11,116835750,116838203,-1,0,1080,0,1,0,0.96,7,3,4,0,0,0,69.97293333333333
ENSG00000160584,SIK3,chr11,116843402,117098445,-1,0,537,0,1,0,0.91,304,1,288,1,7,0,72.7268859375
ENSG00000168092,PAFAH1B2,chr11,117144284,117176894,1,1,250,1,1,0,0.88,34,1,31,1,1,0,71.57837647058824
ENSG00000149577,SIDT2,chr11,117178736,117197445,1,0,233,0,1,0,0.97,46,3,43,0,1,0,70.12494210526316
ENSG00000149591,TAGLN,chr11,117197509,117207464,1,0,329,0,0,18503,,27,3,23,0,0,0,69.2308
ENSG00000160613,PCSK7,chr11,117204337,117232528,-1,0,115,0,1,0,1.08,63,3,53,0,1,0,68.16378666666667
ENSG00000167257,RNF214,chr11,117232154,117287429,1,0,49,0,2,0,0.965,43,3,37,1,4,0,65.39230892857144
ENSG00000186318,BACE1,chr11,117285232,117316286,-1,0,429,0,1,0,0.68,39,3,35,0,0,0,62.971459375
ENSG00000110274,CEP164,chr11,117314557,117413605,1,0,90,0,2,0,0.825,86,4,57,5,1,0,60.786353
ENSG00000177103,DSCAML1,chr11,117427772,117817525,-1,0,153,0,4,0,0.8875,543,2,482,10,1,0,59.54724117647059
ENSG00000137731,FXYD2,chr11,117800839,117828698,-1,0,109,0,0,3413,,55,5,48,0,2,0,66.49685172413794
ENSG00000255245,FXYD6-FXYD2,chr11,117820163,117876667,-1,0,1,0,1,0,0.85,109,9,100,0,2,0,67.37409310344829
ENSG00000137726,FXYD6,chr11,117836976,117877675,-1,0,91,0,1,0,0.85,68,6,62,0,0,0,67.57294285714286
ENSG00000137747,TMPRSS13,chr11,117900641,117929459,-1,0,372,0,0,23803,,43,1,33,3,0,0,68.1542275862069
ENSG00000110324,IL10RA,chr11,117986370,118003037,1,0,430,0,1,0,0.83,40,1,39,0,4,0,68.7135611111111
ENSG00000255274,SMIM35,chr11,118003634,118088299,-1,0,6,0,0,17051,,117,4,93,5,4,0,70.08546470588236
ENSG00000137648,TMPRSS4,chr11,118077012,118125510,1,0,147,0,0,20012,,64,4,50,3,0,0,72.29231399999999
ENSG00000177098,SCN4B,chr11,118133377,118152888,-1,0,243,0,2,0,0.91,33,1,25,3,0,0,74.25854285714286
ENSG00000149575,SCN2B,chr11,118162806,118176639,-1,0,85,0,0,9327,,25,1,13,4,0,0,75.51364
ENSG00000160593,JAML,chr11,118193725,118226323,-1,0,101,0,0,40246,,58,4,53,0,4,0,77.14310303030304
ENSG00000160588,MPZL3,chr11,118226690,118252365,-1,0,300,0,0,73211,,35,1,34,0,3,0,78.08687307692307
ENSG00000149573,MPZL2,chr11,118253416,118264536,-1,0,160,0,0,94913,,11,2,7,1,0,0,78.55950769230768
ENSG00000198851,CD3E,chr11,118304730,118316175,1,0,390,0,0,43274,,23,2,20,0,3,0,79.13977500000001
ENSG00000167286,CD3D,chr11,118334537,118342705,-1,0,271,0,0,16744,,9,1,8,0,3,0,79.0828888888889
ENSG00000160654,CD3G,chr11,118344344,118355161,1,0,318,0,0,4288,,13,1,11,0,1,0,79.012025
ENSG00000110344,UBE4A,chr11,118359587,118399211,1,0,195,0,1,0,1.1,23,1,19,0,2,0,78.74349
ENSG00000167283,ATP5MG,chr11,118401346,118433278,1,0,101,0,1,0,0.99,29,4,24,0,1,0,78.4561090909091
ENSG00000285827,,chr11,118401602,118482737,1,0,1,0,2,0,0.905,75,5,65,0,4,0,78.46964756097562
ENSG00000118058,KMT2A,chr11,118436456,118526832,1,7,1068,1,1,0,0.82,70,0,62,0,2,0,78.69523043478262
ENSG00000172425,TTC36,chr11,118527437,118531197,1,0,24,0,1,0,0.89,12,5,5,0,1,0,79.17688000000001
ENSG00000149582,TMEM25,chr11,118531041,118547280,1,0,45,0,1,0,0.89,22,2,18,0,1,0,79.24137647058825
ENSG00000118096,IFT46,chr11,118544528,118572970,-1,0,34,0,1,0,0.65,19,3,11,0,2,0,79.25546551724138
ENSG00000095139,ARCN1,chr11,118572390,118603033,1,0,227,0,1,0,0.65,29,1,26,0,1,0,78.9457
ENSG00000019144,PHLDB1,chr11,118606396,118658038,1,0,71,0,3,0,0.8533,105,6,98,0,2,0,77.61228867924528
ENSG00000118094,TREH,chr11,118657316,118679690,-1,0,116,0,0,22293,,34,1,28,1,0,0,76.1908875
ENSG00000110367,DDX6,chr11,118747763,118791226,-1,3,272,1,1,0,0.83,39,2,35,0,1,0,75.39982272727273
ENSG00000160683,CXCR5,chr11,118883892,118897787,1,0,574,0,0,12701,,35,2,33,0,5,0,79.30508666666668
ENSG00000186174,BCL9L,chr11,118893875,118925926,-1,3,199,1,2,0,0.855,81,3,78,0,4,0,79.46148787878786
ENSG00000110375,UPK2,chr11,118925164,118958559,1,0,215,0,1,0,0.81,49,3,43,1,1,0,79.44415714285712
ENSG00000176302,FOXR1,chr11,118971712,118981287,1,0,97,0,1,0,0.77,12,1,9,1,0,0,79.18431
ENSG00000186166,CENATAC,chr11,118998138,119015793,1,0,23,0,1,0,0.78,18,1,17,0,1,0,78.93655263157895
ENSG00000118181,RPS25,chr11,119015508,119018724,-1,0,82,0,1,0,0.87,9,2,7,0,1,0,78.8638
ENSG00000196655,TRAPPC4,chr11,119018733,119025454,1,0,71,0,1,0,0.87,17,2,15,0,1,0,78.83445714285715
ENSG00000137700,SLC37A4,chr11,119023751,119030906,-1,0,173,0,1,0,0.8,20,1,18,0,1,0,78.7991
ENSG00000149428,HYOU1,chr11,119044185,119057252,-1,0,170,0,1,0,0.91,22,2,19,0,1,0,78.64242857142858
ENSG00000160695,VPS11,chr11,119067789,119082753,1,0,116,0,1,0,0.82,12,1,10,0,1,0,78.41238125000001
ENSG00000256269,HMBS,chr11,119084861,119093834,1,0,280,0,1,0,0.87,21,4,17,0,2,0,78.23593
ENSG00000188486,H2AX,chr11,119093874,119095465,-1,0,481,0,1,0,1.01,5,2,3,0,1,0,78.1622
ENSG00000172269,DPAGT1,chr11,119096025,119108331,-1,0,107,0,1,0,0.83,23,4,19,0,2,0,78.0353076923077
ENSG00000172375,C2CD2L,chr11,119102198,119118544,1,0,29,0,1,0,0.83,34,2,30,0,3,0,77.87184444444443
ENSG00000172273,HINFP,chr11,119121509,119136059,1,0,34,0,1,0,0.82,12,2,8,1,1,0,77.44505333333335
ENSG00000172350,ABCG4,chr11,119149052,119162653,1,0,49,0,1,0,0.78,19,3,3,3,0,0,76.65116000000002
ENSG00000160703,NLRX1,chr11,119166481,119184017,1,0,202,0,1,0,0.8,31,2,26,0,1,0,76.01565789473685
ENSG00000172367,NHERF4,chr11,119185457,119190223,1,0,33,0,0,15708,,10,1,8,0,0,0,75.5853
ENSG00000248712,DRC12,chr11,119190055,119196769,-1,0,11,0,0,9162,,11,1,9,0,0,0,75.378275
ENSG00000110395,CBL,chr11,119206298,119313926,1,2,850,1,2,0,0.82,105,2,95,0,5,0,73.22950183486238
ENSG00000076706,MCAM,chr11,119307972,119321521,-1,0,484,0,3,0,0.71,30,2,28,0,2,0,71.39023333333334
ENSG00000173456,RNF26,chr11,119334527,119337309,1,0,26,0,1,0,0.94,8,1,6,0,1,0,70.45196666666668
ENSG00000235718,MFRP,chr11,119338942,119346705,-1,0,289,0,1,0,0.74,17,3,12,0,0,0,70.0968
ENSG00000223953,C1QTNF5,chr11,119338942,119340940,-1,0,284,0,1,0,0.74,7,2,5,0,0,0,70.25226666666667
ENSG00000036672,USP2,chr11,119355215,119381711,-1,0,302,0,3,0,0.89,69,4,64,0,2,0,68.62134642857143
ENSG00000154096,THY1,chr11,119415476,119424985,-1,0,636,0,2,0,0.77,24,3,20,0,0,0,65.01629090909091
ENSG00000110400,NECTIN1,chr11,119623408,119729200,-1,0,1004,0,2,0,0.885,177,4,162,4,0,0,50.2474644859813
ENSG00000137699,TRIM29,chr11,120111286,120185529,-1,0,181,0,2,0,0.82,100,4,88,4,0,0,57.14848157894737
ENSG00000184232,OAF,chr11,120211032,120230334,1,0,32,0,1,0,1.12,43,2,39,2,0,0,57.04539
ENSG00000137709,POU2F3,chr11,120236640,120319945,1,0,214,0,1,0,0.69,105,1,99,1,0,0,55.78844047619048
ENSG00000181264,TLCD5,chr11,120325180,120333686,1,0,49,0,1,0,1.03,16,1,15,0,0,0,54.17266000000001
ENSG00000196914,ARHGEF12,chr11,120336238,120489937,1,0,340,0,1,0,0.93,129,4,99,4,2,0,49.6320064516129
ENSG00000149403,GRIK4,chr11,120511717,120988906,1,0,150,0,3,0,0.9333,545,2,377,43,0,0,35.91905146443515
ENSG00000154114,TBCEL,chr11,121024072,121090776,1,0,111,0,1,0,0.91,64,2,46,6,1,0,28.431723529411762
ENSG00000285509,TBCEL-TECTA,chr11,121024125,121113108,1,0,20,0,1,0,0.91,85,2,60,7,1,0,28.12281444444444
ENSG00000109927,TECTA,chr11,121101243,121191490,1,0,118,0,2,0,0.965,68,0,37,6,0,0,25.85516483516483
ENSG00000109929,SC5D,chr11,121292681,121313410,1,0,274,0,1,0,0.91,21,2,19,0,1,0,23.751509523809528
ENSG00000137642,SORL1,chr11,121452314,121633763,1,0,330,0,1,0,1.12,226,5,211,1,8,0,20.86283825136612
ENSG00000259571,BLID,chr11,122115340,122116215,-1,0,64,0,0,539355,,2,1,1,0,0,0,15.34345
ENSG00000154127,UBASH3B,chr11,122655722,122814473,1,0,133,0,1,0,0.8,260,3,253,1,9,0,47.02928050314466
ENSG00000109943,CRTAM,chr11,122829482,122872643,1,0,194,0,0,10035,,52,3,46,1,1,0,53.14433333333333
ENSG00000109944,JHY,chr11,122882683,122963865,1,0,45,0,1,0,1.08,44,1,31,2,1,0,54.71036707317074
ENSG00000188909,BSX,chr11,122977570,122981834,-1,0,20,0,1,0,0.79,13,1,10,0,0,0,53.91966
ENSG00000109971,HSPA8,chr11,123057485,123063230,-1,0,440,0,1,0,0.75,17,10,7,0,2,0,49.70937142857143
ENSG00000166250,CLMP,chr11,123069853,123196697,-1,0,145,0,1,0,0.84,158,4,147,0,3,0,45.44810703125
ENSG00000023171,GRAMD1B,chr11,123358251,123627774,1,0,102,0,3,0,0.9133,357,9,333,5,3,0,35.758197785977856
ENSG00000166257,SCN3B,chr11,123629187,123655244,-1,0,223,0,1,0,0.82,27,2,22,1,0,0,34.82692222222223
ENSG00000166261,ZNF202,chr11,123723914,123742513,-1,0,28,0,1,0,0.96,12,1,8,0,1,0,35.959700000000005
ENSG00000221931,OR6X1,chr11,123753580,123754518,-1,0,4,0,0,11743,,1,0,1,0,0,0,36.3551
ENSG00000196099,OR6M1,chr11,123805408,123806349,-1,0,8,0,0,63571,,0,0,0,0,0,0,38.14665
ENSG00000204300,TMEM225,chr11,123882920,123885670,-1,0,127,0,0,141083,,1,0,0,1,0,0,43.888850000000005
ENSG00000181518,OR8D4,chr11,123902167,123909229,1,0,4,0,0,160330,,4,1,1,0,0,0,45.6246625
ENSG00000171014,OR4D5,chr11,123939617,123940573,1,0,5,0,0,197780,,0,0,0,0,0,0,48.000150000000005
ENSG00000181499,OR6T1,chr11,123942867,123943838,-1,0,4,0,0,201030,,0,0,0,0,0,0,48.1541
ENSG00000196248,OR10S1,chr11,123976661,123977781,-1,0,3,0,0,234824,,3,0,3,0,0,0,49.21315
ENSG00000198674,OR10G6,chr11,123994163,123995161,-1,0,2,0,0,252326,,0,0,0,0,0,0,49.254149999999996
ENSG00000254737,OR10G4,chr11,124012997,124018732,1,0,2,0,0,271160,,0,0,0,0,0,0,48.868571428571435
ENSG00000236981,OR10G9,chr11,124023013,124023948,1,0,1,0,0,281176,,0,0,0,0,0,0,48.63575
ENSG00000234560,OR10G8,chr11,124026798,124030634,1,0,2,0,0,284961,,1,0,0,0,0,0,48.435159999999996
ENSG00000182634,OR10G7,chr11,124036013,124041325,-1,0,8,0,0,294176,,3,0,0,0,0,0,48.04198333333333
ENSG00000110002,VWA5A,chr11,124115404,124147721,1,0,82,0,0,373567,,13,1,5,1,1,0,43.49171764705882
ENSG00000197309,OR10D3,chr11,124183345,124188780,1,0,3,0,0,433988,,6,0,6,0,0,0,41.94045714285715
ENSG00000255425,OR8G3,chr11,124211707,124215828,1,0,1,0,0,406940,,1,0,1,0,0,0,41.71114
ENSG00000181214,OR8G2P,chr11,124224732,124225666,1,0,2,0,0,397102,,3,0,2,0,0,0,41.7343
ENSG00000197849,OR8G1,chr11,124241095,124254364,1,0,1,0,0,368404,,6,0,2,1,0,0,41.98605
ENSG00000255298,OR8G5,chr11,124256376,124266224,1,0,2,0,0,356544,,4,0,2,0,0,0,42.267599999999995
ENSG00000196341,OR8D1,chr11,124302831,124315099,-1,0,7,0,0,307669,,10,1,2,1,0,0,43.92510769230769
ENSG00000279116,OR8D2,chr11,124319262,124320197,-1,0,6,0,0,302571,,1,0,0,0,0,0,44.37335
ENSG00000284680,OR8B2,chr11,124382394,124384499,-1,0,2,0,0,238269,,2,0,0,0,0,0,47.1021
ENSG00000284609,OR8B3,chr11,124395534,124399024,-1,0,1,0,0,223744,,1,0,0,0,0,0,47.648799999999994
ENSG00000280090,OR8B4,chr11,124423942,124424871,-1,0,1,0,0,197897,,1,0,0,0,0,0,48.58015
ENSG00000197125,OR8B8,chr11,124437445,124445696,-1,0,6,0,0,177072,,6,0,3,0,0,0,49.13418
ENSG00000170953,OR8B12,chr11,124539635,124545333,-1,0,2,0,0,77435,,3,0,0,1,0,0,52.4175
ENSG00000196119,OR8A1,chr11,124566660,124582942,1,0,3,0,0,39826,,12,0,8,1,0,0,53.20970588235294
ENSG00000154143,PANX3,chr11,124611428,124620356,1,0,54,0,0,2412,,7,0,3,1,0,0,53.703509999999994
ENSG00000154144,TBRG1,chr11,124622836,124635926,1,0,56,0,1,0,0.84,14,1,13,0,1,0,53.74515
ENSG00000110013,SIAE,chr11,124633113,124695707,-1,0,71,0,1,0,0.87,43,3,26,4,1,0,53.6423875
ENSG00000064199,SPA17,chr11,124673796,124698309,1,0,310,0,1,0,0.87,14,3,6,0,1,0,53.530587999999995
ENSG00000154146,NRGN,chr11,124739939,124747210,1,0,254,0,3,0,0.9167,19,3,16,0,1,0,53.197625
ENSG00000019102,VSIG2,chr11,124747472,124752255,-1,0,81,0,0,542,,15,1,14,0,1,0,53.173
ENSG00000149564,ESAM,chr11,124752583,124762315,-1,0,205,0,3,0,0.72,24,3,21,0,0,0,53.14316
ENSG00000120458,MSANTD2,chr11,124766498,124800706,-1,0,30,0,1,0,0.89,34,2,26,1,1,0,53.06606944444445
ENSG00000154134,ROBO3,chr11,124865432,124881471,1,0,309,0,3,0,0.8467,39,4,19,0,1,0,53.08311176470588
ENSG00000154133,ROBO4,chr11,124883666,124898500,-1,0,152,0,0,6789,,24,2,21,0,0,0,53.17315625
ENSG00000165478,HEPACAM,chr11,124919205,124936431,-1,0,109,0,1,0,1.07,18,1,17,0,0,0,53.47598888888889
ENSG00000221932,HEPN1,chr11,124919250,124920677,1,0,10,0,0,241,,3,0,3,0,0,0,53.396433333333334
ENSG00000149548,CCDC15,chr11,124954095,125041649,1,0,23,0,1,0,0.86,44,2,18,4,1,0,54.74528777777777
ENSG00000134955,SLC37A2,chr11,125063302,125090516,1,0,71,0,1,0,0.75,51,2,45,2,0,0,57.43927586206897
ENSG00000150433,TMEM218,chr11,125094386,125111870,-1,0,73,0,1,0,0.91,18,2,12,1,1,0,58.69664210526316
ENSG00000165495,PKNOX2,chr11,125164537,125434287,1,0,75,0,1,0,0.89,383,1,350,7,0,0,70.6152311111111
ENSG00000149557,FEZ1,chr11,125442881,125592578,-1,0,128,0,3,0,0.9233,128,7,102,5,3,0,74.3883357615894
ENSG00000149547,EI24,chr11,125568248,125584690,1,0,62,0,1,0,0.9,13,1,12,0,1,0,71.08831111111111
ENSG00000134910,STT3A,chr11,125591712,125625215,1,0,128,0,1,0,0.95,24,3,19,0,2,0,69.55015588235294
ENSG00000149554,CHEK1,chr11,125625163,125676255,1,0,411,0,1,0,0.9,29,5,21,0,1,0,67.87464038461539
ENSG00000134940,ACRV1,chr11,125671522,125680874,-1,0,28,0,0,45551,,7,1,4,2,0,0,66.93749
ENSG00000171053,PATE1,chr11,125746279,125749867,1,0,11,0,0,120308,,1,0,0,0,0,0,64.28788
ENSG00000196844,PATE2,chr11,125776113,125778828,-1,0,6,0,0,108332,,3,0,3,0,0,0,63.055225
ENSG00000236027,PATE3,chr11,125788127,125791600,1,0,2,0,0,95560,,4,0,0,1,0,0,62.5139
ENSG00000237353,PATE4,chr11,125833316,125840072,1,0,36,0,0,47088,,2,0,0,1,0,0,60.649075
ENSG00000198331,HYLS1,chr11,125883614,125900846,1,0,119,0,1,0,0.89,18,1,14,1,1,0,59.71372777777778
ENSG00000110060,PUS3,chr11,125893485,125903224,-1,0,54,0,0,900,,10,2,5,1,1,0,59.7388
ENSG00000109832,DDX25,chr11,125903348,125943702,1,0,162,0,1,0,0.9,43,2,34,4,0,0,60.24849523809524
ENSG00000283703,VSIG10L2,chr11,125946044,125958647,1,0,7,0,0,41355,,23,0,23,0,0,0,61.24388571428572
ENSG00000064309,CDON,chr11,125955796,126063335,-1,0,179,0,1,0,0.89,121,2,102,3,1,0,63.28254166666666
ENSG00000165526,RPUSD4,chr11,126202095,126211692,-1,0,36,0,1,0,0.88,9,1,7,0,1,0,56.64999090909091
ENSG00000197798,FAM118B,chr11,126211687,126263051,1,0,43,0,1,0,0.88,44,1,37,0,1,0,55.986174999999996
ENSG00000182934,SRPRA,chr11,126262912,126269144,-1,0,202,0,1,0,0.93,11,1,8,0,1,0,55.803871428571426
ENSG00000110074,FOXRED1,chr11,126269024,126278132,1,0,73,0,1,0,0.93,9,1,8,0,1,0,55.854290000000006
ENSG00000150455,TIRAP,chr11,126282497,126298845,1,0,189,0,1,0,0.88,19,1,18,0,1,0,56.05305555555555
ENSG00000110063,DCPS,chr11,126304047,126350005,1,0,469,0,1,0,0.83,85,2,83,0,2,0,56.62887872340424
ENSG00000110080,ST3GAL4,chr11,126354677,126440344,1,0,299,0,2,0,0.895,163,5,155,0,1,0,56.59552906976746
ENSG00000149571,KIRREL3,chr11,126423358,127003460,-1,0,97,0,2,0,0.795,676,7,518,49,0,0,39.92691032702237
ENSG00000134954,ETS1,chr11,128458761,128587606,-1,0,780,0,2,0,0.95,229,3,222,2,19,0,23.407995384615386
ENSG00000151702,FLI1,chr11,128686535,128813267,1,0,814,0,4,0,0.85,186,6,180,0,9,0,23.575142519685034
ENSG00000151704,KCNJ1,chr11,128836315,128874671,-1,0,249,0,0,11780,,52,3,45,2,0,0,23.2348325
ENSG00000120457,KCNJ5,chr11,128890453,128921163,1,0,366,0,1,0,0.89,59,4,51,2,0,0,22.493884375
ENSG00000120471,TP53AIP1,chr11,128934731,128943399,-1,0,51,0,0,43393,,18,1,15,1,0,0,22.073933333333333
ENSG00000134909,ARHGAP32,chr11,128965060,129279324,-1,0,91,0,1,0,1.11,221,3,156,13,0,0,27.95217650793651
ENSG00000043039,BARX2,chr11,129375848,129452279,1,0,226,0,2,0,0.875,82,1,73,1,0,0,41.667972727272726
ENSG00000151715,TMEM45B,chr11,129815791,129861265,1,0,67,0,1,0,1.02,53,1,52,0,3,0,68.99044130434783
ENSG00000170322,NFRKB,chr11,129863636,129895590,-1,0,49,0,1,0,0.86,28,3,18,2,1,0,68.89249393939394
ENSG00000170325,PRDM10,chr11,129899706,130002853,-1,0,111,0,1,0,0.85,108,2,94,3,1,0,67.87211047619047
ENSG00000084234,APLP2,chr11,130068147,130144811,1,0,184,0,2,0,0.925,108,4,98,0,2,0,60.845793589743586
ENSG00000149418,ST14,chr11,130159746,130210367,1,0,469,0,4,0,0.7925,90,1,83,0,0,0,58.268005882352945
ENSG00000196323,ZBTB44,chr11,130226677,130314917,-1,0,38,0,1,0,0.88,62,3,48,1,1,0,54.65046853932586
ENSG00000134917,ADAMTS8,chr11,130404923,130428609,-1,0,123,0,1,0,0.97,41,2,36,0,0,0,41.716747999999995
ENSG00000166106,ADAMTS15,chr11,130448645,130476645,1,0,208,0,2,0,0.73,49,2,43,1,0,0,38.699803448275865
ENSG00000120451,SNX19,chr11,130866250,130916479,-1,0,67,0,1,0,1.05,60,2,56,0,1,0,28.858764705882354
ENSG00000182667,NTM,chr11,131370478,132336822,1,0,323,0,3,0,0.8333,988,5,785,52,0,0,18.403646280991733
ENSG00000183715,OPCML,chr11,132414977,133532501,-1,0,188,0,5,0,0.816,881,8,565,75,0,0,20.447723503127794
ENSG00000166118,SPATA19,chr11,133840631,133845538,-1,0,33,0,0,6818,,9,0,2,2,0,0,45.6918
ENSG00000080854,IGSF9B,chr11,133896438,133956968,-1,0,97,0,5,0,0.932,118,3,102,3,4,0,50.036993548387095
ENSG00000166086,JAM3,chr11,134068998,134152001,1,0,376,0,2,0,0.91,67,2,59,2,1,0,56.38521309523811
ENSG00000151503,NCAPD3,chr11,134150113,134225504,-1,0,100,0,1,0,0.91,62,3,46,5,1,0,58.02013246753246
ENSG00000151502,VPS26B,chr11,134224613,134247794,1,0,25,0,1,0,0.91,34,2,30,0,1,0,57.13155416666666
ENSG00000151500,THYN1,chr11,134248270,134253370,-1,0,26,0,2,0,0.95,9,2,7,0,1,0,56.528983333333336
ENSG00000151498,ACAD8,chr11,134253514,134265855,1,0,79,0,1,0,0.81,14,1,12,0,1,0,56.035976923076916
ENSG00000166105,GLB1L3,chr11,134274245,134319579,1,0,32,0,1,0,0.84,39,2,23,2,1,0,53.65025957446808
ENSG00000149328,GLB1L2,chr11,134331886,134378341,1,0,69,0,3,0,0.8233,81,1,59,3,1,0,49.23074468085107
ENSG00000109956,B3GAT1,chr11,134378504,134412242,-1,0,719,0,2,0,1.005,66,2,57,1,0,0,46.135135294117646
