gene_id,gene_name,chrom,start,end,strand,ot_cancer_hallmark_count,ot_disease_count,ot_is_cancer_driver,cpg_island_count,cpg_nearest_dist,cpg_mean_obs_exp,encode_ccre_count,encode_promoter_count,encode_enhancer_count,encode_ctcf_count,tcell_h3k27ac_count,tcell_atac_count,replication_timing
ENSG00000120645,IQSEC3,chr12,66767,178455,1,0.0,49.0,0.0,4,0,0.9125,169,5,130,6,0,0,58.50947321428571
ENSG00000111181,SLC6A12,chr12,190069,220144,-1,0.0,108.0,0.0,1,0,0.94,49,7,33,5,0,0,63.65465161290323
ENSG00000010379,SLC6A13,chr12,220621,262873,-1,0.0,108.0,0.0,0,16456,,45,3,34,2,0,0,63.464797674418605
ENSG00000073614,KDM5A,chr12,280057,389320,-1,0.0,319.0,0.0,1,0,0.9,68,1,54,3,1,0,63.22089454545454
ENSG00000120647,CCDC77,chr12,389273,442644,1,0.0,37.0,0.0,2,0,0.91,25,4,10,3,2,0,65.02158181818183
ENSG00000139044,B4GALNT3,chr12,459923,563509,1,0.0,66.0,0.0,1,0,0.88,144,1,136,1,1,0,67.09328571428571
ENSG00000171840,NINJ2,chr12,562852,663742,-1,0.0,143.0,0.0,3,0,1.0367,171,8,152,0,7,0,69.66124705882352
ENSG00000060237,WNK1,chr12,752536,911452,1,0.0,1098.0,0.0,1,0,0.85,164,4,149,0,3,0,71.83754716981132
ENSG00000002016,RAD52,chr12,910870,990053,-1,0.0,136.0,0.0,1,0,0.8,73,3,56,3,2,0,67.435495
ENSG00000082805,ERC1,chr12,989998,1495933,1,0.0,217.0,0.0,2,0,0.86,481,5,361,26,2,0,69.91864753451677
ENSG00000111186,WNT5B,chr12,1529854,1647243,1,0.0,169.0,0.0,5,0,0.888,189,4,170,2,4,0,77.25536016949152
ENSG00000171823,FBXL14,chr12,1565993,1594581,-1,0.0,40.0,0.0,1,0,0.95,57,2,53,0,3,0,77.263
ENSG00000006831,ADIPOR2,chr12,1688574,1788680,1,0.0,458.0,0.0,1,0,1.1,104,1,98,0,1,0,77.68267227722772
ENSG00000151062,CACNA2D4,chr12,1791963,1918666,-1,0.0,227.0,0.0,3,0,0.8433,197,6,148,8,3,0,75.24423125000001
ENSG00000166159,LRTM2,chr12,1820267,1836753,1,0.0,31.0,0.0,0,22668,,38,2,36,0,0,0,76.3467611111111
ENSG00000151065,DCP1B,chr12,1946052,2004535,-1,0.0,76.0,0.0,1,0,0.85,58,3,54,0,2,0,69.9615516666667
ENSG00000151067,CACNA1C,chr12,1970772,2697950,1,0.0,1250.0,0.0,6,0,0.8467,929,10,807,20,4,0,54.71993131868132
ENSG00000004478,FKBP4,chr12,2794290,2805423,1,0.0,673.0,0.0,1,0,0.95,21,3,17,0,2,0,63.941091666666665
ENSG00000111203,ITFG2,chr12,2812622,2859791,1,0.0,286.0,0.0,1,0,0.98,58,4,49,0,1,0,64.96815208333334
ENSG00000053702,NRIP2,chr12,2825348,2835544,-1,0.0,30.0,0.0,0,12387,,13,2,11,0,0,0,64.83788333333332
ENSG00000283297,TEX52,chr12,2849046,2857039,-1,0.0,6.0,0.0,0,19773,,13,0,10,0,0,0,65.35727777777778
ENSG00000111206,FOXM1,chr12,2857676,2877174,-1,0.0,607.0,0.0,1,0,0.85,15,1,14,0,1,0,65.65563999999999
ENSG00000171792,RHNO1,chr12,2876258,2889524,1,0.0,39.0,0.0,1,0,0.85,21,2,15,0,1,0,65.96483333333332
ENSG00000078246,TULP3,chr12,2877223,2941138,1,0.0,255.0,0.0,2,0,0.87,68,3,59,0,2,0,66.5534353846154
ENSG00000197905,TEAD4,chr12,2959330,3040676,1,0.0,174.0,0.0,1,0,1.09,119,4,112,0,0,0,69.59967228915663
ENSG00000011105,TSPAN9,chr12,3077355,3286564,1,0.0,118.0,0.0,2,0,0.965,376,3,356,5,0,0,68.23609431279621
ENSG00000111218,PRMT8,chr12,3381349,3593977,1,0.0,186.0,0.0,1,0,0.73,167,3,99,19,0,0,51.08383364485981
ENSG00000130038,CRACR2A,chr12,3606633,3764819,-1,0.0,88.0,0.0,1,0,0.82,167,3,141,5,3,0,46.25404213836478
ENSG00000111224,PARP11,chr12,3791047,3873448,-1,0.0,194.0,0.0,2,0,1.055,69,4,55,5,1,0,47.70336024096386
ENSG00000118971,CCND2,chr12,4269771,4306933,1,1.0,773.0,1.0,1,0,0.73,80,2,76,0,3,0,55.98560000000001
ENSG00000285901,,chr12,4273762,4405490,1,0.0,0.0,0.0,4,0,0.8325,135,6,108,4,4,0,57.09038257575758
ENSG00000078237,TIGAR,chr12,4307763,4360028,1,0.0,192.0,0.0,2,0,0.895,35,2,28,0,1,0,57.08281132075471
ENSG00000118972,FGF23,chr12,4368227,4379712,-1,0.0,913.0,0.0,1,0,0.81,11,1,7,1,0,0,57.73533076923078
ENSG00000111241,FGF6,chr12,4428155,4445815,-1,0.0,66.0,0.0,1,0,0.7,29,1,27,1,0,0,58.73738947368422
ENSG00000047621,FERRY3,chr12,4487735,4538519,-1,0.0,53.0,0.0,0,159,,30,1,23,1,4,0,58.83286346153846
ENSG00000111247,RAD51AP1,chr12,4538798,4560254,1,0.0,127.0,0.0,1,0,1.06,17,2,12,0,1,0,58.41131818181817
ENSG00000010219,DYRK4,chr12,4562208,4615302,1,0.0,39.0,0.0,1,0,1.04,42,3,32,5,1,0,57.95162222222221
ENSG00000272921,,chr12,4604944,4662643,1,0.0,0.0,0.0,1,0,1.09,32,2,21,1,2,0,57.669716949152544
ENSG00000111254,AKAP3,chr12,4613383,4649072,-1,0.0,156.0,0.0,1,0,1.09,17,1,10,1,1,0,57.67770540540539
ENSG00000139180,NDUFA9,chr12,4649095,4694317,1,0.0,214.0,0.0,1,0,1.09,22,1,14,1,1,0,57.522823913043496
ENSG00000255639,,chr12,4649101,4774184,1,0.0,2.0,0.0,1,0,1.09,82,3,49,6,1,0,57.16655000000001
ENSG00000130035,GALNT8,chr12,4720267,4851927,1,0.0,46.0,0.0,1,0,0.87,114,4,82,9,3,0,55.96466691729323
ENSG00000151079,KCNA6,chr12,4809334,4813318,1,0.0,105.0,0.0,1,0,0.87,6,1,5,0,0,0,55.4859
ENSG00000111262,KCNA1,chr12,4909905,4918256,1,0.0,679.0,0.0,1,0,0.77,17,3,7,2,0,0,51.725455555555556
ENSG00000130037,KCNA5,chr12,5043879,5046788,1,0.0,224.0,0.0,1,0,0.8,8,1,7,0,0,0,45.210674999999995
ENSG00000185652,NTF3,chr12,5432108,5521536,1,0.0,758.0,0.0,2,0,0.865,109,1,88,5,0,0,38.655145054945066
ENSG00000047617,ANO2,chr12,5531869,5946232,-1,0.0,86.0,0.0,2,0,0.885,368,2,217,30,0,0,41.10599108433735
ENSG00000110799,VWF,chr12,5948877,6124770,-1,0.0,1323.0,0.0,2,0,0.845,195,2,151,11,0,0,51.50777909604519
ENSG00000010278,CD9,chr12,6199715,6238271,1,0.0,845.0,0.0,1,0,0.74,79,7,71,0,0,0,66.8316564102564
ENSG00000008323,PLEKHG6,chr12,6310225,6328934,1,0.0,55.0,0.0,1,0,0.78,49,4,45,0,1,0,72.63698
ENSG00000067182,TNFRSF1A,chr12,6328757,6342114,-1,0.0,1151.0,0.0,1,0,0.94,34,1,33,0,2,0,73.48174285714285
ENSG00000111319,SCNN1A,chr12,6346843,6383917,-1,0.0,179.0,0.0,2,0,0.72,66,6,58,0,1,0,75.03038421052631
ENSG00000111321,LTBR,chr12,6375045,6391571,1,0.0,463.0,0.0,1,0,0.68,31,5,24,0,0,0,75.95561666666667
ENSG00000139193,CD27,chr12,6444941,6451718,1,0.0,664.0,0.0,0,18671,,14,2,12,0,2,0,79.15043750000001
ENSG00000139192,TAPBPL,chr12,6451690,6466517,1,0.0,42.0,0.0,0,3872,,32,3,29,0,3,0,79.64287499999999
ENSG00000139190,VAMP1,chr12,6462237,6470677,-1,0.0,82.0,0.0,1,0,0.84,21,2,19,0,3,0,79.94521
ENSG00000111639,MRPL51,chr12,6491886,6493846,-1,0.0,47.0,0.0,1,0,0.87,5,4,1,0,1,0,80.9243
ENSG00000010292,NCAPD2,chr12,6493356,6531970,1,0.0,105.0,0.0,2,0,0.995,30,3,25,0,2,0,81.3488475
ENSG00000111640,GAPDH,chr12,6534012,6538930,1,0.0,889.0,0.0,1,0,0.8,16,6,10,0,2,0,81.60826666666667
ENSG00000010295,IFFO1,chr12,6538961,6556102,-1,0.0,30.0,0.0,3,0,0.81,41,3,37,0,3,0,81.55944444444444
ENSG00000111641,NOP2,chr12,6556863,6568691,-1,0.0,241.0,0.0,1,0,0.91,16,2,14,0,1,0,81.36476923076924
ENSG00000285238,,chr12,6556886,6607367,-1,0.0,0.0,0.0,2,0,0.8,67,7,58,0,3,0,80.8698431372549
ENSG00000111642,CHD4,chr12,6570081,6614982,-1,1.0,475.0,1.0,1,0,0.69,67,6,59,0,3,0,80.56777608695651
ENSG00000184574,LPAR5,chr12,6618835,6636444,-1,0.0,113.0,0.0,1,0,0.95,25,2,23,0,2,0,79.40845555555556
ENSG00000111644,ACRBP,chr12,6638075,6647433,-1,0.0,204.0,0.0,1,0,0.78,16,1,15,0,0,0,78.99671000000001
ENSG00000111653,ING4,chr12,6650300,6663148,-1,0.0,130.0,0.0,1,0,1.09,8,1,7,0,1,0,78.74417857142858
ENSG00000126746,ZNF384,chr12,6666477,6689572,-1,0.0,425.0,0.0,1,0,0.84,17,1,13,1,1,0,78.65984399999999
ENSG00000139200,PIANP,chr12,6693791,6700848,-1,0.0,27.0,0.0,1,0,0.89,17,2,15,0,0,0,78.8846875
ENSG00000111652,COPS7A,chr12,6724014,6731875,1,0.0,39.0,0.0,1,0,0.92,7,1,4,0,1,0,79.85996666666666
ENSG00000089693,MLF2,chr12,6747986,6768932,-1,0.0,57.0,0.0,4,0,0.775,43,4,34,0,1,0,81.24565454545456
ENSG00000159335,PTMS,chr12,6765516,6770952,1,0.0,64.0,0.0,1,0,0.93,14,2,12,0,0,0,81.70536666666666
ENSG00000089692,LAG3,chr12,6772360,6778455,1,0.0,599.0,0.0,1,0,0.88,16,1,15,0,1,0,81.98811428571427
ENSG00000010610,CD4,chr12,6786858,6820807,1,0.0,2905.0,0.0,0,3303,,47,2,37,3,2,0,82.97380000000001
ENSG00000250510,GPR162,chr12,6821624,6829972,1,0.0,187.0,0.0,2,0,0.86,28,2,26,0,0,0,83.41532222222222
ENSG00000110811,P3H3,chr12,6828381,6839854,1,0.0,107.0,0.0,1,0,0.95,26,1,25,0,0,0,83.47136923076923
ENSG00000111664,GNB3,chr12,6839954,6847393,1,0.0,202.0,0.0,0,4448,,15,1,14,0,0,0,83.48105
ENSG00000111665,CDCA3,chr12,6844793,6851318,-1,0.0,152.0,0.0,0,523,,13,1,12,0,1,0,83.46091428571428
ENSG00000111667,USP5,chr12,6852122,6866632,1,0.0,141.0,0.0,1,0,0.94,20,1,17,0,1,0,83.33778125
ENSG00000111669,TPI1,chr12,6867119,6870948,1,0.0,585.0,0.0,1,0,0.94,10,2,8,0,1,0,83.18260000000001
ENSG00000111671,SPSB2,chr12,6870934,6889358,-1,0.0,80.0,0.0,1,0,0.8,31,2,26,0,1,0,82.92851578947368
ENSG00000010626,LRRC23,chr12,6873569,6914241,1,0.0,546.0,0.0,3,0,0.91,57,5,44,1,5,0,82.52650731707317
ENSG00000111674,ENO2,chr12,6913745,6923707,1,0.0,1105.0,0.0,1,0,0.94,17,4,13,0,1,0,81.73949999999999
ENSG00000111676,ATN1,chr12,6924463,6942322,1,0.0,634.0,0.0,2,0,0.745,47,2,44,0,3,0,81.28456315789474
ENSG00000111678,C12orf57,chr12,6942938,6946003,1,0.0,79.0,0.0,1,0,0.86,10,3,7,0,1,0,80.928775
ENSG00000111679,PTPN6,chr12,6946417,6961316,1,0.0,818.0,0.0,0,1653,,39,3,35,0,5,0,80.6783125
ENSG00000215021,PHB2,chr12,6965327,6970841,-1,0.0,473.0,0.0,1,0,0.83,15,1,14,0,1,0,80.32379999999999
ENSG00000126749,EMG1,chr12,6970805,6979936,1,0.0,77.0,0.0,1,0,0.83,18,2,14,0,1,0,80.17456999999999
ENSG00000290146,,chr12,6970921,6997428,1,0.0,0.0,0.0,1,0,0.83,32,3,24,0,1,0,80.04376296296296
ENSG00000111684,LPCAT3,chr12,6976176,7018538,-1,0.0,198.0,0.0,1,0,0.9,46,2,40,0,1,0,79.901825
ENSG00000182326,C1S,chr12,6988259,7071281,1,0.0,336.0,0.0,1,0,0.9,80,3,54,6,1,0,79.83218928571429
ENSG00000159403,C1R,chr12,7080213,7092540,-1,0.0,210.0,0.0,0,61161,,14,2,12,0,0,0,79.87620714285713
ENSG00000139178,C1RL,chr12,7089587,7109245,-1,0.0,153.0,0.0,0,70535,,36,5,30,0,1,0,79.760405
ENSG00000139194,RBP5,chr12,7115736,7128889,-1,0.0,38.0,0.0,0,60589,,16,1,12,2,1,0,79.32695714285715
ENSG00000139182,CLSTN3,chr12,7128077,7158945,1,0.0,163.0,0.0,0,30533,,52,6,41,0,1,0,78.59775625
ENSG00000139197,PEX5,chr12,7188653,7218574,1,0.0,102.0,0.0,1,0,0.69,27,5,15,4,1,0,75.27484516129032
ENSG00000215009,ACSM4,chr12,7304072,7328719,1,0.0,18.0,0.0,0,111091,,11,0,4,3,0,0,70.63071153846154
ENSG00000177675,CD163L1,chr12,7346685,7479897,-1,0.0,67.0,0.0,1,0,1.05,51,3,15,8,0,0,69.38119179104477
ENSG00000177575,CD163,chr12,7470811,7503910,-1,0.0,1137.0,0.0,0,30377,,22,2,18,0,0,0,68.19794999999999
ENSG00000111701,APOBEC1,chr12,7649400,7665908,-1,0.0,297.0,0.0,0,20748,,10,1,6,0,0,0,60.81933333333333
ENSG00000184344,GDF3,chr12,7689784,7695775,-1,0.0,89.0,0.0,0,10128,,6,1,4,0,0,0,60.85372857142857
ENSG00000187569,DPPA3,chr12,7711402,7717561,1,0.0,67.0,0.0,0,5213,,4,1,1,1,0,0,61.444625
ENSG00000198178,CLEC4C,chr12,7724646,7751620,-1,0.0,323.0,0.0,0,18457,,19,3,11,0,0,0,62.47190357142858
ENSG00000205857,NANOGNB,chr12,7765216,7774121,1,0.0,10.0,0.0,0,59027,,10,0,0,5,0,0,64.05132
ENSG00000111704,NANOG,chr12,7787794,7799146,1,0.0,444.0,0.0,0,73622,,13,1,12,0,0,0,65.27775000000001
ENSG00000173262,SLC2A14,chr12,7812512,7891148,-1,0.0,61.0,0.0,1,0,0.92,90,7,72,2,0,0,67.81143544303798
ENSG00000059804,SLC2A3,chr12,7919230,8019007,-1,0.0,387.0,0.0,2,0,0.86,134,3,117,3,5,0,75.18077524752475
ENSG00000065970,FOXJ2,chr12,8032698,8055522,1,0.0,81.0,0.0,1,0,1.09,31,3,25,2,1,0,79.86533333333334
ENSG00000171860,C3AR1,chr12,8056844,8066374,-1,0.0,525.0,0.0,0,15719,,10,1,8,0,1,0,80.19005999999999
ENSG00000089818,NECAP1,chr12,8076939,8097881,1,0.0,34.0,0.0,1,0,1.25,26,2,22,0,2,0,80.09528181818183
ENSG00000111729,CLEC4A,chr12,8123617,8138607,1,0.0,260.0,0.0,0,41193,,11,2,3,2,0,0,79.11351249999998
ENSG00000284393,,chr12,8138140,8175320,1,0.0,0.0,0.0,0,4872,,20,0,13,2,0,0,78.54174736842106
ENSG00000196946,ZNF705A,chr12,8157015,8188537,1,0.0,3.0,0.0,1,0,0.78,17,1,9,1,1,0,78.23799393939393
ENSG00000171847,FAM90A1,chr12,8221260,8227621,-1,0.0,27.0,0.0,1,0,0.95,5,1,2,1,0,0,77.6438125
ENSG00000205846,CLEC6A,chr12,8455962,8478330,1,0.0,158.0,0.0,0,48747,,17,1,8,0,0,0,62.39936086956522
ENSG00000166527,CLEC4D,chr12,8509475,8522366,1,0.0,478.0,0.0,0,82788,,8,1,5,1,0,0,60.75174285714286
ENSG00000166523,CLEC4E,chr12,8533305,8540905,-1,0.0,353.0,0.0,0,64249,,5,0,5,0,0,0,60.35366666666667
ENSG00000111732,AICDA,chr12,8602155,8613242,-1,0.0,822.0,0.0,1,0,0.85,15,2,12,0,0,0,59.67845833333333
ENSG00000197614,MFAP5,chr12,8637346,8672519,-1,0.0,179.0,0.0,0,24937,,40,2,35,0,1,0,59.51697567567569
ENSG00000166532,RIMKLB,chr12,8681483,8783095,1,0.0,192.0,0.0,1,0,1.16,85,2,75,2,1,0,59.95853495145632
ENSG00000166535,A2ML1,chr12,8822621,8887001,1,0.0,126.0,0.0,0,27349,,56,3,37,5,0,0,60.820107692307694
ENSG00000111752,PHC1,chr12,8913827,8942938,1,0.0,197.0,0.0,1,0,0.83,22,4,13,0,2,0,63.29279333333333
ENSG00000003056,M6PR,chr12,8940358,8951856,-1,0.0,84.0,0.0,1,0,0.87,17,2,15,0,1,0,64.09826923076923
ENSG00000139187,KLRG1,chr12,8950044,9010760,1,0.0,225.0,0.0,1,0,0.87,43,2,38,1,3,0,65.19228870967741
ENSG00000175899,A2M,chr12,9067664,9116229,-1,0.0,533.0,0.0,0,2545,,56,1,21,2,0,0,63.00646938775509
ENSG00000126838,PZP,chr12,9148840,9208399,-1,0.0,138.0,0.0,0,31464,,25,1,12,1,0,0,60.569264999999994
ENSG00000111796,KLRB1,chr12,9594551,9607916,-1,0.0,453.0,0.0,0,24486,,9,1,8,0,1,0,61.553642857142854
ENSG00000069493,CLEC2D,chr12,9664969,9699553,1,0.0,281.0,0.0,0,16713,,45,2,43,0,3,0,62.031730555555555
ENSG00000110848,CD69,chr12,9752486,9760901,-1,0.0,762.0,0.0,0,104230,,17,1,16,0,1,0,69.68616
ENSG00000150045,KLRF1,chr12,9827481,9845007,1,0.0,154.0,0.0,0,179225,,11,2,8,0,0,0,73.22014736842104
ENSG00000110852,CLEC2B,chr12,9852369,9870635,-1,0.0,90.0,0.0,0,204113,,22,3,19,0,2,0,72.29199000000001
ENSG00000256797,KLRF2,chr12,9881489,9895833,1,0.0,18.0,0.0,0,215643,,10,1,4,0,0,0,70.80976874999999
ENSG00000188393,CLEC2A,chr12,9898673,9932370,-1,0.0,27.0,0.0,0,179106,,21,1,15,1,0,0,69.38413823529413
ENSG00000172322,CLEC12A,chr12,9951316,9995694,1,0.0,169.0,0.0,0,115782,,30,2,22,2,0,0,68.30237826086956
ENSG00000165682,CLEC1B,chr12,9985642,10013424,-1,0.0,246.0,0.0,0,98052,,13,1,8,1,0,0,68.56872068965517
ENSG00000256660,CLEC12B,chr12,10010627,10018796,1,0.0,23.0,0.0,0,92680,,7,1,6,0,0,0,68.77614444444445
ENSG00000197992,CLEC9A,chr12,10030678,10066031,1,0.0,99.0,0.0,0,45445,,22,1,19,1,0,0,68.63098055555557
ENSG00000150048,CLEC1A,chr12,10069554,10111627,-1,0.0,50.0,0.0,1,0,0.96,37,2,28,0,0,0,66.4527511627907
ENSG00000172243,CLEC7A,chr12,10116777,10130258,-1,0.0,443.0,0.0,0,4938,,11,1,9,0,0,0,63.30700714285715
ENSG00000173391,OLR1,chr12,10158301,10172138,-1,0.0,421.0,0.0,0,40632,,17,4,13,0,0,0,58.513659999999994
ENSG00000165685,TMEM52B,chr12,10170512,10191807,1,0.0,35.0,0.0,0,20963,,24,4,20,0,0,0,56.8546909090909
ENSG00000139112,GABARAPL1,chr12,10212458,10223128,1,0.0,206.0,0.0,1,0,0.83,15,4,11,0,1,0,54.317708333333336
ENSG00000134539,KLRD1,chr12,10226058,10329608,1,0.0,317.0,0.0,0,12592,,71,2,64,1,0,0,54.044173333333326
ENSG00000213809,KLRK1,chr12,10372353,10391874,-1,0.0,626.0,0.0,0,158887,,20,2,18,0,0,0,54.96595238095239
ENSG00000255819,KLRC4-KLRK1,chr12,10372353,10410146,-1,0.0,146.0,0.0,0,158887,,39,3,36,0,0,0,54.79998205128206
ENSG00000183542,KLRC4,chr12,10403059,10409757,-1,0.0,136.0,0.0,0,189593,,4,1,3,0,0,0,54.493174999999994
ENSG00000255641,,chr12,10412312,10436001,-1,0.0,0.0,0.0,0,177355,,10,2,7,0,0,0,54.032616000000004
ENSG00000205810,KLRC3,chr12,10412315,10420595,-1,0.0,62.0,0.0,0,192761,,4,1,3,0,0,0,54.239160000000005
ENSG00000205809,KLRC2,chr12,10426854,10442300,-1,0.0,169.0,0.0,0,171056,,7,1,4,0,0,0,53.737925000000004
ENSG00000134545,KLRC1,chr12,10442264,10454685,-1,0.0,391.0,0.0,0,158671,,7,2,5,0,0,0,53.3326
ENSG00000180574,EIF2S3B,chr12,10505602,10523135,1,0.0,6.0,0.0,0,90221,,5,1,3,1,0,0,51.81362777777778
ENSG00000111196,MAGOHB,chr12,10604190,10613609,-1,0.0,43.0,0.0,1,0,1.1,8,1,5,0,1,0,51.46750909090909
ENSG00000060140,STYK1,chr12,10618919,10674318,-1,0.0,99.0,0.0,1,0,0.8,47,1,45,0,0,0,51.622096428571425
ENSG00000060138,YBX3,chr12,10699077,10723388,-1,0.0,311.0,0.0,1,0,1.01,31,2,28,0,0,0,52.22696
ENSG00000121377,TAS2R7,chr12,10801532,10802627,-1,0.0,12.0,0.0,0,77951,,2,1,1,0,0,0,54.279799999999994
ENSG00000121314,TAS2R8,chr12,10806051,10807286,-1,0.0,10.0,0.0,0,82470,,1,0,0,1,0,0,54.361599999999996
ENSG00000121381,TAS2R9,chr12,10809094,10810168,-1,0.0,7.0,0.0,0,85513,,1,0,0,0,0,0,54.419200000000004
ENSG00000231887,PRH1,chr12,10824960,11171608,-1,0.0,1132.0,0.0,1,0,0.94,162,3,75,19,1,0,51.37187988505747
ENSG00000121318,TAS2R10,chr12,10825219,10826358,-1,0.0,56.0,0.0,0,101638,,1,0,0,1,0,0,54.66285
ENSG00000111215,PRR4,chr12,10845849,11171600,-1,0.0,51.0,0.0,1,0,0.94,156,3,74,18,1,0,51.15561039755351
ENSG00000275778,,chr12,10845849,11171598,-1,0.0,0.0,0.0,1,0,0.94,156,3,74,18,1,0,51.15561039755351
ENSG00000212128,TAS2R13,chr12,10907926,10909562,-1,0.0,136.0,0.0,0,184345,,1,0,0,0,0,0,53.69306666666666
ENSG00000134551,PRH2,chr12,10929236,10934845,1,0.0,1624.0,0.0,0,205655,,1,0,0,1,0,0,52.91947142857142
ENSG00000212127,TAS2R14,chr12,10937408,11171573,-1,0.0,134.0,0.0,1,0,0.94,115,3,56,15,1,0,50.03493940677966
ENSG00000212126,TAS2R50,chr12,10985913,10986912,-1,0.0,12.0,0.0,0,184260,,1,0,0,0,0,0,51.36305
ENSG00000255837,TAS2R20,chr12,10995961,10998304,-1,0.0,19.0,0.0,0,172868,,0,0,0,0,0,0,51.1668
ENSG00000212124,TAS2R19,chr12,11021619,11022620,-1,0.0,13.0,0.0,0,148552,,2,0,1,0,0,0,50.8094
ENSG00000256436,TAS2R31,chr12,11030387,11031407,-1,0.0,14.0,0.0,0,139765,,0,0,0,0,0,0,50.71655
ENSG00000226761,TAS2R46,chr12,11061365,11062294,-1,0.0,22.0,0.0,0,108878,,0,0,0,0,0,0,50.2993
ENSG00000255374,TAS2R43,chr12,11091287,11092313,-1,0.0,18.0,0.0,0,78859,,1,0,1,0,0,0,49.60535
ENSG00000256188,TAS2R30,chr12,11132958,11134644,-1,0.0,10.0,0.0,0,36528,,3,0,3,0,0,0,48.05016666666666
ENSG00000256537,SMIM10L1,chr12,11171194,11176016,1,0.0,7.0,0.0,1,0,0.94,6,2,4,0,1,0,46.59796666666667
ENSG00000186136,TAS2R42,chr12,11185993,11186937,-1,0.0,16.0,0.0,0,14261,,0,0,0,0,0,0,46.29315
ENSG00000197870,PRB3,chr12,11265914,11269707,-1,0.0,249.0,0.0,0,94182,,1,0,1,0,0,0,47.61785999999999
ENSG00000230657,PRB4,chr12,11307077,11310436,-1,0.0,61.0,0.0,0,135345,,1,0,0,0,0,0,49.32095
ENSG00000251655,PRB1,chr12,11351823,11355591,-1,0.0,134.0,0.0,0,144707,,1,0,1,0,0,0,50.130280000000006
ENSG00000121335,PRB2,chr12,11391540,11501041,-1,0.0,259.0,0.0,1,0,0.95,43,3,21,3,0,0,48.10342727272727
ENSG00000139083,ETV6,chr12,11649623,11895386,1,2.0,610.0,1.0,0,4,,378,1,368,0,3,0,60.07178170731707
ENSG00000121380,BCL2L14,chr12,12049844,12211084,1,0.0,92.0,0.0,0,55661,,134,3,98,4,1,0,59.64041728395061
ENSG00000070018,LRP6,chr12,12116025,12267185,-1,0.0,969.0,0.0,1,0,0.99,131,3,109,2,1,0,60.281524999999995
ENSG00000111261,MANSC1,chr12,12326056,12350483,-1,0.0,47.0,0.0,1,0,0.87,32,2,29,0,1,0,67.62328000000001
ENSG00000165714,BORCS5,chr12,12357078,12471233,1,0.0,59.0,0.0,1,0,0.99,146,2,135,1,7,0,68.35486695652175
ENSG00000111266,DUSP16,chr12,12473282,12563147,-1,0.0,189.0,0.0,1,0,1.03,124,3,116,0,8,0,69.32265714285715
ENSG00000111269,CREBL2,chr12,12611827,12645108,1,0.0,26.0,0.0,0,48903,,33,1,29,0,2,0,67.45757647058825
ENSG00000183150,GPR19,chr12,12660047,12696705,-1,0.0,73.0,0.0,1,0,1.11,48,2,45,1,1,0,65.92007105263157
ENSG00000111276,CDKN1B,chr12,12685498,12722373,1,7.0,1127.0,1.0,2,0,0.995,56,3,52,1,2,0,65.6596105263158
ENSG00000178878,APOLD1,chr12,12725917,12829975,1,0.0,93.0,0.0,3,0,0.98,122,3,114,1,5,0,67.42870761904763
ENSG00000213782,DDX47,chr12,12813316,12829981,1,0.0,34.0,0.0,1,0,1.08,23,1,22,0,1,0,69.11262777777779
ENSG00000013588,GPRC5A,chr12,12890782,12917937,1,0.0,279.0,0.0,1,0,0.7,64,1,62,0,0,0,70.87991785714286
ENSG00000111291,GPRC5D,chr12,12940575,12952170,-1,0.0,94.0,0.0,0,47715,,13,1,11,0,0,0,70.89088333333335
ENSG00000013583,HEBP1,chr12,12974867,13000275,-1,0.0,144.0,0.0,1,0,0.88,40,2,37,1,1,0,70.49861923076922
ENSG00000084444,FAM234B,chr12,13044185,13142521,1,0.0,88.0,0.0,2,0,0.895,130,3,121,1,2,0,67.619462
ENSG00000111305,GSG1,chr12,13083532,13103683,-1,0.0,31.0,0.0,1,0,0.93,38,2,36,0,1,0,67.5952
ENSG00000289766,,chr12,13088784,13103484,-1,0.0,14.0,0.0,1,0,0.93,34,2,32,0,1,0,67.52588666666666
ENSG00000134531,EMP1,chr12,13196723,13219941,1,0.0,230.0,0.0,0,95026,,51,3,48,0,1,0,64.33783749999999
ENSG00000273079,GRIN2B,chr12,13437942,13982002,-1,0.0,520.0,0.0,2,0,0.89,367,4,230,25,0,0,39.343209357798166
ENSG00000293563,,chr12,13979928,13980895,-1,0.0,25.0,0.0,0,797,,4,0,4,0,0,0,38.10235
ENSG00000171681,ATF7IP,chr12,14365627,14502931,1,0.0,202.0,0.0,0,64383,,116,2,103,1,11,0,61.40199347826087
ENSG00000121316,PLBD1,chr12,14503660,14567913,-1,0.0,90.0,0.0,1,0,0.91,49,3,46,0,0,0,57.46117538461539
ENSG00000070019,GUCY2C,chr12,14612632,14696599,-1,0.0,235.0,0.0,0,44473,,58,2,47,2,0,0,54.93797176470587
ENSG00000197837,H4C16,chr12,14767999,14771131,-1,0.0,256.0,0.0,1,0,0.93,10,2,8,0,1,0,47.569325
ENSG00000246705,H2AJ,chr12,14774405,14778002,1,0.0,28.0,0.0,1,0,0.96,11,2,9,0,1,0,47.13048
ENSG00000084463,WBP11,chr12,14784582,14803500,-1,0.0,284.0,0.0,1,0,0.88,12,1,10,1,1,0,46.030770000000004
ENSG00000182993,C12orf60,chr12,14802864,14906586,1,0.0,78.0,0.0,1,0,0.88,112,5,96,3,1,0,44.33329714285714
ENSG00000179256,SMCO3,chr12,14804650,14814182,-1,0.0,10.0,0.0,0,1113,,9,2,6,0,1,0,45.29528
ENSG00000111339,ART4,chr12,14825569,14843526,-1,0.0,729.0,0.0,0,22032,,26,1,23,1,0,0,44.45388421052631
ENSG00000111341,MGP,chr12,14880864,14887639,-1,0.0,419.0,0.0,0,77327,,7,1,6,0,0,0,43.951825
ENSG00000139055,ERP27,chr12,14914039,14938537,-1,0.0,45.0,0.0,0,110502,,30,2,27,0,0,0,43.85888076923076
ENSG00000111348,ARHGDIB,chr12,14942015,14961985,-1,0.0,187.0,0.0,0,138478,,39,2,37,0,5,0,43.51634761904762
ENSG00000139053,PDE6H,chr12,14973042,14981865,1,0.0,104.0,0.0,0,169505,,8,1,7,0,0,0,42.7744
ENSG00000134533,RERG,chr12,15107783,15348675,-1,0.0,93.0,0.0,2,0,0.81,199,5,171,7,0,0,33.01916570247934
ENSG00000151490,PTPRO,chr12,15322257,15602175,1,0.0,180.0,0.0,1,0,0.82,208,3,153,14,4,0,35.50088007117437
ENSG00000151491,EPS8,chr12,15620134,15882330,-1,0.0,157.0,0.0,2,0,0.93,277,6,236,8,2,0,43.99983954372624
ENSG00000023734,STRAP,chr12,15882356,15903478,1,0.0,89.0,0.0,1,0,0.86,17,1,13,1,1,0,43.374204545454546
ENSG00000023697,DERA,chr12,15911284,16037381,1,0.0,40.0,0.0,1,0,0.91,115,3,88,5,1,0,43.610197637795274
ENSG00000188991,SLC15A5,chr12,16188485,16277685,-1,0.0,37.0,0.0,0,276885,,53,1,35,6,0,0,41.415812087912094
ENSG00000008394,MGST1,chr12,16347115,16609259,1,0.0,171.0,0.0,0,435515,,192,9,131,10,0,0,36.629634220532324
ENSG00000048540,LMO3,chr12,16548148,16613168,-1,0.0,170.0,0.0,0,636548,,81,8,65,2,0,0,31.032754545454544
ENSG00000111404,RERGL,chr12,18080869,18320107,-1,0.0,73.0,0.0,0,809284,,135,3,102,10,1,0,29.679843333333334
ENSG00000139144,PIK3C2G,chr12,18242960,18648416,1,0.0,194.0,0.0,0,480975,,285,3,188,20,0,0,40.34623004926109
ENSG00000139151,PLCZ1,chr12,18683169,18738100,-1,0.0,52.0,0.0,0,391291,,35,0,23,6,0,0,51.97300178571429
ENSG00000177938,CAPZA3,chr12,18738119,18739188,1,0.0,145.0,0.0,0,390203,,1,0,1,0,0,0,53.36605
ENSG00000052126,PLEKHA5,chr12,19129524,19376403,1,0.0,129.0,0.0,2,0,0.955,207,2,183,3,1,0,52.025704048583
ENSG00000139154,AEBP2,chr12,19404045,19720801,1,0.0,86.0,0.0,1,0,1.03,285,6,232,12,6,0,53.998696855345905
ENSG00000172572,PDE3A,chr12,20368537,20688583,1,0.0,337.0,0.0,2,0,0.75,266,1,234,9,0,0,22.206529283489097
ENSG00000139155,SLCO1C1,chr12,20695332,20753386,1,0.0,100.0,0.0,0,142262,,20,1,10,2,0,0,26.846974576271183
ENSG00000111700,SLCO1B3,chr12,20810691,20916911,1,0.0,246.0,0.0,0,257621,,35,1,16,4,0,0,25.152332710280376
ENSG00000257046,SLCO1B3-SLCO1B7,chr12,20815674,21090245,1,0.0,75.0,0.0,0,262604,,59,0,22,9,0,0,26.022165454545455
ENSG00000257062,,chr12,21047179,21176895,1,0.0,0.0,0.0,0,260640,,36,0,13,5,0,0,30.927588549618324
ENSG00000134538,SLCO1B1,chr12,21131120,21241074,1,0.0,336.0,0.0,0,196461,,33,0,13,4,0,0,33.40788648648649
ENSG00000084453,SLCO1A2,chr12,21264600,21419676,-1,0.0,225.0,0.0,0,17859,,71,2,47,4,0,0,41.87555192307692
ENSG00000121351,IAPP,chr12,21354959,21379980,1,0.0,661.0,0.0,0,57555,,8,0,2,1,0,0,43.62298846153846
ENSG00000121350,PYROXD1,chr12,21437615,21471250,1,0.0,131.0,0.0,1,0,1.04,20,1,16,0,3,0,47.19296470588235
ENSG00000004700,RECQL,chr12,21468910,21501669,-1,0.0,135.0,0.0,0,40,,17,1,12,1,1,0,47.91160294117647
ENSG00000111711,GOLT1B,chr12,21501781,21518408,1,0.0,76.0,0.0,1,0,0.95,11,1,9,1,3,0,48.47486470588235
ENSG00000134548,SPX,chr12,21526296,21541249,1,0.0,145.0,0.0,1,0,0.79,15,2,9,1,0,0,49.090506250000004
ENSG00000111713,GYS2,chr12,21536107,21604917,-1,0.0,182.0,0.0,0,8059,,58,1,32,5,0,0,50.20302
ENSG00000285854,,chr12,21536203,21657798,-1,0.0,0.0,0.0,1,0,0.74,104,2,74,6,3,0,51.02286422764228
ENSG00000111716,LDHB,chr12,21635340,21757890,-1,0.0,242.0,0.0,1,0,0.74,88,2,74,0,2,0,53.33405
ENSG00000121361,KCNJ8,chr12,21764950,21775615,-1,0.0,357.0,0.0,1,0,0.69,11,4,7,0,0,0,53.535608333333336
ENSG00000069431,ABCC9,chr12,21797389,21942543,-1,0.0,430.0,0.0,1,0,0.88,111,4,82,6,0,0,49.35883265306123
ENSG00000111726,CMAS,chr12,22046174,22065674,1,0.0,78.0,0.0,1,0,0.86,24,1,17,1,1,0,47.48943333333333
ENSG00000111728,ST8SIA1,chr12,22063773,22437041,-1,0.0,127.0,0.0,2,0,1.055,280,2,213,23,7,0,49.932922727272725
ENSG00000111731,C2CD5,chr12,22448567,22544574,-1,0.0,114.0,0.0,1,0,0.87,73,2,52,5,1,0,46.95103195876288
ENSG00000139163,ETNK1,chr12,22625075,22690665,1,1.0,191.0,1.0,1,0,0.98,52,2,40,1,1,0,55.57549552238805
ENSG00000134532,SOX5,chr12,23529504,24562544,-1,0.0,370.0,0.0,1,0,0.97,681,6,479,37,0,0,52.8145911992263
ENSG00000060982,BCAT1,chr12,24810024,24949556,-1,0.0,263.0,0.0,2,0,0.995,150,4,126,4,1,0,49.59905106382978
ENSG00000118308,IRAG2,chr12,25004342,25108489,1,0.0,72.0,0.0,0,55203,,88,3,82,0,2,0,51.22706190476192
ENSG00000118307,DNAI7,chr12,25108289,25195163,-1,0.0,113.0,0.0,1,0,0.96,58,1,35,4,1,0,50.75677954545454
ENSG00000205707,ETFRF1,chr12,25194775,25209645,1,0.0,26.0,0.0,1,0,0.96,16,1,15,0,1,0,50.4147
ENSG00000133703,KRAS,chr12,25205246,25250936,-1,7.0,1815.0,1.0,1,0,0.99,30,3,21,0,1,0,50.20402978723403
ENSG00000152936,LMNTD1,chr12,25409307,25648579,-1,0.0,27.0,0.0,0,22817,,179,2,115,15,1,0,42.10071078838175
ENSG00000123094,RASSF8,chr12,25958068,26079892,1,0.0,94.0,0.0,1,0,1.18,149,8,125,5,0,0,33.89542195121951
ENSG00000123095,BHLHE41,chr12,26120030,26125037,-1,0.0,262.0,0.0,2,0,1.025,14,1,13,0,0,0,36.87871666666667
ENSG00000123096,SSPN,chr12,26121991,26299290,1,0.0,145.0,0.0,3,0,0.98,219,7,182,7,1,0,41.658762359550565
ENSG00000123104,ITPR2,chr12,26335352,26833194,-1,0.0,245.0,0.0,1,0,1.05,452,4,343,29,1,0,48.67392905811624
ENSG00000064102,INTS13,chr12,26904250,26938331,-1,0.0,67.0,0.0,1,0,0.86,26,2,21,0,1,0,64.81808857142858
ENSG00000111790,FGFR1OP2,chr12,26938401,26966650,1,0.0,121.0,0.0,1,0,0.86,24,1,21,0,1,0,65.99824333333335
ENSG00000064115,TM7SF3,chr12,26971579,27014507,-1,0.0,40.0,0.0,1,0,0.97,37,1,31,0,1,0,66.99063863636364
ENSG00000152944,MED21,chr12,27022546,27066343,1,0.0,21.0,0.0,1,0,0.88,29,1,15,2,1,0,66.8115431818182
ENSG00000214700,C12orf71,chr12,27081057,27082578,-1,0.0,9.0,0.0,0,58147,,3,0,3,0,0,0,65.60956666666667
ENSG00000211455,STK38L,chr12,27243968,27325959,1,0.0,96.0,0.0,1,0,0.86,77,1,69,2,1,0,61.8543
ENSG00000029153,BMAL2,chr12,27332836,27425289,1,0.0,134.0,0.0,1,0,0.93,75,2,49,4,0,0,61.24613548387097
ENSG00000165935,SMCO2,chr12,27446736,27502185,1,0.0,17.0,0.0,0,112993,,55,0,34,5,0,0,58.981917857142854
ENSG00000110841,PPFIBP1,chr12,27523431,27695565,1,0.0,261.0,0.0,0,15135,,206,2,194,1,1,0,55.348338505747115
ENSG00000174236,REP15,chr12,27696447,27697596,1,0.0,53.0,0.0,0,13104,,4,1,3,0,0,0,55.184866666666665
ENSG00000061794,MRPS35,chr12,27710801,27756301,1,0.0,47.0,0.0,1,0,0.76,33,1,22,0,1,0,56.3731304347826
ENSG00000205693,MANSC4,chr12,27762427,27780236,-1,0.0,59.0,0.0,1,0,0.88,19,1,14,1,1,0,57.88153157894737
ENSG00000087448,KLHL42,chr12,27780000,27803040,1,0.0,74.0,0.0,1,0,0.88,26,2,22,1,1,0,58.7662
ENSG00000087494,PTHLH,chr12,27958084,27972755,-1,0.0,1267.0,0.0,1,0,1.03,28,8,18,2,0,0,62.92470625
ENSG00000123106,CCDC91,chr12,28133249,28581511,1,0.0,138.0,0.0,1,0,0.95,287,3,185,19,2,0,58.557442
ENSG00000064763,FAR2,chr12,29149016,29341121,1,0.0,146.0,0.0,1,0,0.74,185,4,142,12,2,0,35.29461761658031
ENSG00000087502,ERGIC2,chr12,29337352,29381189,-1,0.0,96.0,0.0,2,0,1.075,19,1,11,1,1,0,34.233695555555556
ENSG00000187950,OVCH1,chr12,29412474,29497686,-1,0.0,32.0,0.0,0,22569,,46,0,25,7,0,0,33.00118390804598
ENSG00000133687,TMTC1,chr12,29500840,29784759,-1,0.0,114.0,0.0,1,0,0.83,268,2,223,12,0,0,32.48533438596491
ENSG00000133704,IPO8,chr12,30628981,30695883,-1,0.0,215.0,0.0,1,0,0.82,46,1,32,2,1,0,41.00089411764706
ENSG00000110888,CAPRIN2,chr12,30709512,30823302,-1,0.0,65.0,0.0,3,0,0.7867,89,10,58,2,2,0,45.40395087719298
ENSG00000110900,TSPAN11,chr12,30926428,30996602,1,0.0,51.0,0.0,1,0,0.88,92,2,73,6,0,0,51.55814166666667
ENSG00000013573,DDX11,chr12,31073282,31104811,1,0.0,125.0,0.0,1,0,0.84,37,1,32,1,1,0,49.30548181818182
ENSG00000139146,SINHCAF,chr12,31280584,31327058,-1,0.0,112.0,0.0,1,0,0.99,58,4,52,0,3,0,60.71464468085107
ENSG00000170456,DENND5B,chr12,31382226,31591170,-1,0.0,105.0,0.0,1,0,1.02,175,2,146,8,0,0,67.81197095238095
ENSG00000233381,AK4P3,chr12,31615023,31652095,-1,0.0,30.0,0.0,1,0,0.92,39,2,33,0,0,0,69.39648157894737
ENSG00000139160,ETFBKMT,chr12,31647160,31673114,1,0.0,19.0,0.0,1,0,0.95,33,6,25,1,2,0,68.81141111111111
ENSG00000151743,AMN1,chr12,31671142,31729121,-1,0.0,23.0,0.0,1,0,0.99,42,2,33,1,1,0,67.86573389830508
ENSG00000300510,,chr12,31749391,31755316,1,0.0,4.0,0.0,0,19864,,9,0,9,0,1,0,67.09628571428571
ENSG00000188375,H3-5,chr12,31791185,31792298,-1,0.0,134.0,0.0,1,0,1.0,2,0,2,0,0,0,67.41635
ENSG00000174718,RESF1,chr12,31959370,31993114,1,0.0,174.0,0.0,1,0,1.2,38,1,36,0,3,0,72.00571428571428
ENSG00000151746,BICD1,chr12,32106817,32383633,1,0.0,72.0,0.0,1,0,1.14,242,4,215,4,1,0,71.1420762589928
ENSG00000139132,FGD4,chr12,32399558,32646050,1,0.0,156.0,0.0,1,0,0.85,256,4,244,1,0,0,60.6146983805668
ENSG00000087470,DNM1L,chr12,32679200,32745650,1,0.0,721.0,0.0,1,0,0.88,45,1,34,4,1,0,56.43264705882353
ENSG00000139131,YARS2,chr12,32727490,32755906,-1,0.0,92.0,0.0,1,0,0.98,22,2,17,2,1,0,56.60143333333334
ENSG00000057294,PKP2,chr12,32790745,32896798,-1,0.0,252.0,0.0,1,0,0.89,104,3,99,0,0,0,54.71347196261683
ENSG00000110975,SYT10,chr12,33374238,33439819,-1,0.0,47.0,0.0,1,0,0.91,33,1,12,3,0,0,29.628653731343285
ENSG00000139133,ALG10,chr12,34022468,34029694,1,0.0,114.0,0.0,1,0,1.21,4,1,3,0,1,0,30.639811111111115
ENSG00000175548,ALG10B,chr12,38316762,38329721,1,0.0,105.0,0.0,1,0,1.14,10,1,4,4,1,0,15.020585714285716
ENSG00000139117,CPNE8,chr12,38646822,38907430,-1,0.0,75.0,0.0,2,0,0.93,147,3,77,19,2,0,14.71746551724138
ENSG00000139116,KIF21A,chr12,39293228,39443718,-1,0.0,153.0,0.0,1,0,0.9,146,2,104,7,2,0,14.75191315789474
ENSG00000173208,ABCD2,chr12,39550033,39619803,-1,0.0,270.0,0.0,0,106336,,46,1,39,1,2,0,20.09141549295775
ENSG00000180116,REDIC1,chr12,39626167,39908300,1,0.0,12.0,0.0,0,182470,,142,1,83,15,1,0,22.496285865724378
ENSG00000151229,SLC2A13,chr12,39755025,40106089,-1,0.0,75.0,0.0,1,0,0.99,239,1,146,22,1,0,24.321257507082155
ENSG00000188906,LRRK2,chr12,40196744,40369285,1,0.0,540.0,0.0,1,0,0.86,124,4,87,7,0,0,15.64429942196532
ENSG00000205592,MUC19,chr12,40393395,40570832,1,0.0,123.0,0.0,0,121888,,69,0,39,8,0,0,16.805558659217876
ENSG00000018236,CNTN1,chr12,40692431,41072415,1,0.0,362.0,0.0,1,0,0.73,238,2,139,27,0,0,17.167805511811025
ENSG00000165966,PDZRN4,chr12,41188320,41574745,1,0.0,74.0,0.0,2,0,0.97,281,3,191,21,1,0,20.662620103092785
ENSG00000151233,GXYLT1,chr12,42081845,42144874,-1,0.0,48.0,0.0,1,0,1.23,62,1,50,1,2,0,33.1100109375
ENSG00000015153,YAF2,chr12,42157104,42238349,-1,0.0,43.0,0.0,2,0,1.06,58,1,40,2,2,0,35.113767073170735
ENSG00000134283,PPHLN1,chr12,42238418,42459715,1,0.0,236.0,0.0,3,0,0.93,170,5,121,7,2,0,47.8784461883408
ENSG00000139168,ZCRB1,chr12,42312086,42326257,-1,0.0,58.0,0.0,1,0,1.0,6,1,4,0,1,0,46.13824666666667
ENSG00000139174,PRICKLE1,chr12,42456753,42590355,-1,0.0,785.0,0.0,3,0,0.9733,123,7,101,1,1,0,54.86561194029851
ENSG00000173157,ADAMTS20,chr12,43352771,43552203,-1,0.0,249.0,0.0,1,0,0.77,85,3,28,16,0,0,35.4164965
ENSG00000129317,PUS7L,chr12,43718992,43759193,-1,0.0,47.0,0.0,1,0,0.96,20,2,11,3,1,0,35.614136585365856
ENSG00000198001,IRAK4,chr12,43758944,43798307,1,0.0,356.0,0.0,1,0,0.96,24,1,18,2,1,0,35.338609999999996
ENSG00000151239,TWF1,chr12,43793460,43806328,-1,0.0,145.0,0.0,1,0,0.95,8,1,7,0,1,0,35.77139999999999
ENSG00000139173,TMEM117,chr12,43835967,44389762,1,0.0,47.0,0.0,1,0,1.19,351,1,169,39,1,0,49.541487207207204
ENSG00000184613,NELL2,chr12,44508274,44921889,-1,0.0,258.0,0.0,1,0,0.76,256,5,212,8,5,0,33.651043614457826
ENSG00000185610,DBX2,chr12,45014672,45051099,-1,0.0,30.0,0.0,1,0,0.84,16,1,8,3,0,0,30.706064864864857
ENSG00000177119,ANO6,chr12,45215987,45482280,1,0.0,403.0,0.0,1,0,0.88,247,2,218,10,1,0,43.45003558052434
ENSG00000189079,ARID2,chr12,45728910,45908040,1,2.0,511.0,1.0,1,0,1.23,117,3,80,7,4,0,52.87720222222222
ENSG00000139218,SCAF11,chr12,45919131,45992120,-1,0.0,205.0,0.0,2,0,1.02,62,2,55,1,1,0,55.73381351351352
ENSG00000111371,SLC38A1,chr12,46183054,46270070,-1,0.0,197.0,0.0,1,0,0.77,120,4,107,0,5,0,53.733653409090905
ENSG00000134294,SLC38A2,chr12,46358185,46372832,-1,0.0,162.0,0.0,1,0,0.96,37,4,33,0,2,0,54.19254375
ENSG00000139209,SLC38A4,chr12,46763642,46832500,-1,0.0,65.0,0.0,1,0,0.83,67,1,51,2,0,0,66.38928142857144
ENSG00000139211,AMIGO2,chr12,47075707,47080902,-1,0.0,133.0,0.0,1,0,0.87,12,2,10,0,2,0,54.6638
ENSG00000179715,PCED1B,chr12,47077945,47236664,1,0.0,71.0,0.0,2,0,0.8,194,6,162,3,9,0,50.808076875
ENSG00000005175,RPAP3,chr12,47661249,47706038,-1,0.0,76.0,0.0,1,0,0.95,20,1,11,1,1,0,65.90927173913045
ENSG00000111405,ENDOU,chr12,47709734,47725567,-1,0.0,163.0,0.0,0,3612,,26,2,23,0,0,0,65.98943529411765
ENSG00000079337,RAPGEF3,chr12,47734363,47771040,-1,0.0,372.0,0.0,1,0,0.66,83,4,79,0,0,0,65.72958947368421
ENSG00000211584,SLC48A1,chr12,47753916,47782751,1,0.0,202.0,0.0,2,0,0.83,68,5,62,0,1,0,65.59563666666666
ENSG00000061273,HDAC7,chr12,47782722,47833132,-1,0.0,315.0,0.0,2,0,0.775,118,8,109,0,7,0,65.45633529411765
ENSG00000111424,VDR,chr12,47841537,47943048,-1,0.0,1470.0,0.0,1,0,0.87,136,4,122,0,3,0,66.56537843137254
ENSG00000134291,TMEM106C,chr12,47963569,47968885,1,0.0,45.0,0.0,1,0,1.08,9,1,8,0,1,0,68.99213333333334
ENSG00000139219,COL2A1,chr12,47972967,48004689,-1,0.0,1222.0,0.0,2,0,0.81,48,1,40,1,0,0,70.20338484848486
ENSG00000079387,SENP1,chr12,48039784,48106308,-1,0.0,277.0,0.0,1,0,0.81,111,4,48,15,1,0,75.91743283582089
ENSG00000152556,PFKM,chr12,48105139,48150704,1,0.0,275.0,0.0,1,0,0.81,91,7,68,1,1,0,78.9992425531915
ENSG00000177981,ASB8,chr12,48147789,48181213,-1,0.0,59.0,0.0,1,0,0.78,64,3,42,3,1,0,79.91911470588236
ENSG00000177875,CCDC184,chr12,48183644,48185926,1,0.0,15.0,0.0,1,0,0.8,6,1,5,0,1,0,80.01216666666666
ENSG00000172640,OR10AD1,chr12,48202339,48203292,-1,0.0,16.0,0.0,0,3337,,3,1,2,0,0,0,79.8493
ENSG00000187166,H1-7,chr12,48328980,48330279,1,0.0,149.0,0.0,1,0,1.0,1,0,0,0,0,0,75.9153
ENSG00000167528,ZNF641,chr12,48337180,48351414,-1,0.0,72.0,0.0,1,0,0.92,11,2,9,0,2,0,75.20777333333332
ENSG00000139223,ANP32D,chr12,48472559,48473622,1,0.0,7.0,0.0,0,54369,,0,0,0,0,0,0,66.72395
ENSG00000177627,C12orf54,chr12,48482498,48496524,1,0.0,25.0,0.0,0,31467,,4,0,4,0,0,0,65.99968125
ENSG00000284723,OR8S1,chr12,48525632,48526570,1,0.0,6.0,0.0,0,1421,,1,0,0,0,0,0,65.0489
ENSG00000198678,OR5BS1,chr12,48559882,48562956,1,0.0,2.0,0.0,0,31536,,0,0,0,0,0,0,64.90010000000001
ENSG00000167531,LALBA,chr12,48567684,48570066,-1,0.0,84.0,0.0,0,39338,,0,0,0,0,0,0,64.90943333333334
ENSG00000139620,KANSL2,chr12,48653211,48682247,-1,0.0,39.0,0.0,1,0,0.83,24,2,17,1,1,0,63.40656333333333
ENSG00000129315,CCNT1,chr12,48688458,48716998,-1,0.0,132.0,0.0,1,0,0.93,24,2,15,1,1,0,61.90408666666668
ENSG00000257987,SPMIP11,chr12,48727435,48765790,1,0.0,4.0,0.0,0,10337,,27,0,20,1,0,0,60.13732
ENSG00000174233,ADCY6,chr12,48766191,48789906,-1,0.0,223.0,0.0,2,0,0.785,36,5,31,0,0,0,59.362776
ENSG00000167535,CACNB3,chr12,48813794,48828941,1,0.0,160.0,0.0,2,0,0.795,31,5,25,1,3,0,59.33271875
ENSG00000174243,DDX23,chr12,48829756,48852842,-1,0.0,66.0,0.0,1,0,0.79,16,1,5,3,1,0,59.67837083333333
ENSG00000172602,RND1,chr12,48857145,48865870,-1,0.0,64.0,0.0,0,4755,,18,1,16,0,1,0,60.174310000000006
ENSG00000272822,,chr12,48903503,48957365,-1,0.0,1.0,0.0,2,0,0.77,59,7,47,2,4,0,62.86847037037037
ENSG00000139537,CCDC65,chr12,48904110,48931840,1,0.0,81.0,0.0,1,0,0.79,28,4,20,2,2,0,62.27261724137931
ENSG00000134285,FKBP11,chr12,48921518,48926474,-1,0.0,120.0,0.0,1,0,0.79,9,3,6,0,1,0,62.533879999999996
ENSG00000134287,ARF3,chr12,48935723,48957514,-1,0.0,236.0,0.0,1,0,0.75,25,2,22,0,1,0,63.662339130434795
ENSG00000169884,WNT10B,chr12,48965340,48971735,-1,0.0,181.0,0.0,1,0,0.9,18,2,16,0,0,0,64.8619875
ENSG00000125084,WNT1,chr12,48978322,48982620,1,0.0,602.0,0.0,1,0,0.81,12,1,11,0,1,0,65.60973333333334
ENSG00000181418,DDN,chr12,48995149,48999375,-1,0.0,71.0,0.0,2,0,0.77,12,5,7,0,0,0,66.71673999999999
ENSG00000288710,,chr12,49002274,49024075,-1,0.0,0.0,0.0,1,0,0.85,28,1,24,0,1,0,67.85416086956522
ENSG00000181929,PRKAG1,chr12,49002274,49018807,-1,0.0,480.0,0.0,1,0,0.85,18,1,16,0,1,0,67.67350555555555
ENSG00000167548,KMT2D,chr12,49018975,49060794,-1,4.0,821.0,1.0,2,0,0.885,88,3,74,1,2,0,69.79868372093024
ENSG00000167550,RHEBL1,chr12,49064676,49070039,-1,0.0,51.0,0.0,1,0,0.93,6,1,4,0,1,0,71.69276666666666
ENSG00000139549,DHH,chr12,49086656,49094801,-1,0.0,453.0,0.0,4,0,0.955,17,2,15,0,0,0,73.03105555555555
ENSG00000139636,LMBR1L,chr12,49097136,49110900,-1,0.0,276.0,0.0,1,0,0.84,19,1,17,0,1,0,73.59802666666666
ENSG00000123416,TUBA1B,chr12,49127782,49131397,-1,0.0,377.0,0.0,1,0,0.95,8,4,4,0,1,0,74.31717499999999
ENSG00000167552,TUBA1A,chr12,49184686,49189324,-1,0.0,466.0,0.0,1,0,0.87,13,3,10,0,1,0,74.26182
ENSG00000167553,TUBA1C,chr12,49188736,49274600,1,0.0,328.0,0.0,2,0,0.86,119,7,103,3,3,0,73.66111839080462
ENSG00000135406,PRPH,chr12,49295147,49298686,1,0.0,169.0,0.0,1,0,0.75,13,1,12,0,0,0,73.55264
ENSG00000135451,TROAP,chr12,49323216,49331733,1,0.0,105.0,0.0,1,0,1.0,12,2,7,0,1,0,74.00061
ENSG00000186897,C1QL4,chr12,49332409,49337188,-1,0.0,20.0,0.0,2,0,0.865,13,1,7,0,0,0,74.13478333333333
ENSG00000178401,DNAJC22,chr12,49345607,49357546,1,0.0,24.0,0.0,1,0,0.77,14,2,11,0,0,0,74.51565384615387
ENSG00000123352,SPATS2,chr12,49366240,49528438,1,0.0,48.0,0.0,2,0,0.96,147,2,126,6,1,0,78.0457337423313
ENSG00000135519,KCNH3,chr12,49539028,49558337,1,0.0,222.0,0.0,2,0,0.83,48,1,44,1,0,0,82.831645
ENSG00000187778,MCRS1,chr12,49556544,49568145,-1,0.0,63.0,0.0,1,0,0.94,21,2,17,0,1,0,83.2091
ENSG00000110844,PRPF40B,chr12,49568218,49644666,1,0.0,137.0,0.0,2,0,0.945,93,3,68,4,2,0,83.22652564102562
ENSG00000135436,FAM186B,chr12,49582885,49605639,-1,0.0,41.0,0.0,0,14449,,24,0,16,0,0,0,83.46575416666666
ENSG00000161791,FMNL3,chr12,49636499,49708165,-1,0.0,75.0,0.0,1,0,0.91,109,1,102,1,6,0,81.4747236111111
ENSG00000139644,TMBIM6,chr12,49707725,49764935,1,0.0,160.0,0.0,2,0,0.84,53,3,33,3,4,0,78.84534655172415
ENSG00000167566,NCKAP5L,chr12,49791140,49828750,-1,0.0,65.0,0.0,2,0,0.71,66,2,60,0,2,0,75.79606666666666
ENSG00000186666,BCDIN3D,chr12,49836043,49843106,-1,0.0,37.0,0.0,1,0,1.02,6,1,4,0,2,0,74.8220125
ENSG00000135472,FAIM2,chr12,49866896,49904217,-1,0.0,174.0,0.0,1,0,0.87,76,3,66,1,0,0,74.14863684210526
ENSG00000167580,AQP2,chr12,49950737,49958878,1,0.0,429.0,0.0,1,0,0.77,20,2,18,0,0,0,74.87909999999998
ENSG00000161798,AQP5,chr12,49961811,49965682,1,0.0,340.0,0.0,1,0,0.99,11,1,10,0,0,0,75.06652
ENSG00000086159,AQP6,chr12,49967194,49977139,1,0.0,83.0,0.0,1,0,0.85,24,3,21,0,0,0,75.2364
ENSG00000161800,RACGAP1,chr12,49976923,50033136,-1,0.0,160.0,0.0,2,0,0.9,67,3,55,0,1,0,75.84960344827587
ENSG00000110881,ASIC1,chr12,50057548,50083621,1,0.0,169.0,0.0,2,0,0.85,49,2,40,0,0,0,76.3750814814815
ENSG00000066117,SMARCD1,chr12,50085200,50100712,1,0.0,196.0,0.0,1,0,1.02,15,2,12,0,1,0,76.22388823529411
ENSG00000167588,GPD1,chr12,50103982,50111316,1,0.0,173.0,0.0,0,281,,15,1,14,0,1,0,76.028075
ENSG00000178449,COX14,chr12,50112082,50120457,1,0.0,31.0,0.0,1,0,0.78,15,2,13,0,1,0,75.87868888888887
ENSG00000139624,CERS5,chr12,50129289,50167533,-1,0.0,84.0,0.0,1,0,0.84,34,1,27,0,1,0,75.119355
ENSG00000050405,LIMA1,chr12,50175788,50283524,-1,0.0,120.0,0.0,1,0,1.05,152,8,137,2,3,0,73.6727119266055
ENSG00000185958,FAM186A,chr12,50326230,50396622,-1,0.0,26.0,0.0,0,4144,,53,1,31,4,0,0,76.12660972222223
ENSG00000161813,LARP4,chr12,50392383,50480007,1,0.0,58.0,0.0,1,0,0.88,63,3,50,2,1,0,77.04698988764044
ENSG00000066084,DIP2B,chr12,50504962,50748657,1,0.0,104.0,0.0,1,0,1.01,301,1,285,1,5,0,79.56021959183673
ENSG00000123268,ATF1,chr12,50763710,50821162,1,0.0,240.0,0.0,1,0,0.97,50,2,44,0,1,0,76.93989827586208
ENSG00000186452,TMPRSS12,chr12,50842920,50887884,1,0.0,148.0,0.0,1,0,0.74,30,1,13,4,0,0,76.12371304347826
ENSG00000185432,TMT1A,chr12,50923472,50932510,1,0.0,108.0,0.0,0,80331,,16,1,15,0,1,0,75.22612727272727
ENSG00000289695,,chr12,50924969,50970700,1,0.0,0.0,0.0,0,55157,,51,2,39,4,1,0,74.8432425531915
ENSG00000214511,HIGD1C,chr12,50952538,50970607,1,0.0,8.0,0.0,0,55250,,13,0,5,4,0,0,74.55828947368418
ENSG00000110911,SLC11A2,chr12,50979401,51028566,-1,0.0,483.0,0.0,1,0,0.79,72,4,67,0,2,0,73.36748039215686
ENSG00000050426,LETMD1,chr12,51047962,51060426,1,0.0,75.0,0.0,1,0,0.73,14,1,13,0,1,0,71.55020769230768
ENSG00000110925,CSRNP2,chr12,51061205,51083664,-1,0.0,30.0,0.0,1,0,0.95,30,1,27,0,1,0,70.9054875
ENSG00000135457,TFCP2,chr12,51093656,51173137,-1,0.0,171.0,0.0,1,0,1.02,43,2,28,3,1,0,69.99746125
ENSG00000184271,POU6F1,chr12,51186936,51218062,-1,0.0,41.0,0.0,1,0,0.94,45,3,39,0,1,0,71.122975
ENSG00000183283,DAZAP2,chr12,51238724,51271362,1,0.0,106.0,0.0,2,0,0.945,44,5,34,1,4,0,72.68710606060607
ENSG00000170545,SMAGP,chr12,51244558,51270415,-1,0.0,35.0,0.0,1,0,0.97,32,2,25,1,3,0,72.75930000000001
ENSG00000110934,BIN2,chr12,51281038,51324668,-1,0.0,147.0,0.0,1,0,0.61,41,2,37,0,5,0,73.94684000000001
ENSG00000139610,CELA1,chr12,51328442,51346679,-1,0.0,122.0,0.0,0,4070,,23,0,21,1,2,0,74.82405
ENSG00000139629,GALNT6,chr12,51351247,51392867,-1,0.0,102.0,0.0,1,0,0.91,58,2,53,0,2,0,75.70683953488373
ENSG00000050438,SLC4A8,chr12,51391317,51515763,1,0.0,109.0,0.0,2,0,0.845,116,3,97,4,5,0,77.12519206349207
ENSG00000196876,SCN8A,chr12,51590266,51812864,1,0.0,1348.0,0.0,2,0,1.3,174,3,115,21,0,0,76.92332946428571
ENSG00000284730,TMDD1,chr12,51813921,51814925,-1,0.0,3.0,0.0,1,0,0.99,5,1,4,0,0,0,74.0826
ENSG00000261308,FIGNL2,chr12,51817899,51848718,-1,0.0,15.0,0.0,2,0,0.775,53,3,49,1,2,0,73.168765625
ENSG00000167612,ANKRD33,chr12,51888009,51891727,1,0.0,18.0,0.0,0,8662,,11,1,10,0,0,0,69.99006
ENSG00000139567,ACVRL1,chr12,51906908,51923361,1,0.0,422.0,0.0,2,0,0.795,37,4,32,0,0,0,68.56818235294116
ENSG00000135503,ACVR1B,chr12,51951679,51997082,1,0.0,291.0,0.0,1,0,1.1,66,2,59,1,1,0,65.95279347826089
ENSG00000161835,TAMALIN,chr12,52006946,52015889,1,0.0,51.0,0.0,2,0,0.885,26,3,23,0,1,0,64.94149
ENSG00000123358,NR4A1,chr12,52022832,52059509,1,0.0,915.0,0.0,4,0,0.8875,90,7,82,0,8,0,64.52420000000001
ENSG00000123395,ATG101,chr12,52069246,52077495,1,0.0,51.0,0.0,1,0,0.84,16,2,13,0,1,0,64.40147777777777
ENSG00000284791,SMIM41,chr12,52079704,52108255,1,0.0,3.0,0.0,1,0,0.83,44,2,40,1,0,0,64.57662413793103
ENSG00000167767,KRT80,chr12,52168996,52192014,-1,0.0,146.0,0.0,0,16417,,51,1,48,0,0,0,67.30240416666668
ENSG00000135480,KRT7,chr12,52232520,52252186,1,0.0,895.0,0.0,3,0,0.77,54,3,51,0,1,0,70.54949500000001
ENSG00000170442,KRT86,chr12,52249300,52309163,1,0.0,76.0,0.0,5,0,0.89,109,6,89,5,0,0,72.37019016393444
ENSG00000205426,KRT81,chr12,52285913,52291534,-1,0.0,98.0,0.0,1,0,0.94,10,0,9,1,0,0,72.86882857142857
ENSG00000170523,KRT83,chr12,52314301,52321398,-1,0.0,39.0,0.0,1,0,0.9,14,0,3,4,0,0,73.98185000000001
ENSG00000135443,KRT85,chr12,52360006,52367481,-1,0.0,27.0,0.0,1,0,0.82,11,0,8,2,0,0,75.0422875
ENSG00000161849,KRT84,chr12,52377812,52385652,-1,0.0,18.0,0.0,0,10497,,9,0,2,5,0,0,75.14315555555557
ENSG00000161850,KRT82,chr12,52393931,52406335,-1,0.0,27.0,0.0,0,26616,,14,0,2,5,0,0,75.04504615384616
ENSG00000170454,KRT75,chr12,52424070,52434371,-1,0.0,144.0,0.0,0,56755,,10,0,8,0,0,0,74.51213636363637
ENSG00000185479,KRT6B,chr12,52446651,52452146,-1,0.0,200.0,0.0,0,79336,,7,2,2,0,0,0,73.87023333333333
ENSG00000170465,KRT6C,chr12,52468516,52473805,-1,0.0,74.0,0.0,0,101201,,2,0,0,0,0,0,72.9456
ENSG00000205420,KRT6A,chr12,52487176,52493257,-1,0.0,186.0,0.0,0,107731,,10,1,9,0,0,0,71.99715714285713
ENSG00000186081,KRT5,chr12,52514575,52520530,-1,0.0,621.0,0.0,0,80458,,15,1,14,0,0,0,70.30244285714286
ENSG00000139648,KRT71,chr12,52543909,52553145,-1,0.0,189.0,0.0,0,47843,,10,0,7,2,0,0,68.12122000000001
ENSG00000170484,KRT74,chr12,52565782,52573843,-1,0.0,29.0,0.0,0,27145,,9,0,9,0,0,0,66.39282222222222
ENSG00000170486,KRT72,chr12,52585589,52601538,-1,0.0,85.0,0.0,1,0,0.79,13,1,8,0,0,0,64.33933529411765
ENSG00000186049,KRT73,chr12,52607570,52618559,-1,0.0,21.0,0.0,0,6042,,24,0,24,0,1,0,62.64615
ENSG00000172867,KRT2,chr12,52644558,52652211,-1,0.0,292.0,0.0,0,23097,,12,0,12,0,2,0,59.7850625
ENSG00000167768,KRT1,chr12,52674736,52680407,-1,0.0,623.0,0.0,1,0,0.83,13,0,13,0,0,0,57.863466666666675
ENSG00000189182,KRT77,chr12,52689626,52703524,-1,0.0,49.0,0.0,0,10604,,26,2,13,4,0,0,56.928786666666674
ENSG00000185069,KRT76,chr12,52768155,52777345,-1,0.0,279.0,0.0,0,12584,,19,0,7,3,0,0,56.07125
ENSG00000186442,KRT3,chr12,52789685,52796117,-1,0.0,104.0,0.0,1,0,0.84,17,0,10,2,0,0,56.36994285714286
ENSG00000170477,KRT4,chr12,52806549,52814116,-1,0.0,219.0,0.0,0,16153,,17,1,16,0,0,0,56.6949125
ENSG00000185640,KRT79,chr12,52821408,52834311,-1,0.0,34.0,0.0,0,31012,,32,0,19,1,0,0,57.03132857142857
ENSG00000170423,KRT78,chr12,52837804,52849092,-1,0.0,52.0,0.0,0,24983,,17,2,9,1,0,0,57.345858333333325
ENSG00000170421,KRT8,chr12,52897182,52949954,-1,0.0,649.0,0.0,2,0,0.825,99,8,84,0,2,0,59.01930185185185
ENSG00000111057,KRT18,chr12,52945688,52952911,1,0.0,651.0,0.0,1,0,0.82,20,4,16,0,1,0,59.7205125
ENSG00000063046,EIF4B,chr12,53006279,53042230,1,0.0,163.0,0.0,1,0,0.89,34,2,28,0,1,0,62.627121621621626
ENSG00000111077,TNS2,chr12,53046969,53064379,1,0.0,148.0,0.0,2,0,0.875,51,6,45,0,3,0,64.13984444444444
ENSG00000167778,SPRYD3,chr12,53064316,53079414,-1,0.0,68.0,0.0,1,0,0.84,34,1,32,0,1,0,64.97903124999999
ENSG00000167779,IGFBP6,chr12,53097436,53102345,1,0.0,253.0,0.0,1,0,0.71,15,3,12,0,1,0,66.57119999999999
ENSG00000167780,SOAT2,chr12,53103461,53124538,1,0.0,133.0,0.0,0,5290,,27,2,23,0,0,0,67.47270869565219
ENSG00000139631,CSAD,chr12,53157663,53180933,-1,0.0,107.0,0.0,1,0,0.98,33,3,22,0,1,0,71.42780416666666
ENSG00000139651,ZNF740,chr12,53180694,53195142,1,0.0,35.0,0.0,1,0,0.98,32,2,29,0,1,0,72.88458
ENSG00000139626,ITGB7,chr12,53191318,53207282,-1,0.0,258.0,0.0,1,0,0.76,38,3,35,0,4,0,73.75668235294117
ENSG00000172819,RARG,chr12,53210566,53232980,-1,0.0,372.0,0.0,2,0,0.765,57,4,51,0,5,0,75.52551304347826
ENSG00000283536,,chr12,53241900,53242722,1,0.0,2.0,0.0,0,9213,,3,1,2,0,0,0,76.96985
ENSG00000182544,MFSD5,chr12,53251251,53254406,1,0.0,8.0,0.0,1,0,0.99,6,2,4,0,2,0,77.5891
ENSG00000135476,ESPL1,chr12,53268285,53293643,1,0.0,143.0,0.0,1,0,1.06,33,2,30,0,2,0,78.91638148148148
ENSG00000123349,PFDN5,chr12,53295291,53299452,1,0.0,87.0,0.0,1,0,0.87,7,2,5,0,2,0,79.38934
ENSG00000139637,MYG1,chr12,53299695,53307177,1,0.0,42.0,0.0,1,0,0.85,7,2,4,0,1,0,79.50108750000001
ENSG00000094914,AAAS,chr12,53307456,53324864,-1,0.0,107.0,0.0,2,0,0.89,19,3,13,0,2,0,79.60083157894735
ENSG00000170374,SP7,chr12,53326575,53345315,-1,0.0,246.0,0.0,1,0,1.0,27,1,19,0,0,0,79.51097368421051
ENSG00000185591,SP1,chr12,53380176,53416446,1,0.0,732.0,0.0,1,0,0.81,43,2,35,1,2,0,78.03945945945948
ENSG00000135409,AMHR2,chr12,53423672,53431672,1,0.0,263.0,0.0,0,9885,,19,2,15,0,0,0,77.34498888888889
ENSG00000205352,PRR13,chr12,53441308,53446660,1,0.0,46.0,0.0,1,0,0.89,9,2,6,0,1,0,77.12708571428571
ENSG00000197111,PCBP2,chr12,53451900,53481162,1,0.0,165.0,0.0,2,0,0.975,61,5,51,0,2,0,77.03671
ENSG00000139625,MAP3K12,chr12,53479669,53500063,-1,0.0,179.0,0.0,2,0,0.86,43,3,39,0,2,0,77.13490952380953
ENSG00000139546,TARBP2,chr12,53500921,53506431,1,0.0,209.0,0.0,1,0,0.87,15,3,12,0,1,0,77.26748333333332
ENSG00000139574,NPFF,chr12,53506684,53507491,-1,0.0,69.0,0.0,0,5155,,2,1,1,0,0,0,77.3096
ENSG00000267281,ATF7-NPFF,chr12,53506691,53625979,-1,0.0,0.0,0.0,0,49,,135,3,122,1,3,0,78.1846325
ENSG00000170653,ATF7,chr12,53507856,53626410,-1,0.0,71.0,0.0,1,0,0.81,135,4,121,1,3,0,78.1919857142857
ENSG00000135390,ATP5MC2,chr12,53632726,53677651,-1,0.0,190.0,0.0,1,0,0.83,40,6,25,3,1,0,79.19157173913044
ENSG00000012822,CALCOCO1,chr12,53708517,53727745,-1,0.0,71.0,0.0,0,10619,,20,1,16,1,2,0,79.35680499999998
ENSG00000123364,HOXC13,chr12,53938831,53946544,1,0.0,314.0,0.0,2,0,0.9,16,3,13,0,0,0,82.19823333333335
ENSG00000123407,HOXC12,chr12,53954903,53958956,1,0.0,83.0,0.0,1,0,1.06,11,1,10,0,0,0,81.75458
ENSG00000123388,HOXC11,chr12,53973126,53977643,1,0.0,225.0,0.0,1,0,0.79,14,2,12,0,0,0,80.91713333333333
ENSG00000180818,HOXC10,chr12,53985065,53990279,1,0.0,434.0,0.0,1,0,0.77,15,4,11,0,0,0,80.24218333333333
ENSG00000273049,,chr12,53985845,54034888,1,0.0,0.0,0.0,12,0,0.8833,134,13,121,0,1,0,78.691732
ENSG00000197757,HOXC6,chr12,53990624,54030823,1,0.0,191.0,0.0,9,0,0.9189,109,9,100,0,1,0,78.66780487804878
ENSG00000180806,HOXC9,chr12,53994895,54003337,1,0.0,222.0,0.0,2,0,0.825,26,3,23,0,0,0,79.51402222222222
ENSG00000037965,HOXC8,chr12,54008985,54012769,1,0.0,307.0,0.0,1,0,1.06,12,1,11,0,0,0,78.69001999999999
ENSG00000198353,HOXC4,chr12,54016931,54056030,1,0.0,390.0,0.0,7,0,0.9614,101,6,95,0,1,0,76.81387500000001
ENSG00000172789,HOXC5,chr12,54033050,54035361,1,0.0,77.0,0.0,1,0,0.8,6,2,4,0,0,0,76.9988
ENSG00000123415,SMUG1,chr12,54121277,54189008,-1,0.0,118.0,0.0,1,0,0.66,109,8,90,1,0,0,70.85708115942029
ENSG00000094916,CBX5,chr12,54230942,54280133,-1,0.0,328.0,0.0,2,0,0.935,60,6,45,1,1,0,71.00982
ENSG00000135486,HNRNPA1,chr12,54280193,54287088,1,0.0,486.0,0.0,1,0,0.95,16,3,13,0,1,0,71.248125
ENSG00000123405,NFE2,chr12,54292107,54301259,-1,0.0,307.0,0.0,0,10903,,23,2,21,0,0,0,71.31093000000001
ENSG00000111481,COPZ1,chr12,54301202,54351848,1,0.0,67.0,0.0,0,17425,,71,3,60,1,2,0,71.41868653846153
ENSG00000139572,GPR84,chr12,54362445,54364487,-1,0.0,160.0,0.0,0,4786,,4,1,3,0,0,0,71.69943333333333
ENSG00000161642,ZNF385A,chr12,54369129,54391307,-1,0.0,103.0,0.0,3,0,0.8033,56,4,51,0,1,0,72.03447391304347
ENSG00000161638,ITGA5,chr12,54395261,54419266,-1,0.0,284.0,0.0,1,0,0.63,49,1,47,0,3,0,72.91860000000001
ENSG00000170627,GTSF1,chr12,54455950,54473602,-1,0.0,166.0,0.0,0,36543,,17,2,14,0,0,0,76.41754736842107
ENSG00000123338,NCKAP1L,chr12,54497721,54548243,1,0.0,504.0,0.0,0,39906,,45,2,40,0,1,0,80.6458980392157
ENSG00000123360,PDE1B,chr12,54549601,54579241,1,0.0,179.0,0.0,0,8908,,36,3,26,0,1,0,82.97779
ENSG00000135447,PPP1R1A,chr12,54575387,54588659,-1,0.0,115.0,0.0,1,0,0.97,21,2,19,0,0,0,83.65013333333333
ENSG00000135413,LACRT,chr12,54630811,54634895,-1,0.0,48.0,0.0,0,42004,,3,0,3,0,0,0,84.52414000000002
ENSG00000161634,DCD,chr12,54644589,54648493,-1,0.0,188.0,0.0,0,55782,,1,0,0,0,0,0,84.539425
ENSG00000172551,MUCL1,chr12,54830518,54896008,1,0.0,67.0,0.0,0,241711,,33,0,22,0,0,0,82.11703030303029
ENSG00000135426,TESPA1,chr12,54948015,54989104,-1,0.0,183.0,0.0,0,359208,,50,4,46,0,6,0,78.25536904761904
ENSG00000123307,NEUROD4,chr12,55019974,55030017,1,0.0,175.0,0.0,0,431167,,5,1,3,0,0,0,75.53235454545455
ENSG00000170605,OR9K2,chr12,55126406,55132750,1,0.0,5.0,0.0,0,513454,,0,0,0,0,0,0,68.784175
ENSG00000179919,OR10A7,chr12,55221025,55221975,1,0.0,1.0,0.0,0,424229,,0,0,0,0,0,0,59.94285
ENSG00000197706,OR6C74,chr12,55244609,55256625,1,0.0,1.0,0.0,0,389579,,7,0,1,3,0,0,57.75033846153846
ENSG00000188324,OR6C6,chr12,55293988,55296569,-1,0.0,1.0,0.0,0,349635,,0,0,0,0,0,0,55.669925
ENSG00000205330,OR6C1,chr12,55314343,55322364,1,0.0,3.0,0.0,0,323840,,2,0,1,0,0,0,55.08614444444444
ENSG00000205329,OR6C3,chr12,55330043,55332687,1,0.0,3.0,0.0,0,313517,,2,0,2,0,0,0,54.81215
ENSG00000187857,OR6C75,chr12,55362975,55369279,1,0.0,2.0,0.0,0,276925,,3,0,2,0,0,0,54.140742857142854
ENSG00000205328,OR6C65,chr12,55400529,55401467,1,0.0,0.0,0.0,0,244737,,2,0,0,0,0,0,53.2042
ENSG00000185821,OR6C76,chr12,55426254,55427192,1,0.0,5.0,0.0,0,219012,,0,0,0,0,0,0,52.24025
ENSG00000179695,OR6C2,chr12,55444069,55453347,1,0.0,6.0,0.0,0,192857,,5,0,2,0,0,0,51.243579999999994
ENSG00000184954,OR6C70,chr12,55469200,55470138,-1,0.0,1.0,0.0,0,176066,,1,0,1,0,0,0,50.22725
ENSG00000205327,OR6C68,chr12,55492378,55493316,1,0.0,6.0,0.0,0,152888,,1,0,0,0,0,0,49.1281
ENSG00000179626,OR6C4,chr12,55549602,55555832,1,0.0,5.0,0.0,0,90372,,1,0,1,0,0,0,47.01605714285714
ENSG00000179615,OR2AP1,chr12,55572468,55575612,1,0.0,4.0,0.0,0,70592,,0,0,0,0,0,0,46.78168
ENSG00000175398,OR10P1,chr12,55636892,55637833,1,0.0,5.0,0.0,0,8371,,2,1,1,0,0,0,48.0201
ENSG00000170439,TMT1B,chr12,55681736,55684611,1,0.0,119.0,0.0,0,22817,,7,2,5,0,0,0,50.641175
ENSG00000135424,ITGA7,chr12,55684568,55716404,-1,0.0,412.0,0.0,2,0,0.795,47,6,34,0,1,0,51.869046875
ENSG00000135441,BLOC1S1,chr12,55716033,55720087,1,0.0,101.0,0.0,1,0,0.84,11,3,8,0,1,0,53.199220000000004
ENSG00000258311,,chr12,55716036,55724703,1,0.0,14.0,0.0,1,0,0.84,23,3,20,0,1,0,53.39769
ENSG00000135437,RDH5,chr12,55720367,55724710,1,0.0,89.0,0.0,0,3523,,13,1,12,0,0,0,53.556333333333335
ENSG00000135404,CD63,chr12,55723511,55730023,-1,0.0,571.0,0.0,1,0,0.74,18,8,10,0,1,0,53.91704285714286
ENSG00000135414,GDF11,chr12,55743122,55757264,1,0.0,356.0,0.0,1,0,0.96,21,2,17,0,1,0,55.788513333333334
ENSG00000205323,SARNP,chr12,55752463,55817748,-1,0.0,144.0,0.0,1,0,0.86,39,1,33,1,1,0,58.50812089552239
ENSG00000257390,,chr12,55757275,55827546,-1,0.0,0.0,0.0,1,0,0.86,50,3,40,1,1,0,59.05456388888888
ENSG00000123353,ORMDL2,chr12,55818041,55821879,1,0.0,37.0,0.0,0,272,,5,2,3,0,1,0,61.02042
ENSG00000135392,DNAJC14,chr12,55820746,55830824,-1,0.0,125.0,0.0,1,0,0.7,21,4,14,0,1,0,61.40464545454545
ENSG00000123342,MMP19,chr12,55835433,55842968,-1,0.0,285.0,0.0,0,4905,,11,2,7,0,0,0,62.20075555555555
ENSG00000170473,PYM1,chr12,55901413,55932618,-1,0.0,40.0,0.0,3,0,0.8667,34,4,30,0,2,0,66.27240303030304
ENSG00000065357,DGKA,chr12,55927319,55954027,1,0.0,246.0,0.0,2,0,0.88,41,3,37,0,4,0,67.55669642857143
ENSG00000185664,PMEL,chr12,55954104,55973317,-1,0.0,651.0,0.0,1,0,0.77,33,4,29,0,2,0,68.93418
ENSG00000123374,CDK2,chr12,55966781,55972789,1,0.0,722.0,0.0,1,0,0.77,12,2,10,0,2,0,69.34344285714286
ENSG00000111540,RAB5B,chr12,55973913,55996683,1,0.0,146.0,0.0,1,0,0.67,25,2,22,0,1,0,70.35929583333333
ENSG00000139531,SUOX,chr12,55996855,56006641,1,0.0,159.0,0.0,0,1071,,12,2,10,0,0,0,71.46071818181818
ENSG00000123411,IKZF4,chr12,56007430,56038435,1,0.0,124.0,0.0,1,0,0.76,48,3,42,0,3,0,72.80320937500001
ENSG00000197728,RPS26,chr12,56041351,56044697,1,0.0,157.0,0.0,1,0,0.91,9,3,6,0,1,0,74.07650000000001
ENSG00000065361,ERBB3,chr12,56076799,56103505,1,3.0,685.0,1.0,1,0,0.74,36,4,26,0,3,0,76.47854285714286
ENSG00000257411,,chr12,56101331,56109289,1,0.0,0.0,0.0,1,0,0.81,13,2,11,0,3,0,77.08437777777777
ENSG00000170515,PA2G4,chr12,56104349,56116329,1,0.0,159.0,0.0,1,0,0.81,15,2,12,0,3,0,77.27976923076923
ENSG00000229117,RPL41,chr12,56116590,56117967,1,0.0,69.0,0.0,0,110,,4,1,3,0,1,0,77.5677
ENSG00000139641,ESYT1,chr12,56118250,56144674,1,0.0,126.0,0.0,3,0,0.87,41,6,34,0,4,0,78.08986785714286
ENSG00000135482,ZC3H10,chr12,56118256,56127514,1,0.0,16.0,0.0,1,0,0.86,20,2,18,0,2,0,77.77400000000002
ENSG00000196465,MYL6B,chr12,56151966,56159647,1,0.0,44.0,0.0,0,22465,,23,5,18,0,2,0,79.00286666666666
ENSG00000092841,MYL6,chr12,56158345,56163496,1,0.0,86.0,0.0,0,25428,,15,1,14,0,1,0,79.17206666666665
ENSG00000139613,SMARCC2,chr12,56162359,56189567,-1,0.0,184.0,0.0,1,0,0.91,31,1,24,0,1,0,79.75238275862068
ENSG00000181852,RNF41,chr12,56202179,56224275,-1,0.0,197.0,0.0,2,0,1.0,27,3,21,0,1,0,81.02408695652173
ENSG00000139579,NABP2,chr12,56222000,56229859,1,0.0,362.0,0.0,1,0,0.97,12,2,9,0,1,0,81.38288888888889
ENSG00000139540,SLC39A5,chr12,56230039,56238214,1,0.0,112.0,0.0,0,5449,,16,2,13,0,0,0,81.55796666666666
ENSG00000139645,ANKRD52,chr12,56237807,56258384,-1,0.0,66.0,0.0,1,0,0.83,35,1,32,0,1,0,81.75885714285714
ENSG00000135469,COQ10A,chr12,56266846,56270966,1,0.0,26.0,0.0,1,0,0.89,10,4,4,0,1,0,81.82136
ENSG00000062485,CS,chr12,56271699,56300391,-1,0.0,486.0,0.0,1,0,0.78,31,2,26,0,1,0,81.58816206896552
ENSG00000144785,,chr12,56285916,56316059,-1,0.0,0.0,0.0,2,0,0.805,40,4,33,0,2,0,81.23887096774193
ENSG00000257727,CNPY2,chr12,56308024,56316346,-1,0.0,101.0,0.0,1,0,0.83,5,2,2,0,1,0,80.92178888888888
ENSG00000135473,PAN2,chr12,56316223,56334053,-1,0.0,85.0,0.0,2,0,0.915,15,3,9,0,2,0,80.46170000000002
ENSG00000110944,IL23A,chr12,56334174,56340410,1,0.0,1245.0,0.0,1,0,1.0,15,2,12,0,2,0,80.01062857142858
ENSG00000170581,STAT2,chr12,56341597,56360274,-1,0.0,358.0,0.0,1,0,0.82,15,2,13,0,1,0,79.48293684210525
ENSG00000175336,APOF,chr12,56360568,56362857,-1,0.0,99.0,0.0,0,29,,6,1,5,0,1,0,79.08893333333333
ENSG00000111602,TIMELESS,chr12,56416363,56449445,-1,0.0,319.0,0.0,1,0,0.94,20,1,14,0,1,0,78.1620411764706
ENSG00000135517,MIP,chr12,56449502,56469166,-1,0.0,435.0,0.0,1,0,1.12,27,1,22,1,2,0,78.52649
ENSG00000285528,,chr12,56449700,56488170,-1,0.0,0.0,0.0,2,0,0.92,49,2,38,1,2,0,78.72394358974361
ENSG00000176422,SPRYD4,chr12,56468578,56479708,1,0.0,33.0,0.0,1,0,1.12,16,1,13,0,1,0,78.83203333333333
ENSG00000135423,GLS2,chr12,56470945,56488414,-1,0.0,570.0,0.0,1,0,0.72,20,2,13,0,0,0,78.94276111111111
ENSG00000076067,RBMS2,chr12,56521820,56596193,1,0.0,49.0,0.0,0,32902,,68,2,55,2,2,0,80.37555866666666
ENSG00000076108,BAZ2A,chr12,56595596,56636913,-1,0.0,83.0,0.0,2,0,0.755,52,2,48,1,2,0,81.13204523809524
ENSG00000110955,ATP5F1B,chr12,56638171,56646079,-1,0.0,200.0,0.0,1,0,0.83,16,2,11,0,1,0,81.53265555555555
ENSG00000110958,PTGES3,chr12,56663338,56688408,-1,0.0,179.0,0.0,1,0,0.89,48,2,43,0,1,0,82.0848
ENSG00000196531,NACA,chr12,56712305,56731628,-1,0.0,221.0,0.0,1,0,0.98,40,4,33,0,1,0,82.36030476190476
ENSG00000285625,,chr12,56714612,56741535,-1,0.0,0.0,0.0,1,0,0.98,37,4,31,0,1,0,82.30523214285714
ENSG00000198056,PRIM1,chr12,56730438,56752374,-1,0.0,201.0,0.0,1,0,0.99,9,2,6,1,1,0,82.15231304347826
ENSG00000025423,HSD17B6,chr12,56751817,56788409,1,0.0,289.0,0.0,1,0,0.99,51,3,40,1,1,0,81.4260891891892
ENSG00000170426,SDR9C7,chr12,56923133,56934408,-1,0.0,112.0,0.0,0,71676,,11,0,8,0,0,0,79.34984166666668
ENSG00000139547,RDH16,chr12,56950087,56959374,-1,0.0,73.0,0.0,0,46710,,11,1,5,1,0,0,80.39412
ENSG00000166856,GPR182,chr12,56994492,56998889,1,0.0,131.0,0.0,0,7195,,9,2,7,0,0,0,82.05168333333333
ENSG00000166860,ZBTB39,chr12,56998836,57006546,-1,0.0,17.0,0.0,1,0,0.97,15,1,10,0,1,0,82.25915555555554
ENSG00000166863,TAC3,chr12,57010000,57028883,-1,0.0,297.0,0.0,0,3312,,24,1,22,0,0,0,82.69505999999998
ENSG00000166866,MYO1A,chr12,57028517,57051198,-1,0.0,116.0,0.0,0,21829,,36,3,22,2,0,0,83.05034782608696
ENSG00000166881,NEMP1,chr12,57055643,57088063,-1,0.0,120.0,0.0,2,0,0.82,48,1,43,0,4,0,83.17144242424243
ENSG00000166886,NAB2,chr12,57089014,57095476,1,1.0,201.0,1.0,1,0,0.8,20,1,19,0,2,0,83.04785714285713
ENSG00000166888,STAT6,chr12,57095404,57132139,-1,0.0,934.0,0.0,1,0,0.7,72,5,62,0,3,0,82.74621578947368
ENSG00000123384,LRP1,chr12,57128483,57213361,1,0.0,781.0,0.0,3,0,0.8,187,5,177,0,0,0,81.31257441860465
ENSG00000182379,NXPH4,chr12,57216794,57226449,1,0.0,75.0,0.0,2,0,0.88,25,1,24,0,0,0,79.45486000000001
ENSG00000182199,SHMT2,chr12,57226554,57234935,1,0.0,244.0,0.0,1,0,0.83,23,3,20,0,1,0,79.0462
ENSG00000185633,NDUFA4L2,chr12,57234903,57240715,-1,0.0,205.0,0.0,2,0,0.71,18,2,16,0,1,0,78.74174285714285
ENSG00000185482,STAC3,chr12,57243453,57251188,-1,0.0,309.0,0.0,1,0,0.73,18,1,17,0,0,0,78.35124444444445
ENSG00000258830,,chr12,57249609,57296484,-1,0.0,0.0,0.0,0,5719,,62,1,54,1,1,0,77.33655744680851
ENSG00000179912,R3HDM2,chr12,57253762,57431043,-1,0.0,36.0,0.0,0,9872,,242,3,165,14,2,0,76.99546348314607
ENSG00000175189,INHBC,chr12,57434784,57452062,1,0.0,73.0,0.0,0,23230,,35,1,28,1,0,0,78.80686666666666
ENSG00000139269,INHBE,chr12,57452323,57459280,1,0.0,410.0,0.0,0,16012,,19,2,17,0,1,0,79.028475
ENSG00000111087,GLI1,chr12,57459785,57472268,1,0.0,735.0,0.0,0,3024,,31,4,27,0,2,0,79.15444615384617
ENSG00000123329,ARHGAP9,chr12,57472262,57488824,-1,0.0,86.0,0.0,2,0,0.85,40,6,34,0,2,0,79.23106666666666
ENSG00000166986,MARS1,chr12,57475445,57517569,1,0.0,240.0,0.0,2,0,0.85,92,7,79,0,3,0,79.15448181818181
ENSG00000175197,DDIT3,chr12,57516588,57521737,-1,2.0,827.0,1.0,2,0,0.995,14,3,11,0,2,0,78.9095
ENSG00000285133,,chr12,57517712,57520480,-1,0.0,1.0,0.0,1,0,0.8,8,2,6,0,1,0,78.91856666666666
ENSG00000166987,MBD6,chr12,57520710,57530148,1,0.0,52.0,0.0,2,0,1.065,26,3,23,0,2,0,78.79795
ENSG00000175203,DCTN2,chr12,57529633,57547242,-1,0.0,65.0,0.0,1,0,0.99,38,2,36,0,1,0,78.52112222222223
ENSG00000155980,KIF5A,chr12,57546026,57586633,1,0.0,185.0,0.0,2,0,0.92,85,3,41,13,1,0,77.87148333333333
ENSG00000166908,PIP4K2C,chr12,57591174,57603418,1,0.0,260.0,0.0,1,0,0.88,19,1,13,2,1,0,77.24119230769232
ENSG00000178498,DTX3,chr12,57604484,57609804,1,0.0,87.0,0.0,1,0,0.89,16,2,14,0,1,0,77.08511428571428
ENSG00000240771,ARHGEF25,chr12,57610180,57617245,1,0.0,56.0,0.0,2,0,0.685,21,4,17,0,0,0,77.00228750000001
ENSG00000287908,,chr12,57615280,57626125,1,0.0,0.0,0.0,2,0,0.76,27,3,14,2,0,0,76.931575
ENSG00000135454,B4GALNT1,chr12,57623409,57633239,-1,0.0,229.0,0.0,2,0,0.82,25,2,14,2,0,0,76.87612727272727
ENSG00000135506,OS9,chr12,57693841,57728342,1,0.0,89.0,0.0,2,0,0.88,69,3,41,6,1,0,77.97214857142859
ENSG00000135439,AGAP2,chr12,57723761,57742157,-1,0.0,155.0,0.0,3,0,0.78,47,3,39,2,3,0,78.62351052631578
ENSG00000135452,TSPAN31,chr12,57738013,57750219,1,0.0,63.0,0.0,1,0,0.74,27,3,24,0,2,0,78.96734615384615
ENSG00000135446,CDK4,chr12,57747722,57756013,-1,1.0,1125.0,1.0,2,0,0.825,16,2,14,0,3,0,79.21421111111113
ENSG00000139266,MARCHF9,chr12,57755103,57760411,1,0.0,31.0,0.0,1,0,0.85,13,2,10,0,2,0,79.37908333333333
ENSG00000111012,CYP27B1,chr12,57762334,57768986,-1,0.0,591.0,0.0,1,0,0.85,17,2,15,0,1,0,79.60652499999999
ENSG00000037897,METTL1,chr12,57768471,57772131,-1,0.0,162.0,0.0,1,0,0.78,9,2,7,0,1,0,79.7274
ENSG00000123427,EEF1AKMT3,chr12,57771492,57782541,1,0.0,33.0,0.0,2,0,0.825,28,4,18,0,2,0,79.89873076923078
ENSG00000257921,,chr12,57772660,57797554,1,0.0,0.0,0.0,1,0,0.87,47,3,30,0,2,0,80.07398461538462
ENSG00000123297,TSFM,chr12,57782731,57808071,1,0.0,117.0,0.0,0,9773,,41,1,20,4,1,0,80.24917692307693
ENSG00000135407,AVIL,chr12,57797376,57818734,-1,0.0,100.0,0.0,0,24418,,46,1,23,8,0,0,80.40384347826085
ENSG00000175215,CTDSP2,chr12,57819927,57846729,-1,0.0,66.0,0.0,1,0,0.83,69,3,66,0,4,0,80.46767142857144
ENSG00000166896,ATP23,chr12,57906039,57959148,1,0.0,77.0,0.0,1,0,0.98,93,3,38,5,3,0,78.83491666666666
ENSG00000139263,LRIG3,chr12,58872037,58920551,-1,0.0,270.0,0.0,1,0,1.05,62,2,57,0,0,0,36.805567999999994
ENSG00000118596,SLC16A7,chr12,59596027,59789855,1,0.0,210.0,0.0,1,0,0.95,137,3,94,10,1,0,16.761267692307694
ENSG00000198673,TAFA2,chr12,61707341,62279150,-1,0.0,148.0,0.0,2,0,0.87,349,3,209,35,3,0,30.85382687609075
ENSG00000135655,USP15,chr12,62260338,62417431,1,0.0,240.0,0.0,1,0,0.88,167,1,121,9,2,0,50.827843670886075
ENSG00000061987,MON2,chr12,62466799,62600476,1,0.0,88.0,0.0,1,0,0.87,89,1,62,7,1,0,63.472510447761195
ENSG00000111110,PPM1H,chr12,62643994,62935163,-1,0.0,86.0,0.0,2,0,0.775,374,1,346,3,0,0,66.53158938356165
ENSG00000166148,AVPR1A,chr12,63142759,63151201,-1,0.0,341.0,0.0,1,0,0.87,9,1,8,0,0,0,59.819711111111104
ENSG00000177990,DPY19L2,chr12,63558913,63668939,-1,0.0,194.0,0.0,1,0,0.79,41,2,26,3,0,0,46.687643243243244
ENSG00000118600,RXYLT1,chr12,63779833,63809792,1,0.0,79.0,0.0,1,0,0.85,27,2,11,3,1,0,34.33099677419355
ENSG00000196935,SRGAP1,chr12,63843761,64162217,1,0.0,91.0,0.0,1,0,0.92,344,4,297,8,0,0,35.573228526645764
ENSG00000174206,KICS2,chr12,64186226,64222296,-1,0.0,50.0,0.0,1,0,0.91,31,1,19,5,1,0,36.40228918918919
ENSG00000185306,C12orf56,chr12,64264762,64390758,-1,0.0,72.0,0.0,1,0,0.91,76,2,41,10,0,0,39.058892913385826
ENSG00000184575,XPOT,chr12,64404168,64451129,1,0.0,48.0,0.0,1,0,1.04,34,1,27,1,3,0,39.94044375
ENSG00000183735,TBK1,chr12,64452090,64502114,1,0.0,575.0,0.0,1,0,0.98,40,2,26,1,3,0,41.091445098039216
ENSG00000153179,RASSF3,chr12,64507001,64697567,1,0.0,55.0,0.0,1,0,0.84,230,4,200,5,10,0,47.52274583333334
ENSG00000135677,GNS,chr12,64713442,64759446,-1,0.0,81.0,0.0,1,0,0.91,64,2,61,0,2,0,55.44443829787235
ENSG00000111490,TBC1D30,chr12,64759484,64881033,1,0.0,37.0,0.0,3,0,0.89,106,4,74,5,1,0,61.79118861788618
ENSG00000288591,,chr12,64759496,64977509,1,0.0,0.0,0.0,3,0,0.89,184,6,130,9,1,0,63.54821181818182
ENSG00000156076,WIF1,chr12,65050626,65121548,-1,1.0,413.0,1.0,1,0,0.88,42,1,13,7,0,0,61.02686249999999
ENSG00000174106,LEMD3,chr12,65169342,65248355,1,0.0,90.0,0.0,1,0,0.98,55,2,40,1,1,0,57.45771375
ENSG00000174099,MSRB3,chr12,65278643,65491430,1,0.0,102.0,0.0,1,0,0.92,172,5,130,9,0,0,46.822245070422525
ENSG00000149948,HMGA2,chr12,65824460,65966291,1,0.0,787.0,0.0,1,0,0.91,227,9,217,0,0,0,32.94439650349651
ENSG00000139233,LLPH,chr12,66116555,66130750,-1,0.0,56.0,0.0,1,0,0.99,16,1,10,3,1,0,26.567206666666664
ENSG00000228144,,chr12,66123917,66169985,-1,0.0,0.0,0.0,2,0,0.925,41,3,35,1,2,0,26.74813617021277
ENSG00000155957,TMBIM4,chr12,66135846,66170027,-1,0.0,215.0,0.0,1,0,0.86,33,2,28,1,1,0,26.804457142857146
ENSG00000090376,IRAK3,chr12,66188995,66254622,1,0.0,291.0,0.0,2,0,0.98,74,3,59,0,0,0,28.761950746268653
ENSG00000127311,HELB,chr12,66302493,66343643,1,0.0,43.0,0.0,0,66869,,28,1,20,0,1,0,31.599109302325584
ENSG00000155974,GRIP1,chr12,66347431,67069162,-1,0.0,308.0,0.0,1,0,1.13,575,1,422,34,0,0,33.671581466113416
ENSG00000111530,CAND1,chr12,67269358,67319953,1,0.0,154.0,0.0,1,0,0.94,35,2,27,0,1,0,25.113369230769234
ENSG00000127334,DYRK2,chr12,67647913,67665406,1,0.0,247.0,0.0,1,0,0.96,29,1,28,0,2,0,38.14919444444445
ENSG00000111537,IFNG,chr12,68154768,68159740,-1,0.0,2764.0,0.0,0,172327,,9,1,8,0,1,0,31.092216666666662
ENSG00000111536,IL26,chr12,68201349,68225810,-1,0.0,208.0,0.0,0,106257,,21,1,17,1,0,0,30.53981538461539
ENSG00000127318,IL22,chr12,68248242,68253604,-1,0.0,953.0,0.0,0,78463,,2,0,1,0,0,0,31.65538571428572
ENSG00000111554,MDM1,chr12,68272443,68332381,-1,0.0,295.0,0.0,1,0,0.76,58,1,49,2,1,0,35.57972459016394
ENSG00000127314,RAP1B,chr12,68610410,68671901,1,0.0,281.0,0.0,1,0,1.08,67,3,64,0,4,0,56.26786507936508
ENSG00000111581,NUP107,chr12,68686951,68745809,1,0.0,132.0,0.0,1,0,0.81,23,3,13,0,2,0,61.21177833333333
ENSG00000175782,SLC35E3,chr12,68746125,68793964,1,0.0,20.0,0.0,1,0,0.99,96,1,80,0,1,0,62.75368163265306
ENSG00000135679,MDM2,chr12,68808175,68845544,1,0.0,1149.0,0.0,1,0,0.97,78,6,68,1,1,0,63.382207692307695
ENSG00000135678,CPM,chr12,68842197,68971570,-1,0.0,93.0,0.0,1,0,0.9,204,4,171,3,1,0,66.60800763358779
ENSG00000111605,CPSF6,chr12,69239543,69279829,1,0.0,205.0,0.0,1,0,1.22,37,2,25,1,1,0,70.14339268292683
ENSG00000090382,LYZ,chr12,69348381,69354234,1,0.0,919.0,0.0,0,5491,,13,1,5,0,0,0,67.2848
ENSG00000127337,YEATS4,chr12,69359710,69390870,1,0.0,81.0,0.0,1,0,0.94,23,1,16,0,1,0,66.10046249999999
ENSG00000166225,FRS2,chr12,69470349,69579793,1,0.0,128.0,0.0,1,0,0.92,108,1,91,1,1,0,60.19234324324325
ENSG00000166226,CCT2,chr12,69585423,69601577,1,0.0,152.0,0.0,1,0,0.76,13,2,9,1,1,0,61.228455555555556
ENSG00000198812,LRRC10,chr12,69608564,69610907,-1,0.0,173.0,0.0,0,22620,,6,1,5,0,0,0,61.8648
ENSG00000127325,BEST3,chr12,69643360,69699476,-1,0.0,37.0,0.0,0,39084,,58,3,49,1,0,0,64.58510701754386
ENSG00000127328,RAB3IP,chr12,69738860,69823204,1,0.0,71.0,0.0,1,0,1.01,55,2,25,4,1,0,68.2505
ENSG00000258052,,chr12,69801669,69855363,1,0.0,0.0,0.0,0,61890,,54,2,36,1,0,0,68.70705185185184
ENSG00000166268,MYRFL,chr12,69825227,69959097,1,0.0,21.0,0.0,0,85448,,127,5,98,6,0,0,68.51976814814815
ENSG00000111596,CNOT2,chr12,70243002,70354993,1,0.0,69.0,0.0,1,0,1.04,74,2,56,1,1,0,54.32228318584071
ENSG00000135643,KCNMB4,chr12,70366290,70434292,1,0.0,120.0,0.0,1,0,0.96,52,1,42,3,0,0,48.56164202898551
ENSG00000127329,PTPRB,chr12,70515870,70637440,-1,4.0,338.0,1.0,1,0,0.99,91,2,80,1,0,0,47.6727631147541
ENSG00000153233,PTPRR,chr12,70638073,70920738,-1,0.0,199.0,0.0,0,27796,,208,3,136,15,0,0,47.56365
ENSG00000127324,TSPAN8,chr12,71124454,71441898,-1,0.0,249.0,0.0,1,0,0.82,246,5,156,21,0,0,44.73961065830721
ENSG00000139292,LGR5,chr12,71439797,71586310,1,0.0,432.0,0.0,1,0,0.82,125,4,87,11,0,0,49.834004761904765
ENSG00000133858,ZFC3H1,chr12,71609599,71667725,-1,0.0,63.0,0.0,1,0,0.96,44,3,33,3,2,0,55.867889830508474
ENSG00000173451,THAP2,chr12,71664301,71680644,1,0.0,30.0,0.0,0,294,,15,2,9,1,1,0,56.60371111111111
ENSG00000258064,,chr12,71674204,71698968,1,0.0,0.0,0.0,1,0,0.91,36,3,29,1,1,0,56.754592307692306
ENSG00000139291,TMEM19,chr12,71686082,71705047,1,0.0,40.0,0.0,1,0,0.91,29,3,26,0,1,0,56.824545
ENSG00000080371,RAB21,chr12,71754863,71800286,1,0.0,82.0,0.0,1,0,0.81,42,1,37,1,1,0,57.08715652173913
ENSG00000121749,TBC1D15,chr12,71839707,71927248,1,0.0,80.0,0.0,1,0,0.94,61,1,53,2,1,0,61.54706363636364
ENSG00000139287,TPH2,chr12,71938845,72186618,1,0.0,225.0,0.0,0,85285,,173,1,102,16,0,0,68.81418714859439
ENSG00000072657,TRHDE,chr12,72087266,72670758,1,0.0,120.0,0.0,1,0,0.97,361,8,226,27,0,0,56.98343452991453
ENSG00000253719,ATXN7L3B,chr12,74537835,74545430,1,0.0,31.0,0.0,1,0,0.88,12,2,10,0,1,0,28.875437499999997
ENSG00000166006,KCNC2,chr12,75040077,75209839,-1,0.0,314.0,0.0,2,0,0.94,101,3,55,7,0,0,29.845111111111116
ENSG00000180881,CAPS2,chr12,75275979,75390950,-1,0.0,55.0,0.0,2,0,0.8,62,5,40,1,3,0,27.22178965517241
ENSG00000173401,GLIPR1L1,chr12,75334670,75370560,1,0.0,28.0,0.0,0,4244,,18,2,15,0,0,0,27.070578378378375
ENSG00000180481,GLIPR1L2,chr12,75391089,75432688,1,0.0,23.0,0.0,1,0,0.8,14,1,7,1,1,0,27.371139534883717
ENSG00000139278,GLIPR1,chr12,75480753,75503863,1,0.0,125.0,0.0,0,7576,,26,2,24,0,1,0,27.11089583333333
ENSG00000111615,KRR1,chr12,75490863,75511636,-1,0.0,321.0,0.0,1,0,1.27,16,2,14,0,1,0,27.174645454545455
ENSG00000139289,PHLDA1,chr12,76025447,76031776,-1,0.0,197.0,0.0,1,0,0.92,17,2,15,0,1,0,51.939512500000006
ENSG00000187109,NAP1L1,chr12,76032987,76085261,-1,0.0,232.0,0.0,1,0,0.93,54,2,47,0,2,0,53.2369396226415
ENSG00000179941,BBS10,chr12,76344474,76348437,-1,0.0,112.0,0.0,1,0,0.83,10,1,9,0,1,0,65.13714
ENSG00000091039,OSBPL8,chr12,76351797,76559809,-1,0.0,96.0,0.0,1,0,0.82,154,2,108,6,2,0,68.0752961722488
ENSG00000186908,ZDHHC17,chr12,76764103,76853696,1,0.0,66.0,0.0,1,0,0.94,58,1,42,2,1,0,62.722209890109895
ENSG00000175183,CSRP2,chr12,76858703,76879638,-1,0.0,128.0,0.0,1,0,0.89,29,2,27,0,0,0,59.59485909090909
ENSG00000165891,E2F7,chr12,77021246,77065572,-1,0.0,162.0,0.0,1,0,0.9,45,1,33,2,1,0,59.092967391304335
ENSG00000067798,NAV3,chr12,77324641,78213010,1,0.0,202.0,0.0,0,258479,,620,3,424,50,0,0,31.56251451068616
ENSG00000067715,SYT1,chr12,78863650,79452009,1,0.0,1054.0,0.0,0,59030,,439,4,314,30,0,0,15.453178777589134
ENSG00000177425,PAWR,chr12,79574979,79690964,-1,0.0,310.0,0.0,1,0,0.97,89,3,77,3,0,0,17.03421623931624
ENSG00000058272,PPP1R12A,chr12,79773563,79935460,-1,0.0,196.0,0.0,1,0,0.83,129,4,107,1,2,0,29.809430864197534
ENSG00000165899,OTOGL,chr12,80099537,80380880,1,0.0,92.0,0.0,0,164015,,201,1,148,15,0,0,48.05493794326241
ENSG00000139304,PTPRQ,chr12,80402178,80680273,1,0.0,97.0,0.0,0,27982,,175,1,116,15,0,0,42.57985663082437
ENSG00000111046,MYF6,chr12,80707633,80709557,1,0.0,195.0,0.0,1,0,0.83,5,1,4,0,0,0,32.660666666666664
ENSG00000111049,MYF5,chr12,80716912,80719671,1,0.0,307.0,0.0,1,0,0.77,5,1,4,0,0,0,32.318225000000005
ENSG00000111052,LIN7A,chr12,80792520,80937934,-1,0.0,88.0,0.0,1,0,0.82,133,3,97,8,0,0,25.08196301369863
ENSG00000111058,ACSS3,chr12,80936414,81261210,1,0.0,97.0,0.0,2,0,0.775,189,4,122,20,0,0,19.658281595092024
ENSG00000139220,PPFIA2,chr12,81257975,81759553,-1,0.0,131.0,0.0,1,0,0.88,252,8,150,19,0,0,14.167747753479125
ENSG00000133773,CCDC59,chr12,82223681,82358805,-1,0.0,108.0,0.0,1,0,0.79,52,1,24,6,1,0,14.191045588235294
ENSG00000127720,METTL25,chr12,82358500,82479239,1,0.0,53.0,0.0,1,0,0.79,61,1,34,7,1,0,16.8112
ENSG00000179104,TMTC2,chr12,82686880,83134870,1,0.0,71.0,0.0,1,0,0.82,385,2,329,10,1,0,16.94768351893096
ENSG00000072041,SLC6A15,chr12,84859491,84913629,-1,0.0,87.0,0.0,3,0,0.87,33,5,17,3,0,0,10.589314285714286
ENSG00000231738,TSPAN19,chr12,85014311,85036277,-1,0.0,17.0,0.0,0,101261,,14,1,9,2,0,0,11.46898695652174
ENSG00000133640,LRRIQ1,chr12,85036314,85264457,1,0.0,96.0,0.0,0,15643,,70,1,41,12,0,0,14.022117467248908
ENSG00000180318,ALX1,chr12,85280220,85301784,1,0.0,215.0,0.0,1,0,1.07,18,1,15,0,0,0,13.031678260869562
ENSG00000198774,RASSF9,chr12,85800703,85836409,-1,0.0,114.0,0.0,0,519781,,40,1,34,1,0,0,13.816477777777775
ENSG00000133636,NTS,chr12,85874162,85882992,1,0.0,453.0,0.0,0,593240,,5,1,2,1,0,0,14.383079999999998
ENSG00000182050,MGAT4C,chr12,85955666,86838904,-1,0.0,41.0,0.0,0,674744,,381,2,160,64,0,0,13.505392873303167
ENSG00000165805,C12orf50,chr12,87980035,88034037,-1,0.0,21.0,0.0,0,1291,,27,0,8,1,0,0,9.956833272727273
ENSG00000133641,RLIG1,chr12,88033846,88050160,1,0.0,96.0,0.0,1,0,0.98,16,1,12,1,1,0,11.167882352941177
ENSG00000198707,CEP290,chr12,88049016,88142099,-1,0.0,546.0,0.0,1,0,0.86,36,2,19,3,1,0,14.20344893617021
ENSG00000139324,TMTC3,chr12,88142181,88199887,1,0.0,164.0,0.0,1,0,0.86,43,1,29,2,1,0,18.26471186440678
ENSG00000049130,KITLG,chr12,88492789,88580851,-1,0.0,1412.0,0.0,1,0,0.84,88,2,84,0,0,0,29.719388764044947
ENSG00000139318,DUSP6,chr12,89347235,89352501,-1,0.0,340.0,0.0,1,0,0.94,15,3,12,0,1,0,31.94332857142857
ENSG00000139323,POC1B,chr12,89419718,89526135,-1,0.0,247.0,0.0,1,0,0.85,118,6,95,3,1,0,37.4326308411215
ENSG00000259075,POC1B-GALNT4,chr12,89519408,89526262,-1,0.0,0.0,0.0,1,0,0.85,14,6,8,0,1,0,39.6516125
ENSG00000257594,GALNT4,chr12,89519412,89524796,-1,0.0,53.0,0.0,0,439,,10,2,8,0,1,0,39.62835714285715
ENSG00000070961,ATP2B1,chr12,89588049,89709527,-1,0.0,373.0,0.0,1,0,0.93,128,1,95,5,1,0,46.61028048780487
ENSG00000197651,CCER1,chr12,90905622,90955176,-1,0.0,31.0,0.0,1,0,0.85,41,1,26,8,0,0,24.332234
ENSG00000083782,EPYC,chr12,90963682,91005026,-1,0.0,160.0,0.0,0,9363,,51,0,31,7,0,0,25.283197619047623
ENSG00000139330,KERA,chr12,91050491,91058024,-1,0.0,128.0,0.0,0,96172,,13,1,11,0,0,0,27.61941111111111
ENSG00000139329,LUM,chr12,91102629,91111512,-1,0.0,449.0,0.0,0,148310,,16,1,15,0,0,0,28.227030000000003
ENSG00000011465,DCN,chr12,91140484,91183217,-1,0.0,656.0,0.0,0,186165,,43,3,36,2,0,0,28.270768181818177
ENSG00000133639,BTG1,chr12,92140278,92145846,-1,0.0,275.0,0.0,1,0,0.89,16,5,11,0,1,0,56.199914285714286
ENSG00000187510,PLEKHG7,chr12,92702843,92772455,1,0.0,38.0,0.0,0,156111,,71,1,49,3,0,0,61.60644285714286
ENSG00000102189,EEA1,chr12,92770637,92929350,-1,0.0,138.0,0.0,1,0,0.92,103,2,83,8,1,0,60.14901006289308
ENSG00000173598,NUDT4,chr12,93377883,93408146,1,0.0,47.0,0.0,1,0,1.05,46,3,41,0,1,0,67.16641935483871
ENSG00000177889,UBE2N,chr12,93405673,93442258,-1,0.0,153.0,0.0,1,0,0.96,61,3,56,0,2,0,68.19713513513511
ENSG00000198015,MRPL42,chr12,93467490,93516214,1,0.0,42.0,0.0,1,0,0.9,32,2,23,2,1,0,68.709288
ENSG00000120833,SOCS2,chr12,93569808,93583487,1,0.0,376.0,0.0,1,0,0.93,25,7,18,0,2,0,67.55832857142856
ENSG00000169372,CRADD,chr12,93677375,93894840,1,0.0,66.0,0.0,1,0,0.78,286,4,249,5,3,0,73.83961232876712
ENSG00000136040,PLXNC1,chr12,94148577,94307675,1,0.0,140.0,0.0,2,0,0.99,207,6,183,5,4,0,73.84465
ENSG00000173588,CEP83,chr12,94306449,94459988,-1,0.0,68.0,0.0,1,0,0.86,97,2,74,4,1,0,67.91904258064517
ENSG00000057704,TMCC3,chr12,94567122,94650557,-1,0.0,64.0,0.0,1,0,1.2,100,2,95,0,1,0,57.003798823529415
ENSG00000184752,NDUFA12,chr12,94895297,95003748,-1,0.0,208.0,0.0,1,0,0.96,96,1,69,7,2,0,48.89735495495495
ENSG00000120798,NR2C1,chr12,95020229,95073628,-1,0.0,156.0,0.0,1,0,1.01,32,2,23,2,1,0,48.796776363636376
ENSG00000180263,FGD6,chr12,95076749,95217482,-1,0.0,54.0,0.0,1,0,0.94,146,4,136,0,1,0,52.74907092198581
ENSG00000028203,VEZT,chr12,95217746,95302799,1,0.0,67.0,0.0,1,0,0.94,86,1,74,0,1,0,59.34763488372093
ENSG00000111142,METAP2,chr12,95473520,95515839,1,0.0,179.0,0.0,1,0,0.83,31,1,28,0,1,0,62.569379069767436
ENSG00000136014,USP44,chr12,95516560,95553341,-1,0.0,204.0,0.0,1,0,1.0,39,4,34,0,1,0,62.592627027027014
ENSG00000074527,NTN4,chr12,95657807,95791189,-1,0.0,247.0,0.0,1,0,0.84,121,3,109,2,0,0,64.72088134328358
ENSG00000139343,SNRPF,chr12,95858931,95903828,1,0.0,79.0,0.0,1,0,0.96,38,1,19,3,1,0,61.132543478260864
ENSG00000165972,CCDC38,chr12,95867048,95942635,-1,0.0,192.0,0.0,1,0,0.77,49,2,17,6,1,0,61.13382987012987
ENSG00000139344,AMDHD1,chr12,95943301,95968720,1,0.0,40.0,0.0,2,0,0.845,21,1,9,4,1,0,60.94628888888888
ENSG00000084110,HAL,chr12,95972662,95996365,-1,0.0,177.0,0.0,1,0,0.83,51,2,25,5,0,0,60.22727916666667
ENSG00000111144,LTA4H,chr12,96000753,96043520,-1,0.0,184.0,0.0,1,0,0.84,66,3,46,5,1,0,58.29713181818182
ENSG00000111145,ELK3,chr12,96193978,96269835,1,0.0,369.0,0.0,2,0,0.825,127,5,120,0,11,0,49.25717402597403
ENSG00000059758,CDK17,chr12,96278242,96400562,-1,0.0,72.0,0.0,1,0,1.16,148,2,132,1,3,0,48.01180403225807
ENSG00000188596,CFAP54,chr12,96489571,96875555,1,0.0,170.0,0.0,1,0,0.97,207,1,99,29,4,0,49.097586563307495
ENSG00000139350,NEDD1,chr12,96907224,96953780,1,0.0,81.0,0.0,1,0,0.92,25,3,15,3,1,0,48.05677916666667
ENSG00000120802,TMPO,chr12,98515561,98550351,1,0.0,503.0,0.0,1,0,1.06,32,5,23,0,2,0,49.27718
ENSG00000075415,SLC25A3,chr12,98592455,98606379,1,0.0,489.0,0.0,1,0,0.85,21,2,19,0,1,0,53.32512
ENSG00000166130,IKBIP,chr12,98613405,98645113,-1,0.0,67.0,0.0,1,0,0.81,19,2,13,0,1,0,55.28562424242425
ENSG00000120868,APAF1,chr12,98645149,98735433,1,0.0,339.0,0.0,1,0,0.81,65,3,45,1,1,0,59.686821978021975
ENSG00000185046,ANKS1B,chr12,98726457,99984936,-1,0.0,181.0,0.0,3,0,1.0833,805,7,594,43,1,0,52.25633936507936
ENSG00000180219,GARIN6,chr12,99647753,99650114,1,0.0,28.0,0.0,0,334351,,1,0,0,1,0,0,34.54323333333334
ENSG00000111647,BLTP3B,chr12,100028455,100142886,-1,0.0,51.0,0.0,1,0,1.0,68,1,40,6,1,0,34.88983879310344
ENSG00000075089,ACTR6,chr12,100199122,100241865,1,0.0,32.0,0.0,2,0,1.03,40,3,30,1,1,0,44.47519318181818
ENSG00000166153,DEPDC4,chr12,100203669,100267089,-1,0.0,23.0,0.0,1,0,0.89,43,1,29,4,1,0,45.001256250000004
ENSG00000136021,SCYL2,chr12,100266830,100341728,1,0.0,58.0,0.0,1,0,0.89,46,1,31,0,1,0,47.24722368421053
ENSG00000179520,SLC17A8,chr12,100356842,100422055,1,0.0,126.0,0.0,0,88974,,51,2,34,4,0,0,51.5179696969697
ENSG00000012504,NR1H4,chr12,100473708,100564414,1,0.0,830.0,0.0,0,9101,,75,2,58,4,0,0,54.49845714285714
ENSG00000139354,GAS2L3,chr12,100573681,100628288,1,0.0,172.0,0.0,1,0,0.93,37,2,22,2,1,0,54.266085454545454
ENSG00000151572,ANO4,chr12,100717244,101128648,1,0.0,116.0,0.0,1,0,0.84,275,2,190,25,0,0,44.14606634382567
ENSG00000256870,SLC5A8,chr12,101155493,101210238,-1,0.0,131.0,0.0,1,0,0.92,32,1,23,2,0,0,35.41919285714285
ENSG00000120800,UTP20,chr12,101280105,101386618,1,0.0,75.0,0.0,1,0,0.8,59,1,33,5,1,0,36.092078703703706
ENSG00000120805,ARL1,chr12,101393116,101407772,-1,0.0,29.0,0.0,1,0,0.85,9,3,5,0,1,0,37.5647
ENSG00000166211,SPIC,chr12,101475336,101486997,1,0.0,73.0,0.0,0,66961,,6,1,5,0,0,0,40.64485384615385
ENSG00000196091,MYBPC1,chr12,101568353,101686181,1,0.0,196.0,0.0,1,0,1.07,106,2,94,1,0,0,46.78303277310924
ENSG00000111666,CHPT1,chr12,101696947,101744140,1,0.0,372.0,0.0,2,0,0.85,48,3,44,0,2,0,51.69750833333334
ENSG00000139351,SYCP3,chr12,101728648,101739472,-1,0.0,286.0,0.0,1,0,0.82,8,1,7,0,0,0,52.20241818181818
ENSG00000111670,GNPTAB,chr12,101745486,101830980,-1,0.0,249.0,0.0,1,0,1.04,99,3,91,1,1,0,53.03034942528735
ENSG00000136048,DRAM1,chr12,101877314,102012130,1,0.0,151.0,0.0,1,0,0.94,117,3,91,7,1,0,57.38199852941176
ENSG00000120860,WASHC3,chr12,102011769,102062149,-1,0.0,29.0,0.0,1,0,0.74,34,2,20,1,2,0,61.687250980392164
ENSG00000075188,NUP37,chr12,102073103,102120120,-1,0.0,145.0,0.0,1,0,0.8,28,1,15,1,1,0,64.22035208333334
ENSG00000185480,PARPBP,chr12,102120122,102197531,1,0.0,115.0,0.0,1,0,0.8,38,1,26,3,1,0,65.31836202531646
ENSG00000183395,PMCH,chr12,102196459,102197833,-1,0.0,347.0,0.0,0,76288,,1,1,0,0,0,0,65.3092
ENSG00000017427,IGF1,chr12,102395874,102481744,-1,0.0,2020.0,0.0,0,275703,,93,2,78,0,0,0,65.0486
ENSG00000171759,PAH,chr12,102836889,102958410,-1,0.0,323.0,0.0,4,0,0.8175,84,3,51,3,0,0,53.25508852459016
ENSG00000139352,ASCL1,chr12,102957674,102960513,1,0.0,324.0,0.0,1,0,1.0,9,1,8,0,0,0,49.49415
ENSG00000179088,C12orf42,chr12,103237591,103495978,-1,0.0,50.0,0.0,2,0,0.84,154,1,83,16,2,0,37.61402084942085
ENSG00000136011,STAB2,chr12,103587273,103766719,1,0.0,134.0,0.0,0,73776,,133,0,80,13,0,0,32.98552209944752
ENSG00000111696,NT5DC3,chr12,103770453,103841260,-1,0.0,72.0,0.0,1,0,0.95,102,2,92,0,1,0,39.043036111111114
ENSG00000166598,HSP90B1,chr12,103930107,103953931,1,0.0,445.0,0.0,1,0,0.78,37,2,34,0,2,0,49.06868
ENSG00000204954,UQCC6,chr12,103940763,103965722,-1,0.0,136.0,0.0,2,0,0.835,39,2,37,0,2,0,49.9113
ENSG00000139372,TDG,chr12,103965822,103988874,1,0.0,138.0,0.0,1,0,0.84,16,1,15,0,1,0,51.53035416666666
ENSG00000120820,GLT8D2,chr12,103988612,104064468,-1,0.0,73.0,0.0,1,0,0.8,56,3,44,1,1,0,54.22171710526315
ENSG00000111727,HCFC2,chr12,104064531,104106525,1,0.0,23.0,0.0,1,0,0.8,29,1,19,1,1,0,57.106732558139534
ENSG00000120837,NFYB,chr12,104117080,104138241,-1,0.0,93.0,0.0,1,0,1.02,25,1,22,0,1,0,59.27346363636364
ENSG00000198431,TXNRD1,chr12,104215779,104350307,1,0.0,600.0,0.0,5,0,0.978,191,8,153,3,3,0,65.87234148148148
ENSG00000255150,EID3,chr12,104303739,104305205,1,0.0,37.0,0.0,1,0,1.13,5,1,4,0,1,0,66.384
ENSG00000171310,CHST11,chr12,104455295,104762014,1,0.0,421.0,0.0,2,0,0.805,480,3,452,0,16,0,66.5561077922078
ENSG00000136052,SLC41A2,chr12,104801801,104958759,-1,0.0,149.0,0.0,1,0,0.95,127,0,95,8,1,0,66.57253924050633
ENSG00000151131,NOPCHAP1,chr12,104986316,105074197,1,0.0,33.0,0.0,1,0,0.78,80,1,62,6,2,0,64.63564777777778
ENSG00000136010,ALDH1L2,chr12,105019784,105107643,-1,0.0,79.0,0.0,1,0,0.92,81,2,54,7,2,0,63.88625842696629
ENSG00000136051,WASHC4,chr12,105107324,105169134,1,0.0,61.0,0.0,1,0,0.92,41,1,34,0,1,0,62.13581428571428
ENSG00000136044,APPL2,chr12,105172485,105236221,-1,0.0,123.0,0.0,1,0,0.93,121,3,113,1,1,0,61.149732307692304
ENSG00000235162,C12orf75,chr12,105235290,105396097,1,0.0,106.0,0.0,2,0,0.95,200,5,160,9,3,0,61.38326666666667
ENSG00000074590,NUAK1,chr12,106063345,106138954,-1,0.0,186.0,0.0,1,0,0.83,120,2,116,0,0,0,37.62218051948052
ENSG00000136026,CKAP4,chr12,106237880,106304279,-1,0.0,896.0,0.0,3,0,0.86,86,5,72,1,4,0,36.76452388059702
ENSG00000166046,TCP11L2,chr12,106301929,106347609,1,0.0,52.0,0.0,1,0,0.8,55,2,50,0,2,0,38.05677872340426
ENSG00000013503,POLR3B,chr12,106357693,106510201,1,0.0,109.0,0.0,1,0,0.95,102,2,71,11,1,0,42.06156732026144
ENSG00000111783,RFX4,chr12,106582691,106762803,1,0.0,89.0,0.0,3,0,0.84,152,2,119,7,1,0,49.85512209944751
ENSG00000111785,RIC8B,chr12,106774621,106889316,1,0.0,127.0,0.0,1,0,0.96,104,2,88,5,1,0,50.96639999999999
ENSG00000151135,TMEM263,chr12,106955667,106978778,1,0.0,43.0,0.0,1,0,1.02,27,2,22,0,1,0,52.905187500000004
ENSG00000120832,MTERF2,chr12,106973120,106987173,-1,0.0,31.0,0.0,1,0,0.78,25,1,22,0,1,0,53.23417333333334
ENSG00000008405,CRY1,chr12,106991364,107093855,-1,0.0,374.0,0.0,1,0,0.96,87,2,56,4,2,0,54.68370384615385
ENSG00000151136,ABTB3,chr12,107318421,107659642,1,0.0,64.0,0.0,2,0,0.9,470,4,343,34,3,0,59.208235860058316
ENSG00000136045,PWP1,chr12,107685766,107713462,1,0.0,63.0,0.0,1,0,0.8,15,2,10,0,1,0,49.09803571428572
ENSG00000110851,PRDM4,chr12,107732867,107761327,-1,0.0,55.0,0.0,1,0,1.03,20,1,17,0,1,0,46.520482758620695
ENSG00000187855,ASCL4,chr12,107774704,107776644,1,0.0,52.0,0.0,1,0,0.97,5,1,3,0,0,0,45.60073333333333
ENSG00000075035,WSCD2,chr12,108129288,108250537,1,0.0,73.0,0.0,1,0,1.04,131,2,86,11,0,0,51.47439512195122
ENSG00000174600,CMKLR1,chr12,108288044,108339317,-1,0.0,337.0,0.0,0,158348,,86,2,81,0,0,0,49.988925
ENSG00000198855,FICD,chr12,108513710,108525837,1,0.0,47.0,0.0,1,0,0.83,21,1,15,2,1,0,51.92065384615384
ENSG00000075856,SART3,chr12,108522214,108561400,-1,0.0,237.0,0.0,1,0,0.86,37,3,31,0,1,0,52.09749750000001
ENSG00000136003,ISCU,chr12,108562582,108569380,1,0.0,82.0,0.0,1,0,0.98,16,1,15,0,2,0,52.526242857142854
ENSG00000183160,TMEM119,chr12,108589851,108598320,-1,0.0,182.0,0.0,1,0,0.7,27,2,24,0,0,0,53.4158
ENSG00000110876,SELPLG,chr12,108620413,108633894,-1,0.0,552.0,0.0,0,28362,,33,3,30,0,2,0,54.81958666666667
ENSG00000110880,CORO1C,chr12,108645109,108732563,-1,0.0,168.0,0.0,1,0,0.8,140,6,130,0,3,0,57.86071685393258
ENSG00000084112,SSH1,chr12,108778191,108857613,-1,0.0,89.0,0.0,1,0,1.24,144,4,140,0,2,0,65.55927777777777
ENSG00000110887,DAO,chr12,108858932,108901051,1,0.0,274.0,0.0,0,992,,41,2,27,1,0,0,69.96493488372093
ENSG00000166111,SVOP,chr12,108907741,109021068,-1,0.0,63.0,0.0,0,31365,,90,1,49,6,0,0,75.25649912280701
ENSG00000135093,USP30,chr12,109023089,109088023,1,0.0,124.0,0.0,1,0,0.93,47,2,33,4,1,0,78.8942106060606
ENSG00000189046,ALKBH2,chr12,109088188,109098462,-1,0.0,53.0,0.0,2,0,0.92,15,4,9,0,3,0,79.40411818181818
ENSG00000076248,UNG,chr12,109097572,109126725,1,0.0,247.0,0.0,2,0,0.68,43,4,39,0,2,0,79.39272666666668
ENSG00000076555,ACACB,chr12,109116587,109268226,1,0.0,195.0,0.0,1,0,1.11,166,1,142,3,1,0,77.33860263157895
ENSG00000139445,FOXN4,chr12,109277978,109309284,-1,0.0,63.0,0.0,2,0,0.775,47,1,23,8,0,0,71.57895937500001
ENSG00000174527,MYO1H,chr12,109347900,109455523,1,0.0,54.0,0.0,0,21803,,95,3,59,10,0,0,66.5827376146789
ENSG00000110906,KCTD10,chr12,109448655,109477359,-1,0.0,90.0,0.0,1,0,0.81,50,3,47,0,1,0,66.15381034482758
ENSG00000151148,UBE3B,chr12,109477402,109536705,1,0.0,344.0,0.0,1,0,0.81,90,3,79,5,1,0,65.77201311475409
ENSG00000139428,MMAB,chr12,109553715,109573580,-1,0.0,159.0,0.0,1,0,0.85,35,1,33,0,1,0,64.19420952380953
ENSG00000110921,MVK,chr12,109573255,109598125,1,0.0,505.0,0.0,1,0,0.85,36,3,33,0,1,0,63.310776923076915
ENSG00000139438,FAM222A,chr12,109713825,109770495,1,0.0,50.0,0.0,2,0,1.0,116,2,110,0,0,0,59.09474912280702
ENSG00000111199,TRPV4,chr12,109783087,109833406,-1,0.0,648.0,0.0,0,131,,63,3,30,2,0,0,60.78823725490196
ENSG00000139433,GLTP,chr12,109850943,109880541,-1,0.0,48.0,0.0,1,0,0.92,38,2,34,0,1,0,62.8756935483871
ENSG00000139437,TCHP,chr12,109900264,109983841,1,0.0,369.0,0.0,1,0,1.01,102,4,94,1,3,0,62.852463529411764
ENSG00000139436,GIT2,chr12,109929792,109996389,-1,0.0,286.0,0.0,1,0,0.84,80,3,74,0,3,0,62.41059104477611
ENSG00000076513,ANKRD13A,chr12,109999186,110039763,1,0.0,41.0,0.0,1,0,0.99,53,2,50,0,4,0,61.097493023255815
ENSG00000174456,C12orf76,chr12,110027028,110073636,-1,0.0,13.0,0.0,1,0,0.89,57,3,46,0,3,0,61.01403333333334
ENSG00000122970,IFT81,chr12,110124335,110218795,1,0.0,102.0,0.0,1,0,0.79,74,1,66,0,1,0,66.10245520833332
ENSG00000174437,ATP2A2,chr12,110280669,110351093,1,0.0,481.0,0.0,1,0,0.94,97,2,84,0,2,0,73.41748450704225
ENSG00000196510,ANAPC7,chr12,110372900,110403730,-1,0.0,61.0,0.0,1,0,0.95,25,1,22,0,1,0,76.13630312500001
ENSG00000111229,ARPC3,chr12,110434582,110450422,-1,0.0,61.0,0.0,1,0,0.88,10,1,7,1,1,0,78.0983625
ENSG00000111231,GPN3,chr12,110452486,110469268,-1,0.0,27.0,0.0,1,0,0.85,18,2,12,1,1,0,78.65585
ENSG00000204856,FAM216A,chr12,110468411,110492196,1,0.0,132.0,0.0,1,0,0.85,16,2,8,1,1,0,79.16715599999999
ENSG00000111237,VPS29,chr12,110491083,110502111,-1,0.0,70.0,0.0,1,0,0.84,9,4,3,0,1,0,79.52126666666666
ENSG00000151164,RAD9B,chr12,110501655,110533556,1,0.0,34.0,0.0,1,0,0.84,27,3,14,3,1,0,79.83032727272729
ENSG00000196850,PPTC7,chr12,110533245,110583383,-1,0.0,39.0,0.0,1,0,1.13,79,1,76,0,3,0,80.07199803921569
ENSG00000204852,TCTN1,chr12,110614027,110663431,1,0.0,110.0,0.0,1,0,0.85,54,2,50,0,1,0,79.83745200000001
ENSG00000122986,HVCN1,chr12,110627841,110704950,-1,0.0,156.0,0.0,1,0,0.8,94,5,84,1,2,0,79.735608974359
ENSG00000186298,PPP1CC,chr12,110719680,110742939,-1,0.0,280.0,0.0,1,0,0.86,37,2,34,0,3,0,79.92353333333334
ENSG00000173093,CCDC63,chr12,110846769,110907535,1,0.0,172.0,0.0,1,0,0.92,53,1,37,2,0,0,85.20663387096774
ENSG00000111245,MYL2,chr12,110909996,111052434,-1,0.0,391.0,0.0,2,0,0.935,149,6,98,12,0,0,82.43713776223775
ENSG00000111249,CUX2,chr12,111033853,111350554,1,0.0,177.0,0.0,4,0,0.9025,399,1,246,26,1,0,71.27563364779874
ENSG00000198324,PHETA1,chr12,111360651,111369173,-1,0.0,90.0,0.0,2,0,0.98,22,1,19,0,1,0,62.337733333333325
ENSG00000111252,SH2B3,chr12,111405000,111451623,1,8.0,703.0,1.0,2,0,0.82,110,2,106,0,9,0,59.3950375
ENSG00000204842,ATXN2,chr12,111443485,111599676,-1,0.0,435.0,0.0,1,0,0.95,155,4,136,3,4,0,59.95787088607595
ENSG00000089234,BRAP,chr12,111642146,111685991,-1,0.0,290.0,0.0,1,0,0.92,44,3,34,1,1,0,67.53494444444443
ENSG00000111271,ACAD10,chr12,111686037,111757125,1,0.0,85.0,0.0,1,0,0.92,56,2,46,1,1,0,72.02788472222223
ENSG00000257767,,chr12,111753890,111791418,1,0.0,0.0,0.0,1,0,1.08,63,2,60,0,0,0,75.31740263157896
ENSG00000111275,ALDH2,chr12,111766887,111817532,1,1.0,797.0,1.0,1,0,1.08,53,1,46,0,0,0,76.18784038461538
ENSG00000089022,MAPKAPK5,chr12,111842013,111902222,1,0.0,161.0,0.0,1,0,0.93,51,4,39,1,1,0,77.53290491803277
ENSG00000292259,,chr12,111842237,111842368,1,0.0,28.0,0.0,1,0,0.93,1,1,0,0,1,0,77.4686
ENSG00000198270,TMEM116,chr12,111930181,112013908,-1,0.0,69.0,0.0,1,0,0.87,81,3,67,2,5,0,77.37166823529411
ENSG00000089248,ERP29,chr12,112012815,112025268,1,0.0,104.0,0.0,1,0,0.87,20,2,11,0,2,0,78.14823846153845
ENSG00000111300,NAA25,chr12,112026689,112109434,-1,0.0,257.0,0.0,1,0,1.01,50,1,44,0,1,0,79.92389638554216
ENSG00000135148,TRAFD1,chr12,112125514,112153610,1,0.0,84.0,0.0,1,0,0.81,29,1,28,0,3,0,82.31118620689655
ENSG00000173064,HECTD4,chr12,112160188,112382439,-1,0.0,121.0,0.0,3,0,0.8,224,3,193,0,2,0,81.31682511210762
ENSG00000089009,RPL6,chr12,112405170,112418844,-1,0.0,128.0,0.0,2,0,0.895,21,2,15,0,2,0,81.87238666666667
ENSG00000179295,PTPN11,chr12,112418351,112509918,1,9.0,1197.0,1.0,1,0,0.97,61,2,47,6,1,0,82.66195806451614
ENSG00000089169,RPH3A,chr12,112570380,112898881,1,0.0,119.0,0.0,1,0,0.81,244,2,128,28,1,0,79.39601878787879
ENSG00000089127,OAS1,chr12,112905856,112933219,1,0.0,285.0,0.0,0,5161,,24,2,16,1,3,0,78.04632857142859
ENSG00000111331,OAS3,chr12,112938051,112976460,1,0.0,260.0,0.0,1,0,0.92,25,1,14,4,2,0,76.22487692307693
ENSG00000111335,OAS2,chr12,112978395,113011723,1,0.0,222.0,0.0,0,39707,,27,2,21,1,1,0,74.23016571428572
ENSG00000135144,DTX1,chr12,113056710,113098028,1,0.0,237.0,0.0,3,0,0.8233,89,3,86,0,3,0,69.80175952380952
ENSG00000111344,RASAL1,chr12,113096517,113136258,-1,0.0,139.0,0.0,3,0,0.71,70,2,61,0,1,0,67.507485
ENSG00000186710,CFAP73,chr12,113149716,113159526,1,0.0,31.0,0.0,2,0,0.86,26,3,23,0,0,0,65.07573636363635
ENSG00000123064,DDX54,chr12,113157173,113185508,-1,0.0,68.0,0.0,1,0,0.88,55,3,50,0,1,0,64.05998666666666
ENSG00000139405,RITA1,chr12,113185045,113193653,1,0.0,22.0,0.0,1,0,0.88,13,2,11,0,1,0,63.016999999999996
ENSG00000166578,IQCD,chr12,113194156,113221098,-1,0.0,16.0,0.0,0,135,,50,1,49,0,3,0,62.14592142857142
ENSG00000186815,TPCN1,chr12,113221050,113298589,1,0.0,152.0,0.0,1,0,1.01,140,3,133,0,2,0,61.064832911392394
ENSG00000089060,SLC8B1,chr12,113298759,113359502,-1,0.0,85.0,0.0,2,0,0.875,80,4,59,0,2,0,62.4227629032258
ENSG00000151176,PLBD2,chr12,113358544,113391629,1,0.0,85.0,0.0,1,0,0.84,42,1,28,4,1,0,64.2895411764706
ENSG00000135094,SDS,chr12,113392423,113426301,-1,0.0,509.0,0.0,0,33381,,60,2,45,1,0,0,65.65259714285713
ENSG00000139410,SDSL,chr12,113418087,113438386,1,0.0,77.0,0.0,0,24559,,27,1,19,1,0,0,66.41857619047619
ENSG00000089116,LHX5,chr12,113462033,113472280,-1,0.0,71.0,0.0,2,0,0.755,26,1,24,0,0,0,68.18717272727274
ENSG00000122965,RBM19,chr12,113816738,113966344,-1,0.0,78.0,0.0,1,0,0.93,261,3,186,17,2,0,73.827646
ENSG00000089225,TBX5,chr12,114353911,114409103,-1,0.0,501.0,0.0,5,0,0.866,71,5,56,3,0,0,61.9309
ENSG00000135111,TBX3,chr12,114670255,114684175,-1,5.0,741.0,1.0,3,0,0.8933,40,3,37,0,0,0,46.09396
ENSG00000123066,MED13L,chr12,115957905,116277693,-1,0.0,126.0,0.0,1,0,1.14,362,2,307,13,2,0,41.87919065420561
ENSG00000258102,MAP1LC3B2,chr12,116548105,116576606,1,0.0,19.0,0.0,0,39303,,36,1,28,2,2,0,63.065690000000004
ENSG00000111412,SPRING1,chr12,116710171,116738070,-1,0.0,52.0,0.0,1,0,0.92,44,2,40,0,1,0,73.07902413793103
ENSG00000135119,RNFT2,chr12,116738178,116853631,1,0.0,49.0,0.0,3,0,0.92,85,3,60,3,2,0,72.31956239316239
ENSG00000135116,HRK,chr12,116856144,116881441,-1,0.0,95.0,0.0,2,0,0.84,35,1,30,1,0,0,70.5269076923077
ENSG00000174989,FBXW8,chr12,116910839,117032498,1,0.0,97.0,0.0,1,0,1.12,140,5,129,1,1,0,72.11403524590162
ENSG00000088992,TESC,chr12,117038923,117099479,-1,0.0,417.0,0.0,3,0,0.88,118,1,111,0,2,0,70.56303278688523
ENSG00000135108,FBXO21,chr12,117141991,117190504,-1,0.0,113.0,0.0,3,0,0.97,51,1,46,0,1,0,67.760502
ENSG00000089250,NOS1,chr12,117208142,117452170,-1,0.0,1554.0,0.0,1,0,0.96,161,0,91,16,0,0,68.42877836734694
ENSG00000171435,KSR2,chr12,117453012,117968990,-1,0.0,125.0,0.0,1,0,0.83,379,3,218,37,0,0,61.74081276595744
ENSG00000111445,RFC5,chr12,118013588,118033545,1,0.0,192.0,0.0,2,0,0.9,17,1,14,0,1,0,47.869980952380956
ENSG00000176871,WSB2,chr12,118032687,118062430,-1,0.0,74.0,0.0,1,0,0.87,49,4,43,1,3,0,47.75447333333334
ENSG00000176834,VSIG10,chr12,118063593,118136026,-1,0.0,47.0,0.0,2,0,0.775,75,2,62,0,3,0,47.90569178082192
ENSG00000089220,PEBP1,chr12,118136071,118145584,1,0.0,428.0,0.0,1,0,0.75,16,1,14,0,1,0,48.5157090909091
ENSG00000135090,TAOK3,chr12,118149801,118372920,-1,0.0,134.0,0.0,1,0,0.68,193,4,156,7,2,0,54.933146428571426
ENSG00000111707,SUDS3,chr12,118376531,118418033,1,0.0,34.0,0.0,1,0,0.94,38,1,33,3,1,0,64.14047142857142
ENSG00000139767,SRRM4,chr12,118981541,119163051,1,0.0,169.0,0.0,2,0,0.88,147,1,133,1,0,0,47.5657510989011
ENSG00000152137,HSPB8,chr12,119171555,119224855,1,0.0,343.0,0.0,0,17184,,73,4,62,1,0,0,47.965888888888884
ENSG00000183273,CCDC60,chr12,119334703,119541047,1,0.0,38.0,0.0,1,0,0.73,149,2,94,10,0,0,43.21374106280193
ENSG00000224982,TMEM233,chr12,119593774,119643075,1,0.0,20.0,0.0,1,0,0.7,36,3,30,0,0,0,44.41326999999999
ENSG00000111725,PRKAB1,chr12,119667864,119681624,1,0.0,1732.0,0.0,1,0,0.97,34,3,30,0,1,0,45.06030666666666
ENSG00000122966,CIT,chr12,119685791,119877332,-1,0.0,232.0,0.0,3,0,0.79,169,4,133,7,1,0,47.58524947916667
ENSG00000135127,BICDL1,chr12,119988925,120094496,1,0.0,69.0,0.0,2,0,0.87,119,2,112,0,8,0,64.01105700934579
ENSG00000111737,RAB35,chr12,120095094,120117502,-1,0.0,194.0,0.0,4,0,0.875,42,2,40,0,4,0,65.69061666666667
ENSG00000089154,GCN1,chr12,120127202,120194976,-1,0.0,91.0,0.0,1,0,0.84,73,1,58,3,1,0,66.47083333333332
ENSG00000089157,RPLP0,chr12,120196699,120201235,-1,0.0,244.0,0.0,1,0,0.98,12,1,11,0,2,0,66.91720000000001
ENSG00000089159,PXN,chr12,120210439,120265795,-1,0.0,305.0,0.0,3,0,0.7667,124,6,118,0,5,0,67.23595263157894
ENSG00000089163,SIRT4,chr12,120292162,120313249,1,0.0,196.0,0.0,0,4294,,20,2,13,1,2,0,68.10755454545455
ENSG00000170890,PLA2G1B,chr12,120322115,120327779,-1,0.0,750.0,0.0,0,4246,,8,2,5,0,1,0,68.75424285714286
ENSG00000135097,MSI1,chr12,120341329,120369437,-1,0.0,325.0,0.0,2,0,0.92,47,2,42,0,0,0,70.05815862068965
ENSG00000111775,COX6A1,chr12,120438090,120440742,1,0.0,127.0,0.0,1,0,0.85,6,2,4,0,1,0,75.320625
ENSG00000111780,,chr12,120438198,120460006,1,0.0,0.0,0.0,2,0,0.915,26,2,21,0,2,0,75.89830434782608
ENSG00000170855,TRIAP1,chr12,120443958,120446412,-1,0.0,54.0,0.0,1,0,0.98,4,1,2,0,1,0,75.66239999999999
ENSG00000257218,GATC,chr12,120446444,120463749,1,0.0,18.0,0.0,1,0,0.98,24,1,18,0,1,0,76.25446315789473
ENSG00000111786,SRSF9,chr12,120456138,120495946,-1,0.0,126.0,0.0,2,0,0.915,55,3,46,0,2,0,77.35531707317072
ENSG00000088986,DYNLL1,chr12,120469804,120498495,1,0.0,138.0,0.0,2,0,0.915,40,4,36,0,2,0,77.74814137931035
ENSG00000110871,COQ5,chr12,120503279,120534434,-1,0.0,48.0,0.0,2,0,1.0,28,2,19,2,2,0,79.022621875
ENSG00000022840,RNF10,chr12,120533480,120577588,1,0.0,144.0,0.0,1,0,0.95,55,3,47,0,1,0,79.87518913043478
ENSG00000288623,,chr12,120534697,120534957,1,0.0,0.0,0.0,1,0,0.95,2,2,0,0,1,0,79.4707
ENSG00000167272,POP5,chr12,120578764,120581411,-1,0.0,21.0,0.0,1,0,0.83,7,1,5,0,1,0,80.29386666666666
ENSG00000157782,CABP1,chr12,120640590,120667327,1,0.0,63.0,0.0,1,0,1.0,36,4,29,1,0,0,81.29224444444445
ENSG00000110917,MLEC,chr12,120687125,120704282,1,0.0,39.0,0.0,1,0,0.85,29,3,26,0,1,0,81.59218888888888
ENSG00000175970,UNC119B,chr12,120710440,120723640,1,0.0,24.0,0.0,1,0,1.0,20,1,19,0,1,0,81.54889333333333
ENSG00000122971,ACADS,chr12,120725774,120740009,1,0.0,152.0,0.0,2,0,0.86,27,1,17,2,1,0,81.41329333333333
ENSG00000157837,SPPL3,chr12,120762510,120904358,-1,0.0,219.0,0.0,1,0,0.97,158,1,141,1,1,0,80.34988028169015
ENSG00000135100,HNF1A,chr12,120978543,121002512,1,3.0,962.0,1.0,1,0,0.67,40,4,21,1,0,0,80.53686
ENSG00000157895,C12orf43,chr12,121000486,121016504,-1,0.0,66.0,0.0,1,0,1.09,20,1,13,2,1,0,79.73615555555556
ENSG00000135114,OASL,chr12,121017763,121039246,-1,0.0,182.0,0.0,0,1209,,34,2,26,1,3,0,78.50599545454544
ENSG00000089041,P2RX7,chr12,121132819,121188032,1,0.0,800.0,0.0,0,21870,,65,1,58,0,1,0,70.21497857142857
ENSG00000135124,P2RX4,chr12,121210065,121234112,1,0.0,475.0,0.0,1,0,0.93,45,1,43,0,3,0,69.036492
ENSG00000110931,CAMKK2,chr12,121237675,121298308,-1,0.0,236.0,0.0,2,0,0.78,93,4,84,0,3,0,68.48592295081968
ENSG00000089053,ANAPC5,chr12,121308245,121399896,-1,0.0,54.0,0.0,2,0,0.95,80,3,56,4,2,0,67.19945806451614
ENSG00000170633,RNF34,chr12,121400078,121430623,1,0.0,120.0,0.0,1,0,0.89,29,2,26,0,1,0,67.139371875
ENSG00000089094,KDM2B,chr12,121429096,121582279,-1,0.0,188.0,0.0,7,0,0.8086,228,6,195,5,8,0,69.93575389610389
ENSG00000276045,ORAI1,chr12,121626509,121643109,1,0.0,645.0,0.0,1,0,0.95,34,1,31,0,4,0,74.40301176470588
ENSG00000139714,MORN3,chr12,121648742,121672649,-1,0.0,26.0,0.0,0,14284,,40,1,36,0,3,0,75.49228
ENSG00000188735,TMEM120B,chr12,121712752,121783001,1,0.0,40.0,0.0,1,0,0.82,108,2,94,2,4,0,79.29167464788733
ENSG00000139725,RHOF,chr12,121777754,121803403,-1,0.0,126.0,0.0,3,0,0.79,66,7,59,0,7,0,80.35983461538461
ENSG00000139718,SETD1B,chr12,121804009,121832656,1,0.0,224.0,0.0,6,0,0.7483,65,3,51,3,3,0,80.4273
ENSG00000158104,HPD,chr12,121839277,121863596,-1,0.0,477.0,0.0,1,0,0.78,33,1,24,1,1,0,80.01144615384615
ENSG00000110801,PSMD9,chr12,121888726,121918297,1,0.0,742.0,0.0,1,0,0.95,31,1,25,1,2,0,78.69637333333334
ENSG00000256950,,chr12,121888809,121921470,1,0.0,2.0,0.0,2,0,0.83,35,2,28,1,2,0,78.6563909090909
ENSG00000158023,CFAP251,chr12,121918574,122003927,1,0.0,63.0,0.0,1,0,0.71,107,1,96,0,1,0,77.53137674418606
ENSG00000110987,BCL7A,chr12,122019422,122062044,1,0.0,144.0,0.0,1,0,1.12,73,1,65,2,0,0,77.54409545454547
ENSG00000175727,MLXIP,chr12,122078666,122147344,1,0.0,92.0,0.0,2,0,0.975,136,1,129,0,2,0,78.18395797101448
ENSG00000158113,LRRC43,chr12,122167738,122203471,1,0.0,36.0,0.0,2,0,1.035,45,2,21,5,0,0,77.68932222222222
ENSG00000204671,IL31,chr12,122172029,122174221,-1,0.0,394.0,0.0,0,8880,,3,0,1,0,0,0,77.8174
ENSG00000176383,B3GNT4,chr12,122203681,122208952,1,0.0,30.0,0.0,1,0,0.89,16,3,13,0,0,0,77.52121666666667
ENSG00000184047,DIABLO,chr12,122207394,122226062,-1,0.0,156.0,0.0,1,0,0.89,16,1,14,0,1,0,77.49958000000001
ENSG00000284934,,chr12,122207662,122227534,-1,0.0,14.0,0.0,1,0,0.89,20,3,16,0,2,0,77.49935714285714
ENSG00000256861,,chr12,122207779,122266423,-1,0.0,0.0,0.0,2,0,0.97,51,4,43,0,4,0,77.62060169491527
ENSG00000139719,VPS33A,chr12,122229564,122266502,-1,0.0,316.0,0.0,1,0,1.05,29,1,25,0,2,0,77.69997368421052
ENSG00000130779,CLIP1,chr12,122271432,122422778,-1,0.0,390.0,0.0,1,0,0.94,162,2,143,2,3,0,80.00101241830065
ENSG00000033030,ZCCHC8,chr12,122471600,122500932,-1,0.0,170.0,0.0,1,0,1.06,29,3,23,0,1,0,81.48104
ENSG00000111011,RSRC2,chr12,122503454,122527100,-1,0.0,62.0,0.0,1,0,1.1,31,2,25,0,1,0,81.67233200000001
ENSG00000184445,KNTC1,chr12,122527246,122626396,1,0.0,120.0,0.0,0,28,,51,2,38,2,2,0,82.427123
ENSG00000182782,HCAR2,chr12,122701293,122703357,-1,0.0,199.0,0.0,0,49090,,4,1,3,0,0,0,81.54373333333332
ENSG00000255398,HCAR3,chr12,122714756,122716811,-1,0.0,181.0,0.0,0,35636,,4,1,3,0,0,0,80.961
ENSG00000196917,HCAR1,chr12,122726076,122730844,-1,0.0,186.0,0.0,0,21603,,11,1,9,0,0,0,80.39095000000002
ENSG00000139726,DENR,chr12,122752824,122771064,1,0.0,538.0,0.0,1,0,0.92,12,1,11,0,2,0,78.8129210526316
ENSG00000130783,CCDC62,chr12,122774526,122827528,1,0.0,186.0,0.0,1,0,1.1,45,1,36,0,1,0,77.36309814814814
ENSG00000130787,HIP1R,chr12,122834453,122862961,1,0.0,127.0,0.0,1,0,0.95,81,1,80,0,1,0,76.66585
ENSG00000139722,VPS37B,chr12,122865330,122896127,-1,0.0,39.0,0.0,2,0,0.985,72,3,69,0,3,0,76.90008750000001
ENSG00000150967,ABCB9,chr12,122920951,122981649,-1,0.0,71.0,0.0,4,0,0.7925,101,10,82,3,3,0,77.42779838709674
ENSG00000111325,OGFOD2,chr12,122974580,122980043,1,0.0,34.0,0.0,1,0,0.87,14,3,11,0,2,0,77.1757
ENSG00000182196,ARL6IP4,chr12,122980045,122983479,1,0.0,70.0,0.0,1,0,0.89,12,6,6,0,1,0,77.08510000000001
ENSG00000090975,PITPNM2,chr12,122983480,123151142,-1,0.0,69.0,0.0,3,0,0.8433,302,1,297,1,4,0,74.38788520710058
ENSG00000051825,MPHOSPH9,chr12,123152320,123244014,-1,0.0,111.0,0.0,1,0,0.88,64,2,51,1,3,0,74.74780860215054
ENSG00000130921,MTRFR,chr12,123232142,123258079,1,0.0,103.0,0.0,1,0,0.88,39,3,34,0,1,0,76.3753111111111
ENSG00000111328,CDK2AP1,chr12,123250112,123272334,-1,0.0,121.0,0.0,2,0,0.88,45,8,36,0,0,0,76.91838695652174
ENSG00000139697,SBNO1,chr12,123289109,123365184,-1,0.0,155.0,0.0,1,0,0.96,51,3,32,3,1,0,79.17483896103896
ENSG00000183955,KMT5A,chr12,123384132,123409353,1,0.0,155.0,0.0,2,0,0.855,46,0,44,1,2,0,81.75602307692307
ENSG00000150977,RILPL2,chr12,123409714,123436684,-1,0.0,78.0,0.0,1,0,0.74,31,1,25,0,3,0,82.55093214285714
ENSG00000184209,SNRNP35,chr12,123458078,123473154,1,0.0,24.0,0.0,1,0,0.86,16,2,12,0,1,0,83.1220625
ENSG00000188026,RILPL1,chr12,123470054,123534103,-1,0.0,58.0,0.0,1,0,1.05,74,2,69,0,2,0,82.83644923076925
ENSG00000086598,TMED2,chr12,123584526,123598582,1,0.0,310.0,0.0,1,0,0.85,13,3,10,0,1,0,81.72209333333333
ENSG00000111364,DDX55,chr12,123602077,123620943,1,0.0,48.0,0.0,1,0,0.8,16,1,13,0,2,0,81.73681000000002
ENSG00000111361,EIF2B1,chr12,123620406,123633766,-1,0.0,148.0,0.0,1,0,0.93,10,1,8,1,1,0,81.82224666666666
ENSG00000111358,GTF2H3,chr12,123633739,123662604,1,0.0,196.0,0.0,1,0,0.93,26,1,21,0,2,0,82.03104666666667
ENSG00000168778,TCTN2,chr12,123671110,123708399,1,0.0,100.0,0.0,1,0,0.77,24,1,12,2,1,0,82.49690526315788
ENSG00000185344,ATP6V0A2,chr12,123712342,123761755,1,0.0,227.0,0.0,1,0,1.0,63,1,57,2,1,0,82.98434901960786
ENSG00000197653,DNAH10,chr12,123762188,123935720,1,0.0,233.0,0.0,2,0,0.87,173,5,92,20,0,0,82.06629428571429
ENSG00000119242,CCDC92,chr12,123918660,123974253,-1,0.0,92.0,0.0,2,0,0.86,89,7,79,1,4,0,77.28428214285714
ENSG00000179195,ZNF664,chr12,123971745,124015445,1,0.0,60.0,0.0,1,0,0.99,65,3,59,2,4,0,74.81927727272729
ENSG00000178882,RFLNA,chr12,123973241,124316024,1,0.0,59.0,0.0,4,0,0.785,429,4,342,20,3,0,73.87198459302326
ENSG00000196498,NCOR2,chr12,124324407,124567623,-1,3.0,440.0,1.0,21,0,0.7586,518,9,487,5,6,0,65.62555714285715
ENSG00000073060,SCARB1,chr12,124776856,124882668,-1,0.0,662.0,0.0,3,0,0.81,201,2,187,1,2,0,60.20898411214954
ENSG00000150991,UBC,chr12,124911604,124917368,-1,0.0,996.0,0.0,1,0,0.9,14,2,11,0,1,0,63.41400000000001
ENSG00000150990,DHX37,chr12,124946825,124989133,-1,0.0,100.0,0.0,1,0,0.75,64,1,22,12,1,0,67.50727674418604
ENSG00000184992,BRI3BP,chr12,124993645,125031231,1,0.0,59.0,0.0,2,0,1.035,59,1,44,2,1,0,70.20101025641026
ENSG00000081760,AACS,chr12,125065364,125143333,1,0.0,82.0,0.0,4,0,0.915,104,1,91,3,1,0,71.91165569620253
ENSG00000139364,TMEM132B,chr12,125186386,125662377,1,0.0,66.0,0.0,3,0,0.8467,341,1,231,20,0,0,79.68876268343816
ENSG00000181234,TMEM132C,chr12,128267170,128707911,1,0.0,83.0,0.0,4,0,0.81,326,1,230,22,0,0,45.50983212669683
ENSG00000139370,SLC15A4,chr12,128793193,128824035,-1,0.0,122.0,0.0,2,0,0.95,62,3,59,0,2,0,42.117934375000004
ENSG00000151948,GLT1D1,chr12,128853427,128984968,1,0.0,88.0,0.0,2,0,0.92,118,2,92,2,0,0,39.08308270676692
ENSG00000151952,TMEM132D,chr12,129071725,129904025,-1,0.0,95.0,0.0,4,0,0.77,524,5,240,44,0,0,32.47217274909964
ENSG00000111432,FZD10,chr12,130162459,130165740,1,0.0,94.0,0.0,1,0,0.85,9,1,8,0,0,0,31.160919999999997
ENSG00000125207,PIWIL1,chr12,130337887,130372637,1,0.0,398.0,0.0,1,0,0.77,29,1,14,1,0,0,34.502066666666664
ENSG00000060709,RIMBP2,chr12,130396131,130768228,-1,0.0,67.0,0.0,8,0,0.8225,500,4,329,27,1,0,38.54085281501341
ENSG00000111450,STX2,chr12,130789600,130839265,-1,0.0,362.0,0.0,2,0,0.855,65,1,61,0,3,0,47.26224
ENSG00000132341,RAN,chr12,130872037,130877678,1,0.0,257.0,0.0,1,0,1.46,16,2,14,0,1,0,47.8177
ENSG00000111452,ADGRD1,chr12,130953055,131142466,1,0.0,135.0,0.0,8,0,0.7788,345,8,300,7,0,0,59.23567947368421
ENSG00000061936,SFSWAP,chr12,131711081,131799738,1,0.0,171.0,0.0,4,0,0.925,109,4,92,0,2,0,58.72063111111112
ENSG00000198598,MMP17,chr12,131828393,131851783,1,0.0,130.0,0.0,4,0,0.7575,54,2,38,1,0,0,56.697292
ENSG00000177169,ULK1,chr12,131894621,131923161,1,0.0,521.0,0.0,3,0,0.7867,75,2,67,2,2,0,56.94966896551725
ENSG00000177192,PUS1,chr12,131929200,131945896,1,0.0,150.0,0.0,2,0,0.87,21,2,16,0,2,0,57.18808888888888
ENSG00000183495,EP400,chr12,131949931,132080460,1,0.0,96.0,0.0,3,0,0.8833,155,4,129,4,2,0,58.44061068702291
ENSG00000185163,DDX51,chr12,132136591,132144335,-1,0.0,41.0,0.0,1,0,1.03,20,1,12,0,1,0,63.5962125
ENSG00000184967,NOC4L,chr12,132144425,132152473,1,0.0,40.0,0.0,3,0,0.85,20,1,12,2,1,0,64.0608
ENSG00000182870,GALNT9,chr12,132196372,132329598,-1,0.0,131.0,0.0,28,0,0.7729,265,6,201,6,0,0,71.45717407407409
ENSG00000112787,FBRSL1,chr12,132489551,132585188,1,0.0,91.0,0.0,13,0,0.7769,213,5,170,5,2,0,72.73617187500001
ENSG00000204583,LRCOL1,chr12,132603150,132610582,-1,0.0,7.0,0.0,2,0,0.75,16,1,14,0,0,0,68.85076666666667
ENSG00000187848,P2RX2,chr12,132618776,132622388,1,0.0,385.0,0.0,1,0,0.92,9,1,5,1,0,0,66.806675
ENSG00000177084,POLE,chr12,132623753,132687376,-1,4.0,579.0,1.0,2,0,0.755,75,2,63,1,1,0,58.533973437499995
ENSG00000176894,PXMP2,chr12,132687587,132705098,1,0.0,44.0,0.0,1,0,0.9,16,2,12,0,1,0,47.222166666666666
ENSG00000247077,PGAM5,chr12,132710786,132722734,1,0.0,220.0,0.0,3,0,0.86,21,2,16,0,1,0,42.24326153846153
ENSG00000176915,ANKLE2,chr12,132725503,132761832,-1,0.0,60.0,0.0,4,0,0.825,48,2,33,4,1,0,38.5812
ENSG00000090615,GOLGA3,chr12,132768902,132829143,-1,0.0,244.0,0.0,6,0,0.7967,97,2,74,5,2,0,43.44303278688525
ENSG00000072609,CHFR,chr12,132822187,132956304,-1,0.0,130.0,0.0,8,0,0.8325,182,7,103,1,5,0,62.15847703703703
ENSG00000196458,ZNF605,chr12,132918306,132956306,-1,0.0,49.0,0.0,1,0,0.97,78,1,18,0,1,0,67.50141282051281
ENSG00000198393,ZNF26,chr12,132986365,133032952,1,0.0,11.0,0.0,1,0,0.86,12,1,5,0,1,0,66.17691041666667
ENSG00000198040,ZNF84,chr12,133037262,133063304,1,0.0,21.0,0.0,1,0,1.15,11,2,7,0,1,0,67.53361481481481
ENSG00000196387,ZNF140,chr12,133080388,133107981,1,0.0,19.0,0.0,1,0,0.92,11,1,9,0,1,0,70.80351724137931
ENSG00000214029,ZNF891,chr12,133104779,133130289,-1,0.0,13.0,0.0,1,0,1.02,13,2,9,0,1,0,72.36231153846155
ENSG00000256223,ZNF10,chr12,133130349,133159465,1,0.0,31.0,0.0,1,0,1.02,11,4,7,0,1,0,73.48757333333334
ENSG00000256825,,chr12,133130984,133202369,1,0.0,0.0,0.0,2,0,1.02,19,3,11,0,2,0,73.5937
ENSG00000090612,ZNF268,chr12,133181409,133214832,1,0.0,40.0,0.0,1,0,1.02,13,1,8,0,1,0,73.33879714285715
ENSG00000227059,ANHX,chr12,133218312,133235877,-1,0.0,11.0,0.0,1,0,0.79,10,1,1,0,0,0,72.42008947368421
