gene_id,gene_name,chrom,start,end,strand,cpg_island_count,cpg_nearest_dist,cpg_mean_obs_exp,encode_ccre_count,encode_promoter_count,encode_enhancer_count,encode_ctcf_count,ot_cancer_hallmark_count,ot_disease_count,ot_is_cancer_driver,replication_timing
ENSG00000186092,OR4F5,chr1,65419,71585,1,0,35682,,1,0,0,0,0.0,2.0,0.0,67.929
ENSG00000284733,OR4F29,chr1,450740,451678,-1,0,39429,,0,0,0,0,0.0,2.0,0.0,23.562350000000002
ENSG00000284662,OR4F16,chr1,685716,686654,-1,0,74447,,0,0,0,0,0.0,0.0,0.0,67.15700000000001
ENSG00000187634,SAMD11,chr1,923923,944575,1,5,0,0.77,52,2,48,0,0.0,150.0,0.0,78.1458409090909
ENSG00000188976,NOC2L,chr1,943527,960714,-1,2,0,0.67,33,2,21,0,0.0,55.0,0.0,78.35435
ENSG00000187961,KLHL17,chr1,960576,965719,1,1,0,0.67,13,1,11,0,0.0,124.0,0.0,78.37804999999999
ENSG00000187583,PLEKHN1,chr1,966437,975865,1,2,0,0.705,24,1,21,1,0.0,53.0,0.0,78.3441909090909
ENSG00000187642,PERM1,chr1,975194,982134,-1,1,0,0.62,18,2,15,0,0.0,45.0,0.0,78.2844
ENSG00000188290,HES4,chr1,998962,1000172,-1,1,0,0.91,5,2,3,0,0.0,66.0,0.0,78.0087
ENSG00000187608,ISG15,chr1,1001138,1014540,1,3,0,0.8067,34,3,28,0,0.0,485.0,0.0,77.87316
ENSG00000188157,AGRN,chr1,1020120,1056119,1,9,0,0.7711,77,2,56,3,0.0,640.0,0.0,77.41967567567566
ENSG00000237330,RNF223,chr1,1070967,1074306,-1,1,0,0.7,10,1,9,0,0.0,37.0,0.0,77.116525
ENSG00000131591,C1orf159,chr1,1081811,1116361,-1,9,0,0.7467,73,2,54,1,0.0,40.0,0.0,77.25448
ENSG00000162571,TTLL10,chr1,1173880,1197940,1,2,0,0.73,41,2,26,2,0.0,56.0,0.0,79.135836
ENSG00000186891,TNFRSF18,chr1,1203508,1206592,-1,1,0,0.9,9,2,7,0,0.0,310.0,0.0,79.637325
ENSG00000186827,TNFRSF4,chr1,1211326,1214153,-1,2,0,0.75,10,1,9,0,0.0,458.0,0.0,79.80405
ENSG00000078808,SDF4,chr1,1216887,1238870,-1,5,0,0.958,48,1,47,0,0.0,463.0,0.0,80.13326521739131
ENSG00000176022,B3GALT6,chr1,1232237,1235041,1,1,0,1.05,6,1,5,0,0.0,58.0,0.0,80.24375
ENSG00000184163,C1QTNF12,chr1,1242446,1246722,-1,2,0,0.78,11,1,8,0,0.0,96.0,0.0,80.4326
ENSG00000160087,UBE2J2,chr1,1253907,1274477,-1,5,0,0.832,39,2,36,0,0.0,50.0,0.0,80.69140952380951
ENSG00000162572,SCNN1D,chr1,1280436,1292029,1,1,0,0.63,27,2,23,0,0.0,47.0,0.0,80.88529230769231
ENSG00000131584,ACAP3,chr1,1292376,1309609,-1,3,0,0.76,42,3,39,0,0.0,43.0,0.0,80.95847368421052
ENSG00000169972,PUSL1,chr1,1308567,1311677,1,1,0,1.03,11,1,10,0,0.0,39.0,0.0,80.9888
ENSG00000127054,INTS11,chr1,1311585,1324687,-1,3,0,0.7467,26,2,23,0,0.0,45.0,0.0,81.0032857142857
ENSG00000224051,CPTP,chr1,1324756,1328897,1,2,0,0.815,10,1,9,0,0.0,34.0,0.0,81.01410000000001
ENSG00000169962,TAS1R3,chr1,1331280,1335314,1,2,0,0.695,11,1,10,0,0.0,112.0,0.0,81.01921999999999
ENSG00000107404,DVL1,chr1,1335276,1349945,-1,5,0,0.782,35,2,29,0,0.0,247.0,0.0,81.027175
ENSG00000162576,MXRA8,chr1,1352689,1361777,-1,1,0,1.07,28,3,25,0,0.0,130.0,0.0,81.04694
ENSG00000175756,AURKAIP1,chr1,1373729,1375521,-1,1,0,0.82,7,1,6,0,0.0,60.0,0.0,81.09683333333334
ENSG00000221978,CCNL2,chr1,1385711,1399339,-1,2,0,1.025,22,1,16,0,0.0,464.0,0.0,81.18575714285716
ENSG00000242485,MRPL20,chr1,1401908,1407306,-1,1,0,1.01,14,2,9,0,0.0,24.0,0.0,81.26386666666667
ENSG00000235098,ANKRD65,chr1,1415637,1421769,-1,1,0,0.85,14,4,10,0,0.0,11.0,0.0,81.36751428571428
ENSG00000205116,TMEM88B,chr1,1425871,1430255,1,2,0,0.93,12,1,11,0,0.0,21.0,0.0,81.42898
ENSG00000179403,VWA1,chr1,1434861,1442882,1,2,0,1.08,24,2,22,0,0.0,63.0,0.0,81.49178888888889
ENSG00000215915,ATAD3C,chr1,1449689,1470163,1,2,0,0.715,22,0,8,0,0.0,44.0,0.0,81.5372142857143
ENSG00000160072,ATAD3B,chr1,1471756,1497848,1,4,0,0.8175,39,1,18,3,0.0,68.0,0.0,81.38502222222222
ENSG00000197785,ATAD3A,chr1,1512147,1534686,1,6,0,0.73,33,2,16,2,0.0,140.0,0.0,80.513975
ENSG00000205090,TMEM240,chr1,1534778,1540624,-1,3,0,0.86,15,2,13,0,0.0,110.0,0.0,79.9825857142857
ENSG00000160075,SSU72,chr1,1541673,1574884,-1,3,0,0.95,70,3,66,0,0.0,41.0,0.0,79.09124705882354
ENSG00000228594,FNDC10,chr1,1598012,1600135,-1,1,0,1.13,6,1,5,0,0.0,4.0,0.0,77.42223333333332
ENSG00000197530,MIB2,chr1,1615434,1630610,1,4,0,0.7825,45,4,40,0,0.0,102.0,0.0,76.87071176470587
ENSG00000189409,MMP23B,chr1,1631665,1635263,1,1,0,0.64,4,1,2,0,0.0,66.0,0.0,76.7833
ENSG00000248333,CDK11B,chr1,1635225,1659234,-1,4,0,0.805,19,1,11,3,0.0,103.0,0.0,76.894664
ENSG00000189339,SLC35E2B,chr1,1659529,1693017,-1,3,0,0.8567,63,2,58,0,0.0,22.0,0.0,77.78732352941176
ENSG00000008128,CDK11A,chr1,1702379,1724482,-1,3,0,0.86,21,1,9,3,0.0,45.0,0.0,79.7372
ENSG00000008130,NADK,chr1,1751232,1780544,-1,3,0,0.7667,58,3,52,0,0.0,92.0,0.0,82.20035483870967
ENSG00000078369,GNB1,chr1,1785285,1892292,-1,1,0,1.2,152,1,137,0,0.0,280.0,0.0,80.48891018518519
ENSG00000169885,CALML6,chr1,1915108,1917296,1,0,1363,,5,1,4,0,0.0,44.0,0.0,75.77550000000001
ENSG00000178821,TMEM52,chr1,1917589,1919329,-1,1,0,0.77,5,1,4,0,0.0,29.0,0.0,75.63980000000001
ENSG00000142609,CFAP74,chr1,1921951,2003837,-1,7,0,0.7814,139,1,98,6,0.0,42.0,0.0,74.15685542168673
ENSG00000187730,GABRD,chr1,2019329,2030758,1,5,0,0.854,29,1,28,0,0.0,348.0,0.0,73.85289230769231
ENSG00000067606,PRKCZ,chr1,2050411,2185395,1,15,0,0.8513,273,5,259,1,0.0,285.0,0.0,75.92337573529412
ENSG00000162585,FAAP20,chr1,2184461,2212720,-1,4,0,0.795,67,3,62,0,0.0,66.0,0.0,75.52397666666664
ENSG00000157933,SKI,chr1,2227388,2310213,1,6,0,0.8433,193,2,191,0,0.0,294.0,0.0,71.63894880952382
ENSG00000116151,MORN1,chr1,2319208,2391707,-1,9,0,0.7933,149,3,134,1,0.0,42.0,0.0,68.29041621621623
ENSG00000157916,RER1,chr1,2390670,2405444,1,2,0,0.83,29,3,24,0,0.0,100.0,0.0,67.45038666666669
ENSG00000157911,PEX10,chr1,2403964,2413797,-1,2,0,0.79,26,1,25,0,0.0,78.0,0.0,67.20882727272728
ENSG00000149527,PLCH2,chr1,2425980,2505532,1,12,0,0.7308,153,4,134,1,0.0,62.0,0.0,64.93304444444445
ENSG00000157881,PANK4,chr1,2508534,2526612,-1,7,0,0.7957,39,1,34,1,0.0,187.0,0.0,61.21100526315788
ENSG00000197921,HES5,chr1,2528745,2530263,-1,1,0,1.22,6,2,4,0,0.0,173.0,0.0,60.0236
ENSG00000157873,TNFRSF14,chr1,2554244,2565382,1,0,7320,,32,4,28,0,6.0,399.0,1.0,56.333733333333335
ENSG00000157870,PRXL2B,chr1,2586491,2591470,1,1,0,0.97,15,2,9,0,0.0,88.0,0.0,52.20045
ENSG00000142606,MMEL1,chr1,2590639,2633016,-1,3,0,0.71,79,3,24,5,0.0,280.0,0.0,48.78779302325581
ENSG00000215912,TTC34,chr1,2636986,2801693,-1,3,0,0.7567,95,1,42,10,0.0,45.0,0.0,41.38692409638554
ENSG00000169717,ACTRT2,chr1,3021467,3022903,1,1,0,0.64,4,0,0,2,0.0,40.0,0.0,41.809666666666665
ENSG00000142611,PRDM16,chr1,3069168,3438621,1,33,0,0.7918,704,6,636,9,1.0,571.0,1.0,51.702081671159036
ENSG00000130762,ARHGEF16,chr1,3454550,3481127,1,2,0,0.715,72,4,67,0,0.0,90.0,0.0,66.38978518518519
ENSG00000162591,MEGF6,chr1,3487942,3611543,-1,10,0,0.808,249,2,228,3,0.0,72.0,0.0,71.6962136
ENSG00000158109,TPRG1L,chr1,3624979,3630131,1,1,0,0.93,9,1,5,0,0.0,32.0,0.0,75.42816666666668
ENSG00000116213,WRAP73,chr1,3630767,3652761,-1,4,0,0.88,45,3,34,3,0.0,26.0,0.0,76.39666956521738
ENSG00000078900,TP73,chr1,3652516,3736201,1,5,0,0.758,185,4,161,4,0.0,528.0,0.0,81.10421428571429
ENSG00000162592,CCDC27,chr1,3746460,3771645,1,1,0,0.81,35,3,11,2,0.0,20.0,0.0,82.57551481481481
ENSG00000235169,SMIM1,chr1,3772655,3776709,1,1,0,0.71,13,2,11,0,0.0,39.0,0.0,79.97592
ENSG00000130764,LRRC47,chr1,3778559,3796511,-1,2,0,0.77,39,1,33,0,0.0,29.0,0.0,76.34223157894738
ENSG00000116198,CEP104,chr1,3812086,3857723,-1,2,0,0.765,46,1,42,1,0.0,55.0,0.0,55.132217021276595
ENSG00000169598,DFFB,chr1,3857267,3885429,1,3,0,0.7967,39,1,32,1,0.0,76.0,0.0,36.219610344827586
ENSG00000198912,C1orf174,chr1,3889125,3900293,-1,2,0,0.645,20,1,19,0,0.0,46.0,0.0,26.61565833333334
ENSG00000196581,AJAP1,chr1,4654609,4792534,1,4,0,0.85,191,3,150,6,0.0,123.0,0.0,37.53469424460432
ENSG00000131697,NPHP4,chr1,5862804,5993455,-1,3,0,0.8333,208,2,169,8,0.0,372.0,0.0,59.6504786259542
ENSG00000069424,KCNAB2,chr1,5990927,6101193,1,4,0,0.7875,211,10,189,4,0.0,200.0,0.0,64.41506126126126
ENSG00000116254,CHD5,chr1,6101787,6180321,-1,5,0,0.878,156,1,113,9,0.0,285.0,0.0,69.13267468354434
ENSG00000285629,,chr1,6159430,6197757,-1,2,0,0.925,74,1,66,0,0.0,0.0,0.0,70.98509
ENSG00000116251,RPL22,chr1,6185020,6209389,-1,3,0,0.9,37,6,29,0,0.0,352.0,0.0,71.851872
ENSG00000158286,RNF207,chr1,6205392,6221299,1,2,0,0.905,33,3,19,2,0.0,54.0,0.0,72.56356470588234
ENSG00000116237,ICMT,chr1,6221193,6235972,-1,1,0,1.1,19,2,16,0,0.0,57.0,0.0,73.2069375
ENSG00000173673,HES3,chr1,6244179,6245578,1,1,0,0.79,5,1,4,0,0.0,30.0,0.0,73.8309
ENSG00000158292,GPR153,chr1,6247347,6261098,-1,3,0,0.89,27,1,18,0,0.0,43.0,0.0,74.13385333333332
ENSG00000097021,ACOT7,chr1,6264268,6393767,-1,3,0,0.79,208,5,191,0,0.0,296.0,0.0,75.49860610687023
ENSG00000069812,HES2,chr1,6412418,6424690,-1,2,0,0.995,30,3,27,0,0.0,39.0,0.0,76.17590714285714
ENSG00000187017,ESPN,chr1,6424776,6461367,1,7,0,0.8643,73,4,59,0,0.0,204.0,0.0,76.47506216216216
ENSG00000215788,TNFRSF25,chr1,6460786,6466181,-1,2,0,0.825,15,1,14,0,0.0,350.0,0.0,76.78945
ENSG00000171680,PLEKHG5,chr1,6467122,6520074,-1,5,0,0.792,111,10,90,1,0.0,79.0,0.0,77.3313462962963
ENSG00000162408,NOL9,chr1,6521347,6554536,-1,1,0,1.04,26,1,21,1,0.0,38.0,0.0,78.00169428571431
ENSG00000173662,TAS1R1,chr1,6555307,6579755,1,1,0,0.77,25,2,20,0,0.0,263.0,0.0,78.19691923076923
ENSG00000204859,ZBTB48,chr1,6579994,6589280,1,1,0,0.77,22,1,20,0,0.0,70.0,0.0,78.19418
ENSG00000162413,KLHL21,chr1,6590724,6614607,-1,4,0,0.845,58,3,53,0,0.0,40.0,0.0,78.072936
ENSG00000116273,PHF13,chr1,6613731,6624030,1,1,0,0.95,19,3,14,0,0.0,160.0,0.0,77.89728181818181
ENSG00000041988,THAP3,chr1,6624845,6635586,1,1,0,0.83,19,2,17,0,0.0,41.0,0.0,77.721975
ENSG00000007923,DNAJC11,chr1,6634168,6701924,-1,1,0,0.89,79,1,68,2,0.0,62.0,0.0,76.84092463768116
ENSG00000171735,CAMTA1,chr1,6785454,7769706,1,6,0,0.8533,1238,6,941,47,1.0,303.0,1.0,54.37934381338742
ENSG00000049245,VAMP3,chr1,7771296,7781432,1,1,0,0.95,7,1,6,0,0.0,128.0,0.0,59.92606363636364
ENSG00000049246,PER3,chr1,7784291,7845181,1,2,0,0.825,40,3,19,3,0.0,245.0,0.0,61.20462903225807
ENSG00000049247,UTS2,chr1,7843083,7853512,-1,0,15667,,9,1,3,1,0.0,226.0,0.0,62.043883333333326
ENSG00000049249,TNFRSF9,chr1,7915871,7943165,-1,1,0,0.92,36,2,33,0,0.0,744.0,0.0,64.29945000000001
ENSG00000116288,PARK7,chr1,7954264,7985505,1,2,0,0.895,38,3,34,0,0.0,528.0,0.0,66.05694848484848
ENSG00000116285,ERRFI1,chr1,8004404,8026312,-1,1,0,1.06,51,2,49,0,0.0,232.0,0.0,67.66264347826088
ENSG00000162426,SLC45A1,chr1,8318104,8344167,1,6,0,0.7717,33,2,17,6,0.0,99.0,0.0,60.63394444444444
ENSG00000142599,RERE,chr1,8352397,8848921,-1,4,0,0.865,684,6,631,10,0.0,560.0,0.0,67.75006204819277
ENSG00000074800,ENO1,chr1,8860977,8879289,-1,1,0,0.86,42,1,41,0,0.0,481.0,0.0,76.5245052631579
ENSG00000131686,CA6,chr1,8945867,8975092,1,0,64129,,44,1,42,0,0.0,181.0,0.0,76.05657
ENSG00000197241,SLC2A7,chr1,9002973,9026423,-1,0,12798,,33,1,32,0,0.0,25.0,0.0,74.07782083333333
ENSG00000142583,SLC2A5,chr1,9035106,9088478,-1,1,0,0.77,83,2,77,1,0.0,328.0,0.0,70.79988333333333
ENSG00000180758,GPR157,chr1,9100305,9129122,-1,1,0,0.85,49,2,43,0,0.0,31.0,0.0,66.85140333333332
ENSG00000049239,H6PD,chr1,9234774,9271337,1,3,0,0.78,77,2,73,0,0.0,450.0,0.0,62.282562162162165
ENSG00000171621,SPSB1,chr1,9292101,9369532,1,3,0,0.9,144,1,135,0,0.0,87.0,0.0,59.46300632911393
ENSG00000171612,SLC25A33,chr1,9539465,9585173,1,1,0,0.98,60,1,53,2,0.0,71.0,0.0,67.9617255319149
ENSG00000188807,TMEM201,chr1,9588721,9614877,1,2,0,0.925,56,1,49,1,0.0,103.0,0.0,69.80367407407408
ENSG00000171608,PIK3CD,chr1,9629889,9730117,1,3,0,0.84,143,4,136,0,0.0,2196.0,0.0,71.8077306930693
ENSG00000171603,CLSTN1,chr1,9728926,9823993,-1,4,0,0.82,134,2,123,1,0.0,190.0,0.0,74.64392500000001
ENSG00000178585,CTNNBIP1,chr1,9848269,9910368,-1,1,0,0.96,109,5,98,1,0.0,122.0,0.0,78.21010476190474
ENSG00000162441,LZIC,chr1,9922113,9943407,-1,1,0,0.8,21,3,15,0,0.0,16.0,0.0,79.82451818181819
ENSG00000173614,NMNAT1,chr1,9943428,9985501,1,1,0,0.8,32,2,26,0,0.0,364.0,0.0,80.349725
ENSG00000162444,RBP7,chr1,9997054,10016021,1,1,0,0.93,20,2,13,0,0.0,76.0,0.0,80.30772380952381
ENSG00000130939,UBE4B,chr1,10032832,10181244,1,1,0,0.93,154,3,138,1,0.0,311.0,0.0,76.06948456375838
ENSG00000054523,KIF1B,chr1,10210533,10381606,1,2,0,0.995,151,5,137,0,0.0,235.0,0.0,74.07506802325581
ENSG00000142657,PGD,chr1,10398592,10420511,1,1,0,0.88,23,1,19,0,0.0,275.0,0.0,75.03374347826087
ENSG00000251503,CENPS-CORT,chr1,10430102,10452153,1,1,0,1.04,26,5,20,0,0.0,0.0,0.0,74.92191739130435
ENSG00000175279,CENPS,chr1,10430433,10442808,1,1,0,1.04,15,3,12,0,0.0,81.0,0.0,74.9191
ENSG00000241563,CORT,chr1,10450031,10451998,1,0,19016,,5,1,4,0,0.0,668.0,0.0,74.9345
ENSG00000160049,DFFA,chr1,10456522,10472549,-1,1,0,1.04,16,3,8,1,0.0,115.0,0.0,75.01732352941177
ENSG00000142655,PEX14,chr1,10472288,10630758,1,2,0,0.895,207,4,179,1,0.0,90.0,0.0,74.958446875
ENSG00000130940,CASZ1,chr1,10636604,10796650,-1,10,0,0.815,328,2,322,0,0.0,471.0,0.0,67.72590869565217
ENSG00000175262,CIROZ,chr1,10946471,10982076,-1,0,30264,,46,0,41,0,0.0,66.0,0.0,69.73625945945946
ENSG00000120948,TARDBP,chr1,11012344,11030528,1,1,0,0.89,20,2,12,0,0.0,667.0,0.0,74.23366
ENSG00000009724,MASP2,chr1,11022009,11047241,-1,0,8821,,32,1,16,3,0.0,279.0,0.0,75.05611153846154
ENSG00000116649,SRM,chr1,11054584,11060053,-1,1,0,0.89,14,1,10,1,0.0,104.0,0.0,76.18441666666666
ENSG00000171824,EXOSC10,chr1,11066613,11099898,-1,1,0,0.92,27,3,19,1,0.0,203.0,0.0,76.7472794117647
ENSG00000198793,MTOR,chr1,11106531,11262556,-1,1,0,0.75,156,3,145,0,5.0,2341.0,1.0,75.00580700636944
ENSG00000171819,ANGPTL7,chr1,11189355,11195981,1,0,66220,,8,0,8,0,0.0,102.0,0.0,74.6643375
ENSG00000120942,UBIAD1,chr1,11273198,11296049,1,1,0,0.77,30,4,25,0,0.0,214.0,0.0,73.361025
ENSG00000204624,DISP3,chr1,11478905,11537583,1,4,0,0.9075,79,2,49,3,0.0,59.0,0.0,67.13983166666667
ENSG00000116661,FBXO2,chr1,11637018,11655785,-1,3,0,0.8567,35,3,26,3,0.0,148.0,0.0,72.22284499999999
ENSG00000132879,FBXO44,chr1,11650618,11663327,1,2,0,0.885,30,3,14,1,0.0,24.0,0.0,72.94001538461538
ENSG00000116670,MAD2L2,chr1,11657230,11692605,-1,3,0,0.85,62,4,44,1,0.0,361.0,0.0,74.13524864864864
ENSG00000116663,FBXO6,chr1,11664189,11674354,1,1,0,0.87,16,1,13,0,0.0,69.0,0.0,73.74952727272726
ENSG00000162490,DRAXIN,chr1,11690958,11725857,1,2,0,0.77,59,2,50,2,0.0,118.0,0.0,76.1730888888889
ENSG00000177674,AGTRAP,chr1,11736084,11754802,1,1,0,0.89,37,2,34,0,0.0,202.0,0.0,78.01397999999999
ENSG00000215910,C1orf167,chr1,11761787,11789585,1,1,0,0.9,50,2,33,2,0.0,25.0,0.0,79.20997931034483
ENSG00000177000,MTHFR,chr1,11785723,11806455,-1,1,0,0.73,58,7,45,0,0.0,1022.0,0.0,79.88419047619047
ENSG00000011021,CLCN6,chr1,11806096,11848079,1,2,0,0.775,55,6,42,0,0.0,122.0,0.0,80.76974186046512
ENSG00000175206,NPPA,chr1,11845709,11848345,-1,0,7034,,5,2,3,0,0.0,1180.0,0.0,81.28283333333333
ENSG00000120937,NPPB,chr1,11857464,11858976,-1,0,82,,4,1,3,0,0.0,1194.0,0.0,81.53923333333331
ENSG00000116685,KIAA2013,chr1,11919591,11926428,-1,1,0,0.83,14,1,13,0,0.0,13.0,0.0,82.7458
ENSG00000083444,PLOD1,chr1,11934205,11975542,1,1,0,1.35,52,1,40,0,0.0,1131.0,0.0,83.16704883720931
ENSG00000116688,MFN2,chr1,11980181,12015211,1,1,0,0.83,59,1,57,0,0.0,536.0,0.0,83.59675555555557
ENSG00000116691,MIIP,chr1,12019466,12032046,1,1,0,0.87,18,1,15,0,0.0,67.0,0.0,83.78448571428574
ENSG00000120949,TNFRSF8,chr1,12063303,12144207,1,1,0,0.79,132,4,98,7,0.0,660.0,0.0,83.72016951219513
ENSG00000028137,TNFRSF1B,chr1,12166977,12209228,1,2,0,0.815,99,2,96,0,0.0,840.0,0.0,83.13127906976746
ENSG00000048707,VPS13D,chr1,12230030,12512047,1,2,0,0.755,344,2,304,10,0.0,94.0,0.0,80.94877703180212
ENSG00000162496,DHRS3,chr1,12567909,12620133,-1,2,0,0.865,100,4,86,1,0.0,114.0,0.0,81.09649811320753
ENSG00000204518,AADACL4,chr1,12644085,12667076,1,0,25449,,28,0,17,1,0.0,22.0,0.0,79.75925416666666
ENSG00000188984,AADACL3,chr1,12716110,12728760,1,0,97474,,7,1,3,2,0.0,14.0,0.0,78.37068571428573
ENSG00000157330,CFAP107,chr1,12746200,12763699,1,0,127564,,15,1,9,2,0.0,22.0,0.0,76.92953684210526
ENSG00000116726,PRAMEF12,chr1,12773738,12777906,1,0,155102,,1,0,0,0,0.0,190.0,0.0,75.63626000000001
ENSG00000116721,PRAMEF1,chr1,12791397,12796628,1,0,172761,,0,0,0,0,0.0,182.0,0.0,74.3466
ENSG00000239810,PRAMEF11,chr1,12824605,12831410,-1,0,205969,,0,0,0,0,0.0,179.0,0.0,71.89482857142858
ENSG00000179172,HNRNPCL1,chr1,12847377,12848720,-1,0,228741,,0,0,0,0,0.0,24.0,0.0,70.6976
ENSG00000120952,PRAMEF2,chr1,12857086,12861909,1,0,238450,,0,0,0,0,0.0,179.0,0.0,70.13
ENSG00000243073,PRAMEF4,chr1,12879212,12886201,-1,0,260576,,1,0,0,0,0.0,183.0,0.0,69.18437499999999
ENSG00000187545,PRAMEF10,chr1,12892250,12898270,-1,0,273614,,1,0,0,0,0.0,174.0,0.0,68.70815714285715
ENSG00000204510,PRAMEF7,chr1,12916610,12920751,1,0,297974,,0,0,0,0,0.0,175.0,0.0,67.62382000000001
ENSG00000232423,PRAMEF6,chr1,12938472,12947580,-1,0,319836,,0,0,0,0,0.0,174.0,0.0,65.83825454545455
ENSG00000274764,PRAMEF27,chr1,13049476,13056575,-1,0,430840,,0,0,0,0,0.0,174.0,0.0,45.07736666666668
ENSG00000277058,HNRNPCL3,chr1,13060769,13062878,1,0,442133,,0,0,0,0,0.0,14.0,0.0,43.5006
ENSG00000229571,PRAMEF25,chr1,13068677,13077884,1,0,435126,,0,0,0,0,0.0,174.0,0.0,41.83455
ENSG00000275774,HNRNPCL2,chr1,13115488,13116854,-1,0,396156,,0,0,0,0,0.0,19.0,0.0,39.16309999999999
ENSG00000280267,PRAMEF26,chr1,13148905,13158116,-1,0,354894,,0,0,0,0,0.0,174.0,0.0,39.06312999999999
ENSG00000179412,HNRNPCL4,chr1,13163914,13165631,-1,0,347379,,0,0,0,0,0.0,14.0,0.0,38.72493333333333
ENSG00000204505,PRAMEF9,chr1,13171848,13179459,1,0,333551,,0,0,0,0,0.0,174.0,0.0,38.1037125
ENSG00000279169,PRAMEF13,chr1,13196188,13201409,-1,0,311601,,0,0,0,0,0.0,175.0,0.0,35.51499999999999
ENSG00000279804,PRAMEF18,chr1,13222695,13226154,-1,0,286856,,1,0,0,0,0.0,174.0,0.0,30.448249999999998
ENSG00000270601,PRAMEF5,chr1,13254198,13263435,1,0,249575,,0,0,0,0,0.0,176.0,0.0,22.088630000000002
ENSG00000182330,PRAMEF8,chr1,13281304,13285137,-1,0,227873,,0,0,0,0,0.0,174.0,0.0,17.240859999999998
ENSG00000237700,PRAMEF33,chr1,13303539,13308907,1,0,204103,,0,0,0,0,0.0,174.0,0.0,15.127033333333335
ENSG00000204501,PRAMEF15,chr1,13315581,13322598,1,0,190412,,0,0,0,0,0.0,174.0,0.0,15.263537499999998
ENSG00000204481,PRAMEF14,chr1,13341892,13347134,-1,0,165876,,0,0,0,0,0.0,176.0,0.0,18.05335
ENSG00000204480,PRAMEF19,chr1,13368431,13371947,-1,0,141063,,1,0,0,1,0.0,174.0,0.0,23.44012
ENSG00000204479,PRAMEF17,chr1,13389632,13392629,1,0,120381,,1,0,0,0,0.0,182.0,0.0,28.472949999999997
ENSG00000204478,PRAMEF20,chr1,13410450,13421328,1,0,91682,,5,0,2,0,0.0,181.0,0.0,32.74249166666667
ENSG00000162494,LRRC38,chr1,13474973,13514003,-1,1,0,0.93,49,2,46,0,0.0,33.0,0.0,24.4326925
ENSG00000162493,PDPN,chr1,13583465,13617957,1,1,0,0.73,42,3,36,1,0.0,759.0,0.0,-0.4884504722222221
ENSG00000116731,PRDM2,chr1,13700188,13825079,1,2,0,1.155,167,3,157,0,0.0,371.0,0.0,43.92975158730158
ENSG00000189337,KAZN,chr1,13892792,15118043,1,6,0,0.925,1341,9,1002,61,0.0,101.0,0.0,51.54135028524857
ENSG00000171729,TMEM51,chr1,15152498,15220484,1,2,0,0.81,122,4,113,1,0.0,72.0,0.0,63.12316231884059
ENSG00000142621,FHAD1,chr1,15236521,15400283,1,1,0,0.92,235,4,179,11,0.0,64.0,0.0,61.75923719512194
ENSG00000142634,EFHD2,chr1,15409849,15430339,1,1,0,0.87,52,1,51,0,0.0,275.0,0.0,60.42911428571429
ENSG00000162438,CTRC,chr1,15438442,15449242,1,0,27710,,18,1,17,0,0.0,85.0,0.0,61.050175
ENSG00000142615,CELA2A,chr1,15456728,15472091,1,0,45996,,25,1,24,0,0.0,150.0,0.0,61.8909
ENSG00000215704,CELA2B,chr1,15465909,15491395,1,0,32708,,33,0,29,0,0.0,121.0,0.0,62.558838461538464
ENSG00000132906,CASP9,chr1,15490832,15526534,-1,1,0,1.06,48,2,38,2,0.0,641.0,0.0,64.14867297297297
ENSG00000116138,DNAJC16,chr1,15526813,15592379,1,2,0,0.87,61,2,50,0,0.0,36.0,0.0,66.66939545454547
ENSG00000116771,AGMAT,chr1,15571699,15585078,-1,1,0,0.87,19,1,17,0,0.0,84.0,0.0,67.53015714285713
ENSG00000197312,DDI2,chr1,15617458,15669044,1,1,0,1.25,55,1,50,0,0.0,42.0,0.0,69.67967547169812
ENSG00000215695,RSC1A1,chr1,15659713,15662033,1,0,22050,,3,0,3,0,0.0,18.0,0.0,70.21933333333334
ENSG00000116786,PLEKHM2,chr1,15681461,15734769,1,3,0,0.7367,83,4,78,0,0.0,156.0,0.0,71.81483818181819
ENSG00000162461,SLC25A34,chr1,15736176,15741392,1,0,2741,,13,2,10,0,0.0,28.0,0.0,73.00481666666667
ENSG00000162460,TMEM82,chr1,15742499,15747982,1,2,0,0.62,10,1,7,0,0.0,14.0,0.0,73.29758333333332
ENSG00000162458,FBLIM1,chr1,15756604,15786594,1,1,0,0.86,43,5,38,0,0.0,314.0,0.0,74.4056193548387
ENSG00000233954,UQCRHL,chr1,15807169,15809348,-1,0,25417,,3,0,3,0,0.0,14.0,0.0,75.79936666666667
ENSG00000065526,SPEN,chr1,15836095,15940456,1,5,0,0.982,138,3,113,1,5.0,326.0,1.0,78.0802619047619
ENSG00000116809,ZBTB17,chr1,15940403,15976132,-1,3,0,0.77,78,1,73,0,0.0,102.0,0.0,79.92031081081082
ENSG00000183888,SRARP,chr1,16004236,16008807,1,0,28059,,7,2,3,1,0.0,54.0,0.0,81.16133333333333
ENSG00000173641,HSPB7,chr1,16014028,16020597,-1,0,37851,,18,2,16,0,0.0,170.0,0.0,81.39595
ENSG00000186510,CLCNKA,chr1,16018146,16034109,1,0,39044,,35,3,16,8,0.0,292.0,0.0,81.55848235294117
ENSG00000184908,CLCNKB,chr1,16040252,16057367,1,0,15786,,32,3,23,1,0.0,320.0,0.0,81.91448333333332
ENSG00000185519,FAM131C,chr1,16057769,16073651,-1,1,0,0.84,32,1,26,1,0.0,25.0,0.0,82.11338235294117
ENSG00000142627,EPHA2,chr1,16124337,16156069,-1,3,0,0.83,74,2,71,0,0.0,552.0,0.0,82.46770303030303
ENSG00000142632,ARHGEF19,chr1,16197854,16212893,-1,1,0,0.82,29,1,23,0,0.0,41.0,0.0,82.07224375
ENSG00000132881,CPLANE2,chr1,16231692,16237183,-1,1,0,1.06,9,1,8,0,0.0,140.0,0.0,81.46658333333333
ENSG00000037637,FBXO42,chr1,16246840,16352487,-1,1,0,0.91,108,1,94,1,0.0,70.0,0.0,79.08994622641511
ENSG00000055070,SZRD1,chr1,16352575,16398147,1,2,0,0.835,61,2,54,1,0.0,23.0,0.0,76.64263913043477
ENSG00000187144,SPATA21,chr1,16387117,16437424,-1,0,3079,,50,0,30,4,0.0,25.0,0.0,76.4907588235294
ENSG00000157191,NECAP2,chr1,16440707,16460081,1,1,0,0.85,27,1,23,0,0.0,99.0,0.0,77.00408500000002
ENSG00000219481,NBPF1,chr1,16562319,16613562,-1,1,0,0.91,40,1,31,3,0.0,109.0,0.0,77.27220943396227
ENSG00000058453,CROCC,chr1,16740273,16972964,1,13,0,0.8246,235,10,161,17,0.0,97.0,0.0,74.29392606837607
ENSG00000117122,MFAP2,chr1,16974498,16981616,-1,1,0,0.88,17,3,14,0,0.0,228.0,0.0,71.52613333333335
ENSG00000159363,ATP13A2,chr1,16985958,17011928,-1,2,0,0.825,48,2,24,5,0.0,167.0,0.0,70.71802222222222
ENSG00000288636,,chr1,17005068,17011757,-1,2,0,0.825,12,1,7,0,0.0,12.0,0.0,70.343575
ENSG00000117118,SDHB,chr1,17018664,17054151,-1,1,0,0.97,39,1,33,0,0.0,752.0,0.0,69.2395277777778
ENSG00000117115,PADI2,chr1,17066761,17119459,-1,1,0,0.9,78,1,74,0,0.0,248.0,0.0,67.93029433962265
ENSG00000142623,PADI1,chr1,17205128,17246007,1,0,55548,,71,2,63,0,0.0,352.0,0.0,73.63551666666666
ENSG00000142619,PADI3,chr1,17249098,17284233,1,0,99518,,41,1,27,4,0.0,148.0,0.0,75.34726388888889
ENSG00000159339,PADI4,chr1,17308195,17364004,1,0,43935,,58,1,47,3,0.0,606.0,0.0,73.73402280701754
ENSG00000276747,PADI6,chr1,17372196,17401699,1,0,6240,,23,0,10,5,0.0,86.0,0.0,70.18980000000002
ENSG00000179051,RCC2,chr1,17406755,17439772,-1,3,0,0.9233,58,2,55,0,0.0,133.0,0.0,67.56852647058822
ENSG00000074964,ARHGEF10L,chr1,17539368,17697876,1,3,0,0.8567,265,3,242,3,0.0,158.0,0.0,61.31205687500001
ENSG00000117148,ACTL8,chr1,17755333,17827063,1,1,0,0.68,66,1,36,6,0.0,61.0,0.0,59.48224246575342
ENSG00000117154,IGSF21,chr1,18107710,18378483,1,5,0,0.936,310,2,235,18,0.0,52.0,0.0,40.20006678966789
ENSG00000179023,KLHDC7A,chr1,18480930,18485974,1,1,0,0.87,12,1,10,0,0.0,36.0,0.0,39.552616666666665
ENSG00000009709,PAX7,chr1,18630846,18748876,1,7,0,0.8514,166,3,128,1,2.0,388.0,1.0,39.69092521008403
ENSG00000179002,TAS1R2,chr1,18839599,18859660,-1,1,0,0.83,17,0,6,4,0.0,96.0,0.0,43.44348095238096
ENSG00000159423,ALDH4A1,chr1,18871425,18902799,-1,3,0,0.82,57,2,40,3,0.0,105.0,0.0,44.585490909090915
ENSG00000169991,IFFO2,chr1,18904280,18956676,-1,1,0,1.0,119,1,113,0,0.0,30.0,0.0,46.77235370370371
ENSG00000127481,UBR4,chr1,19074510,19210266,-1,1,0,1.01,143,3,123,4,0.0,103.0,0.0,60.220601470588235
ENSG00000127463,EMC1,chr1,19215660,19251552,-1,1,0,0.88,25,1,18,0,0.0,82.0,0.0,63.72187837837838
ENSG00000053372,MRTO4,chr1,19251796,19260128,1,1,0,0.88,15,0,14,0,0.0,34.0,0.0,64.39005555555555
ENSG00000211454,AKR7L,chr1,19265982,19274194,-1,1,0,0.85,12,1,11,0,0.0,7.0,0.0,64.80033333333334
ENSG00000162482,AKR7A3,chr1,19282496,19288823,-1,1,0,0.9,10,1,9,0,0.0,50.0,0.0,65.244375
ENSG00000053371,AKR7A2,chr1,19301991,19312144,-1,1,0,0.86,13,1,10,1,0.0,51.0,0.0,65.83957272727274
ENSG00000040487,SLC66A1,chr1,19312284,19329300,1,1,0,0.86,34,2,30,1,0.0,53.0,0.0,66.19664999999999
ENSG00000077549,CAPZB,chr1,19338775,19485600,-1,2,0,0.885,249,4,241,0,0.0,134.0,0.0,67.8701614864865
ENSG00000173436,MICOS10,chr1,19484403,19629821,1,2,0,0.86,165,6,131,4,0.0,36.0,0.0,69.11820340136053
ENSG00000158747,NBL1,chr1,19596979,19658456,1,2,0,0.9,92,10,80,0,0.0,174.0,0.0,69.92737419354839
ENSG00000270136,MICOS10-NBL1,chr1,19597067,19656927,1,2,0,0.9,88,10,76,0,0.0,0.0,0.0,69.9198213114754
ENSG00000158748,HTR6,chr1,19664875,19680966,1,2,0,0.845,20,1,19,0,0.0,98.0,0.0,70.59379411764705
ENSG00000162542,TMCO4,chr1,19682207,19800500,-1,1,0,0.79,151,3,123,4,0.0,37.0,0.0,71.01247333333335
ENSG00000178828,RNF186,chr1,19814029,19815283,-1,0,13742,,4,3,1,0,0.0,68.0,0.0,71.0617
ENSG00000169914,OTUD3,chr1,19882395,19912945,1,1,0,1.05,28,1,24,1,0.0,108.0,0.0,70.965446875
ENSG00000188784,PLA2G2E,chr1,19920009,19923617,-1,0,37040,,8,0,8,0,0.0,42.0,0.0,70.6576
ENSG00000188257,PLA2G2A,chr1,19975431,19980462,-1,0,92462,,5,2,3,0,0.0,656.0,0.0,69.0812
ENSG00000127472,PLA2G5,chr1,20028179,20091911,1,0,93956,,59,1,47,6,0.0,119.0,0.0,65.84827230769231
ENSG00000117215,PLA2G2D,chr1,20111939,20119566,-1,0,66301,,6,1,2,1,0.0,251.0,0.0,64.29358888888889
ENSG00000158786,PLA2G2F,chr1,20139323,20150381,1,0,35486,,13,0,6,0,0.0,44.0,0.0,63.747383333333325
ENSG00000187980,PLA2G2C,chr1,20161253,20186518,-1,1,0,0.73,39,3,33,0,0.0,130.0,0.0,63.14592962962963
ENSG00000162543,UBXN10,chr1,20183293,20196050,1,1,0,0.73,28,2,25,0,0.0,42.0,0.0,62.77122857142858
ENSG00000158816,VWA5B1,chr1,20290875,20359534,1,1,0,0.8,79,3,53,6,0.0,24.0,0.0,58.02111857142858
ENSG00000162545,CAMK2N1,chr1,20482391,20486210,-1,1,0,0.81,11,1,10,0,0.0,258.0,0.0,56.08316
ENSG00000090432,MUL1,chr1,20499445,20508151,-1,1,0,0.8,4,1,3,0,0.0,576.0,0.0,55.83031
ENSG00000183114,FAM43B,chr1,20552573,20555020,1,1,0,1.0,8,1,7,0,0.0,17.0,0.0,55.1182
ENSG00000158825,CDA,chr1,20588932,20618908,1,0,14463,,48,2,45,0,0.0,303.0,0.0,54.65446129032258
ENSG00000158828,PINK1,chr1,20633458,20651511,1,1,0,1.04,22,2,12,3,0.0,555.0,0.0,54.61809999999999
ENSG00000244038,DDOST,chr1,20651767,20661544,-1,1,0,0.77,14,1,8,0,0.0,185.0,0.0,54.695654545454545
ENSG00000117245,KIF17,chr1,20664011,20718017,-1,3,0,0.8367,82,3,56,3,0.0,66.0,0.0,55.14228181818182
ENSG00000189410,SH2D5,chr1,20719724,20732837,-1,1,0,0.89,37,2,35,0,0.0,61.0,0.0,55.896364285714284
ENSG00000127483,HP1BP3,chr1,20739095,20787323,-1,1,0,1.13,35,2,24,2,0.0,68.0,0.0,57.13081020408163
ENSG00000075151,EIF4G3,chr1,20806292,21177285,-1,1,0,0.95,322,3,262,11,0.0,208.0,0.0,66.63709166666666
ENSG00000117298,ECE1,chr1,21217247,21345572,-1,3,0,0.9067,256,5,242,2,0.0,312.0,0.0,65.41856615384616
ENSG00000142794,NBPF3,chr1,21440099,21485005,1,2,0,0.84,35,1,24,1,0.0,113.0,0.0,71.01116304347828
ENSG00000162551,ALPL,chr1,21509397,21578410,1,1,0,0.96,102,4,86,1,0.0,631.0,0.0,71.38439999999999
ENSG00000289715,,chr1,21547404,21554002,1,0,37553,,11,1,9,0,0.0,18.0,0.0,71.366575
ENSG00000076864,RAP1GAP,chr1,21596215,21669846,-1,6,0,0.96,164,4,141,6,0.0,264.0,0.0,72.43882533333333
ENSG00000090686,USP48,chr1,21678298,21783606,-1,1,0,0.97,122,4,97,1,0.0,104.0,0.0,73.06887289719624
ENSG00000187942,LDLRAD2,chr1,21812265,21825225,1,2,0,0.86,28,0,20,0,0.0,22.0,0.0,73.45817857142858
ENSG00000142798,HSPG2,chr1,21822244,21937310,-1,6,0,0.805,231,2,202,5,0.0,1110.0,0.0,75.1667275862069
ENSG00000219073,CELA3B,chr1,21977022,21998642,1,0,26782,,40,2,30,2,0.0,132.0,0.0,78.07912608695652
ENSG00000142789,CELA3A,chr1,22001657,22012542,1,0,12882,,21,1,16,2,0.0,116.0,0.0,78.48976666666668
ENSG00000289694,,chr1,22025142,22092943,1,2,0,0.89,91,12,71,1,0.0,0.0,0.0,79.62353188405797
ENSG00000070831,CDC42,chr1,22052627,22101360,1,1,0,0.95,48,8,38,0,0.0,633.0,0.0,80.04620204081633
ENSG00000162552,WNT4,chr1,22117313,22143969,-1,3,0,0.8233,52,2,49,0,0.0,422.0,0.0,81.3919392857143
ENSG00000184677,ZBTB40,chr1,22428838,22531157,1,1,0,0.91,119,1,98,2,0.0,89.0,0.0,78.22567378640777
ENSG00000070886,EPHA8,chr1,22563489,22603595,1,4,0,0.77,56,1,19,5,0.0,353.0,0.0,70.22570476190475
ENSG00000173372,C1QA,chr1,22635057,22639681,1,0,7876,,7,1,6,0,0.0,344.0,0.0,66.96048333333334
ENSG00000289692,,chr1,22636506,22644067,1,0,3490,,13,3,9,0,0.0,0.0,0.0,66.8082625
ENSG00000159189,C1QC,chr1,22642558,22648110,1,1,0,0.77,9,2,7,0,0.0,211.0,0.0,66.55918333333332
ENSG00000173369,C1QB,chr1,22652713,22661637,1,0,4903,,12,1,5,1,0.0,257.0,0.0,65.98905
ENSG00000133216,EPHB2,chr1,22710839,22921500,1,2,0,0.88,330,5,281,10,0.0,1560.0,0.0,59.735025
ENSG00000215906,LACTBL1,chr1,22953043,22972866,-1,1,0,1.0,21,0,9,2,0.0,8.0,0.0,55.34648571428571
ENSG00000227868,TEX46,chr1,23010834,23019100,-1,0,221,,7,1,5,0,0.0,231.0,0.0,54.734633333333335
ENSG00000004487,KDM1A,chr1,23019395,23083693,1,1,0,1.04,58,2,49,2,0.0,619.0,0.0,54.860584848484855
ENSG00000169641,LUZP1,chr1,23084030,23178152,-1,2,0,0.89,114,4,100,1,0.0,77.0,0.0,57.338321052631585
ENSG00000293565,,chr1,23094326,23094376,-1,0,73370,,0,0,0,0,0.0,3.0,0.0,55.576
ENSG00000179546,HTR1D,chr1,23190178,23217547,-1,1,0,0.97,35,1,29,2,0.0,101.0,0.0,62.533844827586194
ENSG00000125944,HNRNPR,chr1,23303771,23344358,-1,1,0,0.93,42,2,33,2,0.0,176.0,0.0,70.85248048780488
ENSG00000125945,ZNF436,chr1,23359448,23369836,-1,1,0,0.8,14,6,7,0,0.0,344.0,0.0,71.20490833333334
ENSG00000204219,TCEA3,chr1,23370591,23425169,-1,1,0,0.8,89,1,78,0,0.0,76.0,0.0,71.0349090909091
ENSG00000088280,ASAP3,chr1,23428561,23484637,-1,2,0,0.695,78,2,68,1,0.0,97.0,0.0,71.72172280701754
ENSG00000007968,E2F2,chr1,23506438,23531233,-1,1,0,0.91,42,1,40,0,0.0,312.0,0.0,74.23267307692308
ENSG00000117318,ID3,chr1,23557917,23559883,-1,2,0,0.85,8,1,7,0,0.0,403.0,0.0,75.87386666666667
ENSG00000142676,RPL11,chr1,23691685,23696835,1,1,0,0.79,13,2,11,0,0.0,135.0,0.0,77.5638
ENSG00000011007,ELOA,chr1,23743448,23762059,1,1,0,1.0,22,1,19,0,0.0,53.0,0.0,78.00045000000001
ENSG00000057757,PITHD1,chr1,23778393,23788232,1,1,0,1.17,16,2,10,0,0.0,159.0,0.0,77.95583636363638
ENSG00000011009,LYPLA2,chr1,23791110,23795544,1,1,0,0.91,11,2,9,0,0.0,47.0,0.0,77.86458333333333
ENSG00000117308,GALE,chr1,23795599,23800781,-1,1,0,0.83,16,3,12,0,0.0,101.0,0.0,77.80598333333333
ENSG00000117305,HMGCL,chr1,23801877,23838620,-1,0,818,,39,1,30,0,0.0,246.0,0.0,77.42712105263158
ENSG00000179163,FUCA1,chr1,23845077,23868356,-1,1,0,0.91,23,1,16,2,0.0,236.0,0.0,76.57555
ENSG00000188822,CNR2,chr1,23870515,23913362,-1,1,0,1.05,51,3,46,0,0.0,574.0,0.0,75.62198604651162
ENSG00000189266,PNRC2,chr1,23956839,23963776,1,1,0,0.92,15,3,12,0,0.0,27.0,0.0,74.464725
ENSG00000188529,SRSF10,chr1,23964347,23980927,-1,1,0,1.08,25,1,20,0,0.0,152.0,0.0,74.44205555555556
ENSG00000142661,MYOM3,chr1,24056035,24112190,-1,0,74860,,70,1,62,3,0.0,55.0,0.0,75.67335263157895
ENSG00000142677,IL22RA1,chr1,24119771,24143165,-1,0,43885,,32,1,29,0,0.0,260.0,0.0,75.93711666666667
ENSG00000185436,IFNLR1,chr1,24154168,24187959,-1,1,0,0.89,36,1,31,1,0.0,169.0,0.0,75.82788000000001
ENSG00000158055,GRHL3,chr1,24199558,24364482,1,1,0,0.81,207,10,161,13,0.0,284.0,0.0,73.96408181818181
ENSG00000001460,STPG1,chr1,24355886,24416934,-1,2,0,0.855,76,4,65,1,0.0,27.0,0.0,68.2722935483871
ENSG00000001461,NIPAL3,chr1,24413527,24476735,1,2,0,0.855,75,5,66,0,0.0,125.0,0.0,63.2060125
ENSG00000117602,RCAN3,chr1,24502340,24541040,1,2,0,0.92,42,5,34,0,0.0,134.0,0.0,58.671575000000004
ENSG00000184454,NCMAP,chr1,24556076,24609328,1,1,0,0.82,71,1,59,2,0.0,32.0,0.0,58.29486296296296
ENSG00000133226,SRRM1,chr1,24631716,24673281,1,1,0,1.03,43,1,33,2,0.0,98.0,0.0,60.05065476190477
ENSG00000169504,CLIC4,chr1,24745342,24844321,1,1,0,0.98,102,0,89,1,0.0,310.0,0.0,62.96151
ENSG00000020633,RUNX3,chr1,24899511,24965121,-1,3,0,1.0467,160,5,152,0,0.0,742.0,0.0,67.2736106060606
ENSG00000117614,SYF2,chr1,25222276,25232504,-1,1,0,0.79,7,1,3,0,0.0,74.0,0.0,65.27458333333334
ENSG00000117616,RSRP1,chr1,25242248,25338244,-1,5,0,0.916,89,4,70,4,0.0,53.0,0.0,64.56092680412371
ENSG00000187010,RHD,chr1,25272393,25330445,1,0,4397,,45,1,30,4,0.0,494.0,0.0,64.49576101694915
ENSG00000183726,TMEM50A,chr1,25338295,25362362,1,1,0,0.82,25,1,23,0,0.0,40.0,0.0,65.106728
ENSG00000188672,RHCE,chr1,25362249,25430192,-1,1,0,0.97,58,1,40,7,0.0,450.0,0.0,66.63903913043478
ENSG00000204178,MACO1,chr1,25430853,25500209,1,1,0,0.97,72,1,67,0,0.0,43.0,0.0,71.06001428571429
ENSG00000157978,LDLRAP1,chr1,25543573,25591200,1,1,0,0.84,102,1,98,1,0.0,147.0,0.0,79.09320000000001
ENSG00000117643,MAN1C1,chr1,25616791,25786205,1,2,0,0.76,274,5,255,0,0.0,73.0,0.0,81.99201000000001
ENSG00000162430,SELENON,chr1,25800193,25818221,1,1,0,0.84,36,1,32,0,0.0,579.0,0.0,81.26539473684208
ENSG00000255054,,chr1,25811470,25823744,1,1,0,0.93,24,3,19,0,0.0,0.0,0.0,80.90622142857144
ENSG00000117640,MTFR1L,chr1,25818640,25832947,1,1,0,0.93,24,4,19,0,0.0,17.0,0.0,80.48877999999999
ENSG00000127423,AUNIP,chr1,25831913,25859458,-1,1,0,1.06,28,2,20,0,0.0,75.0,0.0,79.34979999999999
ENSG00000182749,PAQR7,chr1,25861484,25875874,-1,1,0,0.84,29,2,25,0,0.0,137.0,0.0,77.81160625000001
ENSG00000117632,STMN1,chr1,25884181,25907237,-1,1,0,0.77,42,5,36,0,0.0,607.0,0.0,75.90334166666666
ENSG00000158006,PAFAH2,chr1,25959767,25999206,-1,1,0,1.09,46,1,45,0,0.0,41.0,0.0,72.1306225
ENSG00000158008,EXTL1,chr1,26019884,26036464,1,1,0,0.8,41,1,40,0,0.0,43.0,0.0,72.38587058823529
ENSG00000158014,SLC30A2,chr1,26037252,26046136,-1,1,0,0.94,22,1,19,0,0.0,56.0,0.0,72.76669999999999
ENSG00000158022,TRIM63,chr1,26051301,26068436,-1,0,4479,,40,1,39,0,0.0,488.0,0.0,73.44143333333334
ENSG00000175087,PDIK1L,chr1,26111157,26125555,1,1,0,0.9,25,2,22,0,0.0,119.0,0.0,76.36693125
ENSG00000197245,FAM110D,chr1,26159047,26163962,1,1,0,0.95,13,1,11,0,0.0,12.0,0.0,78.4936
ENSG00000282872,C1orf232,chr1,26164101,26168963,-1,1,0,1.02,10,2,7,0,0.0,0.0,0.0,78.70388333333334
ENSG00000236782,ZNF593OS,chr1,26169516,26171832,-1,1,0,0.92,8,2,6,0,0.0,5.0,0.0,78.88466666666666
ENSG00000142684,ZNF593,chr1,26169908,26170873,1,1,0,0.92,4,1,3,0,0.0,58.0,0.0,78.86515
ENSG00000142675,CNKSR1,chr1,26177476,26189884,1,0,7143,,22,2,12,1,0.0,88.0,0.0,79.33387142857143
ENSG00000188782,CATSPER4,chr1,26190561,26202968,1,0,20228,,15,0,10,1,0.0,143.0,0.0,79.73887692307692
ENSG00000130695,CEP85,chr1,26233669,26278814,1,1,0,0.98,49,1,45,0,0.0,32.0,0.0,80.45313043478262
ENSG00000142669,SH3BGRL3,chr1,26280057,26281522,1,1,0,0.93,6,1,5,0,0.0,71.0,0.0,80.42686666666667
ENSG00000158062,UBXN11,chr1,26281328,26318363,-1,1,0,0.81,70,4,66,0,0.0,412.0,0.0,80.34771052631578
ENSG00000169442,CD52,chr1,26317958,26320523,1,0,11160,,7,3,4,0,0.0,336.0,0.0,80.2716
ENSG00000176092,CRYBG2,chr1,26321698,26360080,-1,3,0,0.7,65,2,57,1,0.0,52.0,0.0,80.2677794871795
ENSG00000176083,ZNF683,chr1,26361634,26374522,-1,0,844,,21,1,15,0,0.0,106.0,0.0,80.36446428571426
ENSG00000131914,LIN28A,chr1,26410817,26429728,1,1,0,0.82,17,0,17,0,0.0,407.0,0.0,80.78889500000001
ENSG00000117682,DHDDS,chr1,26432282,26471322,1,1,0,0.84,29,2,23,0,0.0,457.0,0.0,80.9679275
ENSG00000198830,HMGN2,chr1,26472013,26478209,1,1,0,0.95,13,1,11,0,0.0,99.0,0.0,80.98745714285714
ENSG00000117676,RPS6KA1,chr1,26529756,26575030,1,1,0,1.05,68,5,61,0,0.0,302.0,0.0,80.08475652173912
ENSG00000117713,ARID1A,chr1,26693236,26782104,1,1,0,1.01,126,6,112,0,5.0,784.0,1.0,77.85152444444445
ENSG00000060642,PIGV,chr1,26787054,26800659,1,1,0,0.83,25,6,17,0,0.0,125.0,0.0,78.60542000000001
ENSG00000204160,ZDHHC18,chr1,26826688,26857604,1,1,0,1.06,43,1,41,0,0.0,63.0,0.0,80.0633
ENSG00000175793,SFN,chr1,26863149,26864456,1,1,0,0.76,6,1,5,0,0.0,1031.0,0.0,80.63155
ENSG00000142751,GPN2,chr1,26876132,26890283,-1,1,0,0.99,14,1,13,0,0.0,19.0,0.0,81.00327999999999
ENSG00000198746,GPATCH3,chr1,26890488,26900467,-1,2,0,0.955,8,1,6,0,0.0,38.0,0.0,81.14465454545453
ENSG00000090273,NUDC,chr1,26900238,26946885,1,2,0,0.96,55,3,43,1,0.0,53.0,0.0,81.11737916666668
ENSG00000131910,NR0B2,chr1,26911489,26913975,-1,0,7582,,6,1,5,0,0.0,605.0,0.0,81.207925
ENSG00000175707,KDF1,chr1,26949556,26960788,-1,1,0,0.76,15,1,11,1,0.0,48.0,0.0,80.74581666666667
ENSG00000253368,TRNP1,chr1,26993692,27001912,1,1,0,0.96,23,1,22,0,0.0,36.0,0.0,79.9852777777778
ENSG00000158246,TENT5B,chr1,27005020,27012850,-1,2,0,0.875,21,2,19,0,0.0,87.0,0.0,79.8238888888889
ENSG00000090020,SLC9A1,chr1,27098809,27166981,-1,1,0,1.14,122,2,116,0,0.0,611.0,0.0,80.49302173913043
ENSG00000142784,WDTC1,chr1,27233776,27308711,1,1,0,0.84,76,2,69,2,0.0,159.0,0.0,80.41900789473685
ENSG00000186501,TMEM222,chr1,27322139,27336401,1,1,0,0.92,17,1,13,0,0.0,31.0,0.0,78.08341999999999
ENSG00000142765,SYTL1,chr1,27342009,27353937,1,1,0,0.74,25,2,23,0,0.0,178.0,0.0,77.02754615384616
ENSG00000142733,MAP3K6,chr1,27355180,27366972,-1,3,0,0.8033,28,1,24,0,0.0,92.0,0.0,76.29713846153847
ENSG00000142748,FCN3,chr1,27369108,27374854,-1,0,2356,,10,1,9,0,0.0,188.0,0.0,75.6956857142857
ENSG00000174950,CD164L2,chr1,27379176,27383333,-1,1,0,0.76,10,1,9,0,0.0,13.0,0.0,75.22802
ENSG00000181773,GPR3,chr1,27392622,27395814,1,1,0,1.07,9,1,8,0,0.0,182.0,0.0,74.58772499999999
ENSG00000158195,WASF2,chr1,27404226,27490308,-1,1,0,0.9,118,2,114,0,0.0,139.0,0.0,73.39968390804597
ENSG00000126705,AHDC1,chr1,27534035,27604431,-1,5,0,0.796,162,2,158,0,0.0,94.0,0.0,75.50442253521129
ENSG00000000938,FGR,chr1,27612064,27635565,-1,3,0,0.81,53,3,49,0,0.0,386.0,0.0,77.11176800000001
ENSG00000126709,IFI6,chr1,27666064,27672212,-1,1,0,0.84,16,4,11,0,0.0,166.0,0.0,78.40451428571428
ENSG00000009780,FAM76A,chr1,27725961,27763116,1,1,0,0.96,28,0,15,2,0.0,16.0,0.0,80.28376052631579
ENSG00000117758,STX12,chr1,27773195,27824443,1,1,0,0.79,46,2,38,1,0.0,39.0,0.0,81.0608326923077
ENSG00000117751,PPP1R8,chr1,27830782,27851676,1,1,0,0.87,14,3,9,1,0.0,66.0,0.0,81.22659545454546
ENSG00000130775,THEMIS2,chr1,27872543,27886685,1,1,0,0.81,32,1,29,0,0.0,65.0,0.0,80.84675333333334
ENSG00000117748,RPA2,chr1,27891524,27914746,-1,1,0,0.95,17,1,15,0,0.0,121.0,0.0,80.33456666666667
ENSG00000130768,SMPDL3B,chr1,27935000,27959157,1,1,0,0.75,35,1,26,3,0.0,96.0,0.0,78.863724
ENSG00000158156,XKR8,chr1,27959588,27968093,1,1,0,0.79,18,4,14,0,0.0,171.0,0.0,78.18079999999999
ENSG00000158161,EYA3,chr1,27970344,28088731,-1,1,0,1.03,111,2,94,5,0.0,109.0,0.0,76.36792999999999
ENSG00000169403,PTAFR,chr1,28147166,28194083,-1,0,38551,,69,2,60,0,0.0,295.0,0.0,78.60757916666667
ENSG00000126698,DNAJC8,chr1,28199456,28233032,-1,1,0,0.83,20,1,17,1,0.0,76.0,0.0,79.35506
ENSG00000130770,ATP5IF1,chr1,28236084,28246906,1,1,0,1.06,22,2,19,0,0.0,232.0,0.0,79.3865
ENSG00000130766,SESN2,chr1,28259473,28282491,1,1,0,0.9,39,2,32,0,0.0,303.0,0.0,79.143525
ENSG00000130772,MED18,chr1,28329002,28335965,1,1,0,1.06,6,1,5,0,0.0,21.0,0.0,78.430825
ENSG00000204138,PHACTR4,chr1,28369563,28500364,1,1,0,0.74,115,3,92,2,0.0,123.0,0.0,78.23015725190841
ENSG00000180198,RCC1,chr1,28505943,28539300,1,2,0,0.885,67,6,59,0,0.0,237.0,0.0,79.63211176470588
ENSG00000180098,TRNAU1AP,chr1,28553001,28578545,1,1,0,1.18,27,2,21,1,0.0,21.0,0.0,81.22782962962962
ENSG00000120656,TAF12,chr1,28587829,28648364,-1,2,0,1.045,56,5,43,1,0.0,48.0,0.0,83.03122459016393
ENSG00000188060,RAB42,chr1,28592200,28595449,1,1,0,0.92,7,2,5,0,0.0,44.0,0.0,82.2808
ENSG00000162419,GMEB1,chr1,28668280,28719353,1,1,0,1.16,33,2,20,3,0.0,35.0,0.0,83.89509038461539
ENSG00000198492,YTHDF2,chr1,28736621,28769784,1,1,0,0.97,47,4,30,1,0.0,469.0,0.0,82.91417647058825
ENSG00000116329,OPRD1,chr1,28812170,28871267,1,2,0,0.99,73,1,44,3,0.0,307.0,0.0,81.18069999999999
ENSG00000159023,EPB41,chr1,28887091,29120046,1,2,0,0.895,211,2,179,1,0.0,591.0,0.0,82.5303752136752
ENSG00000253304,TMEM200B,chr1,29119429,29123918,-1,1,0,0.82,14,2,12,0,0.0,29.0,0.0,80.91946666666668
ENSG00000116350,SRSF4,chr1,29147743,29181922,-1,1,0,1.09,39,3,33,0,0.0,102.0,0.0,78.62216857142857
ENSG00000116353,MECR,chr1,29192657,29230945,-1,1,0,0.81,44,1,38,0,0.0,96.0,0.0,76.84719230769231
ENSG00000060656,PTPRU,chr1,29236505,29326813,1,3,0,0.87,134,2,92,10,0.0,446.0,0.0,76.74101868131868
ENSG00000289710,,chr1,30576655,30576825,-1,0,141300,,0,0,0,0,0.0,11.0,0.0,45.3581
ENSG00000162510,MATN1,chr1,30711277,30723585,-1,2,0,0.8,31,3,23,3,0.0,106.0,0.0,52.35183571428571
ENSG00000162511,LAPTM5,chr1,30732465,30757855,-1,0,10725,,63,2,61,0,0.0,192.0,0.0,54.24909259259258
ENSG00000162512,SDC3,chr1,30869466,30908810,-1,1,0,1.04,84,2,76,0,0.0,172.0,0.0,61.690456097560975
ENSG00000134644,PUM1,chr1,30931505,31065991,-1,1,0,0.92,172,1,157,1,0.0,267.0,0.0,68.62625185185186
ENSG00000084628,NKAIN1,chr1,31179344,31239966,-1,2,0,1.065,77,1,60,5,0.0,21.0,0.0,82.19106612903224
ENSG00000060688,SNRNP40,chr1,31259568,31296788,-1,1,0,0.85,27,2,22,0,0.0,293.0,0.0,81.54447631578947
ENSG00000121766,ZCCHC17,chr1,31296982,31365527,1,1,0,0.85,51,2,30,6,0.0,59.0,0.0,79.62580285714287
ENSG00000121769,FABP3,chr1,31364010,31376850,-1,0,36097,,26,1,25,0,0.0,534.0,0.0,78.22985000000001
ENSG00000168528,SERINC2,chr1,31409565,31434680,1,1,0,0.91,49,3,41,0,0.0,84.0,0.0,77.58260769230769
ENSG00000142910,TINAGL1,chr1,31576485,31587689,1,1,0,0.93,29,3,26,0,0.0,67.0,0.0,77.9558076923077
ENSG00000121764,HCRTR1,chr1,31617660,31632518,1,1,0,0.71,29,2,26,0,0.0,205.0,0.0,75.589575
ENSG00000162517,PEF1,chr1,31629866,31644896,-1,1,0,0.91,24,3,20,0,0.0,26.0,0.0,74.842525
ENSG00000084636,COL16A1,chr1,31652260,31704319,-1,1,0,0.67,95,3,89,0,,,,72.51185849056603
ENSG00000121753,ADGRB2,chr1,31727117,31764893,-1,2,0,0.785,79,3,76,0,0.0,80.0,0.0,69.70778974358974
ENSG00000134668,SPOCD1,chr1,31790422,31816022,-1,0,1015,,42,3,38,0,0.0,195.0,0.0,67.70777407407407
ENSG00000184007,PTP4A2,chr1,31906421,31944856,-1,2,0,0.985,65,3,59,0,0.0,140.0,0.0,63.367914999999996
ENSG00000288678,,chr1,31919563,31938010,-1,1,0,1.15,36,2,34,0,0.0,2.0,0.0,63.29612105263158
ENSG00000121774,KHDRBS1,chr1,32013687,32060850,1,1,0,0.92,38,2,29,1,0.0,927.0,0.0,65.395975
ENSG00000121775,TMEM39B,chr1,32072031,32102866,1,1,0,0.83,25,2,20,1,0.0,22.0,0.0,67.4111125
ENSG00000025800,KPNA6,chr1,32108056,32176563,1,1,0,0.78,79,1,66,0,0.0,304.0,0.0,69.69408142857141
ENSG00000084652,TXLNA,chr1,32178097,32198299,1,1,0,0.96,32,3,22,0,0.0,90.0,0.0,71.84596190476191
ENSG00000160050,CCDC28B,chr1,32200383,32205453,1,2,0,0.79,12,3,8,0,0.0,71.0,0.0,72.67775
ENSG00000160051,IQCC,chr1,32205648,32208688,1,1,0,0.76,5,2,2,0,0.0,16.0,0.0,72.98685
ENSG00000222046,DCDC2B,chr1,32209079,32216196,1,0,2795,,10,0,9,0,0.0,75.0,0.0,73.3079
ENSG00000160055,TMEM234,chr1,32214472,32222359,-1,1,0,0.73,12,4,8,0,0.0,21.0,0.0,73.67275555555557
ENSG00000084623,EIF3I,chr1,32221077,32245397,1,2,0,0.735,33,7,22,1,0.0,64.0,0.0,74.73818
ENSG00000183615,FAM167B,chr1,32247222,32248856,1,0,5682,,4,0,4,0,0.0,9.0,0.0,75.8668
ENSG00000182866,LCK,chr1,32251244,32286170,1,1,0,0.81,48,2,45,0,3.0,675.0,1.0,77.50426111111112
ENSG00000116478,HDAC1,chr1,32291921,32333635,1,1,0,0.85,55,2,48,0,0.0,670.0,0.0,80.85946046511629
ENSG00000175130,MARCKSL1,chr1,32333827,32336233,-1,1,0,0.91,8,1,7,0,0.0,462.0,0.0,82.21543333333334
ENSG00000162526,TSSK3,chr1,32351521,32364312,1,2,0,0.83,28,1,25,0,0.0,163.0,0.0,83.12604615384615
ENSG00000225828,FAM229A,chr1,32361270,32364278,-1,1,0,0.89,8,1,7,0,0.0,4.0,0.0,83.250925
ENSG00000160058,BSDC1,chr1,32364633,32394731,-1,1,0,0.87,31,2,25,0,0.0,23.0,0.0,83.47675161290321
ENSG00000273274,ZBTB8B,chr1,32465050,32496686,1,1,0,0.79,33,1,22,2,0.0,3.0,0.0,80.82127878787878
ENSG00000254553,,chr1,32465057,32600792,1,3,0,1.0267,106,2,63,13,0.0,0.0,0.0,79.65205912408759
ENSG00000160062,ZBTB8A,chr1,32539142,32605941,1,1,0,1.11,39,1,16,6,0.0,19.0,0.0,79.02944411764706
ENSG00000176261,ZBTB8OS,chr1,32600172,32650969,-1,1,0,0.97,51,2,41,1,0.0,48.0,0.0,79.15036923076923
ENSG00000162521,RBBP4,chr1,32651142,32686211,1,1,0,0.97,34,2,27,1,0.0,194.0,0.0,79.37131666666669
ENSG00000162520,SYNC,chr1,32679906,32703596,-1,1,0,0.72,27,1,23,0,0.0,67.0,0.0,79.45044
ENSG00000162522,NHSL3,chr1,32741696,32774970,1,2,0,0.89,73,3,70,0,0.0,64.0,0.0,79.40630882352941
ENSG00000134684,YARS1,chr1,32775237,32818031,-1,1,0,0.72,55,2,45,0,0.0,123.0,0.0,78.99459545454545
ENSG00000116497,S100PBP,chr1,32816408,32858879,1,1,0,0.72,28,2,22,0,0.0,38.0,0.0,78.07791590909092
ENSG00000160097,FNDC5,chr1,32862268,32872482,-1,1,0,1.11,17,1,15,0,0.0,567.0,0.0,77.16873636363637
ENSG00000121905,HPCA,chr1,32881498,32898441,1,2,0,0.775,42,2,37,0,0.0,67.0,0.0,76.42596111111112
ENSG00000121900,TMEM54,chr1,32894593,32901440,-1,1,0,0.92,18,1,16,0,0.0,63.0,0.0,76.16165714285715
ENSG00000116514,RNF19B,chr1,32929036,32964915,-1,1,0,1.2,60,2,56,1,0.0,89.0,0.0,75.19604864864866
ENSG00000004455,AK2,chr1,33007986,33080996,-1,3,0,0.9067,99,4,84,0,0.0,115.0,0.0,77.0634864864865
ENSG00000142920,AZIN2,chr1,33081104,33123492,1,1,0,0.73,47,2,40,2,0.0,115.0,0.0,79.65609069767441
ENSG00000116525,TRIM62,chr1,33145399,33182059,-1,3,0,0.7467,62,2,55,1,0.0,129.0,0.0,81.83103684210528
ENSG00000160094,ZNF362,chr1,33256359,33300719,1,2,0,0.94,63,2,51,2,0.0,57.0,0.0,78.8231891304348
ENSG00000184389,A3GALT2,chr1,33306766,33321098,-1,1,0,0.98,32,1,9,4,0.0,29.0,0.0,76.66913333333333
ENSG00000134686,PHC2,chr1,33323623,33431095,-1,2,0,1.105,182,7,167,2,0.0,222.0,0.0,74.05976944444444
ENSG00000121903,ZSCAN20,chr1,33472597,33501643,1,1,0,0.93,16,1,9,2,0.0,34.0,0.0,71.75489999999999
ENSG00000121904,CSMD2,chr1,33513998,34165842,-1,3,0,0.7867,472,2,239,47,0.0,112.0,0.0,55.199409188361415
ENSG00000176256,HMGB4,chr1,33860475,33864791,1,0,226956,,6,0,3,0,0.0,25.0,0.0,53.921383333333345
ENSG00000142698,C1orf94,chr1,34166883,34219131,1,1,0,0.86,35,2,8,4,0.0,25.0,0.0,38.98739056603774
ENSG00000163866,SMIM12,chr1,34712737,34859805,-1,5,0,0.884,162,9,123,6,0.0,17.0,0.0,36.83633378378378
ENSG00000189280,GJB5,chr1,34755034,34758512,1,0,2915,,4,1,3,0,0.0,64.0,0.0,36.13876
ENSG00000189433,GJB4,chr1,34759740,34763724,1,1,0,0.88,8,1,7,0,0.0,100.0,0.0,36.19494
ENSG00000188910,GJB3,chr1,34781214,34786369,1,2,0,0.885,13,2,11,0,0.0,141.0,0.0,36.531349999999996
ENSG00000187513,GJA4,chr1,34792997,34795756,1,1,0,0.9,8,1,7,0,0.0,192.0,0.0,36.75895
ENSG00000116544,DLGAP3,chr1,34865436,34929650,-1,4,0,0.9025,81,2,72,1,0.0,65.0,0.0,39.782146969696974
ENSG00000284773,,chr1,34974356,34985313,-1,2,0,0.94,19,3,16,0,0.0,0.0,0.0,42.668416666666666
ENSG00000243749,TMEM35B,chr1,34981380,34985347,-1,1,0,0.96,6,1,5,0,0.0,10.0,0.0,42.818380000000005
ENSG00000271741,,chr1,34981533,35031741,-1,2,0,0.97,26,2,16,2,0.0,0.0,0.0,43.955726923076924
ENSG00000163867,ZMYM6,chr1,34986144,35031951,-1,1,0,0.98,20,2,10,2,0.0,38.0,0.0,44.048693750000005
ENSG00000197056,ZMYM1,chr1,35032172,35118818,1,1,0,0.97,56,3,36,3,0.0,37.0,0.0,47.77026704545455
ENSG00000116560,SFPQ,chr1,35176378,35193446,-1,2,0,1.045,38,1,37,0,1.0,241.0,1.0,54.291361111111115
ENSG00000146463,ZMYM4,chr1,35268667,35422058,1,1,0,0.85,99,1,74,4,0.0,63.0,0.0,62.119231818181824
ENSG00000142687,KIAA0319L,chr1,35393883,35557950,-1,1,0,0.78,147,4,126,0,0.0,195.0,0.0,65.75776181818182
ENSG00000020129,NCDN,chr1,35557456,35567274,1,1,0,0.78,27,2,25,0,0.0,94.0,0.0,68.27036363636363
ENSG00000116819,TFAP2E,chr1,35573314,35595328,1,2,0,0.815,35,2,19,2,0.0,57.0,0.0,68.74267391304349
ENSG00000126067,PSMB2,chr1,35599541,35641526,-1,1,0,1.04,41,1,36,1,0.0,140.0,0.0,69.46812325581395
ENSG00000142686,C1orf216,chr1,35713875,35718894,-1,1,0,0.88,12,1,11,0,0.0,19.0,0.0,71.28116666666666
ENSG00000092853,CLSPN,chr1,35720218,35770002,-1,1,0,0.76,36,2,26,1,0.0,117.0,0.0,71.62527254901961
ENSG00000134698,AGO4,chr1,35808016,35857890,1,1,0,1.25,36,1,32,0,0.0,168.0,0.0,72.08417450980392
ENSG00000092847,AGO1,chr1,35869808,35930532,1,2,0,0.705,55,2,46,3,0.0,175.0,0.0,72.7335112903226
ENSG00000126070,AGO3,chr1,35930696,36072500,1,1,0,0.94,79,2,50,4,0.0,62.0,0.0,74.00004545454546
ENSG00000092850,TEKT2,chr1,36084094,36088278,1,1,0,0.87,12,1,11,0,0.0,133.0,0.0,74.19964
ENSG00000116863,ADPRS,chr1,36088878,36093932,1,1,0,1.03,12,1,11,0,,,,74.19703333333332
ENSG00000171812,COL8A2,chr1,36095239,36125222,-1,1,0,0.84,51,2,47,0,0.0,155.0,0.0,74.22423870967742
ENSG00000054116,TRAPPC3,chr1,36136570,36156053,-1,2,0,0.985,32,3,29,0,0.0,26.0,0.0,74.434205
ENSG00000116871,MAP7D1,chr1,36155579,36180849,1,3,0,0.89,57,3,53,0,0.0,61.0,0.0,74.64532692307692
ENSG00000054118,THRAP3,chr1,36224392,36305376,1,1,0,0.99,97,2,91,0,0.0,173.0,0.0,74.81831829268293
ENSG00000214193,SH3D21,chr1,36306368,36329340,1,2,0,0.75,31,4,27,0,0.0,43.0,0.0,74.69223333333333
ENSG00000142694,EVA1B,chr1,36322030,36324154,-1,1,0,0.73,7,2,5,0,0.0,30.0,0.0,74.71203333333334
ENSG00000196182,STK40,chr1,36339620,36385927,-1,2,0,0.855,85,1,83,0,0.0,125.0,0.0,75.22248085106384
ENSG00000181817,LSM10,chr1,36391238,36397945,-1,1,0,0.96,9,1,8,0,0.0,36.0,0.0,75.7348375
ENSG00000116885,OSCP1,chr1,36415827,36450451,-1,1,0,0.79,41,3,35,0,0.0,161.0,0.0,76.02258285714287
ENSG00000116898,MRPS15,chr1,36455718,36464418,-1,1,0,0.94,13,1,12,0,0.0,68.0,0.0,75.8843
ENSG00000119535,CSF3R,chr1,36465669,36483322,-1,0,1139,,37,3,29,0,3.0,571.0,1.0,75.67779999999999
ENSG00000163873,GRIK3,chr1,36795527,37034515,-1,1,0,0.94,233,2,170,16,0.0,145.0,0.0,75.33642958333333
ENSG00000163874,ZC3H12A,chr1,37474496,37484379,1,1,0,1.05,28,2,26,0,0.0,527.0,0.0,50.11879999999999
ENSG00000163875,MEAF6,chr1,37489993,37514806,-1,1,0,1.13,23,3,18,0,0.0,52.0,0.0,50.232726923076925
ENSG00000163877,SNIP1,chr1,37534449,37554293,-1,1,0,1.02,19,1,13,0,0.0,107.0,0.0,50.663428571428575
ENSG00000163879,DNALI1,chr1,37556919,37566857,1,1,0,0.75,21,1,14,0,0.0,262.0,0.0,51.044836363636364
ENSG00000134697,GNL2,chr1,37566815,37595955,-1,1,0,1.21,23,1,20,0,0.0,93.0,0.0,51.68370333333334
ENSG00000169218,RSPO1,chr1,37610802,37635604,-1,1,0,0.76,29,2,23,1,0.0,249.0,0.0,53.76713461538463
ENSG00000116922,AIRIM,chr1,37681570,37692296,-1,2,0,0.85,17,2,14,0,0.0,31.0,0.0,58.267
ENSG00000134690,CDCA8,chr1,37692481,37709719,1,1,0,0.73,11,1,9,1,0.0,174.0,0.0,59.321184210526326
ENSG00000183317,EPHA10,chr1,37713880,37765133,-1,4,0,0.8325,59,2,36,6,0.0,88.0,0.0,62.04564807692307
ENSG00000185090,MANEAL,chr1,37793847,37804557,1,1,0,0.84,16,3,7,0,0.0,32.0,0.0,65.54158333333334
ENSG00000196449,YRDC,chr1,37802945,37808208,-1,1,0,0.92,7,3,2,0,0.0,70.0,0.0,65.83058333333334
ENSG00000197982,C1orf122,chr1,37806979,37809454,1,1,0,0.92,8,3,5,0,0.0,24.0,0.0,65.94786666666666
ENSG00000188786,MTF1,chr1,37809574,37859614,-1,1,0,0.7,56,1,50,1,0.0,200.0,0.0,67.07526470588236
ENSG00000204084,INPP5B,chr1,37860696,37947077,-1,1,0,0.99,97,4,76,1,0.0,239.0,0.0,69.30992988505746
ENSG00000183431,SF3A3,chr1,37956975,37990517,-1,1,0,0.76,28,1,15,2,0.0,72.0,0.0,71.08165428571428
ENSG00000183386,FHL3,chr1,37994394,38006380,-1,2,0,0.845,29,1,28,0,0.0,96.0,0.0,71.65976153846154
ENSG00000183520,UTP11,chr1,38009111,38024820,1,1,0,0.88,27,1,24,0,0.0,53.0,0.0,71.99948235294117
ENSG00000185668,POU3F1,chr1,38043829,38046793,-1,1,0,1.05,8,1,7,0,0.0,132.0,0.0,72.473275
ENSG00000116954,RRAGC,chr1,38838198,38859772,-1,1,0,1.05,19,1,16,1,0.0,209.0,0.0,59.02167391304347
ENSG00000214114,MYCBP,chr1,38862493,38873378,-1,1,0,0.8,12,1,11,0,0.0,83.0,0.0,58.3714
ENSG00000274944,,chr1,38864501,38881617,-1,1,0,0.8,16,2,12,1,0.0,0.0,0.0,58.203838888888896
ENSG00000131233,GJA9,chr1,38874069,38881587,-1,0,392,,6,1,3,1,0.0,28.0,0.0,58.08224444444444
ENSG00000158315,RHBDL2,chr1,38885807,38941830,-1,0,12130,,47,1,34,4,0.0,197.0,0.0,57.58362280701755
ENSG00000174574,AKIRIN1,chr1,38991272,39006059,1,1,0,0.85,26,1,25,0,0.0,26.0,0.0,58.15406875
ENSG00000168653,NDUFS5,chr1,39026318,39034636,1,0,34719,,10,1,7,0,0.0,199.0,0.0,58.749900000000004
ENSG00000127603,MACF1,chr1,39081316,39487177,1,3,0,0.98,470,6,436,0,0.0,212.0,0.0,68.11758599508599
ENSG00000183682,BMP8A,chr1,39491069,39529869,1,2,0,0.91,52,4,39,2,0.0,187.0,0.0,79.0648075
ENSG00000090621,PABPC4,chr1,39560709,39576868,-1,1,0,1.32,30,5,25,0,0.0,116.0,0.0,80.05129411764706
ENSG00000163909,HEYL,chr1,39623435,39639643,-1,1,0,0.92,33,2,29,0,0.0,80.0,0.0,78.05213888888889
ENSG00000116981,NT5C1A,chr1,39651229,39673328,-1,1,0,0.74,32,1,27,3,0.0,150.0,0.0,76.51641304347828
ENSG00000116983,HPCAL4,chr1,39678648,39691485,-1,2,0,0.75,23,1,22,0,0.0,55.0,0.0,75.38533076923078
ENSG00000084072,PPIE,chr1,39692182,39763914,1,2,0,0.795,83,4,55,3,0.0,73.0,0.0,73.61797397260273
ENSG00000116985,BMP8B,chr1,39757182,39788865,-1,2,0,0.96,37,2,17,3,0.0,201.0,0.0,72.07404545454547
ENSG00000198754,OXCT2,chr1,39769523,39771348,-1,1,0,0.84,3,1,0,0,0.0,21.0,0.0,72.1434
ENSG00000043514,TRIT1,chr1,39838110,39883511,-1,1,0,0.82,50,2,46,0,0.0,120.0,0.0,70.11381489361703
ENSG00000116990,MYCL,chr1,39895428,39902256,-1,1,0,0.91,18,1,17,0,0.0,259.0,0.0,70.0825625
ENSG00000168389,MFSD2A,chr1,39955112,39969968,1,1,0,0.76,32,1,30,0,0.0,194.0,0.0,71.4556875
ENSG00000131236,CAP1,chr1,40039735,40072767,1,1,0,0.73,49,2,44,0,0.0,492.0,0.0,71.97924705882352
ENSG00000131238,PPT1,chr1,40072710,40097267,-1,1,0,0.93,32,1,27,0,0.0,315.0,0.0,71.202348
ENSG00000117000,RLF,chr1,40161387,40240921,1,1,0,0.84,62,1,38,2,0.0,29.0,0.0,69.97160740740742
ENSG00000188800,TMCO2,chr1,40245947,40251684,1,0,6030,,7,0,4,0,0.0,4.0,0.0,71.5064
ENSG00000084073,ZMPSTE24,chr1,40258041,40294180,1,1,0,1.11,31,1,26,1,0.0,402.0,0.0,72.49076486486487
ENSG00000049089,COL9A2,chr1,40300487,40317813,-1,4,0,0.7525,41,1,39,0,0.0,266.0,0.0,73.2572947368421
ENSG00000084070,SMAP2,chr1,40344850,40423326,1,1,0,0.7,107,3,92,0,0.0,162.0,0.0,72.40743544303795
ENSG00000187801,ZFP69B,chr1,40450053,40464142,1,1,0,0.88,11,2,7,0,0.0,23.0,0.0,71.26190666666668
ENSG00000187815,ZFP69,chr1,40477233,40496530,1,1,0,0.8,10,2,5,0,0.0,61.0,0.0,71.50656190476191
ENSG00000164002,EXO5,chr1,40508441,40517724,1,1,0,0.86,4,1,3,0,0.0,117.0,0.0,71.92935454545456
ENSG00000117010,ZNF684,chr1,40531573,40548168,1,1,0,0.92,13,1,9,0,0.0,16.0,0.0,72.37363529411765
ENSG00000117016,RIMS3,chr1,40620679,40665690,-1,2,0,0.82,81,4,70,0,0.0,56.0,0.0,72.25476956521739
ENSG00000066136,NFYC,chr1,40691570,40771606,1,1,0,0.92,106,5,97,0,0.0,82.0,0.0,73.21843209876543
ENSG00000117013,KCNQ4,chr1,40783675,40840452,1,5,0,0.846,100,3,82,3,0.0,259.0,0.0,74.31893859649124
ENSG00000179862,CITED4,chr1,40861054,40862363,-1,1,0,0.9,5,1,4,0,0.0,49.0,0.0,73.40255
ENSG00000171793,CTPS1,chr1,40979300,41012565,1,1,0,0.98,43,5,37,0,0.0,129.0,0.0,69.15484571428571
ENSG00000171790,SLFNL1,chr1,41015589,41024551,-1,1,0,0.81,19,0,16,0,0.0,24.0,0.0,68.86541
ENSG00000010803,SCMH1,chr1,41027202,41242306,-1,1,0,0.9,157,2,109,7,0.0,221.0,0.0,69.4592175925926
ENSG00000204060,FOXO6,chr1,41361922,41383590,1,3,0,0.86,51,2,48,0,0.0,133.0,0.0,72.09688260869565
ENSG00000127129,EDN2,chr1,41478774,41484686,-1,0,11493,,14,1,13,0,0.0,180.0,0.0,68.3095857142857
ENSG00000127124,HIVEP3,chr1,41506365,42035925,-1,4,0,0.8725,677,3,627,10,0.0,160.0,0.0,59.66583389830509
ENSG00000284895,,chr1,41585306,41628816,-1,0,32893,,54,0,51,0,0.0,8.0,0.0,64.26369777777776
ENSG00000044012,GUCA2B,chr1,42153410,42155820,1,0,7390,,3,1,2,0,0.0,192.0,0.0,41.226524999999995
ENSG00000197273,GUCA2A,chr1,42162690,42164745,-1,0,16670,,6,1,5,0,0.0,86.0,0.0,40.8889
ENSG00000198815,FOXJ3,chr1,42176535,42335913,-1,1,0,0.91,145,4,124,0,0.0,140.0,0.0,41.403288125
ENSG00000177181,RIMKLA,chr1,42380792,42424232,1,1,0,1.01,39,1,34,1,0.0,30.0,0.0,43.06054772727273
ENSG00000066185,ZMYND12,chr1,42430329,42456253,-1,1,0,0.93,24,1,14,3,0.0,63.0,0.0,43.41181851851853
ENSG00000127125,PPCS,chr1,42456117,42473385,1,2,0,0.93,18,4,12,0,0.0,41.0,0.0,43.944205555555556
ENSG00000186409,CCDC30,chr1,42463221,42657190,1,1,0,0.93,91,2,38,14,0.0,36.0,0.0,47.12320769230769
ENSG00000171960,PPIH,chr1,42658185,42676758,1,1,0,0.84,15,3,12,0,0.0,59.0,0.0,47.759645
ENSG00000065978,YBX1,chr1,42682408,42703805,1,1,0,1.01,35,1,29,1,0.0,383.0,0.0,47.75496086956523
ENSG00000164007,CLDN19,chr1,42733093,42740254,-1,1,0,0.67,15,1,12,0,0.0,155.0,0.0,49.0533875
ENSG00000117385,P3H1,chr1,42746335,42767084,-1,1,0,0.85,34,1,33,0,0.0,233.0,0.0,50.190504545454544
ENSG00000164008,C1orf50,chr1,42767245,42779491,1,1,0,0.85,14,2,8,0,0.0,23.0,0.0,51.25383846153847
ENSG00000283580,,chr1,42767292,42794493,1,2,0,0.845,30,3,19,1,0.0,0.0,0.0,51.753507142857146
ENSG00000274386,TMEM269,chr1,42784991,42816619,1,1,0,0.84,27,1,22,0,0.0,8.0,0.0,53.06688484848485
ENSG00000177868,SVBP,chr1,42807040,42817397,-1,1,0,0.79,11,3,6,0,0.0,50.0,0.0,53.73152727272727
ENSG00000164010,ERMAP,chr1,42817078,42845907,1,1,0,0.79,47,3,37,2,0.0,190.0,0.0,54.67410333333334
ENSG00000164011,ZNF691,chr1,42846573,42852477,1,1,0,0.81,12,1,10,0,0.0,12.0,0.0,55.35496666666666
ENSG00000117394,SLC2A1,chr1,42925353,42958893,-1,1,0,0.87,88,3,85,0,0.0,1423.0,0.0,57.14077714285715
ENSG00000186973,CFAP144,chr1,43145153,43156396,1,1,0,0.84,10,2,5,1,0.0,32.0,0.0,70.08678333333333
ENSG00000117395,EBNA1BP2,chr1,43164175,43270936,-1,1,0,0.88,106,5,75,4,0.0,566.0,0.0,71.73680462962963
ENSG00000243710,CFAP57,chr1,43172330,43254358,1,1,0,0.88,80,2,56,3,0.0,158.0,0.0,71.66961807228915
ENSG00000179178,TMEM125,chr1,43269979,43274007,1,1,0,0.7,12,1,11,0,0.0,45.0,0.0,72.72728
ENSG00000253313,C1orf210,chr1,43281866,43285908,-1,0,8708,,8,2,5,0,0.0,25.0,0.0,72.90134
ENSG00000066056,TIE1,chr1,43300971,43323108,1,1,0,0.91,40,1,35,0,0.0,253.0,0.0,73.20845217391306
ENSG00000117400,MPL,chr1,43337808,43354466,1,1,0,0.81,24,1,19,0,5.0,666.0,1.0,73.3261705882353
ENSG00000117399,CDC20,chr1,43358928,43363207,1,1,0,0.82,9,2,6,0,0.0,330.0,0.0,73.26532
ENSG00000066322,ELOVL1,chr1,43363396,43368075,-1,2,0,0.755,11,2,9,0,0.0,107.0,0.0,73.23066666666666
ENSG00000159479,MED8,chr1,43383917,43389808,-1,1,0,0.85,6,1,5,0,0.0,54.0,0.0,72.96581428571429
ENSG00000198198,SZT2,chr1,43389882,43454247,1,2,0,0.98,86,3,68,1,0.0,178.0,0.0,72.1640769230769
ENSG00000178922,HYI,chr1,43450607,43453999,-1,1,0,1.11,11,1,10,0,0.0,44.0,0.0,71.3029
ENSG00000142949,PTPRF,chr1,43525086,43626579,1,5,0,0.834,173,1,147,6,0.0,210.0,0.0,68.19805922330099
ENSG00000066135,KDM4A,chr1,43649256,43705518,1,1,0,0.77,49,3,42,0,0.0,189.0,0.0,67.20253793103448
ENSG00000284989,,chr1,43650149,43931014,1,2,0,0.94,303,9,263,5,0.0,0.0,0.0,66.08733687943263
ENSG00000126091,ST3GAL3,chr1,43705824,43931167,1,1,0,1.11,257,6,224,5,0.0,130.0,0.0,65.81053539823009
ENSG00000117407,ARTN,chr1,43933320,43937244,1,2,0,0.755,12,7,5,0,0.0,468.0,0.0,66.93744000000001
ENSG00000117408,IPO13,chr1,43946830,43968024,1,1,0,0.85,31,1,29,0,0.0,64.0,0.0,67.01044545454546
ENSG00000132768,DPH2,chr1,43969978,43973373,1,1,0,0.7,9,1,8,0,0.0,53.0,0.0,66.94575
ENSG00000117410,ATP6V0B,chr1,43974487,43978295,1,1,0,0.93,10,2,8,0,0.0,58.0,0.0,66.90396
ENSG00000117411,B4GALT2,chr1,43978943,43991173,1,1,0,0.9,26,2,21,0,0.0,49.0,0.0,66.79757692307693
ENSG00000159214,CCDC24,chr1,43991359,43996529,1,1,0,0.78,12,1,11,0,0.0,17.0,0.0,66.67139999999999
ENSG00000196517,SLC6A9,chr1,43991500,44031467,-1,2,0,0.845,74,7,63,1,0.0,168.0,0.0,66.38503499999999
ENSG00000171872,KLF17,chr1,44118821,44135140,1,0,15094,,10,1,3,1,0.0,60.0,0.0,66.88730000000001
ENSG00000283039,KLF18,chr1,44137821,44141631,-1,0,34094,,1,0,0,0,0.0,2.0,0.0,67.33381999999999
ENSG00000178028,DMAP1,chr1,44213427,44220681,1,1,0,0.74,12,2,9,0,0.0,45.0,0.0,70.11977777777778
ENSG00000117419,ERI3,chr1,44221070,44355267,-1,1,0,0.94,201,2,176,2,0.0,31.0,0.0,72.49638444444446
ENSG00000187147,RNF220,chr1,44405185,44651724,1,4,0,0.985,318,1,303,1,0.0,117.0,0.0,75.75689959677419
ENSG00000126106,TMEM53,chr1,44635238,44674481,-1,2,0,0.705,66,1,61,2,0.0,277.0,0.0,70.597335
ENSG00000198520,ARMH1,chr1,44674692,44725591,1,2,0,0.725,76,2,61,1,0.0,497.0,0.0,67.80685192307692
ENSG00000142945,KIF2C,chr1,44739817,44767767,1,1,0,1.14,25,2,16,1,0.0,188.0,0.0,65.33933448275862
ENSG00000142937,RPS8,chr1,44775251,44778779,1,1,0,0.9,10,6,4,0,0.0,72.0,0.0,64.78566
ENSG00000142959,BEST4,chr1,44781836,44791550,-1,2,0,0.915,22,0,20,0,0.0,32.0,0.0,64.66875454545453
ENSG00000173846,PLK3,chr1,44800346,44805995,1,1,0,0.89,17,1,16,0,0.0,196.0,0.0,64.6148
ENSG00000188396,DYNLT4,chr1,44805888,44807417,-1,1,0,0.84,6,1,5,0,0.0,75.0,0.0,64.6243
ENSG00000222009,BTBD19,chr1,44808523,44817381,1,1,0,0.76,25,1,24,0,0.0,98.0,0.0,64.66552222222224
ENSG00000117425,PTCH2,chr1,44819154,44843253,-1,1,0,0.81,48,5,41,0,0.0,366.0,0.0,64.905936
ENSG00000070785,EIF2B3,chr1,44850522,44986722,-1,1,0,0.81,89,1,69,5,0.0,195.0,0.0,67.82787372262776
ENSG00000126107,HECTD3,chr1,45002540,45011369,-1,1,0,0.78,15,3,11,0,0.0,62.0,0.0,72.27084444444445
ENSG00000126088,UROD,chr1,45010950,45015575,1,1,0,0.78,13,4,9,0,0.0,946.0,0.0,72.69851666666666
ENSG00000162415,ZSWIM5,chr1,45016395,45306209,-1,2,0,0.92,211,3,124,18,0.0,65.0,0.0,80.51107766323024
ENSG00000186603,HPDL,chr1,45326895,45328710,1,1,0,0.88,6,1,5,0,0.0,86.0,0.0,81.78333333333333
ENSG00000132781,MUTYH,chr1,45329163,45340893,-1,1,0,1.1,20,3,16,0,7.0,445.0,1.0,81.52340000000001
ENSG00000288208,,chr1,45329262,45491155,-1,2,0,0.93,144,4,113,3,0.0,0.0,0.0,77.27829447852761
ENSG00000132773,TOE1,chr1,45340012,45343976,1,1,0,1.1,4,2,2,0,0.0,72.0,0.0,81.24620000000002
ENSG00000070759,TESK2,chr1,45343877,45491203,-1,1,0,0.76,123,1,96,3,0.0,63.0,0.0,76.8520695945946
ENSG00000280670,CCDC163,chr1,45493866,45500163,-1,1,0,0.92,9,1,7,0,0.0,14.0,0.0,72.15831428571428
ENSG00000132763,MMACHC,chr1,45500300,45513382,1,1,0,0.92,25,1,22,0,0.0,90.0,0.0,71.80185000000002
ENSG00000117450,PRDX1,chr1,45510914,45542816,-1,1,0,0.86,52,3,43,0,0.0,696.0,0.0,71.24215151515152
ENSG00000117448,AKR1A1,chr1,45550475,45570051,1,1,0,0.85,21,3,17,0,0.0,478.0,0.0,70.7942
ENSG00000132780,NASP,chr1,45583581,45618905,1,1,0,0.8,46,2,36,1,0.0,76.0,0.0,70.78824444444444
ENSG00000159588,CCDC17,chr1,45620044,45624058,-1,1,0,0.8,13,0,13,0,0.0,28.0,0.0,70.8318
ENSG00000159592,GPBP1L1,chr1,45627284,45688408,-1,1,0,0.88,59,3,52,0,0.0,34.0,0.0,70.79201935483871
ENSG00000159596,TMEM69,chr1,45688149,45694443,1,0,741,,6,1,4,0,0.0,16.0,0.0,70.67544285714285
ENSG00000197429,IPP,chr1,45694324,45750653,-1,1,0,1.04,33,1,19,2,0.0,137.0,0.0,70.66378965517241
ENSG00000086015,MAST2,chr1,45786987,46036228,1,1,0,1.08,222,3,193,2,0.0,122.0,0.0,76.3180772
ENSG00000117461,PIK3R3,chr1,46040140,46133338,-1,1,0,0.82,82,3,65,2,0.0,409.0,0.0,79.5879085106383
ENSG00000278139,P3R3URF-PIK3R3,chr1,46043661,46176488,-1,2,0,0.91,133,5,105,4,0.0,0.0,0.0,79.22000300751878
ENSG00000117472,TSPAN1,chr1,46173794,46185968,1,0,6534,,29,1,25,1,0.0,123.0,0.0,77.87647692307694
ENSG00000250719,P3R3URF,chr1,46175486,46176488,-1,0,8226,,2,0,2,0,0.0,5.0,0.0,77.9848
ENSG00000085998,POMGNT1,chr1,46188681,46220305,-1,1,0,0.79,39,4,32,1,0.0,228.0,0.0,77.31260625
ENSG00000171357,LURAP1,chr1,46203334,46221256,1,1,0,0.79,18,2,14,1,0.0,15.0,0.0,77.14789473684212
ENSG00000085999,RAD54L,chr1,46246461,46278482,1,1,0,1.02,35,1,17,2,0.0,170.0,0.0,76.19313636363637
ENSG00000132128,LRRC41,chr1,46261196,46303616,-1,1,0,0.82,62,2,37,2,0.0,41.0,0.0,75.81753636363636
ENSG00000173660,UQCRH,chr1,46300900,46316796,1,1,0,0.82,35,2,24,1,0.0,65.0,0.0,75.32719411764707
ENSG00000117481,NSUN4,chr1,46340719,46369218,1,1,0,1.05,28,3,19,0,0.0,67.0,0.0,74.42192068965518
ENSG00000117480,FAAH,chr1,46394265,46415754,1,1,0,0.93,38,1,36,0,0.0,440.0,0.0,73.45358260869565
ENSG00000197587,DMBX1,chr1,46489822,46516218,1,1,0,0.81,37,2,11,5,0.0,522.0,0.0,72.8613111111111
ENSG00000282881,TMEM275,chr1,46532166,46544566,-1,2,0,0.91,22,1,10,5,0.0,3.0,0.0,73.56742142857142
ENSG00000162456,KNCN,chr1,46545641,46551647,-1,0,1181,,17,1,16,0,0.0,11.0,0.0,73.91114285714285
ENSG00000079277,MKNK1,chr1,46557407,46616843,-1,3,0,0.8633,78,5,65,0,0.0,154.0,0.0,75.77388524590164
ENSG00000142961,MOB3C,chr1,46607719,46616862,-1,2,0,0.9,17,3,14,0,0.0,20.0,0.0,77.29444
ENSG00000123472,ATPAF1,chr1,46632071,46673867,-1,1,0,1.03,38,2,26,1,0.0,55.0,0.0,79.89062093023257
ENSG00000186118,TEX38,chr1,46668855,46673594,1,0,132,,5,0,5,0,0.0,101.0,0.0,80.95201666666667
ENSG00000159658,EFCAB14,chr1,46674659,46719146,-1,1,0,0.96,43,1,37,1,0.0,92.0,0.0,81.94958
ENSG00000142973,CYP4B1,chr1,46757838,46819413,1,0,38427,,47,1,38,0,0.0,113.0,0.0,81.72085161290322
ENSG00000187048,CYP4A11,chr1,46928862,46941594,-1,0,81960,,7,1,2,1,0.0,192.0,0.0,78.88661428571427
ENSG00000186377,CYP4X1,chr1,47023666,47050751,1,1,0,0.83,17,1,14,0,0.0,69.0,0.0,77.87559642857141
ENSG00000186160,CYP4Z1,chr1,47067231,47118318,1,0,43270,,18,0,6,3,0.0,59.0,0.0,76.47734038461539
ENSG00000162365,CYP4A22,chr1,47137419,47149742,1,0,75566,,8,1,3,3,0.0,143.0,0.0,74.41580714285715
ENSG00000162366,PDZK1IP1,chr1,47183582,47191398,-1,0,33910,,24,3,20,0,0.0,207.0,0.0,72.0060875
ENSG00000162367,TAL1,chr1,47216290,47232225,-1,2,0,0.965,43,4,34,2,0.0,647.0,0.0,69.82865294117647
ENSG00000123473,STIL,chr1,47250139,47314892,-1,1,0,1.04,39,3,23,2,0.0,281.0,0.0,67.05375909090911
ENSG00000162368,CMPK1,chr1,47333790,47394866,1,1,0,1.0,48,1,24,5,0.0,1678.0,0.0,66.27827580645162
ENSG00000186790,FOXE3,chr1,47416285,47418052,1,1,0,1.19,6,1,0,0,0.0,751.0,0.0,67.916
ENSG00000186564,FOXD2,chr1,47438044,47440691,1,1,0,0.97,10,1,9,0,0.0,257.0,0.0,69.097775
ENSG00000269113,TRABD2B,chr1,47760528,47997385,-1,3,0,0.9133,321,2,276,6,0.0,36.0,0.0,77.24841898734176
ENSG00000117834,SLC5A9,chr1,48222685,48248644,1,0,222988,,27,1,19,4,0.0,74.0,0.0,55.062444444444445
ENSG00000132122,SPATA6,chr1,48295373,48472279,-1,1,0,0.91,78,2,34,6,0.0,241.0,0.0,48.00259213483146
ENSG00000186094,AGBL4,chr1,48532854,50023954,-1,3,0,0.84,697,4,412,70,0.0,238.0,0.0,24.495741058271932
ENSG00000162373,BEND5,chr1,48727519,48776969,-1,1,0,0.84,55,1,48,1,0.0,62.0,0.0,32.892858000000004
ENSG00000162374,ELAVL4,chr1,50024029,50203772,1,2,0,0.875,113,8,76,7,0.0,177.0,0.0,19.048348618784534
ENSG00000142700,DMRTA2,chr1,50417550,50423468,-1,2,0,0.835,16,2,14,0,0.0,73.0,0.0,30.532066666666665
ENSG00000185104,FAF1,chr1,50437028,50960279,-1,1,0,1.23,316,2,197,23,0.0,243.0,0.0,47.12147671755725
ENSG00000123080,CDKN2C,chr1,50960745,50974634,1,1,0,0.89,29,3,23,1,2.0,430.0,1.0,55.85852666666667
ENSG00000204006,C1orf185,chr1,51102221,51148086,1,0,88009,,21,0,7,2,0.0,25.0,0.0,54.36216382978724
ENSG00000123091,RNF11,chr1,51235625,51273447,1,1,0,0.93,46,1,33,1,0.0,68.0,0.0,62.141486842105245
ENSG00000085831,TTC39A,chr1,51287258,51345116,-1,2,0,0.895,97,8,72,2,0.0,89.0,0.0,65.65011355932204
ENSG00000085832,EPS15,chr1,51354263,51519387,-1,1,0,0.88,129,1,95,2,1.0,312.0,1.0,69.28818012048193
ENSG00000117859,OSBPL9,chr1,51577179,51798427,1,2,0,0.8,228,5,195,2,0.0,59.0,0.0,71.42854684684686
ENSG00000078618,NRDC,chr1,51787517,51878805,-1,1,0,1.0,84,4,65,1,0.0,119.0,0.0,73.40451956521738
ENSG00000169213,RAB3B,chr1,51907956,51990700,-1,1,0,0.89,98,1,84,3,0.0,100.0,0.0,74.44262261904763
ENSG00000117862,TXNDC12,chr1,52020130,52055772,-1,2,0,0.975,30,5,18,0,0.0,117.0,0.0,77.61996216216217
ENSG00000285839,,chr1,52020153,52033350,-1,1,0,0.95,13,2,10,0,0.0,0.0,0.0,77.50735714285715
ENSG00000198841,KTI12,chr1,52032103,52033810,-1,1,0,0.95,6,3,3,0,0.0,6.0,0.0,77.6205
ENSG00000134717,BTF3L4,chr1,52056199,52090716,1,1,0,0.8,27,1,16,2,0.0,26.0,0.0,77.31323611111112
ENSG00000157077,ZFYVE9,chr1,52141888,52348671,1,1,0,0.97,149,5,95,7,0.0,125.0,0.0,72.48581923076924
ENSG00000154222,CC2D1B,chr1,52345723,52366318,-1,1,0,0.94,27,2,20,0,0.0,54.0,0.0,72.37131904761905
ENSG00000085840,ORC1,chr1,52372010,52404471,-1,1,0,1.0,15,1,10,1,0.0,110.0,0.0,71.71961212121211
ENSG00000134748,PRPF38A,chr1,52404060,52420836,1,1,0,1.0,9,1,8,0,0.0,22.0,0.0,71.09686111111111
ENSG00000134744,TUT4,chr1,52408282,52553487,-1,1,0,0.86,99,2,67,3,0.0,68.0,0.0,70.4766006849315
ENSG00000116157,GPX7,chr1,52602371,52609051,1,1,0,1.05,11,1,10,0,0.0,159.0,0.0,72.10467500000001
ENSG00000182183,SHISAL2A,chr1,52633168,52669683,1,1,0,0.94,46,1,41,0,0.0,14.0,0.0,71.78009736842104
ENSG00000162377,COA7,chr1,52684449,52698355,-1,1,0,1.01,15,1,9,2,0.0,34.0,0.0,70.82853999999999
ENSG00000162378,ZYG11B,chr1,52726447,52827336,1,1,0,0.89,76,1,53,8,0.0,41.0,0.0,69.19713921568629
ENSG00000203995,ZYG11A,chr1,52842511,52894998,1,1,0,0.97,44,1,31,2,0.0,33.0,0.0,69.7136886792453
ENSG00000121310,ECHDC2,chr1,52895910,52927212,-1,2,0,0.76,47,3,37,0,0.0,47.0,0.0,70.69626875
ENSG00000116171,SCP2,chr1,52927276,53051698,1,1,0,0.73,87,2,66,5,0.0,244.0,0.0,73.12528174603173
ENSG00000174348,PODN,chr1,53061293,53093681,1,3,0,0.6867,77,2,62,5,0.0,99.0,0.0,75.07735
ENSG00000162383,SLC1A7,chr1,53087179,53142638,-1,1,0,0.64,105,3,94,0,0.0,47.0,0.0,75.22623859649123
ENSG00000157184,CPT2,chr1,53196792,53214197,1,1,0,0.77,17,1,9,1,0.0,428.0,0.0,75.54969444444446
ENSG00000162384,CZIB,chr1,53214099,53220652,-1,1,0,1.03,6,1,5,0,0.0,27.0,0.0,75.6818375
ENSG00000162385,MAGOH,chr1,53226890,53238621,-1,1,0,0.88,8,1,4,0,0.0,111.0,0.0,75.88107692307692
ENSG00000157193,LRP8,chr1,53242364,53328469,-1,3,0,1.1267,137,2,126,0,0.0,296.0,0.0,76.43388045977011
ENSG00000293253,,chr1,53413149,53440018,-1,1,0,0.82,33,2,30,0,0.0,10.0,0.0,72.21705357142858
ENSG00000143006,DMRTB1,chr1,53459399,53467488,1,1,0,0.88,15,1,12,0,0.0,83.0,0.0,70.17933333333332
ENSG00000174332,GLIS1,chr1,53506232,53739164,-1,1,0,0.93,327,2,245,22,0.0,91.0,0.0,71.41559401709402
ENSG00000058804,NDC1,chr1,53765460,53838560,-1,1,0,0.88,49,3,35,2,0.0,108.0,0.0,68.75450266666667
ENSG00000058799,YIPF1,chr1,53847531,53890683,-1,1,0,0.84,32,1,23,3,0.0,32.0,0.0,67.57208409090909
ENSG00000211452,DIO1,chr1,53891239,53911086,1,0,1256,,29,1,25,0,0.0,153.0,0.0,66.70386666666667
ENSG00000081870,IFT25,chr1,53916574,53946588,-1,1,0,0.88,33,4,24,2,0.0,206.0,0.0,65.4450387096774
ENSG00000116212,LRRC42,chr1,53946045,53968168,1,1,0,0.88,34,1,31,1,0.0,47.0,0.0,64.27069130434782
ENSG00000203985,LDLRAD1,chr1,54007298,54018194,-1,0,34734,,17,1,6,2,0.0,46.0,0.0,61.985141666666664
ENSG00000116209,TMEM59,chr1,54026681,54053504,-1,1,0,0.76,22,3,18,0,0.0,61.0,0.0,61.429449999999996
ENSG00000116205,TCEANC2,chr1,54052867,54112519,1,1,0,0.76,53,4,30,6,0.0,8.0,0.0,61.474996721311484
ENSG00000256407,,chr1,54132686,54200073,-1,0,75,,68,2,45,4,0.0,0.0,0.0,63.13459264705882
ENSG00000157211,CDCP2,chr1,54132687,54153770,-1,0,10668,,23,1,14,0,0.0,19.0,0.0,62.54996818181819
ENSG00000215883,CYB5RL,chr1,54169651,54200073,-1,0,75,,24,1,20,0,0.0,21.0,0.0,63.6168129032258
ENSG00000116221,MRPL37,chr1,54184041,54225464,1,1,0,0.87,45,1,37,0,0.0,48.0,0.0,64.2341119047619
ENSG00000157216,SSBP3,chr1,54225432,54413479,-1,3,0,0.8667,336,5,326,0,0.0,85.0,0.0,69.48845396825398
ENSG00000162390,ACOT11,chr1,54542257,54639192,1,1,0,0.71,140,2,128,0,0.0,85.0,0.0,71.72696224489796
ENSG00000162391,FAM151A,chr1,54609178,54623556,-1,0,66403,,23,1,20,0,0.0,44.0,0.0,71.7637875
ENSG00000184313,MROH7,chr1,54641754,54710266,1,0,5406,,53,0,19,8,0.0,14.0,0.0,71.179115942029
ENSG00000271723,MROH7-TTC4,chr1,54641786,54742308,1,1,0,0.8,72,1,30,8,0.0,0.0,0.0,70.97985841584158
ENSG00000243725,TTC4,chr1,54715835,54742657,1,1,0,0.8,14,1,10,0,0.0,33.0,0.0,70.52817500000002
ENSG00000162396,PARS2,chr1,54756594,54764546,-1,1,0,0.97,9,1,7,0,0.0,70.0,0.0,70.59167777777776
ENSG00000006555,TTC22,chr1,54779712,54801323,-1,2,0,0.845,32,3,25,0,0.0,37.0,0.0,71.18491818181818
ENSG00000162398,CIMAP2,chr1,54806063,54842252,1,1,0,0.8,37,1,27,2,0.0,110.0,0.0,72.29336216216215
ENSG00000116133,DHCR24,chr1,54849627,54887207,-1,1,0,0.96,69,3,63,0,0.0,201.0,0.0,73.74633684210528
ENSG00000143001,TMEM61,chr1,54886833,54992296,1,2,0,0.86,127,6,110,1,0.0,30.0,0.0,73.53465849056604
ENSG00000162399,BSND,chr1,54998933,55017172,1,0,1596,,18,1,9,3,0.0,202.0,0.0,71.18374
ENSG00000169174,PCSK9,chr1,55039445,55064852,1,1,0,0.96,46,2,34,1,0.0,788.0,0.0,69.17082592592593
ENSG00000162402,USP24,chr1,55066359,55215753,-1,1,0,1.0,139,1,124,2,0.0,193.0,0.0,65.45323973509934
ENSG00000284686,,chr1,56173433,56524495,-1,1,0,0.91,384,6,320,8,0.0,0.0,0.0,33.98085965909091
ENSG00000162407,PLPP3,chr1,56494761,56645301,-1,2,0,0.97,166,3,141,7,0.0,192.0,0.0,29.19536556291391
ENSG00000162409,PRKAA2,chr1,56645314,56715335,1,1,0,1.04,47,1,37,5,0.0,1293.0,0.0,28.29852253521127
ENSG00000187889,FYB2,chr1,56718789,56819696,-1,0,73225,,70,1,51,2,0.0,42.0,0.0,29.16826666666666
ENSG00000157131,C8A,chr1,56854768,56918223,1,0,209204,,60,1,45,2,0.0,57.0,0.0,30.9433203125
ENSG00000021852,C8B,chr1,56929099,56974383,-1,0,283535,,36,2,29,1,0.0,113.0,0.0,30.91326304347826
ENSG00000173406,DAB1,chr1,56994778,58546734,-1,3,0,0.85,1150,3,745,93,0.0,319.0,0.0,32.19955898261429
ENSG00000162600,OMA1,chr1,58415384,58546838,-1,1,0,0.87,103,2,62,10,0.0,331.0,0.0,33.74624436090225
ENSG00000184292,TACSTD2,chr1,58575433,58577252,-1,1,0,1.01,6,2,4,0,0.0,441.0,0.0,35.431733333333334
ENSG00000162601,MYSM1,chr1,58643440,58700090,-1,0,65817,,40,1,36,2,0.0,190.0,0.0,37.82930689655172
ENSG00000177606,JUN,chr1,58776845,58784048,-1,1,0,0.91,20,1,19,0,0.0,1262.0,0.0,44.406875
ENSG00000172456,FGGY,chr1,59295910,59810647,1,1,0,0.99,542,7,456,18,0.0,95.0,0.0,58.43511356589147
ENSG00000134709,HOOK1,chr1,59814786,59876369,1,1,0,0.81,42,2,37,1,0.0,232.0,0.0,53.61410483870968
ENSG00000134716,CYP2J2,chr1,59893308,59926822,-1,1,0,0.98,30,1,27,1,0.0,215.0,0.0,50.188014285714296
ENSG00000162598,C1orf87,chr1,59987269,60073770,-1,1,0,0.83,67,1,33,10,0.0,49.0,0.0,44.36237415730337
ENSG00000162599,NFIA,chr1,60865259,61462788,1,5,0,0.95,762,13,690,14,0.0,435.0,0.0,56.553021368948244
ENSG00000162604,TM2D1,chr1,61673636,61725423,-1,1,0,0.87,40,2,25,5,0.0,149.0,0.0,68.3276076923077
ENSG00000132849,PATJ,chr1,61742477,62178675,1,1,0,0.88,300,3,208,26,0.0,186.0,0.0,59.18375365296804
ENSG00000240563,L1TD1,chr1,62194257,62235060,1,1,0,0.87,39,1,32,0,0.0,64.0,0.0,53.07839285714286
ENSG00000132854,KANK4,chr1,62236165,62319434,-1,1,0,0.81,108,2,89,5,0.0,71.0,0.0,51.60051785714285
ENSG00000162607,USP1,chr1,62436041,62451804,1,1,0,1.01,19,2,17,0,0.0,309.0,0.0,40.40754117647058
ENSG00000116641,DOCK7,chr1,62454298,62688464,-1,1,0,1.03,113,4,62,10,0.0,234.0,0.0,40.878078297872335
ENSG00000132855,ANGPTL3,chr1,62597464,62607196,1,0,80513,,5,1,4,0,0.0,318.0,0.0,41.46238181818182
ENSG00000125703,ATG4C,chr1,62783821,62865999,1,0,95143,,45,1,35,4,0.0,116.0,0.0,45.10228795180723
ENSG00000142856,ITGB3BP,chr1,63320884,63593721,-1,4,0,0.84,169,9,106,11,0.0,104.0,0.0,46.731372992700734
ENSG00000187140,FOXD3,chr1,63322567,63325128,1,1,0,0.87,9,1,8,0,0.0,170.0,0.0,52.25636666666666
ENSG00000088035,ALG6,chr1,63367575,63438553,1,1,0,0.83,28,1,16,3,0.0,86.0,0.0,48.27779166666667
ENSG00000203965,EFCAB7,chr1,63523372,63572693,1,0,20573,,27,2,16,3,0.0,50.0,0.0,43.83006274509804
ENSG00000079739,PGM1,chr1,63593241,63660245,1,1,0,0.92,84,3,77,0,0.0,212.0,0.0,44.542633823529414
ENSG00000185483,ROR1,chr1,63774017,64181498,1,1,0,0.91,469,2,433,11,0.0,294.0,0.0,45.088484313725495
ENSG00000177414,UBE2U,chr1,64203623,64267368,1,0,202503,,48,1,38,2,0.0,44.0,0.0,36.0462640625
ENSG00000158966,CACHD1,chr1,64469765,64693058,1,2,0,0.95,247,3,203,8,0.0,119.0,0.0,36.39841919642857
ENSG00000162437,RAVER2,chr1,64744861,64833233,1,1,0,1.05,63,1,32,4,0.0,47.0,0.0,41.82043370786517
ENSG00000162434,JAK1,chr1,64833223,65067754,-1,3,0,1.0567,271,6,241,2,3.0,1055.0,1.0,46.32327552742616
ENSG00000162433,AK4,chr1,65146902,65232145,1,1,0,0.9,108,4,90,0,0.0,154.0,0.0,57.56644767441858
ENSG00000116675,DNAJC6,chr1,65248219,65415871,1,3,0,1.0033,168,2,148,3,0.0,103.0,0.0,65.89907869822484
ENSG00000213625,LEPROT,chr1,65420587,65436007,1,1,0,0.85,26,2,23,0,0.0,192.0,0.0,70.88973125
ENSG00000116678,LEPR,chr1,65420652,65641559,1,2,0,0.845,174,3,119,10,0.0,1144.0,0.0,73.86865990990992
ENSG00000184588,PDE4B,chr1,65792514,66374579,1,1,0,0.95,483,6,404,16,0.0,409.0,0.0,72.76134939965695
ENSG00000118473,SGIP1,chr1,66533267,66751139,1,1,0,0.95,215,5,161,9,0.0,154.0,0.0,42.23723105022832
ENSG00000152760,DYNLT5,chr1,66751741,66779051,1,1,0,0.83,30,1,28,0,0.0,48.0,0.0,39.232475
ENSG00000172410,INSL5,chr1,66797740,66801276,-1,0,45130,,3,0,0,1,0.0,206.0,0.0,40.175275
ENSG00000152763,DNAI4,chr1,66812885,66924890,-1,0,307,,55,1,22,8,0.0,157.0,0.0,41.717622123893804
ENSG00000198160,MIER1,chr1,66924895,66988619,1,2,0,0.92,72,3,65,0,0.0,115.0,0.0,42.93495076923077
ENSG00000116704,SLC35D1,chr1,66999350,67054159,-1,1,0,0.83,46,1,42,1,0.0,179.0,0.0,46.154341071428576
ENSG00000203963,C1orf141,chr1,67092165,67231853,-1,1,0,1.06,126,4,98,1,0.0,50.0,0.0,57.69537304964539
ENSG00000162594,IL23R,chr1,67138907,67259979,1,0,3875,,103,3,83,1,0.0,394.0,0.0,60.280616393442614
ENSG00000081985,IL12RB2,chr1,67307364,67398724,1,0,30728,,96,2,87,2,0.0,264.0,0.0,61.958826881720434
ENSG00000142864,SERBP1,chr1,67407810,67430415,-1,1,0,0.83,32,3,22,1,0.0,121.0,0.0,61.50867391304349
ENSG00000116717,GADD45A,chr1,67685201,67688334,1,1,0,0.83,9,2,7,0,0.0,383.0,0.0,67.897
ENSG00000172380,GNG12,chr1,67701466,67833476,-1,1,0,0.9,171,3,158,2,0.0,162.0,0.0,69.26196390977442
ENSG00000162595,DIRAS3,chr1,68045886,68051717,-1,3,0,0.9467,9,2,6,0,0.0,128.0,0.0,74.99061428571429
ENSG00000116729,WLS,chr1,68098473,68233120,-1,2,0,0.94,170,2,159,0,0.0,439.0,0.0,77.4912919117647
ENSG00000116745,RPE65,chr1,68428822,68451103,-1,0,45497,,17,1,7,3,0.0,1061.0,0.0,65.12237391304349
ENSG00000024526,DEPDC1,chr1,68474152,68497230,-1,1,0,1.01,20,2,14,0,0.0,152.0,0.0,62.810654166666666
ENSG00000033122,LRRC7,chr1,69567922,70151945,1,2,0,0.765,326,4,162,44,0.0,116.0,0.0,29.18149249146758
ENSG00000066557,LRRC40,chr1,70143411,70205639,-1,1,0,0.96,26,1,14,1,0.0,37.0,0.0,35.0448640625
ENSG00000116754,SRSF11,chr1,70205670,70253052,1,1,0,0.96,46,4,38,0,0.0,126.0,0.0,35.16788958333333
ENSG00000118454,ANKRD13C,chr1,70258999,70354734,-1,1,0,0.82,59,1,35,2,0.0,64.0,0.0,39.27009278350515
ENSG00000116761,CTH,chr1,70406194,70442771,1,1,0,0.91,41,2,34,1,0.0,617.0,0.0,50.837231578947375
ENSG00000050628,PTGER3,chr1,70852353,71047816,-1,1,0,0.81,160,1,120,8,0.0,350.0,0.0,63.66360710659899
ENSG00000132485,ZRANB2,chr1,71063251,71081289,-1,1,0,0.9,12,2,9,0,0.0,65.0,0.0,58.81382105263158
ENSG00000172260,NEGR1,chr1,71395943,72282539,-1,0,787,,539,3,280,75,0.0,189.0,0.0,31.792973648648648
ENSG00000162620,LRRIQ3,chr1,74026015,74198187,-1,1,0,0.99,40,1,9,4,0.0,29.0,0.0,10.656147861271675
ENSG00000259030,FPGT-TNNI3K,chr1,74198235,74544393,1,1,0,0.99,218,3,152,11,0.0,93.0,0.0,14.849545821325648
ENSG00000254685,FPGT,chr1,74198238,74234086,1,1,0,0.99,17,1,10,0,0.0,32.0,0.0,13.769072972972975
ENSG00000116783,TNNI3K,chr1,74235285,74544432,1,0,36934,,200,2,141,11,0.0,170.0,0.0,14.978505483870967
ENSG00000162621,LRRC53,chr1,74469376,74512611,-1,0,271025,,32,1,24,3,0.0,18.0,0.0,13.511257777777779
ENSG00000178965,ERICH3,chr1,74568117,74673792,-1,0,369766,,62,1,38,6,0.0,61.0,0.0,15.23423738317757
ENSG00000116791,CRYZ,chr1,74701488,74733104,-1,0,392028,,25,2,17,0,0.0,88.0,0.0,15.020669696969698
ENSG00000162623,TYW3,chr1,74733152,74767555,1,0,357577,,19,2,9,1,0.0,28.0,0.0,15.503697222222222
ENSG00000162624,LHX8,chr1,75128434,75161533,1,4,0,0.845,41,5,33,1,0.0,159.0,0.0,21.881731428571424
ENSG00000137968,SLC44A5,chr1,75202129,75611114,-1,0,3655,,221,0,120,18,0.0,107.0,0.0,26.491838048780487
ENSG00000117054,ACADM,chr1,75724431,75787575,1,1,0,0.87,41,5,27,1,0.0,242.0,0.0,35.236641538461534
ENSG00000137955,RABGGTB,chr1,75786188,75795086,1,0,1765,,21,3,18,0,0.0,43.0,0.0,36.80752
ENSG00000057468,MSH4,chr1,75796882,75913242,1,1,0,0.88,41,1,12,9,0.0,273.0,0.0,40.97848119658119
ENSG00000154007,ASB17,chr1,75918873,75932404,-1,0,121655,,5,0,0,0,0.0,122.0,0.0,46.49337857142857
ENSG00000184005,ST6GALNAC3,chr1,76074746,76634603,1,0,232823,,475,2,350,24,0.0,109.0,0.0,49.451510516934036
ENSG00000117069,ST6GALNAC5,chr1,76867447,77067546,1,1,0,0.77,157,1,111,9,0.0,72.0,0.0,26.196109405940597
ENSG00000142892,PIGK,chr1,77088987,77219508,-1,1,0,0.97,59,1,31,7,0.0,81.0,0.0,27.251336363636366
ENSG00000154027,AK5,chr1,77282019,77559966,1,1,0,0.88,262,6,243,2,0.0,108.0,0.0,36.34653727598565
ENSG00000036549,ZZZ3,chr1,77562416,77683422,-1,1,0,1.04,91,2,70,5,0.0,138.0,0.0,46.03612950819673
ENSG00000077254,USP33,chr1,77694725,77759884,-1,1,0,0.82,47,1,31,4,0.0,138.0,0.0,49.011713636363645
ENSG00000180488,MIGA1,chr1,77779624,77879540,1,1,0,0.76,80,3,63,2,0.0,63.0,0.0,53.292629702970295
ENSG00000162614,NEXN,chr1,77888480,77943895,1,1,0,0.86,47,2,38,0,0.0,298.0,0.0,58.52123684210527
ENSG00000162613,FUBP1,chr1,77944055,77979527,-1,2,0,1.12,37,1,30,0,3.0,335.0,1.0,61.80471891891892
ENSG00000162616,DNAJB4,chr1,77979070,78018529,1,1,0,1.22,48,4,41,0,0.0,487.0,0.0,64.31207560975609
ENSG00000137960,GIPC2,chr1,77979542,78138448,1,2,0,1.1,153,7,122,4,0.0,82.0,0.0,66.91452641509434
ENSG00000122420,PTGFR,chr1,78303884,78540701,1,1,0,0.8,144,2,88,13,0.0,224.0,0.0,67.80788907563024
ENSG00000137959,IFI44L,chr1,78619902,78646145,1,0,128071,,16,3,9,1,0.0,235.0,0.0,61.1099037037037
ENSG00000137965,IFI44,chr1,78647078,78664412,1,0,155247,,14,1,11,0,0.0,314.0,0.0,59.44447222222223
ENSG00000162618,ADGRL4,chr1,78889764,79282124,-1,1,0,1.04,203,1,93,23,0.0,169.0,0.0,28.155186768447834
ENSG00000117114,ADGRL2,chr1,81306112,81993940,1,1,0,0.86,550,7,398,33,0.0,179.0,0.0,12.799189956458637
ENSG00000137941,TTLL7,chr1,83865024,83999164,-1,1,0,0.78,96,2,85,2,0.0,73.0,0.0,17.47816740740741
ENSG00000142875,PRKACB,chr1,84078062,84238498,1,1,0,0.91,122,7,92,5,0.0,154.0,0.0,26.23002670807453
ENSG00000203943,SAMD13,chr1,84298366,84389957,1,1,0,0.81,95,4,76,5,0.0,44.0,0.0,38.01759892473119
ENSG00000137976,DNASE2B,chr1,84398484,84415018,1,0,64231,,22,1,14,1,0.0,133.0,0.0,39.55076666666667
ENSG00000117133,RPF1,chr1,84479257,84498352,1,1,0,1.07,15,1,9,0,0.0,26.0,0.0,40.727815
ENSG00000174021,GNG5,chr1,84498284,84507237,-1,1,0,1.0,16,2,14,0,0.0,63.0,0.0,41.099540000000005
ENSG00000122432,SPATA1,chr1,84506300,84567379,1,1,0,1.0,44,2,16,7,0.0,18.0,0.0,42.22015
ENSG00000117151,CTBS,chr1,84549611,84574480,-1,1,0,1.09,25,2,12,3,0.0,322.0,0.0,43.10286800000001
ENSG00000117155,SSX2IP,chr1,84643706,84690955,-1,1,0,0.96,33,2,20,6,0.0,73.0,0.0,46.74759791666667
ENSG00000171517,LPAR3,chr1,84811601,84893540,-1,1,0,0.95,95,1,81,2,0.0,711.0,0.0,54.399591566265066
ENSG00000153898,MCOLN2,chr1,84925583,84997115,-1,1,0,0.91,69,1,55,2,0.0,85.0,0.0,59.33670833333334
ENSG00000162643,DNAI3,chr1,84999147,85133138,1,1,0,0.78,78,4,38,12,0.0,45.0,0.0,66.2229536764706
ENSG00000055732,MCOLN3,chr1,85018082,85048679,-1,1,0,0.78,17,2,9,3,0.0,245.0,0.0,64.3163125
ENSG00000097096,SYDE2,chr1,85156851,85201724,-1,1,0,0.87,34,2,25,1,0.0,26.0,0.0,67.75090869565217
ENSG00000162642,C1orf52,chr1,85249953,85259672,-1,1,0,0.77,12,2,7,1,0.0,109.0,0.0,62.46865454545454
ENSG00000142867,BCL10,chr1,85265776,85276632,-1,1,0,0.95,11,2,8,0,4.0,508.0,1.0,61.35826666666666
ENSG00000153904,DDAH1,chr1,85318481,85578363,-1,2,0,1.13,264,6,231,4,0.0,349.0,0.0,58.07141609195402
ENSG00000142871,CCN1,chr1,85580756,85584589,1,1,0,0.97,13,2,11,0,0.0,562.0,0.0,60.27996
ENSG00000117174,ZNHIT6,chr1,85649417,85708433,-1,1,0,1.16,49,1,39,2,0.0,34.0,0.0,65.02303
ENSG00000171502,COL24A1,chr1,85729233,86156943,-1,2,0,0.765,224,1,108,40,0.0,112.0,0.0,53.14340186480186
ENSG00000122417,ODF2L,chr1,86346824,86396342,-1,1,0,0.86,41,3,26,3,0.0,75.0,0.0,31.289618
ENSG00000137975,CLCA2,chr1,86424171,86456553,1,0,27771,,30,1,21,2,0.0,209.0,0.0,29.390267647058824
ENSG00000016490,CLCA1,chr1,86468368,86501400,1,0,51585,,35,0,24,6,0.0,204.0,0.0,30.49053823529411
ENSG00000016602,CLCA4,chr1,86547076,86580758,1,1,0,0.71,23,1,8,0,0.0,142.0,0.0,33.36064
ENSG00000097033,SH3GLB1,chr1,86704520,86748184,1,1,0,0.95,42,3,35,1,0.0,90.0,0.0,40.86400454545455
ENSG00000183291,SELENOF,chr1,86862445,86914424,-1,0,55,,30,2,20,1,0.0,186.0,0.0,52.556077358490576
ENSG00000153936,HS2ST1,chr1,86914635,87109982,1,1,0,1.01,169,5,138,1,0.0,129.0,0.0,59.11864948979592
ENSG00000267561,,chr1,86993009,87169204,1,3,0,0.7767,192,5,158,8,0.0,0.0,0.0,64.16192485875706
ENSG00000143013,LMO4,chr1,87328428,87348923,1,3,0,0.8767,41,2,39,0,0.0,144.0,0.0,69.28451363636363
ENSG00000065243,PKN2,chr1,88684222,88836255,1,1,0,0.93,101,4,75,3,0.0,153.0,0.0,37.958632679738564
ENSG00000137947,GTF2B,chr1,88852633,88891944,-1,1,0,1.07,31,1,26,1,0.0,87.0,0.0,45.50742
ENSG00000137944,KYAT3,chr1,88935773,88992953,-1,1,0,0.86,46,2,39,2,0.0,78.0,0.0,50.723163793103446
ENSG00000213516,RBMXL1,chr1,88979456,88992960,-1,1,0,0.86,22,2,20,0,0.0,41.0,0.0,51.72147333333334
ENSG00000117226,GBP3,chr1,89006666,89022894,-1,0,13745,,13,2,8,1,0.0,175.0,0.0,52.87355294117646
ENSG00000117228,GBP1,chr1,89051505,89072769,-1,0,58584,,21,1,17,1,0.0,351.0,0.0,54.66044090909092
ENSG00000162645,GBP2,chr1,89106132,89150456,-1,0,113211,,43,3,30,5,0.0,305.0,0.0,57.66461555555556
ENSG00000213512,GBP7,chr1,89131742,89176062,-1,0,138821,,27,2,12,5,0.0,57.0,0.0,59.007122222222215
ENSG00000162654,GBP4,chr1,89181144,89198942,-1,0,188223,,11,2,8,0,0.0,132.0,0.0,60.75723157894736
ENSG00000154451,GBP5,chr1,89256189,89272890,-1,0,251361,,23,2,21,0,0.0,227.0,0.0,62.65597222222222
ENSG00000183347,GBP6,chr1,89363895,89388160,1,0,136091,,13,0,7,3,0.0,71.0,0.0,60.033240000000006
ENSG00000197147,LRRC8B,chr1,89524829,89597861,1,1,0,0.99,88,3,80,0,0.0,38.0,0.0,54.19598378378379
ENSG00000288629,,chr1,89579592,89579654,1,0,53017,,0,0,0,0,0.0,3.0,0.0,54.1988
ENSG00000171488,LRRC8C,chr1,89632707,89769903,1,2,0,0.9,147,3,131,5,0.0,36.0,0.0,53.77263405797101
ENSG00000271949,,chr1,89633140,89933250,1,4,0,0.8375,357,5,317,10,0.0,0.0,0.0,57.747065448504976
ENSG00000171492,LRRC8D,chr1,89820978,89936611,1,2,0,0.775,159,3,145,1,0.0,37.0,0.0,63.29205726495727
ENSG00000162664,ZNF326,chr1,89995110,90035533,1,1,0,0.95,32,1,24,1,0.0,47.0,0.0,70.65791860465116
ENSG00000143032,BARHL2,chr1,90711539,90717302,-1,1,0,1.12,15,1,14,0,0.0,96.0,0.0,60.185916666666664
ENSG00000122482,ZNF644,chr1,90915298,91022376,-1,1,0,0.95,80,3,61,2,0.0,74.0,0.0,48.88881296296296
ENSG00000162669,HFM1,chr1,91260766,91404856,-1,1,0,0.92,54,1,24,9,0.0,507.0,0.0,54.01498620689655
ENSG00000097046,CDC7,chr1,91500535,91527360,1,1,0,0.97,41,2,31,2,0.0,163.0,0.0,48.85498518518519
ENSG00000069702,TGFBR3,chr1,91680343,91906335,-1,1,0,0.96,327,2,309,0,0.0,388.0,0.0,54.58507885462556
ENSG00000137948,BRDT,chr1,91949343,92014426,1,1,0,0.89,23,1,1,9,0.0,306.0,0.0,63.24044545454545
ENSG00000172031,EPHX4,chr1,92029475,92063538,1,1,0,0.92,28,1,9,6,0.0,57.0,0.0,66.05899722222222
ENSG00000230667,SETSIP,chr1,92074533,92075411,-1,0,4851,,0,0,0,0,0.0,8.0,0.0,67.0191
ENSG00000189195,BTBD8,chr1,92080305,92184725,1,1,0,0.78,53,2,23,4,0.0,87.0,0.0,67.4974962264151
ENSG00000203910,C1orf146,chr1,92217915,92245813,1,1,0,0.85,12,1,3,1,0.0,184.0,0.0,65.55385172413794
ENSG00000174842,GLMN,chr1,92245788,92299009,-1,1,0,0.85,21,1,9,1,0.0,81.0,0.0,64.86749074074075
ENSG00000122484,RPAP2,chr1,92299028,92402056,1,1,0,0.85,73,2,56,3,0.0,30.0,0.0,65.0679576923077
ENSG00000162676,GFI1,chr1,92472360,92486925,-1,1,0,0.76,37,4,33,0,0.0,375.0,0.0,61.190362500000006
ENSG00000067208,EVI5,chr1,92508696,92792416,-1,1,0,0.91,175,3,117,14,0.0,87.0,0.0,59.169572535211266
ENSG00000122406,RPL5,chr1,92831990,92841924,1,1,0,0.89,19,3,16,0,4.0,273.0,1.0,63.776818181818186
ENSG00000154511,DIPK1A,chr1,92832737,92961522,-1,1,0,0.9,141,5,127,0,0.0,74.0,0.0,64.63820923076922
ENSG00000143033,MTF2,chr1,93079235,93139079,1,1,0,0.95,44,1,36,0,0.0,203.0,0.0,68.00604098360657
ENSG00000117500,TMED5,chr1,93149742,93180516,-1,1,0,0.92,30,3,19,0,0.0,115.0,0.0,71.30436875
ENSG00000122483,CCDC18,chr1,93179895,93279048,1,1,0,0.92,71,3,41,4,0.0,86.0,0.0,74.639293
ENSG00000117505,DR1,chr1,93345907,93369493,1,1,0,1.0,23,1,20,0,0.0,135.0,0.0,76.17989999999999
ENSG00000137942,FNBP1L,chr1,93448055,93554661,1,1,0,0.88,89,3,61,4,0.0,58.0,0.0,75.42888518518518
ENSG00000137936,BCAR3,chr1,93561741,93847488,-1,2,0,1.005,426,9,411,0,0.0,369.0,0.0,67.5964479020979
ENSG00000067334,DNTTIP2,chr1,93866284,93879918,-1,1,0,1.13,14,1,11,0,0.0,48.0,0.0,62.77523333333334
ENSG00000023909,GCLM,chr1,93885199,93909513,-1,1,0,1.07,23,2,18,0,0.0,245.0,0.0,62.37233846153846
ENSG00000198691,ABCA4,chr1,93992834,94121148,-1,0,82923,,184,2,174,2,0.0,485.0,0.0,61.89468759689922
ENSG00000137962,ARHGAP29,chr1,94148988,94275068,-1,2,0,1.025,128,2,121,0,0.0,97.0,0.0,59.16874251968505
ENSG00000117528,ABCD3,chr1,94418242,94518666,1,1,0,1.0,75,2,50,6,0.0,151.0,0.0,55.51174509803922
ENSG00000117525,F3,chr1,94529173,94541851,-1,1,0,0.83,31,2,29,0,0.0,552.0,0.0,51.678864285714276
ENSG00000143036,SLC44A3,chr1,94820278,94895246,1,1,0,0.95,93,3,81,1,0.0,161.0,0.0,45.3251947368421
ENSG00000117519,CNN3,chr1,94896949,94927696,-1,1,0,0.89,42,3,37,0,0.0,112.0,0.0,46.5299375
ENSG00000172339,ALG14,chr1,94974405,95072951,-1,1,0,1.12,113,2,101,2,0.0,76.0,0.0,45.29444851485149
ENSG00000152078,TLCD4,chr1,95117292,95197607,1,1,0,1.01,68,3,44,5,0.0,53.0,0.0,51.12191219512195
ENSG00000271092,TLCD4-RWDD3,chr1,95117923,95247225,1,1,0,0.8,108,3,82,5,0.0,0.0,0.0,53.071503846153846
ENSG00000122481,RWDD3,chr1,95234189,95247685,1,1,0,0.8,18,1,15,0,0.0,86.0,0.0,57.65785999999999
ENSG00000117569,PTBP2,chr1,96721573,96823738,1,1,0,0.94,48,4,28,2,0.0,306.0,0.0,20.738297087378644
ENSG00000188641,DPYD,chr1,97077743,97995000,-1,1,0,0.94,588,2,360,51,0.0,375.0,0.0,24.371613725490196
ENSG00000162627,SNX7,chr1,98661672,98760504,1,1,0,0.85,79,1,58,6,0.0,59.0,0.0,14.826878999999998
ENSG00000117598,PLPPR5,chr1,98890245,99227929,-1,1,0,1.12,197,2,109,18,0.0,65.0,0.0,17.031661061946902
ENSG00000117600,PLPPR4,chr1,99264292,99309590,1,1,0,0.8,24,1,14,2,0.0,118.0,0.0,21.987857446808512
ENSG00000099260,PALMD,chr1,99645499,99695178,1,0,154686,,58,2,53,0,0.0,103.0,0.0,37.242186000000004
ENSG00000156869,FRRS1,chr1,99703970,99766635,-1,0,83229,,62,2,48,0,0.0,34.0,0.0,40.8279625
ENSG00000162688,AGL,chr1,99849777,99924024,1,1,0,0.87,29,3,22,0,0.0,290.0,0.0,49.029028
ENSG00000117620,SLC35A3,chr1,99969351,100035634,1,1,0,0.87,43,4,27,2,0.0,210.0,0.0,58.42272028985507
ENSG00000283761,,chr1,99970011,100083321,1,2,0,0.915,92,4,73,2,0.0,0.0,0.0,60.44055478260869
ENSG00000156875,MFSD14A,chr1,100038076,100083945,1,1,0,0.96,47,1,43,0,0.0,155.0,0.0,63.37766382978723
ENSG00000156876,SASS6,chr1,100083563,100132955,-1,1,0,0.79,25,2,15,2,0.0,35.0,0.0,66.792406
ENSG00000122435,TRMT13,chr1,100133045,100150496,1,1,0,0.79,13,2,6,0,0.0,29.0,0.0,68.6860611111111
ENSG00000122477,LRRC39,chr1,100148424,100178267,-1,0,15226,,18,1,15,0,0.0,31.0,0.0,69.60739032258064
ENSG00000137992,DBT,chr1,100182222,100249873,-1,1,0,0.92,35,3,26,1,0.0,411.0,0.0,71.04300144927538
ENSG00000137996,RTCA,chr1,100266160,100292769,1,1,0,0.9,20,1,13,2,0.0,56.0,0.0,71.69771428571428
ENSG00000079335,CDC14A,chr1,100325629,100520277,1,1,0,0.72,209,4,168,7,0.0,359.0,0.0,71.91606666666665
ENSG00000181656,GPR88,chr1,100538139,100542021,1,1,0,0.93,10,1,9,0,0.0,78.0,0.0,73.7654
ENSG00000162692,VCAM1,chr1,100719684,100739045,1,0,155987,,28,1,27,0,0.0,1076.0,0.0,80.75664499999999
ENSG00000162694,EXTL2,chr1,100872372,100896000,-1,2,0,1.005,25,3,17,1,0.0,43.0,0.0,78.06624
ENSG00000162695,SLC30A7,chr1,100896061,100996260,1,1,0,1.17,82,3,71,1,0.0,245.0,0.0,73.1018594059406
ENSG00000117543,DPH5,chr1,100989623,101026110,-1,1,0,0.81,35,2,32,0,0.0,40.0,0.0,67.92307297297297
ENSG00000170989,S1PR1,chr1,101235366,101243713,1,2,0,0.965,20,5,15,0,0.0,586.0,0.0,58.59755
ENSG00000118733,OLFM3,chr1,101802560,101997020,-1,0,565371,,113,2,63,20,0.0,61.0,0.0,49.44903487179488
ENSG00000060718,COL11A1,chr1,102876467,103108872,-1,0,416598,,96,2,47,19,0.0,559.0,0.0,15.57220982905983
ENSG00000185946,RNPC3,chr1,103525675,103555239,1,1,0,1.04,14,1,9,2,0.0,427.0,0.0,15.688533333333334
ENSG00000240038,AMY2B,chr1,103553815,103579534,1,0,27524,,11,1,7,1,0.0,63.0,0.0,15.519455555555556
ENSG00000243480,AMY2A,chr1,103617427,103625780,1,0,91136,,0,0,0,0,0.0,542.0,0.0,15.177870000000002
ENSG00000237763,AMY1A,chr1,103650592,103664629,1,0,124301,,0,0,0,0,0.0,58.0,0.0,15.422966666666666
ENSG00000174876,AMY1B,chr1,103687415,103701064,-1,0,161124,,0,0,0,0,0.0,57.0,0.0,15.771660000000002
ENSG00000187733,AMY1C,chr1,103745126,103758726,1,0,218835,,0,0,0,0,0.0,55.0,0.0,14.395906666666667
ENSG00000198890,PRMT6,chr1,107056674,107067636,1,1,0,0.91,15,1,11,2,0.0,146.0,0.0,15.264375
ENSG00000162631,NTNG1,chr1,107140007,107484923,1,3,0,1.0233,292,5,197,28,0.0,160.0,0.0,13.576252601156071
ENSG00000134215,VAV3,chr1,107571161,107965180,-1,1,0,1.0,366,4,319,8,0.0,239.0,0.0,17.434884810126583
ENSG00000085491,SLC25A24,chr1,108134043,108200849,-1,2,0,0.865,61,4,42,3,0.0,114.0,0.0,31.007039705882356
ENSG00000196427,NBPF4,chr1,108222464,108244081,-1,0,21885,,2,0,0,0,0.0,29.0,0.0,34.367834782608696
ENSG00000186086,NBPF6,chr1,108450282,108471920,1,0,28613,,1,0,0,0,0.0,6.0,0.0,47.165395652173906
ENSG00000162636,EEIG2,chr1,108560036,108644900,1,1,0,1.06,85,1,68,1,0.0,38.0,0.0,55.04034883720931
ENSG00000162639,HENMT1,chr1,108648285,108661526,-1,1,0,1.11,13,3,9,0,0.0,200.0,0.0,58.06596
ENSG00000134186,PRPF38B,chr1,108692310,108702928,1,1,0,0.91,15,1,13,0,0.0,31.0,0.0,60.522875
ENSG00000143107,FNDC7,chr1,108712907,108746052,1,0,344,,35,0,31,2,0.0,31.0,0.0,62.70302058823528
ENSG00000116266,STXBP3,chr1,108746634,108809525,1,1,0,0.87,30,1,20,2,0.0,230.0,0.0,65.75497343750001
ENSG00000162641,AKNAD1,chr1,108815898,108963484,-1,2,0,0.965,133,5,106,1,0.0,41.0,0.0,64.69790540540541
ENSG00000121957,GPSM2,chr1,108875350,108934545,1,1,0,0.93,50,2,37,0,0.0,260.0,0.0,63.79472950819673
ENSG00000121940,CLCC1,chr1,108881885,108963527,-1,1,0,1.0,57,2,42,1,0.0,448.0,0.0,63.25015783132529
ENSG00000085433,WDR47,chr1,108970211,109042169,-1,1,0,0.85,40,2,22,4,0.0,57.0,0.0,66.11193424657534
ENSG00000197780,TAF13,chr1,109062496,109076012,-1,1,0,0.97,16,1,10,0,0.0,37.0,0.0,72.13996666666668
ENSG00000215717,TMEM167B,chr1,109090367,109096935,1,1,0,0.94,13,1,12,0,0.0,11.0,0.0,73.5548375
ENSG00000179902,CFAP276,chr1,109105951,109113857,-1,1,0,0.98,10,2,5,0,0.0,298.0,0.0,73.91851111111112
ENSG00000116299,ELAPOR1,chr1,109113175,109206781,1,1,0,0.98,113,2,103,0,0.0,207.0,0.0,72.68258631578948
ENSG00000031698,SARS1,chr1,109213844,109238773,1,1,0,0.82,31,2,25,0,0.0,126.0,0.0,70.06098076923077
ENSG00000143126,CELSR2,chr1,109249539,109275751,1,2,0,0.91,69,1,66,0,0.0,130.0,0.0,69.49026666666667
ENSG00000134222,PSRC1,chr1,109279545,109284107,-1,2,0,0.785,11,2,9,0,0.0,104.0,0.0,69.5123
ENSG00000221986,MYBPHL,chr1,109292363,109307213,-1,0,8778,,26,1,24,0,0.0,53.0,0.0,69.70106874999999
ENSG00000134243,SORT1,chr1,109309568,109397967,-1,1,0,1.02,101,3,92,0,0.0,529.0,0.0,70.87701573033709
ENSG00000143106,PSMA5,chr1,109399042,109426471,-1,1,0,0.75,17,2,15,0,0.0,214.0,0.0,72.34748214285715
ENSG00000143028,SYPL2,chr1,109466542,109482134,1,1,0,0.87,21,1,19,0,0.0,155.0,0.0,73.92928125
ENSG00000162650,ATXN7L2,chr1,109483479,109492812,1,1,0,0.96,20,1,19,0,0.0,36.0,0.0,74.26884545454546
ENSG00000174151,CYB561D1,chr1,109494052,109502932,1,1,0,0.74,16,2,14,0,0.0,28.0,0.0,74.53295
ENSG00000181754,AMIGO1,chr1,109504178,109509738,-1,1,0,1.19,10,1,9,0,0.0,59.0,0.0,74.74861428571428
ENSG00000156097,GPR61,chr1,109539872,109548406,1,0,11,,19,2,14,0,0.0,79.0,0.0,75.73665555555556
ENSG00000065135,GNAI3,chr1,109548584,109600195,1,1,0,0.93,44,1,38,0,0.0,206.0,0.0,76.64036538461538
ENSG00000134183,GNAT2,chr1,109601407,109619929,-1,1,0,0.82,29,4,23,0,0.0,82.0,0.0,77.803075
ENSG00000116337,AMPD2,chr1,109616104,109632055,1,1,0,0.82,42,7,34,0,0.0,283.0,0.0,78.27318235294118
ENSG00000168765,GSTM4,chr1,109656099,109665496,1,1,0,0.8,17,3,14,0,0.0,79.0,0.0,79.52784
ENSG00000213366,GSTM2,chr1,109667348,109709551,1,2,0,0.665,36,3,23,1,0.0,252.0,0.0,80.32031136363636
ENSG00000134184,GSTM1,chr1,109687340,109709039,1,1,0,0.72,18,2,11,1,0.0,1795.0,0.0,80.56501304347826
ENSG00000134201,GSTM5,chr1,109711746,109775428,1,1,0,0.89,91,5,73,4,0.0,110.0,0.0,81.1596359375
ENSG00000134202,GSTM3,chr1,109733932,109741038,-1,1,0,0.89,11,3,5,1,0.0,188.0,0.0,81.1785125
ENSG00000198758,EPS8L3,chr1,109750078,109764062,-1,0,9394,,22,1,19,0,0.0,45.0,0.0,81.26205333333333
ENSG00000184371,CSF1,chr1,109910242,109930993,1,1,0,0.97,47,2,45,0,0.0,1060.0,0.0,80.02834999999999
ENSG00000168710,AHCYL1,chr1,109984765,110023742,1,1,0,0.93,49,3,45,0,0.0,91.0,0.0,77.69365121951219
ENSG00000143093,STRIP1,chr1,110031577,110074641,1,2,0,0.785,68,5,54,0,0.0,39.0,0.0,75.82870681818181
ENSG00000156150,ALX3,chr1,110059870,110070672,-1,1,0,0.83,22,2,19,0,0.0,119.0,0.0,75.40598333333334
ENSG00000186150,UBL4B,chr1,110112443,110113947,1,0,16241,,3,1,2,0,0.0,11.0,0.0,74.28133333333334
ENSG00000197106,SLC6A17,chr1,110150494,110202202,1,1,0,0.89,65,2,58,3,0.0,44.0,0.0,73.79291320754716
ENSG00000116396,KCNC4,chr1,110210314,110283100,1,2,0,0.945,108,4,75,6,0.0,112.0,0.0,73.2369635135135
ENSG00000162775,RBM15,chr1,110338506,110346681,1,1,0,0.94,14,3,10,0,0.0,287.0,0.0,72.309
ENSG00000168679,SLC16A4,chr1,110362848,110391082,-1,0,16188,,26,1,23,1,0.0,331.0,0.0,72.22744827586206
ENSG00000134248,LAMTOR5,chr1,110401249,110407942,-1,1,0,1.04,9,3,6,0,0.0,111.0,0.0,72.18392500000002
ENSG00000143125,PROK1,chr1,110451149,110457358,1,0,43231,,7,1,5,0,0.0,142.0,0.0,71.82222857142858
ENSG00000143105,KCNA10,chr1,110517217,110519175,-1,0,36269,,1,0,0,0,0.0,106.0,0.0,70.48643333333332
ENSG00000177301,KCNA2,chr1,110519837,110631474,-1,2,0,0.85,118,9,81,9,0.0,533.0,0.0,68.58612857142857
ENSG00000177272,KCNA3,chr1,110653560,110674940,-1,1,0,0.94,20,2,17,0,0.0,719.0,0.0,65.48682272727272
ENSG00000143119,CD53,chr1,110871176,110899936,1,0,63323,,39,1,37,0,0.0,425.0,0.0,65.94085
ENSG00000121931,LRIF1,chr1,110946652,110963988,-1,1,0,0.93,15,2,10,0,0.0,79.0,0.0,66.51792222222224
ENSG00000156171,DRAM2,chr1,111115884,111140225,-1,1,0,0.8,31,3,25,1,0.0,97.0,0.0,60.45972
ENSG00000134255,CEPT1,chr1,111139479,111185507,1,1,0,0.8,43,4,37,0,0.0,54.0,0.0,59.00201666666667
ENSG00000162777,DENND2D,chr1,111185969,111204535,-1,1,0,0.76,40,2,35,0,0.0,61.0,0.0,58.247045
ENSG00000064886,CHI3L2,chr1,111200771,111243440,1,1,0,0.76,74,4,67,0,0.0,116.0,0.0,58.38689069767441
ENSG00000134216,CHIA,chr1,111290851,111320566,1,0,19620,,11,0,7,1,0.0,114.0,0.0,61.7187935483871
ENSG00000173947,CIMAP3,chr1,111346600,111353013,1,1,0,0.73,7,1,4,1,0.0,43.0,0.0,63.93988571428571
ENSG00000085465,OVGP1,chr1,111414319,111427735,-1,0,20947,,16,1,13,0,0.0,86.0,0.0,65.29034666666668
ENSG00000116455,WDR77,chr1,111439890,111449256,-1,1,0,0.77,13,2,11,0,0.0,184.0,0.0,64.93482
ENSG00000116459,ATP5PB,chr1,111448111,111465941,1,1,0,0.77,25,1,19,1,0.0,58.0,0.0,64.5950894736842
ENSG00000143110,C1orf162,chr1,111473792,111478512,1,0,24212,,9,1,8,0,0.0,44.0,0.0,63.926500000000004
ENSG00000121933,TMIGD3,chr1,111483348,111563962,-1,1,0,0.68,86,4,74,2,0.0,78.0,0.0,61.97456829268292
ENSG00000282608,ADORA3,chr1,111499429,111503633,-1,0,11929,,4,2,2,0,0.0,291.0,0.0,62.894216666666665
ENSG00000116473,RAP1A,chr1,111542218,111716691,1,1,0,1.05,179,3,161,2,0.0,507.0,0.0,58.879298863636365
ENSG00000197852,INKA2,chr1,111680630,111755824,-1,2,0,0.835,108,4,102,0,0.0,44.0,0.0,57.29330921052631
ENSG00000064703,DDX20,chr1,111754832,111775602,1,1,0,0.85,23,3,15,0,0.0,198.0,0.0,56.565295454545456
ENSG00000171385,KCND3,chr1,111770662,111989668,-1,2,0,0.905,294,4,205,18,0.0,291.0,0.0,55.89661090909092
ENSG00000143079,CTTNBP2NL,chr1,112396202,112463456,1,0,8,,81,4,74,1,0.0,41.0,0.0,53.72636176470587
ENSG00000134245,WNT2B,chr1,112466541,112530165,1,2,0,0.835,74,2,56,5,0.0,214.0,0.0,50.075576562500004
ENSG00000007341,ST7L,chr1,112523487,112620825,-1,1,0,0.83,82,3,65,2,0.0,65.0,0.0,48.18034848484849
ENSG00000116489,CAPZA1,chr1,112619173,112671616,1,1,0,0.83,50,2,41,1,0.0,176.0,0.0,49.12043333333333
ENSG00000155363,MOV10,chr1,112673141,112702383,1,1,0,0.99,43,2,36,0,0.0,122.0,0.0,50.52461
ENSG00000155366,RHOC,chr1,112701127,112707845,-1,1,0,0.69,19,3,16,0,0.0,192.0,0.0,51.126975
ENSG00000271810,,chr1,112702614,112711433,-1,1,0,0.69,20,4,14,1,0.0,0.0,0.0,51.21508888888889
ENSG00000155367,PPM1J,chr1,112709994,112715336,-1,1,0,0.82,14,3,10,0,0.0,35.0,0.0,51.408433333333335
ENSG00000184599,TAFA3,chr1,112718905,112727235,1,1,0,0.81,16,1,11,1,0.0,45.0,0.0,51.775400000000005
ENSG00000155380,SLC16A1,chr1,112911847,112957593,-1,2,0,0.815,55,3,40,3,0.0,834.0,0.0,61.2730574468085
ENSG00000198799,LRIG2,chr1,113073179,113132260,1,1,0,0.82,49,1,39,2,0.0,94.0,0.0,67.099245
ENSG00000081026,MAGI3,chr1,113390501,113685923,1,1,0,0.94,209,2,137,16,0.0,87.0,0.0,70.9550114864865
ENSG00000116793,PHTF1,chr1,113696052,113759908,-1,1,0,0.89,36,2,19,2,0.0,111.0,0.0,65.62165384615383
ENSG00000081019,RSBN1,chr1,113761832,113812476,-1,1,0,0.95,59,1,50,2,0.0,63.0,0.0,63.880835294117645
ENSG00000134242,PTPN22,chr1,113813811,113871753,-1,0,1133,,44,1,34,0,0.0,727.0,0.0,61.48694237288135
ENSG00000188761,BCL2L15,chr1,113876816,113887581,-1,0,17251,,14,2,12,0,0.0,118.0,0.0,59.529091666666666
ENSG00000134262,AP4B1,chr1,113894194,113905722,-1,1,0,1.0,14,3,11,0,0.0,134.0,0.0,58.701030769230776
ENSG00000118655,DCLRE1B,chr1,113904403,113914086,1,1,0,1.0,11,3,8,0,0.0,102.0,0.0,58.30377272727273
ENSG00000163349,HIPK1,chr1,113929324,113977869,1,1,0,0.95,62,4,45,2,0.0,76.0,0.0,56.848617999999995
ENSG00000116774,OLFML3,chr1,113979024,114035572,1,0,48747,,68,3,50,8,0.0,78.0,0.0,56.589675862068965
ENSG00000134207,SYT6,chr1,114089291,114153880,-1,1,0,0.89,114,3,92,6,0.0,33.0,0.0,60.64071212121212
ENSG00000197323,TRIM33,chr1,114392781,114511244,-1,1,0,1.04,108,2,70,10,0.0,415.0,0.0,72.95184453781515
ENSG00000116752,BCAS2,chr1,114567552,114581648,-1,0,55909,,9,2,4,1,0.0,48.0,0.0,69.80886000000001
ENSG00000175984,DENND2C,chr1,114582848,114670451,-1,1,0,0.95,55,1,39,2,0.0,30.0,0.0,67.05328863636363
ENSG00000116748,AMPD1,chr1,114673090,114695618,-1,0,2726,,22,0,21,0,0.0,258.0,0.0,64.88171666666666
ENSG00000213281,NRAS,chr1,114704469,114716771,-1,0,34105,,9,1,8,0,4.0,931.0,1.0,64.67835
ENSG00000009307,CSDE1,chr1,114716913,114758704,-1,0,21750,,43,2,39,0,0.0,104.0,0.0,65.07405116279071
ENSG00000052723,SIKE1,chr1,114769479,114780699,-1,1,0,0.9,8,1,3,1,0.0,32.0,0.0,66.30955384615385
ENSG00000198765,SYCP1,chr1,114854863,114995370,1,1,0,0.86,38,2,13,7,0.0,290.0,0.0,74.74560425531915
ENSG00000134200,TSHB,chr1,115029826,115034302,1,0,54927,,1,0,0,1,0.0,193.0,0.0,75.0479
ENSG00000134198,TSPAN2,chr1,115048011,115089503,-1,1,0,0.91,58,1,57,0,0.0,101.0,0.0,73.0024441860465
ENSG00000134259,NGF,chr1,115285904,115338770,-1,1,0,0.74,73,3,65,1,0.0,1269.0,0.0,62.46630185185185
ENSG00000173218,VANGL1,chr1,115641854,115698224,1,1,0,0.83,65,3,58,3,0.0,197.0,0.0,40.77794210526315
ENSG00000118729,CASQ2,chr1,115698038,115837921,-1,2,0,0.865,154,1,136,9,0.0,306.0,0.0,36.617556028368796
ENSG00000177551,NHLH2,chr1,115836377,115843917,-1,1,0,0.89,19,1,18,0,0.0,305.0,0.0,35.01015555555554
ENSG00000163393,SLC22A15,chr1,115976477,116070054,1,1,0,0.84,68,2,58,0,0.0,159.0,0.0,38.37032631578948
ENSG00000173212,MAB21L3,chr1,116111399,116138149,1,0,13894,,35,2,29,1,0.0,68.0,0.0,41.027232142857144
ENSG00000163399,ATP1A1,chr1,116372668,116410261,1,1,0,0.82,67,3,64,0,2.0,352.0,1.0,42.16812105263157
ENSG00000116815,CD58,chr1,116514534,116571039,-1,2,0,0.825,77,3,63,0,0.0,253.0,0.0,45.37088245614035
ENSG00000143061,IGSF3,chr1,116574399,116667820,-1,1,0,1.1,128,3,120,1,0.0,83.0,0.0,50.730016842105265
ENSG00000116824,CD2,chr1,116754370,116769229,1,0,86371,,35,1,34,0,0.0,490.0,0.0,58.550250000000005
ENSG00000134247,PTGFRN,chr1,116909894,116990358,1,2,0,0.955,109,1,95,0,0.0,122.0,0.0,68.78646296296296
ENSG00000134256,CD101,chr1,117001721,117036552,1,0,23214,,43,1,33,0,0.0,140.0,0.0,70.1900388888889
ENSG00000116830,TTF2,chr1,117060294,117107453,1,1,0,0.78,50,1,40,4,0.0,69.0,0.0,69.17705625
ENSG00000134253,TRIM45,chr1,117111060,117122587,-1,1,0,0.9,19,2,17,0,0.0,53.0,0.0,68.35271538461538
ENSG00000134258,VTCN1,chr1,117143587,117210960,-1,0,21061,,63,1,51,1,0.0,353.0,0.0,67.90321617647061
ENSG00000198162,MAN1A2,chr1,117367449,117528872,1,1,0,0.98,90,1,42,10,0.0,122.0,0.0,68.04342453987731
ENSG00000183508,TENT5C,chr1,117606048,117628389,1,1,0,0.76,46,2,44,0,5.0,362.0,1.0,64.56036086956522
ENSG00000196505,GDAP2,chr1,117863485,117929662,-1,1,0,0.8,32,1,19,0,0.0,44.0,0.0,60.759717647058835
ENSG00000065183,WDR3,chr1,117929063,117966543,1,1,0,0.8,24,1,19,1,0.0,70.0,0.0,60.01577692307692
ENSG00000155761,SPAG17,chr1,117953590,118185228,-1,1,0,0.82,145,1,87,18,0.0,267.0,0.0,63.65612672413793
ENSG00000092607,TBX15,chr1,118883046,118989556,-1,4,0,1.0025,136,2,110,6,0.0,515.0,0.0,30.2473787037037
ENSG00000116874,WARS2,chr1,119030284,119140673,-1,1,0,0.96,85,3,58,2,0.0,200.0,0.0,27.697041071428576
ENSG00000116882,HAO2,chr1,119368727,119394258,1,0,40815,,26,1,24,0,0.0,63.0,0.0,30.16166923076923
ENSG00000203859,HSD3B2,chr1,119413725,119423035,1,0,85813,,9,1,7,0,0.0,91.0,0.0,32.40251
ENSG00000203857,HSD3B1,chr1,119507198,119515054,1,0,107625,,12,2,10,0,0.0,161.0,0.0,34.558144444444444
ENSG00000143067,ZNF697,chr1,119619377,119648454,-1,3,0,0.8367,44,1,37,0,0.0,46.0,0.0,31.803899999999995
ENSG00000092621,PHGDH,chr1,119648411,119744227,1,2,0,0.88,108,2,96,4,0.0,487.0,0.0,32.28822783505155
ENSG00000134240,HMGCS2,chr1,119747979,119769092,-1,0,35330,,15,1,14,0,0.0,243.0,0.0,33.99239545454546
ENSG00000134193,REG4,chr1,119794017,119811580,-1,0,41606,,21,2,16,0,0.0,164.0,0.0,35.52008421052632
ENSG00000134249,ADAM30,chr1,119893533,119896515,-1,1,0,0.96,7,1,6,0,0.0,23.0,0.0,37.728325
ENSG00000134250,NOTCH2,chr1,119911553,120100779,-1,1,0,0.9,98,2,72,6,4.0,936.0,1.0,41.56212670157068
ENSG00000265808,SEC22B,chr1,120150898,120176520,-1,1,0,0.91,6,1,4,0,0.0,49.0,0.0,47.61190740740741
ENSG00000270231,NBPF8,chr1,120415035,120469676,1,1,0,0.87,12,0,7,1,0.0,8.0,0.0,55.36311964285714
ENSG00000286106,NOTCH2NLR,chr1,120723912,120794851,1,1,0,0.75,12,2,4,1,0.0,1.0,0.0,67.74809583333334
ENSG00000273136,NBPF26,chr1,120723945,120842229,1,1,0,0.75,17,2,6,2,0.0,3.0,0.0,69.07782016806722
ENSG00000263353,PPIAL4A,chr1,120889771,120890530,1,0,22174,,0,0,0,0,0.0,7.0,0.0,64.39285
ENSG00000188610,FAM72B,chr1,121167646,121185539,-1,1,0,0.77,4,3,1,0,0.0,159.0,0.0,57.06261052631579
ENSG00000171943,SRGAP2C,chr1,121184811,121392874,1,1,0,0.77,55,2,32,3,0.0,21.0,0.0,46.59980909090909
ENSG00000273213,H3-7,chr1,143894544,143905977,-1,2,0,1.005,5,3,1,0,0.0,16.0,0.0,35.98387499999999
ENSG00000263513,FAM72C,chr1,143955287,143971986,-1,1,0,0.77,0,0,0,0,0.0,75.0,0.0,59.159688888888894
ENSG00000271567,PPIAL4E,chr1,144372875,144373634,-1,0,38593,,0,0,0,0,0.0,4.0,0.0,74.3277
ENSG00000266338,NBPF15,chr1,144421390,144461676,-1,1,0,0.86,9,1,5,1,0.0,26.0,0.0,69.43322857142857
ENSG00000279782,PPIAL4F,chr1,144592893,144593652,1,0,21731,,0,0,0,0,0.0,1.0,0.0,67.182
ENSG00000196369,SRGAP2B,chr1,144887191,145095528,-1,1,0,0.76,38,0,17,4,0.0,8.0,0.0,76.33459146919431
ENSG00000215784,FAM72D,chr1,145095971,145112696,1,1,0,0.76,1,0,0,0,0.0,79.0,0.0,73.35281111111111
ENSG00000289549,PPIAL4D,chr1,145241415,145242174,-1,0,8375,,0,0,0,0,0.0,0.0,0.0,66.36095
ENSG00000162825,NBPF20,chr1,145289900,145425603,-1,1,0,0.88,9,0,4,1,0.0,15.0,0.0,72.58356496350366
ENSG00000117262,GPR89A,chr1,145607982,145670980,1,1,0,0.81,14,1,3,1,0.0,42.0,0.0,78.0312140625
ENSG00000174827,PDZK1,chr1,145670848,145708148,-1,0,12733,,33,3,26,1,0.0,138.0,0.0,77.94832105263158
ENSG00000117281,CD160,chr1,145719443,145740760,1,1,0,0.65,22,1,17,2,0.0,332.0,0.0,76.50157391304349
ENSG00000265491,RNF115,chr1,145738868,145824095,-1,1,0,0.98,66,1,54,1,0.0,68.0,0.0,70.82396744186047
ENSG00000186141,POLR3C,chr1,145823959,145844721,1,1,0,0.98,19,1,12,0,0.0,45.0,0.0,63.878495454545465
ENSG00000186364,NUDT17,chr1,145845603,145848954,1,1,0,0.84,6,1,5,0,0.0,17.0,0.0,62.52545
ENSG00000131788,PIAS3,chr1,145848521,145859836,-1,1,0,0.74,13,1,10,0,0.0,136.0,0.0,61.94763333333333
ENSG00000198483,ANKRD35,chr1,145866560,145886088,-1,1,0,0.62,22,1,16,2,0.0,96.0,0.0,60.722834999999996
ENSG00000143127,ITGA10,chr1,145891206,145910111,-1,0,4950,,22,2,15,2,0.0,135.0,0.0,60.14804499999999
ENSG00000131779,PEX11B,chr1,145911349,145918730,-1,1,0,0.86,9,2,7,0,0.0,59.0,0.0,59.897133333333336
ENSG00000289565,,chr1,145917714,145926741,-1,1,0,0.86,13,4,6,0,0.0,0.0,0.0,59.70354
ENSG00000265241,RBM8A,chr1,145921065,145928067,-1,1,0,1.01,7,3,2,0,0.0,162.0,0.0,59.6415875
ENSG00000280778,,chr1,145927258,145977811,1,4,0,0.8175,67,5,57,1,0.0,0.0,0.0,57.38512692307692
ENSG00000271601,LIX1L,chr1,145933423,145958017,-1,1,0,0.71,27,1,25,0,0.0,31.0,0.0,58.36781153846154
ENSG00000272031,ANKRD34A,chr1,145959441,145964575,-1,2,0,0.775,16,2,14,0,0.0,17.0,0.0,56.56911428571429
ENSG00000121851,POLR3GL,chr1,145964690,145978848,1,1,0,0.83,18,1,13,1,0.0,84.0,0.0,54.89539333333333
ENSG00000265972,TXNIP,chr1,145992435,145996580,-1,0,10,,12,2,10,0,0.0,781.0,0.0,49.7819
ENSG00000168509,HJV,chr1,146017468,146036746,-1,1,0,0.83,28,2,22,0,0.0,225.0,0.0,39.48705714285715
ENSG00000271425,NBPF10,chr1,146064711,146229000,-1,1,0,0.91,13,2,4,1,0.0,82.0,0.0,21.019534545454544
ENSG00000264343,NOTCH2NLA,chr1,146145929,146229073,-1,1,0,0.91,11,2,3,0,0.0,29.0,0.0,22.903673809523813
ENSG00000270339,PPIAL4H,chr1,146344006,146344765,-1,0,21771,,0,0,0,0,0.0,1.0,0.0,40.5102
ENSG00000268043,NBPF12,chr1,146938324,146996202,1,1,0,0.84,23,2,11,5,0.0,24.0,0.0,45.60293728813559
ENSG00000131791,PRKAB2,chr1,147155106,147173716,-1,1,0,0.78,23,5,16,1,0.0,197.0,0.0,43.85895000000001
ENSG00000131781,FMO5,chr1,147175351,147243050,-1,2,0,1.025,61,5,48,0,0.0,767.0,0.0,45.00205507246377
ENSG00000131778,CHD1L,chr1,147242643,147295767,1,1,0,0.9,48,2,37,3,0.0,215.0,0.0,50.08171666666666
ENSG00000116128,BCL9,chr1,147541501,147626216,1,1,0,0.84,96,2,72,5,3.0,250.0,1.0,38.55438823529412
ENSG00000288626,,chr1,147611590,147611796,1,0,11439,,1,1,0,0,0.0,3.0,0.0,42.3517
ENSG00000162836,ACP6,chr1,147629652,147670531,-1,1,0,0.71,40,3,32,1,0.0,54.0,0.0,44.68479523809524
ENSG00000265107,GJA5,chr1,147756199,147773362,-1,0,85403,,32,4,28,0,0.0,509.0,0.0,52.80331666666666
ENSG00000121634,GJA8,chr1,147902795,147909269,1,1,0,0.9,5,0,0,1,0.0,529.0,0.0,63.712471428571426
ENSG00000188092,GPR89B,chr1,147928393,147993592,1,1,0,0.81,17,1,6,0,0.0,29.0,0.0,58.11811791044776
ENSG00000263956,NBPF11,chr1,148102042,148152342,-1,3,0,0.7667,19,2,9,1,0.0,10.0,0.0,24.154670588235295
ENSG00000236334,PPIAL4G,chr1,148482548,148483302,-1,0,22361,,0,0,0,0,0.0,11.0,0.0,29.9654
ENSG00000270629,NBPF14,chr1,148531385,148679742,-1,1,0,0.89,18,1,2,3,0.0,31.0,0.0,55.814301333333326
ENSG00000286019,NOTCH2NLB,chr1,148597331,148679746,-1,1,0,0.89,10,1,2,1,0.0,7.0,0.0,55.13275476190477
ENSG00000177144,NUDT4B,chr1,148748774,148752415,1,1,0,1.16,0,0,0,0,0.0,6.0,0.0,38.233999999999995
ENSG00000178104,PDE4DIP,chr1,148808140,149048286,1,3,0,0.8733,52,4,35,3,0.0,301.0,0.0,41.45144647302904
ENSG00000269713,NBPF9,chr1,149052186,149103591,-1,1,0,0.88,11,1,5,0,0.0,10.0,0.0,45.533516981132074
ENSG00000286219,NOTCH2NLC,chr1,149390621,149471833,1,1,0,0.81,21,1,11,0,0.0,42.0,0.0,51.42781707317072
ENSG00000286185,,chr1,149390623,149556361,1,1,0,0.81,25,1,13,0,0.0,0.0,0.0,37.726705421686745
ENSG00000271383,NBPF19,chr1,149475045,149556361,1,0,2154,,3,0,2,0,0.0,6.0,0.0,24.125531707317073
ENSG00000288867,PPIAL4C,chr1,149583848,149584607,1,0,21873,,0,0,0,0,0.0,5.0,0.0,33.435900000000004
ENSG00000150337,FCGR1A,chr1,149782650,149792526,1,0,46,,6,0,4,0,0.0,596.0,0.0,54.126209090909086
ENSG00000203814,H2BC18,chr1,149782689,149812373,-1,2,0,0.97,18,2,12,1,0.0,23.0,0.0,53.79786999999999
ENSG00000183598,H3C13,chr1,149813225,149813693,-1,1,0,0.91,2,1,1,0,0.0,23.0,0.0,53.6156
ENSG00000270882,H4C14,chr1,149832657,149839767,1,1,0,0.95,1,0,0,0,0.0,259.0,0.0,54.908424999999994
ENSG00000203811,H3C14,chr1,149840687,149841208,-1,1,0,0.95,0,0,0,0,0.0,200.0,0.0,55.3133
ENSG00000288825,H2AC18,chr1,149842218,149842750,-1,1,0,0.95,0,0,0,0,0.0,81.0,0.0,55.46025
ENSG00000288859,H2AC19,chr1,149851061,149851652,1,1,0,0.93,0,0,0,0,0.0,17.0,0.0,56.4309
ENSG00000203852,H3C15,chr1,149852608,149853125,1,1,0,0.93,0,0,0,0,0.0,19.0,0.0,56.606
ENSG00000270276,H4C15,chr1,149854045,149861159,-1,1,0,0.95,0,0,0,0,0.0,244.0,0.0,57.154962499999996
ENSG00000184678,H2BC21,chr1,149884459,149886682,-1,1,0,0.95,8,1,7,0,0.0,208.0,0.0,60.941425
ENSG00000184260,H2AC20,chr1,149886918,149887411,1,1,0,0.95,3,2,1,0,0.0,84.0,0.0,61.151
ENSG00000184270,H2AC21,chr1,149887469,149887965,-1,1,0,0.95,2,1,1,0,0.0,25.0,0.0,61.2207
ENSG00000178096,BOLA1,chr1,149887890,149900798,1,2,0,0.88,19,2,12,1,0.0,25.0,0.0,62.18444999999999
ENSG00000159164,SV2A,chr1,149903318,149918572,-1,0,2925,,18,1,10,1,0.0,212.0,0.0,64.33687647058822
ENSG00000143368,SF3B4,chr1,149923317,149927803,-1,1,0,1.04,7,1,6,0,0.0,125.0,0.0,66.02181666666667
ENSG00000014914,MTMR11,chr1,149928651,149937523,-1,0,650,,22,3,15,0,0.0,126.0,0.0,66.83112999999999
ENSG00000264522,OTUD7B,chr1,149937812,150010758,-1,1,0,0.83,71,1,68,0,0.0,227.0,0.0,69.52227866666667
ENSG00000136631,VPS45,chr1,150067279,150145329,1,1,0,0.82,63,2,44,3,0.0,232.0,0.0,71.55121139240507
ENSG00000023902,PLEKHO1,chr1,150149183,150164720,1,1,0,1.0,39,3,36,0,0.0,123.0,0.0,72.1883
ENSG00000143401,ANP32E,chr1,150218417,150236202,-1,1,0,1.0,11,2,8,1,0.0,70.0,0.0,74.44544210526317
ENSG00000118298,CA14,chr1,150257251,150265078,1,0,3569,,17,1,12,0,0.0,96.0,0.0,75.77531111111111
ENSG00000117362,APH1A,chr1,150265399,150269580,-1,1,0,0.82,10,3,7,0,0.0,102.0,0.0,76.02373333333334
ENSG00000118292,C1orf54,chr1,150268034,150281735,1,1,0,0.82,20,4,14,0,0.0,58.0,0.0,76.30483333333333
ENSG00000159208,CIART,chr1,150282543,150287093,1,0,317,,3,1,2,0,0.0,44.0,0.0,76.6732
ENSG00000266472,MRPS21,chr1,150293854,150308981,1,1,0,1.22,12,1,9,1,0.0,51.0,0.0,77.2589
ENSG00000117360,PRPF3,chr1,150321479,150353233,1,1,0,1.06,14,1,9,0,0.0,198.0,0.0,78.47953333333332
ENSG00000163125,RPRD2,chr1,150363091,150476566,1,1,0,1.06,93,3,69,2,0.0,82.0,0.0,81.70461739130434
ENSG00000143374,TARS2,chr1,150487325,150507613,1,0,7947,,8,1,7,0,0.0,108.0,0.0,84.30517727272726
ENSG00000143369,ECM1,chr1,150507989,150513789,1,0,1771,,11,1,9,0,0.0,360.0,0.0,84.48005714285715
ENSG00000143382,ADAMTSL4,chr1,150549369,150560937,1,2,0,0.79,32,4,28,0,0.0,219.0,0.0,84.12673076923078
ENSG00000143384,MCL1,chr1,150560895,150579738,-1,2,0,0.885,58,5,53,0,0.0,801.0,0.0,83.66171
ENSG00000143420,ENSA,chr1,150600851,150629612,-1,1,0,0.75,49,2,43,0,0.0,44.0,0.0,81.44486333333334
ENSG00000143457,GOLPH3L,chr1,150646228,150697219,-1,0,16503,,38,1,33,0,0.0,57.0,0.0,77.93701923076924
ENSG00000143452,HORMAD1,chr1,150698060,150720895,-1,0,68335,,15,1,6,3,0.0,219.0,0.0,76.00143333333334
ENSG00000163131,CTSS,chr1,150730079,150765957,-1,0,100354,,27,1,22,1,0.0,828.0,0.0,75.22053513513514
ENSG00000143387,CTSK,chr1,150794880,150809577,-1,0,116566,,18,6,9,1,0.0,811.0,0.0,76.16455625
ENSG00000143437,ARNT,chr1,150808617,150876771,-1,0,49372,,55,2,38,6,3.0,408.0,1.0,77.84639999999999
ENSG00000283324,CTXND2,chr1,150887136,150913292,1,0,12851,,24,0,19,0,0.0,11.0,0.0,79.98383333333334
ENSG00000143379,SETDB1,chr1,150926263,150964744,1,1,0,1.01,27,1,21,0,5.0,316.0,1.0,80.79376749999999
ENSG00000143418,CERS2,chr1,150960583,150977396,-1,1,0,0.92,39,4,33,0,0.0,197.0,0.0,81.01584705882352
ENSG00000143412,ANXA9,chr1,150981321,150996077,1,0,5847,,13,1,10,1,0.0,104.0,0.0,81.16624375
ENSG00000143409,MINDY1,chr1,150995125,151008376,-1,1,0,1.0,30,3,26,0,0.0,56.0,0.0,81.27706428571427
ENSG00000143363,PRUNE1,chr1,151008420,151035713,1,1,0,1.0,22,3,14,1,0.0,78.0,0.0,81.5050724137931
ENSG00000163141,BNIPL,chr1,151036321,151047720,1,0,15,,9,2,7,0,0.0,98.0,0.0,81.78932307692307
ENSG00000143443,C1orf56,chr1,151047751,151051986,1,1,0,0.79,13,1,12,0,0.0,26.0,0.0,81.92094
ENSG00000197622,CDC42SE1,chr1,151050971,151070325,-1,1,0,0.73,40,2,34,0,0.0,33.0,0.0,82.09953500000002
ENSG00000213190,MLLT11,chr1,151057871,151069544,1,1,0,0.73,22,2,18,0,0.0,130.0,0.0,82.15903846153847
ENSG00000143458,GABPB2,chr1,151070514,151125542,1,1,0,0.8,36,1,15,4,0.0,139.0,0.0,82.56054464285714
ENSG00000143434,SEMA6C,chr1,151131685,151147813,-1,2,0,0.765,34,3,30,0,0.0,59.0,0.0,82.49353529411765
ENSG00000163154,TNFAIP8L2,chr1,151156621,151160255,1,0,9724,,11,1,10,0,0.0,481.0,0.0,82.1307
ENSG00000163156,SCNM1,chr1,151156664,151170296,1,0,9767,,24,2,22,0,0.0,32.0,0.0,81.99077857142856
ENSG00000163155,LYSMD1,chr1,151159748,151165948,-1,0,12851,,9,1,8,0,0.0,18.0,0.0,82.0086
ENSG00000163157,TMOD4,chr1,151169984,151176284,-1,0,22087,,10,1,8,0,0.0,46.0,0.0,81.69697142857142
ENSG00000163159,VPS72,chr1,151176304,151195321,-1,0,3050,,16,1,12,0,0.0,45.0,0.0,81.22774999999999
ENSG00000143398,PIP5K1A,chr1,151197949,151249538,1,1,0,0.86,45,1,40,2,0.0,162.0,0.0,79.52006603773586
ENSG00000159352,PSMD4,chr1,151254709,151267479,1,0,13703,,14,1,10,0,0.0,234.0,0.0,77.91788461538462
ENSG00000143373,ZNF687,chr1,151281502,151292180,1,1,0,0.73,25,2,22,0,0.0,46.0,0.0,77.03008181818183
ENSG00000143393,PI4KB,chr1,151291792,151328394,-1,1,0,1.21,47,3,43,0,0.0,68.0,0.0,76.4718378378378
ENSG00000143390,RFX5,chr1,151340640,151347339,-1,1,0,0.73,13,3,9,0,0.0,225.0,0.0,75.89937142857143
ENSG00000143416,SELENBP1,chr1,151364302,151372716,-1,0,17233,,19,1,15,1,0.0,285.0,0.0,75.5641
ENSG00000159377,PSMB4,chr1,151399556,151401941,1,1,0,0.97,7,2,5,0,0.0,136.0,0.0,74.9906
ENSG00000143442,POGZ,chr1,151402724,151459494,-1,1,0,1.0,42,2,36,0,0.0,135.0,0.0,74.19154736842106
ENSG00000143375,CGN,chr1,151510139,151538692,1,1,0,0.94,38,1,30,3,0.0,95.0,0.0,70.75124
ENSG00000143367,TUFT1,chr1,151540305,151583583,1,1,0,0.95,56,3,47,0,0.0,182.0,0.0,69.56992666666666
ENSG00000143376,SNX27,chr1,151612006,151699091,1,1,0,0.95,74,2,62,2,0.0,170.0,0.0,68.17649318181817
ENSG00000159409,CELF3,chr1,151700058,151716803,-1,0,4712,,34,3,29,0,0.0,160.0,0.0,68.00493333333333
ENSG00000178796,RIIAD1,chr1,151710433,151729805,1,1,0,0.74,37,4,33,0,0.0,18.0,0.0,68.00822857142857
ENSG00000143436,MRPL9,chr1,151759647,151763496,-1,1,0,0.83,6,3,3,0,0.0,51.0,0.0,67.972775
ENSG00000143450,OAZ3,chr1,151762899,151771334,1,1,0,0.83,12,3,8,0,0.0,150.0,0.0,67.95117777777777
ENSG00000182134,TDRKH,chr1,151769799,151791416,-1,1,0,0.78,23,3,19,0,0.0,182.0,0.0,67.86402727272727
ENSG00000213171,LINGO4,chr1,151800264,151805419,-1,0,8733,,9,0,6,0,0.0,33.0,0.0,67.61383333333333
ENSG00000143365,RORC,chr1,151806071,151831845,-1,0,6139,,55,3,52,0,0.0,704.0,0.0,67.29216296296296
ENSG00000225556,C2CD4D,chr1,151837818,151840557,-1,2,0,0.96,11,3,8,0,0.0,27.0,0.0,66.77612500000001
ENSG00000196407,THEM5,chr1,151847101,151853712,-1,0,7052,,14,0,14,0,0.0,17.0,0.0,66.4369875
ENSG00000159445,THEM4,chr1,151870866,151909637,-1,1,0,0.84,43,1,31,1,0.0,94.0,0.0,65.0083875
ENSG00000197747,S100A10,chr1,151982903,151993859,-1,1,0,0.82,25,2,23,0,0.0,315.0,0.0,62.03582500000001
ENSG00000163191,S100A11,chr1,152032504,152047907,-1,1,0,0.86,25,1,23,0,0.0,274.0,0.0,60.543575
ENSG00000182898,TCHHL1,chr1,152084141,152089064,-1,0,18457,,4,0,3,0,0.0,39.0,0.0,58.3307
ENSG00000159450,TCHH,chr1,152106317,152115444,-1,1,0,0.85,20,0,18,0,0.0,148.0,0.0,56.745079999999994
ENSG00000215853,RPTN,chr1,152153595,152159228,-1,0,29617,,4,0,1,1,0.0,55.0,0.0,53.141999999999996
ENSG00000197915,HRNR,chr1,152212076,152224193,-1,2,0,0.82,14,0,0,1,0.0,129.0,0.0,48.30115384615385
ENSG00000143631,FLG,chr1,152302165,152325239,-1,0,85568,,3,2,0,0,0.0,514.0,0.0,43.76904583333334
ENSG00000143520,FLG2,chr1,152348735,152360006,-1,0,132138,,5,0,1,1,0.0,87.0,0.0,42.922308333333326
ENSG00000143536,CRNN,chr1,152409243,152414263,-1,0,101318,,3,0,3,0,0.0,93.0,0.0,42.14131666666667
ENSG00000186207,LCE5A,chr1,152510803,152512177,1,0,3404,,1,0,0,1,0.0,23.0,0.0,41.413799999999995
ENSG00000169509,CRCT1,chr1,152514482,152516008,1,1,0,0.78,4,1,3,0,0.0,41.0,0.0,41.412299999999995
ENSG00000185966,LCE3E,chr1,152565654,152566780,-1,0,49860,,2,0,1,0,0.0,21.0,0.0,41.4362
ENSG00000163202,LCE3D,chr1,152579381,152580516,-1,0,63587,,2,0,2,0,0.0,31.0,0.0,41.407133333333334
ENSG00000244057,LCE3C,chr1,152600234,152601086,1,0,84440,,0,0,0,0,0.0,25.0,0.0,41.292699999999996
ENSG00000187238,LCE3B,chr1,152613811,152614098,1,0,98017,,0,0,0,0,0.0,17.0,0.0,41.1676
ENSG00000185962,LCE3A,chr1,152622834,152623103,-1,0,107040,,1,1,0,0,0.0,19.0,0.0,41.0642
ENSG00000187223,LCE2D,chr1,152663380,152664659,1,0,147586,,1,0,0,0,0.0,4.0,0.0,40.471833333333336
ENSG00000187180,LCE2C,chr1,152675279,152676569,1,0,159485,,2,0,0,0,0.0,5.0,0.0,40.300033333333324
ENSG00000159455,LCE2B,chr1,152686123,152687397,1,0,170329,,0,0,0,0,0.0,18.0,0.0,40.16955
ENSG00000187173,LCE2A,chr1,152698345,152699442,1,0,182551,,2,0,2,0,0.0,3.0,0.0,40.055499999999995
ENSG00000187170,LCE4A,chr1,152708160,152709434,1,0,192366,,1,1,0,0,0.0,5.0,0.0,39.99655
ENSG00000198854,KPLCE,chr1,152719522,152720470,1,0,203728,,0,0,0,0,0.0,17.0,0.0,39.9749
ENSG00000203786,KPRP,chr1,152758025,152762056,1,0,242231,,7,1,6,0,0.0,123.0,0.0,40.294560000000004
ENSG00000240386,LCE1F,chr1,152775140,152777024,1,0,259346,,2,1,1,0,0.0,7.0,0.0,40.56706666666667
ENSG00000186226,LCE1E,chr1,152786214,152788426,1,0,270420,,1,1,0,0,0.0,12.0,0.0,40.78476666666667
ENSG00000172155,LCE1D,chr1,152796721,152798181,1,0,280927,,0,0,0,0,0.0,7.0,0.0,41.0033
ENSG00000197084,LCE1C,chr1,152804832,152806651,-1,0,289038,,2,1,0,0,0.0,16.0,0.0,41.1795
ENSG00000196734,LCE1B,chr1,152811971,152813108,1,0,296177,,0,0,0,0,0.0,16.0,0.0,41.3093
ENSG00000186844,LCE1A,chr1,152827473,152828097,1,0,311679,,1,0,0,0,0.0,9.0,0.0,41.57575
ENSG00000235942,LCE6A,chr1,152842856,152843983,1,0,327062,,1,0,0,0,0.0,5.0,0.0,41.7833
ENSG00000285946,LCE7A,chr1,152859996,152861252,1,0,344202,,1,0,0,0,0.0,1.0,0.0,41.8941
ENSG00000163206,SMCP,chr1,152878322,152885047,1,0,362528,,8,0,6,1,0.0,197.0,0.0,41.8663625
ENSG00000163207,IVL,chr1,152908546,152911886,1,0,349110,,3,1,2,0,0.0,232.0,0.0,41.576724999999996
ENSG00000283227,SPRR5,chr1,152947206,152949255,1,0,311741,,1,0,0,0,0.0,6.0,0.0,41.07183333333333
ENSG00000184148,SPRR4,chr1,152970648,152972574,1,0,288422,,2,0,1,0,0.0,11.0,0.0,40.988
ENSG00000169474,SPRR1A,chr1,152984081,152985814,1,0,275182,,1,1,0,0,0.0,148.0,0.0,41.10476666666667
ENSG00000163209,SPRR3,chr1,153001747,153003856,1,0,257140,,1,0,1,0,0.0,161.0,0.0,41.50246666666667
ENSG00000169469,SPRR1B,chr1,153031203,153032900,1,0,228096,,4,1,1,0,0.0,110.0,0.0,42.78593333333333
ENSG00000163216,SPRR2D,chr1,153039732,153041931,-1,0,219065,,1,0,1,0,0.0,26.0,0.0,43.34843333333333
ENSG00000241794,SPRR2A,chr1,153056120,153057512,-1,0,203484,,2,1,1,0,0.0,261.0,0.0,44.522533333333335
ENSG00000196805,SPRR2B,chr1,153070226,153071611,-1,0,189385,,1,0,0,1,0.0,35.0,0.0,45.70136666666667
ENSG00000203785,SPRR2E,chr1,153093135,153106184,-1,0,154812,,6,0,5,0,0.0,19.0,0.0,48.356664285714274
ENSG00000244094,SPRR2F,chr1,153112121,153113516,-1,0,147480,,0,0,0,0,0.0,27.0,0.0,49.64873333333333
ENSG00000159516,SPRR2G,chr1,153149582,153150890,-1,0,110106,,2,0,2,0,0.0,28.0,0.0,53.03545
ENSG00000203784,LELP1,chr1,153203430,153205120,1,0,55876,,0,0,0,0,0.0,8.0,0.0,56.79576666666667
ENSG00000203783,PRR9,chr1,153217584,153219310,1,0,41686,,3,0,3,0,0.0,33.0,0.0,57.620999999999995
ENSG00000203782,LORICRIN,chr1,153259687,153262124,1,1,0,0.92,4,0,4,0,0.0,156.0,0.0,59.9312
ENSG00000159527,PGLYRP3,chr1,153297116,153312952,-1,0,35279,,7,1,2,0,0.0,172.0,0.0,62.528835294117656
ENSG00000163218,PGLYRP4,chr1,153330120,153348841,-1,0,68283,,22,1,20,0,0.0,119.0,0.0,64.77763999999999
ENSG00000163220,S100A9,chr1,153357767,153361027,1,0,95930,,9,1,8,0,0.0,955.0,0.0,66.0887
ENSG00000163221,S100A12,chr1,153373711,153375621,-1,0,111874,,3,1,2,0,0.0,1009.0,0.0,67.06519999999999
ENSG00000143546,S100A8,chr1,153390032,153391142,-1,0,128195,,3,1,2,0,0.0,1056.0,0.0,67.98675
ENSG00000184330,S100A7A,chr1,153416520,153423222,1,0,112726,,5,0,2,1,0.0,77.0,0.0,69.54294285714286
ENSG00000143556,S100A7,chr1,153457744,153460651,-1,0,75297,,3,1,2,0,0.0,320.0,0.0,71.18312499999999
ENSG00000197956,S100A6,chr1,153534591,153536549,-1,1,0,0.84,5,2,3,0,0.0,614.0,0.0,73.378
ENSG00000196420,S100A5,chr1,153537147,153541765,-1,0,783,,12,2,10,0,0.0,50.0,0.0,73.46331666666667
ENSG00000196154,S100A4,chr1,153543613,153550136,-1,0,7249,,16,4,12,0,0.0,669.0,0.0,73.64441428571429
ENSG00000188015,S100A3,chr1,153547329,153550151,-1,0,10965,,8,2,6,0,0.0,97.0,0.0,73.680425
ENSG00000196754,S100A2,chr1,153560950,153568674,-1,0,24586,,21,6,15,0,0.0,220.0,0.0,74.06883333333333
ENSG00000188643,S100A16,chr1,153606882,153614012,-1,0,19689,,21,4,17,0,0.0,161.0,0.0,75.0363
ENSG00000189334,S100A14,chr1,153614255,153616996,-1,0,16705,,7,3,4,0,0.0,131.0,0.0,75.131625
ENSG00000189171,S100A13,chr1,153618612,153634442,-1,1,0,0.87,27,7,19,0,0.0,98.0,0.0,75.33409375000001
ENSG00000160678,S100A1,chr1,153627926,153632044,1,0,1657,,10,2,8,0,0.0,1276.0,0.0,75.39768000000001
ENSG00000160679,CHTOP,chr1,153633982,153646306,1,1,0,0.87,18,3,13,0,0.0,228.0,0.0,75.57370769230769
ENSG00000143553,SNAPIN,chr1,153658696,153663930,1,1,0,0.96,13,1,11,0,0.0,70.0,0.0,75.93663333333335
ENSG00000143621,ILF2,chr1,153661788,153671028,-1,1,0,1.24,12,1,10,0,0.0,137.0,0.0,76.0181
ENSG00000169418,NPR1,chr1,153677965,153694110,1,2,0,0.825,29,1,23,1,0.0,439.0,0.0,76.33234117647058
ENSG00000143624,INTS3,chr1,153728050,153774808,1,0,25,,63,5,57,0,0.0,81.0,0.0,77.66023958333334
ENSG00000143554,SLC27A3,chr1,153774354,153780158,1,1,0,0.92,17,3,14,0,0.0,73.0,0.0,78.2999
ENSG00000143614,GATAD2B,chr1,153789030,153923360,-1,2,0,0.9,140,6,120,3,0.0,173.0,0.0,79.15485111111113
ENSG00000198837,DENND4B,chr1,153928864,153946744,-1,2,0,0.79,38,1,34,0,0.0,40.0,0.0,78.00308947368421
ENSG00000160741,CRTC2,chr1,153947669,153958634,-1,1,0,1.26,16,1,14,0,0.0,170.0,0.0,77.65852500000001
ENSG00000143570,SLC39A1,chr1,153959099,153968667,-1,2,0,0.885,21,7,12,0,0.0,105.0,0.0,77.4748
ENSG00000285779,,chr1,153959151,153975887,-1,2,0,0.885,26,7,17,0,0.0,0.0,0.0,77.42977777777779
ENSG00000143578,CREB3L4,chr1,153963719,153974364,1,1,0,0.97,19,5,12,0,0.0,219.0,0.0,77.40601818181817
ENSG00000143543,JTB,chr1,153974269,153977674,-1,1,0,0.91,5,1,4,0,0.0,377.0,0.0,77.3305
ENSG00000285641,,chr1,153975850,153986246,-1,1,0,0.91,18,3,13,0,0.0,0.0,0.0,77.29856363636364
ENSG00000143545,RAB13,chr1,153981617,153986377,-1,0,3568,,7,2,5,0,0.0,172.0,0.0,77.28286
ENSG00000177954,RPS27,chr1,153990749,153992333,1,1,0,0.95,6,1,5,0,0.0,175.0,0.0,77.27445
ENSG00000143552,NUP210L,chr1,153992690,154155116,-1,0,1656,,82,2,38,7,0.0,175.0,0.0,78.34710552147239
ENSG00000143549,TPM3,chr1,154155308,154194648,-1,1,0,0.73,58,4,53,0,0.0,504.0,0.0,78.07111951219512
ENSG00000163263,CFAP141,chr1,154199085,154206333,-1,0,14034,,7,0,6,0,0.0,9.0,0.0,77.49449999999999
ENSG00000143612,C1orf43,chr1,154206668,154220681,-1,1,0,1.02,16,2,13,0,0.0,46.0,0.0,77.29457333333333
ENSG00000143569,UBAP2L,chr1,154220179,154271510,1,1,0,1.02,31,2,24,0,0.0,231.0,0.0,76.96796981132074
ENSG00000143575,HAX1,chr1,154269393,154275882,1,1,0,0.88,7,1,6,0,0.0,376.0,0.0,76.87256250000002
ENSG00000143595,AQP10,chr1,154321090,154325325,1,0,237,,11,2,8,0,0.0,46.0,0.0,76.92998
ENSG00000143515,ATP8B2,chr1,154325520,154351307,1,2,0,0.925,53,5,46,0,0.0,62.0,0.0,76.85996538461538
ENSG00000160712,IL6R,chr1,154405193,154469450,1,1,0,0.82,118,4,111,0,0.0,1063.0,0.0,74.20872769230769
ENSG00000169291,SHE,chr1,154469772,154502472,-1,1,0,0.91,46,3,40,0,0.0,44.0,0.0,71.5922909090909
ENSG00000163239,TDRD10,chr1,154502219,154548147,1,1,0,0.91,39,3,22,2,0.0,51.0,0.0,69.26092978723405
ENSG00000160714,UBE2Q1,chr1,154548550,154559028,-1,1,0,1.05,19,1,17,0,0.0,106.0,0.0,67.64163636363638
ENSG00000160716,CHRNB2,chr1,154567778,154580013,1,2,0,0.885,24,1,17,1,0.0,275.0,0.0,66.6928
ENSG00000160710,ADAR,chr1,154581695,154628013,-1,2,0,0.92,65,4,58,0,0.0,475.0,0.0,65.6210170212766
ENSG00000143603,KCNN3,chr1,154697455,154870281,-1,2,0,0.845,278,3,250,3,0.0,237.0,0.0,70.43314310344829
ENSG00000163344,PMVK,chr1,154924732,154937008,-1,1,0,0.92,14,1,11,0,0.0,71.0,0.0,77.28436923076923
ENSG00000163346,PBXIP1,chr1,154944059,154956451,-1,0,5001,,28,2,26,0,0.0,261.0,0.0,77.74520769230769
ENSG00000163348,PYGO2,chr1,154957026,154963853,-1,1,0,0.89,18,2,15,0,0.0,122.0,0.0,77.983525
ENSG00000160691,SHC1,chr1,154962284,154974395,-1,2,0,1.065,31,3,27,0,0.0,402.0,0.0,78.14945384615385
ENSG00000173207,CKS1B,chr1,154974641,154979251,1,1,0,1.04,10,2,7,0,0.0,160.0,0.0,78.3472
ENSG00000160688,FLAD1,chr1,154983338,154993111,1,0,6283,,19,4,13,0,0.0,153.0,0.0,78.59023636363638
ENSG00000163352,LENEP,chr1,154993586,154994315,1,0,5079,,4,2,2,0,0.0,5.0,0.0,78.7244
ENSG00000160685,ZBTB7B,chr1,155002543,155018525,1,1,0,0.64,44,4,40,0,0.0,164.0,0.0,79.11688823529411
ENSG00000163354,DCST2,chr1,155018520,155033781,-1,0,14460,,29,0,26,0,0.0,157.0,0.0,79.48863125
ENSG00000163357,DCST1,chr1,155033824,155050930,1,1,0,0.9,33,0,31,0,0.0,177.0,0.0,79.88506111111113
ENSG00000143537,ADAM15,chr1,155050566,155062780,1,2,0,0.82,22,1,19,0,0.0,181.0,0.0,80.25278461538461
ENSG00000243364,EFNA4,chr1,155063737,155069553,1,1,0,0.74,10,2,7,0,0.0,119.0,0.0,80.51024285714286
ENSG00000251246,EFNA4-EFNA3,chr1,155063748,155086807,1,4,0,0.7575,57,3,53,0,0.0,0.0,0.0,80.73119583333333
ENSG00000143590,EFNA3,chr1,155078823,155087538,1,2,0,0.745,27,1,26,0,0.0,131.0,0.0,80.9394
ENSG00000169242,EFNA1,chr1,155127876,155134899,1,1,0,0.84,17,1,16,0,0.0,320.0,0.0,82.131475
ENSG00000169241,SLC50A1,chr1,155135344,155138857,1,1,0,0.92,9,2,7,0,0.0,137.0,0.0,82.25249999999998
ENSG00000179085,DPM3,chr1,155139886,155140595,-1,1,0,0.88,4,2,2,0,0.0,98.0,0.0,82.32695000000001
ENSG00000163463,KRTCAP2,chr1,155169408,155173475,-1,1,0,0.8,5,1,3,0,0.0,60.0,0.0,82.8777
ENSG00000273088,,chr1,155169409,155187272,-1,1,0,0.8,39,4,33,0,0.0,0.0,0.0,82.97288947368422
ENSG00000163462,TRIM46,chr1,155173787,155184971,1,0,325,,28,2,25,0,0.0,98.0,0.0,82.99465833333333
ENSG00000185499,MUC1,chr1,155185824,155192916,-1,1,0,0.73,13,2,11,0,0.0,1350.0,0.0,83.1118
ENSG00000169231,THBS3,chr1,155195587,155209051,-1,1,0,0.77,30,3,27,0,0.0,167.0,0.0,83.22134285714286
ENSG00000173171,MTX1,chr1,155208695,155213824,1,1,0,0.77,8,2,6,0,0.0,93.0,0.0,83.27148333333334
ENSG00000177628,GBA1,chr1,155234447,155245178,-1,0,5113,,16,2,14,0,0.0,886.0,0.0,83.25427499999999
ENSG00000160767,ENTREP3,chr1,155247205,155255795,-1,2,0,0.675,20,3,17,0,0.0,34.0,0.0,83.168
ENSG00000116521,SCAMP3,chr1,155255979,155262433,-1,1,0,0.86,8,1,4,0,0.0,64.0,0.0,83.08962857142858
ENSG00000176444,CLK2,chr1,155262868,155278491,-1,3,0,1.0133,21,3,14,0,0.0,93.0,0.0,82.92826875
ENSG00000143630,HCN3,chr1,155277328,155289848,1,1,0,0.79,22,1,13,2,0.0,143.0,0.0,82.69604285714286
ENSG00000143627,PKLR,chr1,155289293,155301438,-1,1,0,0.66,18,2,8,3,0.0,491.0,0.0,82.44313076923075
ENSG00000160752,FDPS,chr1,155304786,155320666,1,1,0,0.99,21,1,17,0,0.0,239.0,0.0,81.95890588235294
ENSG00000160753,RUSC1,chr1,155320739,155331118,1,2,0,0.71,22,5,17,0,0.0,59.0,0.0,81.55026363636362
ENSG00000116539,ASH1L,chr1,155335268,155563162,-1,1,0,1.06,160,5,134,4,0.0,402.0,0.0,77.85102445414846
ENSG00000125459,MSTO1,chr1,155563235,155616511,1,2,0,1.01,43,3,29,3,0.0,123.0,0.0,78.48401454545454
ENSG00000287839,,chr1,155626755,155648640,-1,0,16218,,17,1,15,0,0.0,8.0,0.0,79.6035304347826
ENSG00000163374,YY1AP1,chr1,155659446,155689334,-1,1,0,0.93,20,4,8,1,0.0,1101.0,0.0,79.95597741935485
ENSG00000132676,DAP3,chr1,155687833,155739014,1,1,0,0.93,47,4,36,0,0.0,108.0,0.0,80.16586923076923
ENSG00000116580,GON4L,chr1,155749659,155859400,-1,1,0,0.89,73,2,57,2,0.0,229.0,0.0,81.75902272727275
ENSG00000132718,SYT11,chr1,155859449,155885199,1,2,0,0.83,27,2,24,0,0.0,80.0,0.0,83.28487777777777
ENSG00000143622,RIT1,chr1,155897808,155911408,-1,0,22873,,12,2,10,0,0.0,211.0,0.0,83.52417142857142
ENSG00000132680,KHDC4,chr1,155913043,155934413,-1,1,0,1.2,28,2,20,1,0.0,43.0,0.0,83.45630454545454
ENSG00000173080,RXFP4,chr1,155941638,155943087,1,0,7122,,4,1,3,0,0.0,85.0,0.0,83.28444999999999
ENSG00000116584,ARHGEF2,chr1,155946851,156007070,-1,2,0,0.765,100,7,93,0,0.0,708.0,0.0,82.77786229508196
ENSG00000163479,SSR2,chr1,156009041,156020968,-1,1,0,0.85,16,2,11,1,0.0,55.0,0.0,82.18253076923075
ENSG00000160803,UBQLN4,chr1,156035299,156053798,-1,1,0,0.83,22,1,15,2,0.0,89.0,0.0,81.82459
ENSG00000116586,LAMTOR2,chr1,156054738,156058510,1,1,0,0.9,5,1,4,0,0.0,280.0,0.0,81.7091
ENSG00000132698,RAB25,chr1,156061148,156070514,1,0,6038,,16,1,13,0,0.0,144.0,0.0,81.64116363636363
ENSG00000254726,MEX3A,chr1,156072013,156082465,-1,3,0,0.8033,26,1,25,0,0.0,123.0,0.0,81.57066363636363
ENSG00000160789,LMNA,chr1,156082572,156140081,1,4,0,0.7375,125,6,117,0,1.0,1552.0,1.0,81.44251034482761
ENSG00000196189,SEMA4A,chr1,156147366,156178869,1,0,10986,,66,4,58,1,0.0,344.0,0.0,81.42416363636364
ENSG00000160785,SLC25A44,chr1,156193932,156212796,1,2,0,0.925,22,1,21,0,0.0,62.0,0.0,81.553865
ENSG00000260238,PMF1-BGLAP,chr1,156212982,156243332,1,2,0,0.965,50,2,45,2,0.0,1.0,0.0,81.65770322580646
ENSG00000160783,PMF1,chr1,156212989,156240423,1,2,0,0.965,44,1,40,2,0.0,39.0,0.0,81.6521142857143
ENSG00000242252,BGLAP,chr1,156242184,156243317,1,0,2260,,3,1,2,0,0.0,751.0,0.0,81.71135000000001
ENSG00000160781,PAQR6,chr1,156243320,156248117,-1,1,0,0.82,13,1,12,0,0.0,55.0,0.0,81.71925
ENSG00000198952,SMG5,chr1,156249223,156282844,-1,1,0,0.89,36,1,35,0,0.0,53.0,0.0,81.72475142857142
ENSG00000163472,TMEM79,chr1,156282935,156293185,1,1,0,0.85,15,2,13,0,0.0,330.0,0.0,81.64820909090908
ENSG00000198715,GLMP,chr1,156290089,156295689,-1,1,0,0.85,13,1,12,0,0.0,183.0,0.0,81.61105714285715
ENSG00000189030,VHLL,chr1,156298624,156299307,-1,0,6990,,1,0,0,0,0.0,254.0,0.0,81.5566
ENSG00000163468,CCT3,chr1,156308960,156367873,-1,1,0,1.0,50,3,34,2,0.0,167.0,0.0,80.93809000000002
ENSG00000163467,TSACC,chr1,156337314,156346995,1,1,0,1.0,13,3,7,1,0.0,92.0,0.0,80.89125454545454
ENSG00000132677,RHBG,chr1,156369209,156385219,1,1,0,0.75,24,1,20,0,0.0,51.0,0.0,80.16585294117647
ENSG00000116604,MEF2D,chr1,156463727,156501266,-1,1,0,0.84,87,4,82,0,0.0,181.0,0.0,79.58303157894736
ENSG00000183856,IQGAP3,chr1,156525405,156572604,-1,1,0,0.75,51,1,44,2,0.0,222.0,0.0,80.67333469387755
ENSG00000187862,TTC24,chr1,156579723,156587719,1,0,4165,,14,0,13,0,0.0,11.0,0.0,81.28265555555555
ENSG00000163382,NAXE,chr1,156591743,156609507,1,1,0,0.79,27,2,22,0,0.0,172.0,0.0,81.53095789473684
ENSG00000160818,GPATCH4,chr1,156594301,156601496,-1,0,2213,,13,1,10,0,0.0,20.0,0.0,81.48372499999999
ENSG00000132702,HAPLN2,chr1,156619331,156626361,1,1,0,0.82,14,2,12,0,0.0,25.0,0.0,81.79882500000001
ENSG00000132692,BCAN,chr1,156641390,156659532,1,3,0,0.95,42,3,30,2,0.0,92.0,0.0,82.045175
ENSG00000132688,NES,chr1,156668763,156677407,-1,1,0,0.86,21,1,19,0,0.0,682.0,0.0,82.14796666666666
ENSG00000143320,CRABP2,chr1,156699597,156708094,-1,1,0,0.68,19,2,17,0,0.0,305.0,0.0,82.12538888888889
ENSG00000143319,ISG20L2,chr1,156720796,156728766,-1,1,0,1.02,14,2,11,0,0.0,27.0,0.0,81.99678888888887
ENSG00000143303,METTL25B,chr1,156728442,156736960,1,1,0,1.02,9,2,7,0,0.0,19.0,0.0,81.92613
ENSG00000143314,MRPL24,chr1,156737294,156741590,-1,1,0,0.85,7,1,5,0,0.0,36.0,0.0,81.84853333333332
ENSG00000143321,HDGF,chr1,156742109,156766925,-1,1,0,1.13,49,2,46,0,0.0,213.0,0.0,81.63176923076922
ENSG00000143294,PRCC,chr1,156750610,156800817,1,2,0,0.91,63,5,53,2,0.0,169.0,0.0,81.20982156862745
ENSG00000027869,SH2D2A,chr1,156806235,156817014,-1,1,0,0.78,26,3,23,0,0.0,64.0,0.0,80.31779999999999
ENSG00000198400,NTRK1,chr1,156815636,156881850,1,3,0,0.7333,109,5,74,7,8.0,1247.0,1.0,78.97988656716416
ENSG00000027644,INSRR,chr1,156840063,156859117,-1,3,0,0.7333,37,1,15,2,0.0,59.0,0.0,78.99105
ENSG00000187800,PEAR1,chr1,156893666,156916432,1,2,0,0.735,46,2,37,2,0.0,122.0,0.0,76.66092173913043
ENSG00000160838,LRRC71,chr1,156920631,156933094,1,3,0,0.8267,29,1,12,1,0.0,125.0,0.0,75.72149999999999
ENSG00000132694,ARHGEF11,chr1,156934840,157046903,-1,1,0,1.17,104,2,76,4,0.0,100.0,0.0,73.41994336283186
ENSG00000253831,ETV3L,chr1,157092043,157117877,-1,0,20080,,50,2,39,2,0.0,23.0,0.0,70.21445925925926
ENSG00000117036,ETV3,chr1,157121191,157138474,-1,1,0,0.82,26,2,22,0,0.0,80.0,0.0,69.76240555555556
ENSG00000143297,FCRL5,chr1,157513377,157552515,-1,0,318032,,29,1,21,1,0.0,146.0,0.0,56.95687317073171
ENSG00000163518,FCRL4,chr1,157573747,157598085,-1,0,378402,,18,1,13,1,0.0,174.0,0.0,52.629588000000005
ENSG00000160856,FCRL3,chr1,157674321,157700901,-1,0,278029,,17,1,16,0,0.0,145.0,0.0,45.82571071428571
ENSG00000132704,FCRL2,chr1,157745733,157777269,-1,0,201661,,26,1,23,0,0.0,82.0,0.0,42.05530625
ENSG00000163534,FCRL1,chr1,157792249,157820183,-1,0,158747,,23,1,20,1,0.0,83.0,0.0,40.06247241379311
ENSG00000073754,CD5L,chr1,157830911,157898256,-1,0,80674,,41,0,28,6,0.0,323.0,0.0,37.988991176470584
ENSG00000183853,KIRREL1,chr1,157993273,158100262,1,1,0,0.8,138,2,130,1,0.0,218.0,0.0,35.709830555555556
ENSG00000288460,SMIM42,chr1,158127287,158128301,-1,0,13537,,1,0,0,0,0.0,3.0,0.0,35.40755
ENSG00000158473,CD1D,chr1,158178015,158186427,1,2,0,0.85,14,4,10,0,0.0,717.0,0.0,35.268255555555555
ENSG00000158477,CD1A,chr1,158254424,158258269,1,0,72711,,5,1,4,0,0.0,660.0,0.0,35.3312
ENSG00000158481,CD1C,chr1,158289923,158294774,1,0,108210,,7,1,6,0,0.0,472.0,0.0,35.68898333333333
ENSG00000158485,CD1B,chr1,158327951,158331531,-1,0,146238,,6,0,6,0,0.0,375.0,0.0,36.6149
ENSG00000158488,CD1E,chr1,158353696,158357553,1,0,171983,,8,1,7,0,0.0,95.0,0.0,37.723819999999996
ENSG00000186306,OR10T2,chr1,158398522,158399466,-1,0,216809,,3,1,2,0,0.0,5.0,0.0,40.4447
ENSG00000180708,OR10K2,chr1,158418210,158426237,-1,0,236497,,4,0,4,0,0.0,5.0,0.0,42.25177777777778
ENSG00000173285,OR10K1,chr1,158461574,158470857,1,0,279861,,0,0,0,0,0.0,3.0,0.0,45.99077
ENSG00000198965,OR10R2,chr1,158472220,158480936,1,0,290507,,2,0,0,1,0.0,1.0,0.0,46.80550000000001
ENSG00000197532,OR6Y1,chr1,158544550,158554405,-1,0,362837,,2,0,1,0,0.0,1.0,0.0,51.57395
ENSG00000186440,OR6P1,chr1,158560606,158570580,-1,0,378893,,4,0,3,0,0.0,2.0,0.0,52.30555454545454
ENSG00000279111,OR10X1,chr1,158578919,158579899,-1,0,397206,,1,0,0,0,0.0,1.0,0.0,52.81614999999999
ENSG00000198967,OR10Z1,chr1,158605268,158612514,1,0,423555,,4,0,0,0,0.0,10.0,0.0,53.69167777777777
ENSG00000163554,SPTA1,chr1,158610704,158686715,-1,0,428991,,44,1,19,4,0.0,944.0,0.0,54.39852467532468
ENSG00000196171,OR6K2,chr1,158699678,158700652,-1,0,470760,,0,0,0,0,0.0,4.0,0.0,54.7315
ENSG00000203757,OR6K3,chr1,158716327,158720720,-1,0,450692,,4,0,2,0,0.0,3.0,0.0,54.55623333333333
ENSG00000197403,OR6N1,chr1,158747814,158772195,-1,0,399217,,8,2,0,0,0.0,7.0,0.0,53.43312000000001
ENSG00000180433,OR6K6,chr1,158754720,158755891,1,0,415521,,1,1,0,0,0.0,2.0,0.0,53.62035
ENSG00000188340,OR6N2,chr1,158774222,158781204,-1,0,390208,,1,0,0,0,0.0,7.0,0.0,52.664625
ENSG00000163563,MNDA,chr1,158831332,158849506,1,0,321906,,12,1,11,0,0.0,146.0,0.0,48.532590000000006
ENSG00000163564,PYHIN1,chr1,158930796,158977059,1,0,194353,,30,1,28,0,0.0,85.0,0.0,39.507476595744684
ENSG00000163565,IFI16,chr1,158999953,159055156,1,0,116256,,43,3,40,0,0.0,365.0,0.0,37.00399107142857
ENSG00000289721,PYDC5,chr1,158999971,159002751,-1,0,168661,,5,0,5,0,0.0,18.0,0.0,37.24845
ENSG00000163568,AIM2,chr1,159056129,159188222,-1,1,0,0.72,117,6,81,9,0.0,699.0,0.0,38.17007969924812
ENSG00000162706,CADM3,chr1,159171609,159203313,1,2,0,0.775,50,3,37,4,0.0,80.0,0.0,37.548081249999996
ENSG00000213088,ACKR1,chr1,159204568,159206500,1,0,15860,,6,1,5,0,0.0,334.0,0.0,36.63583333333333
ENSG00000179639,FCER1A,chr1,159289714,159308224,1,0,101006,,13,2,11,0,0.0,273.0,0.0,31.925563157894736
ENSG00000196266,OR10J3,chr1,159313720,159314659,-1,0,125012,,0,0,0,0,0.0,6.0,0.0,31.66335
ENSG00000249730,OR10J4,chr1,159432204,159433138,1,0,243496,,0,0,0,0,0.0,2.0,0.0,35.2381
ENSG00000196184,OR10J1,chr1,159437845,159443078,1,0,249137,,7,0,5,0,0.0,6.0,0.0,35.64116666666667
ENSG00000184155,OR10J5,chr1,159535078,159536007,-1,0,244619,,0,0,0,0,0.0,13.0,0.0,40.49015
ENSG00000132703,APCS,chr1,159587826,159588865,1,0,191761,,1,1,0,0,0.0,641.0,0.0,43.4784
ENSG00000132693,CRP,chr1,159712289,159714589,-1,0,66037,,4,1,3,0,0.0,2756.0,0.0,51.11725
ENSG00000158716,DUSP23,chr1,159780932,159782543,1,1,0,0.77,4,1,3,0,0.0,38.0,0.0,54.204299999999996
ENSG00000181036,FCRL6,chr1,159800511,159816262,1,0,18948,,16,2,14,0,0.0,70.0,0.0,55.17160625
ENSG00000158714,SLAMF8,chr1,159826693,159837492,1,0,16724,,20,1,12,2,0.0,131.0,0.0,56.06634545454545
ENSG00000256029,,chr1,159834474,159873053,-1,1,0,0.77,52,2,41,3,0.0,2.0,0.0,56.974619999999994
ENSG00000243284,VSIG8,chr1,159854316,159862657,-1,1,0,0.77,12,1,10,0,0.0,66.0,0.0,57.18378
ENSG00000213085,CFAP45,chr1,159872364,159900165,-1,1,0,0.85,38,3,28,1,0.0,84.0,0.0,58.481182758620704
ENSG00000158710,TAGLN2,chr1,159918107,159925525,-1,1,0,0.64,21,4,17,0,0.0,246.0,0.0,60.28403333333334
ENSG00000085552,IGSF9,chr1,159927039,159949468,-1,2,0,0.795,47,1,43,2,0.0,84.0,0.0,61.04466521739131
ENSG00000162723,SLAMF9,chr1,159951492,159954237,-1,0,5485,,4,0,3,0,0.0,73.0,0.0,61.682599999999994
ENSG00000177807,KCNJ10,chr1,159998651,160070483,-1,2,0,0.85,85,5,69,4,0.0,432.0,0.0,63.91507945205478
ENSG00000143315,PIGM,chr1,160024953,160031990,-1,1,0,0.9,8,1,7,0,0.0,39.0,0.0,63.7912125
ENSG00000162728,KCNJ9,chr1,160081501,160090563,1,1,0,1.02,19,1,18,0,0.0,81.0,0.0,65.26277
ENSG00000162729,IGSF8,chr1,160091340,160101109,-1,2,0,0.73,29,2,27,0,0.0,77.0,0.0,65.61859090909091
ENSG00000018625,ATP1A2,chr1,160115758,160143595,1,0,16546,,53,1,52,0,0.0,248.0,0.0,67.17910689655172
ENSG00000132681,ATP1A4,chr1,160151586,160186980,1,0,18320,,45,1,36,1,0.0,210.0,0.0,69.10113611111112
ENSG00000143318,CASQ1,chr1,160190385,160201886,1,0,3414,,16,1,13,0,0.0,150.0,0.0,70.13596153846154
ENSG00000162734,PEA15,chr1,160205335,160215404,1,1,0,0.89,22,2,19,0,0.0,141.0,0.0,70.5088090909091
ENSG00000132716,DCAF8,chr1,160215715,160263388,-1,1,0,0.95,58,3,51,0,0.0,142.0,0.0,70.79375625
ENSG00000258465,,chr1,160216800,160285130,-1,1,0,0.95,70,4,55,2,0.0,0.0,0.0,70.7271275362319
ENSG00000162735,PEX19,chr1,160276807,160286348,-1,0,14146,,9,1,6,1,0.0,115.0,0.0,70.47281000000001
ENSG00000122218,COPA,chr1,160288594,160343566,-1,1,0,0.92,46,1,40,2,0.0,316.0,0.0,69.87149821428571
ENSG00000162736,NCSTN,chr1,160343294,160358957,1,1,0,0.92,19,1,17,0,0.0,126.0,0.0,69.36139411764707
ENSG00000171786,NHLH1,chr1,160367071,160372846,1,0,23523,,8,0,8,0,0.0,149.0,0.0,69.19178571428571
ENSG00000162738,VANGL2,chr1,160400564,160428678,1,2,0,0.905,45,0,39,1,0.0,527.0,0.0,69.07689655172413
ENSG00000162739,SLAMF6,chr1,160485030,160523273,-1,0,65434,,39,1,34,0,0.0,201.0,0.0,69.24007179487178
ENSG00000066294,CD84,chr1,160541095,160579516,-1,0,121499,,52,1,50,0,0.0,243.0,0.0,69.503515
ENSG00000117090,SLAMF1,chr1,160608100,160647044,-1,0,154849,,76,1,71,0,0.0,261.0,0.0,69.39072
ENSG00000117091,CD48,chr1,160678746,160711831,-1,0,90062,,41,1,35,0,0.0,246.0,0.0,67.83227941176472
ENSG00000026751,SLAMF7,chr1,160739057,160754821,1,0,47072,,39,1,37,0,0.0,244.0,0.0,66.56346470588237
ENSG00000122224,LY9,chr1,160796074,160828483,1,1,0,0.71,42,1,39,0,0.0,138.0,0.0,67.34588484848486
ENSG00000122223,CD244,chr1,160830160,160862904,-1,0,27997,,48,2,45,0,0.0,221.0,0.0,68.97652352941178
ENSG00000179914,ITLN1,chr1,160876539,160893012,-1,0,74376,,18,1,7,1,0.0,342.0,0.0,71.28629411764706
ENSG00000158764,ITLN2,chr1,160944266,160954889,-1,0,66039,,21,0,20,0,0.0,68.0,0.0,75.05493333333332
ENSG00000158769,F11R,chr1,160995211,161023123,-1,1,0,0.82,43,1,39,0,0.0,355.0,0.0,77.47393448275864
ENSG00000270149,,chr1,160997957,161038962,-1,2,0,0.83,57,3,48,0,0.0,0.0,0.0,77.69003095238095
ENSG00000215845,TSTD1,chr1,161037631,161038977,-1,1,0,0.84,4,2,2,0,0.0,215.0,0.0,78.06155
ENSG00000158773,USF1,chr1,161039249,161045977,-1,0,209,,8,1,7,0,0.0,173.0,0.0,78.0947375
ENSG00000186517,ARHGAP30,chr1,161046946,161069970,-1,0,7906,,30,1,26,0,0.0,99.0,0.0,78.11360416666666
ENSG00000143217,NECTIN4,chr1,161070988,161090045,-1,1,0,0.83,29,2,26,0,0.0,288.0,0.0,77.89863
ENSG00000162755,KLHDC9,chr1,161098361,161100346,1,1,0,0.77,4,1,3,0,0.0,23.0,0.0,77.52196666666667
ENSG00000143256,PFDN2,chr1,161100556,161118069,-1,1,0,0.96,19,1,17,0,0.0,43.0,0.0,77.2430111111111
ENSG00000158793,NIT1,chr1,161118082,161125445,1,1,0,0.96,15,1,13,0,0.0,52.0,0.0,76.9014625
ENSG00000158796,DEDD,chr1,161120973,161133280,-1,0,2651,,19,3,15,0,0.0,23.0,0.0,76.73998461538461
ENSG00000143222,UFC1,chr1,161152776,161158856,1,0,492,,14,1,13,0,0.0,86.0,0.0,75.96340000000001
ENSG00000143258,USP21,chr1,161159450,161165723,1,1,0,0.79,13,2,11,0,0.0,218.0,0.0,75.83087499999999
ENSG00000143224,PPOX,chr1,161165837,161178013,1,2,0,0.78,29,5,24,0,0.0,301.0,0.0,75.68221538461538
ENSG00000158850,B4GALT3,chr1,161171306,161178652,-1,1,0,0.79,17,3,13,0,0.0,63.0,0.0,75.64377777777777
ENSG00000158859,ADAMTS4,chr1,161184302,161200509,-1,0,1510,,37,3,34,0,0.0,215.0,0.0,75.56697222222222
ENSG00000158864,NDUFS2,chr1,161197104,161214723,1,1,0,0.97,32,5,26,0,0.0,232.0,0.0,75.65705263157894
ENSG00000158869,FCER1G,chr1,161215234,161220699,1,0,12768,,13,1,12,0,0.0,536.0,0.0,75.83737142857142
ENSG00000158874,APOA2,chr1,161222290,161224305,-1,0,19824,,4,1,1,0,0.0,332.0,0.0,75.9439
ENSG00000158882,TOMM40L,chr1,161225939,161233754,1,0,23473,,13,4,7,0,0.0,37.0,0.0,76.1219888888889
ENSG00000143257,NR1I3,chr1,161229666,161238262,-1,0,20425,,10,1,7,0,0.0,514.0,0.0,76.23507777777778
ENSG00000248485,PCP4L1,chr1,161258136,161285450,1,1,0,0.82,30,1,21,1,0.0,42.0,0.0,77.57686071428573
ENSG00000158887,MPZ,chr1,161304735,161309968,-1,0,4017,,11,1,10,0,0.0,632.0,0.0,78.82441666666666
ENSG00000143252,SDHC,chr1,161314381,161363206,1,1,0,0.73,29,1,22,1,0.0,251.0,0.0,79.29147
ENSG00000188931,CFAP126,chr1,161364733,161367885,-1,0,21824,,2,1,1,0,0.0,42.0,0.0,79.295975
ENSG00000143226,FCGR2A,chr1,161505415,161524013,1,0,221,,21,1,19,0,0.0,1135.0,0.0,77.333375
ENSG00000173110,HSPA6,chr1,161524540,161526894,1,1,0,0.92,6,1,5,0,0.0,127.0,0.0,77.39819999999999
ENSG00000203747,FCGR3A,chr1,161541759,161550968,-1,0,10797,,12,1,11,0,0.0,948.0,0.0,77.52656
ENSG00000289768,,chr1,161544807,161631456,-1,2,0,0.865,59,1,47,1,0.0,0.0,0.0,77.4579632183908
ENSG00000244682,FCGR2C,chr1,161581339,161605662,1,0,82,,12,0,6,0,0.0,800.0,0.0,77.52919615384616
ENSG00000162747,FCGR3B,chr1,161623196,161631963,-1,0,10609,,7,0,7,0,0.0,925.0,0.0,77.03804000000001
ENSG00000072694,FCGR2B,chr1,161662803,161679490,1,0,46357,,10,0,9,0,2.0,1058.0,1.0,75.72172352941176
ENSG00000132185,FCRLA,chr1,161706958,161714352,1,0,11495,,9,1,8,0,0.0,152.0,0.0,74.0470375
ENSG00000162746,FCRLB,chr1,161721544,161728143,1,1,0,0.89,18,2,16,0,0.0,78.0,0.0,73.36501428571428
ENSG00000081721,DUSP12,chr1,161749758,161757238,1,1,0,0.82,5,1,4,0,0.0,66.0,0.0,72.002825
ENSG00000118217,ATF6,chr1,161766261,161977574,1,0,6252,,190,3,153,11,0.0,504.0,0.0,67.10113004694837
ENSG00000162745,OLFML2B,chr1,161983192,162023869,-1,2,0,0.81,54,1,47,1,0.0,90.0,0.0,62.60588333333332
ENSG00000198929,NOS1AP,chr1,162069691,162370475,1,2,0,0.895,357,4,322,8,0.0,345.0,0.0,63.72529069767442
ENSG00000254706,,chr1,162365407,162383531,1,1,0,0.83,30,2,25,0,0.0,0.0,0.0,72.690055
ENSG00000171722,SPATA46,chr1,162373203,162376874,-1,0,5672,,6,0,5,0,0.0,140.0,0.0,72.73754
ENSG00000239887,C1orf226,chr1,162378841,162386812,1,0,11310,,16,1,13,0,0.0,23.0,0.0,73.28581111111112
ENSG00000198574,SH2D1B,chr1,162395268,162412138,-1,0,27737,,14,1,13,0,0.0,65.0,0.0,74.40554444444444
ENSG00000152332,UHMK1,chr1,162497251,162529631,1,1,0,0.9,15,2,9,1,0.0,99.0,0.0,72.07141470588238
ENSG00000117143,UAP1,chr1,162561481,162601259,1,1,0,0.92,54,2,51,0,0.0,199.0,0.0,68.23476097560976
ENSG00000162733,DDR2,chr1,162630863,162787405,1,0,3055,,147,2,125,10,1.0,448.0,1.0,64.32752292993631
ENSG00000132196,HSD17B7,chr1,162790702,162812823,1,1,0,0.92,11,1,9,0,0.0,135.0,0.0,59.474052173913044
ENSG00000185860,CCDC190,chr1,162824458,162868957,-1,0,1674,,43,2,38,0,0.0,21.0,0.0,56.31038478260871
ENSG00000117152,RGS4,chr1,163068775,163076802,1,0,244887,,16,3,13,0,0.0,301.0,0.0,42.22334444444445
ENSG00000143248,RGS5,chr1,163111121,163321791,-1,1,0,0.93,162,3,123,5,0.0,321.0,0.0,36.4048179245283
ENSG00000143228,NUF2,chr1,163266576,163355766,1,1,0,0.93,63,1,41,3,0.0,196.0,0.0,33.18431777777778
ENSG00000185630,PBX1,chr1,164555584,164899296,1,1,0,0.96,436,4,414,6,3.0,481.0,1.0,36.84874331395349
ENSG00000162761,LMX1A,chr1,165201867,165356715,-1,4,0,0.8975,140,3,91,8,0.0,369.0,0.0,44.60468397435898
ENSG00000143171,RXRG,chr1,165400922,165445355,-1,0,43831,,50,1,39,4,0.0,212.0,0.0,55.31243555555556
ENSG00000162763,LRRC52,chr1,165544000,165563957,1,0,34071,,10,1,6,0,0.0,59.0,0.0,62.893500000000024
ENSG00000143198,MGST3,chr1,165630874,165661796,1,1,0,0.86,44,4,39,0,0.0,56.0,0.0,69.733565625
ENSG00000143149,ALDH9A1,chr1,165662216,165698597,-1,1,0,1.06,27,1,24,1,0.0,292.0,0.0,71.58085263157895
ENSG00000143183,TMCO1,chr1,165724293,165827755,-1,2,0,0.97,68,3,41,5,0.0,285.0,0.0,70.73758761904762
ENSG00000143179,UCK2,chr1,165827586,165911618,1,1,0,1.01,126,4,115,0,0.0,159.0,0.0,66.14944588235295
ENSG00000188859,FAM78B,chr1,166057426,166167001,-1,1,0,0.86,84,5,57,7,0.0,34.0,0.0,53.03892972972972
ENSG00000143157,POGK,chr1,166839314,166860347,1,1,0,0.98,24,3,21,0,0.0,35.0,0.0,53.481472727272724
ENSG00000152382,TADA1,chr1,166856510,166876360,-1,1,0,0.91,21,2,16,0,0.0,126.0,0.0,53.08356
ENSG00000143195,ILDR2,chr1,166895711,166975540,-1,3,0,1.0467,88,1,82,1,0.0,88.0,0.0,51.48616419753087
ENSG00000143194,MAEL,chr1,166975582,167022214,1,2,0,1.09,30,3,19,2,0.0,191.0,0.0,51.88707021276596
ENSG00000143167,GPA33,chr1,167048289,167166479,-1,1,0,0.87,149,5,120,7,0.0,165.0,0.0,58.04459747899159
ENSG00000198842,STYXL2,chr1,167094075,167129165,1,1,0,0.87,52,3,47,0,0.0,29.0,0.0,58.557327777777786
ENSG00000143190,POU2F1,chr1,167220876,167427345,1,1,0,0.91,206,2,175,6,0.0,299.0,0.0,65.12635362318841
ENSG00000198821,CD247,chr1,167425027,167518640,-1,2,0,0.76,193,3,189,0,0.0,497.0,0.0,72.18652631578946
ENSG00000143162,CREG1,chr1,167529117,167553822,-1,1,0,0.97,44,2,39,2,0.0,119.0,0.0,76.40666538461538
ENSG00000198771,RCSD1,chr1,167629660,167708706,1,1,0,0.91,123,3,117,0,0.0,67.0,0.0,81.72977
ENSG00000197965,MPZL1,chr1,167721192,167791919,1,1,0,0.87,100,2,85,0,0.0,62.0,0.0,81.05375555555555
ENSG00000143199,ADCY10,chr1,167809386,167914215,-1,1,0,0.8,109,3,84,7,0.0,583.0,0.0,78.22977547169813
ENSG00000143158,MPC2,chr1,167916675,167937502,-1,2,0,0.805,37,4,30,0,0.0,101.0,0.0,75.27373636363637
ENSG00000143164,DCAF6,chr1,167935783,168076223,1,3,0,0.8733,96,4,49,7,0.0,66.0,0.0,72.02277659574467
ENSG00000143147,GPR161,chr1,168079542,168137685,-1,1,0,0.86,75,3,62,0,0.0,151.0,0.0,69.8872406779661
ENSG00000143155,TIPRL,chr1,168178918,168202114,1,1,0,0.84,20,1,15,0,0.0,140.0,0.0,70.22003333333333
ENSG00000213064,SFT2D2,chr1,168225938,168253021,1,1,0,0.77,33,1,30,0,0.0,39.0,0.0,69.83367857142858
ENSG00000143178,TBX19,chr1,168280877,168314426,1,0,54276,,32,0,20,1,0.0,152.0,0.0,67.91955294117648
ENSG00000143185,XCL2,chr1,168540768,168543997,-1,0,314167,,4,1,3,0,0.0,162.0,0.0,56.36435
ENSG00000143184,XCL1,chr1,168576605,168582069,1,0,350004,,5,1,3,0,0.0,311.0,0.0,53.07443333333333
ENSG00000143196,DPT,chr1,168695457,168729206,-1,0,376322,,39,1,35,1,0.0,191.0,0.0,43.44405714285714
ENSG00000143153,ATP1B1,chr1,169105697,169310992,1,1,0,0.86,176,9,130,7,0.0,227.0,0.0,42.01738155339807
ENSG00000143156,NME7,chr1,169132531,169367948,-1,0,25358,,180,1,128,13,0.0,137.0,0.0,43.263868220338985
ENSG00000117475,BLZF1,chr1,169367970,169396540,1,0,30843,,21,2,12,2,0.0,73.0,0.0,50.10212
ENSG00000117477,CCDC181,chr1,169394870,169460669,-1,1,0,0.9,25,2,10,2,0.0,261.0,0.0,51.438264179104486
ENSG00000117479,SLC19A2,chr1,169463909,169485944,-1,1,0,0.93,28,1,21,3,0.0,363.0,0.0,51.538186956521734
ENSG00000198734,F5,chr1,169511951,169586588,-1,0,25612,,66,1,56,0,0.0,543.0,0.0,49.78490394736841
ENSG00000174175,SELP,chr1,169588421,169630193,-1,0,102082,,40,1,34,2,0.0,963.0,0.0,47.97388604651162
ENSG00000000460,FIRRM,chr1,169662007,169855456,1,1,0,0.86,178,6,136,7,0.0,214.0,0.0,42.18412113402062
ENSG00000188404,SELL,chr1,169690665,169712202,-1,0,82630,,37,1,36,0,0.0,868.0,0.0,44.23281363636364
ENSG00000007908,SELE,chr1,169722640,169764705,-1,0,30127,,34,1,21,2,0.0,905.0,0.0,42.34991162790698
ENSG00000171806,METTL18,chr1,169792529,169794991,-1,1,0,0.86,5,2,2,0,0.0,43.0,0.0,40.6856
ENSG00000000457,SCYL3,chr1,169846981,169894267,-1,1,0,0.89,51,2,41,0,0.0,115.0,0.0,39.486425
ENSG00000075945,KIFAP3,chr1,169921326,170085208,-1,1,0,0.77,100,3,68,10,0.0,213.0,0.0,35.784230120481936
ENSG00000203740,NTMT2,chr1,170145959,170168866,1,0,71103,,21,1,16,0,0.0,42.0,0.0,31.760212500000005
ENSG00000120370,GORAB,chr1,170531819,170553834,1,0,107481,,17,2,11,1,0.0,139.0,0.0,27.211300000000005
ENSG00000116132,PRRX1,chr1,170662728,170739421,1,1,0,0.75,118,4,113,0,0.0,681.0,0.0,25.396641558441555
ENSG00000117501,MROH9,chr1,170935429,171064765,1,0,270392,,51,0,23,6,0.0,142.0,0.0,28.379258015267173
ENSG00000007933,FMO3,chr1,171085113,171118675,1,0,366703,,21,1,18,0,0.0,157.0,0.0,32.53208571428571
ENSG00000094963,FMO2,chr1,171185249,171212686,1,0,272692,,23,1,21,0,0.0,95.0,0.0,38.17849655172413
ENSG00000010932,FMO1,chr1,171248471,171285978,1,0,199400,,39,4,32,0,0.0,127.0,0.0,42.592033333333326
ENSG00000076258,FMO4,chr1,171314091,171343741,1,0,141637,,23,1,12,5,0.0,38.0,0.0,46.901764516129035
ENSG00000117523,PRRC2C,chr1,171485530,171593511,1,1,0,0.78,73,2,59,1,0.0,74.0,0.0,60.91494495412844
ENSG00000283683,MYOCOS,chr1,171600621,171638799,1,0,32008,,29,1,17,3,0.0,14.0,0.0,63.32982564102565
ENSG00000034971,MYOC,chr1,171635417,171652688,-1,0,18119,,19,1,15,2,0.0,162.0,0.0,63.67806842105264
ENSG00000117533,VAMP4,chr1,171700160,171743206,-1,1,0,0.9,34,1,25,1,0.0,91.0,0.0,64.14000227272727
ENSG00000010165,METTL13,chr1,171781660,171814023,1,2,0,0.84,35,0,30,1,0.0,215.0,0.0,62.705778787878785
ENSG00000197959,DNM3,chr1,171817887,172418466,1,1,0,0.81,550,6,468,15,0.0,158.0,0.0,45.35072778702163
ENSG00000135845,PIGC,chr1,172370189,172444148,-1,1,0,0.73,94,1,87,1,0.0,144.0,0.0,37.54249733333334
ENSG00000180999,C1orf105,chr1,172420685,172468831,1,1,0,0.73,55,2,50,0,0.0,80.0,0.0,37.23082653061225
ENSG00000094975,SUCO,chr1,172532349,172611833,1,1,0,0.95,67,4,60,0,0.0,166.0,0.0,37.358751851851856
ENSG00000117560,FASLG,chr1,172659102,172666876,1,0,125697,,11,1,10,0,0.0,1708.0,0.0,37.17912222222222
ENSG00000120337,TNFSF18,chr1,173039202,173050941,-1,0,425898,,13,1,10,1,0.0,188.0,0.0,44.22226923076923
ENSG00000117586,TNFSF4,chr1,173162645,173477583,-1,1,0,1.04,300,4,220,16,0.0,425.0,0.0,57.661325
ENSG00000117592,PRDX6,chr1,173476814,173489064,1,1,0,1.04,17,2,14,0,0.0,337.0,0.0,61.841884615384615
ENSG00000162753,SLC9C2,chr1,173500460,173603072,-1,0,22494,,72,1,51,9,0.0,46.0,0.0,62.45506634615385
ENSG00000285777,,chr1,173596060,173669837,-1,1,0,0.74,45,3,23,3,0.0,1.0,0.0,62.669676
ENSG00000183831,ANKRD45,chr1,173608336,173669851,-1,1,0,0.74,38,2,19,2,0.0,63.0,0.0,62.753163492063486
ENSG00000232113,TEX50,chr1,173635338,173637130,1,0,32393,,1,0,0,0,0.0,12.0,0.0,62.56303333333333
ENSG00000076321,KLHL20,chr1,173714919,173786820,1,0,37330,,32,1,21,1,0.0,118.0,0.0,67.78464383561645
ENSG00000120334,CENPL,chr1,173799550,173824883,-1,1,0,0.97,12,4,3,1,0.0,72.0,0.0,69.59119615384614
ENSG00000117593,DARS2,chr1,173824540,173858808,1,1,0,0.97,22,2,16,0,0.0,168.0,0.0,70.10791714285713
ENSG00000185278,ZBTB37,chr1,173868082,173903547,1,1,0,0.71,21,2,16,0,0.0,47.0,0.0,71.1943054054054
ENSG00000117601,SERPINC1,chr1,173903519,173917543,-1,0,34740,,9,1,4,0,0.0,733.0,0.0,72.02744666666668
ENSG00000135870,RC3H1,chr1,173931084,174022357,-1,1,0,0.98,53,2,39,2,0.0,439.0,0.0,73.66168586956522
ENSG00000293562,,chr1,174022122,174022298,-1,1,0,0.98,2,2,0,0,0.0,15.0,0.0,73.7231
ENSG00000152061,RABGAP1L,chr1,174159410,174995308,1,1,0,0.93,594,11,415,39,0.0,130.0,0.0,52.357054121863804
ENSG00000203737,GPR52,chr1,174447964,174449545,1,0,288055,,5,1,4,0,0.0,67.0,0.0,53.0101
ENSG00000116161,CACYBP,chr1,174999163,175012027,1,1,0,1.0,21,5,16,0,0.0,171.0,0.0,50.614713333333334
ENSG00000120333,MRPS14,chr1,175010789,175023432,-1,1,0,0.83,17,2,14,0,0.0,54.0,0.0,50.76530000000001
ENSG00000120332,TNN,chr1,175067509,175148075,1,1,0,0.91,92,1,68,5,0.0,403.0,0.0,49.419190123456794
ENSG00000235750,KIAA0040,chr1,175156986,175193265,-1,1,0,0.81,54,1,52,0,0.0,51.0,0.0,46.4752
ENSG00000116147,TNR,chr1,175315194,175743595,-1,1,0,0.91,384,1,218,35,0.0,158.0,0.0,38.532363720930235
ENSG00000143207,COP1,chr1,175944828,176207510,-1,1,0,1.08,163,3,97,15,0.0,259.0,0.0,40.540854924242424
ENSG00000116183,PAPPA2,chr1,176463171,176845601,1,0,255496,,274,0,184,19,0.0,289.0,0.0,33.208547395833335
ENSG00000152092,ASTN1,chr1,176857302,177164973,-1,1,0,0.81,247,2,157,14,0.0,188.0,0.0,33.017163754045306
ENSG00000198797,BRINP2,chr1,177170890,177282422,1,2,0,0.885,94,1,64,6,0.0,112.0,0.0,25.611648214285715
ENSG00000120341,SEC16B,chr1,177923956,177984303,-1,0,53392,,73,1,61,0,0.0,92.0,0.0,26.267016393442624
ENSG00000075391,RASAL2,chr1,178093768,178484147,1,1,0,0.84,321,4,255,20,0.0,138.0,0.0,36.67295549872123
ENSG00000188585,CLEC20A,chr1,178479240,178499634,-1,1,0,0.77,23,1,11,4,0.0,5.0,0.0,42.4221
ENSG00000240021,TEX35,chr1,178513109,178548602,1,1,0,0.74,46,1,36,5,0.0,14.0,0.0,43.799945945945936
ENSG00000116191,RALGPS2,chr1,178725165,178921842,1,1,0,0.98,140,5,117,2,0.0,60.0,0.0,62.55050454545454
ENSG00000116194,ANGPTL1,chr1,178849535,178872204,-1,0,123522,,22,1,20,0,0.0,190.0,0.0,64.9947695652174
ENSG00000116199,FAM20B,chr1,179025804,179076567,1,1,0,0.92,67,2,57,0,0.0,123.0,0.0,65.66490192307691
ENSG00000186283,TOR3A,chr1,179081854,179098023,1,1,0,0.82,30,1,29,0,0.0,28.0,0.0,66.27871764705883
ENSG00000143322,ABL2,chr1,179099330,179229684,-1,1,0,1.03,131,4,107,4,0.0,424.0,0.0,67.73607424242424
ENSG00000057252,SOAT1,chr1,179293440,179358680,1,1,0,0.81,59,1,55,1,0.0,1304.0,0.0,62.39424328358209
ENSG00000162779,AXDND1,chr1,179365720,179554735,1,1,0,0.88,92,2,48,12,0.0,182.0,0.0,58.25187684210527
ENSG00000116218,NPHS2,chr1,179550494,179575952,-1,1,0,0.85,15,2,8,2,0.0,316.0,0.0,58.287177777777785
ENSG00000162782,TDRD5,chr1,179591613,179691272,1,1,0,0.74,38,2,10,5,0.0,183.0,0.0,61.32435600000001
ENSG00000143340,FAM163A,chr1,179743291,179817055,1,1,0,0.85,87,1,74,5,0.0,48.0,0.0,69.33727333333333
ENSG00000169905,TOR1AIP2,chr1,179839967,179883034,-1,2,0,0.97,46,4,37,0,0.0,34.0,0.0,73.26709772727274
ENSG00000143337,TOR1AIP1,chr1,179882042,179920077,1,1,0,0.9,24,3,16,1,0.0,98.0,0.0,73.61580769230768
ENSG00000293564,,chr1,179882316,179882393,1,1,0,0.9,1,1,0,0,0.0,5.0,0.0,73.6682
ENSG00000135837,CEP350,chr1,179954674,180114880,1,1,0,0.8,106,2,81,5,0.0,63.0,0.0,69.06811913580246
ENSG00000116260,QSOX1,chr1,180154869,180204030,1,1,0,1.08,87,1,76,5,0.0,240.0,0.0,68.48532799999998
ENSG00000121454,LHX4,chr1,180230188,180278984,1,1,0,0.81,93,1,73,3,0.0,93.0,0.0,69.11258
ENSG00000230124,ACBD6,chr1,180269653,180502954,-1,1,0,0.87,153,3,98,10,0.0,55.0,0.0,71.29218547008547
ENSG00000143324,XPR1,chr1,180632016,180890279,1,1,0,0.81,162,1,98,11,0.0,125.0,0.0,71.32102316602315
ENSG00000135835,KIAA1614,chr1,180912897,180951614,1,2,0,0.84,82,2,75,3,0.0,35.0,0.0,69.8760975
ENSG00000135823,STX6,chr1,180972712,181023121,-1,2,0,0.86,51,3,46,2,0.0,126.0,0.0,71.22955098039216
ENSG00000153029,MR1,chr1,181033374,181061938,1,0,10361,,35,2,29,2,0.0,325.0,0.0,71.81623333333333
ENSG00000162783,IER5,chr1,181088700,181092900,1,1,0,0.97,12,1,11,0,0.0,74.0,0.0,71.5607
ENSG00000198216,CACNA1E,chr1,181317690,181813262,1,6,0,0.8283,400,3,245,39,0.0,328.0,0.0,53.28405887096774
ENSG00000179930,ZNF648,chr1,182054570,182061712,-1,1,0,0.86,8,1,3,1,0.0,24.0,0.0,70.0098875
ENSG00000135821,GLUL,chr1,182378098,182392206,-1,1,0,0.85,33,4,29,0,0.0,594.0,0.0,81.95536666666665
ENSG00000203730,TEDDM1,chr1,182398117,182400667,-1,0,5689,,5,1,3,0,0.0,21.0,0.0,81.41242500000001
ENSG00000121446,RGSL1,chr1,182409192,182560599,1,0,16764,,86,0,33,9,0.0,30.0,0.0,74.79236862745098
ENSG00000135828,RNASEL,chr1,182573634,182589272,-1,0,14968,,14,1,11,1,0.0,226.0,0.0,67.22380625
ENSG00000143333,RGS16,chr1,182598623,182604394,-1,1,0,0.79,15,1,14,0,0.0,155.0,0.0,66.22736666666667
ENSG00000135824,RGS8,chr1,182641816,182684587,-1,0,26406,,60,3,50,1,0.0,68.0,0.0,63.900115909090914
ENSG00000135838,NPL,chr1,182789293,182831017,1,1,0,1.06,42,3,30,5,0.0,192.0,0.0,63.27570697674418
ENSG00000135829,DHX9,chr1,182839302,182887982,1,1,0,1.09,45,2,40,1,0.0,284.0,0.0,64.046526
ENSG00000157060,SHCBP1L,chr1,182899865,182953525,-1,1,0,0.81,33,3,15,4,0.0,138.0,0.0,61.85915818181819
ENSG00000135862,LAMC1,chr1,183023420,183145592,1,1,0,0.96,153,1,144,3,0.0,448.0,0.0,50.65486129032257
ENSG00000058085,LAMC2,chr1,183186057,183245127,1,0,161822,,85,1,83,1,0.0,855.0,0.0,47.11461833333333
ENSG00000157064,NMNAT2,chr1,183248237,183418380,-1,1,0,0.81,179,2,161,3,0.0,167.0,0.0,47.65553742690058
ENSG00000116698,SMG7,chr1,183471957,183598246,1,1,0,0.95,160,5,151,2,0.0,62.0,0.0,52.266130708661414
ENSG00000116701,NCF2,chr1,183554461,183593499,-1,0,41649,,70,2,68,0,0.0,387.0,0.0,53.46163750000001
ENSG00000162704,ARPC5,chr1,183620846,183635783,-1,1,0,0.88,24,2,21,0,0.0,91.0,0.0,54.82195
ENSG00000143344,RGL1,chr1,183636085,183928532,1,1,0,0.88,343,6,297,9,0.0,155.0,0.0,60.14032448979592
ENSG00000173627,APOBEC4,chr1,183646275,183653316,-1,0,10077,,11,1,10,0,0.0,26.0,0.0,55.196012499999995
ENSG00000198756,COLGALT2,chr1,183929854,184037729,-1,1,0,0.81,141,1,134,1,0.0,77.0,0.0,69.03562935779816
ENSG00000198860,TSEN15,chr1,184051651,184123978,1,1,0,1.0,50,1,36,3,0.0,55.0,0.0,65.54270273972602
ENSG00000116667,C1orf21,chr1,184386098,184629019,1,1,0,0.9,288,3,270,3,0.0,112.0,0.0,56.723633196721316
ENSG00000116406,EDEM3,chr1,184690237,184754907,-1,1,0,0.85,53,2,42,0,0.0,114.0,0.0,63.75877272727272
ENSG00000135842,NIBAN1,chr1,184790724,184974611,-1,1,0,0.87,202,1,193,1,0.0,104.0,0.0,64.1286772972973
ENSG00000121481,RNF2,chr1,185044865,185102603,1,1,0,0.99,49,2,33,0,0.0,164.0,0.0,64.2993474576271
ENSG00000121486,TRMT1L,chr1,185118085,185157072,-1,1,0,0.82,26,1,15,3,0.0,56.0,0.0,61.50344
ENSG00000116668,SWT1,chr1,185156103,185291983,1,1,0,0.82,104,3,67,8,0.0,41.0,0.0,58.15538540145985
ENSG00000116679,IVNS1ABP,chr1,185292931,185317780,-1,1,0,0.96,26,2,24,0,0.0,450.0,0.0,56.996788461538465
ENSG00000143341,HMCN1,chr1,185734391,186190949,1,0,184043,,347,1,275,14,0.0,186.0,0.0,32.97680174672489
ENSG00000116690,PRG4,chr1,186296270,186314567,1,0,60425,,18,0,18,0,0.0,264.0,0.0,33.720385
ENSG00000047410,TPR,chr1,186311652,186375693,-1,1,0,0.89,32,2,22,4,0.0,298.0,0.0,32.761563076923075
ENSG00000157181,ODR4,chr1,186375505,186421378,1,1,0,0.89,29,2,20,3,0.0,38.0,0.0,31.46345869565218
ENSG00000116703,PDC,chr1,186443566,186461114,-1,0,67850,,14,0,9,2,0.0,663.0,0.0,30.307322222222222
ENSG00000073756,PTGS2,chr1,186671791,186680922,-1,1,0,0.84,22,3,17,2,0.0,2245.0,0.0,24.62956
ENSG00000116711,PLA2G4A,chr1,186828949,186988986,1,0,148000,,152,1,129,5,0.0,734.0,0.0,26.810116770186333
ENSG00000162670,BRINP3,chr1,190097658,190478404,-1,0,2330098,,205,2,74,31,0.0,118.0,0.0,23.001959317585303
ENSG00000150681,RGS18,chr1,192158462,192185815,1,0,622687,,26,1,24,0,0.0,110.0,0.0,40.84317931034482
ENSG00000253148,RGS21,chr1,192316992,192367285,1,0,441217,,21,0,7,6,0.0,17.0,0.0,38.274543137254895
ENSG00000090104,RGS1,chr1,192575763,192580024,1,0,228478,,10,1,9,0,0.0,353.0,0.0,40.4452
ENSG00000127074,RGS13,chr1,192636061,192660311,1,0,148191,,21,1,19,0,0.0,231.0,0.0,43.2689
ENSG00000116741,RGS2,chr1,192809039,192812275,1,1,0,0.93,9,1,8,0,0.0,349.0,0.0,54.633875
ENSG00000116750,UCHL5,chr1,193012246,193060080,-1,1,0,0.84,28,3,20,1,0.0,117.0,0.0,64.5497530612245
ENSG00000116747,RO60,chr1,193059445,193091777,1,1,0,0.84,33,2,25,0,0.0,533.0,0.0,64.02520294117646
ENSG00000023572,GLRX2,chr1,193090866,193106114,-1,1,0,1.01,11,2,9,0,0.0,101.0,0.0,63.17420625
ENSG00000134371,CDC73,chr1,193115732,193264613,1,1,0,0.99,112,2,80,7,3.0,379.0,1.0,59.871418
ENSG00000162630,B3GALT2,chr1,193178730,193186613,-1,0,56636,,17,1,16,0,0.0,69.0,0.0,59.770833333333336
ENSG00000162687,KCNT2,chr1,196225779,196609225,-1,1,0,0.73,214,2,134,21,0.0,109.0,0.0,34.044916406249996
ENSG00000000971,CFH,chr1,196651754,196752476,1,0,42873,,47,1,31,2,0.0,828.0,0.0,33.393749504950485
ENSG00000289697,,chr1,196651852,196795393,1,0,42971,,58,2,36,2,0.0,0.0,0.0,33.30335347222222
ENSG00000116785,CFHR3,chr1,196774742,196797364,1,0,80664,,7,1,4,0,0.0,114.0,0.0,33.14011304347826
ENSG00000244414,CFHR1,chr1,196819314,196837159,1,0,40869,,1,0,0,0,0.0,189.0,0.0,33.36344736842104
ENSG00000134365,CFHR4,chr1,196888014,196920294,1,0,9726,,14,1,7,2,0.0,65.0,0.0,33.91140000000001
ENSG00000080910,CFHR2,chr1,196943731,196964115,1,0,65443,,8,0,1,1,0.0,72.0,0.0,34.98634761904761
ENSG00000134389,CFHR5,chr1,196975010,197009678,1,0,96722,,18,1,7,1,0.0,117.0,0.0,36.35711944444444
ENSG00000143278,F13B,chr1,197038737,197067260,-1,0,78888,,11,1,5,0,0.0,148.0,0.0,38.43918620689656
ENSG00000066279,ASPM,chr1,197084121,197146694,-1,1,0,0.88,64,3,51,0,0.0,839.0,0.0,39.410495312500004
ENSG00000177888,ZBTB41,chr1,197153682,197201449,-1,1,0,0.98,35,2,28,0,0.0,49.0,0.0,39.29956875
ENSG00000134376,CRB1,chr1,197268204,197478455,1,0,66615,,164,1,107,9,0.0,360.0,0.0,35.00440521327014
ENSG00000213047,DENND1B,chr1,197504748,197775706,-1,1,0,0.82,170,2,102,15,0.0,166.0,0.0,44.51806838235294
ENSG00000203724,C1orf53,chr1,197902449,197907368,1,1,0,1.04,12,1,6,0,0.0,36.0,0.0,45.84311666666667
ENSG00000143355,LHX9,chr1,197911902,197935478,1,4,0,0.8125,47,5,40,0,0.0,345.0,0.0,44.62497083333333
ENSG00000151414,NEK7,chr1,198156883,198322451,1,2,0,0.875,173,1,156,0,0.0,225.0,0.0,43.107346987951814
ENSG00000151418,ATP6V1G3,chr1,198523222,198540945,-1,0,363988,,24,1,23,0,0.0,74.0,0.0,46.326663157894735
ENSG00000081237,PTPRC,chr1,198629900,198759346,1,0,470666,,157,2,151,0,0.0,1661.0,0.0,39.628037692307686
ENSG00000116833,NR5A2,chr1,200027597,200177420,1,6,0,0.9083,176,2,145,8,0.0,402.0,0.0,37.034672666666665
ENSG00000162702,ZNF281,chr1,200404940,200410056,-1,1,0,0.89,10,2,7,0,0.0,117.0,0.0,56.632133333333336
ENSG00000118193,KIF14,chr1,200551497,200620771,-1,1,0,0.8,24,1,14,2,0.0,309.0,0.0,64.03761549295774
ENSG00000118197,DDX59,chr1,200623896,200670049,-1,1,0,0.9,54,2,47,0,0.0,88.0,0.0,66.16314680851065
ENSG00000118200,CAMSAP2,chr1,200738893,200860707,1,1,0,0.98,94,2,68,2,0.0,85.0,0.0,60.86070325203252
ENSG00000170128,GPR25,chr1,200872981,200874178,1,1,0,0.85,4,1,3,0,0.0,43.0,0.0,57.7744
ENSG00000163362,INAVA,chr1,200891003,200915742,1,2,0,0.75,51,2,48,0,0.0,134.0,0.0,57.51315769230769
ENSG00000116852,KIF21B,chr1,200969390,201023714,-1,2,0,0.89,95,2,85,1,0.0,119.0,0.0,59.09991964285714
ENSG00000081248,CACNA1S,chr1,201039512,201112451,-1,0,1879,,105,1,79,10,0.0,620.0,0.0,59.796994520547926
ENSG00000232237,ASCL5,chr1,201113943,201127184,-1,1,0,0.79,23,1,16,1,0.0,18.0,0.0,59.1829142857143
ENSG00000116857,TMEM9,chr1,201134772,201172330,-1,2,0,0.755,52,3,39,3,0.0,40.0,0.0,58.58396578947367
ENSG00000163395,IGFN1,chr1,201190824,201228952,1,1,0,0.62,49,1,18,9,0.0,48.0,0.0,58.65811538461539
ENSG00000081277,PKP1,chr1,201283452,201332993,1,1,0,0.75,77,1,76,0,0.0,145.0,0.0,62.98107450980391
ENSG00000118194,TNNT2,chr1,201359002,201379773,-1,0,19360,,51,2,49,0,0.0,673.0,0.0,66.08538636363636
ENSG00000159166,LAD1,chr1,201380833,201399915,-1,1,0,0.85,33,3,28,1,0.0,139.0,0.0,66.98858
ENSG00000159173,TNNI1,chr1,201403784,201429866,-1,0,3880,,45,2,43,0,0.0,84.0,0.0,68.12108148148148
ENSG00000174307,PHLDA3,chr1,201464278,201469237,-1,1,0,0.83,12,3,9,0,0.0,91.0,0.0,70.4797
ENSG00000159176,CSRP1,chr1,201483530,201513100,-1,1,0,0.88,62,3,55,0,0.0,137.0,0.0,72.07587
ENSG00000134369,NAV1,chr1,201538982,201826969,1,3,0,0.75,443,7,402,1,0.0,136.0,0.0,74.08684325259514
ENSG00000198700,IPO9,chr1,201829104,201884291,1,1,0,1.0,51,2,44,0,0.0,71.0,0.0,76.34859642857143
ENSG00000198892,SHISA4,chr1,201888679,201892587,1,1,0,0.74,10,1,7,0,0.0,56.0,0.0,76.84084
ENSG00000163431,LMOD1,chr1,201896456,201946551,-1,0,7278,,74,1,63,0,0.0,374.0,0.0,77.31555192307692
ENSG00000134375,TIMM17A,chr1,201955476,201970664,1,1,0,0.76,13,1,8,0,0.0,51.0,0.0,77.85356470588236
ENSG00000176393,RNPEP,chr1,201982372,202006147,1,1,0,0.85,30,1,26,0,0.0,145.0,0.0,77.880528
ENSG00000163435,ELF3,chr1,202007945,202017183,1,0,24494,,24,3,21,0,0.0,425.0,0.0,77.67604000000001
ENSG00000170075,GPR37L1,chr1,202122886,202133592,1,0,10431,,26,1,25,0,0.0,70.0,0.0,73.55556666666665
ENSG00000143862,ARL8A,chr1,202133404,202144743,-1,1,0,1.08,19,1,18,0,0.0,21.0,0.0,73.13364615384616
ENSG00000143851,PTPN7,chr1,202147012,202161588,-1,0,1997,,31,3,27,1,0.0,81.0,0.0,72.53066874999999
ENSG00000133067,LGR6,chr1,202193692,202319781,1,2,0,0.88,182,4,158,3,0.0,726.0,0.0,69.24269370078738
ENSG00000077152,UBE2T,chr1,202328714,202341984,-1,1,0,0.96,11,1,5,1,0.0,152.0,0.0,67.94722857142857
ENSG00000077157,PPP1R12B,chr1,202348666,202592706,1,1,0,0.95,266,4,247,3,0.0,87.0,0.0,67.84912938775508
ENSG00000143858,SYT2,chr1,202590596,202710526,-1,2,0,0.81,146,3,94,6,0.0,303.0,0.0,67.48977438016529
ENSG00000117139,KDM5B,chr1,202724495,202808487,-1,1,0,0.91,85,1,58,3,0.0,298.0,0.0,69.07038235294117
ENSG00000183155,RABIF,chr1,202878282,202889149,-1,1,0,0.9,11,1,7,0,0.0,22.0,0.0,74.13787500000001
ENSG00000117153,KLHL12,chr1,202891096,202928636,-1,1,0,0.88,18,1,16,1,0.0,46.0,0.0,74.49911794871792
ENSG00000159346,ADIPOR1,chr1,202940090,202958572,-1,1,0,0.81,18,1,16,0,0.0,419.0,0.0,73.94438499999998
ENSG00000159348,CYB5R1,chr1,202961118,202967277,-1,1,0,0.65,11,1,10,0,0.0,51.0,0.0,73.39681428571429
ENSG00000163444,TMEM183A,chr1,203007356,203024848,1,1,0,1.0,13,1,8,1,0.0,13.0,0.0,70.58434210526316
ENSG00000143847,PPFIA4,chr1,203026491,203078740,1,2,0,0.785,100,2,94,0,0.0,103.0,0.0,68.84275185185184
ENSG00000122180,MYOG,chr1,203083129,203086013,-1,0,6867,,9,0,9,0,0.0,346.0,0.0,67.814075
ENSG00000163485,ADORA1,chr1,203090654,203167407,1,1,0,0.78,116,6,107,1,0.0,425.0,0.0,67.88373636363636
ENSG00000133055,MYBPH,chr1,203167811,203175880,-1,0,39443,,22,1,21,0,0.0,73.0,0.0,68.75571111111111
ENSG00000133048,CHI3L1,chr1,203178931,203186796,-1,0,50563,,21,2,19,0,0.0,1035.0,0.0,69.10239999999999
ENSG00000133063,CHIT1,chr1,203212827,203273641,-1,1,0,0.62,65,2,54,1,0.0,402.0,0.0,70.79424838709676
ENSG00000159388,BTG2,chr1,203305491,203309602,1,1,0,0.84,15,2,13,0,0.0,331.0,0.0,70.88220000000001
ENSG00000122176,FMOD,chr1,203340623,203351758,-1,0,12822,,20,2,15,0,0.0,244.0,0.0,69.63998333333332
ENSG00000188783,PRELP,chr1,203475777,203491352,1,2,0,0.79,26,1,25,0,0.0,152.0,0.0,65.91444375
ENSG00000188770,OPTC,chr1,203494121,203508949,1,0,6190,,22,0,16,0,0.0,54.0,0.0,66.288
ENSG00000058668,ATP2B4,chr1,203626778,203744081,1,1,0,0.95,150,3,138,0,0.0,275.0,0.0,70.68601949152543
ENSG00000122188,LAX1,chr1,203765177,203778175,1,0,17265,,20,1,19,0,0.0,211.0,0.0,68.54348571428571
ENSG00000257315,ZBED6,chr1,203795623,203854124,1,1,0,0.76,48,1,36,2,0.0,164.0,0.0,66.1517254237288
ENSG00000058673,ZC3H11A,chr1,203795623,203854999,1,1,0,0.76,48,1,36,2,0.0,122.0,0.0,66.12866333333334
ENSG00000288644,,chr1,203802094,203802192,1,0,5929,,0,0,0,0,0.0,3.0,0.0,67.2182
ENSG00000182004,SNRPE,chr1,203861598,203871152,1,1,0,0.77,15,1,13,0,0.0,115.0,0.0,64.25685999999999
ENSG00000143842,SOX13,chr1,204073111,204127743,1,1,0,0.9,100,2,90,0,0.0,166.0,0.0,54.62210892857143
ENSG00000143845,ETNK2,chr1,204131062,204152044,-1,1,0,0.82,36,4,25,2,0.0,57.0,0.0,54.304659090909084
ENSG00000143839,REN,chr1,204154815,204190324,-1,0,146,,45,1,32,2,0.0,1496.0,0.0,55.05686111111111
ENSG00000170498,KISS1,chr1,204190341,204196491,-1,1,0,0.74,14,2,12,0,0.0,649.0,0.0,55.89001428571429
ENSG00000174567,GOLT1A,chr1,204198158,204214121,-1,0,7453,,24,1,21,2,0.0,100.0,0.0,56.57282352941177
ENSG00000143850,PLEKHA6,chr1,204218851,204378214,-1,2,0,0.67,262,7,226,6,0.0,51.0,0.0,62.251588749999996
ENSG00000158615,PPP1R15B,chr1,204396492,204411887,-1,1,0,0.94,34,2,30,0,0.0,149.0,0.0,67.67656470588234
ENSG00000133056,PIK3C2B,chr1,204422628,204494805,-1,1,0,0.79,130,1,128,0,0.0,122.0,0.0,68.57933698630137
ENSG00000198625,MDM4,chr1,204516369,204558120,1,1,0,0.83,45,3,40,0,0.0,577.0,0.0,67.15842790697675
ENSG00000170382,LRRN2,chr1,204617170,204685738,-1,1,0,0.91,102,4,83,0,0.0,77.0,0.0,62.774418571428576
ENSG00000163531,NFASC,chr1,204828651,205022822,1,1,0,0.71,264,3,248,2,0.0,530.0,0.0,64.76803979591837
ENSG00000184144,CNTN2,chr1,205042937,205078289,1,1,0,0.79,70,1,67,0,0.0,276.0,0.0,68.73287777777777
ENSG00000174529,TMEM81,chr1,205083129,205084460,-1,0,13104,,0,0,0,0,0.0,21.0,0.0,69.71605
ENSG00000117222,RBBP5,chr1,205086142,205122015,-1,0,16117,,19,2,13,0,0.0,79.0,0.0,70.70481081081081
ENSG00000133059,DSTYK,chr1,205142505,205211709,-1,1,0,0.86,80,1,70,0,0.0,102.0,0.0,73.30279714285714
ENSG00000133069,TMCC2,chr1,205227912,205285632,1,4,0,0.805,116,7,108,0,0.0,351.0,0.0,71.77265423728815
ENSG00000163545,NUAK2,chr1,205302063,205321745,-1,1,0,0.9,37,1,36,0,0.0,160.0,0.0,68.59588571428571
ENSG00000162873,KLHDC8A,chr1,205336061,205357324,-1,1,0,0.84,40,2,37,0,0.0,38.0,0.0,66.60089090909092
ENSG00000186007,LEMD1,chr1,205381378,205455954,-1,2,0,0.965,102,5,84,3,0.0,52.0,0.0,63.881043421052624
ENSG00000281406,BLACAT1,chr1,205434885,205457390,-1,1,0,1.02,56,4,52,0,0.0,63.0,0.0,63.331791304347824
ENSG00000117266,CDK18,chr1,205504561,205532976,1,2,0,0.86,61,1,59,0,0.0,79.0,0.0,64.4418551724138
ENSG00000174514,MFSD4A,chr1,205568833,205602918,1,2,0,0.85,70,2,66,0,0.0,58.0,0.0,67.40238857142857
ENSG00000158711,ELK4,chr1,205597556,205634520,-1,1,0,1.18,47,2,43,0,2.0,244.0,1.0,68.2896815789474
ENSG00000158715,SLC45A3,chr1,205657851,205680990,-1,2,0,0.785,51,1,50,0,0.0,137.0,0.0,68.17582916666667
ENSG00000069275,NUCKS1,chr1,205712822,205750270,-1,1,0,0.78,45,1,34,0,0.0,229.0,0.0,67.63398684210527
ENSG00000117280,RAB29,chr1,205767986,205775482,-1,1,0,0.8,13,2,11,0,0.0,66.0,0.0,68.70126250000001
ENSG00000133065,SLC41A1,chr1,205789091,205813755,-1,1,0,0.74,34,1,33,0,0.0,71.0,0.0,69.39196923076922
ENSG00000162877,PM20D1,chr1,205828025,205850132,-1,1,0,0.81,20,1,14,1,0.0,106.0,0.0,67.12510434782608
ENSG00000174502,SLC26A9,chr1,205913048,205943460,-1,0,62985,,56,2,53,0,0.0,174.0,0.0,37.082648387096775
ENSG00000276600,RAB7B,chr1,205976740,206003461,-1,0,113841,,48,2,37,2,0.0,237.0,0.0,18.482537037037034
ENSG00000196188,CTSE,chr1,206008535,206023909,-1,0,93393,,18,1,15,0,0.0,280.0,0.0,19.226693750000003
ENSG00000263961,RHEX,chr1,206053173,206102449,1,0,14853,,76,3,66,0,0.0,31.0,0.0,40.116935999999995
ENSG00000198049,AVPR1B,chr1,206106936,206117699,-1,1,0,0.72,21,2,15,2,0.0,156.0,0.0,55.34121666666667
ENSG00000196550,FAM72A,chr1,206186179,206204414,-1,1,0,0.77,4,0,3,0,0.0,166.0,0.0,74.74355263157896
ENSG00000266028,SRGAP2,chr1,206203346,206464436,1,1,0,0.77,144,1,105,4,0.0,65.0,0.0,44.017826717557256
ENSG00000263528,IKBKE,chr1,206470332,206496891,1,0,10012,,44,3,37,1,0.0,295.0,0.0,42.578310714285706
ENSG00000266094,RASSF5,chr1,206507531,206589448,1,2,0,0.88,143,3,134,1,0.0,301.0,0.0,68.17770975609757
ENSG00000143486,EIF2D,chr1,206571292,206612514,-1,1,0,0.81,60,1,56,0,0.0,82.0,0.0,75.70787674418605
ENSG00000143479,DYRK3,chr1,206635536,206684419,1,1,0,0.88,66,2,59,0,0.0,124.0,0.0,74.25043265306122
ENSG00000162889,MAPKAPK2,chr1,206684886,206734284,1,1,0,0.93,101,2,96,0,0.0,307.0,0.0,74.084868
ENSG00000136634,IL10,chr1,206767602,206774541,-1,0,81296,,13,3,10,0,0.0,2396.0,0.0,76.97151249999999
ENSG00000142224,IL19,chr1,206770764,206842981,1,0,66367,,96,4,79,1,0.0,292.0,0.0,78.19181506849316
ENSG00000162891,IL20,chr1,206865623,206869223,1,0,40125,,4,1,3,0,0.0,258.0,0.0,78.2448
ENSG00000162892,IL24,chr1,206897443,206904139,1,0,5209,,14,1,12,0,0.0,352.0,0.0,76.9413125
ENSG00000162894,FCMR,chr1,206903317,206923247,-1,1,0,1.0,43,3,39,0,0.0,280.0,0.0,76.3136761904762
ENSG00000162896,PIGR,chr1,206928522,206949367,-1,0,18665,,36,1,34,0,0.0,455.0,0.0,74.9370761904762
ENSG00000162897,FCAMR,chr1,206957965,206970625,-1,0,48108,,18,1,15,0,0.0,88.0,0.0,73.64701428571428
ENSG00000182795,C1orf116,chr1,207018522,207032821,-1,0,17923,,33,1,32,0,0.0,60.0,0.0,71.80590000000001
ENSG00000123836,PFKFB2,chr1,207034366,207081243,1,2,0,0.87,76,2,65,0,0.0,187.0,0.0,71.87953541666667
ENSG00000180667,YOD1,chr1,207043849,207052980,-1,2,0,0.87,18,1,14,0,0.0,200.0,0.0,71.75372
ENSG00000123843,C4BPB,chr1,207088802,207100001,1,0,35305,,13,2,8,0,0.0,159.0,0.0,72.55356666666667
ENSG00000123838,C4BPA,chr1,207102319,207145047,1,0,48822,,32,1,21,2,0.0,499.0,0.0,73.35209772727272
ENSG00000196352,CD55,chr1,207321514,207386804,1,1,0,0.86,65,2,55,2,0.0,671.0,0.0,70.48779242424243
ENSG00000117322,CR2,chr1,207453024,207489895,1,1,0,0.8,22,1,15,0,0.0,743.0,0.0,67.17118421052629
ENSG00000203710,CR1,chr1,207496147,207641776,1,1,0,1.05,89,2,61,4,0.0,528.0,0.0,67.14514217687076
ENSG00000197721,CR1L,chr1,207645113,207738416,1,2,0,0.93,78,2,48,10,0.0,74.0,0.0,68.10567872340424
ENSG00000117335,CD46,chr1,207752037,207795513,1,1,0,0.84,41,1,33,1,0.0,784.0,0.0,70.19929111111111
ENSG00000174059,CD34,chr1,207880972,207911402,-1,1,0,0.84,39,3,35,0,0.0,1544.0,0.0,71.83788387096773
ENSG00000076356,PLXNA2,chr1,208022242,208244850,-1,1,0,0.96,358,2,329,6,0.0,362.0,0.0,65.50029642857143
ENSG00000008118,CAMK1G,chr1,209583714,209613939,1,0,11865,,46,1,44,0,0.0,69.0,0.0,34.53853870967742
ENSG00000196878,LAMB3,chr1,209614870,209653106,-1,1,0,0.68,91,5,85,0,0.0,250.0,0.0,35.46874871794871
ENSG00000123689,G0S2,chr1,209675412,209676390,1,1,0,0.73,3,1,2,0,0.0,191.0,0.0,36.685100000000006
ENSG00000117594,HSD11B1,chr1,209686178,209734949,1,0,10095,,62,4,58,0,0.0,285.0,0.0,37.765572
ENSG00000009790,TRAF3IP3,chr1,209756032,209782320,1,0,2056,,43,3,40,0,0.0,199.0,0.0,39.45986666666667
ENSG00000162757,C1orf74,chr1,209779208,209784620,-1,1,0,0.96,13,1,12,0,0.0,27.0,0.0,39.79557142857143
ENSG00000289700,,chr1,209779629,209806179,-1,2,0,0.975,48,2,45,0,0.0,0.0,0.0,40.06051481481481
ENSG00000117595,IRF6,chr1,209785254,209806217,-1,1,0,0.99,35,1,33,0,0.0,496.0,0.0,40.12070454545455
ENSG00000117597,UTP25,chr1,209827972,209857565,1,1,0,1.09,26,1,24,0,0.0,54.0,0.0,41.18475806451612
ENSG00000143469,SYT14,chr1,209900923,210171389,1,1,0,1.01,135,1,54,16,0.0,134.0,0.0,42.23102941176471
ENSG00000082497,SERTAD4,chr1,210232596,210246631,1,2,0,0.795,21,4,16,1,0.0,60.0,0.0,35.65694666666666
ENSG00000054392,HHAT,chr1,210328252,210676298,1,1,0,1.06,316,6,227,19,0.0,267.0,0.0,37.339527507163325
ENSG00000143473,KCNH1,chr1,210676823,211134183,-1,2,0,0.73,340,3,224,26,0.0,256.0,0.0,38.83099497816593
ENSG00000283952,,chr1,211082872,211188533,-1,1,0,0.77,60,2,26,5,0.0,0.0,0.0,46.39490186915888
ENSG00000117625,RCOR3,chr1,211258377,211316385,1,1,0,0.92,41,3,29,3,0.0,69.0,0.0,56.875915254237285
ENSG00000082512,TRAF5,chr1,211326325,211375036,1,1,0,0.95,59,2,53,1,0.0,202.0,0.0,60.531618
ENSG00000198570,RD3,chr1,211476522,211492484,-1,1,0,0.74,22,1,21,0,0.0,108.0,0.0,65.364875
ENSG00000170385,SLC30A1,chr1,211571568,211579161,-1,1,0,0.92,15,2,12,0,0.0,137.0,0.0,66.32245
ENSG00000117650,NEK2,chr1,211658657,211675663,-1,1,0,0.79,11,2,5,0,0.0,229.0,0.0,69.96075555555556
ENSG00000123684,LPGAT1,chr1,211743457,211833674,-1,1,0,0.94,82,5,68,1,0.0,111.0,0.0,74.20480326086955
ENSG00000143493,INTS7,chr1,211940399,212035557,-1,1,0,0.94,71,1,47,4,0.0,91.0,0.0,69.40179381443299
ENSG00000143476,DTL,chr1,212035553,212107400,1,1,0,0.94,64,1,52,1,0.0,196.0,0.0,68.40624583333334
ENSG00000066027,PPP2R5A,chr1,212285357,212361863,1,1,0,0.87,71,2,54,1,0.0,124.0,0.0,76.9538576923077
ENSG00000065600,PACC1,chr1,212363926,212414909,-1,1,0,0.88,35,1,25,1,0.0,133.0,0.0,79.46352692307693
ENSG00000117691,NENF,chr1,212432853,212446379,1,1,0,1.1,12,1,9,0,0.0,68.0,0.0,79.94972857142857
ENSG00000162772,ATF3,chr1,212565334,212620777,1,1,0,0.83,89,4,78,2,0.0,626.0,0.0,75.84248070175438
ENSG00000162771,GARIN4,chr1,212624474,212626775,1,0,14730,,5,0,0,0,0.0,107.0,0.0,74.4082
ENSG00000123685,BATF3,chr1,212686417,212699840,-1,1,0,0.82,22,1,21,0,0.0,229.0,0.0,70.86271333333335
ENSG00000117697,NSL1,chr1,212726153,212791783,-1,1,0,0.91,55,2,36,4,0.0,40.0,0.0,67.99427014925374
ENSG00000203705,TATDN3,chr1,212791828,212816830,1,1,0,0.91,19,1,13,2,0.0,39.0,0.0,66.78387692307692
ENSG00000185523,SPATA45,chr1,212830141,212847649,-1,0,10368,,7,0,3,1,0.0,9.0,0.0,66.30936842105264
ENSG00000162769,FLVCR1,chr1,212858237,212899363,1,1,0,0.93,27,1,19,0,0.0,307.0,0.0,66.0783
ENSG00000143494,VASH2,chr1,212950520,212992838,1,1,0,0.83,61,2,54,1,0.0,103.0,0.0,67.34341627906979
ENSG00000174606,ANGEL2,chr1,212992182,213015867,-1,2,0,0.82,18,1,12,0,0.0,25.0,0.0,68.47586
ENSG00000136643,RPS6KC1,chr1,213051233,213274774,1,1,0,1.13,172,1,111,15,0.0,61.0,0.0,73.27424266666665
ENSG00000117707,PROX1,chr1,213982711,214041510,1,4,0,1.03,100,8,91,0,0.0,368.0,0.0,36.673453333333335
ENSG00000143499,SMYD2,chr1,214280935,214337137,1,1,0,0.97,75,1,67,1,0.0,225.0,0.0,38.962305263157894
ENSG00000152104,PTPN14,chr1,214348700,214552449,-1,2,0,0.75,263,5,248,0,0.0,160.0,0.0,38.044372549019606
ENSG00000117724,CENPF,chr1,214603172,214664574,1,3,0,0.8467,72,2,57,4,0.0,294.0,0.0,35.63048571428571
ENSG00000082482,KCNK2,chr1,215005775,215237090,1,1,0,1.08,146,4,86,18,0.0,219.0,0.0,22.827322844827584
ENSG00000136636,KCTD3,chr1,215567022,215623007,1,1,0,1.06,57,1,48,3,0.0,97.0,0.0,22.309101754385964
ENSG00000042781,USH2A,chr1,215622891,216423448,-1,0,54968,,443,1,183,70,0.0,254.0,0.0,18.834279250936326
ENSG00000196482,ESRRG,chr1,216503246,217137755,-1,4,0,0.8375,506,6,374,33,0.0,407.0,0.0,15.072748113207547
ENSG00000092978,GPATCH2,chr1,217426992,217631090,-1,1,0,1.03,130,1,75,11,0.0,63.0,0.0,14.169917560975609
ENSG00000162814,SPATA17,chr1,217631324,217871696,1,0,189,,97,1,41,9,0.0,64.0,0.0,12.288178099173553
ENSG00000067533,RRP15,chr1,218285290,218337983,1,1,0,0.89,45,2,31,4,0.0,103.0,0.0,28.007438888888878
ENSG00000092969,TGFB2,chr1,218345336,218444619,1,2,0,1.16,125,3,120,0,0.0,1450.0,0.0,34.00733861386139
ENSG00000143353,LYPLAL1,chr1,219173853,219220700,1,1,0,0.89,41,1,32,0,0.0,169.0,0.0,36.354247916666665
ENSG00000215817,ZC3H11B,chr1,219608012,219613105,-1,1,0,0.99,1,0,0,0,0.0,142.0,0.0,39.69978333333333
ENSG00000196660,SLC30A10,chr1,219685427,219959018,-1,1,0,0.91,220,2,140,20,0.0,270.0,0.0,57.49850872727272
ENSG00000136628,EPRS1,chr1,219968598,220046616,-1,1,0,0.93,54,2,39,1,0.0,341.0,0.0,68.55305
ENSG00000162813,BPNT1,chr1,220057079,220119267,-1,1,0,0.86,41,6,28,2,0.0,144.0,0.0,70.7454777777778
ENSG00000067704,IARS2,chr1,220094107,220148041,1,1,0,0.86,37,3,29,2,0.0,144.0,0.0,71.66729454545457
ENSG00000118873,RAB3GAP2,chr1,220148293,220272529,-1,1,0,0.73,96,5,68,3,0.0,156.0,0.0,72.03945158730158
ENSG00000116141,MARK1,chr1,220528086,220664461,1,1,0,1.19,69,2,39,8,0.0,129.0,0.0,47.72671751824818
ENSG00000162817,C1orf115,chr1,220690363,220699153,1,1,0,0.95,21,1,20,0,0.0,50.0,0.0,43.232839999999996
ENSG00000117791,MTARC2,chr1,220748122,220784824,1,1,0,0.88,42,1,36,1,0.0,41.0,0.0,41.062055263157895
ENSG00000186205,MTARC1,chr1,220786352,220819659,1,1,0,0.91,48,4,41,1,0.0,100.0,0.0,39.47081428571428
ENSG00000286231,,chr1,220786990,220884503,1,6,0,0.8867,110,5,94,3,0.0,0.0,0.0,38.207884848484845
ENSG00000136630,HLX,chr1,220879431,220885059,1,4,0,0.86,18,2,16,0,0.0,158.0,0.0,36.75301428571429
ENSG00000143507,DUSP10,chr1,221700669,221742089,-1,0,43,,77,2,75,0,0.0,215.0,0.0,31.14445238095238
ENSG00000143512,HHIPL2,chr1,222522258,222548104,-1,0,41575,,21,1,16,1,0.0,39.0,0.0,40.46943703703704
ENSG00000143498,TAF1A,chr1,222557902,222590162,-1,1,0,1.14,19,1,11,2,0.0,93.0,0.0,42.34805454545455
ENSG00000154305,MIA3,chr1,222618090,222668007,1,2,0,0.88,40,2,36,1,0.0,139.0,0.0,46.19626862745097
ENSG00000186063,AIDA,chr1,222668013,222713210,-1,1,0,0.82,25,2,19,0,0.0,100.0,0.0,48.74280434782609
ENSG00000162819,BROX,chr1,222711691,222735196,1,1,0,0.82,19,2,15,0,0.0,50.0,0.0,50.0067625
ENSG00000197520,FAM177B,chr1,222737202,222753157,1,0,24314,,13,1,10,0,0.0,28.0,0.0,50.43577058823529
ENSG00000154309,DISP1,chr1,222814730,223006258,1,1,0,1.14,157,3,128,5,0.0,65.0,0.0,48.55900520833333
ENSG00000187554,TLR5,chr1,223109339,223143318,-1,1,0,0.91,46,1,39,3,0.0,540.0,0.0,43.544940000000004
ENSG00000143502,SUSD4,chr1,223220819,223365279,-1,1,0,0.85,146,2,114,8,0.0,68.0,0.0,51.18885379310345
ENSG00000178395,CCDC185,chr1,223393415,223395465,1,2,0,0.73,4,1,2,0,0.0,10.0,0.0,54.11006666666666
ENSG00000203697,CAPN8,chr1,223538007,223665723,-1,0,46565,,84,1,51,6,0.0,68.0,0.0,59.14802325581395
ENSG00000162909,CAPN2,chr1,223701593,223776018,1,2,0,0.96,137,1,128,0,0.0,286.0,0.0,57.46403199999998
ENSG00000143514,TP53BP2,chr1,223779893,223845954,-1,1,0,1.05,92,1,84,0,0.0,324.0,0.0,62.05262985074627
ENSG00000143756,FBXO28,chr1,224114111,224162047,1,1,0,0.72,40,1,29,1,0.0,68.0,0.0,71.18552653061225
ENSG00000143753,DEGS1,chr1,224175756,224193441,1,1,0,0.92,27,2,23,0,0.0,127.0,0.0,68.55751666666667
ENSG00000143748,NVL,chr1,224227334,224330189,-1,1,0,0.88,84,1,73,0,0.0,52.0,0.0,72.08882692307692
ENSG00000143771,CNIH4,chr1,224356858,224379459,1,1,0,0.9,24,1,20,0,0.0,172.0,0.0,77.81676956521738
ENSG00000162923,WDR26,chr1,224385146,224437033,-1,0,27624,,49,1,41,0,0.0,308.0,0.0,77.9757433962264
ENSG00000143786,CNIH3,chr1,224434660,224740559,1,2,0,0.805,329,3,268,9,0.0,45.0,0.0,72.75592508143322
ENSG00000185842,DNAH14,chr1,224896262,225399292,1,1,0,1.04,184,1,62,29,0.0,83.0,0.0,48.933213663366345
ENSG00000143815,LBR,chr1,225400900,225428925,-1,1,0,1.07,34,2,29,1,0.0,513.0,0.0,55.689468965517236
ENSG00000154380,ENAH,chr1,225486765,225653298,-1,1,0,0.92,188,4,163,1,0.0,261.0,0.0,64.31652514970061
ENSG00000143742,SRP9,chr1,225777699,225790670,1,1,0,0.82,14,1,8,0,0.0,49.0,0.0,64.60621428571429
ENSG00000143819,EPHX1,chr1,225810095,225845567,1,1,0,0.92,69,3,63,0,0.0,302.0,0.0,65.92284054054055
ENSG00000196187,TMEM63A,chr1,225845536,225884071,-1,1,0,0.79,73,2,70,0,0.0,51.0,0.0,67.20560512820514
ENSG00000243709,LEFTY1,chr1,225886279,225911382,-1,1,0,0.83,39,1,38,0,0.0,146.0,0.0,68.66079615384616
ENSG00000255835,,chr1,225886696,225924278,-1,2,0,0.86,61,3,55,0,0.0,0.0,0.0,69.03088421052631
ENSG00000143811,PYCR2,chr1,225919397,225924340,-1,1,0,0.89,12,2,8,0,0.0,78.0,0.0,69.89736666666667
ENSG00000143768,LEFTY2,chr1,225936598,225941383,-1,1,0,0.83,10,2,6,0,0.0,168.0,0.0,70.97796000000001
ENSG00000143751,SDE2,chr1,225982702,225999350,-1,1,0,0.86,15,1,14,0,0.0,27.0,0.0,74.4673705882353
ENSG00000163041,H3-3A,chr1,226061571,226073206,1,1,0,1.01,23,4,18,0,0.0,357.0,0.0,77.936075
ENSG00000182827,ACBD3,chr1,226144679,226186762,-1,1,0,0.8,35,1,33,0,0.0,79.0,0.0,77.86556279069768
ENSG00000185155,MIXL1,chr1,226223618,226227060,1,1,0,1.03,8,2,6,0,0.0,102.0,0.0,78.087625
ENSG00000183814,LIN9,chr1,226231149,226309869,-1,1,0,0.89,56,3,40,0,0.0,88.0,0.0,78.5654825
ENSG00000143799,PARP1,chr1,226360210,226408154,-1,1,0,0.97,67,1,61,1,0.0,1128.0,0.0,77.19398163265306
ENSG00000203685,STUM,chr1,226548764,226609230,1,1,0,0.96,91,1,73,3,0.0,41.0,0.0,71.16019344262295
ENSG00000143772,ITPKB,chr1,226631688,226739323,-1,3,0,0.8033,249,4,245,0,0.0,319.0,0.0,65.56161203703704
ENSG00000143801,PSEN2,chr1,226870184,226927726,1,1,0,1.0,66,3,54,2,0.0,298.0,0.0,56.7523966101695
ENSG00000288674,,chr1,226870184,226987545,1,3,0,0.8533,172,4,152,2,0.0,0.0,0.0,58.13577647058823
ENSG00000163050,COQ8A,chr1,226938143,226987569,1,2,0,0.78,100,1,95,0,0.0,230.0,0.0,59.72661176470588
ENSG00000143776,CDC42BPA,chr1,226989865,227318492,-1,1,0,0.97,228,5,128,25,0.0,119.0,0.0,63.1397556231003
ENSG00000181450,ZNF678,chr1,227563543,227677443,1,1,0,0.87,44,1,15,0,0.0,57.0,0.0,74.7665552631579
ENSG00000143740,SNAP47,chr1,227728200,227781826,1,1,0,0.92,108,7,95,0,0.0,110.0,0.0,65.81290727272727
ENSG00000081692,JMJD4,chr1,227730412,227735411,-1,1,0,0.92,15,3,11,0,0.0,55.0,0.0,66.83158333333333
ENSG00000185888,PRSS38,chr1,227815675,227846470,1,1,0,0.74,16,1,8,2,0.0,15.0,0.0,62.515238709677405
ENSG00000143816,WNT9A,chr1,227918656,227947932,-1,2,0,0.865,65,2,56,1,0.0,132.0,0.0,57.94265666666667
ENSG00000154342,WNT3A,chr1,228006924,228061271,1,3,0,0.94,75,1,54,3,0.0,457.0,0.0,56.37079818181818
ENSG00000143761,ARF1,chr1,228081841,228099212,1,1,0,0.86,50,4,43,0,0.0,151.0,0.0,57.46814444444445
ENSG00000143793,C1orf35,chr1,228100725,228105411,-1,1,0,1.03,13,1,12,0,0.0,24.0,0.0,57.98586
ENSG00000162910,MRPL55,chr1,228105949,228109358,-1,2,0,0.77,9,4,4,0,0.0,33.0,0.0,58.199475
ENSG00000143774,GUK1,chr1,228139962,228148984,1,1,0,0.95,26,2,24,0,0.0,77.0,0.0,60.376670000000004
ENSG00000198835,GJC2,chr1,228149930,228159826,1,1,0,0.91,26,1,24,0,0.0,103.0,0.0,61.09099090909092
ENSG00000181873,IBA57,chr1,228165777,228182257,1,2,0,0.79,41,1,40,0,0.0,48.0,0.0,62.41713529411765
ENSG00000154358,OBSCN,chr1,228208044,228378876,1,13,0,0.7769,308,9,254,7,0.0,437.0,0.0,66.74067093023255
ENSG00000154370,TRIM11,chr1,228393672,228406841,-1,2,0,0.83,33,5,24,0,0.0,110.0,0.0,66.50475
ENSG00000162931,TRIM17,chr1,228406860,228416902,-1,2,0,0.87,27,5,22,0,0.0,82.0,0.0,66.44432727272728
ENSG00000168148,H3-4,chr1,228424845,228425360,-1,1,0,0.92,3,1,2,0,0.0,229.0,0.0,66.4126
ENSG00000181218,H2AC25,chr1,228434777,228457873,-1,2,0,0.92,37,2,31,0,0.0,41.0,0.0,66.47366666666666
ENSG00000196890,H2BC26,chr1,228458103,228463104,1,1,0,1.06,11,2,9,0,0.0,22.0,0.0,66.58343333333333
ENSG00000168159,RNF187,chr1,228487382,228499899,1,1,0,1.05,21,1,13,0,0.0,56.0,0.0,67.1905857142857
ENSG00000116574,RHOU,chr1,228735479,228746664,1,1,0,1.01,24,2,22,0,0.0,121.0,0.0,62.85813846153845
ENSG00000168118,RAB4A,chr1,229271062,229305894,1,1,0,1.01,40,1,29,1,0.0,189.0,0.0,54.85018888888889
ENSG00000154429,CCSAP,chr1,229321011,229343294,-1,1,0,0.99,29,4,24,0,0.0,61.0,0.0,57.69570869565218
ENSG00000143632,ACTA1,chr1,229430365,229434789,-1,1,0,0.78,11,2,9,0,0.0,1063.0,0.0,64.01325000000001
ENSG00000069248,NUP133,chr1,229440259,229508356,-1,1,0,0.89,48,2,29,6,0.0,67.0,0.0,66.07183188405796
ENSG00000135776,ABCB10,chr1,229516582,229558957,-1,1,0,0.9,40,1,36,0,0.0,172.0,0.0,69.17679534883722
ENSG00000135801,TAF5L,chr1,229593111,229626122,-1,2,0,0.905,37,1,30,1,0.0,36.0,0.0,72.28210000000001
ENSG00000135763,URB2,chr1,229625855,229660887,1,1,0,0.97,32,2,20,1,0.0,46.0,0.0,72.9729
ENSG00000143641,GALNT2,chr1,230057990,230282128,1,2,0,0.85,392,4,375,2,0.0,159.0,0.0,60.73718666666667
ENSG00000177614,PGBD5,chr1,230314490,230426332,-1,3,0,0.85,148,2,135,0,0.0,77.0,0.0,56.683817699115046
ENSG00000135775,COG2,chr1,230642464,230693985,1,1,0,0.93,43,3,35,0,0.0,154.0,0.0,47.85993773584906
ENSG00000135744,AGT,chr1,230690776,230745576,-1,0,47929,,78,3,53,5,0.0,1362.0,0.0,47.3509125
ENSG00000135773,CAPN9,chr1,230747348,230804397,1,0,63488,,75,1,56,2,0.0,65.0,0.0,48.81428275862069
ENSG00000119280,C1orf198,chr1,230837119,230869589,-1,1,0,0.91,58,6,51,0,0.0,40.0,0.0,52.78516764705883
ENSG00000143643,TTC13,chr1,230902945,230978893,-1,1,0,1.12,67,1,56,3,0.0,38.0,0.0,57.05921298701296
ENSG00000173409,ARV1,chr1,230978981,231000733,1,1,0,1.12,27,1,20,2,0.0,149.0,0.0,60.09492173913042
ENSG00000182118,FAM89A,chr1,231018958,231040254,-1,1,0,0.82,29,3,24,0,0.0,20.0,0.0,63.06379545454546
ENSG00000119283,TRIM67,chr1,231162058,231221565,1,1,0,0.88,73,4,50,5,0.0,102.0,0.0,67.17179672131145
ENSG00000143633,FSAF1,chr1,231223763,231241187,-1,1,0,0.84,16,1,15,0,0.0,18.0,0.0,66.19885000000001
ENSG00000116906,GNPAT,chr1,231241196,231277973,1,1,0,0.84,22,1,18,0,0.0,155.0,0.0,65.67419210526316
ENSG00000116903,EXOC8,chr1,231332753,231337852,-1,1,0,0.94,12,2,10,0,0.0,37.0,0.0,64.97314999999999
ENSG00000010072,SPRTN,chr1,231337104,231355023,1,1,0,0.94,19,4,12,0,0.0,42.0,0.0,64.8786105263158
ENSG00000135766,EGLN1,chr1,231363751,231422744,-1,1,0,1.05,73,1,65,1,0.0,366.0,0.0,64.02768666666667
ENSG00000287856,,chr1,231363797,231528603,-1,2,0,1.01,151,4,110,3,0.0,0.0,0.0,62.11394518072289
ENSG00000116918,TSNAX,chr1,231528541,231566524,1,1,0,0.97,30,1,27,1,0.0,57.0,0.0,58.6683076923077
ENSG00000270106,TSNAX-DISC1,chr1,231528653,231819244,1,2,0,0.86,283,3,226,13,0.0,4.0,0.0,57.55182302405497
ENSG00000162946,DISC1,chr1,231626790,232041272,1,1,0,0.75,435,2,342,18,0.0,226.0,0.0,50.35542337349397
ENSG00000116991,SIPA1L2,chr1,232397622,232631404,-1,1,0,1.08,294,4,253,13,0.0,90.0,0.0,24.448983760683763
ENSG00000212916,MAP10,chr1,232805416,232809929,1,1,0,0.98,9,1,7,0,0.0,26.0,0.0,23.54103333333333
ENSG00000135778,NTPCR,chr1,232950564,232983882,1,1,0,0.8,43,1,37,1,0.0,46.0,0.0,25.254344117647054
ENSG00000135749,PCNX2,chr1,232983435,233295729,-1,2,0,0.855,303,4,206,29,0.0,132.0,0.0,29.716881847133756
ENSG00000143674,MAP3K21,chr1,233327714,233385281,1,2,0,0.96,64,2,46,7,0.0,69.0,0.0,36.23273103448277
ENSG00000135750,KCNK1,chr1,233614106,233672514,1,1,0,0.8,84,0,79,1,0.0,147.0,0.0,50.879095
ENSG00000183780,SLC35F3,chr1,233904676,234324511,1,3,0,0.8633,350,4,247,25,0.0,76.0,0.0,46.943846793349174
ENSG00000168275,COA6,chr1,234373456,234385080,1,1,0,1.0,8,1,6,0,0.0,84.0,0.0,55.80474615384616
ENSG00000059588,TARBP1,chr1,234391313,234479197,-1,1,0,1.07,70,1,57,1,0.0,84.0,0.0,59.60316629213484
ENSG00000168264,IRF2BP2,chr1,234602300,234610178,-1,1,0,1.19,23,5,18,0,0.0,160.0,0.0,65.76396666666669
ENSG00000173726,TOMM20,chr1,235109341,235128846,-1,1,0,0.98,24,3,13,0,0.0,198.0,0.0,66.70478571428573
ENSG00000188739,RBM34,chr1,235131183,235161293,-1,1,0,1.0,29,1,25,0,0.0,45.0,0.0,66.96464838709679
ENSG00000054267,ARID4B,chr1,235131634,235328219,-1,2,0,0.93,178,4,142,2,0.0,242.0,0.0,69.3485345177665
ENSG00000152904,GGPS1,chr1,235327350,235344532,1,1,0,0.86,23,3,19,0,0.0,173.0,0.0,72.79053684210525
ENSG00000285053,,chr1,235328570,235448952,1,1,0,0.86,107,2,92,2,0.0,1.0,0.0,73.6630132231405
ENSG00000284770,TBCE,chr1,235367360,235452443,1,0,38515,,78,1,68,1,0.0,558.0,0.0,73.92755581395349
ENSG00000162885,B3GALNT2,chr1,235447190,235504474,-1,1,0,0.88,60,3,42,3,0.0,63.0,0.0,73.54726034482758
ENSG00000168243,GNG4,chr1,235547685,235650754,-1,2,0,0.87,112,4,69,10,0.0,100.0,0.0,71.31428461538461
ENSG00000143669,LYST,chr1,235661041,235883724,-1,1,0,0.88,198,2,160,7,0.0,702.0,0.0,62.729085267857144
ENSG00000116962,NID1,chr1,235975830,236065202,-1,2,0,0.9,109,2,102,2,0.0,227.0,0.0,51.82871666666668
ENSG00000077585,GPR137B,chr1,236142148,236221865,1,1,0,0.94,92,1,74,5,0.0,62.0,0.0,50.14986666666667
ENSG00000086619,ERO1B,chr1,236214681,236282019,-1,1,0,0.92,45,2,27,3,0.0,114.0,0.0,52.948523529411766
ENSG00000186197,EDARADD,chr1,236348257,236502915,1,2,0,0.94,131,3,100,3,0.0,507.0,0.0,63.63753461538461
ENSG00000116977,LGALS8,chr1,236518000,236552981,1,1,0,0.8,46,5,34,1,0.0,236.0,0.0,65.96655555555554
ENSG00000119285,HEATR1,chr1,236549005,236604516,-1,1,0,0.93,32,1,24,0,0.0,77.0,0.0,66.19399824561403
ENSG00000077522,ACTN2,chr1,236664141,236764631,1,1,0,1.05,103,1,91,2,0.0,244.0,0.0,61.87638039215686
ENSG00000116984,MTR,chr1,236795260,236921278,1,1,0,0.92,115,2,95,2,0.0,325.0,0.0,55.492788188976384
ENSG00000244020,MT1HL1,chr1,237004103,237004441,-1,0,37385,,1,1,0,0,0.0,24.0,0.0,49.9141
ENSG00000198626,RYR2,chr1,237042184,237833988,1,2,0,1.15,514,3,377,30,0.0,836.0,0.0,30.97729331651955
ENSG00000116996,ZP4,chr1,237877864,237890922,-1,0,93716,,11,0,9,0,0.0,65.0,0.0,17.09159285714286
ENSG00000133019,CHRM3,chr1,239386513,239915452,1,1,0,0.89,405,6,264,34,0.0,405.0,0.0,10.379526332703215
ENSG00000155816,FMN2,chr1,240014348,240475187,1,3,0,0.7867,361,3,283,18,0.0,131.0,0.0,17.19393073593074
ENSG00000180875,GREM2,chr1,240489573,240612155,-1,1,0,0.83,104,1,78,6,0.0,512.0,0.0,16.348446341463415
ENSG00000182901,RGS7,chr1,240767636,241357374,-1,2,0,0.97,373,5,195,41,0.0,231.0,0.0,23.519286440677966
ENSG00000091483,FH,chr1,241497511,241519799,-1,1,0,0.87,17,1,10,1,7.0,735.0,1.0,43.17047826086956
ENSG00000117009,KMO,chr1,241532134,241595642,1,0,12322,,50,1,48,0,0.0,229.0,0.0,46.87129076923077
ENSG00000054277,OPN3,chr1,241590102,241677376,-1,2,0,0.855,106,2,88,1,0.0,130.0,0.0,52.59418636363636
ENSG00000203668,CHML,chr1,241628851,241640369,-1,2,0,0.855,18,2,13,0,0.0,62.0,0.0,52.67281666666667
ENSG00000162843,WDR64,chr1,241652278,241802777,1,0,11688,,134,0,87,8,0.0,22.0,0.0,59.044319736842105
ENSG00000174371,EXO1,chr1,241847967,241895148,1,1,0,0.92,30,2,15,2,0.0,376.0,0.0,61.815737500000004
ENSG00000196289,BECN2,chr1,241957767,241959062,1,0,97920,,3,0,1,0,0.0,62.0,0.0,62.4063
ENSG00000197769,MAP1LC3C,chr1,241995188,242001584,-1,0,55398,,11,1,8,1,0.0,56.0,0.0,61.778212499999995
ENSG00000180287,PLD5,chr1,242082986,242524697,-1,1,0,0.81,252,5,157,16,0.0,85.0,0.0,44.0719006772009
ENSG00000143702,CEP170,chr1,243124428,243255793,-1,1,0,0.88,80,2,62,2,0.0,92.0,0.0,57.304065413533834
ENSG00000054282,SDCCAG8,chr1,243255349,243500095,1,5,0,0.798,270,4,229,9,0.0,295.0,0.0,55.30011300813008
ENSG00000117020,AKT3,chr1,243488233,243851079,-1,2,0,0.89,293,7,233,10,0.0,625.0,0.0,44.28165879120879
ENSG00000179456,ZBTB18,chr1,244048547,244057476,1,3,0,0.9567,24,6,18,0,0.0,124.0,0.0,41.03486666666666
ENSG00000173728,SPMIP3,chr1,244352635,244389663,1,0,61487,,41,0,31,1,0.0,24.0,0.0,61.48169736842106
ENSG00000035687,ADSS2,chr1,244408494,244451909,-1,1,0,0.94,41,1,40,0,0.0,75.0,0.0,65.0773088888889
ENSG00000179397,CATSPERE,chr1,244454377,244641177,1,1,0,0.85,86,1,39,11,0.0,29.0,0.0,65.45365691489363
ENSG00000121644,DESI2,chr1,244653091,244709033,1,1,0,0.86,62,0,48,2,0.0,39.0,0.0,62.00543859649124
ENSG00000284188,C1orf202,chr1,244729701,244731015,-1,1,0,0.93,5,1,4,0,0.0,2.0,0.0,61.1059
ENSG00000203667,COX20,chr1,244835616,244845480,1,1,0,1.05,26,1,23,0,0.0,85.0,0.0,61.715959999999995
ENSG00000153187,HNRNPU,chr1,244840638,244864560,-1,1,0,1.24,59,7,50,0,0.0,316.0,0.0,61.866288
ENSG00000203666,EFCAB2,chr1,244969682,245127164,1,1,0,0.86,161,4,114,10,0.0,61.0,0.0,67.2464037735849
ENSG00000162849,KIF26B,chr1,245154985,245709432,1,7,0,0.7671,599,3,505,15,0.0,167.0,0.0,55.88063117117117
ENSG00000185420,SMYD3,chr1,245749342,246507312,-1,3,0,0.8333,789,3,609,38,0.0,240.0,0.0,57.13847272727273
ENSG00000162851,TFB2M,chr1,246540561,246566261,-1,1,0,0.88,12,0,8,1,0.0,62.0,0.0,68.90406923076922
ENSG00000162852,CNST,chr1,246566338,246668595,1,2,0,0.79,112,2,103,0,0.0,41.0,0.0,69.63210384615385
ENSG00000143653,SCCPDH,chr1,246724064,246768137,1,1,0,0.93,43,1,35,1,0.0,176.0,0.0,71.42878444444446
ENSG00000153207,AHCTF1,chr1,246839098,246932063,-1,1,0,1.02,66,2,50,1,0.0,53.0,0.0,68.55692978723403
ENSG00000197472,ZNF695,chr1,246945547,247008093,-1,1,0,0.78,32,1,23,1,0.0,47.0,0.0,67.2904634920635
ENSG00000135747,ZNF670-ZNF695,chr1,246945547,247078811,-1,2,0,0.775,63,2,32,2,0.0,0.0,0.0,66.22536791044776
ENSG00000277462,ZNF670,chr1,247034637,247078811,-1,1,0,0.77,21,1,7,1,0.0,8.0,0.0,64.75505555555556
ENSG00000188295,ZNF669,chr1,247099962,247104372,-1,1,0,0.74,7,1,5,0,0.0,8.0,0.0,62.674580000000006
ENSG00000196418,ZNF124,chr1,247121975,247172046,-1,2,0,0.86,19,0,8,1,0.0,23.0,0.0,60.735298039215685
ENSG00000197617,VN1R5,chr1,247255972,247257210,1,0,43336,,0,0,0,0,0.0,10.0,0.0,57.90645
ENSG00000162714,ZNF496,chr1,247297412,247332822,-1,2,0,0.835,42,2,37,1,0.0,56.0,0.0,57.43257837837838
ENSG00000162711,NLRP3,chr1,247332331,247449668,1,2,0,0.965,158,4,130,1,0.0,1751.0,0.0,56.69982016806723
ENSG00000177535,OR2B11,chr1,247449118,247458105,-1,1,0,0.71,14,0,8,2,0.0,15.0,0.0,55.737429999999996
ENSG00000169224,GCSAML,chr1,247507058,247577690,1,2,0,0.865,48,2,31,5,0.0,31.0,0.0,53.84646805555556
ENSG00000196242,OR2C3,chr1,247524677,247536440,-1,1,0,0.8,8,0,6,1,0.0,14.0,0.0,54.2029
ENSG00000177489,OR2G2,chr1,247588360,247589313,1,0,50123,,0,0,0,0,0.0,3.0,0.0,52.3486
ENSG00000177476,OR2G3,chr1,247605586,247606515,1,0,32921,,1,0,0,0,0.0,2.0,0.0,51.522000000000006
ENSG00000198452,OR14L1,chr1,247617143,247622372,1,0,17064,,2,0,0,0,0.0,1.0,0.0,50.837916666666665
ENSG00000197437,OR13G1,chr1,247670812,247679739,-1,0,30973,,2,0,2,0,0.0,5.0,0.0,47.26285
ENSG00000169214,OR6F1,chr1,247711436,247716646,-1,0,71597,,2,0,0,0,0.0,3.0,0.0,44.44485714285714
ENSG00000239395,,chr1,247711813,247723764,-1,0,71974,,5,0,2,1,0.0,0.0,0.0,44.147115384615375
ENSG00000241128,OR14A2,chr1,247722957,247748141,-1,0,83118,,19,0,12,3,0.0,2.0,0.0,42.8632
ENSG00000153230,OR14K1,chr1,247738615,247739559,1,0,98776,,2,0,1,0,0.0,1.0,0.0,42.570049999999995
ENSG00000221888,OR1C1,chr1,247754846,247760556,-1,0,96472,,0,0,0,0,0.0,8.0,0.0,41.28224285714286
ENSG00000228336,OR9H1,chr1,247770169,247779524,1,0,77504,,0,0,0,0,0.0,3.0,0.0,40.18030909090909
ENSG00000196772,OR14A16,chr1,247814660,247824119,-1,0,32909,,4,1,1,1,0.0,7.0,0.0,37.81296
ENSG00000197591,OR11L1,chr1,247840928,247841896,-1,0,15132,,1,0,0,0,0.0,2.0,0.0,37.009600000000006
ENSG00000162722,TRIM58,chr1,247857187,247880138,1,1,0,0.96,13,1,9,1,0.0,95.0,0.0,36.35180416666667
ENSG00000238243,OR2W3,chr1,247895587,247896531,1,0,37637,,1,0,0,0,0.0,20.0,0.0,35.87715
ENSG00000177462,OR2T8,chr1,247920252,247923152,1,0,13871,,0,0,0,0,0.0,4.0,0.0,35.497299999999996
ENSG00000177275,OR2AJ1,chr1,247924889,247935339,1,0,1684,,3,1,1,0,0.0,7.0,0.0,35.349781818181825
ENSG00000279263,OR2L8,chr1,247948858,247949796,1,0,11434,,0,0,0,0,0.0,5.0,0.0,34.94145
ENSG00000187080,OR2AK2,chr1,247965233,247966386,1,0,27809,,1,0,0,0,0.0,7.0,0.0,34.5042
ENSG00000197454,OR2L5,chr1,248013660,248024276,1,0,76236,,3,0,1,0,0.0,4.0,0.0,32.474709090909094
ENSG00000203663,OR2L2,chr1,248030070,248042305,1,0,92646,,1,0,0,0,0.0,4.0,0.0,31.79033076923077
ENSG00000198128,OR2L3,chr1,248046836,248063407,1,0,109412,,4,0,0,1,0.0,6.0,0.0,31.10755294117647
ENSG00000196071,OR2L13,chr1,248095184,248101163,1,0,157760,,2,0,0,0,0.0,72.0,0.0,30.15162857142857
ENSG00000162727,OR2M5,chr1,248145148,248146086,1,0,207724,,0,0,0,0,0.0,1.0,0.0,30.3381
ENSG00000198601,OR2M2,chr1,248174821,248181067,1,0,237397,,0,0,0,0,0.0,4.0,0.0,31.018242857142855
ENSG00000228198,OR2M3,chr1,248197265,248212925,1,0,259841,,4,0,0,1,0.0,5.0,0.0,31.711082352941176
ENSG00000171180,OR2M4,chr1,248231417,248244679,1,0,293993,,1,0,0,0,0.0,2.0,0.0,32.511533333333325
ENSG00000177212,OR2T33,chr1,248269917,248277976,-1,0,332493,,0,0,0,0,0.0,3.0,0.0,33.1201
ENSG00000177201,OR2T12,chr1,248290139,248303424,-1,0,352715,,0,0,0,0,0.0,5.0,0.0,33.36530714285714
ENSG00000177186,OR2M7,chr1,248323630,248324568,-1,0,367161,,0,0,0,0,0.0,2.0,0.0,33.638450000000006
ENSG00000177174,OR14C36,chr1,248348775,248349713,1,0,342016,,0,0,0,0,0.0,2.0,0.0,33.9591
ENSG00000196944,OR2T4,chr1,248361665,248362627,1,0,329102,,0,0,0,0,0.0,5.0,0.0,34.19905
ENSG00000198104,OR2T6,chr1,248375746,248391811,1,0,299918,,4,0,1,1,0.0,11.0,0.0,34.779452941176466
ENSG00000175143,OR2T1,chr1,248403048,248408020,1,0,283709,,2,0,1,0,0.0,3.0,0.0,35.615183333333334
ENSG00000227152,OR2T7,chr1,248436359,248444316,1,0,247413,,3,0,2,0,0.0,2.0,0.0,37.5321
ENSG00000196240,OR2T2,chr1,248445512,248455725,1,0,236004,,8,0,6,0,0.0,3.0,0.0,38.2835
ENSG00000196539,OR2T3,chr1,248473351,248474307,1,0,217422,,0,0,0,0,0.0,5.0,0.0,40.02755
ENSG00000203661,OR2T5,chr1,248488589,248491113,1,0,200616,,0,0,0,0,0.0,3.0,0.0,41.484766666666665
ENSG00000188558,OR2G6,chr1,248508073,248527337,1,0,164392,,1,0,0,0,0.0,3.0,0.0,44.20182
ENSG00000182783,OR2T29,chr1,248556912,248562772,-1,0,128957,,1,0,0,0,0.0,1.0,0.0,48.82794285714285
ENSG00000183310,OR2T34,chr1,248573801,248574757,-1,0,116972,,0,0,0,0,0.0,3.0,0.0,50.43045
ENSG00000184022,OR2T10,chr1,248590487,248597700,-1,0,94029,,3,0,0,0,0.0,2.0,0.0,52.48211111111112
ENSG00000279301,OR2T11,chr1,248623557,248635091,-1,0,56638,,8,0,6,0,0.0,3.0,0.0,55.59849166666666
ENSG00000177151,OR2T35,chr1,248636356,248645278,-1,0,46451,,0,0,0,0,0.0,6.0,0.0,56.37395
ENSG00000187701,OR2T27,chr1,248649838,248655528,-1,0,36201,,0,0,0,0,0.0,1.0,0.0,57.168957142857145
ENSG00000189181,OR14I1,chr1,248678138,248702766,-1,1,0,0.85,16,3,5,5,0.0,6.0,0.0,59.48685384615384
ENSG00000286015,,chr1,248681249,248748349,-1,2,0,0.74,36,4,21,5,0.0,1.0,0.0,61.6623661764706
ENSG00000259823,LYPD8,chr1,248737957,248755759,-1,1,0,0.63,18,2,16,0,0.0,91.0,0.0,65.2535105263158
ENSG00000175137,SH3BP5L,chr1,248810446,248826522,-1,2,0,0.95,34,2,30,0,0.0,30.0,0.0,72.73648888888889
ENSG00000171161,ZNF672,chr1,248838210,248849520,1,2,0,0.955,23,1,16,0,0.0,9.0,0.0,70.42578461538461
ENSG00000171163,ZNF692,chr1,248850004,248859144,-1,1,0,0.85,22,2,20,0,0.0,56.0,0.0,68.17173999999999
ENSG00000185220,PGBD2,chr1,248906196,248919946,1,1,0,1.02,16,1,12,1,0.0,21.0,0.0,43.38932666666666
