gene_id,gene_name,chrom,start,end,strand,cpg_island_count,cpg_nearest_dist,cpg_mean_obs_exp,encode_ccre_count,encode_promoter_count,encode_enhancer_count,encode_ctcf_count,ot_cancer_hallmark_count,ot_disease_count,ot_is_cancer_driver,tcell_h3k27ac_count,tcell_atac_count,replication_timing
ENSG00000268320,SCGB1C2,chr17,137569,139067,1,0,4788,,0,0,0,0,0.0,7.0,0.0,0,0,58.164249999999996
ENSG00000272636,DOC2B,chr17,142789,181691,-1,2,0,1.03,71,1,34,7,0.0,52.0,0.0,0,0,59.44141
ENSG00000181031,RPH3AL,chr17,212389,386376,-1,14,0,0.8664,267,9,224,5,0.0,97.0,0.0,0,0,48.32207428571428
ENSG00000187624,LIAT1,chr17,410325,431062,1,2,0,0.935,40,1,35,0,0.0,452.0,0.0,3,0,52.04780454545455
ENSG00000183688,RFLNB,chr17,439978,445939,-1,2,0,0.765,8,0,8,0,0.0,39.0,0.0,0,0,56.74654285714286
ENSG00000141252,VPS53,chr17,508503,721717,-1,1,0,0.86,238,4,202,5,0.0,78.0,0.0,1,0,62.06314158878505
ENSG00000167695,TLCD3A,chr17,732412,742968,1,1,0,1.03,13,1,8,0,0.0,51.0,0.0,1,0,64.7249
ENSG00000179409,GEMIN4,chr17,744421,753999,-1,1,0,0.92,18,3,13,0,0.0,220.0,0.0,1,0,65.1991090909091
ENSG00000167699,GLOD4,chr17,757097,782341,-1,1,0,0.97,16,1,14,0,0.0,48.0,0.0,1,0,66.01541923076924
ENSG00000171861,MRM3,chr17,782345,792509,1,1,0,0.97,22,2,20,0,0.0,32.0,0.0,1,0,66.69694166666667
ENSG00000167693,NXN,chr17,799310,979776,-1,6,0,0.785,271,2,261,1,0.0,215.0,0.0,0,0,68.11039945054945
ENSG00000177370,TIMM22,chr17,997118,1003671,1,1,0,0.9,15,1,14,0,0.0,45.0,0.0,1,0,68.749
ENSG00000159842,ABR,chr17,1003519,1229738,-1,15,0,0.8467,391,8,365,3,0.0,132.0,0.0,5,0,74.06854889867843
ENSG00000205899,BHLHA9,chr17,1270444,1271815,1,1,0,0.88,4,1,1,0,0.0,110.0,0.0,0,0,78.38946666666666
ENSG00000184811,TRARG1,chr17,1279662,1300978,1,0,8223,,30,1,24,1,0.0,117.0,0.0,1,0,78.61930454545455
ENSG00000108953,YWHAE,chr17,1344275,1400255,-1,1,0,0.88,87,2,78,0,0.0,414.0,0.0,4,0,80.95295789473685
ENSG00000167193,CRK,chr17,1420689,1463162,-1,1,0,0.86,50,2,47,0,0.0,1040.0,0.0,1,0,83.2419
ENSG00000197879,MYO1C,chr17,1464186,1492698,-1,4,0,0.93,64,6,54,0,0.0,188.0,0.0,4,0,83.04342333333334
ENSG00000132376,INPP5K,chr17,1494575,1516742,-1,2,0,0.77,42,2,38,0,0.0,172.0,0.0,1,0,82.03444347826087
ENSG00000174238,PITPNA,chr17,1517718,1562792,-1,1,0,1.0,58,1,52,2,0.0,217.0,0.0,1,0,80.2489043478261
ENSG00000167703,SLC43A2,chr17,1569268,1630103,-1,5,0,0.766,118,4,112,0,0.0,68.0,0.0,1,0,78.63814999999997
ENSG00000074660,SCARF1,chr17,1633851,1645753,-1,2,0,0.78,24,1,22,0,0.0,211.0,0.0,0,0,79.52523076923077
ENSG00000167705,RILP,chr17,1646143,1650077,-1,1,0,0.83,11,0,11,0,0.0,60.0,0.0,2,0,79.90592
ENSG00000174231,PRPF8,chr17,1650624,1684876,-1,1,0,0.85,41,1,32,1,0.0,272.0,0.0,2,0,80.95268571428574
ENSG00000185561,TLCD2,chr17,1702816,1710377,-1,1,0,0.76,11,1,9,0,0.0,29.0,0.0,1,0,82.5821625
ENSG00000167716,WDR81,chr17,1716523,1738599,1,3,0,0.7733,50,5,44,0,0.0,278.0,0.0,4,0,82.72416521739129
ENSG00000167711,SERPINF2,chr17,1742069,1755271,1,1,0,0.73,24,2,21,0,0.0,359.0,0.0,0,0,82.24619285714286
ENSG00000132386,SERPINF1,chr17,1761979,1777627,1,0,7596,,27,1,26,0,0.0,614.0,0.0,1,0,81.05973529411764
ENSG00000186532,SMYD4,chr17,1779485,1830634,-1,1,0,1.06,56,1,53,0,0.0,62.0,0.0,2,0,78.06996415094339
ENSG00000132383,RPA1,chr17,1829702,1900082,1,2,0,0.965,74,1,63,1,0.0,377.0,0.0,3,0,72.82931267605633
ENSG00000185924,RTN4RL1,chr17,1934677,2025334,-1,3,0,0.7767,150,4,133,2,0.0,78.0,0.0,0,0,68.46152197802199
ENSG00000108963,DPH1,chr17,2030137,2043898,1,2,0,0.865,29,4,24,0,0.0,171.0,0.0,2,0,67.91408
ENSG00000262664,OVCA2,chr17,2042022,2043425,1,1,0,0.93,4,1,3,0,0.0,15.0,0.0,1,0,67.91460000000001
ENSG00000177374,HIC1,chr17,2054154,2063241,1,1,0,0.78,27,2,25,0,0.0,375.0,0.0,3,0,67.98150000000001
ENSG00000070366,SMG6,chr17,2059839,2303785,-1,1,0,1.0,334,10,304,2,0.0,171.0,0.0,7,0,71.1516791836735
ENSG00000167720,SRR,chr17,2303383,2325260,1,1,0,1.0,23,2,19,0,0.0,162.0,0.0,2,0,76.0428304347826
ENSG00000167721,TSR1,chr17,2322392,2336657,-1,1,0,0.96,10,1,8,0,0.0,40.0,0.0,1,0,76.47613125
ENSG00000141258,SGSM2,chr17,2337492,2381058,1,3,0,0.83,73,6,66,0,0.0,64.0,0.0,2,0,76.70567555555557
ENSG00000070444,MNT,chr17,2384073,2401142,-1,2,0,0.93,47,3,44,0,0.0,91.0,0.0,4,0,76.20547222222223
ENSG00000127804,METTL16,chr17,2405562,2511891,-1,1,0,1.02,116,2,102,3,0.0,173.0,0.0,2,0,73.49158971962618
ENSG00000007168,PAFAH1B1,chr17,2593183,2685616,1,1,0,1.07,85,5,67,2,0.0,497.0,0.0,1,0,70.74708829787234
ENSG00000132361,CLUH,chr17,2689386,2712663,-1,6,0,0.74,63,5,55,1,0.0,71.0,0.0,2,0,67.73720399999999
ENSG00000277200,CCDC92B,chr17,2720801,2749652,-1,2,0,0.98,26,2,16,3,0.0,12.0,0.0,0,0,65.11198999999999
ENSG00000132359,RAP1GAP2,chr17,2755705,3037741,1,3,0,0.98,401,4,365,6,0.0,70.0,0.0,6,0,55.90471625441696
ENSG00000262628,OR1D5,chr17,3062669,3063607,-1,0,13590,,1,0,0,0,0.0,9.0,0.0,0,0,49.9522
ENSG00000184166,OR1D2,chr17,3088484,3104422,-1,0,39405,,2,0,2,0,0.0,8.0,0.0,0,0,49.821082352941175
ENSG00000183024,OR1G1,chr17,3126610,3127551,-1,0,77531,,0,0,0,0,0.0,8.0,0.0,0,0,50.424949999999995
ENSG00000262085,OR1P1,chr17,3153889,3154882,-1,0,104810,,0,0,0,0,0.0,0.0,0.0,0,0,51.48385
ENSG00000172150,OR1A2,chr17,3197519,3198448,1,0,148440,,0,0,0,0,0.0,2.0,0.0,0,0,53.9171
ENSG00000172146,OR1A1,chr17,3207539,3218896,1,0,158460,,3,0,0,0,0.0,8.0,0.0,0,0,54.884025
ENSG00000221882,OR3A2,chr17,3276177,3386328,-1,1,0,1.0,23,1,4,2,0.0,6.0,0.0,0,0,61.585081081081086
ENSG00000180090,OR3A1,chr17,3291017,3298360,-1,0,87708,,1,0,0,0,0.0,6.0,0.0,0,0,59.631325
ENSG00000180042,OR1R1P,chr17,3385930,3386874,1,1,0,1.0,3,1,2,0,0.0,1.0,0.0,0,0,64.67564999999999
ENSG00000180016,OR1E1,chr17,3397104,3398410,-1,0,10326,,1,0,0,1,0.0,46.0,0.0,0,0,65.3471
ENSG00000159961,OR3A3,chr17,3411370,3424070,1,0,24592,,4,0,0,2,0.0,5.0,0.0,0,0,66.60495714285715
ENSG00000127780,OR1E2,chr17,3432870,3433841,-1,0,37871,,1,0,0,1,0.0,71.0,0.0,0,0,67.63319999999999
ENSG00000141255,SPATA22,chr17,3440019,3513852,-1,1,0,1.21,53,4,39,1,0.0,251.0,0.0,0,0,70.38657466666666
ENSG00000108381,ASPA,chr17,3472374,3503405,1,0,431,,25,2,23,0,0.0,909.0,0.0,0,0,71.0546875
ENSG00000167723,TRPV3,chr17,3510502,3557812,-1,2,0,1.025,60,2,48,2,0.0,359.0,0.0,0,0,73.69470625
ENSG00000196689,TRPV1,chr17,3565444,3609411,-1,1,0,0.61,46,2,32,3,0.0,858.0,0.0,0,0,76.13803111111112
ENSG00000262304,,chr17,3585149,3636249,-1,2,0,0.755,55,3,42,1,0.0,0.0,0.0,1,0,77.04612115384614
ENSG00000197417,SHPK,chr17,3608240,3636250,-1,2,0,0.755,27,1,21,0,0.0,110.0,0.0,1,0,77.46806206896551
ENSG00000040531,CTNS,chr17,3636459,3663103,1,1,0,0.79,40,4,34,0,0.0,131.0,0.0,1,0,78.32158571428572
ENSG00000213977,TAX1BP3,chr17,3662895,3668679,-1,1,0,0.88,16,2,14,0,0.0,73.0,0.0,1,0,78.76499999999999
ENSG00000257950,P2RX5-TAX1BP3,chr17,3663063,3696194,-1,2,0,0.92,66,6,58,0,0.0,341.0,0.0,3,0,79.0761617647059
ENSG00000127774,EMC6,chr17,3668812,3669668,1,1,0,0.88,4,2,2,0,0.0,93.0,0.0,1,0,78.85155
ENSG00000083454,P2RX5,chr17,3672199,3696398,-1,1,0,0.96,46,3,42,0,0.0,428.0,0.0,1,0,79.17932
ENSG00000083457,ITGAE,chr17,3714628,3801193,-1,2,0,0.885,125,2,109,1,0.0,559.0,0.0,5,0,80.21955632183908
ENSG00000177602,HASPIN,chr17,3723903,3726699,1,1,0,0.97,6,1,5,0,0.0,73.0,0.0,1,0,79.91239999999999
ENSG00000074356,NCBP3,chr17,3802158,3846246,-1,1,0,0.87,53,1,47,0,0.0,22.0,0.0,1,0,80.45935555555555
ENSG00000004660,CAMKK1,chr17,3860315,3894891,-1,4,0,0.835,62,2,54,3,0.0,68.0,0.0,4,0,80.11537500000001
ENSG00000108405,P2RX1,chr17,3896592,3916500,-1,0,3191,,33,1,30,0,0.0,505.0,0.0,2,0,79.74679047619048
ENSG00000074370,ATP2A3,chr17,3923866,3964491,-1,5,0,0.852,70,1,64,0,0.0,170.0,0.0,3,0,79.1527975609756
ENSG00000074755,ZZEF1,chr17,4004445,4143628,-1,2,0,0.91,144,3,120,3,0.0,65.0,0.0,3,0,77.92741418439716
ENSG00000167740,CYB5D2,chr17,4143168,4187310,1,2,0,0.99,62,4,57,0,0.0,57.0,0.0,3,0,77.07930222222221
ENSG00000185722,ANKFY1,chr17,4163821,4263995,-1,1,0,1.04,114,2,108,2,0.0,352.0,0.0,3,0,75.32020495049504
ENSG00000132388,UBE2G1,chr17,4269259,4366675,-1,1,0,0.9,98,2,93,0,0.0,157.0,0.0,1,0,72.41474848484849
ENSG00000182557,SPNS3,chr17,4433940,4488208,1,0,10456,,69,2,61,1,0.0,50.0,0.0,2,0,72.28743454545453
ENSG00000183018,SPNS2,chr17,4498850,4539036,1,2,0,0.8,81,2,78,0,0.0,359.0,0.0,0,0,73.29216341463416
ENSG00000132382,MYBBP1A,chr17,4538897,4555400,-1,1,0,0.88,41,1,37,0,0.0,176.0,0.0,1,0,74.15716470588235
ENSG00000167741,GGT6,chr17,4556927,4560818,-1,0,1238,,11,2,9,0,0.0,47.0,0.0,0,0,74.58918
ENSG00000188176,SMTNL2,chr17,4583999,4608319,1,4,0,0.7975,56,2,53,0,0.0,40.0,0.0,0,0,76.01604400000001
ENSG00000161905,ALOX15,chr17,4630919,4642294,-1,1,0,0.72,18,2,15,0,0.0,566.0,0.0,0,0,77.51799166666667
ENSG00000141456,PELP1,chr17,4669774,4704337,-1,1,0,0.85,35,1,32,0,0.0,123.0,0.0,2,0,78.7223457142857
ENSG00000141480,ARRB2,chr17,4710393,4721500,1,2,0,0.765,24,2,22,0,0.0,397.0,0.0,2,0,78.9431076923077
ENSG00000161920,MED11,chr17,4731428,4733608,1,1,0,0.81,6,1,4,0,0.0,38.0,0.0,1,0,78.8968
ENSG00000161921,CXCL16,chr17,4733533,4739934,-1,1,0,0.87,11,2,8,0,0.0,480.0,0.0,1,0,78.86544285714287
ENSG00000141497,ZMYND15,chr17,4739108,4746119,1,2,0,0.945,16,2,11,0,0.0,37.0,0.0,1,0,78.818775
ENSG00000142484,TM4SF5,chr17,4771849,4783213,1,1,0,0.75,10,1,6,0,0.0,82.0,0.0,0,0,78.39079166666667
ENSG00000182853,VMO1,chr17,4785285,4786433,-1,1,0,0.79,3,1,2,0,0.0,33.0,0.0,0,0,78.2875
ENSG00000182327,GLTPD2,chr17,4788964,4790589,1,1,0,0.84,8,1,7,0,0.0,26.0,0.0,1,0,78.23316666666666
ENSG00000142507,PSMB6,chr17,4796144,4798503,1,1,0,0.87,5,1,3,0,0.0,495.0,0.0,1,0,78.1508
ENSG00000262165,C17orf114,chr17,4801159,4807013,-1,1,0,1.09,6,1,2,0,0.0,2.0,0.0,0,0,78.08975714285714
ENSG00000129219,PLD2,chr17,4807117,4823434,1,1,0,1.09,21,1,16,0,0.0,173.0,0.0,1,0,78.01371764705881
ENSG00000141503,MINK1,chr17,4833147,4898065,1,1,0,0.96,115,3,102,2,0.0,203.0,0.0,1,0,77.97095151515153
ENSG00000108556,CHRNE,chr17,4897771,4934438,-1,1,0,0.69,49,4,34,4,0.0,151.0,0.0,2,0,77.59931891891891
ENSG00000205710,C17orf107,chr17,4899418,4902934,1,1,0,0.69,11,1,10,0,0.0,30.0,0.0,1,0,77.8779
ENSG00000185245,GP1BA,chr17,4932277,4935023,1,0,4540,,6,2,3,0,0.0,454.0,0.0,0,0,77.149975
ENSG00000108528,SLC25A11,chr17,4934570,4940156,-1,1,0,1.08,14,2,12,0,0.0,60.0,0.0,1,0,77.00058333333332
ENSG00000108523,RNF167,chr17,4939997,4945222,1,1,0,1.08,13,3,10,0,0.0,40.0,0.0,2,0,76.79536666666667
ENSG00000108518,PFN1,chr17,4945652,4950517,-1,1,0,0.87,15,3,12,0,0.0,263.0,0.0,3,0,76.52111666666666
ENSG00000108515,ENO3,chr17,4948046,4957132,1,1,0,0.87,23,3,18,0,0.0,124.0,0.0,2,0,76.31969000000001
ENSG00000091640,SPAG7,chr17,4959226,4967825,-1,1,0,0.74,11,2,9,0,0.0,132.0,0.0,1,0,75.70882000000002
ENSG00000108509,CAMTA2,chr17,4967992,4987684,-1,2,0,0.775,27,7,19,0,0.0,50.0,0.0,2,0,74.7791142857143
ENSG00000196388,INCA1,chr17,4988130,4999117,-1,1,0,0.86,15,4,9,1,0.0,65.0,0.0,4,0,73.70029166666667
ENSG00000129250,KIF1C,chr17,4997722,5028401,1,1,0,0.86,38,3,28,3,0.0,107.0,0.0,3,0,72.336690625
ENSG00000132517,SLC52A1,chr17,5032600,5052009,-1,0,26053,,24,1,23,0,0.0,513.0,0.0,2,0,70.39946
ENSG00000180787,ZFP3,chr17,5078467,5096376,1,1,0,1.05,7,1,4,0,0.0,25.0,0.0,1,0,68.68957894736843
ENSG00000167840,ZNF232,chr17,5105269,5123162,-1,3,0,0.8433,20,4,16,0,0.0,11.0,0.0,1,0,68.41615263157894
ENSG00000129204,USP6,chr17,5116032,5175034,1,2,0,0.84,35,1,22,4,0.0,417.0,0.0,0,0,68.55730333333334
ENSG00000180626,ZNF594,chr17,5179535,5191868,-1,1,0,0.88,8,2,5,0,0.0,12.0,0.0,1,0,68.88233076923076
ENSG00000161929,SCIMP,chr17,5208920,5234860,-1,0,16759,,38,1,34,0,0.0,83.0,0.0,0,0,69.08664814814814
ENSG00000029725,RABEP1,chr17,5282259,5386340,1,1,0,0.96,75,1,63,1,2.0,159.0,1.0,3,0,68.48793714285715
ENSG00000108559,NUP88,chr17,5359668,5420164,-1,1,0,0.91,50,2,43,0,0.0,105.0,0.0,2,0,67.00449508196722
ENSG00000129197,RPAIN,chr17,5419216,5432882,1,1,0,0.91,21,3,16,0,0.0,159.0,0.0,1,0,65.65574666666666
ENSG00000108561,C1QBP,chr17,5432777,5448830,-1,2,0,0.915,19,2,14,0,0.0,267.0,0.0,1,0,65.12281764705882
ENSG00000005100,DHX33,chr17,5440917,5468982,-1,2,0,0.785,21,2,15,0,0.0,53.0,0.0,1,0,64.69366206896551
ENSG00000072849,DERL2,chr17,5471254,5486811,-1,1,0,0.89,10,3,6,1,0.0,49.0,0.0,1,0,64.1086
ENSG00000167842,MIS12,chr17,5486285,5490816,1,1,0,0.89,5,2,3,0,0.0,33.0,0.0,1,0,63.937149999999995
ENSG00000091592,NLRP1,chr17,5499415,5619424,-1,1,0,0.76,112,5,75,13,0.0,1092.0,0.0,2,0,62.93643305785124
ENSG00000286190,,chr17,5499427,5501006,-1,1,0,0.76,7,2,5,0,0.0,17.0,0.0,1,0,63.769933333333334
ENSG00000285471,,chr17,5772926,6080792,1,1,0,1.1,262,4,178,23,0.0,2.0,0.0,0,0,47.309948220064726
ENSG00000179314,WSCD1,chr17,6057807,6124427,1,2,0,0.95,82,3,68,2,0.0,57.0,0.0,0,0,46.40687313432836
ENSG00000129221,AIPL1,chr17,6393693,6435199,-1,0,8946,,41,1,25,3,0.0,172.0,0.0,0,0,59.10506666666668
ENSG00000129195,PIMREG,chr17,6443807,6451469,1,1,0,1.08,8,1,7,0,0.0,253.0,0.0,1,0,59.685537499999995
ENSG00000091622,PITPNM3,chr17,6451263,6556555,-1,2,0,0.805,158,1,143,0,0.0,102.0,0.0,1,0,61.488057943925234
ENSG00000282936,,chr17,6578147,6640711,-1,1,0,0.76,50,2,42,2,0.0,26.0,0.0,1,0,64.900165625
ENSG00000198920,KIAA0753,chr17,6578147,6640711,-1,1,0,0.76,50,2,42,2,0.0,64.0,0.0,1,0,64.900165625
ENSG00000129235,TXNDC17,chr17,6640712,6644541,1,1,0,0.76,8,2,6,0,0.0,49.0,0.0,1,0,65.75088
ENSG00000108590,MED31,chr17,6643311,6651634,-1,1,0,0.86,9,1,7,0,0.0,36.0,0.0,1,0,65.8484
ENSG00000256806,C17orf100,chr17,6651762,6693202,1,3,0,0.8067,61,4,42,0,0.0,22.0,0.0,2,0,66.35332142857143
ENSG00000141485,SLC13A5,chr17,6684715,6713377,-1,1,0,0.78,43,0,26,0,0.0,211.0,0.0,0,0,66.89497931034484
ENSG00000132530,XAF1,chr17,6755377,6775647,1,0,239,,14,2,10,0,0.0,215.0,0.0,1,0,69.21326363636364
ENSG00000177294,FBXO39,chr17,6776215,6797101,1,1,0,0.81,19,1,10,2,0.0,31.0,0.0,0,0,70.46543636363637
ENSG00000167858,TEKT1,chr17,6789133,6831761,-1,0,12742,,28,1,13,4,0.0,49.0,0.0,0,0,72.18566590909091
ENSG00000108839,ALOX12,chr17,6996049,7010754,1,1,0,0.7,24,1,16,2,0.0,308.0,0.0,1,0,74.734425
ENSG00000219200,RNASEK,chr17,7012417,7014532,1,2,0,0.835,8,4,4,0,0.0,36.0,0.0,1,0,74.41445
ENSG00000161939,RNASEK-C17orf49,chr17,7012635,7017520,1,2,0,0.835,16,6,10,0,0.0,23.0,0.0,1,0,74.36016666666667
ENSG00000258315,BACC1,chr17,7014495,7017544,1,1,0,0.99,8,2,6,0,0.0,33.0,0.0,1,0,74.34656
ENSG00000161940,BCL6B,chr17,7023050,7030290,1,1,0,0.66,16,1,15,0,0.0,181.0,0.0,2,0,74.1140125
ENSG00000174327,SLC16A13,chr17,7036015,7040117,1,1,0,0.73,10,2,7,0,0.0,33.0,0.0,1,0,73.9625
ENSG00000174326,SLC16A11,chr17,7041621,7044092,-1,1,0,0.71,8,1,7,0,0.0,34.0,0.0,2,0,73.93339999999999
ENSG00000132514,CLEC10A,chr17,7074537,7081166,-1,0,30335,,7,1,3,0,0.0,544.0,0.0,0,0,74.3474142857143
ENSG00000161944,ASGR2,chr17,7100166,7116603,-1,0,55964,,25,2,17,0,0.0,81.0,0.0,0,0,75.34801666666667
ENSG00000141505,ASGR1,chr17,7172535,7179648,-1,1,0,0.68,19,4,14,0,0.0,210.0,0.0,0,0,77.68492499999999
ENSG00000132535,DLG4,chr17,7187187,7219836,-1,3,0,0.7433,62,8,54,0,0.0,332.0,0.0,3,0,78.2451411764706
ENSG00000072778,ACADVL,chr17,7217125,7225269,1,1,0,0.8,24,5,19,0,,,,1,0,78.5254888888889
ENSG00000004975,DVL2,chr17,7225342,7234524,-1,1,0,0.9,20,2,17,0,0.0,208.0,0.0,1,0,78.64914545454546
ENSG00000040633,PHF23,chr17,7235029,7239722,-1,1,0,0.93,15,4,11,0,0.0,35.0,0.0,3,0,78.74989999999998
ENSG00000170296,GABARAP,chr17,7240008,7242449,-1,1,0,0.94,8,3,5,0,0.0,131.0,0.0,1,0,78.79683333333332
ENSG00000262526,,chr17,7240427,7244635,-1,1,0,0.94,14,4,10,0,0.0,0.0,0.0,1,0,78.81701666666667
ENSG00000175826,CTDNEP1,chr17,7243589,7252841,-1,1,0,0.72,17,4,13,0,0.0,44.0,0.0,2,0,78.89837
ENSG00000262302,,chr17,7246829,7262089,-1,2,0,0.77,35,4,29,0,0.0,0.0,0.0,2,0,78.980875
ENSG00000170291,ELP5,chr17,7250823,7260165,1,1,0,0.72,24,3,19,0,0.0,38.0,0.0,1,0,78.99453
ENSG00000181885,CLDN7,chr17,7259347,7264016,-1,1,0,0.82,14,5,9,0,0.0,603.0,0.0,1,0,79.07786666666665
ENSG00000181856,SLC2A4,chr17,7281667,7289241,1,1,0,0.71,16,4,12,0,0.0,445.0,0.0,0,0,79.40922499999999
ENSG00000006047,YBX2,chr17,7288263,7294639,-1,2,0,0.8,16,1,15,0,0.0,270.0,0.0,0,0,79.487725
ENSG00000132507,EIF5A,chr17,7306944,7312466,1,1,0,1.06,13,4,9,0,0.0,191.0,0.0,1,0,79.69943333333333
ENSG00000132522,GPS2,chr17,7311324,7315564,-1,1,0,0.96,12,1,11,0,0.0,100.0,0.0,1,0,79.73966666666666
ENSG00000261915,,chr17,7312661,7319174,-1,1,0,0.96,21,1,20,0,0.0,0.0,0.0,1,0,79.7631142857143
ENSG00000215041,NEURL4,chr17,7315628,7329393,-1,3,0,0.8433,36,1,35,0,0.0,47.0,0.0,2,0,79.81622142857142
ENSG00000072818,ACAP1,chr17,7332960,7351478,1,2,0,0.77,29,1,27,0,0.0,84.0,0.0,3,0,79.90305789473682
ENSG00000213859,KCTD11,chr17,7351889,7354944,1,1,0,0.86,10,2,8,0,0.0,106.0,0.0,1,0,79.89385
ENSG00000182896,TMEM95,chr17,7355123,7357219,1,0,2634,,5,1,4,0,0.0,118.0,0.0,0,0,79.88263333333333
ENSG00000174292,TNK1,chr17,7380534,7389774,1,2,0,0.745,15,2,13,0,0.0,175.0,0.0,1,0,79.50802999999999
ENSG00000187838,PLSCR3,chr17,7389727,7397054,-1,1,0,0.68,16,3,11,0,0.0,91.0,0.0,1,0,79.336275
ENSG00000262481,TMEM256-PLSCR3,chr17,7389734,7404097,-1,2,0,0.725,27,3,20,0,0.0,30.0,0.0,2,0,79.2507
ENSG00000205544,TMEM256,chr17,7402975,7404097,-1,1,0,0.77,3,0,3,0,0.0,49.0,0.0,1,0,79.08825
ENSG00000169992,NLGN2,chr17,7404874,7419860,1,2,0,0.75,34,2,27,1,0.0,82.0,0.0,1,0,78.8383
ENSG00000181323,SPEM1,chr17,7420324,7421632,1,0,2698,,3,1,2,0,0.0,138.0,0.0,0,0,78.59206666666667
ENSG00000184560,SPEM2,chr17,7425616,7427568,1,0,7990,,5,0,0,2,0.0,172.0,0.0,0,0,78.41216666666666
ENSG00000283439,SPEM3,chr17,7428857,7432820,1,0,2955,,8,1,4,0,0.0,4.0,0.0,0,0,78.29132000000001
ENSG00000286007,,chr17,7428861,7436278,1,1,0,0.85,16,3,9,1,0.0,0.0,0.0,1,0,78.24598750000001
ENSG00000181284,TMEM102,chr17,7435430,7437679,1,1,0,0.85,8,3,5,0,0.0,35.0,0.0,1,0,78.125225
ENSG00000161958,FGF11,chr17,7438265,7444937,1,1,0,0.7,17,6,10,0,0.0,77.0,0.0,0,0,77.9757
ENSG00000170175,CHRNB1,chr17,7445061,7457710,1,1,0,0.68,24,4,17,0,0.0,101.0,0.0,1,0,77.68567857142855
ENSG00000174282,ZBTB4,chr17,7459366,7484263,-1,4,0,0.81,50,3,45,0,0.0,104.0,0.0,3,0,77.17434615384616
ENSG00000259224,SLC35G6,chr17,7481446,7483496,1,0,716,,6,1,5,0,0.0,13.0,0.0,1,0,76.94293333333333
ENSG00000181222,POLR2A,chr17,7484366,7514616,1,1,0,0.87,65,1,63,0,0.0,263.0,0.0,2,0,76.69267500000001
ENSG00000239697,TNFSF12,chr17,7548508,7557890,1,1,0,0.85,20,1,19,0,0.0,493.0,0.0,2,0,76.50246
ENSG00000248871,TNFSF12-TNFSF13,chr17,7549099,7561601,1,2,0,0.94,26,4,22,0,0.0,124.0,0.0,3,0,76.50042142857144
ENSG00000161955,TNFSF13,chr17,7558292,7561608,1,1,0,1.03,8,3,5,0,0.0,581.0,0.0,1,0,76.49614
ENSG00000161956,SENP3,chr17,7561919,7571969,1,1,0,1.03,12,3,9,0,0.0,135.0,0.0,2,0,76.47561818181818
ENSG00000277957,SENP3-EIF4A1,chr17,7563287,7578715,1,1,0,0.92,27,6,21,0,0.0,0.0,0.0,2,0,76.45439411764706
ENSG00000161960,EIF4A1,chr17,7572760,7579006,1,1,0,0.92,18,5,13,0,0.0,163.0,0.0,1,0,76.42647142857143
ENSG00000129226,CD68,chr17,7579380,7582112,1,0,855,,9,1,8,0,0.0,1429.0,0.0,0,0,76.388725
ENSG00000129255,MPDU1,chr17,7583529,7592789,1,2,0,0.805,26,3,23,0,0.0,41.0,0.0,1,0,76.2924
ENSG00000129194,SOX15,chr17,7588178,7590094,-1,1,0,0.77,7,1,6,0,0.0,67.0,0.0,0,0,76.28753333333333
ENSG00000129245,FXR2,chr17,7591230,7614897,-1,1,0,1.1,24,3,21,0,0.0,64.0,0.0,1,0,76.00623999999999
ENSG00000129214,SHBG,chr17,7613946,7633469,1,2,0,0.92,27,5,20,0,0.0,637.0,0.0,2,0,75.37015
ENSG00000141504,SAT2,chr17,7626234,7627876,-1,1,0,0.74,4,1,3,0,0.0,78.0,0.0,1,0,75.24056666666667
ENSG00000129244,ATP1B2,chr17,7646627,7657770,1,1,0,0.8,22,1,19,0,0.0,223.0,0.0,0,0,73.90065
ENSG00000141510,TP53,chr17,7661779,7687546,-1,1,0,1.08,23,3,15,2,9.0,3287.0,1.0,1,0,72.36478888888888
ENSG00000141499,WRAP53,chr17,7686071,7703505,1,2,0,1.07,18,3,9,0,0.0,109.0,0.0,2,0,70.90051052631578
ENSG00000108947,EFNB3,chr17,7705202,7711372,1,1,0,0.66,14,1,10,0,0.0,175.0,0.0,0,0,69.97361428571428
ENSG00000183914,DNAH2,chr17,7717744,7833742,1,4,0,0.7925,94,1,56,10,0.0,224.0,0.0,1,0,68.10080256410258
ENSG00000132510,KDM6B,chr17,7834193,7854796,1,4,0,0.775,59,3,56,0,0.0,433.0,0.0,3,0,70.1085909090909
ENSG00000167874,TMEM88,chr17,7855059,7856114,1,1,0,0.98,4,0,4,0,0.0,58.0,0.0,1,0,70.80879999999999
ENSG00000183011,NAA38,chr17,7856685,7885238,-1,2,0,0.99,49,8,34,1,0.0,40.0,0.0,3,0,71.80804482758622
ENSG00000182224,CYB5D1,chr17,7857746,7862282,1,1,0,0.87,11,4,7,0,0.0,40.0,0.0,1,0,71.10054000000001
ENSG00000170004,CHD3,chr17,7884796,7912760,1,2,0,1.005,43,5,33,0,0.0,170.0,0.0,1,0,73.52660689655173
ENSG00000179859,RNF227,chr17,7913339,7916289,-1,1,0,1.07,7,2,5,0,0.0,13.0,0.0,1,0,74.400475
ENSG00000170049,KCNAB3,chr17,7921577,7929856,-1,2,0,0.92,20,1,13,0,0.0,45.0,0.0,1,0,74.99374444444445
ENSG00000262730,,chr17,7925931,7930622,-1,1,0,0.85,10,2,5,0,0.0,0.0,0.0,0,0,75.11858333333333
ENSG00000170043,TRAPPC1,chr17,7930345,7932123,-1,1,0,0.86,7,2,5,0,0.0,30.0,0.0,1,0,75.24173333333333
ENSG00000170037,CNTROB,chr17,7932101,7949920,1,1,0,0.86,11,2,8,0,0.0,146.0,0.0,1,0,75.71882105263158
ENSG00000132518,GUCY2D,chr17,8002615,8020342,1,3,0,0.7333,31,2,26,1,0.0,418.0,0.0,0,0,79.06961111111112
ENSG00000179593,ALOX15B,chr17,8039011,8049134,1,0,14791,,10,1,9,0,0.0,194.0,0.0,0,0,80.45225454545454
ENSG00000179477,ALOX12B,chr17,8072636,8087716,-1,1,0,0.82,24,1,18,2,0.0,175.0,0.0,1,0,81.24189375
ENSG00000179148,ALOXE3,chr17,8095900,8119047,-1,3,0,0.74,21,2,14,1,0.0,183.0,0.0,1,0,81.03628333333334
ENSG00000179111,HES7,chr17,8120592,8124106,-1,2,0,0.845,13,2,11,0,0.0,140.0,0.0,1,0,80.652175
ENSG00000179094,PER1,chr17,8140467,8156506,-1,2,0,0.75,50,4,46,0,2.0,451.0,1.0,1,0,79.59205
ENSG00000263620,,chr17,8150816,8162975,-1,3,0,0.8667,37,4,33,0,0.0,0.0,0.0,4,0,79.20036153846152
ENSG00000220205,VAMP2,chr17,8159149,8163546,-1,1,0,1.1,12,3,9,0,0.0,160.0,0.0,1,0,78.99055
ENSG00000179029,TMEM107,chr17,8172457,8176405,-1,1,0,0.81,13,3,9,0,0.0,554.0,0.0,2,0,78.42132
ENSG00000196544,BORCS6,chr17,8188345,8190180,-1,1,0,0.93,7,2,5,0,0.0,19.0,0.0,1,0,77.80566666666665
ENSG00000178999,AURKB,chr17,8204335,8210634,-1,1,0,0.77,16,3,11,0,0.0,426.0,0.0,1,0,77.221575
ENSG00000178971,CTC1,chr17,8224815,8248058,-1,1,0,0.81,24,1,21,0,0.0,103.0,0.0,2,0,76.83322083333333
ENSG00000178921,PFAS,chr17,8247618,8270491,1,2,0,0.98,30,3,18,0,0.0,157.0,0.0,1,0,76.94023913043478
ENSG00000125434,SLC25A35,chr17,8287763,8295410,-1,2,0,0.815,18,3,15,0,0.0,28.0,0.0,2,0,77.45242499999999
ENSG00000108961,RANGRF,chr17,8288631,8290092,1,1,0,0.8,5,1,4,0,0.0,104.0,0.0,1,0,77.4182
ENSG00000198844,ARHGEF15,chr17,8310241,8323127,1,0,3750,,24,2,15,0,0.0,113.0,0.0,0,0,77.78854999999999
ENSG00000184650,ODF4,chr17,8339840,8346048,1,0,12217,,6,0,5,1,0.0,147.0,0.0,0,0,77.78052857142858
ENSG00000184619,KRBA2,chr17,8356902,8376738,-1,1,0,0.78,23,1,21,0,0.0,17.0,0.0,1,0,77.25408571428572
ENSG00000263809,,chr17,8368638,8383187,-1,2,0,0.79,26,4,19,0,0.0,0.0,0.0,2,0,76.93288666666668
ENSG00000161970,RPL26,chr17,8377503,8384062,-1,1,0,0.8,16,3,11,0,0.0,100.0,0.0,2,0,76.72412857142857
ENSG00000189051,RNF222,chr17,8390702,8397827,-1,1,0,0.64,12,2,10,0,0.0,18.0,0.0,0,0,76.03291250000001
ENSG00000166579,NDEL1,chr17,8408528,8490411,1,2,0,0.84,105,1,95,2,0.0,88.0,0.0,1,0,72.0304975609756
ENSG00000133026,MYH10,chr17,8474205,8632303,-1,2,0,0.795,162,4,149,2,0.0,676.0,0.0,1,0,65.95223333333334
ENSG00000161973,CCDC42,chr17,8729930,8745970,-1,1,0,1.25,20,1,15,2,0.0,177.0,0.0,2,0,58.290811764705886
ENSG00000183318,SPDYE4,chr17,8747524,8758559,-1,0,1329,,10,0,2,3,0.0,14.0,0.0,0,0,57.38431666666667
ENSG00000185156,MFSD6L,chr17,8797110,8799365,-1,1,0,0.77,6,2,3,0,0.0,141.0,0.0,0,0,54.98786666666667
ENSG00000276231,PIK3R6,chr17,8802722,8867686,-1,0,3216,,75,2,55,3,0.0,128.0,0.0,0,0,53.21681363636364
ENSG00000141506,PIK3R5,chr17,8878911,8965726,-1,2,0,0.7,133,1,127,0,0.0,188.0,0.0,6,0,49.774529545454556
ENSG00000065320,NTN1,chr17,9021210,9244000,1,4,0,0.9475,277,2,241,4,0.0,554.0,0.0,2,0,46.14639776785714
ENSG00000170310,STX8,chr17,9250471,9576591,-1,1,0,1.0,274,4,217,12,0.0,107.0,0.0,4,0,41.12487225609756
ENSG00000166596,CFAP52,chr17,9576627,9643447,1,0,719,,31,1,7,5,0.0,160.0,0.0,0,0,40.879480597014926
ENSG00000154914,USP43,chr17,9644663,9729693,1,1,0,0.88,74,3,62,3,0.0,63.0,0.0,0,0,38.17193255813953
ENSG00000184544,DHRS7C,chr17,9771434,9791592,-1,1,0,0.78,23,2,19,1,0.0,21.0,0.0,0,0,38.971486363636366
ENSG00000214978,GSG1L2,chr17,9800608,9822079,-1,0,28660,,24,0,18,3,0.0,15.0,0.0,0,0,39.370740909090905
ENSG00000065325,GLP2R,chr17,9822206,9892099,1,0,12651,,68,1,46,6,0.0,111.0,0.0,0,0,38.59324647887324
ENSG00000109047,RCVRN,chr17,9896320,9905271,-1,1,0,0.82,15,1,13,0,0.0,137.0,0.0,0,0,36.88928
ENSG00000007237,GAS7,chr17,9910606,10198853,-1,1,0,0.99,406,8,388,2,1.0,343.0,1.0,1,0,34.55847724137931
ENSG00000006788,MYH13,chr17,10300865,10373130,-1,0,101742,,58,0,26,6,0.0,41.0,0.0,0,0,39.202619178082195
ENSG00000133020,MYH8,chr17,10390322,10421950,-1,0,191199,,20,0,10,2,0.0,100.0,0.0,0,0,40.0540393939394
ENSG00000264424,MYH4,chr17,10443290,10469559,-1,0,168605,,17,0,4,8,0.0,348.0,0.0,0,0,41.06133214285713
ENSG00000109061,MYH1,chr17,10491389,10518719,-1,0,119445,,11,1,6,0,0.0,142.0,0.0,0,0,42.728620689655166
ENSG00000125414,MYH2,chr17,10521148,10549700,-1,0,88464,,18,1,13,0,0.0,136.0,0.0,0,0,43.985713333333344
ENSG00000109063,MYH3,chr17,10628526,10657309,-1,1,0,0.79,31,1,24,1,0.0,225.0,0.0,0,0,47.00305172413793
ENSG00000133028,SCO1,chr17,10672474,10698375,-1,1,0,0.84,20,1,18,1,0.0,92.0,0.0,1,0,46.96473703703703
ENSG00000170222,ADPRM,chr17,10697594,10711558,1,1,0,0.84,14,1,13,0,0.0,20.0,0.0,2,0,46.66345999999999
ENSG00000187824,TMEM220,chr17,10699015,10730354,-1,1,0,0.89,28,2,26,0,0.0,39.0,0.0,2,0,46.419821875
ENSG00000263429,TMEM238L,chr17,10794908,10804099,-1,0,64735,,19,1,18,0,0.0,41.0,0.0,0,0,41.90639
ENSG00000233670,PIRT,chr17,10822470,10838087,-1,0,92297,,14,1,10,1,0.0,32.0,0.0,0,0,39.413747058823525
ENSG00000188803,SHISA6,chr17,11241213,11564063,1,2,0,0.94,174,3,102,16,0.0,59.0,0.0,0,0,36.86766882716049
ENSG00000007174,DNAH9,chr17,11598470,11969748,1,1,0,0.87,191,2,91,23,0.0,130.0,0.0,0,0,50.44694772117962
ENSG00000154957,ZNF18,chr17,11977439,11997475,-1,1,0,0.9,20,2,11,2,0.0,55.0,0.0,1,0,55.476138095238085
ENSG00000065559,MAP2K4,chr17,12020828,12143830,1,1,0,1.0,105,5,74,2,7.0,438.0,1.0,1,0,52.51851370967741
ENSG00000141052,MYOCD,chr17,12665890,12768949,1,1,0,0.92,85,2,80,0,0.0,206.0,0.0,0,0,42.46480288461539
ENSG00000006740,ARHGAP44,chr17,12789498,12991643,1,2,0,0.82,159,5,112,11,0.0,98.0,0.0,0,0,46.22707647058824
ENSG00000006744,ELAC2,chr17,12991268,13018065,-1,1,0,1.1,22,2,16,1,0.0,132.0,0.0,1,0,46.854996428571425
ENSG00000153976,HS3ST3A1,chr17,13494032,13601929,-1,2,0,0.95,125,1,106,1,0.0,94.0,0.0,0,0,54.49984403669724
ENSG00000006695,COX10,chr17,14069490,14231736,1,2,0,0.85,139,1,118,4,0.0,134.0,0.0,5,0,53.20092865853659
ENSG00000223510,CDRT15,chr17,14235673,14236862,-1,0,28416,,2,0,1,0,0.0,32.0,0.0,0,0,57.24615
ENSG00000125430,HS3ST3B1,chr17,14301081,14349404,1,3,0,0.88,81,2,75,0,0.0,80.0,0.0,3,0,51.18935306122448
ENSG00000109099,PMP22,chr17,15229773,15272292,-1,2,0,0.77,70,10,60,0,0.0,941.0,0.0,0,0,56.68960465116279
ENSG00000125409,TEKT3,chr17,15303811,15341632,-1,1,0,0.75,29,1,18,4,0.0,128.0,0.0,0,0,57.684574358974366
ENSG00000239704,CDRT4,chr17,15436015,15475733,-1,0,87312,,50,0,46,0,0.0,9.0,0.0,0,0,61.86410975609756
ENSG00000259024,TVP23C-CDRT4,chr17,15436021,15563561,-1,1,0,0.79,118,1,99,5,0.0,64.0,0.0,1,0,60.84506666666666
ENSG00000175106,TVP23C,chr17,15502264,15563595,-1,1,0,0.79,38,1,29,3,0.0,67.0,0.0,1,0,59.92468253968254
ENSG00000241322,FBXW10B,chr17,15565484,15619704,-1,0,1742,,27,1,9,3,0.0,19.0,0.0,0,0,57.745349999999995
ENSG00000251537,,chr17,15571491,15651653,-1,0,7749,,52,3,32,3,0.0,1.0,0.0,0,0,57.51688048780488
ENSG00000221926,TRIM16,chr17,15627950,15684311,-1,0,15153,,51,4,40,1,0.0,102.0,0.0,1,0,57.69742280701755
ENSG00000255104,ZNF286A-TBC1D26,chr17,15699552,15745940,1,2,0,0.8,21,3,7,2,0.0,0.0,0.0,1,0,60.74297659574468
ENSG00000187607,ZNF286A,chr17,15699577,15720787,1,2,0,0.8,8,3,1,0,0.0,8.0,0.0,1,0,59.975631818181824
ENSG00000214946,TBC1D26,chr17,15732247,15746162,1,0,3058,,10,0,6,2,0.0,8.0,0.0,0,0,61.732879999999994
ENSG00000170425,ADORA2B,chr17,15945130,15975746,1,1,0,0.82,55,1,52,1,0.0,411.0,0.0,0,0,69.205296875
ENSG00000214941,ZSWIM7,chr17,15976560,15999717,-1,1,0,1.0,32,2,26,0,0.0,233.0,0.0,1,0,68.96005416666667
ENSG00000011295,TTC19,chr17,15999783,16045015,1,1,0,1.0,41,1,39,0,0.0,75.0,0.0,1,0,68.6722608695652
ENSG00000141027,NCOR1,chr17,16029065,16218185,-1,1,0,0.84,142,3,115,6,8.0,487.0,1.0,1,0,72.95998105263159
ENSG00000108474,PIGL,chr17,16217191,16351797,1,0,507,,134,2,105,2,0.0,58.0,0.0,4,0,82.2507080882353
ENSG00000166582,CENPV,chr17,16342534,16353656,-1,1,0,0.97,19,1,14,0,0.0,124.0,0.0,1,0,80.577375
ENSG00000170315,UBB,chr17,16380667,16382745,1,1,0,1.15,5,2,3,0,0.0,1156.0,0.0,1,0,77.3086
ENSG00000187688,TRPV2,chr17,16415571,16437003,1,0,2187,,33,2,27,1,0.0,288.0,0.0,2,0,72.61816818181818
ENSG00000181350,LRRC75A,chr17,16441577,16492237,-1,1,0,1.02,105,1,99,0,0.0,39.0,0.0,1,0,69.70735490196078
ENSG00000141040,ZNF287,chr17,16546954,16569218,-1,1,0,0.88,9,1,3,0,0.0,25.0,0.0,1,0,68.35841304347827
ENSG00000197566,ZNF624,chr17,16620734,16653856,-1,1,0,0.79,15,1,6,1,0.0,13.0,0.0,1,0,66.94907647058824
ENSG00000170160,CCDC144A,chr17,16689537,16777974,1,2,0,0.725,21,2,10,0,0.0,18.0,0.0,0,0,65.18462696629214
ENSG00000266302,,chr17,16690261,16804453,1,1,0,0.73,26,2,12,2,0.0,0.0,0.0,0,0,65.42505999999999
ENSG00000240505,TNFRSF13B,chr17,16929816,16972118,-1,0,69952,,57,1,50,0,0.0,529.0,0.0,0,0,74.96046511627907
ENSG00000133030,MPRIP,chr17,17042457,17217679,1,4,0,0.88,319,5,306,1,0.0,355.0,0.0,14,0,80.05802824858758
ENSG00000179598,PLD6,chr17,17200995,17206333,-1,1,0,0.83,12,1,11,0,0.0,174.0,0.0,1,0,78.91488333333334
ENSG00000264187,,chr17,17202649,17237185,-1,3,0,0.7767,59,4,51,1,0.0,1.0,0.0,2,0,78.50403428571428
ENSG00000154803,FLCN,chr17,17212206,17237203,-1,2,0,0.75,44,3,37,1,0.0,381.0,0.0,1,0,78.39111538461538
ENSG00000141030,COPS3,chr17,17246616,17281303,-1,1,0,0.88,29,2,20,2,0.0,62.0,0.0,1,0,77.29640571428571
ENSG00000205309,NT5M,chr17,17303331,17347663,1,1,0,1.39,52,1,36,4,0.0,52.0,0.0,2,0,75.39221521739131
ENSG00000141026,MED9,chr17,17476994,17493221,1,1,0,0.85,25,1,23,0,0.0,15.0,0.0,1,0,72.61610588235295
ENSG00000108551,RASD1,chr17,17494437,17496396,-1,1,0,1.04,6,1,5,0,0.0,198.0,0.0,0,0,72.84253333333332
ENSG00000133027,PEMT,chr17,17505561,17591718,-1,2,0,0.79,173,3,161,0,0.0,186.0,0.0,1,0,75.2110528735632
ENSG00000108557,RAI1,chr17,17681458,17811453,1,9,0,0.92,269,3,260,0,0.0,339.0,0.0,4,0,80.2506
ENSG00000072310,SREBF1,chr17,17810399,17837030,-1,4,0,0.9275,65,1,64,0,0.0,519.0,0.0,3,0,80.28713214285715
ENSG00000175662,TOM1L2,chr17,17843507,17972469,-1,1,0,0.75,204,1,200,0,0.0,257.0,0.0,3,0,80.69152558139535
ENSG00000171962,DRC3,chr17,17972813,18016889,1,1,0,0.76,57,1,51,1,0.0,35.0,0.0,1,0,80.90000888888889
ENSG00000171953,ATPAF2,chr17,17977409,18039209,-1,2,0,0.87,85,1,77,1,0.0,31.0,0.0,1,0,80.91099682539682
ENSG00000141034,GID4,chr17,18039408,18068405,1,1,0,0.98,29,2,21,2,0.0,31.0,0.0,1,0,80.84452333333336
ENSG00000108591,DRG2,chr17,18087892,18107979,1,1,0,0.96,26,1,21,0,0.0,75.0,0.0,1,0,80.22610476190478
ENSG00000091536,MYO15A,chr17,18108756,18179802,1,1,0,0.88,115,2,82,3,0.0,242.0,0.0,1,0,78.5511736111111
ENSG00000091542,ALKBH5,chr17,18183078,18209954,1,1,0,0.98,36,3,32,0,0.0,506.0,0.0,3,0,75.92553214285715
ENSG00000131899,LLGL1,chr17,18225569,18244876,1,1,0,1.13,46,1,45,0,0.0,165.0,0.0,1,0,73.928245
ENSG00000177731,FLII,chr17,18244782,18258772,-1,2,0,0.78,31,2,27,0,0.0,123.0,0.0,1,0,73.21723333333333
ENSG00000177427,MIEF2,chr17,18259527,18266552,1,2,0,0.72,15,3,11,0,0.0,45.0,0.0,1,0,72.7967625
ENSG00000177302,TOP3A,chr17,18271428,18315007,-1,1,0,0.92,29,1,23,0,0.0,86.0,0.0,1,0,72.09184666666668
ENSG00000176994,SMCR8,chr17,18315293,18328056,1,1,0,0.92,24,1,17,0,0.0,146.0,0.0,1,0,71.66860000000001
ENSG00000176974,SHMT1,chr17,18327686,18363550,-1,1,0,0.94,21,1,17,0,0.0,226.0,0.0,1,0,71.35914324324325
ENSG00000214860,EVPLL,chr17,18377674,18389652,1,1,0,0.69,16,0,13,0,0.0,6.0,0.0,0,0,70.58206923076924
ENSG00000171916,LGALS9C,chr17,18476737,18494945,1,0,64552,,9,1,2,0,0.0,175.0,0.0,0,0,64.93161578947368
ENSG00000189375,TBC1D28,chr17,18634247,18644427,-1,1,0,0.74,7,0,3,0,0.0,3.0,0.0,0,0,67.94777272727273
ENSG00000240445,FOXO3B,chr17,18667629,18682314,-1,4,0,0.885,7,2,0,0,0.0,261.0,0.0,1,0,69.06082666666667
ENSG00000171931,FBXW10,chr17,18744026,18779349,1,0,1863,,25,1,15,2,0.0,18.0,0.0,0,0,72.91090277777779
ENSG00000171928,TVP23B,chr17,18781111,18806715,1,1,0,0.78,13,1,8,3,0.0,94.0,0.0,1,0,75.34214444444444
ENSG00000141127,PRPSAP2,chr17,18840085,18931287,1,1,0,0.79,80,2,68,2,0.0,52.0,0.0,3,0,66.14677173913043
ENSG00000154025,SLC5A10,chr17,18950345,19022595,1,3,0,0.7433,158,6,141,1,0.0,141.0,0.0,3,0,35.83168243243243
ENSG00000188522,FAM83G,chr17,18968789,19004815,-1,2,0,0.79,82,2,76,0,0.0,128.0,0.0,1,0,34.68624864864865
ENSG00000154016,GRAP,chr17,19020656,19047143,-1,0,5401,,15,0,12,0,0.0,44.0,0.0,0,0,33.79614074074074
ENSG00000189152,GRAPL,chr17,19127535,19162274,1,0,693,,7,0,4,0,0.0,11.0,0.0,0,0,63.28569142857143
ENSG00000072134,EPN2,chr17,19214837,19336715,1,2,0,0.72,162,1,155,0,0.0,34.0,0.0,2,0,68.8496162601626
ENSG00000108641,B9D1,chr17,19334308,19378193,-1,3,0,0.82,79,5,70,1,0.0,107.0,0.0,5,0,63.56791777777778
ENSG00000166484,MAPK7,chr17,19377721,19383544,1,1,0,0.79,19,3,16,0,0.0,380.0,0.0,1,0,61.97201428571429
ENSG00000166482,MFAP4,chr17,19383442,19387197,-1,0,4214,,12,1,11,0,0.0,208.0,0.0,0,0,61.72430000000001
ENSG00000128482,RNF112,chr17,19410959,19417281,1,0,31731,,13,3,10,0,0.0,74.0,0.0,0,0,59.85662857142857
ENSG00000142494,SLC47A1,chr17,19495385,19579034,1,2,0,0.93,99,2,93,0,0.0,122.0,0.0,1,0,52.4478211764706
ENSG00000072210,ALDH3A2,chr17,19647291,19685760,1,1,0,0.79,57,5,46,0,0.0,130.0,0.0,1,0,53.39708999999999
ENSG00000180638,SLC47A2,chr17,19678288,19718979,-1,1,0,0.75,55,3,44,4,0.0,59.0,0.0,0,0,54.23766190476191
ENSG00000108602,ALDH3A1,chr17,19737984,19748943,-1,1,0,0.75,25,3,19,2,0.0,168.0,0.0,0,0,54.853141666666666
ENSG00000083290,ULK2,chr17,19770829,19867937,-1,1,0,1.12,53,1,33,6,0.0,112.0,0.0,2,0,53.72304081632653
ENSG00000108599,AKAP10,chr17,19904302,19978343,-1,1,0,0.73,67,2,53,1,0.0,235.0,0.0,3,0,51.24880666666667
ENSG00000128487,SPECC1,chr17,20008865,20319026,1,2,0,0.885,315,7,278,6,0.0,222.0,0.0,3,0,48.565232475884244
ENSG00000170298,LGALS9B,chr17,20449395,20467548,-1,0,64713,,5,0,2,0,0.0,166.0,0.0,0,0,43.670975
ENSG00000214819,CDRT15L2,chr17,20579724,20580911,1,0,8050,,0,0,0,0,0.0,9.0,0.0,0,0,49.68855
ENSG00000188013,MEIS3P2,chr17,20589058,20590700,1,1,0,0.75,4,1,1,0,0.0,7.0,0.0,0,0,50.533966666666664
ENSG00000124422,USP22,chr17,20999596,21043760,-1,2,0,0.855,82,2,76,0,0.0,250.0,0.0,3,0,68.61583111111112
ENSG00000109016,DHRS7B,chr17,21123364,21193265,1,1,0,0.85,78,1,69,0,0.0,46.0,0.0,1,0,63.631392957746485
ENSG00000178307,TMEM11,chr17,21197954,21214595,-1,1,0,0.83,31,1,30,0,0.0,84.0,0.0,1,0,57.89480555555555
ENSG00000274180,NATD1,chr17,21238870,21253410,-1,1,0,1.08,35,2,33,0,0.0,28.0,0.0,0,0,53.56256666666666
ENSG00000034152,MAP2K3,chr17,21284672,21315240,1,1,0,0.88,74,3,71,0,0.0,244.0,0.0,2,0,51.393225806451625
ENSG00000184185,KCNJ12,chr17,21376303,21419870,1,2,0,0.875,78,2,64,0,0.0,78.0,0.0,1,0,56.56593111111112
ENSG00000260458,KCNJ18,chr17,21692523,21704612,1,2,0,0.735,16,0,4,0,0.0,41.0,0.0,0,0,25.047761538461543
ENSG00000109046,WSB1,chr17,27294067,27315926,1,1,0,0.83,27,1,25,0,0.0,88.0,0.0,1,0,79.61191304347827
ENSG00000141068,KSR1,chr17,27456448,27626438,1,2,0,0.8,302,6,281,0,0.0,211.0,0.0,4,0,74.98710584795322
ENSG00000266728,,chr17,27623364,27640777,1,0,17678,,24,1,18,0,0.0,0.0,0.0,2,0,73.77682631578945
ENSG00000168961,LGALS9,chr17,27629798,27649561,1,0,24112,,30,1,23,1,0.0,729.0,0.0,2,0,73.73395238095237
ENSG00000007171,NOS2,chr17,27756766,27800758,-1,1,0,0.85,43,2,34,1,0.0,1958.0,0.0,0,0,74.07367555555555
ENSG00000266202,,chr17,27798806,27893365,-1,1,0,1.03,108,3,92,5,0.0,0.0,0.0,4,0,75.20002105263158
ENSG00000232859,LYRM9,chr17,27878314,27894752,-1,1,0,1.03,30,2,27,0,0.0,22.0,0.0,1,0,76.46303888888889
ENSG00000087095,NLK,chr17,28041723,28196381,1,1,0,0.82,156,2,138,6,0.0,219.0,0.0,2,0,72.08265419354841
ENSG00000109084,TMEM97,chr17,28319200,28328685,1,1,0,0.87,20,2,17,0,0.0,234.0,0.0,1,0,67.6891
ENSG00000109083,IFT20,chr17,28328319,28335489,-1,1,0,0.73,10,2,8,0,0.0,73.0,0.0,1,0,67.747575
ENSG00000109079,TNFAIP1,chr17,28335602,28347009,1,1,0,0.73,26,1,24,0,0.0,137.0,0.0,1,0,67.87146666666666
ENSG00000004142,POLDIP2,chr17,28346173,28357584,-1,1,0,0.85,11,1,9,0,0.0,1030.0,0.0,1,0,68.05380000000001
ENSG00000244045,VMA12,chr17,28357642,28363683,1,1,0,0.85,4,2,1,0,0.0,61.0,0.0,1,0,68.25034285714285
ENSG00000274529,SEBOX,chr17,28363506,28365199,-1,0,5654,,4,1,2,0,0.0,12.0,0.0,0,0,68.3373
ENSG00000273171,,chr17,28364288,28368012,-1,0,3326,,9,2,6,0,0.0,0.0,0.0,0,0,68.37706
ENSG00000004139,SARM1,chr17,28364356,28404049,1,3,0,0.87,63,5,51,0,0.0,196.0,0.0,2,0,68.94874146341462
ENSG00000109072,VTN,chr17,28367265,28373091,-1,1,0,0.82,15,4,11,0,0.0,622.0,0.0,1,0,68.48745714285714
ENSG00000076351,SLC46A1,chr17,28394642,28407197,-1,2,0,0.79,28,3,24,0,0.0,160.0,0.0,0,0,69.54723076923077
ENSG00000167524,RSKR,chr17,28455752,28614197,-1,3,0,0.8433,243,13,195,5,0.0,29.0,0.0,5,0,72.84509433962265
ENSG00000007216,SLC13A2,chr17,28473275,28497782,1,0,54485,,44,2,38,0,0.0,163.0,0.0,0,0,72.61882307692306
ENSG00000109101,FOXN1,chr17,28506243,28538900,1,0,13367,,62,1,54,3,0.0,707.0,0.0,0,0,73.19965
ENSG00000109103,UNC119,chr17,28546708,28552653,-1,1,0,0.94,16,3,13,0,0.0,225.0,0.0,2,0,73.24777142857143
ENSG00000087111,PIGS,chr17,28553383,28571794,-1,1,0,0.79,20,1,16,0,0.0,44.0,0.0,1,0,73.159375
ENSG00000109107,ALDOC,chr17,28573115,28576948,-1,0,1352,,9,2,6,0,0.0,148.0,0.0,0,0,73.0304
ENSG00000076382,SPAG5,chr17,28577565,28599025,-1,1,0,0.8,21,1,13,1,0.0,123.0,0.0,2,0,72.83354090909091
ENSG00000258472,,chr17,28580012,28614185,-1,1,0,0.8,35,3,23,1,0.0,0.0,0.0,1,0,72.68689714285715
ENSG00000007202,BLTP2,chr17,28614440,28645454,-1,1,0,0.94,31,1,27,0,0.0,99.0,0.0,1,0,72.066109375
ENSG00000132581,SDF2,chr17,28648346,28662189,-1,1,0,1.02,12,2,9,0,0.0,30.0,0.0,1,0,71.55876666666667
ENSG00000109111,SUPT6H,chr17,28661929,28702682,1,1,0,1.02,46,2,39,0,0.0,55.0,0.0,1,0,71.07680714285713
ENSG00000167525,PROCA1,chr17,28703197,28711888,-1,1,0,0.86,23,1,22,0,0.0,21.0,0.0,1,0,70.7195
ENSG00000109113,RAB34,chr17,28713545,28719594,-1,1,0,0.89,15,3,12,0,0.0,90.0,0.0,1,0,70.62341428571429
ENSG00000198242,RPL23A,chr17,28719983,28724359,1,1,0,0.95,13,7,6,0,0.0,70.0,0.0,1,0,70.58198
ENSG00000160606,TLCD1,chr17,28724348,28727935,-1,1,0,0.86,9,3,6,0,0.0,46.0,0.0,1,0,70.55377999999999
ENSG00000160602,NEK8,chr17,28725897,28743455,1,2,0,0.865,40,7,28,0,0.0,265.0,0.0,1,0,70.51127222222222
ENSG00000076604,TRAF4,chr17,28744011,28750956,1,1,0,0.77,22,3,19,0,0.0,182.0,0.0,1,0,70.4756125
ENSG00000173065,FAM222B,chr17,28755971,28855232,-1,2,0,0.87,113,8,86,2,0.0,14.0,0.0,3,0,70.81424299999999
ENSG00000132591,ERAL1,chr17,28855009,28861067,1,1,0,0.85,13,1,12,0,0.0,767.0,0.0,1,0,71.26564285714285
ENSG00000132589,FLOT2,chr17,28879335,28897739,-1,1,0,0.76,39,1,38,0,0.0,217.0,0.0,2,0,71.394795
ENSG00000167536,DHRS13,chr17,28897781,28903079,-1,2,0,0.915,14,2,12,0,0.0,31.0,0.0,2,0,71.4098
ENSG00000109118,PHF12,chr17,28905250,28951771,-1,1,0,0.75,68,3,63,0,0.0,79.0,0.0,3,0,71.40570000000001
ENSG00000179761,PIPOX,chr17,28950513,29057583,1,5,0,0.776,167,4,154,1,0.0,171.0,0.0,5,0,72.24210833333333
ENSG00000063015,SEZ6,chr17,28954901,29006440,-1,2,0,0.79,90,1,81,1,0.0,81.0,0.0,2,0,71.69571730769229
ENSG00000196535,MYO18A,chr17,29071119,29180456,-1,4,0,0.755,192,3,187,0,0.0,117.0,0.0,6,0,75.66013363636365
ENSG00000108255,CRYBA1,chr17,29246859,29254494,1,0,37979,,12,0,10,0,0.0,177.0,0.0,0,0,73.56739999999999
ENSG00000108256,NUFIP2,chr17,29255839,29294148,-1,1,0,0.98,41,1,31,0,0.0,67.0,0.0,2,0,72.34536153846155
ENSG00000160551,TAOK1,chr17,29390351,29551903,1,1,0,0.99,96,3,70,5,0.0,200.0,0.0,1,0,68.16799570552148
ENSG00000168792,ABHD15,chr17,29560547,29567037,-1,1,0,0.85,14,2,12,0,0.0,12.0,0.0,1,0,65.82942857142858
ENSG00000167543,TP53I13,chr17,29566052,29573164,1,2,0,0.825,22,4,18,0,0.0,37.0,0.0,3,0,65.703125
ENSG00000108262,GIT1,chr17,29573475,29594054,-1,3,0,0.9167,53,6,47,0,0.0,202.0,0.0,3,0,65.46264545454545
ENSG00000198720,ANKRD13B,chr17,29589769,29614761,1,3,0,0.9267,43,5,36,1,0.0,23.0,0.0,1,0,65.32161538461538
ENSG00000167549,CORO6,chr17,29614756,29622923,-1,2,0,0.745,21,3,18,0,0.0,45.0,0.0,2,0,65.37382222222222
ENSG00000141298,SSH2,chr17,29625938,29930276,-1,2,0,1.065,340,7,308,4,0.0,75.0,0.0,7,0,67.03116393442623
ENSG00000176927,EFCAB5,chr17,29929200,30108452,1,1,0,1.13,105,2,53,16,0.0,95.0,0.0,1,0,67.06381712707183
ENSG00000126653,NSRP1,chr17,30115521,30186475,1,1,0,1.25,48,4,32,5,0.0,57.0,0.0,1,0,74.94483239436619
ENSG00000108576,SLC6A4,chr17,30194312,30238482,-1,1,0,0.86,66,2,61,0,0.0,549.0,0.0,0,0,75.74095777777778
ENSG00000108578,BLMH,chr17,30248200,30292152,-1,1,0,0.88,37,2,34,0,0.0,111.0,0.0,1,0,74.50335111111112
ENSG00000182271,TMIGD1,chr17,30315839,30334098,-1,0,23584,,22,1,19,1,0.0,59.0,0.0,2,0,73.53044736842105
ENSG00000108582,CPD,chr17,30378922,30469989,1,1,0,0.95,66,2,47,5,0.0,115.0,0.0,1,0,75.07675869565217
ENSG00000108587,GOSR1,chr17,30477362,30527592,1,1,0,0.74,34,1,26,1,0.0,119.0,0.0,1,0,77.72042499999999
ENSG00000176390,CRLF3,chr17,30769388,30824692,-1,1,0,1.0,59,1,49,0,0.0,214.0,0.0,7,0,72.23590350877193
ENSG00000176208,ATAD5,chr17,30831966,30895869,1,1,0,0.89,32,1,17,2,0.0,139.0,0.0,1,0,71.30403692307692
ENSG00000172171,TEFM,chr17,30897336,30906249,-1,1,0,0.88,4,1,3,0,0.0,62.0,0.0,1,0,71.18554
ENSG00000184060,ADAP2,chr17,30906344,30959945,1,2,0,0.84,54,3,34,4,0.0,72.0,0.0,1,0,71.15053272727273
ENSG00000181481,RNF135,chr17,30970984,30999911,1,1,0,0.8,22,3,11,1,0.0,99.0,0.0,1,0,71.24880666666667
ENSG00000196712,NF1,chr17,31094927,31382116,1,2,0,0.825,243,9,182,8,4.0,1701.0,1.0,4,0,77.87172708333334
ENSG00000126861,OMG,chr17,31272013,31297539,-1,0,47778,,25,1,14,1,0.0,301.0,0.0,0,0,79.50741481481482
ENSG00000185862,EVI2B,chr17,31303770,31314421,-1,0,30896,,17,1,16,0,0.0,107.0,0.0,1,0,78.72494545454546
ENSG00000265118,,chr17,31305213,31318831,-1,0,26486,,23,3,20,0,0.0,2.0,0.0,2,0,78.59360666666666
ENSG00000126860,EVI2A,chr17,31316410,31321749,-1,0,23568,,10,4,6,0,0.0,90.0,0.0,1,0,78.27525714285714
ENSG00000131242,RAB11FIP4,chr17,31391675,31538211,1,2,0,1.05,234,2,198,9,0.0,64.0,0.0,6,0,67.64440068027211
ENSG00000172301,COPRS,chr17,31851871,31859291,-1,1,0,0.99,13,2,8,2,0.0,40.0,0.0,1,0,50.013925
ENSG00000108651,UTP6,chr17,31860904,31901746,-1,1,0,0.9,23,2,19,1,0.0,50.0,0.0,1,0,49.79817142857142
ENSG00000178691,SUZ12,chr17,31936995,32001045,1,1,0,1.06,29,1,19,4,2.0,466.0,1.0,2,0,49.86811230769231
ENSG00000185158,LRRC37B,chr17,32007383,32053504,1,1,0,0.87,25,3,14,0,0.0,28.0,0.0,1,0,51.283489583333335
ENSG00000126858,RHOT1,chr17,32142442,32253374,1,1,0,1.02,95,5,59,9,0.0,127.0,0.0,1,0,54.49237589285714
ENSG00000141314,RHBDL3,chr17,32265787,32324663,1,1,0,0.92,91,5,78,1,0.0,108.0,0.0,0,0,53.810348333333344
ENSG00000108666,C17orf75,chr17,32324565,32350023,-1,2,0,0.885,31,3,22,1,0.0,49.0,0.0,2,0,52.59395
ENSG00000010244,ZNF207,chr17,32350122,32381885,1,1,0,0.84,26,1,19,0,0.0,112.0,0.0,1,0,51.49733333333333
ENSG00000108671,PSMD11,chr17,32444379,32483319,1,1,0,0.82,33,3,25,0,0.0,101.0,0.0,1,0,48.5353725
ENSG00000176749,CDK5R1,chr17,32486156,32491253,1,1,0,0.99,15,1,14,0,0.0,444.0,0.0,2,0,48.04896666666667
ENSG00000176658,MYO1D,chr17,32492522,32877192,-1,4,0,0.8925,367,11,310,15,0.0,122.0,0.0,3,0,46.927962857142845
ENSG00000290320,H2BN1,chr17,32895433,32906586,1,0,18163,,11,0,11,0,0.0,20.0,0.0,0,0,48.39799230769232
ENSG00000006042,TMEM98,chr17,32927910,32945106,1,1,0,1.23,29,3,25,0,0.0,159.0,0.0,0,0,49.508294444444445
ENSG00000141316,SPACA3,chr17,32970376,32997877,1,0,41871,,30,1,16,5,0.0,96.0,0.0,0,0,51.67928620689654
ENSG00000108684,ASIC2,chr17,33013087,34174964,-1,2,0,0.935,939,9,511,93,0.0,202.0,0.0,1,0,68.64211375752365
ENSG00000108691,CCL2,chr17,34255274,34257208,1,0,214887,,5,0,5,0,0.0,1982.0,0.0,0,0,72.49913333333335
ENSG00000108688,CCL7,chr17,34270221,34272242,1,0,229834,,1,0,0,0,0.0,517.0,0.0,0,0,71.64336666666667
ENSG00000172156,CCL11,chr17,34285742,34288334,1,0,245355,,4,0,1,0,0.0,727.0,0.0,0,0,70.6906
ENSG00000108700,CCL8,chr17,34319435,34321402,1,0,257544,,2,1,1,0,0.0,415.0,0.0,0,0,68.70643333333334
ENSG00000181374,CCL13,chr17,34356480,34358610,1,0,220336,,3,1,2,0,0.0,387.0,0.0,0,0,66.59465
ENSG00000108702,CCL1,chr17,34360328,34363233,-1,0,215713,,8,1,7,0,0.0,368.0,0.0,0,0,66.378225
ENSG00000181291,TMEM132E,chr17,34579487,34639318,1,4,0,0.75,84,2,64,1,0.0,45.0,0.0,0,0,45.265936065573776
ENSG00000132141,CCT6B,chr17,34927859,34981078,-1,2,0,0.975,26,3,16,1,0.0,142.0,0.0,2,0,67.90797962962962
ENSG00000198783,ZNF830,chr17,34961540,34963777,1,1,0,1.01,4,1,3,0,0.0,47.0,0.0,1,0,67.7327
ENSG00000005156,LIG3,chr17,34980462,35009743,1,1,0,0.94,36,1,33,0,0.0,119.0,0.0,1,0,67.050275
ENSG00000092871,RFFL,chr17,35005990,35089899,-1,1,0,1.27,100,3,97,0,0.0,57.0,0.0,13,0,66.77848000000002
ENSG00000267618,,chr17,35011349,35121493,-1,2,0,1.02,122,5,111,1,0.0,0.0,0.0,14,0,66.8604135135135
ENSG00000185379,RAD51D,chr17,35092221,35121522,-1,1,0,0.77,27,2,19,1,4.0,173.0,1.0,1,0,67.08914193548388
ENSG00000073598,FNDC8,chr17,35121615,35130732,1,0,1571,,9,0,8,0,0.0,22.0,0.0,0,0,67.16592
ENSG00000073536,NLE1,chr17,35128730,35142306,-1,1,0,0.86,25,1,19,0,0.0,50.0,0.0,1,0,67.17616428571428
ENSG00000141161,UNC45B,chr17,35146495,35189346,1,0,4096,,52,2,42,2,0.0,64.0,0.0,3,0,67.11167272727272
ENSG00000164729,SLC35G3,chr17,35192520,35194393,-1,0,47729,,3,0,3,0,0.0,18.0,0.0,0,0,67.01079999999999
ENSG00000166750,SLFN5,chr17,35243043,35273655,1,1,0,0.73,39,1,37,0,0.0,83.0,0.0,2,0,67.117509375
ENSG00000172716,SLFN11,chr17,35350305,35373701,-1,1,0,0.84,17,1,11,0,0.0,150.0,0.0,2,0,68.74792000000001
ENSG00000172123,SLFN12,chr17,35409347,35433475,-1,0,1507,,16,2,7,1,0.0,321.0,0.0,1,0,69.227612
ENSG00000154760,SLFN13,chr17,35435096,35449766,-1,2,0,0.825,11,1,9,0,0.0,40.0,0.0,1,0,69.208525
ENSG00000205045,SLFN12L,chr17,35464249,35537683,-1,1,0,0.88,59,4,53,0,0.0,287.0,0.0,4,0,69.07914266666668
ENSG00000236320,SLFN14,chr17,35543985,35560819,-1,0,7028,,18,1,9,5,0.0,279.0,0.0,0,0,69.62280555555554
ENSG00000108733,PEX12,chr17,35574795,35578863,-1,1,0,0.98,6,1,5,0,0.0,35.0,0.0,1,0,70.47608
ENSG00000006125,AP2B1,chr17,35578046,35726417,1,2,0,0.895,115,3,97,2,0.0,259.0,0.0,2,0,74.77789261744965
ENSG00000270885,RASL10B,chr17,35731639,35743521,1,3,0,0.81,30,1,10,3,0.0,31.0,0.0,0,0,78.04018461538462
ENSG00000270765,GAS2L2,chr17,35744511,35753260,-1,0,2862,,19,1,7,3,0.0,130.0,0.0,0,0,77.93551111111111
ENSG00000271447,MMP28,chr17,35756249,35795707,-1,4,0,0.84,59,2,50,2,0.0,168.0,0.0,0,0,77.25471463414635
ENSG00000270806,C17orf50,chr17,35760887,35765079,1,1,0,0.73,4,0,3,0,0.0,5.0,0.0,0,0,77.65912
ENSG00000270647,TAF15,chr17,35809481,35864615,1,1,0,0.87,42,1,30,2,0.0,127.0,0.0,1,0,74.99900701754386
ENSG00000270379,HEATR9,chr17,35854946,35868891,-1,0,45040,,14,0,9,1,0.0,20.0,0.0,0,0,74.10489333333335
ENSG00000271503,CCL5,chr17,35871491,35880793,-1,0,49849,,18,2,16,0,0.0,1210.0,0.0,0,0,73.65042727272727
ENSG00000278023,RDM1,chr17,35918066,35930773,-1,1,0,1.01,12,3,7,1,0.0,61.0,0.0,0,0,72.04642857142858
ENSG00000275722,LYZL6,chr17,35934518,35943713,-1,0,3674,,6,0,3,0,0.0,16.0,0.0,0,0,71.46259
ENSG00000275152,CCL16,chr17,35976194,35981537,-1,0,45350,,9,1,7,0,0.0,107.0,0.0,0,0,69.58058571428572
ENSG00000276409,CCL14,chr17,35983288,35987033,-1,0,52444,,4,2,1,0,0.0,250.0,0.0,0,0,69.25291999999999
ENSG00000275688,CCL15-CCL14,chr17,35983656,36001621,-1,0,52812,,16,3,9,0,0.0,14.0,0.0,0,0,68.79862105263159
ENSG00000275718,CCL15,chr17,35996440,36001553,-1,0,65596,,6,1,3,0,0.0,173.0,0.0,0,0,68.45382857142857
ENSG00000274736,CCL23,chr17,36013056,36017972,-1,0,82212,,2,1,1,0,0.0,209.0,0.0,0,0,67.46666666666665
ENSG00000275385,CCL18,chr17,36064272,36072032,1,0,94380,,7,1,6,0,0.0,480.0,0.0,0,0,64.24576666666667
ENSG00000277632,CCL3,chr17,36088256,36090169,-1,0,76243,,6,2,4,0,0.0,1004.0,0.0,0,0,63.03266666666667
ENSG00000275302,CCL4,chr17,36103827,36105621,1,0,60791,,5,1,4,0,0.0,850.0,0.0,0,0,62.17086666666666
ENSG00000274808,TBC1D3B,chr17,36165683,36176636,-1,1,0,0.6,4,0,0,2,0.0,8.0,0.0,0,0,59.43838333333334
ENSG00000276085,CCL3L3,chr17,36194869,36196758,-1,0,11268,,6,2,4,0,0.0,154.0,0.0,0,0,58.86736666666667
ENSG00000276070,CCL4L2,chr17,36210924,36212878,1,0,27323,,5,1,4,0,0.0,274.0,0.0,0,0,58.63486666666666
ENSG00000274933,TBC1D3I,chr17,36253456,36264570,-1,1,0,0.63,1,0,0,1,0.0,4.0,0.0,0,0,58.61178461538462
ENSG00000260287,TBC1D3G,chr17,36323884,36334759,1,1,0,0.62,0,0,0,0,0.0,1.0,0.0,0,0,60.653349999999996
ENSG00000274226,TBC1D3H,chr17,36377531,36388435,-1,1,0,0.62,0,0,0,0,0.0,2.0,0.0,0,0,64.21373636363637
ENSG00000275954,TBC1D3F,chr17,36428612,36439566,-1,1,0,0.63,1,0,0,1,0.0,5.0,0.0,0,0,68.33313333333332
ENSG00000273611,ZNHIT3,chr17,36486629,36499310,1,1,0,1.0,16,1,15,0,0.0,66.0,0.0,1,0,70.83197692307691
ENSG00000278259,MYO19,chr17,36495118,36545884,-1,2,0,0.875,55,4,41,0,0.0,77.0,0.0,3,0,70.38085576923078
ENSG00000277161,PIGW,chr17,36534987,36539310,1,1,0,0.9,5,2,3,0,0.0,67.0,0.0,1,0,69.8779
ENSG00000278311,GGNBP2,chr17,36544888,36589848,1,1,0,0.85,35,1,30,0,0.0,313.0,0.0,2,0,68.12786739130436
ENSG00000278535,DHRS11,chr17,36591797,36600805,1,1,0,0.84,18,1,17,0,0.0,153.0,0.0,2,0,66.3575
ENSG00000278619,MRM1,chr17,36601583,36608971,1,1,0,0.77,15,3,8,0,0.0,38.0,0.0,1,0,65.88232500000001
ENSG00000273706,LHX1,chr17,36936784,36944612,1,1,0,0.72,25,3,22,0,0.0,121.0,0.0,0,0,78.85524444444445
ENSG00000275700,AATF,chr17,36948925,37056874,1,1,0,1.0,89,3,66,3,0.0,139.0,0.0,1,0,80.65971284403668
ENSG00000278540,ACACA,chr17,37084992,37406836,-1,2,0,1.15,293,6,241,8,0.0,457.0,0.0,3,0,76.12350216718265
ENSG00000278505,C17orf78,chr17,37375985,37392708,1,0,14016,,17,1,12,0,0.0,19.0,0.0,0,0,79.80178333333333
ENSG00000276234,TADA2A,chr17,37406884,37479725,1,1,0,1.47,61,3,49,1,0.0,39.0,0.0,1,0,79.97138243243243
ENSG00000276023,DUSP14,chr17,37488397,37513517,1,2,0,0.895,39,3,33,0,0.0,132.0,0.0,2,0,79.59601481481481
ENSG00000275066,SYNRG,chr17,37514807,37609472,-1,1,0,0.83,67,1,54,3,0.0,60.0,0.0,5,0,79.56190947368421
ENSG00000278053,DDX52,chr17,37609739,37643446,-1,1,0,0.97,16,3,9,1,0.0,49.0,0.0,2,0,79.28705588235293
ENSG00000275410,HNF1B,chr17,37686431,37745091,-1,1,0,0.88,84,2,81,0,0.0,617.0,0.0,0,0,76.54649500000001
ENSG00000273513,TBC1D3K,chr17,37924415,37935371,1,1,0,0.62,0,0,0,0,0.0,3.0,0.0,0,0,75.22938333333333
ENSG00000274512,TBC1D3L,chr17,37978154,37989389,-1,1,0,0.61,0,0,0,0,0.0,4.0,0.0,0,0,76.04014166666667
ENSG00000274419,TBC1D3D,chr17,38003976,38014908,1,1,0,0.61,0,0,0,0,0.0,9.0,0.0,0,0,77.07800833333333
ENSG00000278299,TBC1D3C,chr17,38057693,38068634,-1,1,0,0.61,0,0,0,0,0.0,7.0,0.0,0,0,79.99055
ENSG00000278599,TBC1D3E,chr17,38127951,38138868,1,1,0,0.61,1,0,0,0,0.0,4.0,0.0,0,0,81.96440000000001
ENSG00000274611,TBC1D3,chr17,38181659,38194017,-1,1,0,0.62,0,0,0,0,0.0,35.0,0.0,0,0,80.80626923076923
ENSG00000278845,MRPL45,chr17,38297023,38323218,1,1,0,1.12,21,2,14,1,0.0,23.0,0.0,2,0,78.45994074074075
ENSG00000277399,GPR179,chr17,38324571,38343956,-1,0,7783,,30,1,28,0,0.0,36.0,0.0,0,0,78.3889
ENSG00000274211,SOCS7,chr17,38351844,38405593,1,1,0,0.98,45,2,35,3,0.0,78.0,0.0,1,0,77.81648909090909
ENSG00000275832,ARHGAP23,chr17,38419280,38512385,1,6,0,0.86,153,3,139,3,0.0,52.0,0.0,0,0,75.49423829787234
ENSG00000277363,SRCIN1,chr17,38530031,38605952,-1,7,0,0.8986,146,5,121,4,0.0,122.0,0.0,1,0,74.13214285714285
ENSG00000273604,EPOP,chr17,38671703,38674957,-1,1,0,1.05,11,1,10,0,0.0,25.0,0.0,0,0,72.751375
ENSG00000275023,MLLT6,chr17,38705273,38729795,1,1,0,1.01,54,7,46,0,0.0,164.0,0.0,4,0,71.83752307692308
ENSG00000277972,CISD3,chr17,38730318,38735605,1,1,0,0.95,16,3,13,0,0.0,58.0,0.0,1,0,71.52871428571429
ENSG00000277258,PCGF2,chr17,38733894,38752555,-1,3,0,0.8633,47,6,40,0,0.0,219.0,0.0,1,0,71.31939500000001
ENSG00000277791,PSMB3,chr17,38752736,38764231,1,1,0,0.73,8,1,7,0,0.0,168.0,0.0,2,0,71.01115833333333
ENSG00000276293,PIP4K2B,chr17,38765691,38800126,-1,1,0,0.8,29,1,24,1,0.0,98.0,0.0,2,0,70.46098285714285
ENSG00000273559,CWC25,chr17,38800441,38825646,-1,1,0,1.05,18,2,13,0,0.0,22.0,0.0,2,0,69.73756296296295
ENSG00000275489,SPMAP1,chr17,38835086,38841438,-1,1,0,0.97,10,1,8,0,0.0,5.0,0.0,1,0,69.10798571428572
ENSG00000125691,RPL23,chr17,38847860,38868644,-1,1,0,1.04,44,6,35,0,0.0,95.0,0.0,2,0,68.60618181818182
ENSG00000002834,LASP1,chr17,38869185,38921771,1,2,0,0.96,109,5,100,0,0.0,386.0,0.0,6,0,67.9860888888889
ENSG00000263874,LASP1NB,chr17,38925614,38929381,1,0,6770,,5,0,4,0,0.0,29.0,0.0,0,0,67.807575
ENSG00000204952,FBXO47,chr17,38936432,38967403,-1,0,17588,,22,1,9,3,0.0,165.0,0.0,0,0,68.017928125
ENSG00000161381,PLXDC1,chr17,39063313,39154394,-1,1,0,0.71,137,2,115,9,0.0,86.0,0.0,6,0,66.90454130434783
ENSG00000141748,ARL5C,chr17,39156894,39167484,-1,1,0,0.76,12,1,11,0,0.0,15.0,0.0,0,0,63.18662727272727
ENSG00000067191,CACNB1,chr17,39173453,39197723,-1,2,0,0.73,37,1,33,2,0.0,180.0,0.0,1,0,61.353707692307694
ENSG00000108298,RPL19,chr17,39200283,39204840,1,1,0,0.89,12,2,8,0,0.0,110.0,0.0,1,0,60.13765
ENSG00000141750,STAC2,chr17,39210540,39225945,-1,1,0,0.87,28,1,26,0,0.0,39.0,0.0,0,0,59.178456249999996
ENSG00000108306,FBXL20,chr17,39252663,39402523,-1,1,0,0.86,111,3,95,3,0.0,121.0,0.0,1,0,57.67909867549667
ENSG00000125686,MED1,chr17,39404285,39451272,-1,1,0,1.01,24,1,11,2,0.0,286.0,0.0,1,0,58.700168749999996
ENSG00000167258,CDK12,chr17,39461437,39567559,1,1,0,0.99,87,2,72,3,2.0,445.0,1.0,1,0,63.230062962962975
ENSG00000171532,NEUROD2,chr17,39603536,39609777,-1,2,0,0.86,19,1,18,0,0.0,253.0,0.0,0,0,70.33171428571428
ENSG00000131771,PPP1R1B,chr17,39626740,39636626,1,1,0,0.92,26,4,22,0,0.0,190.0,0.0,1,0,71.46391818181819
ENSG00000131748,STARD3,chr17,39637090,39664201,1,1,0,0.96,57,1,54,1,0.0,161.0,0.0,1,0,71.95151785714285
ENSG00000173991,TCAP,chr17,39665349,39666554,1,0,886,,5,1,4,0,0.0,292.0,0.0,0,0,72.2229
ENSG00000141744,PNMT,chr17,39667981,39670475,1,1,0,0.87,7,1,6,0,0.0,158.0,0.0,0,0,72.2581
ENSG00000161395,PGAP3,chr17,39671122,39696797,-1,1,0,0.91,58,2,55,0,0.0,112.0,0.0,3,0,72.39262592592593
ENSG00000141736,ERBB2,chr17,39687914,39730426,1,4,0,0.81,100,7,84,4,4.0,1658.0,1.0,2,0,72.6579581395349
ENSG00000141741,MIEN1,chr17,39728496,39730555,-1,1,0,0.79,5,1,4,0,0.0,54.0,0.0,1,0,73.010025
ENSG00000141738,GRB7,chr17,39737490,39747292,1,0,6543,,29,5,24,0,0.0,201.0,0.0,0,0,73.41444545454546
ENSG00000161405,IKZF3,chr17,39757715,39864312,-1,1,0,1.01,183,2,179,0,4.0,578.0,1.0,14,0,78.22415046728972
ENSG00000186075,ZPBP2,chr17,39868202,39877896,1,1,0,1.05,16,1,11,0,0.0,186.0,0.0,1,0,82.98583636363637
ENSG00000073605,GSDMB,chr17,39904595,39919854,-1,0,7119,,27,2,18,1,0.0,1324.0,0.0,0,0,83.780575
ENSG00000172057,ORMDL3,chr17,39921037,39929328,-1,1,0,0.8,21,4,17,0,0.0,158.0,0.0,3,0,83.5899
ENSG00000204913,LRRC3C,chr17,39927732,39944999,1,1,0,0.8,37,1,31,1,0.0,39.0,0.0,2,0,83.23722222222221
ENSG00000167914,GSDMA,chr17,39953263,39977768,1,1,0,0.78,45,3,37,2,0.0,576.0,0.0,1,0,81.91692692307691
ENSG00000108344,PSMD3,chr17,39980800,39997960,1,1,0,1.15,26,1,21,1,0.0,160.0,0.0,1,0,80.6803
ENSG00000108342,CSF3,chr17,40015361,40017816,1,0,34124,,8,2,6,0,0.0,1500.0,0.0,0,0,79.565725
ENSG00000008838,MED24,chr17,40019097,40061215,-1,1,0,1.09,73,4,59,4,0.0,76.0,0.0,1,0,79.15034418604651
ENSG00000126351,THRA,chr17,40058290,40093867,1,3,0,0.78,81,4,75,0,0.0,701.0,0.0,2,0,79.28553783783785
ENSG00000126368,NR1D1,chr17,40092793,40100589,-1,3,0,0.78,21,1,20,0,0.0,466.0,0.0,1,0,79.72827777777778
ENSG00000188895,MSL1,chr17,40121971,40136917,1,1,0,0.87,22,2,18,0,0.0,53.0,0.0,2,0,80.6579
ENSG00000108349,CASC3,chr17,40140278,40177001,1,1,0,1.5,47,2,40,0,0.0,166.0,0.0,1,0,81.32211578947367
ENSG00000108352,RAPGEFL1,chr17,40177010,40195656,1,2,0,0.8,35,2,31,1,0.0,49.0,0.0,0,0,81.67532
ENSG00000171475,WIPF2,chr17,40218743,40284136,1,1,0,1.17,68,3,61,1,0.0,33.0,0.0,1,0,81.27214090909091
ENSG00000094804,CDC6,chr17,40287831,40304657,1,1,0,0.97,29,2,25,0,0.0,188.0,0.0,1,0,80.64227777777779
ENSG00000131759,RARA,chr17,40309180,40357643,1,4,0,0.7875,129,7,122,0,0.0,812.0,0.0,5,0,80.36706200000002
ENSG00000183153,GJD3,chr17,40360652,40364737,-1,1,0,0.94,12,1,9,0,0.0,117.0,0.0,0,0,80.35792000000001
ENSG00000131747,TOP2A,chr17,40388525,40417896,-1,1,0,0.92,29,2,23,2,0.0,523.0,0.0,1,0,80.81799
ENSG00000141753,IGFBP4,chr17,40443446,40457727,1,1,0,0.95,34,2,32,0,0.0,314.0,0.0,1,0,81.7195
ENSG00000131746,TNS4,chr17,40475828,40501627,-1,0,31774,,62,1,61,0,0.0,91.0,0.0,1,0,82.47845925925925
ENSG00000126353,CCR7,chr17,40551081,40565472,-1,0,82220,,40,2,38,0,0.0,992.0,0.0,3,0,83.34618
ENSG00000073584,SMARCE1,chr17,40624962,40648654,-1,1,0,0.93,23,4,19,0,3.0,252.0,1.0,1,0,83.63847200000001
ENSG00000264058,,chr17,40627356,40665141,-1,1,0,0.93,33,6,20,1,0.0,0.0,0.0,1,0,83.63979743589745
ENSG00000213424,KRT222,chr17,40654665,40665181,-1,0,6214,,8,1,0,1,0.0,50.0,0.0,0,0,83.63919090909093
ENSG00000167916,KRT24,chr17,40697991,40703752,-1,0,49540,,6,1,5,0,0.0,48.0,0.0,0,0,83.5284
ENSG00000204897,KRT25,chr17,40748021,40755331,-1,0,24216,,5,0,3,0,0.0,107.0,0.0,0,0,82.9960125
ENSG00000186393,KRT26,chr17,40766238,40772201,-1,0,7346,,2,0,0,0,0.0,9.0,0.0,0,0,82.7251
ENSG00000171446,KRT27,chr17,40776808,40782550,-1,1,0,1.05,5,0,5,0,0.0,125.0,0.0,0,0,82.54215714285714
ENSG00000173908,KRT28,chr17,40792196,40799959,-1,1,0,0.85,5,0,2,1,0.0,14.0,0.0,0,0,82.26542222222221
ENSG00000186395,KRT10,chr17,40818117,40822614,-1,1,0,1.34,11,2,8,0,0.0,492.0,0.0,2,0,81.84766666666667
ENSG00000187242,KRT12,chr17,40861303,40867223,-1,1,0,0.79,5,1,2,0,0.0,187.0,0.0,0,0,81.35622857142856
ENSG00000171431,KRT20,chr17,40874934,40885243,-1,0,11085,,14,1,10,1,0.0,1421.0,0.0,0,0,81.30835454545455
ENSG00000108244,KRT23,chr17,40922700,40937646,-1,0,58851,,18,1,17,0,0.0,105.0,0.0,0,0,81.61798125
ENSG00000196859,KRT39,chr17,40958417,40966948,-1,0,94568,,13,0,12,0,0.0,17.0,0.0,0,0,82.08597
ENSG00000204889,KRT40,chr17,40977715,40987135,-1,0,113866,,8,1,7,0,0.0,22.0,0.0,0,0,82.39858999999998
ENSG00000212899,KRTAP3-3,chr17,40993430,40994164,-1,0,129581,,1,1,0,0,0.0,7.0,0.0,0,0,82.55475000000001
ENSG00000212900,KRTAP3-2,chr17,40999193,40999906,-1,0,135344,,1,1,0,0,0.0,6.0,0.0,0,0,82.63159999999999
ENSG00000212901,KRTAP3-1,chr17,41008521,41019324,-1,0,144672,,14,0,12,0,0.0,8.0,0.0,0,0,82.78672727272728
ENSG00000221852,KRTAP1-5,chr17,41026026,41027208,-1,0,162177,,1,1,0,0,0.0,19.0,0.0,0,0,82.88385
ENSG00000204887,KRTAP1-4,chr17,41029351,41030195,-1,0,165502,,1,0,0,0,0.0,11.0,0.0,0,0,82.90095
ENSG00000221880,KRTAP1-3,chr17,41033884,41034874,-1,0,170035,,2,0,2,0,0.0,39.0,0.0,0,0,82.92405
ENSG00000188581,KRTAP1-1,chr17,41040541,41041450,-1,0,176692,,2,1,1,0,0.0,31.0,0.0,0,0,82.9437
ENSG00000212725,KRTAP2-1,chr17,41046541,41047316,-1,0,182692,,1,0,0,1,0.0,4.0,0.0,0,0,82.951
ENSG00000214518,KRTAP2-2,chr17,41054498,41055230,-1,0,190649,,0,0,0,0,0.0,3.0,0.0,0,0,82.9453
ENSG00000212724,KRTAP2-3,chr17,41059240,41060114,-1,0,195391,,3,1,2,0,0.0,6.0,0.0,0,0,82.93245
ENSG00000213417,KRTAP2-4,chr17,41065116,41065879,-1,0,201267,,2,0,2,0,0.0,5.0,0.0,0,0,82.90775
ENSG00000240871,KRTAP4-7,chr17,41084150,41085144,1,0,220301,,1,0,1,0,0.0,5.0,0.0,0,0,82.7685
ENSG00000204880,KRTAP4-8,chr17,41096981,41098142,-1,0,233132,,2,0,2,0,0.0,5.0,0.0,0,0,82.6308
ENSG00000241241,KRTAP4-16,chr17,41101502,41102209,-1,0,237653,,2,0,2,0,0.0,1.0,0.0,0,0,82.5776
ENSG00000212722,KRTAP4-9,chr17,41105389,41106488,1,0,241540,,3,1,2,0,0.0,7.0,0.0,0,0,82.53475
ENSG00000212721,KRTAP4-11,chr17,41117181,41118373,-1,0,253332,,2,0,2,0,0.0,4.0,0.0,0,0,82.38245
ENSG00000213416,KRTAP4-12,chr17,41123091,41124182,-1,0,259242,,3,0,3,0,0.0,6.0,0.0,0,0,82.3053
ENSG00000198090,KRTAP4-6,chr17,41139433,41140544,-1,0,275584,,2,1,1,0,0.0,4.0,0.0,0,0,82.10073333333334
ENSG00000198271,KRTAP4-5,chr17,41148924,41149825,-1,0,285075,,2,0,2,0,0.0,6.0,0.0,0,0,81.99455
ENSG00000171396,KRTAP4-4,chr17,41159649,41160748,-1,0,295800,,2,0,2,0,0.0,3.0,0.0,0,0,81.88835
ENSG00000196156,KRTAP4-3,chr17,41167231,41168221,-1,0,303382,,2,0,2,0,0.0,5.0,0.0,0,0,81.83215000000001
ENSG00000244537,KRTAP4-2,chr17,41177446,41178221,-1,0,313597,,1,0,1,0,0.0,7.0,0.0,0,0,81.7695
ENSG00000198443,KRTAP4-1,chr17,41184100,41184911,-1,0,320251,,1,0,1,0,0.0,7.0,0.0,0,0,81.7387
ENSG00000240542,KRTAP9-1,chr17,41189887,41190639,1,0,326038,,2,0,2,0,0.0,16.0,0.0,0,0,81.72104999999999
ENSG00000239886,KRTAP9-2,chr17,41226648,41227652,1,0,300004,,1,0,0,0,0.0,2.0,0.0,0,0,81.76595
ENSG00000204873,KRTAP9-3,chr17,41232449,41233454,1,0,294202,,2,0,2,0,0.0,3.0,0.0,0,0,81.78545
ENSG00000187272,KRTAP9-8,chr17,41237999,41239004,1,0,288652,,1,0,1,0,0.0,0.0,0.0,0,0,81.8101
ENSG00000241595,KRTAP9-4,chr17,41249687,41250653,1,0,277003,,1,0,0,0,0.0,2.0,0.0,0,0,81.8575
ENSG00000198083,KRTAP9-9,chr17,41255384,41256364,1,0,271292,,3,0,3,0,0.0,3.0,0.0,0,0,81.8742
ENSG00000212659,KRTAP9-6,chr17,41265378,41265860,1,0,261796,,0,0,0,0,0.0,1.0,0.0,0,0,81.8972
ENSG00000180386,KRTAP9-7,chr17,41275698,41276207,1,0,251449,,1,0,1,0,0.0,0.0,0.0,0,0,81.8996
ENSG00000212658,KRTAP29-1,chr17,41301826,41302851,-1,0,224805,,3,1,2,0,0.0,0.0,0.0,0,0,81.7517
ENSG00000212657,KRTAP16-1,chr17,41307700,41309309,-1,0,218347,,4,0,4,0,0.0,0.0,0.0,1,0,81.67930000000001
ENSG00000186860,KRTAP17-1,chr17,41314912,41315710,-1,0,211946,,1,0,1,0,0.0,5.0,0.0,0,0,81.5738
ENSG00000006059,KRT33A,chr17,41346092,41350828,-1,0,176828,,7,0,7,0,0.0,31.0,0.0,0,0,80.74946666666665
ENSG00000131738,KRT33B,chr17,41363498,41369813,-1,0,157843,,8,0,5,0,0.0,26.0,0.0,0,0,80.0836125
ENSG00000131737,KRT34,chr17,41377669,41382306,-1,0,145350,,10,0,10,0,0.0,76.0,0.0,0,0,79.50460000000001
ENSG00000094796,KRT31,chr17,41393721,41397608,-1,0,130048,,9,1,8,0,0.0,110.0,0.0,0,0,78.7539
ENSG00000108417,KRT37,chr17,41420547,41424585,-1,0,103071,,5,0,5,0,0.0,22.0,0.0,0,0,77.41814
ENSG00000171360,KRT38,chr17,41436154,41440983,-1,0,86673,,5,0,2,0,0.0,14.0,0.0,0,0,76.66325
ENSG00000108759,KRT32,chr17,41459513,41467386,-1,0,60270,,9,0,7,0,0.0,94.0,0.0,0,0,75.5407125
ENSG00000197079,KRT35,chr17,41476710,41481151,-1,0,46505,,6,0,2,2,0.0,51.0,0.0,0,0,74.92448
ENSG00000126337,KRT36,chr17,41486136,41492546,-1,0,35110,,9,1,4,0,0.0,67.0,0.0,0,0,74.5432
ENSG00000171401,KRT13,chr17,41500981,41505705,-1,0,21951,,12,3,8,0,0.0,234.0,0.0,0,0,74.0727
ENSG00000171346,KRT15,chr17,41513745,41522529,-1,0,5127,,20,3,17,0,0.0,241.0,0.0,0,0,73.60534
ENSG00000171345,KRT19,chr17,41523613,41528308,-1,1,0,0.96,14,1,13,0,0.0,759.0,0.0,0,0,73.37975999999999
ENSG00000171403,KRT9,chr17,41565836,41572059,-1,0,16756,,4,1,1,0,0.0,236.0,0.0,0,0,72.05264285714286
ENSG00000186847,KRT14,chr17,41582279,41586895,-1,0,33199,,10,1,9,0,0.0,514.0,0.0,0,0,71.50223333333332
ENSG00000186832,KRT16,chr17,41609778,41615899,-1,0,32589,,15,2,13,0,0.0,348.0,0.0,0,0,70.3325142857143
ENSG00000128422,KRT17,chr17,41619437,41624842,-1,0,23646,,17,2,15,0,0.0,583.0,0.0,0,0,69.9247142857143
ENSG00000173812,EIF1,chr17,41688883,41692668,1,1,0,0.82,10,1,9,0,0.0,82.0,0.0,1,0,66.69392
ENSG00000184502,GAST,chr17,41712331,41715969,1,0,17735,,3,0,1,0,0.0,821.0,0.0,0,0,65.8403
ENSG00000173805,HAP1,chr17,41717742,41734644,-1,1,0,0.73,24,3,10,0,0.0,226.0,0.0,0,0,65.48719444444444
ENSG00000173801,JUP,chr17,41750887,41786931,-1,2,0,0.8,68,2,62,1,0.0,528.0,0.0,0,0,64.91914594594593
ENSG00000141696,P3H4,chr17,41801944,41812750,-1,1,0,0.88,17,3,12,1,0.0,50.0,0.0,1,0,65.15199166666666
ENSG00000141756,FKBP10,chr17,41812680,41823221,1,0,328,,18,2,14,0,0.0,183.0,0.0,0,0,65.32997272727273
ENSG00000141698,NT5C3B,chr17,41825057,41836260,-1,1,0,0.91,11,1,7,0,0.0,31.0,0.0,1,0,65.58830833333334
ENSG00000161594,KLHL10,chr17,41835685,41848384,1,1,0,0.91,14,1,11,0,0.0,165.0,0.0,2,0,65.86153076923077
ENSG00000178502,KLHL11,chr17,41848518,41865423,-1,1,0,1.03,17,2,13,0,0.0,74.0,0.0,1,0,66.25994117647059
ENSG00000131473,ACLY,chr17,41866916,41930545,-1,2,0,0.885,81,3,69,0,0.0,561.0,0.0,3,0,67.66825846153846
ENSG00000204815,ODAD4,chr17,41930617,41966503,1,1,0,0.97,48,1,46,0,0.0,45.0,0.0,2,0,69.99476216216216
ENSG00000173786,CNP,chr17,41966763,41977740,1,3,0,0.8567,27,1,22,0,0.0,697.0,0.0,1,0,71.47881666666666
ENSG00000168259,DNAJC7,chr17,41976421,42021376,-1,2,0,0.815,59,7,46,0,0.0,106.0,0.0,2,0,73.52238478260871
ENSG00000168256,NKIRAS2,chr17,42011382,42025644,1,2,0,0.815,25,7,16,0,0.0,26.0,0.0,2,0,75.22798125
ENSG00000187595,ZNF385C,chr17,42025576,42098479,-1,4,0,0.895,121,3,87,4,0.0,20.0,0.0,0,0,78.9782698630137
ENSG00000267221,C17orf113,chr17,42038232,42050601,-1,2,0,0.9,18,1,12,0,0.0,6.0,0.0,0,0,77.5662
ENSG00000108771,DHX58,chr17,42101404,42112733,-1,1,0,0.66,20,1,16,1,0.0,171.0,0.0,1,0,82.15787692307693
ENSG00000108773,KAT2A,chr17,42113111,42121382,-1,1,0,0.95,17,1,16,0,0.0,329.0,0.0,2,0,82.61650000000002
ENSG00000267261,,chr17,42119674,42154916,-1,2,0,0.82,49,3,41,0,0.0,0.0,0.0,3,0,83.19407500000001
ENSG00000260325,HSPB9,chr17,42122804,42123352,1,1,0,0.74,2,1,1,0,0.0,42.0,0.0,0,0,82.8456
ENSG00000108774,RAB5C,chr17,42124976,42155044,-1,1,0,0.9,38,2,31,0,0.0,73.0,0.0,2,0,83.2561129032258
ENSG00000089558,KCNH4,chr17,42156891,42181142,-1,1,0,0.77,29,0,21,2,0.0,55.0,0.0,0,0,83.46355199999999
ENSG00000161610,HCRT,chr17,42184060,42185452,-1,1,0,0.94,5,1,4,0,0.0,522.0,0.0,1,0,83.36135
ENSG00000167925,GHDC,chr17,42188799,42194513,-1,0,4208,,13,2,9,0,0.0,19.0,0.0,1,0,83.26957142857142
ENSG00000173757,STAT5B,chr17,42199176,42288633,-1,2,0,0.97,136,9,121,0,6.0,866.0,1.0,6,0,82.57005494505495
ENSG00000126561,STAT5A,chr17,42287547,42311943,1,1,0,0.86,48,7,37,0,0.0,705.0,0.0,3,0,82.234764
ENSG00000168610,STAT3,chr17,42313324,42388568,-1,1,0,0.78,112,2,105,0,9.0,1759.0,1.0,4,0,81.77986233766235
ENSG00000177469,CAVIN1,chr17,42402449,42423256,-1,3,0,0.9333,41,2,39,0,0.0,212.0,0.0,0,0,79.79982727272726
ENSG00000033627,ATP6V0A1,chr17,42458844,42522582,1,1,0,1.04,72,5,64,1,0.0,347.0,0.0,1,0,76.26273384615385
ENSG00000108784,NAGLU,chr17,42536241,42544449,1,1,0,1.0,16,2,14,0,0.0,386.0,0.0,2,0,75.31044444444444
ENSG00000108786,HSD17B1,chr17,42552922,42555214,1,1,0,0.88,8,2,6,0,0.0,236.0,0.0,1,0,75.24470000000001
ENSG00000068120,COASY,chr17,42561467,42566277,1,1,0,0.71,15,1,13,0,0.0,134.0,0.0,2,0,75.2134
ENSG00000108788,MLX,chr17,42567072,42573239,1,1,0,0.83,15,1,13,0,0.0,254.0,0.0,1,0,75.1906857142857
ENSG00000131470,PSMC3IP,chr17,42572310,42577831,-1,1,0,0.86,12,1,8,0,0.0,215.0,0.0,1,0,75.17014285714286
ENSG00000141699,RETREG3,chr17,42579513,42610623,-1,1,0,0.91,31,2,25,0,0.0,83.0,0.0,2,0,75.017628125
ENSG00000131462,TUBG1,chr17,42609637,42615241,1,1,0,0.91,7,2,4,0,0.0,97.0,0.0,1,0,74.81838333333333
ENSG00000037042,TUBG2,chr17,42659223,42667007,1,1,0,0.9,12,1,10,0,0.0,50.0,0.0,1,0,73.66713333333333
ENSG00000068137,PLEKHH3,chr17,42667914,42677030,-1,2,0,0.775,26,0,26,0,0.0,27.0,0.0,0,0,73.40729999999999
ENSG00000184451,CCR10,chr17,42678889,42683917,-1,2,0,0.785,12,4,8,0,0.0,467.0,0.0,2,0,73.16656666666667
ENSG00000108797,CNTNAP1,chr17,42682531,42699993,1,4,0,0.9,30,2,23,2,0.0,714.0,0.0,0,0,72.91834444444446
ENSG00000108799,EZH1,chr17,42700270,42745060,-1,1,0,0.97,33,1,26,1,0.0,171.0,0.0,1,0,72.36443695652176
ENSG00000131477,RAMP2,chr17,42758447,42763041,1,1,0,0.93,8,3,5,0,0.0,119.0,0.0,0,0,72.13861666666668
ENSG00000131475,VPS25,chr17,42773449,42779599,1,0,712,,11,1,8,0,0.0,109.0,0.0,1,0,72.227575
ENSG00000126562,WNK4,chr17,42780610,42797066,1,4,0,0.8975,30,1,22,0,0.0,236.0,0.0,0,0,72.35080588235294
ENSG00000183978,COA3,chr17,42795147,42798704,-1,1,0,0.91,10,1,9,0,0.0,40.0,0.0,1,0,72.44394
ENSG00000176563,CNTD1,chr17,42798800,42811587,1,1,0,0.91,14,1,11,0,0.0,187.0,0.0,1,0,72.55687142857143
ENSG00000126581,BECN1,chr17,42809870,42833350,-1,2,0,0.92,26,4,17,0,0.0,877.0,0.0,3,0,72.7867625
ENSG00000131467,PSME3,chr17,42824385,42843760,1,2,0,0.92,20,3,12,0,0.0,328.0,0.0,3,0,72.97290952380953
ENSG00000131480,AOC2,chr17,42844580,42850707,1,0,10675,,15,0,14,0,0.0,177.0,0.0,0,0,73.1825
ENSG00000131471,AOC3,chr17,42851184,42858130,1,0,17279,,13,3,10,0,0.0,327.0,0.0,0,0,73.27861250000001
ENSG00000131482,G6PC1,chr17,42900797,42914438,1,0,49894,,15,1,11,0,0.0,332.0,0.0,0,0,73.98897857142858
ENSG00000266967,AARSD1,chr17,42950431,42964498,-1,1,0,1.07,7,1,2,0,0.0,10.0,0.0,1,0,74.50693333333334
ENSG00000108825,PTGES3L-AARSD1,chr17,42950526,42980528,-1,2,0,1.02,27,3,16,1,0.0,2.0,0.0,2,0,74.58979677419354
ENSG00000267060,PTGES3L,chr17,42968088,42980499,-1,1,0,0.97,16,2,11,1,0.0,13.0,0.0,1,0,74.66324615384615
ENSG00000198863,RUNDC1,chr17,42980552,42995142,1,1,0,0.97,16,1,15,0,0.0,17.0,0.0,1,0,74.78818
ENSG00000131469,RPL27,chr17,42998273,43002973,1,1,0,0.84,12,1,10,0,0.0,76.0,0.0,1,0,74.89986666666668
ENSG00000068079,IFI35,chr17,43006740,43014456,1,0,7348,,14,1,13,0,0.0,115.0,0.0,1,0,74.99234999999999
ENSG00000108828,VAT1,chr17,43010692,43025123,-1,2,0,0.865,32,3,28,0,0.0,204.0,0.0,3,0,75.06580666666666
ENSG00000108830,RND2,chr17,43025222,43032041,1,1,0,0.79,16,1,14,0,0.0,109.0,0.0,0,0,75.175475
ENSG00000012048,BRCA1,chr17,43044292,43170245,-1,1,0,0.87,100,5,74,4,5.0,1229.0,1.0,2,0,76.85208976377953
ENSG00000188554,NBR1,chr17,43170317,43211689,1,1,0,0.77,29,3,19,1,0.0,987.0,0.0,3,0,79.69377441860465
ENSG00000184988,TMEM106A,chr17,43211835,43220041,1,1,0,0.73,17,2,13,0,0.0,54.0,0.0,1,0,80.52727777777778
ENSG00000236383,CCDC200,chr17,43216941,43305397,-1,13,0,1.0485,31,1,17,1,0.0,11.0,0.0,0,0,81.25686292134831
ENSG00000175906,ARL4D,chr17,43398150,43401137,1,2,0,0.915,8,1,7,0,0.0,44.0,0.0,1,0,79.7569
ENSG00000067596,DHX8,chr17,43483865,43610338,1,2,0,0.9,165,6,137,4,0.0,43.0,0.0,1,0,78.54035039370078
ENSG00000175832,ETV4,chr17,43527842,43579620,-1,1,0,0.85,94,5,76,1,0.0,415.0,0.0,0,0,78.76734339622641
ENSG00000005102,MEOX1,chr17,43640389,43661922,-1,1,0,0.83,31,2,29,0,0.0,182.0,0.0,1,0,71.44032608695652
ENSG00000167941,SOST,chr17,43753738,43758791,-1,1,0,0.99,10,1,9,0,0.0,632.0,0.0,0,0,62.945883333333335
ENSG00000108861,DUSP3,chr17,43766121,43779000,-1,1,0,0.88,28,1,25,0,0.0,129.0,0.0,1,0,62.449207142857155
ENSG00000231256,CFAP97D1,chr17,43780435,43787620,1,0,1070,,7,2,4,1,0.0,107.0,0.0,0,0,62.20874444444444
ENSG00000161647,MPP3,chr17,43800799,43833170,-1,1,0,1.1,39,2,32,1,0.0,69.0,0.0,0,0,62.01730606060607
ENSG00000161649,CD300LG,chr17,43847114,43863639,1,0,13664,,19,1,16,1,0.0,64.0,0.0,0,0,62.3776
ENSG00000108852,MPP2,chr17,43875357,43909711,-1,2,0,0.715,45,6,30,2,0.0,86.0,0.0,1,0,63.14159166666666
ENSG00000108849,PPY,chr17,43940804,43944144,-1,0,2103,,7,0,6,0,0.0,573.0,0.0,0,0,64.517325
ENSG00000131096,PYY,chr17,43952733,44004469,-1,3,0,0.8633,65,2,36,3,0.0,273.0,0.0,0,0,65.4940173076923
ENSG00000161653,NAGS,chr17,44004581,44011028,1,1,0,0.69,17,1,16,0,0.0,102.0,0.0,2,0,66.13388571428571
ENSG00000091947,TMEM101,chr17,44011188,44023946,-1,2,0,0.87,18,2,12,0,0.0,22.0,0.0,1,0,66.26305714285715
ENSG00000161654,LSM12,chr17,44034328,44067619,-1,1,0,1.04,34,2,27,0,0.0,42.0,0.0,1,0,66.46089142857143
ENSG00000141349,G6PC3,chr17,44070620,44082151,1,1,0,0.76,23,1,20,0,0.0,187.0,0.0,1,0,66.4897
ENSG00000108840,HDAC5,chr17,44076746,44123702,-1,1,0,0.84,90,3,78,0,0.0,315.0,0.0,1,0,66.6276375
ENSG00000125319,HROB,chr17,44141903,44162481,1,1,0,0.79,26,2,24,0,0.0,39.0,0.0,2,0,67.86450952380952
ENSG00000161664,ASB16,chr17,44170447,44179084,1,1,0,0.81,17,1,15,1,0.0,58.0,0.0,0,0,69.12277
ENSG00000168591,TMUB2,chr17,44186966,44191931,1,1,0,0.77,11,5,6,0,0.0,20.0,0.0,1,0,70.16088333333335
ENSG00000087152,ATXN7L3,chr17,44191805,44200961,-1,1,0,1.05,20,4,15,0,0.0,79.0,0.0,3,0,70.66568
ENSG00000108312,UBTF,chr17,44205033,44221626,-1,2,0,0.855,43,8,33,0,0.0,168.0,0.0,7,0,71.83754444444445
ENSG00000004939,SLC4A1,chr17,44248390,44268141,-1,0,26039,,46,0,24,9,0.0,885.0,0.0,0,0,73.48834761904763
ENSG00000108309,RUNDC3A,chr17,44307947,44318675,1,2,0,0.8,27,3,24,0,0.0,48.0,0.0,0,0,68.70990833333333
ENSG00000013306,SLC25A39,chr17,44319625,44325801,-1,1,0,1.09,15,2,6,0,0.0,61.0,0.0,1,0,66.85238571428572
ENSG00000030582,GRN,chr17,44345108,44353106,1,0,540,,23,2,21,0,0.0,791.0,0.0,1,0,60.56843333333333
ENSG00000161682,FAM171A2,chr17,44353215,44363868,-1,2,0,0.96,27,1,25,1,0.0,22.0,0.0,0,0,57.99215
ENSG00000005961,ITGA2B,chr17,44372177,44389649,-1,1,0,0.71,36,1,18,4,0.0,723.0,0.0,1,0,51.70406315789474
ENSG00000186566,GPATCH8,chr17,44395281,44503595,-1,1,0,0.92,82,2,66,3,0.0,29.0,0.0,1,0,41.53298181818182
ENSG00000180340,FZD2,chr17,44557484,44561262,1,1,0,0.99,10,0,10,0,0.0,207.0,0.0,0,0,60.37856000000001
ENSG00000180336,MEIOC,chr17,44656404,44690308,1,2,0,0.895,21,1,13,3,0.0,179.0,0.0,1,0,70.17356857142856
ENSG00000180329,CCDC43,chr17,44673069,44689779,-1,1,0,0.87,10,1,7,1,0.0,22.0,0.0,1,0,69.49161666666667
ENSG00000161692,DBF4B,chr17,44708608,44752264,1,1,0,1.21,36,1,24,4,0.0,47.0,0.0,1,0,67.14890454545453
ENSG00000073670,ADAM11,chr17,44758988,44781846,1,3,0,0.7233,53,2,45,2,0.0,254.0,0.0,2,0,69.08810416666667
ENSG00000182963,GJC1,chr17,44798448,44831496,-1,1,0,1.06,45,4,38,0,0.0,184.0,0.0,0,0,74.19001470588236
ENSG00000131097,HIGD1B,chr17,44844791,44850480,1,0,14098,,8,1,6,0,0.0,22.0,0.0,0,0,77.72823333333334
ENSG00000108883,EFTUD2,chr17,44849948,44899626,-1,1,0,0.83,45,1,35,3,0.0,138.0,0.0,2,0,78.84989215686275
ENSG00000167131,DNAAF19,chr17,44899142,44905390,1,1,0,0.83,16,2,14,0,0.0,48.0,0.0,1,0,78.99435714285714
ENSG00000131095,GFAP,chr17,44903159,44916937,-1,1,0,0.83,34,1,33,0,0.0,1361.0,0.0,0,0,78.78625333333335
ENSG00000214447,FAM187A,chr17,44903433,44905390,1,0,3683,,6,0,6,0,0.0,3.0,0.0,0,0,78.95273333333334
ENSG00000186185,KIF18B,chr17,44924707,44947776,-1,1,0,0.85,34,2,25,1,0.0,105.0,0.0,1,0,77.7341125
ENSG00000136448,NMT1,chr17,44957992,45109016,1,8,0,0.9938,235,7,196,4,0.0,153.0,0.0,3,0,76.4497071895425
ENSG00000131094,C1QL1,chr17,44959693,44968303,-1,2,0,0.86,19,1,11,2,0.0,589.0,0.0,0,0,76.47503333333333
ENSG00000172992,DCAKD,chr17,45023338,45061131,-1,2,0,0.92,61,4,53,1,0.0,47.0,0.0,3,0,76.13211794871798
ENSG00000161714,PLCD3,chr17,45108959,45133354,-1,2,0,0.915,55,3,45,1,0.0,90.0,0.0,2,0,78.4492
ENSG00000181513,ACBD4,chr17,45132600,45144181,1,1,0,0.87,25,3,21,0,0.0,51.0,0.0,3,0,78.71840833333333
ENSG00000186834,HEXIM1,chr17,45148475,45152099,1,1,0,0.88,11,1,10,0,0.0,211.0,0.0,1,0,78.81838
ENSG00000168517,HEXIM2,chr17,45160700,45170701,1,2,0,0.77,16,3,12,0,0.0,40.0,0.0,1,0,78.88161818181818
ENSG00000184922,FMNL1,chr17,45220736,45247319,1,2,0,0.815,73,7,66,0,0.0,99.0,0.0,3,0,79.20574444444445
ENSG00000184361,SPATA32,chr17,45254393,45262094,-1,1,0,0.75,14,2,10,0,0.0,29.0,0.0,1,0,79.7041888888889
ENSG00000006062,MAP3K14,chr17,45263119,45317112,-1,1,0,0.97,118,2,114,0,0.0,924.0,0.0,1,0,80.71383454545455
ENSG00000159314,ARHGAP27,chr17,45393898,45434421,-1,3,0,0.7733,76,8,64,0,0.0,77.0,0.0,1,0,81.26194390243903
ENSG00000225190,PLEKHM1,chr17,45435900,45490758,-1,1,0,0.85,51,2,42,2,0.0,283.0,0.0,1,0,78.37326785714286
ENSG00000263715,LINC02210-CRHR1,chr17,45620344,45835826,1,2,0,0.925,247,4,138,33,0.0,6.0,0.0,0,0,78.86747419354839
ENSG00000120088,CRHR1,chr17,45784277,45835828,1,1,0,0.93,88,2,64,4,0.0,355.0,0.0,0,0,78.09970943396226
ENSG00000185294,SPPL2C,chr17,45844881,45847067,1,0,46977,,5,0,2,0,0.0,219.0,0.0,0,0,78.29386666666666
ENSG00000186868,MAPT,chr17,45894358,46028334,1,3,0,0.7867,223,2,187,5,0.0,1182.0,0.0,1,0,81.59666592592592
ENSG00000256762,STH,chr17,45999250,45999694,1,0,16086,,1,0,1,0,0.0,167.0,0.0,0,0,81.9442
ENSG00000120071,KANSL1,chr17,46029916,46225389,-1,2,0,0.9,257,6,226,2,0.0,232.0,0.0,4,0,78.16608979591837
ENSG00000228696,ARL17B,chr17,46274184,46361766,-1,1,0,0.79,29,0,18,0,0.0,71.0,0.0,1,0,73.8891573033708
ENSG00000176681,LRRC37A,chr17,46292733,46338077,1,0,23122,,0,0,0,0,0.0,70.0,0.0,0,0,73.80876739130436
ENSG00000185829,ARL17A,chr17,46499780,46579695,-1,1,0,0.8,7,0,2,1,0.0,55.0,0.0,0,0,79.14432469135804
ENSG00000238083,LRRC37A2,chr17,46511508,46556910,1,0,22214,,4,0,1,0,0.0,69.0,0.0,0,0,78.97945217391303
ENSG00000073969,NSF,chr17,46590669,46757679,1,1,0,0.91,64,0,47,5,0.0,144.0,0.0,0,0,80.24780773809525
ENSG00000108379,WNT3,chr17,46762506,46833154,-1,3,0,0.97,121,2,106,1,0.0,230.0,0.0,0,0,75.79877887323944
ENSG00000158955,WNT9B,chr17,46833201,46886730,1,1,0,0.84,67,1,31,5,0.0,171.0,0.0,0,0,75.14229636363638
ENSG00000108433,GOSR2,chr17,46923075,46975524,1,1,0,0.89,63,2,58,0,0.0,112.0,0.0,1,0,77.91288888888887
ENSG00000262633,,chr17,46923133,47049932,1,2,0,0.92,107,4,89,3,0.0,0.0,0.0,1,0,78.35387734375001
ENSG00000179673,RPRML,chr17,46978156,46979253,-1,1,0,0.95,4,2,2,0,0.0,49.0,0.0,0,0,78.60714999999999
ENSG00000004897,CDC27,chr17,47117703,47189422,-1,1,0,0.9,49,2,36,3,0.0,141.0,0.0,2,0,76.23300416666667
ENSG00000198336,MYL4,chr17,47200446,47227683,1,0,10838,,48,2,46,0,0.0,194.0,0.0,2,0,73.23230689655172
ENSG00000259207,ITGB3,chr17,47253827,47313743,1,1,0,1.04,88,2,82,0,0.0,848.0,0.0,0,0,69.39837868852459
ENSG00000259753,,chr17,47253897,47344292,1,2,0,0.97,120,4,102,3,0.0,0.0,0.0,1,0,69.1649956043956
ENSG00000178852,EFCAB13,chr17,47323290,47441312,1,2,0,0.905,65,3,22,14,0.0,62.0,0.0,1,0,70.03621092436975
ENSG00000141279,NPEPPS,chr17,47522942,47624665,1,1,0,1.29,69,1,47,1,0.0,935.0,0.0,3,0,68.6921776699029
ENSG00000108424,KPNB1,chr17,47649476,47685505,1,1,0,0.97,51,3,40,0,0.0,139.0,0.0,4,0,73.63138947368422
ENSG00000198933,TBKBP1,chr17,47694030,47712063,1,3,0,0.78,50,4,45,0,0.0,66.0,0.0,1,0,76.72625263157894
ENSG00000073861,TBX21,chr17,47733236,47746126,1,1,0,1.08,30,1,29,0,0.0,570.0,0.0,2,0,79.16121428571428
ENSG00000006025,OSBPL7,chr17,47807367,47821803,-1,1,0,0.78,34,1,26,1,0.0,50.0,0.0,1,0,80.51679375
ENSG00000159111,MRPL10,chr17,47823272,47831541,-1,1,0,0.9,11,3,7,0,0.0,41.0,0.0,2,0,80.37231999999999
ENSG00000141294,LRRC46,chr17,47831634,47837719,1,1,0,0.9,10,1,8,0,0.0,194.0,0.0,1,0,80.25410000000001
ENSG00000141295,SCRN2,chr17,47837683,47842125,-1,1,0,0.7,14,2,12,0,0.0,39.0,0.0,1,0,80.1627
ENSG00000189120,SP6,chr17,47844908,47855874,-1,2,0,0.87,25,2,22,0,0.0,708.0,0.0,0,0,79.93869166666666
ENSG00000167182,SP2,chr17,47896150,47928957,1,1,0,0.83,44,1,41,1,0.0,107.0,0.0,1,0,77.86064411764704
ENSG00000108439,PNPO,chr17,47941506,47949308,1,0,21395,,17,2,15,0,0.0,149.0,0.0,1,0,76.16375
ENSG00000167183,PRR15L,chr17,47950851,47960483,-1,0,10220,,20,1,19,0,0.0,42.0,0.0,0,0,75.54912
ENSG00000108465,CDK5RAP3,chr17,47967810,47981781,1,1,0,0.74,20,1,19,0,0.0,267.0,0.0,2,0,74.25748666666667
ENSG00000005243,COPZ2,chr17,48026142,48038030,-1,1,0,0.76,17,2,12,0,0.0,63.0,0.0,0,0,70.46472307692308
ENSG00000082641,NFE2L1,chr17,48047889,48061545,1,2,0,0.8,36,3,33,0,0.0,205.0,0.0,1,0,69.30748
ENSG00000108468,CBX1,chr17,48070052,48101485,-1,1,0,1.02,33,2,25,2,0.0,245.0,0.0,1,0,68.461378125
ENSG00000002919,SNX11,chr17,48103357,48123601,1,1,0,0.9,25,1,22,0,0.0,47.0,0.0,1,0,68.32707272727272
ENSG00000141293,SKAP1,chr17,48133437,48430275,-1,1,0,0.82,321,5,247,21,0.0,111.0,0.0,5,0,70.36772315436242
ENSG00000120094,HOXB1,chr17,48528526,48531011,-1,1,0,0.68,9,2,7,0,0.0,82.0,0.0,0,0,75.46493333333333
ENSG00000173917,HOXB2,chr17,48540894,48545109,-1,2,0,0.975,16,3,13,0,0.0,271.0,0.0,1,0,75.10198
ENSG00000120093,HOXB3,chr17,48548870,48604912,-1,10,0,0.872,147,18,129,0,0.0,155.0,0.0,5,0,73.69252631578948
ENSG00000182742,HOXB4,chr17,48575507,48578350,-1,1,0,0.9,9,2,7,0,0.0,179.0,0.0,2,0,73.71103333333333
ENSG00000120075,HOXB5,chr17,48591257,48593779,-1,2,0,0.9,7,1,6,0,0.0,167.0,0.0,0,0,72.98325
ENSG00000108511,HOXB6,chr17,48595525,48604992,-1,2,0,0.925,26,2,24,0,0.0,145.0,0.0,0,0,72.61926000000001
ENSG00000260027,HOXB7,chr17,48607232,48633572,-1,8,0,0.9088,75,6,69,0,0.0,196.0,0.0,2,0,71.84142857142858
ENSG00000120068,HOXB8,chr17,48611377,48618003,-1,2,0,0.845,19,2,17,0,0.0,221.0,0.0,1,0,72.036675
ENSG00000170689,HOXB9,chr17,48621156,48626358,-1,2,0,0.915,15,1,14,0,0.0,201.0,0.0,1,0,71.7205
ENSG00000159182,PRAC1,chr17,48721719,48723082,-1,0,89,,4,2,2,0,0.0,46.0,0.0,0,0,73.17605
ENSG00000229637,PRAC2,chr17,48722666,48724767,1,3,0,0.95,7,5,2,0,0.0,19.0,0.0,0,0,73.25919999999999
ENSG00000159184,HOXB13,chr17,48724763,48728750,-1,3,0,0.8567,12,1,11,0,0.0,175.0,0.0,0,0,73.42804000000001
ENSG00000170703,TTLL6,chr17,48762234,48817229,-1,1,0,0.97,56,1,42,1,0.0,49.0,0.0,0,0,76.64132857142856
ENSG00000136436,CALCOCO2,chr17,48830971,48868228,1,1,0,0.7,40,1,33,1,0.0,122.0,0.0,2,0,77.22626578947369
ENSG00000159199,ATP5MC1,chr17,48892765,48895875,1,0,2,,9,1,8,0,0.0,111.0,0.0,1,0,75.75597499999999
ENSG00000159202,UBE2Z,chr17,48908398,48929056,1,1,0,0.83,23,2,19,0,0.0,76.0,0.0,3,0,74.72065909090908
ENSG00000159210,SNF8,chr17,48929316,48944842,-1,1,0,1.08,21,1,13,1,0.0,63.0,0.0,1,0,74.00501176470588
ENSG00000159224,GIP,chr17,48958554,48968596,-1,0,13572,,10,0,8,1,0.0,468.0,0.0,0,0,73.2955181818182
ENSG00000159217,IGF2BP1,chr17,48997225,49056145,1,4,0,0.725,79,4,65,0,0.0,331.0,0.0,1,0,73.96438333333336
ENSG00000167080,B4GALNT2,chr17,49132460,49178647,1,1,0,0.88,30,2,13,3,0.0,95.0,0.0,0,0,79.55233958333334
ENSG00000167083,GNGT2,chr17,49202791,49210593,-1,0,9014,,8,4,2,0,0.0,48.0,0.0,1,0,79.46112222222223
ENSG00000108798,ABI3,chr17,49210411,49223225,1,1,0,0.72,24,1,22,0,0.0,96.0,0.0,1,0,79.17545
ENSG00000173868,PHOSPHO1,chr17,49223366,49230787,-1,2,0,0.9,20,2,18,0,0.0,516.0,0.0,0,0,78.78994444444444
ENSG00000198740,ZNF652,chr17,49289206,49362473,-1,1,0,0.95,78,1,64,2,0.0,118.0,0.0,3,0,73.55019054054054
ENSG00000167085,PHB1,chr17,49404009,49414905,-1,0,41433,,15,4,10,0,0.0,391.0,0.0,1,0,70.14941666666665
ENSG00000064300,NGFR,chr17,49495293,49515008,1,3,0,0.9033,44,3,40,0,0.0,846.0,0.0,0,0,65.0810761904762
ENSG00000182575,NXPH3,chr17,49575871,49583827,1,1,0,0.8,25,2,23,0,0.0,26.0,0.0,0,0,58.666466666666665
ENSG00000121067,SPOP,chr17,49598884,49678201,-1,1,0,0.9,74,2,71,0,4.0,265.0,1.0,2,0,54.54214999999999
ENSG00000121073,SLC35B1,chr17,49700934,49709014,-1,0,22524,,12,2,9,0,0.0,37.0,0.0,1,0,51.39631111111112
ENSG00000121104,FAM117A,chr17,49710332,49789180,-1,2,0,0.8,121,2,117,0,0.0,26.0,0.0,7,0,49.45083999999999
ENSG00000136504,KAT7,chr17,49788624,49835026,1,1,0,0.88,50,3,44,0,0.0,202.0,0.0,3,0,45.948397872340415
ENSG00000176358,TAC4,chr17,49838300,49848069,-1,0,3037,,15,3,8,1,0.0,57.0,0.0,0,0,43.83881818181818
ENSG00000108813,DLX4,chr17,49968588,49974959,1,2,0,0.72,14,3,11,0,0.0,269.0,0.0,0,0,35.64205714285714
ENSG00000064195,DLX3,chr17,49990005,49995224,-1,1,0,0.89,10,2,6,0,0.0,237.0,0.0,0,0,34.733466666666665
ENSG00000005884,ITGA3,chr17,50055968,50090485,1,1,0,0.89,71,3,65,1,0.0,262.0,0.0,1,0,32.10492571428572
ENSG00000005882,PDK2,chr17,50094737,50112152,1,2,0,0.84,43,6,37,0,0.0,149.0,0.0,2,0,31.253388888888892
ENSG00000167100,SAMD14,chr17,50110040,50130160,-1,2,0,0.85,43,2,36,1,0.0,45.0,0.0,0,0,30.800609523809527
ENSG00000108819,PPP1R9B,chr17,50133737,50150703,-1,1,0,0.96,49,2,47,0,0.0,83.0,0.0,5,0,30.197999999999997
ENSG00000108823,SGCA,chr17,50164214,50175935,1,0,2502,,33,3,29,0,0.0,476.0,0.0,2,0,29.478361538461545
ENSG00000108821,COL1A1,chr17,50184101,50201634,-1,1,0,0.75,52,1,51,0,0.0,1616.0,0.0,1,0,28.872410526315793
ENSG00000167105,TMEM92,chr17,50271406,50281485,1,0,64143,,26,1,24,0,0.0,36.0,0.0,0,0,26.083000000000002
ENSG00000015532,XYLT2,chr17,50346080,50363138,1,1,0,0.86,38,2,32,0,0.0,248.0,0.0,1,0,22.055044444444448
ENSG00000108826,MRPL27,chr17,50367857,50373207,-1,1,0,0.98,5,1,3,0,0.0,27.0,0.0,1,0,21.262600000000003
ENSG00000154920,EME1,chr17,50373220,50381483,1,1,0,0.98,13,1,9,0,0.0,117.0,0.0,1,0,20.965
ENSG00000108829,LRRC59,chr17,50375059,50398227,-1,1,0,0.96,28,2,20,0,0.0,87.0,0.0,1,0,20.568120833333335
ENSG00000167107,ACSF2,chr17,50426158,50474845,1,2,0,0.77,79,2,73,1,0.0,109.0,0.0,1,0,18.935142
ENSG00000136457,CHAD,chr17,50464496,50468976,-1,1,0,0.81,11,1,10,0,0.0,98.0,0.0,0,0,18.751133333333332
ENSG00000136444,RSAD1,chr17,50478820,50485984,1,1,0,1.16,14,1,13,0,0.0,20.0,0.0,1,0,18.7139125
ENSG00000136449,MYCBPAP,chr17,50508409,50531501,1,1,0,0.87,37,1,31,0,0.0,47.0,0.0,2,0,18.964796
ENSG00000049283,EPN3,chr17,50532548,50543750,1,2,0,0.865,27,2,25,0,0.0,70.0,0.0,1,0,19.194458333333333
ENSG00000006282,SPATA20,chr17,50543058,50556481,1,1,0,0.87,24,3,18,0,0.0,202.0,0.0,1,0,19.354042857142854
ENSG00000006283,CACNA1G,chr17,50560715,50627474,1,2,0,0.725,134,7,116,3,0.0,714.0,0.0,0,0,19.95770895522388
ENSG00000108846,ABCC3,chr17,50634609,50692631,1,1,0,0.81,112,1,103,0,0.0,278.0,0.0,0,0,19.712438983050845
ENSG00000154945,ANKRD40,chr17,50693198,50707914,-1,1,0,0.85,26,4,20,0,0.0,15.0,0.0,1,0,18.767125
ENSG00000108848,LUC7L3,chr17,50719565,50756219,1,1,0,0.99,35,1,31,0,0.0,126.0,0.0,1,0,17.515464864864864
ENSG00000167117,ANKRD40CL,chr17,50760971,50767570,-1,0,13704,,16,2,14,0,0.0,25.0,0.0,0,0,16.804225
ENSG00000173714,WFIKKN2,chr17,50834650,50842353,1,1,0,0.66,22,2,20,0,0.0,63.0,0.0,0,0,16.4778875
ENSG00000141232,TOB1,chr17,50862223,50867978,-1,1,0,0.91,15,5,10,0,0.0,153.0,0.0,1,0,16.682985714285717
ENSG00000008294,SPAG9,chr17,50962174,51120926,-1,1,0,1.16,191,4,172,2,0.0,317.0,0.0,2,0,18.339076875
ENSG00000239672,NME1,chr17,51152949,51162428,1,1,0,0.98,13,2,11,0,0.0,454.0,0.0,2,0,20.70476
ENSG00000011052,NME1-NME2,chr17,51153590,51171744,1,2,0,0.965,30,6,23,0,0.0,26.0,0.0,2,0,20.669331578947368
ENSG00000243678,NME2,chr17,51163013,51171749,1,1,0,0.95,17,4,12,0,0.0,180.0,0.0,1,0,20.63932
ENSG00000011258,MBTD1,chr17,51177419,51261114,-1,1,0,0.87,75,2,53,8,0.0,88.0,0.0,3,0,20.14079176470588
ENSG00000011260,UTP18,chr17,51260491,51297936,1,1,0,0.87,32,1,25,3,0.0,53.0,0.0,1,0,20.358264102564103
ENSG00000154975,CA10,chr17,51630313,52160017,-1,1,0,0.95,397,3,230,46,0.0,88.0,0.0,0,0,26.21598154425612
ENSG00000141200,KIF2B,chr17,53822927,53825193,1,0,65388,,1,1,0,0,0.0,45.0,0.0,0,0,58.648833333333336
ENSG00000141198,TOM1L1,chr17,54899387,54963841,1,1,0,1.06,48,2,40,2,0.0,80.0,0.0,0,0,70.17890606060605
ENSG00000166260,COX11,chr17,54951902,54968703,-1,1,0,0.88,9,1,7,0,0.0,66.0,0.0,1,0,72.3981888888889
ENSG00000166263,STXBP4,chr17,54968727,55173632,1,1,0,0.88,130,1,85,10,0.0,69.0,0.0,4,0,74.04494589371981
ENSG00000108924,HLF,chr17,55264960,55325187,1,1,0,1.1,115,5,87,0,0.0,240.0,0.0,1,0,68.60293606557379
ENSG00000108960,MMD,chr17,55392616,55421944,-1,1,0,0.91,40,1,32,0,0.0,168.0,0.0,1,0,66.47289666666667
ENSG00000261873,SMIM36,chr17,55449856,55511452,-1,0,27671,,55,0,43,3,0.0,8.0,0.0,0,0,63.83518870967741
ENSG00000166292,TMEM100,chr17,55718739,55732121,-1,0,18940,,22,2,18,0,0.0,162.0,0.0,0,0,63.06438571428571
ENSG00000141179,PCTP,chr17,55751051,55842830,1,1,0,0.79,76,3,41,5,0.0,113.0,0.0,1,0,65.89687526881723
ENSG00000153930,ANKFN1,chr17,55882301,56517016,1,1,0,0.68,401,2,236,46,0.0,139.0,0.0,0,0,70.72601855345911
ENSG00000183691,NOG,chr17,56593699,56595611,1,1,0,0.79,7,1,6,0,0.0,468.0,0.0,0,0,72.2731
ENSG00000214226,C17orf67,chr17,56791913,56838773,-1,1,0,0.91,58,1,47,2,0.0,37.0,0.0,1,0,75.71261875
ENSG00000153933,DGKE,chr17,56834103,56869567,1,1,0,0.91,35,1,21,4,0.0,226.0,0.0,1,0,75.5293972972973
ENSG00000121060,TRIM25,chr17,56836387,56914080,-1,1,0,0.87,92,2,71,6,0.0,189.0,0.0,1,0,74.95990000000002
ENSG00000121058,COIL,chr17,56938199,56961050,-1,1,0,0.9,22,1,15,2,0.0,156.0,0.0,1,0,71.99595416666666
ENSG00000121064,SCPEP1,chr17,56978111,57006768,1,0,16942,,32,1,26,1,0.0,116.0,0.0,0,0,70.32613333333333
ENSG00000121057,AKAP1,chr17,57085092,57121349,1,1,0,0.95,62,5,55,1,0.0,163.0,0.0,2,0,71.39140270270269
ENSG00000153944,MSI2,chr17,57255851,57684689,1,1,0,0.98,750,12,711,0,0.0,472.0,0.0,10,0,74.37624883720932
ENSG00000166329,CCDC182,chr17,57744495,57745299,-1,0,104552,,1,0,1,0,0.0,16.0,0.0,0,0,75.03255
ENSG00000181610,MRPS23,chr17,57834781,57850076,-1,1,0,0.72,15,1,14,0,0.0,68.0,0.0,1,0,78.5724
ENSG00000180891,CUEDC1,chr17,57861243,57955851,-1,3,0,0.84,186,4,179,0,0.0,83.0,0.0,0,0,78.81556041666668
ENSG00000136451,VEZF1,chr17,57971547,57988389,-1,1,0,0.76,24,3,21,0,0.0,70.0,0.0,1,0,78.67311176470588
ENSG00000266086,,chr17,57989038,58007246,-1,1,0,1.02,45,3,38,0,0.0,0.0,0.0,2,0,78.61238947368419
ENSG00000136450,SRSF1,chr17,58000919,58007346,-1,1,0,1.02,16,2,14,0,0.0,337.0,0.0,1,0,78.58510000000001
ENSG00000264364,DYNLL2,chr17,58082863,58095542,1,1,0,0.87,24,1,22,0,0.0,64.0,0.0,2,0,76.8546
ENSG00000141194,OR4D1,chr17,58148384,58159585,1,1,0,0.91,9,1,6,0,0.0,9.0,0.0,3,0,74.05558461538462
ENSG00000255713,OR4D2,chr17,58166982,58171411,1,0,9516,,3,0,3,0,0.0,3.0,0.0,1,0,73.33937999999999
ENSG00000121053,EPX,chr17,58192726,58205174,1,1,0,0.84,19,0,5,5,0.0,206.0,0.0,0,0,71.97236153846156
ENSG00000011143,MKS1,chr17,58205350,58219605,-1,1,0,1.15,16,3,10,2,0.0,332.0,0.0,1,0,71.412375
ENSG00000167419,LPO,chr17,58218548,58268518,1,2,0,0.92,62,4,26,5,0.0,355.0,0.0,1,0,70.33713333333336
ENSG00000005381,MPO,chr17,58269855,58280935,-1,2,0,0.8,29,1,28,0,0.0,1486.0,0.0,0,0,69.62359166666666
ENSG00000005379,TSPOAP1,chr17,58301228,58328795,-1,1,0,0.74,80,2,78,0,0.0,107.0,0.0,2,0,69.84277241379311
ENSG00000213246,SUPT4H1,chr17,58345175,58353093,-1,1,0,0.85,16,3,13,0,0.0,105.0,0.0,3,0,71.00504444444444
ENSG00000285897,,chr17,58345206,58417595,-1,1,0,0.85,129,7,115,0,0.0,2.0,0.0,4,0,72.81118108108107
ENSG00000108375,RNF43,chr17,58353676,58417735,-1,0,1131,,113,4,102,0,3.0,394.0,1.0,2,0,73.06126153846155
ENSG00000176160,HSF5,chr17,58420167,58488408,-1,1,0,0.93,38,1,19,3,0.0,205.0,0.0,1,0,75.58252028985507
ENSG00000108389,MTMR4,chr17,58489529,58517905,-1,2,0,0.765,44,2,39,0,0.0,43.0,0.0,1,0,74.60633448275863
ENSG00000108387,SEPTIN4,chr17,58520250,58544368,-1,1,0,1.04,41,5,35,0,0.0,303.0,0.0,0,0,72.96342399999999
ENSG00000121101,TEX14,chr17,58556678,58692055,-1,2,0,1.21,165,3,116,15,0.0,191.0,0.0,2,0,69.92306838235294
ENSG00000266826,IGBP1C,chr17,58660424,58692045,-1,1,0,1.0,43,2,32,0,0.0,4.0,0.0,0,0,70.17547575757575
ENSG00000108384,RAD51C,chr17,58692573,58735611,1,1,0,0.93,50,1,33,5,2.0,439.0,1.0,2,0,70.69534090909092
ENSG00000175175,PPM1E,chr17,58755854,58985179,1,1,0,1.17,200,1,104,18,0.0,50.0,0.0,0,0,63.50228173913044
ENSG00000108395,TRIM37,chr17,58982638,59106921,-1,1,0,0.98,114,2,70,15,0.0,195.0,0.0,2,0,52.71330319999999
ENSG00000182628,SKA2,chr17,59109857,59155260,-1,1,0,0.83,53,3,34,6,0.0,94.0,0.0,1,0,48.504713043478255
ENSG00000068489,PRR11,chr17,59155732,59206709,1,0,438,,36,0,28,0,0.0,114.0,0.0,2,0,47.736500000000014
ENSG00000265303,,chr17,59197566,59215226,1,1,0,0.83,10,3,5,0,0.0,0.0,0.0,1,0,47.72556666666666
ENSG00000167447,SMG8,chr17,59209400,59215248,1,1,0,0.83,8,3,4,0,0.0,47.0,0.0,1,0,47.75617142857143
ENSG00000153982,GDPD1,chr17,59220467,59275970,1,1,0,0.81,29,1,16,2,0.0,32.0,0.0,1,0,48.1939701754386
ENSG00000175155,YPEL2,chr17,59331655,59401729,1,1,0,0.95,130,7,119,0,0.0,64.0,0.0,3,0,50.46182535211266
ENSG00000108406,DHX40,chr17,59565558,59610481,1,1,0,0.97,17,1,5,5,0.0,215.0,0.0,1,0,55.129048888888896
ENSG00000141367,CLTC,chr17,59619680,59696956,1,1,0,0.92,86,2,71,0,1.0,381.0,1.0,3,0,61.03456153846153
ENSG00000141378,PTRH2,chr17,59674636,59707638,-1,1,0,0.85,43,1,29,0,0.0,90.0,0.0,1,0,63.37755588235294
ENSG00000062716,VMP1,chr17,59707192,59842255,1,1,0,0.85,210,3,186,0,0.0,159.0,0.0,5,0,65.24613529411765
ENSG00000108423,TUBD1,chr17,59859426,59892945,-1,1,0,0.89,40,3,29,4,0.0,53.0,0.0,1,0,65.38207999999999
ENSG00000108443,RPS6KB1,chr17,59893046,59950574,1,1,0,0.89,70,3,44,9,0.0,725.0,0.0,1,0,66.25782033898305
ENSG00000267318,,chr17,59940908,59973101,1,1,0,0.86,31,4,16,3,0.0,0.0,0.0,1,0,67.58572424242423
ENSG00000189050,RNFT1,chr17,59952240,59964761,-1,1,0,0.86,13,2,8,1,0.0,54.0,0.0,1,0,67.64294285714286
ENSG00000068097,HEATR6,chr17,60041008,60078932,-1,2,0,0.815,38,1,21,7,0.0,63.0,0.0,1,0,72.73324102564101
ENSG00000167434,CA4,chr17,60147838,60170899,1,2,0,0.79,60,0,59,0,0.0,294.0,0.0,0,0,71.62815
ENSG00000170832,USP32,chr17,60177327,60422470,-1,2,0,0.935,237,3,188,15,0.0,228.0,0.0,4,0,71.8543849593496
ENSG00000141371,CHCT1,chr17,60392429,60431426,1,2,0,0.935,63,2,39,12,0.0,22.0,0.0,2,0,72.76744
ENSG00000062725,APPBP2,chr17,60443158,60526242,-1,1,0,0.97,88,1,72,6,0.0,89.0,0.0,1,0,72.49131904761904
ENSG00000170836,PPM1D,chr17,60599735,60666280,1,1,0,1.09,93,2,86,1,3.0,439.0,1.0,1,0,74.82631940298505
ENSG00000141376,BCAS3,chr17,60677453,61392838,1,1,0,0.73,770,7,543,83,0.0,126.0,0.0,2,0,66.37977196652719
ENSG00000121068,TBX2,chr17,61399630,61409466,1,3,0,0.73,33,1,32,0,0.0,362.0,0.0,0,0,73.98425
ENSG00000121075,TBX4,chr17,61451906,61485110,1,4,0,0.845,89,2,86,1,0.0,502.0,0.0,0,0,76.35462352941177
ENSG00000253506,NACA2,chr17,61590421,61591219,-1,0,127948,,1,1,0,0,0.0,32.0,0.0,0,0,79.65369999999999
ENSG00000136492,BRIP1,chr17,61679139,61863561,-1,1,0,1.04,143,3,59,46,1.0,650.0,1.0,1,0,77.5984
ENSG00000108506,INTS2,chr17,61865367,61928016,-1,1,0,0.96,71,2,24,21,0.0,88.0,0.0,2,0,76.52970468750001
ENSG00000108510,MED13,chr17,61942605,62065278,-1,1,0,0.86,86,1,55,5,0.0,130.0,0.0,1,0,74.75155528455285
ENSG00000172421,EFCAB3,chr17,62343941,62416480,1,0,7270,,20,0,2,3,0.0,13.0,0.0,0,0,75.19639178082191
ENSG00000087995,METTL2A,chr17,62423875,62453385,1,1,0,0.84,14,1,9,1,0.0,33.0,0.0,1,0,75.58773
ENSG00000146872,TLK2,chr17,62458658,62615481,1,1,0,0.96,128,4,98,3,0.0,88.0,0.0,4,0,71.14448535031848
ENSG00000011028,MRC2,chr17,62627670,62693597,1,4,0,0.7425,122,2,103,3,0.0,177.0,0.0,0,0,69.04963582089552
ENSG00000173838,MARCHF10,chr17,62701314,62808344,-1,2,0,0.995,157,3,121,4,0.0,30.0,0.0,1,0,72.54249166666666
ENSG00000170921,TANC2,chr17,62966235,63427703,1,1,0,0.94,406,4,288,24,0.0,87.0,0.0,1,0,63.13715853131749
ENSG00000008283,CYB561,chr17,63432298,63447108,-1,3,0,0.7267,38,6,32,0,0.0,96.0,0.0,2,0,48.88694375
ENSG00000159640,ACE,chr17,63477058,63498380,1,1,0,1.09,51,1,43,4,0.0,2006.0,0.0,0,0,47.99951818181818
ENSG00000264813,,chr17,63484823,63521848,1,0,1201,,70,0,52,5,0.0,0.0,0.0,0,0,47.684610526315794
ENSG00000173826,KCNH6,chr17,63523310,63548987,1,4,0,0.9175,52,1,24,6,0.0,214.0,0.0,1,0,47.03446666666667
ENSG00000136485,DCAF7,chr17,63550222,63594286,1,1,0,0.83,38,2,27,3,0.0,81.0,0.0,1,0,46.36545111111112
ENSG00000288894,,chr17,63550603,63608347,1,2,0,0.835,52,3,39,3,0.0,0.0,0.0,3,0,46.242958620689656
ENSG00000136463,TACO1,chr17,63600882,63608365,1,1,0,0.84,8,2,6,0,0.0,55.0,0.0,1,0,45.8426875
ENSG00000198909,MAP3K3,chr17,63622381,63696305,1,1,0,0.88,84,2,78,0,0.0,173.0,0.0,2,0,45.23117200000001
ENSG00000266173,STRADA,chr17,63682336,63741986,-1,2,0,0.84,77,8,65,0,0.0,135.0,0.0,3,0,44.81368852459017
ENSG00000136490,LIMD2,chr17,63695883,63701172,-1,1,0,0.89,16,6,10,0,0.0,51.0,0.0,1,0,44.887166666666666
ENSG00000125695,,chr17,63702845,63752097,-1,1,0,0.79,46,3,40,0,0.0,0.0,0.0,4,0,44.73515200000001
ENSG00000108588,CCDC47,chr17,63745255,63776351,-1,1,0,0.94,37,3,30,1,0.0,60.0,0.0,2,0,44.725353125
ENSG00000198231,DDX42,chr17,63773603,63819429,1,1,0,0.94,44,2,34,0,0.0,56.0,0.0,1,0,45.217110869565225
ENSG00000108592,FTSJ3,chr17,63819433,63830012,-1,1,0,0.93,28,3,22,0,0.0,43.0,0.0,2,0,46.038708333333325
ENSG00000087191,PSMC5,chr17,63827152,63832244,1,1,0,0.93,14,3,10,0,0.0,168.0,0.0,2,0,46.247816666666665
ENSG00000108604,SMARCD2,chr17,63832081,63843065,-1,1,0,1.11,26,2,24,0,0.0,90.0,0.0,2,0,46.62916666666666
ENSG00000213218,CSH2,chr17,63872012,63873766,-1,0,22429,,3,0,1,0,0.0,366.0,0.0,0,0,48.87083333333334
ENSG00000136487,GH2,chr17,63880215,63881944,-1,0,30632,,5,2,3,0,0.0,126.0,0.0,0,0,49.496566666666666
ENSG00000136488,CSH1,chr17,63894909,63896661,-1,0,45002,,3,1,2,0,0.0,417.0,0.0,0,0,50.76716666666667
ENSG00000204414,CSHL1,chr17,63909597,63911341,-1,0,30322,,4,1,3,0,0.0,123.0,0.0,0,0,52.09125
ENSG00000259384,GH1,chr17,63917200,63918839,-1,0,22824,,4,0,4,0,0.0,1996.0,0.0,0,0,52.80286666666666
ENSG00000285947,,chr17,63917203,63931385,-1,0,10278,,33,1,32,0,0.0,0.0,0.0,1,0,53.382766666666676
ENSG00000007312,CD79B,chr17,63928738,63932629,-1,0,9034,,10,3,7,0,1.0,399.0,1.0,1,0,54.06332
ENSG00000007314,SCN4A,chr17,63938554,63972918,-1,1,0,0.99,61,0,57,0,0.0,791.0,0.0,0,0,56.49585428571428
ENSG00000224383,PRR29,chr17,63998351,64004305,1,1,0,0.62,18,2,16,0,0.0,12.0,0.0,1,0,60.491971428571425
ENSG00000108622,ICAM2,chr17,64002594,64020635,-1,0,3493,,36,2,30,0,0.0,193.0,0.0,3,0,61.30362105263157
ENSG00000178607,ERN1,chr17,64039080,64130819,-1,1,0,0.94,148,2,141,0,0.0,689.0,0.0,8,0,64.98162150537637
ENSG00000136478,TEX2,chr17,64147227,64263291,-1,1,0,1.09,178,3,165,1,0.0,241.0,0.0,2,0,70.49915042735041
ENSG00000261371,PECAM1,chr17,64319415,64413776,-1,0,55976,,169,2,159,0,0.0,1143.0,0.0,1,0,73.83731979166667
ENSG00000271605,MILR1,chr17,64449037,64492770,1,0,3994,,39,1,28,4,0.0,73.0,0.0,0,0,66.28112666666667
ENSG00000256525,POLG2,chr17,64477781,64497071,-1,1,0,0.95,21,1,16,3,0.0,282.0,0.0,1,0,65.249315
ENSG00000108654,DDX5,chr17,64498254,64508199,-1,1,0,0.96,31,7,24,0,3.0,311.0,1.0,1,0,64.42316363636364
ENSG00000258890,CEP95,chr17,64506767,64542461,1,1,0,0.96,35,1,28,1,0.0,29.0,0.0,1,0,63.41089444444444
ENSG00000108854,SMURF2,chr17,64542282,64662335,-1,1,0,0.92,143,2,126,3,0.0,263.0,0.0,2,0,59.303079338842984
ENSG00000176809,LRRC37A3,chr17,64854130,64919480,-1,1,0,1.08,10,1,4,0,0.0,21.0,0.0,2,0,59.316080303030304
ENSG00000120063,GNA13,chr17,65009289,65056817,-1,1,0,1.12,64,2,62,0,0.0,156.0,0.0,5,0,60.049895918367355
ENSG00000108370,RGS9,chr17,65100812,65227703,1,1,0,0.88,160,3,125,5,0.0,102.0,0.0,4,0,64.263446875
ENSG00000168646,AXIN2,chr17,65528561,65562067,-1,2,0,0.835,76,2,69,0,1.0,477.0,1.0,7,0,65.79524411764706
ENSG00000266076,,chr17,65538102,65641033,-1,1,0,0.99,144,2,120,4,0.0,0.0,0.0,7,0,68.21163942307693
ENSG00000154240,CEP112,chr17,65635537,66192251,-1,1,0,0.89,393,3,222,49,0.0,77.0,0.0,1,0,72.28797558348295
ENSG00000091583,APOH,chr17,66211595,66256525,-1,0,19127,,50,1,30,2,0.0,521.0,0.0,1,0,64.23265
ENSG00000154229,PRKCA,chr17,66302613,66810743,1,1,0,1.05,667,5,602,14,0.0,1097.0,0.0,6,0,52.037456188605105
ENSG00000075429,CACNG5,chr17,66835117,66894751,1,1,0,0.92,47,1,13,7,0.0,120.0,0.0,0,0,50.149973770491805
ENSG00000075461,CACNG4,chr17,66964707,67033400,1,1,0,1.0,103,1,74,6,0.0,145.0,0.0,0,0,59.89735797101449
ENSG00000108878,CACNG1,chr17,67044554,67056797,1,1,0,0.69,21,1,20,0,0.0,127.0,0.0,0,0,60.941769230769225
ENSG00000198265,HELZ,chr17,67070444,67245989,-1,1,0,0.93,170,6,139,5,0.0,57.0,0.0,2,0,58.07679943502824
ENSG00000197170,PSMD12,chr17,67337916,67366605,-1,1,0,0.75,32,1,24,0,0.0,290.0,0.0,2,0,51.51306333333334
ENSG00000154217,PITPNC1,chr17,67377281,67697256,1,1,0,0.96,424,1,391,4,0.0,100.0,0.0,13,0,51.09752523364486
ENSG00000130935,NOL11,chr17,67717812,67744531,1,1,0,0.89,19,1,16,0,0.0,38.0,0.0,2,0,59.12004285714285
ENSG00000171634,BPTF,chr17,67825503,67984378,1,1,0,1.01,124,4,87,9,0.0,178.0,0.0,2,0,65.05528742138364
ENSG00000186665,C17orf58,chr17,67991099,67996469,-1,1,0,1.1,15,3,12,0,0.0,38.0,0.0,2,0,65.37845
ENSG00000182481,KPNA2,chr17,68035636,68047364,1,1,0,0.97,19,4,13,0,0.0,378.0,0.0,1,0,64.25240833333334
ENSG00000196704,AMZ2,chr17,68205481,68257712,1,2,0,1.03,73,7,66,0,0.0,26.0,0.0,9,0,57.53097962962963
ENSG00000141337,ARSG,chr17,68259182,68422731,1,2,0,0.88,193,4,171,2,0.0,73.0,0.0,8,0,51.6581690909091
ENSG00000108932,SLC16A6,chr17,68267026,68291267,-1,1,0,0.92,16,1,15,0,0.0,55.0,0.0,1,0,55.670840000000005
ENSG00000070540,WIPI1,chr17,68420948,68457520,-1,1,0,0.89,57,1,54,1,0.0,107.0,0.0,2,0,46.10286315789473
ENSG00000108946,PRKAR1A,chr17,68511780,68551319,1,1,0,0.82,52,8,41,1,3.0,958.0,1.0,1,0,42.7006775
ENSG00000108950,FAM20A,chr17,68535113,68601384,-1,1,0,0.87,88,2,72,3,0.0,380.0,0.0,0,0,40.76751492537315
ENSG00000141338,ABCA8,chr17,68866052,68955470,-1,0,264615,,63,1,46,3,0.0,148.0,0.0,0,0,30.27142777777778
ENSG00000154258,ABCA9,chr17,68974488,69060949,-1,0,265619,,55,1,38,5,0.0,72.0,0.0,0,0,31.398160227272726
ENSG00000154262,ABCA6,chr17,69074255,69142031,-1,0,184537,,61,2,36,6,0.0,116.0,0.0,0,0,32.43510289855072
ENSG00000154263,ABCA10,chr17,69147214,69244846,-1,0,81722,,63,1,33,7,0.0,63.0,0.0,0,0,31.873991919191916
ENSG00000154265,ABCA5,chr17,69244311,69327244,-1,1,0,0.88,51,2,37,4,0.0,190.0,0.0,2,0,30.013027380952384
ENSG00000108984,MAP2K6,chr17,69414683,69553865,1,0,86987,,147,4,135,1,0.0,184.0,0.0,2,0,28.127667142857145
ENSG00000153822,KCNJ16,chr17,70053429,70135608,1,0,33164,,100,4,85,2,0.0,199.0,0.0,0,0,33.44622857142857
ENSG00000123700,KCNJ2,chr17,70168302,70180044,1,1,0,0.84,19,3,16,0,0.0,340.0,0.0,0,0,35.38047692307693
ENSG00000125398,SOX9,chr17,72121020,72126416,1,1,0,0.8,15,1,14,0,0.0,1254.0,0.0,0,0,58.748
ENSG00000133195,SLC39A11,chr17,72645947,73092712,-1,0,5132,,523,1,414,22,0.0,110.0,0.0,2,0,74.32930066964286
ENSG00000180616,SSTR2,chr17,73165010,73176633,1,1,0,0.78,18,1,14,1,0.0,748.0,0.0,0,0,82.64754615384616
ENSG00000166685,COG1,chr17,73193038,73209422,1,1,0,1.02,27,2,22,1,0.0,54.0,0.0,1,0,82.00648235294118
ENSG00000133193,VCF1,chr17,73207353,73236753,-1,1,0,0.8,41,4,36,0,0.0,33.0,0.0,2,0,81.5244258064516
ENSG00000141219,MTNAP1,chr17,73232233,73248962,1,1,0,0.8,14,4,9,1,0.0,36.0,0.0,2,0,81.12186111111112
ENSG00000187959,CPSF4L,chr17,73248449,73262352,-1,0,15514,,20,2,10,2,0.0,21.0,0.0,0,0,80.84012
ENSG00000179604,CDC42EP4,chr17,73283624,73312005,-1,2,0,0.735,67,2,63,0,0.0,40.0,0.0,1,0,80.22037241379309
ENSG00000069188,SDK2,chr17,73334384,73644445,-1,2,0,0.77,457,4,363,27,0.0,67.0,0.0,2,0,78.8877848874598
ENSG00000172809,RPL38,chr17,74202841,74210655,1,1,0,0.84,19,1,18,0,0.0,595.0,0.0,1,0,83.43177777777778
ENSG00000141540,TTYH2,chr17,74213518,74262020,1,1,0,0.8,79,2,76,0,0.0,63.0,0.0,1,0,84.09233673469389
ENSG00000171595,DNAI2,chr17,74274234,74314886,1,1,0,1.08,47,1,41,0,0.0,58.0,0.0,4,0,84.31164285714284
ENSG00000196169,KIF19,chr17,74326188,74355835,1,3,0,0.9233,50,1,46,1,0.0,46.0,0.0,1,0,83.21659032258064
ENSG00000204347,BTBD17,chr17,74356416,74361868,-1,2,0,0.875,9,0,8,0,0.0,20.0,0.0,0,0,82.56979999999999
ENSG00000257008,GPR142,chr17,74367458,74372600,1,1,0,0.68,9,0,9,0,0.0,101.0,0.0,0,0,82.1455142857143
ENSG00000170412,GPRC5C,chr17,74424851,74451653,1,2,0,0.775,57,3,52,0,0.0,171.0,0.0,0,0,80.07570357142858
ENSG00000167851,CD300A,chr17,74466399,74484798,1,0,11921,,32,3,27,0,0.0,146.0,0.0,3,0,79.814945
ENSG00000178789,CD300LB,chr17,74519000,74531475,-1,0,64522,,17,1,16,0,0.0,37.0,0.0,0,0,80.50999999999999
ENSG00000167850,CD300C,chr17,74534362,74546133,-1,0,79884,,10,1,6,1,0.0,72.0,0.0,0,0,80.87532307692308
ENSG00000284690,CD300H,chr17,74560701,74567343,-1,0,103713,,6,0,4,0,0.0,4.0,0.0,0,0,81.51872857142857
ENSG00000204345,CD300LD,chr17,74579365,74592283,-1,0,78773,,13,2,7,0,0.0,41.0,0.0,0,0,82.07790714285714
ENSG00000186407,CD300E,chr17,74609878,74623738,-1,0,47318,,10,1,7,0,0.0,59.0,0.0,0,0,82.67996
ENSG00000172794,RAB37,chr17,74670578,74747337,1,2,0,0.86,112,8,87,3,0.0,91.0,0.0,5,0,80.96840909090908
ENSG00000186074,CD300LF,chr17,74694308,74712981,-1,0,22737,,17,2,9,1,0.0,143.0,0.0,0,0,81.38081
ENSG00000109062,NHERF1,chr17,74748619,74769360,1,1,0,0.84,55,2,53,0,0.0,248.0,0.0,2,0,77.9714238095238
ENSG00000109065,NAT9,chr17,74770522,74776384,-1,1,0,0.91,12,2,10,0,0.0,28.0,0.0,1,0,76.90905
ENSG00000109066,TMEM104,chr17,74776477,74839753,1,2,0,0.825,115,1,113,1,0.0,64.0,0.0,3,0,74.51262615384617
ENSG00000161509,GRIN2C,chr17,74842022,74861767,-1,3,0,0.9067,38,2,29,1,0.0,203.0,0.0,0,0,72.06470476190476
ENSG00000161513,FDXR,chr17,74862494,74873039,-1,1,0,0.83,28,3,25,0,0.0,225.0,0.0,1,0,71.52624999999999
ENSG00000172782,FADS6,chr17,74877295,74893781,-1,1,0,0.83,30,1,13,6,0.0,24.0,0.0,0,0,71.14723333333333
ENSG00000182040,USH1G,chr17,74916083,74923256,-1,2,0,0.75,18,2,13,0,0.0,74.0,0.0,0,0,71.07055
ENSG00000183034,OTOP2,chr17,74922950,74933912,1,1,0,0.72,20,4,8,2,0.0,39.0,0.0,0,0,71.17694166666666
ENSG00000182938,OTOP3,chr17,74935883,74949992,1,1,0,0.78,22,1,17,0,0.0,61.0,0.0,0,0,71.42784000000002
ENSG00000167861,HID1,chr17,74950741,74973166,-1,1,0,0.92,50,2,41,4,0.0,45.0,0.0,0,0,71.87423043478262
ENSG00000109089,CDR2L,chr17,74987583,75005800,1,2,0,0.82,29,1,28,0,0.0,39.0,0.0,0,0,72.896625
ENSG00000167862,MRPL58,chr17,75012664,75021266,1,1,0,0.8,11,1,10,0,0.0,79.0,0.0,1,0,73.50330000000001
ENSG00000180901,KCTD2,chr17,75032575,75065889,1,2,0,0.89,58,4,51,0,0.0,69.0,0.0,3,0,74.37534117647058
ENSG00000167863,ATP5PD,chr17,75038855,75047718,-1,1,0,0.82,11,1,10,0,0.0,43.0,0.0,2,0,74.23588
ENSG00000170190,SLC16A5,chr17,75077226,75106162,1,2,0,0.805,60,4,53,0,0.0,59.0,0.0,2,0,75.20326666666666
ENSG00000125449,ARMC7,chr17,75109952,75130272,1,2,0,0.745,34,2,31,0,0.0,12.0,0.0,3,0,75.51376666666665
ENSG00000125458,NT5C,chr17,75130225,75131776,-1,1,0,0.87,5,4,1,0,0.0,100.0,0.0,1,0,75.56983333333334
ENSG00000189159,JPT1,chr17,75135248,75168281,-1,1,0,0.83,61,5,53,1,0.0,110.0,0.0,1,0,75.54293235294118
ENSG00000188612,SUMO2,chr17,75165586,75182991,-1,1,0,0.95,29,2,23,0,0.0,169.0,0.0,1,0,75.37168333333332
ENSG00000125450,NUP85,chr17,75205659,75235758,1,1,0,0.86,27,1,21,0,0.0,82.0,0.0,1,0,74.36235806451613
ENSG00000125447,GGA3,chr17,75236595,75262363,-1,1,0,0.84,46,3,41,0,0.0,70.0,0.0,4,0,73.3477076923077
ENSG00000125445,MRPS7,chr17,75261670,75270708,1,2,0,0.8,18,6,11,0,0.0,178.0,0.0,2,0,72.62486000000001
ENSG00000125457,MIF4GD,chr17,75266228,75271237,-1,1,0,0.76,13,4,8,0,0.0,15.0,0.0,1,0,72.53451666666666
ENSG00000125454,SLC25A19,chr17,75272012,75289968,-1,1,0,0.92,25,1,18,1,0.0,91.0,0.0,2,0,71.94220526315792
ENSG00000177885,GRB2,chr17,75318076,75405709,-1,1,0,0.95,135,7,119,0,0.0,324.0,0.0,10,0,67.81705505617978
ENSG00000177728,TMEM94,chr17,75441159,75500452,1,0,1566,,103,4,96,0,0.0,81.0,0.0,2,0,63.53692999999999
ENSG00000177303,CASKIN2,chr17,75500261,75515621,-1,3,0,0.7,41,3,37,0,0.0,22.0,0.0,0,0,62.700952941176475
ENSG00000182173,TSEN54,chr17,75515944,75524736,1,2,0,0.785,19,3,14,0,0.0,80.0,0.0,4,0,62.50175
ENSG00000073350,LLGL2,chr17,75525080,75575215,1,4,0,0.8125,101,2,92,1,0.0,83.0,0.0,3,0,62.16441764705883
ENSG00000266714,MYO15B,chr17,75587800,75626849,1,1,0,0.81,80,3,70,3,0.0,36.0,0.0,1,0,61.8530775
ENSG00000108469,RECQL5,chr17,75626845,75667190,-1,2,0,0.79,76,4,69,0,0.0,77.0,0.0,1,0,61.975304878048775
ENSG00000204323,SMIM5,chr17,75628368,75642570,1,1,0,0.67,38,2,36,0,0.0,38.0,0.0,0,0,61.89048124999999
ENSG00000259120,ERLN,chr17,75646243,75647975,1,0,14499,,6,1,4,0,0.0,40.0,0.0,0,0,61.957966666666664
ENSG00000161526,SAP30BP,chr17,75667230,75708062,1,1,0,0.91,82,3,74,0,0.0,114.0,0.0,1,0,62.490261904761915
ENSG00000132470,ITGB4,chr17,75721190,75757821,1,4,0,0.76,74,3,65,3,0.0,331.0,0.0,0,0,63.76407894736842
ENSG00000108479,GALK1,chr17,75751470,75765251,-1,2,0,0.8,36,1,33,0,0.0,120.0,0.0,1,0,64.36256
ENSG00000132475,H3-3B,chr17,75776434,75785893,-1,2,0,0.96,24,5,19,0,0.0,352.0,0.0,2,0,65.22527272727271
ENSG00000132478,UNK,chr17,75784806,75825799,1,1,0,0.92,65,3,55,3,0.0,64.0,0.0,3,0,66.30622857142856
ENSG00000092929,UNC13D,chr17,75827225,75845353,-1,0,9826,,46,2,44,0,0.0,386.0,0.0,4,0,67.84812105263157
ENSG00000132471,WBP2,chr17,75845699,75856507,-1,1,0,0.82,28,2,25,0,0.0,188.0,0.0,2,0,68.74314166666666
ENSG00000132481,TRIM47,chr17,75874164,75878581,-1,2,0,0.835,13,2,10,0,0.0,117.0,0.0,1,0,70.33076666666666
ENSG00000141569,TRIM65,chr17,75880335,75897014,-1,2,0,0.85,32,1,27,1,0.0,98.0,0.0,1,0,71.14532222222222
ENSG00000204316,MRPL38,chr17,75898643,75905093,-1,1,0,0.83,12,2,10,0,0.0,32.0,0.0,1,0,72.08261428571429
ENSG00000267426,,chr17,75898645,75930129,-1,2,0,0.75,56,3,51,0,0.0,1.0,0.0,1,0,72.962046875
ENSG00000188878,FBF1,chr17,75909574,75941140,-1,2,0,0.76,53,3,42,0,0.0,70.0,0.0,1,0,73.732190625
ENSG00000161533,ACOX1,chr17,75941507,75979459,-1,1,0,0.9,45,2,33,1,0.0,384.0,0.0,2,0,76.08637631578948
ENSG00000261408,TEN1-CDK3,chr17,75979231,76005999,1,1,0,0.9,55,4,47,0,0.0,0.0,0.0,1,0,78.03494285714285
ENSG00000257949,TEN1,chr17,75979235,76000587,1,1,0,0.9,41,2,35,0,0.0,36.0,0.0,1,0,77.89390434782608
ENSG00000250506,CDK3,chr17,76000644,76005999,1,0,1099,,15,2,13,0,0.0,72.0,0.0,0,0,78.65628333333332
ENSG00000167880,EVPL,chr17,76004502,76027438,-1,3,0,0.69,51,1,45,1,0.0,158.0,0.0,0,0,79.32293043478259
ENSG00000167881,SRP68,chr17,76038775,76072517,-1,1,0,0.93,40,2,34,2,0.0,44.0,0.0,2,0,81.31611714285715
ENSG00000186919,ZACN,chr17,76071961,76083666,1,2,0,0.85,33,3,28,0,0.0,154.0,0.0,1,0,82.33166923076922
ENSG00000182687,GALR2,chr17,76074781,76077537,1,1,0,0.77,9,1,8,0,0.0,129.0,0.0,0,0,82.2667
ENSG00000182473,EXOC7,chr17,76080995,76121576,-1,2,0,0.84,56,4,42,2,0.0,75.0,0.0,1,0,83.27418809523809
ENSG00000129654,FOXJ1,chr17,76136333,76141245,-1,2,0,0.685,16,4,12,0,0.0,262.0,0.0,0,0,84.40433333333334
ENSG00000141576,RNF157,chr17,76142465,76240532,-1,2,0,0.885,144,3,133,1,0.0,149.0,0.0,8,0,84.503012
ENSG00000185262,UBALD2,chr17,76265348,76271298,1,1,0,1.19,15,1,14,0,0.0,19.0,0.0,2,0,83.30737142857141
ENSG00000129646,QRICH2,chr17,76274049,76308276,-1,1,0,0.83,50,2,34,6,0.0,180.0,0.0,0,0,82.88610857142858
ENSG00000161542,PRPSAP1,chr17,76309478,76384521,-1,2,0,0.855,112,5,86,1,0.0,21.0,0.0,2,0,81.55954675324675
ENSG00000176170,SPHK1,chr17,76376584,76387860,1,1,0,0.86,31,3,26,0,0.0,541.0,0.0,1,0,80.21537500000001
ENSG00000175931,UBE2O,chr17,76389456,76453208,-1,1,0,1.11,131,3,123,0,0.0,93.0,0.0,1,0,77.60567999999999
ENSG00000129673,AANAT,chr17,76452749,76470122,1,1,0,1.11,33,3,22,3,0.0,142.0,0.0,1,0,74.32458888888888
ENSG00000129667,RHBDF2,chr17,76470891,76501790,-1,2,0,0.735,73,2,69,0,0.0,461.0,0.0,3,0,72.309878125
ENSG00000161544,CYGB,chr17,76527356,76551175,-1,1,0,0.91,67,5,60,0,0.0,735.0,0.0,1,0,69.25444
ENSG00000214140,PRCD,chr17,76527586,76553578,1,1,0,0.91,71,6,62,0,0.0,123.0,0.0,1,0,69.18648518518519
ENSG00000284526,,chr17,76563710,76569671,-1,0,5431,,15,0,15,0,0.0,14.0,0.0,0,0,68.54425714285713
ENSG00000070731,ST6GALNAC2,chr17,76565377,76586956,-1,1,0,0.84,47,2,44,0,0.0,142.0,0.0,0,0,68.47267391304348
ENSG00000070526,ST6GALNAC1,chr17,76624756,76643812,-1,0,27930,,36,1,28,3,0.0,124.0,0.0,1,0,68.8745
ENSG00000182534,MXRA7,chr17,76672551,76711004,-1,1,0,0.91,81,6,71,0,0.0,105.0,0.0,2,0,69.25259487179487
ENSG00000070495,JMJD6,chr17,76712832,76726784,-1,1,0,0.93,26,2,23,0,0.0,227.0,0.0,1,0,69.04588
ENSG00000181038,METTL23,chr17,76725981,76733936,1,1,0,0.93,24,3,21,0,0.0,54.0,0.0,1,0,68.90183333333333
ENSG00000267168,,chr17,76732978,76738522,1,1,0,1.02,16,8,8,0,0.0,0.0,0.0,1,0,68.80377142857142
ENSG00000161547,SRSF2,chr17,76734115,76737395,-1,1,0,1.02,10,5,5,0,8.0,365.0,1.0,1,0,68.812425
ENSG00000092931,MFSD11,chr17,76735865,76781449,1,1,0,1.02,52,7,41,0,0.0,619.0,0.0,3,0,68.40160217391305
ENSG00000167889,MGAT5B,chr17,76868404,76950393,1,4,0,0.7625,122,4,102,2,0.0,71.0,0.0,0,0,65.84336024096386
ENSG00000129657,SEC14L1,chr17,77088749,77217101,1,3,0,0.8533,209,6,198,0,0.0,74.0,0.0,6,0,55.15256046511628
ENSG00000184640,SEPTIN9,chr17,77280569,77500596,1,4,0,0.815,488,17,456,1,0.0,318.0,0.0,26,0,55.11202036199095
ENSG00000078687,TNRC6C,chr17,77958624,78108822,1,3,0,0.84,163,3,142,7,0.0,105.0,0.0,5,0,68.60725827814571
ENSG00000141524,TMC6,chr17,78107397,78132579,-1,2,0,0.68,70,5,64,0,0.0,104.0,0.0,4,0,69.02028888888887
ENSG00000167895,TMC8,chr17,78130770,78142968,1,2,0,0.695,38,2,36,0,0.0,120.0,0.0,3,0,69.0520846153846
ENSG00000187997,C17orf99,chr17,78146385,78166297,1,0,2017,,33,1,30,0,0.0,81.0,0.0,0,0,68.92807142857143
ENSG00000108639,SYNGR2,chr17,78168567,78173527,1,1,0,1.05,14,3,11,0,0.0,47.0,0.0,1,0,68.76
ENSG00000167900,TK1,chr17,78172780,78187233,-1,1,0,0.88,30,1,29,0,0.0,246.0,0.0,0,0,68.66043999999998
ENSG00000183077,AFMID,chr17,78187330,78207703,1,1,0,0.88,27,1,23,1,0.0,196.0,0.0,0,0,68.49801818181818
ENSG00000089685,BIRC5,chr17,78214186,78225636,1,1,0,0.81,16,1,15,0,0.0,915.0,0.0,0,0,68.44653846153845
ENSG00000204278,TMEM235,chr17,78231310,78240987,1,1,0,0.94,26,1,25,0,0.0,16.0,0.0,0,0,68.56696363636364
ENSG00000184557,SOCS3,chr17,78356778,78360930,-1,1,0,0.83,14,1,13,0,0.0,776.0,0.0,2,0,70.82755999999999
ENSG00000087157,PGS1,chr17,78378637,78425114,1,2,0,0.885,87,1,83,0,0.0,66.0,0.0,7,0,69.56485957446809
ENSG00000187775,DNAH17,chr17,78423697,78577396,-1,5,0,0.87,242,1,201,14,0.0,236.0,0.0,1,0,66.43076623376624
ENSG00000108669,CYTH1,chr17,78674048,78782298,-1,1,0,1.02,201,5,191,0,0.0,76.0,0.0,9,0,68.00010550458715
ENSG00000055483,USP36,chr17,78787381,78841441,-1,2,0,0.875,98,2,93,1,0.0,113.0,0.0,5,0,71.67499454545454
ENSG00000035862,TIMP2,chr17,78852977,78925387,-1,3,0,0.9,136,5,129,0,0.0,843.0,0.0,1,0,76.84429726027398
ENSG00000178404,CEP295NL,chr17,78890579,78903217,-1,1,0,0.94,27,2,25,0,0.0,17.0,0.0,1,0,77.44592307692307
ENSG00000108679,LGALS3BP,chr17,78971238,78979962,-1,0,10539,,22,1,21,0,0.0,300.0,0.0,0,0,81.48142
ENSG00000171302,CANT1,chr17,78991707,79009867,-1,4,0,0.935,44,2,41,0,0.0,423.0,0.0,2,0,81.59904210526317
ENSG00000173918,C1QTNF1,chr17,79022729,79049788,1,2,0,0.755,58,6,48,0,0.0,194.0,0.0,0,0,80.67155000000001
ENSG00000167280,ENGASE,chr17,79074824,79088599,1,0,8691,,34,1,27,3,0.0,53.0,0.0,1,0,78.43098666666667
ENSG00000167281,RBFOX3,chr17,79089345,79611258,-1,9,0,0.8733,831,6,642,38,0.0,371.0,0.0,0,0,80.34455296367113
ENSG00000182156,ENPP7,chr17,79728809,79742930,1,2,0,0.855,31,1,23,0,0.0,94.0,0.0,0,0,83.99530666666666
ENSG00000173894,CBX2,chr17,79778148,79787983,1,2,0,0.905,28,1,23,1,0.0,184.0,0.0,0,0,84.38642727272726
ENSG00000141570,CBX8,chr17,79792132,79801683,-1,3,0,0.79,26,2,24,0,0.0,105.0,0.0,1,0,84.37825454545454
ENSG00000141582,CBX4,chr17,79833156,79839469,-1,2,0,0.765,19,1,18,0,0.0,202.0,0.0,1,0,84.05377142857142
ENSG00000167291,TBC1D16,chr17,79932343,80035877,-1,11,0,0.7745,211,7,188,6,0.0,73.0,0.0,2,0,83.08496792452829
ENSG00000141519,CCDC40,chr17,80036632,80100613,1,4,0,1.0125,85,2,61,4,0.0,153.0,0.0,1,0,83.22711076923078
ENSG00000171298,GAA,chr17,80101533,80119881,1,4,0,0.83,42,2,38,0,0.0,771.0,0.0,1,0,83.22251578947369
ENSG00000141543,EIF4A3,chr17,80134369,80147151,-1,1,0,1.11,30,1,21,2,0.0,152.0,0.0,1,0,83.27578571428572
ENSG00000141527,CARD14,chr17,80169992,80216073,1,6,0,0.7183,75,2,53,4,0.0,601.0,0.0,0,0,83.50114255319149
ENSG00000181523,SGSH,chr17,80206716,80220923,-1,4,0,0.7625,31,1,22,1,0.0,111.0,0.0,1,0,83.61186666666667
ENSG00000181045,SLC26A11,chr17,80219699,80253509,1,1,0,0.9,48,1,41,2,0.0,56.0,0.0,2,0,83.74201428571429
ENSG00000173821,RNF213,chr17,80260852,80398794,1,3,0,0.93,189,1,173,1,1.0,447.0,1.0,5,0,84.35897122302157
ENSG00000173818,ENDOV,chr17,80415158,80438086,1,1,0,0.93,50,3,44,1,0.0,45.0,0.0,1,0,84.37903333333334
ENSG00000171246,NPTX1,chr17,80466834,80477843,-1,3,0,0.86,24,2,22,0,0.0,210.0,0.0,0,0,82.91543333333333
ENSG00000141564,RPTOR,chr17,80544819,80966371,1,22,0,0.8159,736,8,694,3,0.0,431.0,0.0,19,0,71.1447163507109
ENSG00000289764,,chr17,80545075,80545134,1,1,0,0.72,1,1,0,0,0.0,14.0,0.0,1,0,78.4222
ENSG00000176108,CHMP6,chr17,80991598,81009517,1,3,0,0.8967,42,1,36,0,0.0,54.0,0.0,1,0,68.02701052631579
ENSG00000175866,BAIAP2,chr17,81035122,81117434,1,9,0,0.8089,173,3,170,0,0.0,168.0,0.0,0,0,66.46622409638556
ENSG00000181409,AATK,chr17,81110487,81166223,-1,8,0,0.7812,117,7,109,0,0.0,98.0,0.0,0,0,64.17707192982456
ENSG00000225180,PVALEF,chr17,81165507,81183166,1,1,0,1.0,37,2,27,2,0.0,16.0,0.0,0,0,63.62536
ENSG00000141577,CEP131,chr17,81189592,81223014,-1,4,0,0.9275,64,2,54,2,0.0,223.0,0.0,1,0,
ENSG00000167302,TEPSIN,chr17,81228277,81239091,-1,1,0,0.92,28,2,26,0,0.0,30.0,0.0,1,0,
ENSG00000224877,NDUFAF8,chr17,81239305,81241310,1,1,0,0.92,8,1,7,0,0.0,23.0,0.0,1,0,
ENSG00000157637,SLC38A10,chr17,81244811,81295567,-1,6,0,0.7483,107,2,97,0,0.0,86.0,0.0,3,0,
ENSG00000266074,BAHCC1,chr17,81395457,81466331,1,12,0,0.7775,165,8,152,0,0.0,111.0,0.0,0,0,
ENSG00000184009,ACTG1,chr17,81509413,81523847,-1,2,0,0.775,36,5,31,0,0.0,430.0,0.0,2,0,
ENSG00000186765,FSCN2,chr17,81528377,81537130,1,2,0,0.85,19,2,14,0,0.0,161.0,0.0,0,0,
ENSG00000185504,FAAP100,chr17,81539885,81553961,-1,1,0,0.89,37,4,33,0,0.0,247.0,0.0,1,0,
ENSG00000182446,NPLOC4,chr17,81556887,81648465,-1,2,0,0.94,128,3,114,0,0.0,104.0,0.0,2,0,
ENSG00000182612,TSPAN10,chr17,81637171,81648754,1,2,0,0.94,23,1,16,0,0.0,56.0,0.0,1,0,
ENSG00000185527,PDE6G,chr17,81650459,81663112,-1,0,1930,,18,4,14,0,0.0,136.0,0.0,1,0,
ENSG00000204237,OXLD1,chr17,81665036,81666635,-1,1,0,0.88,6,1,5,0,0.0,13.0,0.0,1,0,
ENSG00000185298,CCDC137,chr17,81666737,81673904,1,1,0,0.88,15,2,12,0,0.0,41.0,0.0,1,0,
ENSG00000214087,ARL16,chr17,81681165,81683797,-1,1,0,0.96,5,2,3,0,0.0,22.0,0.0,1,0,
ENSG00000185359,HGS,chr17,81683326,81703138,1,4,0,0.855,47,4,42,0,0.0,213.0,0.0,2,0,
ENSG00000262814,MRPL12,chr17,81703367,81707517,1,2,0,0.78,11,1,10,0,0.0,53.0,0.0,1,0,
ENSG00000262660,,chr17,81703371,81720539,1,4,0,0.8225,44,2,37,0,0.0,0.0,0.0,2,0,
ENSG00000183048,SLC25A10,chr17,81711951,81721969,1,2,0,0.865,28,1,24,0,0.0,72.0,0.0,1,0,
ENSG00000215644,GCGR,chr17,81803105,81814023,1,3,0,0.73,28,1,23,1,0.0,316.0,0.0,0,0,
ENSG00000225663,MCRIP1,chr17,81821790,81833302,-1,2,0,0.73,21,4,16,0,0.0,46.0,0.0,2,0,
ENSG00000182676,PPP1R27,chr17,81833488,81835050,-1,1,0,0.85,6,3,3,0,0.0,10.0,0.0,1,0,
ENSG00000185624,P4HB,chr17,81843159,81860856,-1,2,0,0.825,46,3,42,0,0.0,530.0,0.0,1,0,
ENSG00000141522,ARHGDIA,chr17,81867719,81871378,-1,2,0,0.78,13,6,7,0,0.0,202.0,0.0,2,0,
ENSG00000183684,ALYREF,chr17,81887835,81891586,-1,2,0,0.935,12,2,10,0,0.0,146.0,0.0,1,0,
ENSG00000141552,ANAPC11,chr17,81890669,81900991,1,1,0,1.04,20,6,13,0,0.0,41.0,0.0,2,0,
ENSG00000183979,NPB,chr17,81900745,81902905,1,1,0,0.83,6,2,4,0,0.0,63.0,0.0,0,0,
ENSG00000185813,PCYT2,chr17,81900958,81911461,-1,2,0,0.865,28,3,20,0,0.0,640.0,0.0,1,0,
ENSG00000187531,SIRT7,chr17,81911939,81921323,-1,1,0,1.15,22,1,21,0,0.0,332.0,0.0,1,0,
ENSG00000197063,MAFG,chr17,81918270,81927735,-1,2,0,1.01,25,4,21,0,0.0,123.0,0.0,2,0,
ENSG00000183010,PYCR1,chr17,81932378,81942412,-1,3,0,0.7667,24,4,20,0,0.0,199.0,0.0,0,0,
ENSG00000185105,MYADML2,chr17,81939645,81947233,-1,1,0,0.75,12,1,11,0,0.0,19.0,0.0,0,0,
ENSG00000185269,NOTUM,chr17,81952507,81963328,-1,4,0,0.78,28,2,26,0,0.0,257.0,0.0,0,0,
ENSG00000169696,ASPSCR1,chr17,81976807,82017406,1,7,0,0.7586,99,1,89,0,0.0,217.0,0.0,1,0,
ENSG00000169689,CENPX,chr17,82018590,82024107,-1,2,0,0.75,17,1,16,0,0.0,71.0,0.0,2,0,
ENSG00000169683,LRRC45,chr17,82023294,82031153,1,3,0,0.79,20,0,20,0,0.0,30.0,0.0,2,0,
ENSG00000169750,RAC3,chr17,82031637,82034204,1,1,0,0.87,6,1,5,0,0.0,127.0,0.0,0,0,
ENSG00000169738,DCXR,chr17,82035136,82037776,-1,1,0,0.82,6,1,5,0,0.0,119.0,0.0,1,0,
ENSG00000169733,RFNG,chr17,82047902,82051831,-1,1,0,0.84,11,2,9,0,0.0,170.0,0.0,0,0,
ENSG00000169727,GPS1,chr17,82050691,82058057,1,2,0,0.755,20,3,17,0,0.0,77.0,0.0,1,0,
ENSG00000169718,DUS1L,chr17,82057506,82066206,-1,1,0,0.89,27,2,25,0,0.0,29.0,0.0,2,0,
ENSG00000169710,FASN,chr17,82078338,82098294,-1,9,0,0.76,62,1,60,0,0.0,573.0,0.0,1,0,
ENSG00000176155,CCDC57,chr17,82101459,82212878,-1,2,0,0.86,173,2,147,4,0.0,102.0,0.0,6,0,
ENSG00000141526,SLC16A3,chr17,82217878,82261129,1,9,0,0.7789,113,10,99,0,0.0,362.0,0.0,5,0,
ENSG00000141551,CSNK1D,chr17,82239023,82273700,-1,6,0,0.8183,87,5,79,0,0.0,122.0,0.0,2,0,
ENSG00000173762,CD7,chr17,82313564,82317608,-1,0,723,,13,1,12,0,0.0,405.0,0.0,1,0,
ENSG00000141574,SECTM1,chr17,82321024,82335518,-1,2,0,0.825,40,1,39,0,0.0,125.0,0.0,2,0,
ENSG00000182459,TEX19,chr17,82359247,82363775,1,0,7415,,7,2,5,0,0.0,157.0,0.0,0,0,
ENSG00000181408,UTS2R,chr17,82368266,82377709,1,2,0,0.81,21,1,17,0,0.0,91.0,0.0,0,0,
ENSG00000181396,OGFOD3,chr17,82389210,82418637,-1,5,0,0.81,54,3,45,1,0.0,43.0,0.0,1,0,
ENSG00000169660,HEXD,chr17,82418318,82442645,1,3,0,0.7733,41,4,33,1,0.0,47.0,0.0,2,0,
ENSG00000178927,CYBC1,chr17,82440912,82450829,-1,3,0,0.8167,24,2,22,0,0.0,43.0,0.0,1,0,
ENSG00000141562,NARF,chr17,82458180,82490537,1,1,0,0.97,49,3,42,1,0.0,51.0,0.0,1,0,
ENSG00000141568,FOXK2,chr17,82519689,82644662,1,9,0,0.8656,193,4,175,1,0.0,235.0,0.0,4,0,
ENSG00000141580,WDR45B,chr17,82614562,82648553,-1,1,0,0.9,34,1,28,1,0.0,55.0,0.0,1,0,
ENSG00000141542,RAB40B,chr17,82654973,82698698,-1,3,0,0.7267,79,2,69,0,0.0,441.0,0.0,0,0,
ENSG00000141560,FN3KRP,chr17,82716706,82730328,1,2,0,0.765,19,1,8,2,0.0,32.0,0.0,1,0,
ENSG00000167363,FN3K,chr17,82735603,82751197,1,3,0,0.9267,25,1,20,0,0.0,62.0,0.0,1,0,
ENSG00000141556,TBCD,chr17,82751855,82945918,1,20,0,0.827,361,7,314,4,0.0,92.0,0.0,7,0,
ENSG00000141579,ZNF750,chr17,82829434,82840022,-1,1,0,0.96,17,3,14,0,0.0,98.0,0.0,0,0,
ENSG00000175711,B3GNTL1,chr17,82942149,83051829,-1,11,0,0.8927,170,3,107,10,0.0,236.0,0.0,2,0,
ENSG00000176845,METRNL,chr17,83079609,83095122,1,5,0,0.8,39,3,36,0,0.0,229.0,0.0,0,0,
