gene_id,gene_name,chrom,start,end,strand,cpg_island_count,cpg_nearest_dist,cpg_mean_obs_exp,encode_ccre_count,encode_promoter_count,encode_enhancer_count,encode_ctcf_count,ot_cancer_hallmark_count,ot_disease_count,ot_is_cancer_driver,tcell_h3k27ac_count,tcell_atac_count,replication_timing
ENSG00000184731,FAM110C,chr2,38814,46870,-1,1,0,0.93,11,2,9,0,0.0,46.0,0.0,1,0,27.350333333333335
ENSG00000035115,SH3YL1,chr2,217730,266398,-1,1,0,0.87,56,4,42,1,0.0,127.0,0.0,1,0,26.389175510204076
ENSG00000143727,ACP1,chr2,264140,279100,1,1,0,0.87,19,2,15,1,0.0,373.0,0.0,1,0,26.635975000000002
ENSG00000189292,ALKAL2,chr2,278286,289623,-1,1,0,1.07,21,5,15,0,0.0,160.0,0.0,0,0,26.73483076923077
ENSG00000151353,TMEM18,chr2,663877,677470,-1,1,0,0.93,28,4,23,0,0.0,109.0,0.0,1,0,30.165064285714283
ENSG00000172554,SNTG2,chr2,950849,1367613,1,5,0,0.816,298,2,180,25,0.0,62.0,0.0,2,0,21.544328947368424
ENSG00000115705,TPO,chr2,1373933,1543711,1,4,0,0.76,160,2,130,4,0.0,972.0,0.0,3,0,22.872459064327483
ENSG00000130508,PXDN,chr2,1631887,1744852,-1,3,0,0.92,192,1,189,0,0.0,603.0,0.0,0,0,30.042800877192985
ENSG00000186487,MYT1L,chr2,1789113,2331664,-1,7,0,0.9357,541,9,407,36,0.0,175.0,0.0,0,0,28.37000625
ENSG00000032389,EIPR1,chr2,3188925,3377852,-1,7,0,0.8271,251,1,217,5,0.0,107.0,0.0,2,0,64.06581789473684
ENSG00000171853,TRAPPC12,chr2,3379674,3485094,1,4,0,0.9,145,2,129,0,0.0,68.0,0.0,3,0,72.14362075471698
ENSG00000182551,ADI1,chr2,3497366,3519559,-1,2,0,0.785,20,2,12,2,0.0,125.0,0.0,1,0,76.09429583333333
ENSG00000286905,,chr2,3532008,3558333,-1,1,0,0.89,28,3,23,0,0.0,0.0,0.0,1,0,76.89354074074073
ENSG00000171865,RNASEH1,chr2,3541430,3558371,-1,1,0,0.89,13,1,11,0,0.0,105.0,0.0,1,0,76.9551388888889
ENSG00000171863,RPS7,chr2,3575198,3580952,1,1,0,0.9,14,1,13,0,0.0,165.0,0.0,1,0,77.16799999999999
ENSG00000118004,COLEC11,chr2,3592791,3644649,1,5,0,0.836,86,5,68,0,0.0,151.0,0.0,0,0,77.11047358490566
ENSG00000151360,ALLC,chr2,3658200,3702671,1,0,567,,40,1,26,5,0.0,142.0,0.0,0,0,76.03893260869565
ENSG00000214866,DCDC2C,chr2,3703575,3848008,1,2,0,0.865,123,2,63,17,0.0,43.0,0.0,0,0,70.60280344827586
ENSG00000176887,SOX11,chr2,5692384,5701385,1,2,0,0.925,23,3,20,0,0.0,807.0,0.0,0,0,22.04191
ENSG00000134326,CMPK2,chr2,6840570,6866635,-1,1,0,0.94,31,3,23,0,0.0,213.0,0.0,1,0,60.715022222222224
ENSG00000134321,RSAD2,chr2,6865557,6898239,1,1,0,0.94,40,4,34,0,0.0,314.0,0.0,3,0,62.89034545454545
ENSG00000151692,RNF144A,chr2,6917386,7068286,1,2,0,0.9,245,2,238,0,0.0,127.0,0.0,4,0,66.66885394736842
ENSG00000115738,ID2,chr2,8678845,8684461,1,2,0,0.95,16,2,14,0,0.0,373.0,0.0,3,0,59.60951666666667
ENSG00000134313,KIDINS220,chr2,8721081,8837630,-1,1,0,0.97,92,1,66,1,0.0,176.0,0.0,1,0,63.75228305084745
ENSG00000143797,MBOAT2,chr2,8852690,9003747,-1,1,0,0.95,143,1,105,12,0.0,142.0,0.0,0,0,65.9095217105263
ENSG00000151693,ASAP2,chr2,9206758,9405683,1,4,0,0.9125,306,1,277,4,0.0,327.0,0.0,0,0,71.038527
ENSG00000119185,ITGB1BP1,chr2,9403475,9423891,-1,1,0,0.91,34,3,30,0,0.0,156.0,0.0,1,0,70.1434590909091
ENSG00000119203,CPSF3,chr2,9423631,9473110,1,1,0,0.91,47,2,38,2,0.0,78.0,0.0,1,0,69.815724
ENSG00000134330,IAH1,chr2,9473658,9496543,1,1,0,0.88,27,2,24,0,0.0,95.0,0.0,1,0,69.74715833333333
ENSG00000151694,ADAM17,chr2,9488486,9556732,-1,1,0,0.83,71,1,64,1,0.0,879.0,0.0,2,0,70.18902714285713
ENSG00000134308,YWHAQ,chr2,9583967,9639472,-1,1,0,0.95,66,4,56,0,0.0,457.0,0.0,5,0,72.49020178571429
ENSG00000115750,TAF1B,chr2,9843443,9934416,1,1,0,1.06,74,1,59,5,0.0,89.0,0.0,1,0,73.03530217391304
ENSG00000134317,GRHL1,chr2,9951693,10002277,1,1,0,1.13,75,3,71,0,0.0,270.0,0.0,0,0,71.48408269230771
ENSG00000172059,KLF11,chr2,10042849,10054836,1,1,0,1.05,23,3,19,1,0.0,171.0,0.0,2,0,72.23363846153846
ENSG00000205795,CYS1,chr2,10056473,10080944,-1,1,0,0.85,34,1,28,2,0.0,265.0,0.0,0,0,72.60098076923076
ENSG00000171848,RRM2,chr2,10120698,10211725,1,2,0,0.96,143,6,120,5,0.0,421.0,0.0,1,0,73.37958260869564
ENSG00000115756,HPCAL1,chr2,10301356,10427835,1,3,0,0.8267,252,7,238,1,0.0,82.0,0.0,6,0,76.04169296875
ENSG00000115758,ODC1,chr2,10439968,10450116,-1,1,0,1.03,24,5,19,0,0.0,447.0,0.0,2,0,76.82954545454545
ENSG00000115761,NOL10,chr2,10562295,10690415,-1,1,0,0.82,114,1,103,4,0.0,47.0,0.0,1,0,71.14601162790699
ENSG00000143882,ATP6V1C2,chr2,10721100,10785110,1,1,0,0.9,96,2,86,1,0.0,60.0,0.0,0,0,68.34602307692307
ENSG00000143870,PDIA6,chr2,10783378,10837977,-1,1,0,0.93,74,4,54,6,0.0,380.0,0.0,2,0,67.29208928571428
ENSG00000162975,KCNF1,chr2,10911096,10914225,1,2,0,0.835,9,2,7,0,0.0,117.0,0.0,0,0,63.589275
ENSG00000150873,CIMIP5,chr2,11133009,11154576,1,0,878,,23,2,14,3,0.0,8.0,0.0,2,0,56.37718260869565
ENSG00000162976,SLC66A3,chr2,11155198,11178870,1,1,0,0.88,34,3,25,0,0.0,30.0,0.0,2,0,57.27250800000001
ENSG00000134318,ROCK2,chr2,11179759,11348330,-1,1,0,0.92,150,2,98,3,0.0,453.0,0.0,2,0,61.98895029585799
ENSG00000169016,E2F6,chr2,11444375,11466177,-1,1,0,0.98,18,1,14,1,0.0,203.0,0.0,1,0,65.73987826086956
ENSG00000196208,GREB1,chr2,11482341,11642789,1,5,0,0.782,239,7,207,5,0.0,119.0,0.0,0,0,65.1957475308642
ENSG00000169006,NTSR2,chr2,11658178,11670195,-1,1,0,0.9,19,0,7,5,0.0,89.0,0.0,0,0,64.28760769230769
ENSG00000134324,LPIN1,chr2,11677544,11827409,1,2,0,0.93,219,5,166,9,0.0,448.0,0.0,9,0,64.22860466666667
ENSG00000071575,TRIB2,chr2,12716910,12742734,1,1,0,1.01,47,3,44,0,0.0,224.0,0.0,4,0,57.021844444444426
ENSG00000162981,LRATD1,chr2,14632700,14650814,1,1,0,0.74,23,1,18,2,0.0,61.0,0.0,0,0,27.914726315789476
ENSG00000151779,NBAS,chr2,15166913,15561340,-1,1,0,0.74,419,1,226,44,0.0,494.0,0.0,1,0,58.18385848101266
ENSG00000079785,DDX1,chr2,15591178,15634346,1,1,0,0.84,61,2,37,9,0.0,130.0,0.0,2,0,68.8080340909091
ENSG00000134323,MYCN,chr2,15938396,15947022,1,1,0,0.77,21,3,18,0,8.0,594.0,1.0,0,0,61.05309
ENSG00000197872,CYRIA,chr2,16549459,16666331,-1,0,40905,,145,2,133,3,0.0,121.0,0.0,0,0,33.723263559322035
ENSG00000214842,RAD51AP2,chr2,17510579,17518440,-1,0,20448,,5,1,4,0,0.0,144.0,0.0,0,0,34.403925
ENSG00000163032,VSNL1,chr2,17539020,17657018,1,2,0,0.97,136,4,112,5,0.0,174.0,0.0,0,0,39.691758823529405
ENSG00000163029,SMC6,chr2,17663583,17800242,-1,1,0,0.94,97,2,66,7,0.0,91.0,0.0,2,0,41.6283408759124
ENSG00000178295,GEN1,chr2,17753278,17788946,1,1,0,0.94,34,2,26,0,0.0,141.0,0.0,1,0,41.28627837837837
ENSG00000151379,MSGN1,chr2,17816460,17817798,1,0,59973,,2,0,2,0,0.0,24.0,0.0,0,0,40.69223333333333
ENSG00000170745,KCNS3,chr2,17877847,18361616,1,2,0,0.89,334,2,207,32,0.0,99.0,0.0,0,0,34.21564783505155
ENSG00000240857,RDH14,chr2,18554723,18560679,-1,1,0,0.96,8,1,6,0,0.0,50.0,0.0,1,0,24.18765714285714
ENSG00000250741,NT5C1B-RDH14,chr2,18555545,18589564,-1,2,0,0.9,26,2,12,0,0.0,34.0,0.0,1,0,24.23315142857143
ENSG00000185013,NT5C1B,chr2,18562871,18589572,-1,1,0,0.84,17,1,5,0,0.0,88.0,0.0,0,0,24.243989285714285
ENSG00000143867,OSR1,chr2,19351485,19359486,-1,3,0,0.86,25,1,24,0,0.0,196.0,0.0,0,0,20.973255555555554
ENSG00000183891,TTC32,chr2,19896631,19902001,-1,1,0,0.99,12,1,11,0,0.0,42.0,0.0,1,0,43.3526
ENSG00000118965,WDR35,chr2,19910263,19990141,-1,1,0,0.98,52,1,35,4,0.0,156.0,0.0,1,0,45.214772839506175
ENSG00000132031,MATN3,chr2,19992052,20012669,-1,1,0,0.88,13,2,5,1,0.0,227.0,0.0,0,0,47.65909130434784
ENSG00000068697,LAPTM4A,chr2,20032649,20051693,-1,1,0,0.87,33,1,31,0,0.0,122.0,0.0,1,0,50.31529
ENSG00000115884,SDC1,chr2,20200796,20225433,-1,1,0,0.82,63,2,61,0,0.0,972.0,0.0,1,0,60.918684000000006
ENSG00000055917,PUM2,chr2,20248691,20352234,-1,1,0,1.02,88,2,74,0,0.0,123.0,0.0,2,0,60.96732884615384
ENSG00000143878,RHOB,chr2,20447074,20449440,1,1,0,0.91,8,1,7,0,0.0,268.0,0.0,1,0,59.89676666666667
ENSG00000118960,HS1BP3,chr2,20560448,20651152,-1,1,0,1.06,207,2,192,0,0.0,72.0,0.0,2,0,62.31476304347827
ENSG00000143869,GDF7,chr2,20667144,20679243,1,2,0,0.92,34,2,32,0,0.0,183.0,0.0,0,0,64.16222307692308
ENSG00000118961,LDAH,chr2,20684014,20823130,-1,1,0,0.75,86,1,53,8,0.0,137.0,0.0,1,0,65.71212857142858
ENSG00000084674,APOB,chr2,21001429,21044073,-1,1,0,1.36,90,2,23,7,0.0,1039.0,0.0,0,0,52.98772954545454
ENSG00000218819,TDRD15,chr2,21123968,21144368,1,0,79879,,12,0,1,5,0.0,45.0,0.0,0,0,46.34917619047619
ENSG00000119771,KLHL29,chr2,23385179,23708611,1,6,0,0.755,525,5,456,16,0.0,182.0,0.0,1,0,41.87963846153846
ENSG00000119778,ATAD2B,chr2,23748664,23927164,-1,1,0,0.95,135,2,100,7,0.0,52.0,0.0,2,0,60.71770167597766
ENSG00000173960,UBXN2A,chr2,23926788,24004909,1,2,0,1.02,49,3,31,2,0.0,64.0,0.0,2,0,68.8280329113924
ENSG00000205639,MFSD2B,chr2,24010081,24063321,1,2,0,0.795,66,5,48,3,0.0,229.0,0.0,1,0,71.15498518518518
ENSG00000163026,WDCP,chr2,24029347,24049575,-1,0,255,,17,3,10,0,0.0,96.0,0.0,1,0,71.24989090909092
ENSG00000119782,FKBP1B,chr2,24049701,24063681,1,1,0,0.77,18,2,9,3,0.0,312.0,0.0,0,0,71.68207333333334
ENSG00000115128,SF3B6,chr2,24067579,24076464,-1,1,0,0.73,5,0,5,0,0.0,269.0,0.0,1,0,72.01830000000001
ENSG00000219626,FAM228B,chr2,24076526,24169642,1,3,0,0.8633,81,9,43,7,0.0,28.0,0.0,3,0,73.0220755319149
ENSG00000115129,TP53I3,chr2,24077433,24085861,-1,1,0,0.85,15,4,11,0,0.0,86.0,0.0,2,0,72.21904
ENSG00000176732,PFN4,chr2,24114637,24123734,-1,1,0,1.01,12,2,10,0,0.0,169.0,0.0,1,0,72.96706
ENSG00000276087,,chr2,24124366,24190436,1,2,0,0.91,48,3,15,5,0.0,1.0,0.0,1,0,73.62254477611941
ENSG00000186453,FAM228A,chr2,24175051,24200849,1,2,0,0.91,19,1,12,0,0.0,17.0,0.0,0,0,74.12742592592593
ENSG00000198399,ITSN2,chr2,24202864,24360807,-1,1,0,0.89,132,5,106,7,0.0,133.0,0.0,1,0,74.19467861635219
ENSG00000084676,NCOA1,chr2,24490992,24770702,1,1,0,1.14,250,3,186,10,0.0,399.0,0.0,2,0,72.417643772242
ENSG00000184924,PTRHD1,chr2,24789728,24793391,-1,1,0,0.84,8,2,6,0,0.0,39.0,0.0,1,0,70.38155
ENSG00000138092,CENPO,chr2,24793111,24822376,1,1,0,0.84,38,3,24,0,0.0,97.0,0.0,2,0,70.44870333333333
ENSG00000138031,ADCY3,chr2,24819169,24920299,-1,1,0,1.17,156,3,129,3,0.0,264.0,0.0,2,0,71.03348235294118
ENSG00000115137,DNAJC27,chr2,24943636,24972094,-1,1,0,0.85,29,2,20,2,0.0,96.0,0.0,1,0,71.12212413793104
ENSG00000084710,EFR3B,chr2,25042048,25159135,1,2,0,0.87,112,3,79,8,0.0,55.0,0.0,0,0,70.74658050847458
ENSG00000115138,POMC,chr2,25160853,25168903,-1,2,0,0.87,12,3,8,0,0.0,1732.0,0.0,1,0,70.63654444444444
ENSG00000119772,DNMT3A,chr2,25227855,25342590,-1,4,0,0.795,221,6,212,0,6.0,882.0,1.0,12,0,65.92234310344827
ENSG00000138101,DTNB,chr2,25377028,25673717,-1,1,0,1.11,318,2,274,11,0.0,60.0,0.0,3,0,58.06567382550336
ENSG00000143970,ASXL2,chr2,25733753,25878487,-1,1,0,0.91,118,2,101,6,0.0,269.0,0.0,3,0,57.68924620689655
ENSG00000084731,KIF3C,chr2,25926589,25982761,-1,1,0,0.76,57,1,50,0,0.0,66.0,0.0,1,0,67.39639473684211
ENSG00000084733,RAB10,chr2,26033481,26138436,1,1,0,0.96,111,1,98,2,0.0,153.0,0.0,4,0,73.30146509433962
ENSG00000157833,GAREM2,chr2,26173088,26189663,1,3,0,0.9733,36,1,32,0,0.0,31.0,0.0,2,0,74.53147777777777
ENSG00000084754,HADHA,chr2,26190635,26245044,-1,1,0,0.73,49,1,42,2,0.0,501.0,0.0,1,0,74.06855454545456
ENSG00000138029,HADHB,chr2,26243170,26290467,1,2,0,0.81,45,1,43,1,0.0,348.0,0.0,1,0,73.15015208333334
ENSG00000173567,ADGRF3,chr2,26308173,26346817,-1,1,0,0.87,53,3,38,1,0.0,29.0,0.0,1,0,72.3282675
ENSG00000138018,SELENOI,chr2,26308547,26395885,1,1,0,0.87,101,3,79,2,0.0,93.0,0.0,1,0,72.4019034090909
ENSG00000157856,DRC1,chr2,26401920,26456717,1,1,0,0.86,53,1,39,1,0.0,304.0,0.0,0,0,73.093025
ENSG00000115155,OTOF,chr2,26457203,26558756,-1,1,0,0.67,151,3,96,17,0.0,117.0,0.0,1,0,72.79682718446601
ENSG00000173557,CIMIP2C,chr2,26562585,26579532,1,2,0,0.825,26,1,12,6,0.0,17.0,0.0,0,0,71.55417777777778
ENSG00000157884,CIB4,chr2,26581205,26641366,-1,0,17972,,85,0,68,2,0.0,156.0,0.0,0,0,70.76065409836066
ENSG00000171303,KCNK3,chr2,26692722,26733420,1,2,0,1.05,92,1,87,0,0.0,296.0,0.0,0,0,69.0394512195122
ENSG00000213699,SLC35F6,chr2,26764240,26781231,1,1,0,0.9,28,1,27,0,0.0,39.0,0.0,2,0,67.69453333333334
ENSG00000115163,CENPA,chr2,26764289,26801067,1,2,0,0.97,44,2,41,0,0.0,190.0,0.0,4,0,67.49453947368421
ENSG00000157851,DPYSL5,chr2,26847747,26950351,1,1,0,0.81,131,2,115,0,0.0,246.0,0.0,0,0,68.09834271844659
ENSG00000084764,MAPRE3,chr2,26970633,27027219,1,1,0,0.9,86,5,66,2,0.0,107.0,0.0,0,0,71.53889298245613
ENSG00000119777,TMEM214,chr2,27032910,27041697,1,1,0,1.08,12,1,8,0,0.0,43.0,0.0,1,0,72.50679
ENSG00000084693,AGBL5,chr2,27042364,27070622,1,1,0,0.93,43,3,34,0,0.0,238.0,0.0,2,0,72.89886333333335
ENSG00000228474,OST4,chr2,27070470,27071685,-1,1,0,1.07,5,2,3,0,0.0,25.0,0.0,1,0,73.20536666666666
ENSG00000138080,EMILIN1,chr2,27078044,27086408,1,2,0,0.8,22,1,21,0,0.0,223.0,0.0,2,0,73.46472222222222
ENSG00000138030,KHK,chr2,27086723,27100777,1,1,0,0.93,29,2,25,0,0.0,122.0,0.0,0,0,73.78715333333334
ENSG00000138028,CGREF1,chr2,27098889,27119128,-1,1,0,0.95,24,1,11,4,0.0,91.0,0.0,0,0,74.26203809523811
ENSG00000143994,ABHD1,chr2,27123789,27130812,1,1,0,0.81,12,1,9,0,0.0,30.0,0.0,1,0,74.9539125
ENSG00000138073,PREB,chr2,27130752,27134671,-1,1,0,0.97,9,1,8,0,0.0,47.0,0.0,1,0,75.18375999999999
ENSG00000186143,PRR30,chr2,27136848,27139410,-1,0,2029,,4,0,2,0,0.0,8.0,0.0,0,0,75.40066666666667
ENSG00000163792,TCF23,chr2,27149004,27156974,1,1,0,0.77,17,1,15,0,0.0,35.0,0.0,0,0,76.08611111111111
ENSG00000138074,SLC5A6,chr2,27199587,27212958,-1,1,0,0.96,27,4,22,0,0.0,105.0,0.0,1,0,78.49573571428571
ENSG00000138085,ATRAID,chr2,27212041,27217178,1,1,0,0.96,9,3,6,0,0.0,278.0,0.0,2,0,78.79186666666668
ENSG00000084774,CAD,chr2,27217369,27243943,1,1,0,0.97,26,1,16,1,0.0,488.0,0.0,1,0,79.26492499999998
ENSG00000115194,SLC30A3,chr2,27253515,27275817,-1,1,0,0.84,38,2,29,0,0.0,99.0,0.0,0,0,79.83868260869565
ENSG00000163793,DNAJC5G,chr2,27275433,27281499,1,0,10112,,11,1,10,0,0.0,46.0,0.0,0,0,79.8973142857143
ENSG00000138100,TRIM54,chr2,27282366,27309400,1,1,0,0.7,45,3,36,0,0.0,197.0,0.0,0,0,79.83742142857143
ENSG00000163794,UCN,chr2,27307400,27308445,-1,1,0,0.7,3,1,2,0,0.0,229.0,0.0,0,0,79.7524
ENSG00000115204,MPV17,chr2,27309486,27325680,-1,0,889,,27,3,23,0,0.0,200.0,0.0,1,0,79.63708888888888
ENSG00000115207,GTF3C2,chr2,27324198,27357187,-1,1,0,0.88,30,5,17,1,0.0,43.0,0.0,1,0,79.28398529411766
ENSG00000115211,EIF2B4,chr2,27363420,27370400,-1,1,0,0.89,9,3,2,0,0.0,197.0,0.0,1,0,78.781675
ENSG00000115234,SNX17,chr2,27370496,27377535,1,1,0,0.89,18,2,15,0,0.0,140.0,0.0,1,0,78.61502222222222
ENSG00000163795,ZNF513,chr2,27377235,27380790,-1,2,0,0.725,13,3,9,0,0.0,88.0,0.0,1,0,78.49985999999998
ENSG00000115241,PPM1G,chr2,27381194,27409674,-1,2,0,1.1,25,1,21,0,0.0,75.0,0.0,3,0,78.08892333333333
ENSG00000115216,NRBP1,chr2,27427790,27442260,1,2,0,0.9,19,3,14,0,0.0,105.0,0.0,1,0,76.99145333333333
ENSG00000157992,KRTCAP3,chr2,27442337,27446481,1,1,0,0.88,7,1,6,0,0.0,47.0,0.0,0,0,76.72958
ENSG00000138002,IFT172,chr2,27444377,27489836,-1,1,0,1.13,21,1,12,3,0.0,374.0,0.0,1,0,76.11729574468085
ENSG00000115226,FNDC4,chr2,27491883,27495631,-1,1,0,0.91,9,1,8,0,0.0,165.0,0.0,0,0,75.51589999999999
ENSG00000084734,GCKR,chr2,27496532,27523688,1,0,1062,,18,1,10,2,0.0,253.0,0.0,0,0,75.31391785714285
ENSG00000221843,SPATA31H1,chr2,27537386,27582722,1,0,165,,35,0,21,1,0.0,36.0,0.0,1,0,75.45576170212766
ENSG00000243943,ZNF512,chr2,27582969,27623217,1,1,0,0.97,33,2,25,0,0.0,47.0,0.0,1,0,76.2912731707317
ENSG00000176714,CCDC121,chr2,27625638,27629012,-1,0,34380,,6,3,3,0,0.0,15.0,0.0,1,0,76.8929
ENSG00000198522,GPN1,chr2,27628247,27651511,1,0,11881,,19,3,13,1,0.0,85.0,0.0,1,0,77.18931199999999
ENSG00000119760,SUPT7L,chr2,27650809,27663841,-1,1,0,0.77,15,2,11,0,0.0,129.0,0.0,1,0,77.57207142857143
ENSG00000163798,SLC4A1AP,chr2,27663426,27695366,1,1,0,0.77,24,4,17,0,0.0,37.0,0.0,2,0,77.93384848484848
ENSG00000243147,MRPL33,chr2,27771717,27988087,1,2,0,0.87,230,4,194,7,0.0,59.0,0.0,4,0,71.99233041474655
ENSG00000171174,RBKS,chr2,27780857,27890681,-1,1,0,0.93,117,2,89,6,0.0,111.0,0.0,1,0,74.59652432432432
ENSG00000158019,BABAM2,chr2,27888667,28338901,1,1,0,0.93,468,6,409,15,0.0,129.0,0.0,5,0,63.54081241685144
ENSG00000075426,FOSL2,chr2,28392448,28417317,1,1,0,1.07,67,3,64,0,0.0,366.0,0.0,4,0,62.33202307692308
ENSG00000163803,PLB1,chr2,28457145,28644142,1,1,0,0.9,276,1,238,8,0.0,646.0,0.0,6,0,69.19369787234042
ENSG00000213639,PPP1CB,chr2,28751562,28802940,1,1,0,1.12,56,1,53,0,0.0,397.0,0.0,1,0,63.76244423076923
ENSG00000163806,SPDYA,chr2,28782517,28850611,1,1,0,0.99,49,1,31,5,0.0,226.0,0.0,0,0,64.04699565217392
ENSG00000171103,TRMT61B,chr2,28849793,28870392,-1,1,0,0.93,13,1,9,0,0.0,43.0,0.0,1,0,64.69379047619047
ENSG00000163811,WDR43,chr2,28894638,28948223,1,1,0,0.9,42,1,34,0,0.0,76.0,0.0,1,0,66.13537222222222
ENSG00000189350,TOGARAM2,chr2,28956506,29052236,1,0,61347,,125,1,112,1,0.0,48.0,0.0,2,0,69.08110416666666
ENSG00000179270,PCARE,chr2,29060976,29074523,-1,0,40594,,27,0,25,0,0.0,208.0,0.0,0,0,70.43412666666667
ENSG00000115295,CLIP4,chr2,29095545,29199777,1,1,0,1.18,105,3,86,7,0.0,79.0,0.0,1,0,66.85759904761905
ENSG00000171094,ALK,chr2,29192774,29921586,-1,1,0,0.74,671,2,434,62,3.0,1283.0,1.0,0,0,48.1502001369863
ENSG00000119801,YPEL5,chr2,30146771,30160538,1,1,0,0.85,34,2,32,0,0.0,55.0,0.0,1,0,46.624253333333336
ENSG00000213626,LBH,chr2,30231534,30323730,1,1,0,0.85,147,3,140,0,0.0,165.0,0.0,6,0,54.5243817204301
ENSG00000172954,LCLAT1,chr2,30447221,30644225,1,1,0,0.95,172,1,138,3,0.0,155.0,0.0,2,0,61.798933333333345
ENSG00000162949,CAPN13,chr2,30722771,30820542,-1,0,274917,,83,1,56,1,0.0,61.0,0.0,0,0,57.700814141414135
ENSG00000158089,GALNT14,chr2,30910467,31155202,-1,1,0,0.85,243,2,164,20,0.0,137.0,0.0,0,0,47.16613577235772
ENSG00000214711,CAPN14,chr2,31173056,31234011,-1,1,0,0.75,55,1,40,7,0.0,68.0,0.0,1,0,40.393046774193564
ENSG00000013016,EHD3,chr2,31233961,31269451,1,1,0,0.75,64,1,63,0,0.0,86.0,0.0,2,0,39.67653611111112
ENSG00000158125,XDH,chr2,31334320,31414747,-1,0,99533,,66,0,57,1,0.0,837.0,0.0,0,0,39.602536585365854
ENSG00000277893,SRD5A2,chr2,31522480,31580941,-1,1,0,0.8,40,1,17,9,0.0,151.0,0.0,0,0,42.304046666666665
ENSG00000162959,MEMO1,chr2,31865060,32011230,-1,1,0,0.82,122,3,98,4,0.0,87.0,0.0,2,0,61.67385510204081
ENSG00000162961,DPY30,chr2,31867809,32039809,-1,2,0,0.91,138,5,110,5,0.0,79.0,0.0,3,0,62.45067167630057
ENSG00000021574,SPAST,chr2,32063530,32157637,1,1,0,0.95,51,2,36,3,0.0,386.0,0.0,1,0,70.11534210526315
ENSG00000152683,SLC30A6,chr2,32165841,32224379,1,1,0,0.91,37,2,27,3,0.0,50.0,0.0,1,0,74.02491694915254
ENSG00000091106,NLRC4,chr2,32224453,32265770,-1,0,12126,,38,2,25,3,0.0,450.0,0.0,0,0,75.42122790697675
ENSG00000119820,YIPF4,chr2,32277868,32316594,1,1,0,0.83,15,1,11,0,0.0,27.0,0.0,1,0,76.1868925
ENSG00000115760,BIRC6,chr2,32357023,32619571,1,1,0,0.91,156,3,104,8,0.0,338.0,0.0,2,0,74.31360189393939
ENSG00000018699,TTC27,chr2,32628032,32821051,1,1,0,0.78,152,1,116,4,0.0,60.0,0.0,2,0,67.10314536082474
ENSG00000049323,LTBP1,chr2,32946472,33399509,1,1,0,0.97,492,2,452,2,0.0,459.0,0.0,0,0,62.693339120879116
ENSG00000152689,RASGRP3,chr2,33436272,33586669,1,0,12574,,164,2,153,3,0.0,285.0,0.0,1,0,54.331642763157895
ENSG00000119812,FAM98A,chr2,33532744,33599347,-1,1,0,0.96,59,2,55,1,0.0,77.0,0.0,1,0,53.50713134328359
ENSG00000150938,CRIM1,chr2,36355731,36551135,1,2,0,0.9,271,2,266,0,0.0,385.0,0.0,0,0,28.19466071428571
ENSG00000171055,FEZ2,chr2,36531805,36646087,-1,1,0,0.92,131,1,118,2,0.0,62.0,0.0,1,0,34.200253043478256
ENSG00000205221,VIT,chr2,36696690,36814794,1,1,0,0.95,120,1,90,11,0.0,131.0,0.0,0,0,43.826756302521005
ENSG00000115808,STRN,chr2,36837698,36966625,-1,1,0,0.9,93,2,60,6,0.0,243.0,0.0,1,0,55.02971461538461
ENSG00000008869,HEATR5B,chr2,36968383,37084398,-1,1,0,0.91,76,1,58,6,0.0,112.0,0.0,3,0,63.765979487179486
ENSG00000152133,GPATCH11,chr2,37084482,37099244,1,1,0,0.91,15,1,13,0,0.0,32.0,0.0,1,0,66.563275
ENSG00000055332,EIF2AK2,chr2,37099210,37157688,-1,1,0,0.88,44,3,33,0,0.0,476.0,0.0,1,0,67.10875
ENSG00000138068,SULT6B1,chr2,37167820,37196598,-1,1,0,0.93,28,1,18,2,0.0,18.0,0.0,1,0,67.58786333333333
ENSG00000218739,CEBPZOS,chr2,37191473,37216555,1,1,0,0.93,27,2,21,0,0.0,29.0,0.0,1,0,67.8889111111111
ENSG00000115816,CEBPZ,chr2,37201570,37231601,-1,1,0,0.9,24,1,21,0,0.0,247.0,0.0,1,0,68.15177419354839
ENSG00000003509,NDUFAF7,chr2,37231631,37253403,1,1,0,0.9,18,1,16,0,0.0,41.0,0.0,2,0,68.81707272727273
ENSG00000115825,PRKD3,chr2,37250502,37324833,-1,1,0,1.06,77,2,67,0,0.0,197.0,0.0,1,0,70.26911733333334
ENSG00000115828,QPCT,chr2,37342827,37373322,1,1,0,0.8,45,2,39,0,0.0,167.0,0.0,0,0,71.63767419354838
ENSG00000163171,CDC42EP3,chr2,37641882,37738468,-1,1,0,0.94,139,2,124,1,0.0,105.0,0.0,5,0,56.58003195876289
ENSG00000115841,RMDN2,chr2,37923187,38067142,1,1,0,0.9,114,6,64,15,0.0,218.0,0.0,1,0,51.61985586206897
ENSG00000138061,CYP1B1,chr2,38066973,38109902,-1,1,0,0.87,81,9,70,1,0.0,528.0,0.0,0,0,50.34276136363637
ENSG00000119787,ATL2,chr2,38293949,38377438,-1,1,0,1.05,78,2,61,1,0.0,156.0,0.0,1,0,55.24232380952381
ENSG00000143889,HNRNPLL,chr2,38561969,38603586,-1,1,0,0.96,56,4,46,1,0.0,96.0,0.0,6,0,67.69776279069768
ENSG00000143891,GALM,chr2,38666081,38741237,1,0,9156,,129,2,116,1,0.0,74.0,0.0,14,0,74.82055263157895
ENSG00000115875,SRSF7,chr2,38743599,38751494,-1,1,0,1.04,20,1,19,0,0.0,86.0,0.0,1,0,78.33515
ENSG00000152147,GEMIN6,chr2,38751534,38785002,1,1,0,1.04,44,2,35,1,0.0,25.0,0.0,3,0,79.64433823529413
ENSG00000163214,DHX57,chr2,38797724,38875938,-1,1,0,0.7,51,1,39,1,0.0,37.0,0.0,1,0,81.7106911392405
ENSG00000188010,MORN2,chr2,38875976,38882709,1,1,0,0.7,4,2,1,0,0.0,25.0,0.0,1,0,81.841025
ENSG00000310583,,chr2,38875991,38929071,1,1,0,0.7,40,3,18,5,0.0,0.0,0.0,1,0,81.54978888888888
ENSG00000214694,ARHGEF33,chr2,38889875,38975454,1,1,0,0.95,70,2,42,6,0.0,135.0,0.0,0,0,81.0112011627907
ENSG00000115904,SOS1,chr2,38962206,39124345,-1,2,0,0.975,139,4,100,8,4.0,537.0,1.0,3,0,77.55834049079755
ENSG00000205111,CDKL4,chr2,39168045,39243983,-1,1,0,0.98,61,1,44,5,0.0,71.0,0.0,3,0,72.60702857142856
ENSG00000011566,MAP4K3,chr2,39249266,39437324,-1,1,0,1.17,162,4,114,6,0.0,320.0,0.0,1,0,76.66274814814814
ENSG00000152154,TMEM178A,chr2,39664982,39717963,1,1,0,0.88,74,1,55,5,0.0,117.0,0.0,0,0,72.04671851851853
ENSG00000138050,THUMPD2,chr2,39736060,39779276,-1,1,0,1.01,32,1,21,2,0.0,65.0,0.0,1,0,71.97177954545454
ENSG00000183023,SLC8A1,chr2,40097270,40611053,-1,2,0,0.845,552,6,491,8,0.0,426.0,0.0,0,0,38.27418815533981
ENSG00000162878,PKDCC,chr2,42048021,42058525,1,1,0,1.29,28,2,26,0,0.0,385.0,0.0,0,0,47.83105
ENSG00000143924,EML4,chr2,42169330,42332548,1,1,0,1.02,209,4,167,3,0.0,389.0,0.0,4,0,56.07041515151514
ENSG00000115944,COX7A2L,chr2,42333546,42425088,-1,1,0,0.79,103,2,73,5,0.0,143.0,0.0,1,0,58.368868478260865
ENSG00000171126,KCNG3,chr2,42442017,42493982,-1,1,0,1.0,38,1,26,3,0.0,148.0,0.0,0,0,59.21763207547169
ENSG00000057935,MTA3,chr2,42494569,42756947,1,2,0,0.925,223,4,181,9,0.0,127.0,0.0,1,0,58.190964638783264
ENSG00000162881,OXER1,chr2,42762499,42764135,-1,0,28390,,5,1,4,0,0.0,691.0,0.0,0,0,58.2323
ENSG00000162882,HAAO,chr2,42765709,42792941,-1,1,0,0.83,45,1,37,1,0.0,226.0,0.0,0,0,58.07705357142857
ENSG00000152518,ZFP36L2,chr2,43222402,43226606,-1,1,0,0.92,14,2,12,0,0.0,422.0,0.0,1,0,72.30836666666666
ENSG00000115970,THADA,chr2,43230836,43596051,-1,1,0,0.97,437,3,410,9,0.0,143.0,0.0,4,0,73.98115327868854
ENSG00000152527,PLEKHH2,chr2,43637260,43767987,1,1,0,0.82,103,2,76,4,0.0,91.0,0.0,1,0,66.50835303030304
ENSG00000223658,C1GALT1C1L,chr2,43675151,43676429,-1,0,37334,,3,1,2,0,0.0,11.0,0.0,0,0,66.9177
ENSG00000138036,DYNC2LI1,chr2,43774039,43810012,1,0,21614,,30,1,22,0,0.0,60.0,0.0,1,0,65.52434054054055
ENSG00000138075,ABCG5,chr2,43812472,43838865,-1,1,0,0.77,22,1,17,2,0.0,343.0,0.0,0,0,65.47998571428572
ENSG00000143921,ABCG8,chr2,43831942,43882988,1,1,0,0.77,46,1,34,1,0.0,294.0,0.0,0,0,65.52950384615384
ENSG00000138095,LRPPRC,chr2,43886224,43996226,-1,1,0,0.82,89,2,65,6,0.0,492.0,0.0,2,0,66.11486216216217
ENSG00000138032,PPM1B,chr2,44167969,44244384,1,1,0,0.89,77,1,68,1,0.0,80.0,0.0,3,0,63.31717142857141
ENSG00000285542,,chr2,44168851,44320310,1,1,0,0.89,136,2,112,1,0.0,0.0,0.0,2,0,62.86770394736842
ENSG00000138079,SLC3A1,chr2,44275458,44321494,1,0,40321,,39,1,28,0,0.0,411.0,0.0,0,0,62.34555744680852
ENSG00000138078,PREPL,chr2,44316281,44361862,-1,1,0,0.85,41,3,26,2,0.0,71.0,0.0,1,0,62.2022489361702
ENSG00000143919,CAMKMT,chr2,44361947,44772592,1,2,0,0.825,324,1,212,29,0.0,777.0,0.0,2,0,55.72226165048544
ENSG00000138083,SIX3,chr2,44941702,44946071,1,1,0,0.71,13,1,12,0,0.0,172.0,0.0,0,0,51.306219999999996
ENSG00000170577,SIX2,chr2,45005182,45009452,-1,2,0,0.85,12,1,11,0,0.0,236.0,0.0,0,0,51.36935999999999
ENSG00000068784,SRBD1,chr2,45388679,45612165,-1,1,0,1.04,173,3,112,15,0.0,105.0,0.0,2,0,50.56477544642856
ENSG00000171132,PRKCE,chr2,45651205,46187990,1,1,0,0.95,729,5,689,9,0.0,395.0,0.0,1,0,56.17108810408922
ENSG00000116016,EPAS1,chr2,46293667,46386697,1,1,0,0.88,182,1,173,0,6.0,891.0,1.0,2,0,61.28282978723404
ENSG00000284701,TMEM247,chr2,46479565,46484425,1,1,0,0.72,5,0,5,0,0.0,7.0,0.0,0,0,66.24366
ENSG00000250565,ATP6V1E2,chr2,46490750,46543287,-1,1,0,0.88,63,2,48,1,0.0,20.0,0.0,2,0,66.19883018867924
ENSG00000119729,RHOQ,chr2,46541806,46584688,1,1,0,0.88,79,1,77,0,0.0,46.0,0.0,1,0,65.6049909090909
ENSG00000151665,PIGF,chr2,46580937,46617055,-1,1,0,0.83,28,1,19,2,0.0,190.0,0.0,1,0,65.07712972972973
ENSG00000119878,CRIPT,chr2,46616416,46685037,1,1,0,0.83,76,1,67,0,0.0,66.0,0.0,1,0,64.96401142857142
ENSG00000171150,SOCS5,chr2,46698423,46780245,1,1,0,0.94,91,2,78,0,0.0,131.0,0.0,1,0,65.94837831325302
ENSG00000180398,MCFD2,chr2,46901870,46941855,-1,2,0,0.875,60,5,42,1,0.0,82.0,0.0,3,0,62.42571463414634
ENSG00000068724,TTC7A,chr2,46915869,47076137,1,2,0,0.875,295,7,273,0,0.0,498.0,0.0,9,0,62.92055776397516
ENSG00000239605,STPG4,chr2,47045538,47155308,-1,0,20362,,151,2,127,8,0.0,43.0,0.0,4,0,64.54999181818182
ENSG00000273269,,chr2,47065941,47176511,-1,1,0,0.95,156,5,123,8,0.0,0.0,0.0,4,0,64.84865267857143
ENSG00000143933,CALM2,chr2,47160084,47176921,-1,1,0,0.95,32,4,26,0,0.0,853.0,0.0,1,0,65.48131666666667
ENSG00000119888,EPCAM,chr2,47345158,47387601,1,1,0,0.87,45,3,39,0,0.0,803.0,0.0,0,0,73.73768636363637
ENSG00000095002,MSH2,chr2,47403067,47663146,1,3,0,0.9333,266,3,217,7,7.0,911.0,1.0,2,0,77.99694865900383
ENSG00000184261,KCNK12,chr2,47509290,47570985,-1,2,0,0.925,78,2,73,1,0.0,61.0,0.0,1,0,79.33342063492063
ENSG00000116062,MSH6,chr2,47695530,47810109,1,1,0,0.86,139,4,125,0,6.0,693.0,1.0,2,0,69.14399304347826
ENSG00000138081,FBXO11,chr2,47789316,47906507,-1,2,0,1.06,105,3,81,1,3.0,459.0,1.0,3,0,63.68014957983194
ENSG00000170802,FOXN2,chr2,48314331,48379295,1,1,0,0.88,66,2,61,0,0.0,105.0,0.0,3,0,62.68263636363636
ENSG00000162869,PPP1R21,chr2,48440598,48515391,1,1,0,0.76,78,1,73,0,0.0,74.0,0.0,2,0,63.164568
ENSG00000243244,STON1,chr2,48529376,48598922,1,1,0,0.82,65,4,54,1,0.0,68.0,0.0,0,0,60.41319436619718
ENSG00000068781,STON1-GTF2A1L,chr2,48529925,48776517,1,3,0,1.0233,199,5,144,8,0.0,14.0,0.0,0,0,59.86884717741936
ENSG00000242441,GTF2A1L,chr2,48617798,48733148,1,1,0,1.09,80,1,54,3,0.0,124.0,0.0,0,0,59.73223965517241
ENSG00000279956,,chr2,48632291,48755724,-1,1,0,1.16,95,1,68,4,0.0,0.0,0.0,0,0,59.803489600000006
ENSG00000138039,LHCGR,chr2,48686774,48755730,-1,1,0,1.16,72,1,57,2,0.0,930.0,0.0,0,0,60.000815714285714
ENSG00000170820,FSHR,chr2,48962157,49154527,-1,0,206411,,110,0,73,10,0.0,757.0,0.0,0,0,39.32881649484536
ENSG00000179915,NRXN1,chr2,49918503,51225575,-1,2,0,0.885,777,7,502,68,0.0,317.0,0.0,0,0,14.976376317799847
ENSG00000115239,ASB3,chr2,53532672,53860160,-1,3,0,0.9433,237,5,170,11,0.0,80.0,0.0,3,0,41.13043932926829
ENSG00000143942,CHAC2,chr2,53767804,53775196,1,1,0,0.91,8,1,5,0,0.0,60.0,0.0,1,0,45.8311
ENSG00000068912,ERLEC1,chr2,53787009,53833038,1,1,0,1.05,35,2,27,1,0.0,68.0,0.0,1,0,47.58913829787234
ENSG00000119737,GPR75,chr2,53852912,53859967,-1,1,0,0.87,7,1,5,0,0.0,82.0,0.0,0,0,49.5768625
ENSG00000068878,PSME4,chr2,53864069,53971040,-1,1,0,1.0,68,1,63,0,0.0,290.0,0.0,2,0,52.07757222222223
ENSG00000170634,ACYP2,chr2,53970838,54305300,1,3,0,0.89,302,5,235,11,0.0,99.0,0.0,8,0,60.19702298507462
ENSG00000178021,TSPYL6,chr2,54253178,54256229,-1,1,0,0.75,5,1,3,0,0.0,32.0,0.0,0,0,61.22025
ENSG00000177994,CIMIP6,chr2,54330034,54383742,1,1,0,0.97,56,1,39,5,0.0,31.0,0.0,1,0,62.30083818181818
ENSG00000115306,SPTBN1,chr2,54456288,54671446,1,3,0,0.9267,334,5,316,0,0.0,354.0,0.0,6,0,63.241264351851854
ENSG00000214595,EML6,chr2,54723499,54972025,1,1,0,0.95,279,1,246,9,0.0,73.0,0.0,2,0,69.56487309236948
ENSG00000115310,RTN4,chr2,54972187,55112621,-1,1,0,0.85,192,5,168,3,0.0,361.0,0.0,3,0,67.89944895104897
ENSG00000162994,CLHC1,chr2,55172547,55232563,-1,1,0,0.95,38,4,21,5,0.0,51.0,0.0,2,0,75.76885901639344
ENSG00000143947,RPS27A,chr2,55229447,55236044,1,0,5652,,14,4,8,0,0.0,984.0,0.0,1,0,77.41655
ENSG00000085760,MTIF2,chr2,55236230,55270263,-1,1,0,0.91,18,1,12,2,0.0,53.0,0.0,1,0,78.43705999999999
ENSG00000115355,CCDC88A,chr2,55287818,55420042,-1,1,0,0.95,96,4,76,4,0.0,215.0,0.0,1,0,79.4622984962406
ENSG00000163001,CFAP36,chr2,55519559,55545080,1,1,0,0.76,12,1,8,1,0.0,53.0,0.0,2,0,73.43424615384615
ENSG00000275052,PPP4R3B,chr2,55547292,55618880,-1,1,0,1.03,63,2,48,2,0.0,87.0,0.0,1,0,71.87558493150685
ENSG00000138035,PNPT1,chr2,55634061,55693863,-1,1,0,0.91,26,1,16,2,0.0,213.0,0.0,1,0,69.35484918032786
ENSG00000115380,EFEMP1,chr2,55865962,55924271,-1,1,0,0.85,78,1,71,0,0.0,486.0,0.0,0,0,65.16316779661017
ENSG00000055813,CCDC85A,chr2,56183751,56386178,1,1,0,0.79,158,4,130,4,0.0,66.0,0.0,0,0,40.40123399014779
ENSG00000028116,VRK2,chr2,57907606,58164001,1,1,0,0.89,159,3,108,9,0.0,166.0,0.0,3,0,37.15164785992218
ENSG00000115392,FANCL,chr2,58159243,58241410,-1,1,0,0.9,57,1,41,3,0.0,457.0,0.0,1,0,45.06654578313253
ENSG00000119866,BCL11A,chr2,60450520,60554467,-1,4,0,0.8075,189,3,185,0,1.0,538.0,1.0,0,0,34.66226538461538
ENSG00000115421,PAPOLG,chr2,60756232,60802086,1,1,0,0.77,37,1,23,3,0.0,83.0,0.0,1,0,51.114861702127655
ENSG00000162924,REL,chr2,60881491,60931612,1,1,0,0.81,51,2,48,0,0.0,752.0,0.0,1,0,59.32062692307693
ENSG00000162927,PUS10,chr2,60938141,61018259,-1,0,47474,,99,8,85,1,0.0,87.0,0.0,3,0,62.199823456790135
ENSG00000162928,PEX13,chr2,61017225,61051990,1,0,13743,,19,5,9,0,0.0,90.0,0.0,1,0,64.90079444444444
ENSG00000162929,SANBR,chr2,61065871,61138034,1,1,0,1.05,31,2,15,2,0.0,151.0,0.0,1,0,66.35622465753424
ENSG00000237651,C2orf74,chr2,61145068,61164828,1,0,12085,,13,1,7,0,0.0,61.0,0.0,1,0,65.16816666666666
ENSG00000115464,USP34,chr2,61187463,61471087,-1,1,0,0.92,222,1,191,8,0.0,112.0,0.0,4,0,66.09935438596492
ENSG00000082898,XPO1,chr2,61476032,61538753,-1,1,0,0.85,55,5,42,0,2.0,428.0,1.0,1,0,67.882034375
ENSG00000170264,FAM161A,chr2,61824848,61854143,-1,1,0,0.72,21,1,8,3,0.0,72.0,0.0,1,0,65.93026333333334
ENSG00000115484,CCT4,chr2,61868085,61888696,-1,1,0,1.07,18,2,14,0,0.0,131.0,0.0,1,0,66.14233636363636
ENSG00000173163,COMMD1,chr2,61888724,62147629,1,1,0,1.07,241,4,200,7,0.0,102.0,0.0,2,0,67.26843346153845
ENSG00000170340,B3GNT2,chr2,62195485,62224731,1,1,0,0.75,57,4,53,0,0.0,285.0,0.0,2,0,67.7411064516129
ENSG00000186889,TMEM17,chr2,62500218,62511894,-1,1,0,0.89,13,2,10,0,0.0,74.0,0.0,0,0,73.62946153846154
ENSG00000115504,EHBP1,chr2,62673851,63046487,1,2,0,0.86,286,4,202,16,0.0,116.0,0.0,2,0,57.79605683646112
ENSG00000115507,OTX1,chr2,63050057,63057836,1,4,0,0.88,24,4,20,0,0.0,165.0,0.0,0,0,49.14711111111111
ENSG00000143951,WDPCP,chr2,63119559,63827843,-1,2,0,0.87,410,4,261,29,0.0,175.0,0.0,1,0,45.627636530324395
ENSG00000014641,MDH1,chr2,63588557,63607273,1,1,0,0.89,19,2,17,0,0.0,247.0,0.0,1,0,40.863152631578956
ENSG00000169764,UGP2,chr2,63840950,63891590,1,1,0,0.77,71,4,64,0,0.0,114.0,0.0,4,0,51.96332884615385
ENSG00000143952,VPS54,chr2,63892146,64019476,-1,1,0,0.93,81,2,51,2,0.0,114.0,0.0,2,0,51.6940765625
ENSG00000197329,PELI1,chr2,64092652,64144420,-1,1,0,0.92,89,2,86,0,0.0,226.0,0.0,2,0,55.291896153846146
ENSG00000119862,LGALSL,chr2,64453969,64461381,1,1,0,1.06,10,2,7,0,0.0,47.0,0.0,0,0,55.226275
ENSG00000119844,AFTPH,chr2,64524289,64593007,1,1,0,0.84,51,2,46,0,0.0,68.0,0.0,1,0,55.90781714285714
ENSG00000179833,SERTAD2,chr2,64631621,64751005,-1,1,0,0.91,149,3,144,0,0.0,81.0,0.0,5,0,59.83852583333334
ENSG00000115902,SLC1A4,chr2,64988477,65023865,1,1,0,0.93,52,5,43,0,0.0,189.0,0.0,1,0,67.27330526315791
ENSG00000011523,CEP68,chr2,65056350,65087010,1,1,0,0.96,61,2,54,0,0.0,145.0,0.0,1,0,67.90873124999999
ENSG00000138069,RAB1A,chr2,65070696,65130986,-1,1,0,0.83,73,1,63,0,0.0,174.0,0.0,2,0,68.22868032786884
ENSG00000138071,ACTR2,chr2,65227745,65271253,1,1,0,0.87,37,1,31,1,0.0,237.0,0.0,1,0,70.00223863636364
ENSG00000198369,SPRED2,chr2,65310851,65432637,-1,2,0,0.94,173,2,164,0,0.0,209.0,0.0,1,0,74.80434390243903
ENSG00000143995,MEIS1,chr2,66433452,66573898,1,5,0,0.826,207,10,193,0,0.0,317.0,0.0,0,0,36.66630633802817
ENSG00000143971,ETAA1,chr2,67397322,67412089,1,1,0,0.96,13,3,10,0,0.0,192.0,0.0,1,0,31.3333
ENSG00000197223,C1D,chr2,68041130,68110948,-1,0,46104,,57,2,39,3,0.0,76.0,0.0,1,0,54.75237746478873
ENSG00000243667,DNAAF10,chr2,68122936,68157549,-1,1,0,0.76,25,2,16,2,0.0,48.0,0.0,1,0,58.97175833333334
ENSG00000273398,,chr2,68131238,68261230,-1,2,0,0.915,144,9,119,5,0.0,0.0,0.0,3,0,64.0917175572519
ENSG00000115946,PNO1,chr2,68157888,68176238,1,1,0,0.76,23,1,16,2,0.0,603.0,0.0,1,0,61.37084210526316
ENSG00000221823,PPP3R1,chr2,68178857,68256237,-1,1,0,1.07,96,6,86,1,0.0,293.0,0.0,2,0,66.12587948717949
ENSG00000119865,CNRIP1,chr2,68284171,68320051,-1,1,0,0.82,46,2,33,2,0.0,84.0,0.0,0,0,71.42060540540542
ENSG00000115956,PLEK,chr2,68365282,68397453,1,0,45303,,50,1,47,0,0.0,289.0,0.0,1,0,72.44201515151516
ENSG00000204923,FBXO48,chr2,68459422,68467317,-1,1,0,0.86,11,1,8,1,0.0,18.0,0.0,1,0,72.40045555555557
ENSG00000169621,APLF,chr2,68467572,68655862,1,3,0,0.9067,132,2,71,8,0.0,45.0,0.0,1,0,70.9712671957672
ENSG00000169618,PROKR1,chr2,68643579,68658251,1,2,0,0.93,17,1,13,1,0.0,127.0,0.0,0,0,68.32578666666669
ENSG00000163219,ARHGAP25,chr2,68679601,68826833,1,0,24159,,194,2,182,0,0.0,135.0,0.0,24,0,64.13040472972973
ENSG00000163217,BMP10,chr2,68860909,68871397,-1,0,141554,,13,1,9,0,0.0,259.0,0.0,0,0,59.05164545454545
ENSG00000183607,GKN2,chr2,68945232,68952955,-1,0,59996,,5,0,5,0,0.0,134.0,0.0,0,0,56.92727777777777
ENSG00000169605,GKN1,chr2,68974573,68980980,1,0,31971,,8,0,2,1,0.0,105.0,0.0,0,0,56.869285714285716
ENSG00000169604,ANTXR1,chr2,69013176,69249327,1,1,0,0.85,287,4,268,2,0.0,375.0,0.0,0,0,57.156267932489456
ENSG00000198380,GFPT1,chr2,69319780,69387281,-1,1,0,1.18,50,2,38,1,0.0,230.0,0.0,1,0,59.400907352941175
ENSG00000169599,NFU1,chr2,69396113,69437657,-1,1,0,0.87,26,1,17,2,0.0,104.0,0.0,1,0,62.39837906976745
ENSG00000115977,AAK1,chr2,69457997,69674349,-1,1,0,0.92,248,4,229,1,0.0,108.0,0.0,7,0,69.54619493087557
ENSG00000196975,ANXA4,chr2,69643808,69827121,1,2,0,0.86,221,5,208,2,0.0,201.0,0.0,5,0,73.58087065217391
ENSG00000087338,GMCL1,chr2,69829646,69881384,1,1,0,0.92,29,1,21,2,0.0,313.0,0.0,1,0,76.99605
ENSG00000124380,SNRNP27,chr2,69893956,69905929,1,0,8298,,8,1,6,0,0.0,52.0,0.0,2,0,77.54082307692308
ENSG00000059728,MXD1,chr2,69897688,69942945,1,1,0,0.72,37,2,33,0,0.0,227.0,0.0,3,0,77.64640652173912
ENSG00000244617,ASPRV1,chr2,69960089,69961631,-1,1,0,0.69,1,1,0,0,0.0,207.0,0.0,0,0,77.7494
ENSG00000293615,,chr2,69960104,70087320,-1,2,0,0.82,168,8,152,0,0.0,184.0,0.0,3,0,77.67192790697675
ENSG00000169564,PCBP1,chr2,70087477,70089203,1,1,0,0.95,7,3,4,0,0.0,213.0,0.0,1,0,77.73729999999999
ENSG00000115998,C2orf42,chr2,70149882,70248615,-1,2,0,0.945,65,3,49,2,0.0,18.0,0.0,3,0,81.471766
ENSG00000116001,TIA1,chr2,70209444,70248761,-1,1,0,0.99,26,2,22,0,0.0,297.0,0.0,1,0,82.82809024390244
ENSG00000116005,PCYOX1,chr2,70257386,70281185,1,1,0,0.9,25,1,17,0,0.0,54.0,0.0,1,0,84.24151599999999
ENSG00000143977,SNRPG,chr2,70281362,70293740,-1,1,0,1.07,17,4,12,0,0.0,123.0,0.0,1,0,84.65766428571429
ENSG00000035141,FAM136A,chr2,70295976,70302067,-1,1,0,0.82,11,3,6,0,0.0,31.0,0.0,1,0,84.82931428571429
ENSG00000163235,TGFA,chr2,70447284,70554193,-1,1,0,0.83,128,2,112,1,0.0,908.0,0.0,1,0,78.68341944444445
ENSG00000075340,ADD2,chr2,70607618,70768499,-1,2,0,0.92,171,4,126,13,0.0,353.0,0.0,0,0,69.81864720496894
ENSG00000183733,FIGLA,chr2,70777310,70790643,-1,1,0,0.84,15,1,7,3,0.0,70.0,0.0,0,0,65.40053333333331
ENSG00000152672,CLEC4F,chr2,70808643,70820599,-1,0,17799,,7,0,5,1,0.0,125.0,0.0,0,0,64.33980769230769
ENSG00000116031,CD207,chr2,70830211,70835816,-1,0,35791,,6,0,4,0,0.0,297.0,0.0,0,0,63.9304
ENSG00000116035,VAX2,chr2,70900576,70965373,1,4,0,0.8175,87,3,50,7,0.0,65.0,0.0,0,0,63.41461076923077
ENSG00000116039,ATP6V1B1,chr2,70935771,70965431,1,1,0,0.95,43,2,26,4,0.0,231.0,0.0,0,0,63.36030666666667
ENSG00000258881,,chr2,70939318,70995336,-1,3,0,0.84,72,6,45,6,0.0,1.0,0.0,3,0,63.231538596491234
ENSG00000144043,TEX261,chr2,70968325,70994873,-1,2,0,0.785,36,3,29,1,0.0,39.0,0.0,2,0,63.11287142857142
ENSG00000144031,ANKRD53,chr2,70978380,70985499,1,1,0,0.69,10,1,8,0,0.0,20.0,0.0,0,0,63.11525
ENSG00000124357,NAGK,chr2,71064344,71079808,1,1,0,0.82,24,5,19,0,0.0,87.0,0.0,2,0,62.46018235294118
ENSG00000124370,MCEE,chr2,71109684,71130279,-1,1,0,0.96,20,1,13,1,0.0,52.0,0.0,1,0,62.4683238095238
ENSG00000124383,MPHOSPH10,chr2,71130310,71150101,1,1,0,0.96,15,3,7,2,0.0,37.0,0.0,1,0,62.366880952380946
ENSG00000124374,PAIP2B,chr2,71182738,71227109,-1,1,0,0.82,33,0,26,3,0.0,44.0,0.0,1,0,60.93270888888889
ENSG00000075292,ZNF638,chr2,71276537,71437183,1,2,0,0.96,106,2,80,4,0.0,81.0,0.0,2,0,58.45068322981367
ENSG00000135636,DYSF,chr2,71453561,71686763,1,3,0,0.76,300,4,262,7,0.0,500.0,0.0,0,0,61.15633376068376
ENSG00000003137,CYP26B1,chr2,72129238,72147862,-1,2,0,0.845,55,4,51,0,0.0,309.0,0.0,0,0,43.64145
ENSG00000144036,EXOC6B,chr2,72175984,72826051,-1,1,0,0.82,427,1,298,28,0.0,75.0,0.0,1,0,43.383436712749614
ENSG00000116096,SPR,chr2,72887379,72892158,1,1,0,0.84,8,1,5,0,0.0,173.0,0.0,0,0,57.058699999999995
ENSG00000135638,EMX1,chr2,72916260,72936071,1,2,0,0.82,52,3,44,0,0.0,103.0,0.0,0,0,59.969776190476196
ENSG00000144040,SFXN5,chr2,72942036,73075619,-1,1,0,0.89,186,1,160,2,0.0,50.0,0.0,1,0,63.77070888888889
ENSG00000135631,RAB11FIP5,chr2,73073382,73156721,-1,1,0,0.97,98,1,78,4,0.0,37.0,0.0,2,0,64.60204
ENSG00000214513,NOTO,chr2,73202574,73212513,1,1,0,0.8,13,1,4,0,0.0,11.0,0.0,0,0,65.61506363636363
ENSG00000135632,SMYD5,chr2,73214222,73227229,1,1,0,0.86,17,1,13,0,0.0,61.0,0.0,1,0,65.7175
ENSG00000135617,PRADC1,chr2,73228010,73233239,-1,1,0,1.02,5,1,2,0,0.0,34.0,0.0,1,0,65.77431666666665
ENSG00000135624,CCT7,chr2,73233420,73253021,1,1,0,1.02,26,2,22,0,0.0,73.0,0.0,1,0,65.80405238095238
ENSG00000163013,FBXO41,chr2,73254682,73284478,-1,2,0,1.0,49,2,33,2,0.0,228.0,0.0,3,0,65.76586333333333
ENSG00000135625,EGR4,chr2,73290927,73293721,-1,1,0,0.83,10,1,8,0,0.0,240.0,0.0,0,0,65.6705
ENSG00000116127,ALMS1,chr2,73385758,73625166,1,1,0,1.07,88,1,40,9,0.0,499.0,0.0,1,0,63.839592499999995
ENSG00000144035,NAT8,chr2,73640723,73643229,-1,0,93962,,5,1,4,0,0.0,227.0,0.0,0,0,59.63706666666667
ENSG00000144034,TPRKB,chr2,73729104,73737421,-1,1,0,0.92,5,1,4,0,0.0,34.0,0.0,1,0,57.55444444444444
ENSG00000144048,DUSP11,chr2,73761782,73780173,-1,1,0,0.84,16,1,11,0,0.0,89.0,0.0,1,0,58.18524736842105
ENSG00000187833,C2orf78,chr2,73784183,73817148,1,0,4036,,5,1,2,2,0.0,8.0,0.0,0,0,59.191461764705885
ENSG00000124356,STAMBP,chr2,73828916,73873659,1,1,0,0.88,42,1,37,0,0.0,366.0,0.0,1,0,61.42445652173913
ENSG00000163017,ACTG2,chr2,73892232,73919865,1,0,6861,,44,2,28,0,0.0,389.0,0.0,0,0,64.01911724137932
ENSG00000114956,DGUOK,chr2,73926794,73958961,1,1,0,0.93,44,1,42,0,0.0,265.0,0.0,2,0,65.91819090909091
ENSG00000187605,TET3,chr2,73984910,74108177,1,2,0,0.895,194,4,174,5,0.0,281.0,0.0,3,0,71.16657741935482
ENSG00000163170,BOLA3,chr2,74135397,74147977,-1,1,0,0.91,10,1,6,1,0.0,59.0,0.0,1,0,73.35425
ENSG00000114978,MOB1A,chr2,74152528,74178932,-1,1,0,0.94,21,2,17,0,0.0,80.0,0.0,1,0,73.39421851851851
ENSG00000065911,MTHFD2,chr2,74186172,74217565,1,1,0,0.94,38,3,27,1,0.0,279.0,0.0,2,0,73.70652727272727
ENSG00000264324,,chr2,74211604,74363377,-1,0,12308,,130,1,95,10,0.0,0.0,0.0,2,0,77.54179013157895
ENSG00000188687,SLC4A5,chr2,74216242,74343416,-1,0,16946,,117,1,89,9,0.0,377.0,0.0,2,0,77.09098046874999
ENSG00000204843,DCTN1,chr2,74361154,74392087,-1,1,0,0.89,39,5,32,0,0.0,248.0,0.0,1,0,81.69474687499999
ENSG00000159239,,chr2,74393836,74421662,-1,3,0,0.7633,30,7,20,2,0.0,3.0,0.0,1,0,81.5906172413793
ENSG00000284308,C2orf81,chr2,74414176,74421619,-1,3,0,0.7633,18,5,12,0,0.0,2.0,0.0,1,0,81.37535555555556
ENSG00000005448,WDR54,chr2,74421477,74425770,1,1,0,0.85,11,1,10,0,0.0,51.0,0.0,1,0,81.20396666666666
ENSG00000114993,RTKN,chr2,74425835,74442422,-1,2,0,0.74,31,2,28,0,0.0,93.0,0.0,0,0,80.80091764705882
ENSG00000115274,INO80B,chr2,74455087,74457944,1,1,0,0.75,8,2,6,0,0.0,10.0,0.0,2,0,79.729225
ENSG00000274049,INO80B-WBP1,chr2,74455088,74460884,1,1,0,0.75,15,3,12,0,0.0,0.0,0.0,2,0,79.6482
ENSG00000239779,WBP1,chr2,74458400,74460891,1,1,0,0.75,7,1,6,0,0.0,13.0,0.0,1,0,79.56735
ENSG00000115275,MOGS,chr2,74461057,74465410,-1,1,0,0.89,10,1,9,0,0.0,100.0,0.0,1,0,79.37438
ENSG00000204822,MRPL53,chr2,74471982,74472687,-1,1,0,0.89,3,1,2,0,0.0,11.0,0.0,1,0,78.8337
ENSG00000135637,CCDC142,chr2,74471986,74483408,-1,2,0,0.875,17,2,12,0,0.0,55.0,0.0,2,0,78.54070833333334
ENSG00000115282,TTC31,chr2,74483061,74494999,1,0,78,,16,1,12,0,0.0,12.0,0.0,1,0,77.86037692307693
ENSG00000179528,LBX2,chr2,74497517,74503316,-1,2,0,0.75,17,6,11,0,0.0,68.0,0.0,0,0,77.18261666666668
ENSG00000115289,PCGF1,chr2,74505041,74508361,-1,1,0,0.79,9,1,7,0,0.0,123.0,0.0,1,0,76.83680000000001
ENSG00000115297,TLX2,chr2,74513463,74517148,1,1,0,0.77,11,2,9,0,0.0,234.0,0.0,0,0,76.36328
ENSG00000144045,DQX1,chr2,74518131,74526396,-1,0,1463,,13,1,4,2,0.0,20.0,0.0,0,0,75.99294444444445
ENSG00000115307,AUP1,chr2,74526636,74529788,-1,1,0,0.8,6,1,5,0,0.0,51.0,0.0,1,0,75.6655
ENSG00000115317,HTRA2,chr2,74529596,74533350,1,1,0,0.8,9,1,6,1,0.0,430.0,0.0,1,0,75.52165
ENSG00000115318,LOXL3,chr2,74532258,74555718,-1,2,0,0.81,38,6,23,3,0.0,173.0,0.0,1,0,74.98840799999999
ENSG00000115325,DOK1,chr2,74548875,74557554,1,2,0,0.81,22,6,15,0,0.0,131.0,0.0,1,0,74.61967999999999
ENSG00000159374,M1AP,chr2,74557883,74648350,-1,1,0,0.88,95,2,72,4,0.0,179.0,0.0,0,0,73.97725384615384
ENSG00000135622,SEMA4F,chr2,74654226,74690634,1,1,0,1.0,24,1,10,4,0.0,52.0,0.0,1,0,75.1242
ENSG00000159399,HK2,chr2,74834079,74893359,1,1,0,0.91,107,2,100,1,0.0,526.0,0.0,3,0,73.59617
ENSG00000115350,POLE4,chr2,74958643,74970128,1,1,0,0.94,7,1,4,0,0.0,97.0,0.0,1,0,67.15068333333333
ENSG00000115353,TACR1,chr2,75046463,75199520,-1,1,0,0.68,137,3,78,18,0.0,523.0,0.0,0,0,58.719806451612904
ENSG00000115363,EVA1A,chr2,75469302,75571036,-1,2,0,0.795,128,5,95,2,0.0,170.0,0.0,0,0,40.7721786407767
ENSG00000115364,MRPL19,chr2,75646783,75690851,1,1,0,0.9,33,1,21,3,0.0,81.0,0.0,1,0,37.48888444444444
ENSG00000005436,GCFC2,chr2,75652000,75711184,-1,1,0,0.99,42,2,24,4,0.0,105.0,0.0,1,0,37.521741666666664
ENSG00000176204,LRRTM4,chr2,76747685,77593319,-1,0,1036672,,363,2,213,31,0.0,88.0,0.0,0,0,16.658549657210404
ENSG00000143954,REG3G,chr2,79025686,79028505,1,0,32220,,3,1,2,0,0.0,208.0,0.0,0,0,18.560674999999996
ENSG00000172023,REG1B,chr2,79085023,79088019,-1,0,91557,,2,0,2,0,0.0,165.0,0.0,0,0,18.7035
ENSG00000115386,REG1A,chr2,79120362,79123409,1,0,126896,,5,1,4,0,0.0,669.0,0.0,0,0,19.3707
ENSG00000172016,REG3A,chr2,79157003,79159753,-1,0,163537,,3,1,1,0,0.0,480.0,0.0,0,0,20.324675
ENSG00000066032,CTNNA2,chr2,79185231,80648861,1,4,0,0.955,885,9,505,71,0.0,390.0,0.0,0,0,27.49340600272851
ENSG00000162951,LRRTM1,chr2,80288351,80304752,-1,2,0,0.89,30,4,20,3,0.0,75.0,0.0,0,0,36.22650555555556
ENSG00000163541,SUCLG1,chr2,84423528,84460045,-1,1,0,0.76,36,1,29,4,0.0,161.0,0.0,1,0,34.90871621621621
ENSG00000115423,DNAH6,chr2,84516455,84819589,1,1,0,0.96,183,1,123,10,0.0,109.0,0.0,5,0,40.19773737704918
ENSG00000186854,TRABD2A,chr2,84821650,84907008,-1,2,0,0.875,139,4,131,0,0.0,54.0,0.0,13,0,46.009898837209306
ENSG00000034510,TMSB10,chr2,84904923,84906680,1,1,0,0.93,5,1,4,0,0.0,200.0,0.0,1,0,48.62643333333333
ENSG00000176407,KCMF1,chr2,84970644,85059472,1,1,0,1.06,96,2,88,3,0.0,43.0,0.0,2,0,53.34652444444445
ENSG00000152284,TCF7L1,chr2,85133392,85310388,1,1,0,0.92,222,2,201,1,0.0,149.0,0.0,3,0,61.25419606741572
ENSG00000152291,TGOLN2,chr2,85318027,85328251,-1,1,0,0.78,19,2,16,0,0.0,59.0,0.0,1,0,65.52603636363636
ENSG00000042445,RETSAT,chr2,85341954,85354655,-1,1,0,0.81,16,1,9,1,0.0,82.0,0.0,1,0,66.50517857142857
ENSG00000115459,ELMOD3,chr2,85354394,85391752,1,1,0,0.81,36,2,29,2,0.0,63.0,0.0,1,0,67.5982564102564
ENSG00000042493,CAPG,chr2,85393587,85422017,-1,2,0,0.8,61,6,54,0,0.0,602.0,0.0,3,0,69.39001034482759
ENSG00000152292,SH2D6,chr2,85418714,85437029,1,1,0,0.9,36,5,30,0,0.0,22.0,0.0,2,0,70.52677368421053
ENSG00000168906,MAT2A,chr2,85539165,85545281,1,1,0,1.06,15,2,13,0,0.0,192.0,0.0,1,0,76.31588571428571
ENSG00000115486,GGCX,chr2,85544720,85561819,-1,1,0,0.91,36,1,30,0,0.0,125.0,0.0,1,0,76.6422388888889
ENSG00000118640,VAMP8,chr2,85561562,85582031,1,1,0,0.91,25,2,15,1,0.0,285.0,0.0,2,0,77.03877142857144
ENSG00000168899,VAMP5,chr2,85584431,85593406,1,1,0,0.86,17,1,15,0,0.0,122.0,0.0,1,0,77.27393
ENSG00000168894,RNF181,chr2,85595693,85598589,1,1,0,0.85,7,1,6,0,0.0,45.0,0.0,1,0,77.3619
ENSG00000168890,TMEM150A,chr2,85598547,85603201,-1,1,0,0.83,13,2,10,0,0.0,27.0,0.0,1,0,77.39054
ENSG00000168883,USP39,chr2,85602856,85657710,1,3,0,1.02,75,3,65,0,0.0,185.0,0.0,4,0,77.61892321428572
ENSG00000168887,C2orf68,chr2,85605254,85612066,-1,1,0,0.9,13,1,11,0,0.0,27.0,0.0,1,0,77.4454125
ENSG00000168878,SFTPB,chr2,85655154,85668741,-1,0,38600,,33,2,31,0,0.0,284.0,0.0,0,0,77.99249999999999
ENSG00000115523,GNLY,chr2,85685175,85698852,1,0,54524,,21,2,18,0,0.0,278.0,0.0,0,0,78.82890666666667
ENSG00000168874,ATOH8,chr2,85751344,85791383,1,2,0,0.86,83,1,80,0,0.0,90.0,0.0,0,0,82.70336097560975
ENSG00000115525,ST3GAL5,chr2,85837120,85905199,-1,1,0,0.96,98,6,88,0,0.0,192.0,0.0,3,0,80.97278550724636
ENSG00000068654,POLR1A,chr2,86020216,86106155,-1,1,0,0.92,114,2,103,2,0.0,91.0,0.0,6,0,75.34707701149425
ENSG00000132300,PTCD3,chr2,86106223,86142157,1,1,0,0.92,27,2,19,0,0.0,73.0,0.0,1,0,76.48287027027025
ENSG00000132305,IMMT,chr2,86142798,86195626,-1,1,0,1.0,41,2,35,1,0.0,268.0,0.0,3,0,76.6143685185185
ENSG00000132313,MRPL35,chr2,86199355,86213790,1,0,3620,,19,1,15,0,0.0,37.0,0.0,1,0,76.36905625
ENSG00000068615,REEP1,chr2,86213993,86338083,-1,1,0,1.04,149,3,133,0,0.0,145.0,0.0,0,0,75.2336768
ENSG00000115548,KDM3A,chr2,86440647,86492716,1,1,0,0.99,57,2,50,0,0.0,391.0,0.0,2,0,67.09495660377358
ENSG00000115561,CHMP3,chr2,86503430,86563507,-1,1,0,0.84,53,2,35,1,0.0,94.0,0.0,1,0,64.0649564516129
ENSG00000249884,RNF103-CHMP3,chr2,86505668,86721122,-1,3,0,0.95,162,6,121,2,0.0,43.0,0.0,5,0,62.56553425925926
ENSG00000239305,RNF103,chr2,86603395,86623877,-1,1,0,1.08,20,2,15,1,0.0,32.0,0.0,1,0,62.95058181818181
ENSG00000153561,RMND5A,chr2,86720291,86778041,1,1,0,0.93,44,2,37,0,0.0,67.0,0.0,1,0,57.41543559322033
ENSG00000153563,CD8A,chr2,86784610,86808396,-1,2,0,0.84,31,2,28,0,0.0,2531.0,0.0,0,0,55.023891666666664
ENSG00000172116,CD8B,chr2,86815339,86861934,-1,1,0,0.81,71,2,69,0,0.0,291.0,0.0,0,0,53.7858875
ENSG00000187627,RGPD1,chr2,86913783,87013976,1,3,0,0.91,5,2,1,0,0.0,73.0,0.0,0,0,51.918749504950505
ENSG00000183281,PLGLB1,chr2,86996231,87021852,-1,0,53051,,1,0,1,0,0.0,16.0,0.0,0,0,51.324488888888894
ENSG00000125551,PLGLB2,chr2,87748085,87759723,1,0,65943,,2,0,2,0,0.0,10.0,0.0,0,0,57.31983076923078
ENSG00000185304,RGPD2,chr2,87755960,87825817,-1,1,0,1.07,2,1,1,0,0.0,215.0,0.0,0,0,64.10184366197183
ENSG00000172086,KRCC1,chr2,88027203,88064252,-1,1,0,0.92,40,2,32,3,0.0,69.0,0.0,1,0,60.74098157894736
ENSG00000115593,SMYD1,chr2,88067773,88113384,1,0,11718,,46,2,40,0,0.0,115.0,0.0,0,0,59.985400000000006
ENSG00000163586,FABP1,chr2,88122982,88128115,-1,0,42057,,11,1,8,0,0.0,408.0,0.0,0,0,60.34778333333333
ENSG00000144115,THNSL2,chr2,88170295,88186636,1,1,0,1.03,18,2,14,0,0.0,58.0,0.0,0,0,61.478144444444446
ENSG00000214336,FOXI3,chr2,88446787,88452693,-1,1,0,1.02,8,1,4,0,0.0,73.0,0.0,0,0,58.71988571428572
ENSG00000172073,SPMIP9,chr2,88524649,88529585,1,0,20332,,0,0,0,0,0.0,13.0,0.0,0,0,55.54058333333333
ENSG00000172071,EIF2AK3,chr2,88556741,88691518,-1,2,0,0.935,129,4,103,6,0.0,785.0,0.0,2,0,53.783519852941176
ENSG00000153574,RPIA,chr2,88691642,88750933,1,1,0,0.9,58,1,55,0,0.0,103.0,0.0,1,0,56.639061666666656
ENSG00000259916,AQP7B,chr2,94587101,94612744,1,0,122891,,8,1,4,1,0.0,5.0,0.0,0,0,-1.6296296296296295e-06
ENSG00000163060,TEKT4,chr2,94871430,94876823,1,2,0,0.72,12,1,2,1,0.0,139.0,0.0,0,0,-0.047055
ENSG00000172005,MAL,chr2,95025677,95054932,1,1,0,0.91,65,4,60,0,0.0,281.0,0.0,4,0,0.5417107
ENSG00000144029,MRPS5,chr2,95085369,95122006,-1,1,0,1.0,18,3,8,2,0.0,59.0,0.0,1,0,-0.8572235789473683
ENSG00000289685,,chr2,95085391,95165391,-1,2,0,0.97,39,8,16,2,0.0,0.0,0.0,4,0,-1.5680835308641974
ENSG00000144026,ZNF514,chr2,95122087,95165672,-1,3,0,0.9467,23,7,8,0,0.0,35.0,0.0,4,0,-2.188547333333333
ENSG00000275111,ZNF2,chr2,95165432,95184317,1,1,0,0.9,11,2,4,0,0.0,29.0,0.0,1,0,-2.2896805000000002
ENSG00000233757,ZNF892,chr2,95207521,95259774,1,1,0,0.84,25,2,13,0,0.0,4.0,0.0,1,0,4.688082490566037
ENSG00000155066,PROM2,chr2,95274444,95302296,1,0,43088,,41,2,34,2,0.0,230.0,0.0,0,0,17.676062068965518
ENSG00000115041,KCNIP3,chr2,95297327,95386081,1,1,0,0.94,125,2,98,7,0.0,197.0,0.0,0,0,29.105127777777778
ENSG00000115042,FAHD2A,chr2,95402691,95416616,1,1,0,0.83,10,1,6,2,0.0,13.0,0.0,1,0,35.85180666666667
ENSG00000144010,TRIM43B,chr2,95477008,95484754,-1,0,40469,,0,0,0,0,0.0,4.0,0.0,0,0,37.68407777777778
ENSG00000144015,TRIM43,chr2,95592001,95599778,1,0,41318,,0,0,0,0,0.0,10.0,0.0,0,0,46.04736666666667
ENSG00000174501,ANKRD36C,chr2,95836919,95991831,-1,1,0,0.77,26,1,14,3,0.0,31.0,0.0,1,0,46.67702692307692
ENSG00000186281,GPAT2,chr2,96021946,96039451,-1,1,0,0.71,9,0,9,0,0.0,184.0,0.0,0,0,47.31413333333333
ENSG00000274286,ADRA2B,chr2,96112876,96116571,-1,1,0,0.98,12,1,11,0,0.0,862.0,0.0,0,0,46.10302
ENSG00000188886,ASTL,chr2,96122818,96138564,-1,0,5631,,33,1,23,2,0.0,62.0,0.0,0,0,45.68477647058824
ENSG00000158050,DUSP2,chr2,96143166,96145440,-1,1,0,0.92,9,2,7,0,0.0,317.0,0.0,2,0,45.333433333333325
ENSG00000084090,STARD7,chr2,96184859,96208849,-1,1,0,0.92,40,3,36,0,0.0,119.0,0.0,2,0,44.2284
ENSG00000135956,TMEM127,chr2,96248500,96266047,-1,1,0,0.87,33,2,28,0,0.0,371.0,0.0,2,0,44.755211111111116
ENSG00000144021,CIAO1,chr2,96266159,96274173,1,1,0,0.87,14,1,9,0,0.0,44.0,0.0,1,0,45.16092222222222
ENSG00000144028,SNRNP200,chr2,96274338,96321271,-1,1,0,0.94,42,1,30,3,0.0,81.0,0.0,2,0,46.412272916666666
ENSG00000198885,ITPRIPL1,chr2,96324977,96330517,1,1,0,0.78,11,2,9,0,0.0,120.0,0.0,1,0,48.04655714285714
ENSG00000121152,NCAPH,chr2,96335734,96377091,1,1,0,1.22,45,1,39,1,0.0,115.0,0.0,7,0,49.69722857142857
ENSG00000163121,NEURL3,chr2,96497644,96508153,-1,2,0,0.79,26,3,22,1,0.0,42.0,0.0,0,0,52.2179909090909
ENSG00000196843,ARID5A,chr2,96536717,96552638,1,2,0,0.84,40,3,37,0,0.0,90.0,0.0,1,0,50.924294117647065
ENSG00000114982,KANSL3,chr2,96593170,96642787,-1,1,0,1.07,55,2,51,0,0.0,51.0,0.0,2,0,52.177682352941176
ENSG00000249715,FER1L5,chr2,96642737,96704887,1,0,4087,,69,1,50,5,0.0,30.0,0.0,0,0,57.45355396825396
ENSG00000114988,LMAN2L,chr2,96704993,96740084,-1,1,0,0.85,25,1,20,0,0.0,54.0,0.0,1,0,62.928647222222224
ENSG00000158158,CNNM4,chr2,96760898,96811888,1,1,0,0.96,74,2,59,3,0.0,165.0,0.0,3,0,67.9654596153846
ENSG00000168763,CNNM3,chr2,96816245,96835382,1,1,0,0.97,38,1,33,2,0.0,33.0,0.0,2,0,69.794985
ENSG00000163126,ANKRD23,chr2,96824526,96857934,-1,2,0,0.845,50,2,44,2,0.0,44.0,0.0,3,0,70.3689882352941
ENSG00000213337,ANKRD39,chr2,96836611,96858016,-1,2,0,0.845,33,3,30,0,0.0,23.0,0.0,3,0,70.57892272727271
ENSG00000168758,SEMA4C,chr2,96859718,96873840,-1,3,0,0.7767,35,1,33,0,0.0,111.0,0.0,3,0,71.22724666666666
ENSG00000168754,FAM178B,chr2,96875882,96986580,-1,1,0,0.82,203,4,181,0,0.0,18.0,0.0,6,0,72.91231160714285
ENSG00000144199,FAHD2B,chr2,97082040,97094903,-1,1,0,0.82,7,1,5,0,0.0,12.0,0.0,0,0,71.71197857142856
ENSG00000135976,ANKRD36,chr2,97113153,97264521,1,1,0,0.77,23,1,15,1,0.0,69.0,0.0,1,0,70.70697320261438
ENSG00000196912,ANKRD36B,chr2,97492663,97589877,-1,1,0,0.8,12,1,10,0,0.0,86.0,0.0,1,0,81.9613387755102
ENSG00000135940,COX5B,chr2,97646062,97648383,1,1,0,0.77,5,1,4,0,0.0,115.0,0.0,1,0,81.46986666666668
ENSG00000115073,ACTR1B,chr2,97655939,97664114,-1,1,0,0.91,20,1,16,1,0.0,56.0,0.0,2,0,80.89435555555556
ENSG00000228486,C2orf92,chr2,97664217,97703066,1,1,0,0.91,46,2,30,4,0.0,21.0,0.0,1,0,79.26611249999999
ENSG00000115085,ZAP70,chr2,97713576,97744327,1,4,0,0.78,69,2,60,1,0.0,556.0,0.0,2,0,74.32883225806451
ENSG00000075568,TMEM131,chr2,97756333,97996226,-1,1,0,1.11,218,1,180,6,0.0,61.0,0.0,2,0,67.82296099585062
ENSG00000168658,VWA3B,chr2,98087116,98313299,1,1,0,0.92,178,2,121,14,0.0,51.0,0.0,0,0,62.47195242290749
ENSG00000144191,CNGA3,chr2,98346188,98399797,1,1,0,0.79,45,3,31,1,0.0,104.0,0.0,0,0,64.22224727272729
ENSG00000040933,INPP4A,chr2,98444246,98594392,1,1,0,0.95,262,1,248,2,0.0,287.0,0.0,11,0,56.34703377483443
ENSG00000183513,COA5,chr2,98598242,98608515,-1,1,0,0.95,11,1,10,0,0.0,34.0,0.0,1,0,55.67416666666667
ENSG00000115446,UNC50,chr2,98608434,98618515,1,1,0,0.95,13,2,11,0,0.0,73.0,0.0,1,0,55.823783333333346
ENSG00000071073,MGAT4A,chr2,98619106,98732639,-1,1,0,1.1,123,4,113,0,0.0,180.0,0.0,10,0,55.10201652173914
ENSG00000196872,CRACDL,chr2,98793845,98936259,-1,2,0,0.94,196,1,169,11,0.0,85.0,0.0,1,0,51.26747832167832
ENSG00000135951,TSGA10,chr2,98995156,99154964,-1,2,0,0.93,69,6,38,9,0.0,201.0,0.0,2,0,56.64909503105591
ENSG00000273045,C2orf15,chr2,99141235,99151683,1,1,0,0.92,9,3,6,0,0.0,13.0,0.0,1,0,55.77395833333333
ENSG00000241962,,chr2,99141485,99322741,1,3,0,0.9033,111,5,71,6,0.0,0.0,0.0,3,0,54.09594808743169
ENSG00000144182,LIPT1,chr2,99154955,99163179,1,1,0,0.94,9,1,8,0,0.0,157.0,0.0,1,0,55.59362222222222
ENSG00000273155,,chr2,99154998,99195298,1,2,0,0.895,32,2,24,1,0.0,0.0,0.0,2,0,55.38648048780489
ENSG00000158411,MITD1,chr2,99161427,99181058,-1,1,0,0.85,12,1,11,0,0.0,60.0,0.0,1,0,55.43588571428571
ENSG00000185414,MRPL30,chr2,99181111,99199561,1,1,0,0.85,15,1,8,1,0.0,18.0,0.0,1,0,55.18863
ENSG00000185674,LYG2,chr2,99242169,99255666,-1,0,61009,,7,0,5,1,0.0,17.0,0.0,0,0,54.0615
ENSG00000144214,LYG1,chr2,99284238,99306110,-1,0,29915,,9,0,5,1,0.0,41.0,0.0,0,0,52.33658695652174
ENSG00000115514,TXNDC9,chr2,99318982,99340702,-1,1,0,0.96,19,3,12,0,0.0,57.0,0.0,1,0,50.75058695652173
ENSG00000158417,EIF5B,chr2,99337371,99401326,1,1,0,0.96,51,1,41,1,0.0,81.0,0.0,1,0,49.21699692307693
ENSG00000135945,REV1,chr2,99400475,99490260,-1,1,0,1.08,86,3,75,2,0.0,136.0,0.0,1,0,47.68816043956045
ENSG00000144218,AFF3,chr2,99545419,100192428,-1,2,0,1.01,689,4,592,15,0.0,404.0,0.0,0,0,55.386714175654845
ENSG00000170500,LONRF2,chr2,100271875,100322501,-1,1,0,0.96,56,1,46,1,0.0,101.0,0.0,0,0,55.44573461538461
ENSG00000115526,CHST10,chr2,100391860,100417826,-1,1,0,1.12,37,2,33,0,0.0,116.0,0.0,0,0,52.96766666666667
ENSG00000204640,NMS,chr2,100470482,100483280,1,0,52648,,4,0,0,2,0.0,32.0,0.0,0,0,52.46876428571429
ENSG00000115539,PDCL3,chr2,100562968,100577472,1,1,0,0.75,10,1,9,0,0.0,71.0,0.0,1,0,47.87790666666667
ENSG00000170485,NPAS2,chr2,100820091,100996829,1,1,0,0.99,244,4,208,6,0.0,287.0,0.0,2,0,50.441481460674154
ENSG00000071082,RPL31,chr2,101002229,101024032,1,0,33,,31,3,26,0,0.0,119.0,0.0,1,0,49.60700869565217
ENSG00000204634,TBC1D8,chr2,101005934,101252866,-1,2,0,0.98,287,3,244,8,0.0,288.0,0.0,1,0,48.071858870967745
ENSG00000158435,CNOT11,chr2,101252873,101270316,1,1,0,1.0,29,1,25,0,0.0,28.0,0.0,1,0,43.755494444444444
ENSG00000163162,RNF149,chr2,101271219,101308724,-1,1,0,1.04,41,1,36,0,0.0,79.0,0.0,1,0,42.824187179487176
ENSG00000175874,CREG2,chr2,101345550,101387503,-1,1,0,0.94,53,1,43,3,0.0,38.0,0.0,2,0,42.873939534883725
ENSG00000196460,RFX8,chr2,101397359,101475112,-1,1,0,0.91,90,2,76,0,0.0,180.0,0.0,1,0,44.32037215189874
ENSG00000071054,MAP4K4,chr2,101696850,101894690,1,1,0,1.26,277,3,266,1,0.0,394.0,0.0,6,0,57.24114120603014
ENSG00000115590,IL1R2,chr2,101991824,102029018,1,0,113328,,55,3,49,0,0.0,357.0,0.0,0,0,53.825773684210525
ENSG00000115594,IL1R1,chr2,102063933,102179874,1,1,0,0.9,164,3,151,2,0.0,1115.0,0.0,2,0,52.56614957264958
ENSG00000115598,IL1RL2,chr2,102186980,102240002,1,1,0,0.68,54,1,44,0,0.0,288.0,0.0,1,0,55.7687222222222
ENSG00000115602,IL1RL1,chr2,102311502,102352353,1,0,3305,,42,2,32,4,0.0,787.0,0.0,0,0,56.58090731707317
ENSG00000115604,IL18R1,chr2,102311529,102398777,1,1,0,0.84,81,4,57,8,0.0,872.0,0.0,3,0,56.34422386363636
ENSG00000115607,IL18RAP,chr2,102418570,102452567,1,0,62434,,35,3,30,1,0.0,343.0,0.0,1,0,56.31347428571428
ENSG00000180251,SLC9A4,chr2,102473226,102533972,1,0,84945,,61,1,55,2,0.0,88.0,0.0,0,0,57.38991451612903
ENSG00000115616,SLC9A2,chr2,102619553,102711355,1,1,0,0.94,77,1,52,3,0.0,86.0,0.0,0,0,58.53627717391305
ENSG00000135953,MFSD9,chr2,102714630,102736888,-1,1,0,1.02,22,1,17,0,0.0,36.0,0.0,1,0,58.15566521739129
ENSG00000170417,TMEM182,chr2,102736905,103019900,1,1,0,1.02,182,3,134,11,0.0,170.0,0.0,1,0,55.59680774647887
ENSG00000198914,POU3F3,chr2,104853287,104858574,1,1,0,1.09,18,3,15,0,0.0,235.0,0.0,0,0,18.453371428571426
ENSG00000135972,MRPS9,chr2,105038025,105099960,1,1,0,0.87,42,1,35,2,0.0,44.0,0.0,1,0,24.554179365079364
ENSG00000135973,GPR45,chr2,105241743,105243467,1,1,0,0.85,2,0,2,0,0.0,26.0,0.0,0,0,30.884900000000002
ENSG00000135966,TGFBRAP1,chr2,105264359,105329735,-1,1,0,0.66,65,2,56,2,0.0,50.0,0.0,1,0,32.337473134328356
ENSG00000135974,C2orf49,chr2,105337532,105350712,1,1,0,0.87,12,1,9,0,0.0,22.0,0.0,1,0,33.072042857142854
ENSG00000115641,FHL2,chr2,105357712,105438585,-1,1,0,0.73,148,8,140,0,0.0,304.0,0.0,0,0,35.03535609756098
ENSG00000071051,NCK2,chr2,105744369,105894275,1,3,0,0.8933,242,4,237,1,0.0,77.0,0.0,24,0,56.04992913907285
ENSG00000119147,ECRG4,chr2,106063246,106078155,1,1,0,0.76,18,1,14,2,0.0,175.0,0.0,0,0,58.394043749999994
ENSG00000115652,UXS1,chr2,106093303,106194365,-1,1,0,0.9,132,2,127,0,0.0,145.0,0.0,8,0,59.991863725490205
ENSG00000153165,RGPD3,chr2,106391290,106468413,-1,1,0,0.99,8,1,2,2,0.0,193.0,0.0,0,0,49.85232948717948
ENSG00000254126,CD8B2,chr2,106487364,106544297,1,1,0,0.94,61,2,43,3,0.0,128.0,0.0,0,0,48.58602068965517
ENSG00000144057,ST6GAL2,chr2,106801600,106887284,-1,2,0,0.88,92,2,86,0,0.0,136.0,0.0,0,0,48.150441860465115
ENSG00000196862,RGPD4,chr2,107826892,107892544,1,1,0,0.98,8,0,0,1,0.0,95.0,0.0,0,0,24.620614925373136
ENSG00000115665,SLC5A7,chr2,107986523,108013994,1,1,0,1.0,11,1,4,1,0.0,275.0,0.0,0,0,24.8854
ENSG00000196228,SULT1C3,chr2,108239968,108266254,1,0,182799,,20,1,14,1,0.0,16.0,0.0,0,0,32.85318148148148
ENSG00000198203,SULT1C2,chr2,108288639,108309915,1,0,139138,,18,1,12,0,0.0,71.0,0.0,0,0,33.90130454545454
ENSG00000198075,SULT1C4,chr2,108377911,108388989,1,0,60064,,15,2,12,0,0.0,30.0,0.0,0,0,34.64
ENSG00000135968,GCC2,chr2,108449107,108509415,1,1,0,1.05,27,1,17,0,0.0,77.0,0.0,1,0,34.51752459016394
ENSG00000169756,LIMS1,chr2,108533671,108687246,1,1,0,1.19,197,8,181,0,0.0,156.0,0.0,9,0,39.27706168831168
ENSG00000153201,RANBP2,chr2,108719437,108785810,1,1,0,1.0,26,1,19,1,1.0,449.0,1.0,1,0,47.82641911764706
ENSG00000163006,CCDC138,chr2,108786745,108885477,1,1,0,0.91,60,1,31,3,0.0,42.0,0.0,2,0,54.473765656565654
ENSG00000135960,EDAR,chr2,108894471,108989372,-1,1,0,0.97,119,1,93,6,0.0,552.0,0.0,0,0,59.536406250000006
ENSG00000172985,SH3RF3,chr2,109129205,109504634,1,1,0,0.98,560,1,498,15,0.0,58.0,0.0,1,0,63.991784615384624
ENSG00000186522,SEPTIN10,chr2,109542797,109614157,-1,1,0,1.04,60,1,51,3,0.0,132.0,0.0,1,0,57.46574166666667
ENSG00000198142,SOWAHC,chr2,109614364,109618990,1,1,0,1.04,11,0,10,0,0.0,27.0,0.0,0,0,55.3049
ENSG00000015568,RGPD5,chr2,109792758,109857705,1,1,0,1.09,1,0,0,0,0.0,82.0,0.0,0,0,44.17319696969696
ENSG00000256977,LIMS3,chr2,109898428,109925625,1,0,21890,,0,0,0,0,0.0,14.0,0.0,0,0,40.700962068965524
ENSG00000284337,,chr2,109898432,109968557,1,1,0,0.82,0,0,0,0,0.0,0.0,0.0,0,0,40.811498611111105
ENSG00000144063,MALL,chr2,110083870,110116022,-1,1,0,0.82,36,1,34,0,0.0,49.0,0.0,0,0,26.216460606060604
ENSG00000144061,NPHP1,chr2,110122311,110205066,-1,1,0,0.83,52,1,38,2,0.0,430.0,0.0,1,0,15.670772619047616
ENSG00000175701,MTLN,chr2,110211529,110245420,-1,1,0,0.96,21,1,15,0,0.0,47.0,0.0,1,0,19.665411764705883
ENSG00000257207,,chr2,110402934,110473075,-1,1,0,0.85,0,0,0,0,0.0,0.0,0.0,0,0,34.973591549295776
ENSG00000256671,LIMS4,chr2,110445883,110473075,-1,0,21853,,0,0,0,0,0.0,5.0,0.0,0,0,33.686367857142855
ENSG00000183054,RGPD6,chr2,110513802,110610840,-1,2,0,1.005,6,2,2,0,0.0,83.0,0.0,0,0,13.776878265306124
ENSG00000169679,BUB1,chr2,110636333,110678078,-1,1,0,0.77,39,1,29,1,0.0,443.0,0.0,3,0,1.091129930232558
ENSG00000153093,ACOXL,chr2,110732524,111118548,1,2,0,0.925,393,2,302,24,0.0,146.0,0.0,2,0,42.02277157622739
ENSG00000153094,BCL2L11,chr2,111119378,111168444,1,1,0,0.92,72,1,68,1,0.0,842.0,0.0,3,0,40.082187999999995
ENSG00000293584,,chr2,111121153,111123765,1,1,0,0.92,8,0,8,0,0.0,83.0,0.0,2,0,44.123425
ENSG00000153107,ANAPC1,chr2,111611639,111884690,-1,1,0,0.93,196,4,161,10,0.0,186.0,0.0,1,0,62.83545
ENSG00000153208,MERTK,chr2,111898607,112029561,1,1,0,0.75,151,1,129,3,0.0,923.0,0.0,0,0,67.58277272727273
ENSG00000153214,TMEM87B,chr2,112055269,112119318,1,1,0,0.81,57,2,47,2,0.0,75.0,0.0,1,0,66.38963384615386
ENSG00000144152,FBLN7,chr2,112138385,112188218,1,4,0,0.7925,83,3,70,2,0.0,115.0,0.0,3,0,67.35242352941177
ENSG00000144161,ZC3H8,chr2,112211529,112255151,-1,1,0,0.9,28,2,16,2,0.0,62.0,0.0,1,0,70.17698636363635
ENSG00000188177,ZC3H6,chr2,112275597,112340059,1,1,0,1.05,50,1,35,0,0.0,29.0,0.0,1,0,71.98655692307693
ENSG00000169629,RGPD8,chr2,112368369,112434488,-1,1,0,0.96,9,2,5,1,0.0,84.0,0.0,1,0,71.87345373134329
ENSG00000114999,TTL,chr2,112482113,112541739,1,1,0,1.04,41,1,33,0,0.0,90.0,0.0,3,0,75.01694590163936
ENSG00000125630,POLR1B,chr2,112541915,112579818,1,1,0,0.85,26,4,14,2,0.0,87.0,0.0,1,0,74.21519743589742
ENSG00000125611,CHCHD5,chr2,112584240,112589275,1,1,0,0.83,9,2,7,0,0.0,28.0,0.0,1,0,72.88218333333333
ENSG00000144136,SLC20A1,chr2,112645854,112663829,1,1,0,1.0,35,1,34,0,0.0,487.0,0.0,1,0,68.8917842105263
ENSG00000144130,NT5DC4,chr2,112721020,112742879,1,0,21462,,37,0,36,0,0.0,21.0,0.0,0,0,67.44458260869567
ENSG00000169607,CKAP2L,chr2,112736349,112764664,-1,1,0,0.93,31,1,29,0,0.0,85.0,0.0,1,0,67.32437333333333
ENSG00000115008,IL1A,chr2,112773925,112784493,-1,0,8928,,19,1,18,0,0.0,1813.0,0.0,0,0,67.04831818181817
ENSG00000125538,IL1B,chr2,112829751,112836816,-1,0,64754,,17,1,16,0,0.0,2616.0,0.0,0,0,66.2386
ENSG00000125571,IL37,chr2,112911165,112918882,1,0,132058,,9,0,8,0,0.0,1048.0,0.0,0,0,66.3235
ENSG00000136688,IL36G,chr2,112973203,112985658,1,0,65282,,8,0,7,0,0.0,363.0,0.0,0,0,66.90804285714286
ENSG00000136694,IL36A,chr2,113005459,113008044,1,0,42896,,2,0,0,0,0.0,180.0,0.0,0,0,66.749475
ENSG00000136696,IL36B,chr2,113022089,113052867,-1,1,0,0.73,23,0,11,2,0.0,121.0,0.0,0,0,66.340534375
ENSG00000136695,IL36RN,chr2,113058638,113065382,1,0,7459,,7,3,4,0,0.0,247.0,0.0,0,0,66.00828571428572
ENSG00000136697,IL1F10,chr2,113067970,113075843,1,0,16791,,14,0,14,0,0.0,255.0,0.0,0,0,65.91205555555557
ENSG00000136689,IL1RN,chr2,113099315,113134016,1,0,23088,,51,1,47,1,0.0,874.0,0.0,0,0,66.12380555555556
ENSG00000125637,PSD4,chr2,113157325,113209396,1,2,0,0.94,99,2,92,0,0.0,63.0,0.0,10,0,68.4328924528302
ENSG00000125618,PAX8,chr2,113215997,113278921,-1,3,0,0.9133,102,4,97,0,3.0,716.0,1.0,3,0,72.084809375
ENSG00000136682,ZNG1B,chr2,113437691,113496204,1,1,0,0.94,10,1,4,0,0.0,47.0,0.0,1,0,80.64110169491525
ENSG00000184492,FOXD4L1,chr2,113498665,113501150,1,1,0,0.81,6,0,4,0,0.0,12.0,0.0,0,0,79.7204
ENSG00000144134,RABL2A,chr2,113627215,113643407,1,1,0,0.81,8,1,1,0,0.0,168.0,0.0,1,0,73.77182352941176
ENSG00000115084,SLC35F5,chr2,113705011,113756693,-1,1,0,1.16,34,2,22,4,0.0,39.0,0.0,1,0,67.61816792452831
ENSG00000115091,ACTR3,chr2,113889600,113962596,1,1,0,0.8,63,4,52,0,0.0,120.0,0.0,1,0,59.25558783783784
ENSG00000175497,DPP10,chr2,114442299,115845780,1,2,0,0.93,627,5,306,69,0.0,212.0,0.0,0,0,37.12988100995732
ENSG00000088205,DDX18,chr2,117814673,117832379,1,1,0,1.01,15,1,14,0,0.0,73.0,0.0,1,0,15.776427777777778
ENSG00000125633,CCDC93,chr2,117915478,118014192,-1,1,0,0.81,118,2,93,11,0.0,65.0,0.0,1,0,13.525682000000002
ENSG00000125629,INSIG2,chr2,118088137,118112313,1,1,0,0.9,29,1,25,0,0.0,191.0,0.0,1,0,19.20224
ENSG00000163064,EN1,chr2,118842171,118847648,-1,2,0,0.99,18,1,17,0,0.0,466.0,0.0,0,0,38.41242857142858
ENSG00000019169,MARCO,chr2,118942172,118994664,1,0,16903,,41,1,32,1,0.0,346.0,0.0,0,0,34.234374074074076
ENSG00000144119,C1QL2,chr2,119156243,119158751,-1,1,0,0.84,7,1,2,0,0.0,71.0,0.0,0,0,27.671275
ENSG00000115107,STEAP3,chr2,119222447,119265652,1,3,0,0.8067,78,2,64,4,0.0,448.0,0.0,0,0,28.040935555555546
ENSG00000186132,C2orf76,chr2,119299439,119366860,-1,1,0,0.74,64,2,52,1,0.0,23.0,0.0,1,0,30.239168115942025
ENSG00000155368,DBI,chr2,119366917,119372551,1,1,0,0.74,10,3,7,0,0.0,295.0,0.0,1,0,31.27372857142857
ENSG00000171227,TMEM37,chr2,119429901,119438504,1,2,0,0.895,21,2,18,0,0.0,941.0,0.0,0,0,32.78093
ENSG00000080293,SCTR,chr2,119439839,119525301,-1,1,0,0.86,104,2,74,3,0.0,308.0,0.0,0,0,33.517447674418605
ENSG00000163075,CFAP221,chr2,119544432,119662251,1,1,0,0.88,95,2,69,4,0.0,38.0,0.0,0,0,35.070472268907565
ENSG00000144120,TMEM177,chr2,119679137,119686507,1,1,0,0.83,16,1,13,0,0.0,17.0,0.0,1,0,37.249
ENSG00000088179,PTPN4,chr2,119759604,119984899,1,1,0,0.87,155,2,118,7,0.0,109.0,0.0,5,0,45.26159292035398
ENSG00000115109,EPB41L5,chr2,120013066,120179119,1,1,0,0.99,122,2,87,8,0.0,88.0,0.0,2,0,51.660892215568865
ENSG00000226479,TMEM185B,chr2,120217479,120223400,-1,1,0,0.94,9,1,8,0,0.0,112.0,0.0,1,0,49.78921428571429
ENSG00000144118,RALB,chr2,120240050,120305300,1,1,0,0.84,97,1,93,0,0.0,92.0,0.0,1,0,50.44191969696969
ENSG00000163083,INHBB,chr2,120346136,120351803,1,3,0,0.8433,16,1,15,0,0.0,205.0,0.0,0,0,54.1407
ENSG00000074047,GLI2,chr2,120735623,120992653,1,5,0,0.878,440,4,374,16,0.0,1200.0,0.0,0,0,62.8280965116279
ENSG00000115112,TFCP2L1,chr2,121216587,121285202,-1,2,0,0.89,71,1,65,1,0.0,151.0,0.0,0,0,50.64863188405796
ENSG00000074054,CLASP1,chr2,121337776,121649599,-1,2,0,0.835,328,4,288,6,0.0,147.0,0.0,2,0,44.157199680511184
ENSG00000155438,NIFK,chr2,121726945,121736912,-1,1,0,1.07,9,1,6,0,0.0,159.0,0.0,1,0,45.229881818181816
ENSG00000211460,TSN,chr2,121737103,121767853,1,2,0,1.0,27,4,17,1,0.0,138.0,0.0,3,0,45.66924375000001
ENSG00000155052,CNTNAP5,chr2,124025287,124921219,1,1,0,0.89,504,1,242,60,0.0,110.0,0.0,0,0,15.2692751393534
ENSG00000136732,GYPC,chr2,126655938,126696667,1,1,0,0.93,68,1,66,0,0.0,253.0,0.0,3,0,20.607861904761904
ENSG00000237524,TEX51,chr2,126898864,126902097,1,0,12336,,1,0,0,1,0.0,15.0,0.0,0,0,29.258699999999997
ENSG00000136717,BIN1,chr2,127048017,127107556,-1,2,0,0.815,140,3,137,0,0.0,320.0,0.0,5,0,37.99229344262295
ENSG00000186684,CYP27C1,chr2,127183832,127220385,-1,1,0,0.76,36,3,22,4,0.0,24.0,0.0,0,0,44.44191081081081
ENSG00000163161,ERCC3,chr2,127257285,127294188,-1,1,0,0.83,24,1,15,0,2.0,298.0,1.0,1,0,51.17691052631579
ENSG00000169967,MAP3K2,chr2,127298668,127388465,-1,1,0,1.09,73,2,54,5,0.0,138.0,0.0,1,0,54.96414555555556
ENSG00000115718,PROC,chr2,127415933,127429762,1,3,0,0.7933,30,3,13,1,0.0,322.0,0.0,0,0,54.11378
ENSG00000163166,IWS1,chr2,127436207,127526886,-1,1,0,0.93,83,4,65,2,0.0,60.0,0.0,1,0,52.8959652173913
ENSG00000169994,MYO7B,chr2,127535683,127637729,1,2,0,0.73,156,4,142,3,0.0,67.0,0.0,1,0,52.61002718446602
ENSG00000072163,LIMS2,chr2,127638381,127681786,-1,4,0,0.8375,98,11,85,0,0.0,74.0,0.0,1,0,51.743004444444445
ENSG00000144230,GPR17,chr2,127645864,127656181,1,2,0,0.695,27,4,23,0,0.0,145.0,0.0,0,0,51.81638181818182
ENSG00000136709,WDR33,chr2,127701027,127811187,-1,3,0,0.92,125,2,100,1,0.0,66.0,0.0,2,0,53.0791009009009
ENSG00000173349,SFT2D3,chr2,127701497,127705242,1,1,0,1.05,9,1,8,0,0.0,2.0,0.0,1,0,51.72446
ENSG00000144231,POLR2D,chr2,127843553,127858155,-1,1,0,0.96,12,3,6,2,0.0,46.0,0.0,1,0,57.09257333333334
ENSG00000144233,AMMECR1L,chr2,127861630,127885967,-1,1,0,0.93,22,3,13,0,0.0,21.0,0.0,0,0,58.535487999999994
ENSG00000136715,SAP130,chr2,127941217,128028124,-1,1,0,0.96,60,2,46,1,0.0,113.0,0.0,2,0,65.58696136363636
ENSG00000136731,UGGT1,chr2,128091151,128195677,1,1,0,0.97,84,2,71,4,0.0,333.0,0.0,2,0,69.58045566037737
ENSG00000136720,HS6ST1,chr2,128236716,128318868,-1,2,0,0.865,152,1,140,2,0.0,85.0,0.0,0,0,69.24728674698795
ENSG00000222014,RAB6C,chr2,129979666,129982738,1,1,0,0.82,5,2,3,0,0.0,27.0,0.0,0,0,32.120025
ENSG00000196604,POTEF,chr2,130073535,130129222,-1,1,0,1.23,5,1,2,0,0.0,30.0,0.0,0,0,31.272303571428576
ENSG00000152076,CCDC74B,chr2,130139287,130145134,-1,2,0,0.645,13,1,5,0,0.0,18.0,0.0,0,0,31.475185714285715
ENSG00000136699,SMPD4,chr2,130151392,130183901,-1,1,0,0.99,43,2,33,1,0.0,145.0,0.0,2,0,31.53661176470588
ENSG00000152082,MZT2B,chr2,130181737,130190729,1,1,0,0.99,17,2,13,1,0.0,21.0,0.0,2,0,31.578539999999997
ENSG00000152086,TUBA3E,chr2,130191745,130198439,-1,1,0,0.73,8,0,5,0,0.0,288.0,0.0,0,0,31.605785714285712
ENSG00000136710,VMA22,chr2,130337922,130342699,-1,1,0,0.78,8,2,5,0,0.0,71.0,0.0,1,0,35.16283333333333
ENSG00000136718,IMP4,chr2,130342403,130347967,1,1,0,0.78,13,2,10,0,0.0,36.0,0.0,1,0,35.396242857142866
ENSG00000072135,PTPN18,chr2,130356027,130375405,1,2,0,0.86,25,1,21,0,0.0,209.0,0.0,2,0,36.518254999999996
ENSG00000196834,POTEI,chr2,130459455,130509707,-1,0,13002,,2,0,0,0,0.0,9.0,0.0,0,0,41.59888846153846
ENSG00000152093,CFC1B,chr2,130521197,130528604,1,1,0,0.88,0,0,0,0,0.0,95.0,0.0,0,0,42.10966666666666
ENSG00000136698,CFC1,chr2,130592165,130599575,-1,1,0,0.88,2,0,0,0,0.0,122.0,0.0,0,0,43.39848888888889
ENSG00000222038,POTEJ,chr2,130611440,130658037,1,0,13378,,5,0,3,1,0.0,9.0,0.0,0,0,45.29746666666667
ENSG00000173302,GPR148,chr2,130729070,130730336,1,0,1183,,4,1,3,0,0.0,35.0,0.0,0,0,51.8428
ENSG00000178171,AMER3,chr2,130755540,130768134,1,1,0,0.94,25,3,22,0,0.0,21.0,0.0,0,0,53.75786153846154
ENSG00000136002,ARHGEF4,chr2,130836914,131047263,1,5,0,0.896,215,4,164,12,0.0,61.0,0.0,0,0,60.57260142180095
ENSG00000284479,SMIM39,chr2,131034928,131047253,1,2,0,0.925,34,1,32,0,0.0,17.0,0.0,0,0,63.46997692307693
ENSG00000152102,FAM168B,chr2,131047876,131093487,-1,1,0,1.14,56,1,48,1,0.0,90.0,0.0,1,0,64.52887173913045
ENSG00000115762,PLEKHB2,chr2,131104847,131353709,1,6,0,0.9267,109,7,60,8,0.0,43.0,0.0,1,0,58.51720480000001
ENSG00000188219,POTEE,chr2,131209536,131265278,1,1,0,1.27,7,1,4,0,0.0,26.0,0.0,0,0,56.62969285714286
ENSG00000233087,RAB6D,chr2,131360492,131364168,-1,1,0,0.84,3,2,1,0,0.0,1.0,0.0,0,0,54.15993999999999
ENSG00000173272,MZT2A,chr2,131464900,131492743,-1,2,0,0.835,31,3,24,0,0.0,30.0,0.0,2,0,52.266027586206896
ENSG00000075886,TUBA3D,chr2,131476119,131482934,1,1,0,0.76,8,1,5,0,0.0,40.0,0.0,0,0,52.2422625
ENSG00000163040,CCDC74A,chr2,131527675,131533666,1,1,0,0.6,15,1,11,0,0.0,13.0,0.0,0,0,53.07190000000001
ENSG00000163046,ANKRD30BL,chr2,132147591,132257969,-1,2,0,0.755,28,0,6,1,0.0,14.0,0.0,0,0,68.34905225225225
ENSG00000183840,GPR39,chr2,132416805,132646582,1,3,0,0.92,204,2,153,5,0.0,199.0,0.0,0,0,64.19328051948051
ENSG00000150551,LYPD1,chr2,132643286,132671579,-1,2,0,0.935,42,2,36,0,0.0,88.0,0.0,0,0,55.543440000000004
ENSG00000176771,NCKAP5,chr2,132671788,133568463,-1,1,0,0.78,688,5,403,66,0.0,104.0,0.0,0,0,35.578280490523966
ENSG00000152127,MGAT5,chr2,134119933,134454621,1,2,0,0.905,482,6,455,3,0.0,208.0,0.0,12,0,31.127975
ENSG00000152128,TMEM163,chr2,134455759,134719100,-1,1,0,1.04,268,2,195,21,0.0,187.0,0.0,1,0,42.08480984848485
ENSG00000153086,ACMSD,chr2,134838312,134902906,1,0,15296,,55,1,35,8,0.0,83.0,0.0,0,0,51.55686060606061
ENSG00000082258,CCNT2,chr2,134918235,134959342,1,1,0,1.02,28,1,25,0,0.0,179.0,0.0,1,0,48.433483333333335
ENSG00000176601,MAP3K19,chr2,134964485,135047468,-1,0,4754,,53,0,20,9,0.0,78.0,0.0,0,0,45.72339294117648
ENSG00000115839,RAB3GAP1,chr2,135052283,135176667,1,1,0,0.87,100,1,77,2,0.0,254.0,0.0,1,0,45.21692380952382
ENSG00000121988,ZRANB3,chr2,135136916,135531228,-1,0,172,,186,3,117,13,0.0,78.0,0.0,1,0,46.330120506329116
ENSG00000048991,R3HDM1,chr2,135531448,135725314,1,1,0,0.99,111,3,73,4,0.0,78.0,0.0,1,0,57.84186820512821
ENSG00000144224,UBXN4,chr2,135741631,135785063,1,1,0,0.95,32,1,25,1,0.0,49.0,0.0,2,0,60.52023409090909
ENSG00000115850,LCT,chr2,135787850,135837184,-1,0,38609,,57,2,39,6,0.0,505.0,0.0,0,0,59.46230200000001
ENSG00000076003,MCM6,chr2,135839626,135876479,-1,1,0,0.94,32,1,28,1,0.0,269.0,0.0,1,0,58.20335135135135
ENSG00000115866,DARS1,chr2,135905881,135986100,-1,1,0,0.79,67,2,60,1,0.0,180.0,0.0,4,0,56.0856024691358
ENSG00000121966,CXCR4,chr2,136114349,136119177,-1,2,0,0.88,14,5,9,0,2.0,1510.0,1.0,1,0,55.516766666666676
ENSG00000144229,THSD7B,chr2,136765545,137677718,1,1,0,0.88,400,1,180,56,0.0,106.0,0.0,0,0,40.59523800657175
ENSG00000150540,HNMT,chr2,137964020,138016364,1,0,485099,,50,3,27,2,0.0,222.0,0.0,0,0,18.062988679245283
ENSG00000144228,SPOPL,chr2,138501770,138574458,1,1,0,0.95,49,1,39,0,0.0,52.0,0.0,2,0,23.616605479452055
ENSG00000144227,NXPH2,chr2,138669157,138780390,-1,1,0,0.85,85,1,46,13,0.0,45.0,0.0,0,0,27.827307142857144
ENSG00000168702,LRP1B,chr2,140231423,142131016,-1,1,0,0.89,901,2,471,92,2.0,531.0,1.0,0,0,12.588963193056287
ENSG00000115919,KYNU,chr2,142877613,143055833,1,0,746629,,148,1,114,13,0.0,329.0,0.0,0,0,16.17201117318436
ENSG00000075884,ARHGAP15,chr2,143091362,143768352,1,0,168411,,560,3,445,22,0.0,309.0,0.0,13,0,21.400578171091446
ENSG00000121964,GTDC1,chr2,143938068,144333107,-1,1,0,0.99,341,2,265,12,0.0,82.0,0.0,3,0,35.103564898989895
ENSG00000169554,ZEB2,chr2,144364364,144521057,-1,2,0,1.035,232,14,216,0,0.0,511.0,0.0,4,0,41.07997088607595
ENSG00000121989,ACVR2A,chr2,147844378,147930826,1,1,0,1.18,65,3,40,2,5.0,546.0,1.0,1,0,18.506922727272727
ENSG00000115947,ORC4,chr2,147930396,148021784,-1,1,0,1.04,39,3,18,5,0.0,68.0,0.0,1,0,19.52605698924731
ENSG00000204406,MBD5,chr2,148021011,148516971,1,0,50,,258,3,138,24,0.0,173.0,0.0,2,0,24.86954185110664
ENSG00000135999,EPC2,chr2,148644440,148788609,1,1,0,1.05,110,2,76,5,0.0,101.0,0.0,2,0,26.96262397260274
ENSG00000168280,KIF5C,chr2,148875227,149026759,1,3,0,0.9267,173,5,149,4,0.0,156.0,0.0,2,0,26.78750130718954
ENSG00000150556,LYPD6B,chr2,149037975,149215262,1,1,0,0.82,163,3,124,7,0.0,79.0,0.0,0,0,37.40992078651686
ENSG00000187123,LYPD6,chr2,149329985,149474139,1,1,0,0.84,129,3,88,11,0.0,47.0,0.0,0,0,45.035136551724136
ENSG00000168288,MMADHC,chr2,149569634,149587812,-1,0,238656,,17,2,14,0,0.0,73.0,0.0,1,0,43.27567894736842
ENSG00000115963,RND3,chr2,150468195,150539011,-1,1,0,0.77,104,2,88,7,0.0,241.0,0.0,0,0,23.454204166666667
ENSG00000184898,RBM43,chr2,151247940,151261863,-1,1,0,0.82,17,1,12,0,0.0,44.0,0.0,1,0,20.144306666666672
ENSG00000123609,NMI,chr2,151270467,151289908,-1,1,0,0.76,16,1,13,0,0.0,107.0,0.0,1,0,20.355676190476192
ENSG00000123610,TNFAIP6,chr2,151357592,151380046,1,0,29711,,18,1,13,0,0.0,391.0,0.0,0,0,20.18577826086956
ENSG00000080345,RIF1,chr2,151409883,151508013,1,1,0,0.85,54,2,38,1,0.0,237.0,0.0,3,0,21.045903030303034
ENSG00000183091,NEB,chr2,151485336,151734487,-1,0,74564,,184,1,137,8,0.0,378.0,0.0,3,0,22.751256400000003
ENSG00000162980,ARL5A,chr2,151788984,151828531,-1,1,0,0.98,45,1,36,3,0.0,133.0,0.0,1,0,32.42550975609757
ENSG00000283228,,chr2,151802651,151973949,-1,1,0,0.98,170,5,136,9,0.0,0.0,0.0,1,0,36.60522209302325
ENSG00000182389,CACNB4,chr2,151832771,152099167,-1,1,0,0.96,275,7,196,22,0.0,587.0,0.0,0,0,40.927056179775285
ENSG00000115145,STAM2,chr2,152116801,152175771,-1,1,0,0.95,45,1,36,2,0.0,136.0,0.0,1,0,52.26427666666666
ENSG00000157827,FMNL2,chr2,152335136,152649831,1,1,0,0.92,445,3,433,1,0.0,154.0,0.0,0,0,57.38298734177214
ENSG00000196504,PRPF40A,chr2,152651593,152718048,-1,1,0,0.89,32,2,24,2,0.0,135.0,0.0,2,0,58.73450149253731
ENSG00000177917,ARL6IP6,chr2,152717647,152762396,1,1,0,0.89,45,6,28,3,0.0,70.0,0.0,1,0,57.70813555555556
ENSG00000177519,RPRM,chr2,153477338,153478762,-1,1,0,1.01,6,1,5,0,0.0,47.0,0.0,0,0,36.615399999999994
ENSG00000144278,GALNT13,chr2,153871398,154456630,1,3,0,0.76,270,2,116,29,0.0,87.0,0.0,0,0,21.00509063032368
ENSG00000162989,KCNJ3,chr2,154697855,154858354,1,1,0,0.75,87,3,47,7,0.0,270.0,0.0,0,0,12.767095031055902
ENSG00000153234,NR4A2,chr2,156324432,156342348,-1,4,0,0.785,51,5,45,0,0.0,434.0,0.0,2,0,30.27587368421053
ENSG00000115159,GPD2,chr2,156435290,156613735,1,1,0,0.8,146,5,117,3,0.0,289.0,0.0,1,0,29.552399444444443
ENSG00000136542,GALNT5,chr2,157257578,157318491,1,0,278796,,69,2,52,1,0.0,66.0,0.0,0,0,58.95535573770491
ENSG00000136541,ERMN,chr2,157318626,157327713,-1,0,269574,,18,3,15,0,0.0,181.0,0.0,0,0,57.78791
ENSG00000115165,CYTIP,chr2,157409360,157491093,-1,0,106194,,130,1,129,0,0.0,387.0,0.0,8,0,51.66372409638554
ENSG00000123612,ACVR1C,chr2,157526767,157628885,-1,2,0,0.8,58,2,26,7,0.0,132.0,0.0,1,0,50.55057087378641
ENSG00000115170,ACVR1,chr2,157736249,157876347,-1,1,0,0.95,154,6,129,4,3.0,521.0,1.0,2,0,51.291165957446815
ENSG00000007001,UPP2,chr2,157876557,158136154,1,1,0,0.95,217,5,145,15,0.0,49.0,0.0,3,0,62.71062576923077
ENSG00000153237,CCDC148,chr2,158171073,158456753,-1,1,0,0.93,185,1,83,22,0.0,49.0,0.0,0,0,57.50853519163763
ENSG00000144283,PKP4,chr2,158456900,158682879,1,1,0,0.93,221,2,157,13,0.0,107.0,0.0,3,0,59.300506167400876
ENSG00000163331,DAPL1,chr2,158795317,158862781,1,0,105561,,63,1,44,4,0.0,125.0,0.0,0,0,65.40163043478259
ENSG00000115183,TANC1,chr2,158968581,159232668,1,1,0,0.82,351,1,328,5,0.0,75.0,0.0,1,0,49.92882754716981
ENSG00000196151,WDSUB1,chr2,159234903,159287347,-1,1,0,0.85,45,2,31,5,0.0,74.0,0.0,1,0,46.5231396226415
ENSG00000123636,BAZ2B,chr2,159315312,159617282,-1,1,0,0.86,207,4,147,9,0.0,119.0,0.0,2,0,44.24923927392739
ENSG00000136536,MARCHF7,chr2,159712001,159771027,1,1,0,0.87,51,2,42,0,0.0,84.0,0.0,1,0,47.37879333333333
ENSG00000241399,CD302,chr2,159768628,159798255,-1,1,0,1.05,37,2,31,0,0.0,106.0,0.0,0,0,47.394490000000005
ENSG00000248672,LY75-CD302,chr2,159771851,159904710,-1,2,0,0.905,133,3,97,12,0.0,20.0,0.0,1,0,48.847915671641786
ENSG00000054219,LY75,chr2,159803355,159904756,-1,1,0,0.76,93,1,63,12,0.0,186.0,0.0,1,0,49.277666019417474
ENSG00000153246,PLA2R1,chr2,159932006,160062636,-1,1,0,0.89,116,1,88,10,0.0,324.0,0.0,0,0,58.42655112781955
ENSG00000115221,ITGB6,chr2,160099664,160271888,-1,1,0,0.82,196,4,181,0,0.0,262.0,0.0,2,0,61.48218670520231
ENSG00000153250,RBMS1,chr2,160272151,160494100,-1,2,0,1.005,295,3,282,2,0.0,159.0,0.0,9,0,54.15216367713005
ENSG00000136560,TANK,chr2,161136908,161236230,1,1,0,0.97,79,2,73,0,0.0,341.0,0.0,5,0,28.908704000000004
ENSG00000115233,PSMD14,chr2,161308414,161411720,1,2,0,0.91,85,3,48,1,0.0,196.0,0.0,1,0,25.627143809523815
ENSG00000136535,TBR1,chr2,161416297,161425870,1,3,0,0.96,29,6,23,0,0.0,169.0,0.0,0,0,21.54487272727273
ENSG00000144290,SLC4A10,chr2,161424332,161985282,1,2,0,1.06,263,4,153,16,0.0,174.0,0.0,2,0,28.016338790035586
ENSG00000197635,DPP4,chr2,161992244,162074394,-1,1,0,1.02,114,4,103,1,0.0,1245.0,0.0,7,0,43.214277108433734
ENSG00000115263,GCG,chr2,162142882,162152404,-1,0,68513,,9,0,5,0,0.0,1249.0,0.0,0,0,45.18276
ENSG00000078098,FAP,chr2,162170684,162245151,-1,0,96315,,75,1,61,2,0.0,951.0,0.0,0,0,43.90131333333333
ENSG00000115267,IFIH1,chr2,162267074,162318684,-1,0,25381,,47,3,29,1,0.0,770.0,0.0,1,0,40.49897735849056
ENSG00000115271,GCA,chr2,162318839,162371595,1,1,0,0.97,41,4,29,2,0.0,271.0,0.0,2,0,36.306157407407404
ENSG00000184611,KCNH7,chr2,162371407,162838767,-1,0,26892,,272,2,154,26,0.0,131.0,0.0,1,0,23.087284008528783
ENSG00000182263,FIGN,chr2,163593396,163736012,-1,0,122,,160,1,149,2,0.0,165.0,0.0,0,0,13.62547986111111
ENSG00000115290,GRB14,chr2,164492417,164622472,-1,1,0,1.0,91,2,66,12,0.0,136.0,0.0,0,0,19.48498473282443
ENSG00000082438,COBLL1,chr2,164653624,164843679,-1,1,0,0.81,200,7,167,8,0.0,125.0,0.0,0,0,15.780623036649216
ENSG00000169507,SLC38A11,chr2,164894354,164955525,-1,0,51971,,57,2,48,1,0.0,52.0,0.0,0,0,20.39540158730159
ENSG00000153253,SCN3A,chr2,165087526,165204050,-1,0,245143,,74,2,41,9,0.0,441.0,0.0,0,0,19.710862393162394
ENSG00000136531,SCN2A,chr2,165194993,165392310,1,0,352610,,124,5,69,17,0.0,757.0,0.0,0,0,28.975328282828283
ENSG00000178662,CSRNP3,chr2,165469647,165689407,1,0,103992,,170,5,141,7,0.0,70.0,0.0,0,0,40.93310272727273
ENSG00000115339,GALNT3,chr2,165747588,165846201,-1,1,0,0.79,89,5,67,5,0.0,391.0,0.0,1,0,40.7842212121212
ENSG00000123607,TTC21B,chr2,165857475,165953851,-1,1,0,0.87,72,1,59,1,0.0,214.0,0.0,1,0,41.223235714285714
ENSG00000144285,SCN1A,chr2,165984641,166182806,-1,0,30325,,125,3,72,9,0.0,1197.0,0.0,0,0,32.61956633165829
ENSG00000169432,SCN9A,chr2,166195185,166376001,-1,1,0,0.91,93,2,56,9,0.0,565.0,0.0,0,0,26.540649450549452
ENSG00000136546,SCN7A,chr2,166403472,166611482,-1,0,27271,,112,1,60,14,0.0,585.0,0.0,0,0,25.756841148325357
ENSG00000163092,XIRP2,chr2,166888480,167259753,1,0,32770,,181,3,106,18,0.0,193.0,0.0,0,0,33.94173619302949
ENSG00000172318,B3GALT1,chr2,167293001,167874045,1,2,0,0.825,384,1,206,40,0.0,67.0,0.0,0,0,25.84981288659794
ENSG00000198648,STK39,chr2,167949900,168247739,-1,1,0,1.09,339,1,283,13,0.0,460.0,0.0,6,0,25.830263879598665
ENSG00000172292,CERS6,chr2,168456249,168775134,1,1,0,0.9,373,1,330,9,0.0,162.0,0.0,1,0,46.1631109375
ENSG00000163072,NOSTRIN,chr2,168786539,168866787,1,0,23422,,88,2,71,3,0.0,96.0,0.0,0,0,52.24693703703703
ENSG00000152253,SPC25,chr2,168834132,168913371,-1,1,0,0.87,61,2,43,5,0.0,119.0,0.0,0,0,51.64357875
ENSG00000152254,G6PC2,chr2,168901291,168910000,1,0,10796,,7,1,4,0,0.0,85.0,0.0,0,0,51.30633
ENSG00000073734,ABCB11,chr2,168915498,169031324,-1,0,25003,,118,1,79,9,0.0,316.0,0.0,1,0,51.58109999999999
ENSG00000073737,DHRS9,chr2,169064789,169096168,1,0,174294,,43,4,36,0,0.0,140.0,0.0,0,0,54.620596875000004
ENSG00000081479,LRP2,chr2,169127109,169362534,-1,1,0,0.86,180,1,123,12,0.0,587.0,0.0,0,0,62.687447257383965
ENSG00000251569,,chr2,169479480,169525922,1,1,0,1.04,43,2,30,3,0.0,0.0,0.0,1,0,68.25473541666668
ENSG00000163093,BBS5,chr2,169479480,169506655,1,1,0,1.04,16,1,7,3,0.0,78.0,0.0,1,0,67.7150551724138
ENSG00000239474,KLHL41,chr2,169509687,169526262,1,0,29741,,24,1,21,0,0.0,73.0,0.0,0,0,69.14357058823529
ENSG00000138399,FASTKD1,chr2,169528508,169573912,-1,0,10374,,26,2,15,1,0.0,47.0,0.0,1,0,71.72735
ENSG00000138398,PPIG,chr2,169584342,169641408,1,1,0,0.78,36,2,19,0,0.0,648.0,0.0,1,0,76.21010172413793
ENSG00000154479,CFAP210,chr2,169645425,169694405,-1,1,0,0.91,45,2,25,5,0.0,21.0,0.0,1,0,77.85384
ENSG00000144362,PHOSPHO2,chr2,169694440,169704808,1,1,0,0.91,11,1,10,0,0.0,19.0,0.0,1,0,77.460425
ENSG00000213160,KLHL23,chr2,169694488,169776989,1,3,0,0.92,89,3,63,7,0.0,38.0,0.0,1,0,76.1035107142857
ENSG00000138385,SSB,chr2,169791933,169812091,1,1,0,0.97,17,2,10,0,0.0,475.0,0.0,1,0,73.72274761904762
ENSG00000138382,METTL5,chr2,169810081,169824931,-1,0,2419,,17,2,13,0,0.0,177.0,0.0,1,0,73.40271875
ENSG00000144357,UBR3,chr2,169827442,170084131,1,1,0,1.09,191,2,130,8,0.0,83.0,0.0,1,0,69.64583861003861
ENSG00000071909,MYO3B,chr2,170178145,170655171,1,0,56641,,436,2,294,21,0.0,99.0,0.0,0,0,74.88613284518827
ENSG00000204335,SP5,chr2,170715337,170718078,1,1,0,0.87,9,2,7,0,0.0,95.0,0.0,0,0,77.43017500000002
ENSG00000204334,ERICH2,chr2,170766878,170798977,1,1,0,0.94,16,3,7,2,0.0,132.0,0.0,0,0,75.41805757575756
ENSG00000128683,GAD1,chr2,170813213,170861151,1,5,0,0.782,59,6,48,1,0.0,781.0,0.0,1,0,72.79147142857144
ENSG00000115806,GORASP2,chr2,170928464,170967135,1,1,0,0.94,36,1,29,0,0.0,205.0,0.0,2,0,69.6255025
ENSG00000198586,TLK1,chr2,170990823,171231314,-1,1,0,1.11,200,2,146,7,0.0,374.0,0.0,10,0,72.0040755186722
ENSG00000123600,METTL8,chr2,171315746,171434802,-1,1,0,0.85,130,3,117,2,0.0,138.0,0.0,4,0,60.96048666666666
ENSG00000115827,DCAF17,chr2,171434217,171485052,1,1,0,0.85,33,2,21,2,0.0,214.0,0.0,2,0,57.53365769230769
ENSG00000071967,CYBRD1,chr2,171522247,171558129,1,1,0,0.75,37,2,27,4,0.0,145.0,0.0,0,0,59.8065972972973
ENSG00000077380,DYNC1I2,chr2,171687409,171750158,1,1,0,0.76,47,3,37,0,0.0,72.0,0.0,1,0,67.2590109375
ENSG00000115840,SLC25A12,chr2,171781400,171999859,-1,2,0,1.0,167,3,119,4,0.0,157.0,0.0,3,0,69.81048909090909
ENSG00000128708,HAT1,chr2,171922429,171986153,1,1,0,0.97,39,1,26,1,0.0,162.0,0.0,1,0,70.22153230769231
ENSG00000172878,METAP1D,chr2,171999943,172082432,1,2,0,1.045,88,1,74,1,0.0,63.0,0.0,1,0,69.36936867469878
ENSG00000144355,DLX1,chr2,172084740,172089677,1,3,0,0.82,19,2,17,0,0.0,130.0,0.0,0,0,68.85186666666667
ENSG00000115844,DLX2,chr2,172099438,172102900,-1,1,0,0.79,13,1,12,0,0.0,129.0,0.0,0,0,68.67298
ENSG00000091409,ITGA6,chr2,172234216,172506459,1,2,0,0.89,329,7,289,11,0.0,391.0,0.0,5,0,68.95434322344323
ENSG00000152256,PDK1,chr2,172555373,172608669,1,1,0,0.95,51,2,46,0,0.0,448.0,0.0,1,0,70.07719818181818
ENSG00000091428,RAPGEF4,chr2,172735274,173052893,1,1,0,0.97,338,7,258,25,0.0,426.0,0.0,0,0,76.13084326018809
ENSG00000091436,MAP3K20,chr2,173075322,173268909,1,1,0,1.25,200,3,182,1,0.0,846.0,0.0,0,0,64.82382666666666
ENSG00000144354,CDCA7,chr2,173354820,173368997,1,1,0,0.96,15,2,12,0,0.0,161.0,0.0,1,0,56.48426666666668
ENSG00000172845,SP3,chr2,173880850,173965373,-1,2,0,1.095,81,3,66,3,0.0,318.0,0.0,2,0,55.78876705882354
ENSG00000138430,OLA1,chr2,174072447,174248608,-1,1,0,0.87,126,2,75,13,0.0,91.0,0.0,1,0,55.700856741573034
ENSG00000217236,SP9,chr2,174334954,174338500,1,1,0,0.98,12,3,9,0,0.0,40.0,0.0,0,0,49.6601
ENSG00000138433,CIR1,chr2,174348022,174395712,-1,0,3674,,29,1,20,2,0.0,97.0,0.0,1,0,49.235577551020405
ENSG00000144306,SCRN3,chr2,174395729,174430077,1,0,51381,,16,1,10,1,0.0,114.0,0.0,1,0,48.608554285714284
ENSG00000163328,GPR155,chr2,174431571,174487150,-1,1,0,0.67,38,1,27,4,0.0,70.0,0.0,2,0,47.77938214285714
ENSG00000115935,WIPF1,chr2,174559563,174682916,-1,1,0,1.01,180,7,170,0,0.0,454.0,0.0,10,0,52.12810483870969
ENSG00000138435,CHRNA1,chr2,174747592,174787935,-1,0,17065,,64,3,58,2,0.0,164.0,0.0,2,0,58.62666585365854
ENSG00000128656,CHN1,chr2,174798809,175005381,-1,1,0,1.13,194,3,180,1,0.0,293.0,0.0,2,0,60.62254567307692
ENSG00000115966,ATF2,chr2,175072250,175168382,-1,1,0,0.77,60,3,38,3,0.0,363.0,0.0,1,0,58.34693195876289
ENSG00000154518,ATP5MC3,chr2,175176258,175181764,-1,1,0,0.77,10,2,6,0,0.0,112.0,0.0,1,0,56.9504
ENSG00000144320,LNPK,chr2,175923882,176002839,-1,1,0,0.79,55,1,37,2,0.0,464.0,0.0,1,0,54.82607625000001
ENSG00000174279,EVX2,chr2,176077472,176083962,-1,1,0,0.83,19,1,18,0,0.0,367.0,0.0,0,0,55.7005375
ENSG00000128714,HOXD13,chr2,176092721,176095944,1,1,0,1.09,9,1,8,0,0.0,1341.0,0.0,0,0,55.043125
ENSG00000170178,HOXD12,chr2,176099795,176102489,1,1,0,0.83,7,1,6,0,0.0,549.0,0.0,0,0,54.71073333333334
ENSG00000128713,HOXD11,chr2,176104216,176109754,1,3,0,0.89,14,1,13,0,0.0,481.0,0.0,0,0,54.39257142857142
ENSG00000128710,HOXD10,chr2,176108790,176119937,1,4,0,0.75,31,2,29,0,0.0,178.0,0.0,0,0,53.98448333333332
ENSG00000128709,HOXD9,chr2,176122719,176124937,1,2,0,0.835,6,1,5,0,0.0,259.0,0.0,0,0,53.459133333333334
ENSG00000175879,HOXD8,chr2,176129694,176132695,1,1,0,1.03,8,3,5,0,0.0,89.0,0.0,0,0,53.042
ENSG00000128652,HOXD3,chr2,176136545,176174227,1,10,0,0.892,92,10,81,0,0.0,122.0,0.0,0,0,51.764584210526316
ENSG00000170166,HOXD4,chr2,176151550,176153226,1,1,0,0.75,6,1,5,0,0.0,96.0,0.0,0,0,51.9041
ENSG00000128645,HOXD1,chr2,176188667,176190907,1,1,0,0.94,5,1,4,0,0.0,106.0,0.0,0,0,50.16736666666667
ENSG00000128654,MTX2,chr2,176269395,176338025,1,1,0,0.89,56,2,32,3,0.0,89.0,0.0,1,0,46.59026857142857
ENSG00000170144,HNRNPA3,chr2,177212587,177226106,1,1,0,1.11,27,2,22,0,0.0,89.0,0.0,2,0,39.373985714285716
ENSG00000116044,NFE2L2,chr2,177218667,177392756,-1,2,0,0.99,234,6,206,5,2.0,1956.0,1.0,7,0,38.909508
ENSG00000018510,AGPS,chr2,177392576,177567024,1,2,0,0.99,154,4,97,10,0.0,250.0,0.0,2,0,41.91579371428571
ENSG00000196659,IFT70B,chr2,177548998,177552796,-1,1,0,0.95,8,1,7,0,0.0,13.0,0.0,1,0,43.24946
ENSG00000197557,IFT70A,chr2,177612999,177618742,-1,1,0,1.08,8,1,4,0,0.0,29.0,0.0,1,0,46.04217142857143
ENSG00000128655,PDE11A,chr2,177623244,178108339,-1,1,0,0.82,383,2,277,21,0.0,176.0,0.0,1,0,61.858222427983534
ENSG00000155636,RBM45,chr2,178112385,178139011,1,1,0,0.67,21,1,13,2,0.0,636.0,0.0,1,0,72.80537142857142
ENSG00000079156,OSBPL6,chr2,178193711,178402893,1,1,0,0.87,199,2,154,8,0.0,111.0,0.0,0,0,67.75562666666667
ENSG00000180228,PRKRA,chr2,178431292,178451512,-1,1,0,0.81,16,3,9,1,0.0,193.0,0.0,1,0,61.17297727272728
ENSG00000204311,PJVK,chr2,178451346,178462102,1,1,0,0.81,9,6,2,0,0.0,86.0,0.0,1,0,60.578058333333324
ENSG00000079150,FKBP7,chr2,178463664,178478600,-1,1,0,1.11,13,1,7,0,0.0,104.0,0.0,1,0,60.09064375
ENSG00000116095,PLEKHA3,chr2,178480457,178516463,1,1,0,0.88,31,1,22,0,0.0,42.0,0.0,1,0,59.400397297297296
ENSG00000155657,TTN,chr2,178525989,178830802,-1,0,44959,,190,5,170,1,0.0,871.0,0.0,0,0,55.63774215686275
ENSG00000163492,CCDC141,chr2,178829757,179051697,-1,0,212194,,166,2,135,6,0.0,99.0,0.0,2,0,60.925178475336324
ENSG00000187231,SESTD1,chr2,179101678,179264832,-1,1,0,1.17,116,1,89,7,0.0,85.0,0.0,0,0,69.42075060975608
ENSG00000144331,ZNF385B,chr2,179441982,179861612,-1,1,0,1.16,331,5,228,12,0.0,116.0,0.0,0,0,54.157724465558196
ENSG00000163510,CWC22,chr2,179944872,180007297,-1,1,0,1.24,50,1,46,0,0.0,70.0,0.0,1,0,30.766592187500002
ENSG00000170035,UBE2E3,chr2,180967248,181076585,1,1,0,0.94,105,5,76,8,0.0,217.0,0.0,3,0,23.429832432432438
ENSG00000115232,ITGA4,chr2,181457202,181538940,1,1,0,0.83,67,1,55,4,0.0,480.0,0.0,3,0,19.949821686746986
ENSG00000188452,CERKL,chr2,181535041,181680665,-1,2,0,0.93,117,2,99,3,0.0,352.0,0.0,0,0,24.32340340136054
ENSG00000162992,NEUROD1,chr2,181668295,181680827,-1,1,0,1.06,16,1,15,0,0.0,508.0,0.0,0,0,25.376392857142857
ENSG00000138434,ITPRID2,chr2,181891730,181930738,1,1,0,0.99,45,2,40,0,0.0,184.0,0.0,1,0,26.092982499999998
ENSG00000150722,PPP1R1C,chr2,181954241,182131398,1,0,61449,,146,2,108,7,0.0,55.0,0.0,0,0,21.83917584269663
ENSG00000115252,PDE1A,chr2,182139968,182523359,-1,0,192607,,258,5,171,26,0.0,280.0,0.0,0,0,20.319676822916666
ENSG00000077232,DNAJC10,chr2,182715607,182794464,1,1,0,1.01,54,3,38,3,0.0,150.0,0.0,1,0,31.600354430379745
ENSG00000162998,FRZB,chr2,182833275,182866638,-1,1,0,0.63,32,1,25,2,0.0,373.0,0.0,0,0,29.85034857142857
ENSG00000061676,NCKAP1,chr2,182909115,183038858,-1,1,0,1.17,121,3,100,2,0.0,170.0,0.0,1,0,24.707420610687024
ENSG00000162999,DUSP19,chr2,183078559,183100008,1,0,40006,,17,2,13,2,0.0,48.0,0.0,1,0,29.098150000000008
ENSG00000163002,NUP35,chr2,183117513,183163114,1,0,78960,,34,1,20,3,0.0,71.0,0.0,1,0,28.586815217391305
ENSG00000170396,ZNF804A,chr2,184598529,184939492,1,1,0,0.99,175,2,84,26,0.0,166.0,0.0,0,0,22.173494721407625
ENSG00000188738,FSIP2,chr2,185738804,185833290,1,1,0,0.8,46,1,18,6,0.0,195.0,0.0,0,0,18.05190736842106
ENSG00000065548,ZC3H15,chr2,186486222,186511929,1,1,0,0.87,19,1,15,0,0.0,54.0,0.0,1,0,20.413581481481486
ENSG00000138448,ITGAV,chr2,186590010,186680901,1,1,0,0.93,76,2,63,3,0.0,503.0,0.0,1,0,23.550990217391305
ENSG00000144369,FAM171B,chr2,186694019,186765959,1,1,0,1.24,68,2,61,1,0.0,70.0,0.0,0,0,26.15795205479452
ENSG00000163012,ZSWIM2,chr2,186827475,186849208,-1,1,0,0.9,16,1,13,1,0.0,38.0,0.0,0,0,27.699599999999997
ENSG00000064989,CALCRL,chr2,187341946,187448506,-1,0,492604,,82,1,67,1,0.0,242.0,0.0,0,0,46.391795370370374
ENSG00000003436,TFPI,chr2,187463823,187565846,-1,0,614481,,123,2,105,3,0.0,472.0,0.0,0,0,46.565697087378645
ENSG00000144366,GULP1,chr2,188291105,188595943,1,1,0,0.86,251,6,193,11,0.0,131.0,0.0,0,0,58.413038562091494
ENSG00000168542,COL3A1,chr2,188974371,189012746,1,0,428685,,44,2,42,0,0.0,689.0,0.0,0,0,41.902010000000004
ENSG00000204262,COL5A2,chr2,189031898,189225312,-1,0,216119,,161,2,151,2,0.0,316.0,0.0,0,0,45.77528969072166
ENSG00000115368,WDR75,chr2,189441429,189479063,1,1,0,1.15,25,1,20,1,0.0,49.0,0.0,3,0,39.88326153846155
ENSG00000138449,SLC40A1,chr2,189560538,189583758,-1,1,0,1.05,36,1,35,0,0.0,607.0,0.0,1,0,39.333525
ENSG00000138381,ASNSD1,chr2,189661385,189670831,1,1,0,0.94,7,1,5,0,0.0,264.0,0.0,1,0,36.985054545454545
ENSG00000286053,ASDURF,chr2,189661452,189666437,1,1,0,0.94,5,1,4,0,0.0,11.0,0.0,1,0,36.9907
ENSG00000286165,,chr2,189661519,189667881,1,1,0,0.94,6,1,5,0,0.0,0.0,0.0,1,0,36.98552857142857
ENSG00000151687,ANKAR,chr2,189674290,189761193,1,1,0,0.88,44,2,21,4,0.0,37.0,0.0,1,0,38.10322840909091
ENSG00000128694,OSGEPL1,chr2,189746415,189763230,-1,0,20610,,12,2,4,0,0.0,38.0,0.0,1,0,39.671661111111106
ENSG00000128699,ORMDL1,chr2,189766012,189784382,-1,1,0,0.98,13,3,8,0,0.0,38.0,0.0,1,0,40.922742105263154
ENSG00000064933,PMS1,chr2,189784085,189878385,1,2,0,0.905,72,3,51,2,0.0,259.0,0.0,2,0,44.25446210526316
ENSG00000187699,C2orf88,chr2,189879609,190203484,1,1,0,0.75,180,4,120,11,0.0,119.0,0.0,0,0,57.619060923076916
ENSG00000138379,MSTN,chr2,190055700,190062729,-1,0,117524,,4,1,3,0,0.0,737.0,0.0,0,0,59.696087500000004
ENSG00000198130,HIBCH,chr2,190189735,190344193,-1,2,0,1.035,125,3,97,6,0.0,123.0,0.0,3,0,72.11866129032259
ENSG00000151689,INPP1,chr2,190340590,190371665,1,1,0,1.14,39,1,35,0,0.0,134.0,0.0,4,0,76.26133125
ENSG00000151690,MFSD6,chr2,190408355,190509205,1,1,0,1.02,119,1,110,1,0.0,63.0,0.0,3,0,73.52188921568627
ENSG00000189362,NEMP2,chr2,190504338,190534722,-1,1,0,0.95,41,1,39,0,0.0,21.0,0.0,2,0,72.992665625
ENSG00000138386,NAB1,chr2,190646746,190692769,1,1,0,0.98,65,3,58,0,0.0,83.0,0.0,4,0,70.16924042553192
ENSG00000115419,GLS,chr2,190880821,190965552,1,1,0,0.89,121,3,114,1,0.0,476.0,0.0,1,0,63.29460116279069
ENSG00000115415,STAT1,chr2,190908460,191020960,-1,2,0,1.05,156,3,146,1,0.0,1396.0,0.0,6,0,65.29735350877193
ENSG00000138378,STAT4,chr2,191029570,191178435,-1,0,8879,,132,4,122,1,0.0,669.0,0.0,7,0,73.76753624161074
ENSG00000128641,MYO1B,chr2,191245064,191425820,1,1,0,0.88,199,3,176,2,0.0,111.0,0.0,0,0,73.63958516483517
ENSG00000173559,NABP1,chr2,191678068,191741097,1,1,0,0.91,89,3,71,3,0.0,88.0,0.0,1,0,65.7752546875
ENSG00000168497,CAVIN2,chr2,191834305,191847211,-1,0,34747,,28,3,24,0,0.0,156.0,0.0,0,0,66.08364285714286
ENSG00000144339,TMEFF2,chr2,191949043,192194985,-1,1,0,0.77,212,5,154,6,0.0,500.0,0.0,0,0,58.66922550607287
ENSG00000196950,SLC39A10,chr2,195575977,195737706,1,1,0,1.0,156,3,131,2,0.0,121.0,0.0,1,0,33.01301533742331
ENSG00000118997,DNAH7,chr2,195737703,196068837,-1,1,0,0.84,163,2,72,18,0.0,79.0,0.0,1,0,45.7994484939759
ENSG00000081320,STK17B,chr2,196133583,196176503,-1,1,0,0.88,79,4,75,0,0.0,142.0,0.0,5,0,57.55108409090908
ENSG00000138411,HECW2,chr2,196189099,196593684,-1,1,0,1.09,437,4,369,8,0.0,109.0,0.0,8,0,68.00568325123152
ENSG00000144395,CCDC150,chr2,196639554,196763490,1,1,0,0.89,74,3,42,2,0.0,34.0,0.0,1,0,60.18384193548386
ENSG00000119041,GTF3C3,chr2,196761062,196799725,-1,1,0,0.96,17,1,7,0,0.0,47.0,0.0,1,0,59.9095
ENSG00000187944,C2orf66,chr2,196804417,196809355,-1,0,4569,,3,0,1,1,0.0,11.0,0.0,0,0,61.106966666666665
ENSG00000197121,PGAP1,chr2,196833004,196927796,-1,1,0,0.8,63,2,38,4,0.0,165.0,0.0,2,0,65.50507604166667
ENSG00000065413,ANKRD44,chr2,196967017,197311173,-1,2,0,0.815,388,6,368,1,0.0,87.0,0.0,20,0,69.05546492753624
ENSG00000115524,SF3B1,chr2,197388515,197435079,-1,1,0,0.99,40,1,29,0,1.0,590.0,1.0,1,0,59.63581914893617
ENSG00000115520,COQ10B,chr2,197453493,197475310,1,1,0,1.06,16,2,11,1,0.0,38.0,0.0,1,0,57.197095652173914
ENSG00000144381,HSPD1,chr2,197486580,197516737,-1,2,0,0.83,50,7,41,0,0.0,849.0,0.0,3,0,55.21536129032259
ENSG00000115541,HSPE1,chr2,197500140,197503461,1,1,0,0.87,8,1,7,0,0.0,213.0,0.0,1,0,55.233125
ENSG00000270757,HSPE1-MOB4,chr2,197500413,197550726,1,2,0,0.83,44,5,32,1,0.0,2.0,0.0,2,0,54.12499807692307
ENSG00000115540,MOB4,chr2,197515571,197553699,1,1,0,0.79,22,5,12,1,0.0,79.0,0.0,1,0,53.70806666666666
ENSG00000162944,RFTN2,chr2,197568224,197676051,-1,0,29136,,75,3,65,2,0.0,76.0,0.0,0,0,52.133674311926605
ENSG00000247626,MARS2,chr2,197705369,197708395,1,1,0,0.98,11,1,10,0,0.0,93.0,0.0,1,0,52.816525
ENSG00000152430,BOLL,chr2,197726879,197786762,-1,1,0,0.78,18,4,7,3,0.0,224.0,0.0,0,0,53.278219672131144
ENSG00000115896,PLCL1,chr2,197804593,198572581,1,1,0,0.92,558,3,381,34,0.0,234.0,0.0,5,0,65.3672122236671
ENSG00000119042,SATB2,chr2,199269484,199471266,-1,4,0,0.8275,189,11,158,2,0.0,1001.0,0.0,1,0,51.26709211822661
ENSG00000226124,FTCDNL1,chr2,199760544,199851207,-1,1,0,0.94,81,3,61,5,0.0,30.0,0.0,1,0,37.01016153846154
ENSG00000178074,C2orf69,chr2,199911293,199955935,1,2,0,0.99,45,3,35,2,0.0,47.0,0.0,2,0,41.55892826086957
ENSG00000162971,TYW5,chr2,199928913,199955736,-1,1,0,0.87,27,2,22,2,0.0,42.0,0.0,1,0,42.15286785714285
ENSG00000162972,MAIP1,chr2,199955317,200008540,1,1,0,0.87,52,2,39,0,0.0,40.0,0.0,1,0,44.974039285714284
ENSG00000196141,SPATS2L,chr2,200305881,200482264,1,1,0,1.22,225,7,204,1,0.0,93.0,0.0,5,0,56.94841525423728
ENSG00000155729,KCTD18,chr2,200488956,200519784,-1,0,6178,,19,1,11,0,0.0,28.0,0.0,1,0,54.695278125
ENSG00000163535,SGO2,chr2,200510008,200584096,1,1,0,0.95,33,2,20,3,0.0,233.0,0.0,3,0,52.05001333333334
ENSG00000138356,AOX1,chr2,200585864,200677064,1,1,0,0.88,107,1,97,2,0.0,197.0,0.0,0,0,52.55235108695653
ENSG00000082153,BZW1,chr2,200810594,200827338,1,1,0,0.91,24,2,21,0,0.0,140.0,0.0,1,0,56.419094117647056
ENSG00000013441,CLK1,chr2,200853009,200864697,-1,1,0,1.06,22,2,19,0,0.0,214.0,0.0,2,0,53.615523076923076
ENSG00000240344,PPIL3,chr2,200870907,200889353,-1,0,6053,,18,2,13,0,0.0,141.0,0.0,1,0,52.41626842105263
ENSG00000196290,NIF3L1,chr2,200888992,200905578,1,0,24138,,15,2,12,0,0.0,90.0,0.0,1,0,51.71408888888888
ENSG00000115942,ORC2,chr2,200908973,200963702,-1,1,0,0.9,34,3,25,1,0.0,59.0,0.0,1,0,51.55500892857143
ENSG00000155744,HYCC2,chr2,200973718,201071692,-1,1,0,0.88,63,3,42,4,0.0,46.0,0.0,1,0,55.40365454545456
ENSG00000119013,NDUFB3,chr2,201071433,201085754,1,1,0,0.88,12,4,6,0,0.0,255.0,0.0,1,0,57.80849375
ENSG00000003402,CFLAR,chr2,201116154,201176687,1,2,0,0.86,111,9,99,0,0.0,433.0,0.0,2,0,57.71662741935484
ENSG00000003400,CASP10,chr2,201182693,201229428,1,0,63707,,54,1,53,0,0.0,183.0,0.0,4,0,57.11645319148936
ENSG00000064012,CASP8,chr2,201233443,201361836,1,0,89294,,103,4,85,1,5.0,941.0,1.0,5,0,57.84407076923077
ENSG00000155749,FLACC1,chr2,201288271,201357398,-1,0,93732,,30,1,18,1,0.0,55.0,0.0,0,0,58.11770285714286
ENSG00000115993,TRAK2,chr2,201377207,201453449,-1,1,0,0.89,103,3,93,1,0.0,54.0,0.0,3,0,58.91259350649351
ENSG00000082146,STRADB,chr2,201387858,201480850,1,1,0,0.89,112,3,102,1,0.0,55.0,0.0,3,0,59.413574468085116
ENSG00000155754,C2CD6,chr2,201487421,201619178,-1,1,0,0.77,55,1,26,3,0.0,143.0,0.0,0,0,65.40437218045113
ENSG00000155755,TMEM237,chr2,201620184,201643570,-1,1,0,0.86,22,3,14,1,0.0,55.0,0.0,1,0,70.435924
ENSG00000082126,MPP4,chr2,201644870,201698694,-1,0,1323,,50,2,24,5,0.0,65.0,0.0,0,0,72.48361272727273
ENSG00000003393,ALS2,chr2,201700267,201782112,-1,1,0,0.87,85,3,65,3,0.0,166.0,0.0,1,0,74.10840120481927
ENSG00000138395,CDK15,chr2,201790461,201895550,1,0,9029,,110,1,94,1,0.0,322.0,0.0,0,0,73.46916355140186
ENSG00000155760,FZD7,chr2,202033855,202038441,1,1,0,0.99,10,1,9,0,0.0,188.0,0.0,0,0,83.48662
ENSG00000182329,KIAA2012,chr2,202073255,202205188,1,1,0,0.94,134,3,97,9,0.0,39.0,0.0,0,0,79.36467443609023
ENSG00000116030,SUMO1,chr2,202206182,202238599,-1,1,0,0.76,18,2,11,1,0.0,311.0,0.0,1,0,74.33694705882354
ENSG00000055044,NOP58,chr2,202265725,202303666,1,1,0,0.99,48,3,42,0,0.0,57.0,0.0,2,0,71.56373333333333
ENSG00000204217,BMPR2,chr2,202376327,202567751,1,1,0,0.8,127,5,88,6,0.0,472.0,0.0,2,0,67.05593834196891
ENSG00000289490,,chr2,202377112,202377168,1,1,0,0.8,1,1,0,0,0.0,17.0,0.0,1,0,69.3819
ENSG00000138439,FAM117B,chr2,202634969,202769757,1,1,0,1.12,111,1,98,2,0.0,65.0,0.0,3,0,60.34443823529412
ENSG00000163596,ICA1L,chr2,202773150,202872061,-1,2,0,1.005,74,5,44,5,0.0,201.0,0.0,1,0,61.93419300000001
ENSG00000138442,WDR12,chr2,202874261,203014798,-1,2,0,0.84,67,4,40,4,0.0,125.0,0.0,2,0,69.1511866197183
ENSG00000138380,CARF,chr2,202912214,202988263,1,1,0,0.9,31,1,22,1,0.0,169.0,0.0,1,0,69.58949090909091
ENSG00000144426,NBEAL1,chr2,203014608,203226378,1,1,0,0.78,119,2,77,11,0.0,94.0,0.0,2,0,73.71871981132074
ENSG00000119004,CYP20A1,chr2,203238952,203306026,1,1,0,0.89,41,2,28,3,0.0,102.0,0.0,1,0,69.92722500000002
ENSG00000138443,ABI2,chr2,203328252,203447728,1,1,0,1.08,96,4,74,6,0.0,168.0,0.0,1,0,66.46087272727273
ENSG00000173166,RAPH1,chr2,203394345,203535451,-1,1,0,1.15,115,2,97,6,0.0,352.0,0.0,1,0,65.6302556338028
ENSG00000178562,CD28,chr2,203706517,203739756,1,0,171071,,45,1,44,0,0.0,1051.0,0.0,4,0,69.17340000000002
ENSG00000163599,CTLA4,chr2,203853888,203873965,1,0,318442,,26,2,24,0,0.0,1553.0,0.0,4,0,68.03155238095238
ENSG00000163600,ICOS,chr2,203936763,203961577,1,0,401317,,34,1,33,0,0.0,786.0,0.0,3,0,70.33012692307692
ENSG00000116117,PARD3B,chr2,204545475,205620162,1,1,0,1.04,803,2,512,59,0.0,151.0,0.0,5,0,34.0745364902507
ENSG00000118257,NRP2,chr2,205681990,205798133,1,2,0,0.95,193,5,188,0,0.0,403.0,0.0,0,0,27.41922820512821
ENSG00000114933,INO80D,chr2,205993721,206086303,-1,1,0,0.84,77,3,52,5,0.0,64.0,0.0,2,0,27.946081720430108
ENSG00000023228,NDUFS1,chr2,206114817,206159522,-1,1,0,0.91,24,2,16,2,0.0,290.0,0.0,1,0,30.66870434782609
ENSG00000114942,EEF1B2,chr2,206159585,206162932,1,1,0,0.91,11,4,6,0,0.0,112.0,0.0,1,0,31.05425
ENSG00000183671,CMKLR2,chr2,206175316,206218047,-1,0,15059,,39,3,34,0,0.0,92.0,0.0,0,0,31.589609090909097
ENSG00000204186,ZDBF2,chr2,206274657,206314437,1,1,0,1.04,22,3,11,0,0.0,43.0,0.0,1,0,34.134765
ENSG00000114948,ADAM23,chr2,206443498,206621301,1,1,0,1.04,128,2,93,13,0.0,338.0,0.0,1,0,45.63454022346368
ENSG00000235118,FAM237A,chr2,206642417,206649365,1,1,0,0.77,6,1,0,0,0.0,9.0,0.0,0,0,52.0733125
ENSG00000232125,DYTN,chr2,206651621,206721570,-1,0,8923,,30,0,11,5,0.0,77.0,0.0,0,0,55.60518591549296
ENSG00000138400,MDH1B,chr2,206737763,206765328,-1,1,0,1.06,11,1,3,2,0.0,42.0,0.0,1,0,61.66351071428572
ENSG00000118246,FASTKD2,chr2,206765357,206796189,1,1,0,1.06,22,3,12,2,0.0,73.0,0.0,1,0,63.522503125
ENSG00000144410,CPO,chr2,206939518,206969474,1,0,174082,,21,1,15,1,0.0,91.0,0.0,0,0,61.27945333333334
ENSG00000118263,KLF7,chr2,207074137,207173856,-1,1,0,0.93,149,9,140,0,0.0,178.0,0.0,2,0,58.12361485148516
ENSG00000118260,CREB1,chr2,207529737,207605988,1,1,0,1.03,62,1,56,0,0.0,889.0,0.0,4,0,42.579693506493506
ENSG00000144401,METTL21A,chr2,207580631,207626256,-1,1,0,0.83,40,6,31,1,0.0,32.0,0.0,1,0,42.77858695652174
ENSG00000163249,CCNYL1,chr2,207711524,207761839,1,1,0,0.85,53,1,43,0,0.0,148.0,0.0,2,0,43.21389803921569
ENSG00000163251,FZD5,chr2,207762598,207769914,-1,1,0,0.81,17,1,16,0,0.0,236.0,0.0,0,0,43.864962500000004
ENSG00000178385,PLEKHM3,chr2,207821288,208025846,-1,2,0,0.935,236,2,208,3,0.0,55.0,0.0,1,0,53.19349077669903
ENSG00000118231,CRYGD,chr2,208121607,208124524,-1,1,0,0.75,5,1,1,0,0.0,625.0,0.0,0,0,58.35955
ENSG00000163254,CRYGC,chr2,208128137,208129828,-1,0,3592,,2,1,1,0,0.0,382.0,0.0,0,0,58.70693333333333
ENSG00000182187,CRYGB,chr2,208142573,208146158,-1,0,18028,,6,0,4,0,0.0,130.0,0.0,0,0,59.79435
ENSG00000168582,CRYGA,chr2,208160740,208163589,-1,0,36195,,1,0,0,1,0.0,136.0,0.0,0,0,61.20975
ENSG00000188674,C2orf80,chr2,208165343,208190245,-1,0,40798,,24,2,18,1,0.0,55.0,0.0,0,0,62.45784230769231
ENSG00000138413,IDH1,chr2,208236224,208266095,-1,3,0,0.81,43,5,33,1,0.0,825.0,0.0,2,0,67.59422903225807
ENSG00000115020,PIKFYVE,chr2,208266234,208358755,1,1,0,0.87,63,1,54,0,0.0,186.0,0.0,1,0,68.8567244680851
ENSG00000144407,PTH2R,chr2,208359714,208854503,1,2,0,0.78,251,3,119,30,0.0,74.0,0.0,0,0,67.76725987903225
ENSG00000078018,MAP2,chr2,209423988,209734235,1,1,0,0.86,222,4,192,5,0.0,508.0,0.0,0,0,53.88300868167203
ENSG00000144406,UNC80,chr2,209771569,209999300,1,3,0,0.78,117,3,53,18,0.0,77.0,0.0,0,0,44.72665000000001
ENSG00000197713,RPE,chr2,210002565,210022262,1,1,0,0.84,16,2,14,0,0.0,59.0,0.0,1,0,41.83275
ENSG00000144445,KANSL1L,chr2,210021421,210172182,-1,1,0,0.85,57,2,41,1,0.0,48.0,0.0,2,0,37.4872302631579
ENSG00000115361,ACADL,chr2,210187126,210225447,-1,1,0,0.91,33,2,29,0,0.0,219.0,0.0,0,0,32.22676666666666
ENSG00000168530,MYL1,chr2,210290150,210315174,-1,0,64698,,13,3,9,0,0.0,85.0,0.0,0,0,27.31011538461539
ENSG00000115365,LANCL1,chr2,210427131,210477652,-1,1,0,0.86,49,2,44,1,0.0,637.0,0.0,1,0,28.924084615384615
ENSG00000021826,CPS1,chr2,210477682,210679107,1,0,870,,133,4,81,6,0.0,302.0,0.0,1,0,31.254023762376235
ENSG00000178568,ERBB4,chr2,211375717,212538841,-1,1,0,0.78,641,2,367,65,3.0,741.0,1.0,0,0,19.39338762886598
ENSG00000030419,IKZF2,chr2,212999691,213152427,-1,1,0,0.98,137,2,132,1,0.0,330.0,0.0,3,0,16.605855555555557
ENSG00000144451,SPAG16,chr2,213284389,214410501,1,1,0,0.9,441,2,206,55,0.0,256.0,0.0,1,0,34.46867774822695
ENSG00000174453,VWC2L,chr2,214411054,214578976,1,0,230295,,100,1,57,11,0.0,49.0,0.0,0,0,22.64624378698225
ENSG00000138376,BARD1,chr2,214725646,214809707,-1,1,0,0.96,51,1,31,7,5.0,453.0,1.0,1,0,23.262652941176473
ENSG00000144452,ABCA12,chr2,214931542,215138626,-1,0,121214,,119,3,68,12,0.0,267.0,0.0,0,0,26.53546985645933
ENSG00000138363,ATIC,chr2,215311956,215349773,1,1,0,0.79,39,1,29,2,0.0,221.0,0.0,1,0,31.08322564102564
ENSG00000115414,FN1,chr2,215360440,215436120,-1,1,0,0.65,160,1,159,0,0.0,1532.0,0.0,0,0,32.84685324675325
ENSG00000118242,MREG,chr2,215942584,216034096,-1,1,0,1.07,99,2,87,0,0.0,70.0,0.0,2,0,59.884620652173915
ENSG00000115425,PECR,chr2,215996329,216082955,-1,2,0,0.95,107,3,90,0,0.0,39.0,0.0,4,0,62.242093181818184
ENSG00000163449,TMEM169,chr2,216081866,216102783,1,1,0,0.83,18,1,15,0,0.0,21.0,0.0,3,0,61.854640909090904
ENSG00000079246,XRCC5,chr2,216107464,216206303,1,1,0,1.14,107,2,96,0,0.0,419.0,0.0,2,0,60.12186099999999
ENSG00000144583,MARCHF4,chr2,216257865,216372483,-1,1,0,0.9,116,4,94,6,0.0,23.0,0.0,1,0,62.53904347826087
ENSG00000138375,SMARCAL1,chr2,216412383,216483056,1,1,0,0.84,61,3,50,1,0.0,188.0,0.0,1,0,62.75615972222223
ENSG00000197756,RPL37A,chr2,216498797,216579180,1,1,0,0.89,119,2,101,3,0.0,65.0,0.0,1,0,61.13478888888889
ENSG00000115457,IGFBP2,chr2,216632828,216664441,1,1,0,1.07,49,2,44,0,0.0,625.0,0.0,0,0,60.229093750000004
ENSG00000115461,IGFBP5,chr2,216672105,216695549,-1,2,0,0.88,58,3,54,0,0.0,357.0,0.0,0,0,60.778536
ENSG00000118245,TNP1,chr2,216859458,216860064,-1,0,48967,,2,0,1,0,0.0,296.0,0.0,0,0,67.16445
ENSG00000079308,TNS1,chr2,217799588,218033982,-1,3,0,0.8033,478,12,458,0,0.0,336.0,0.0,0,0,57.65627957446808
ENSG00000188282,RUFY4,chr2,218034960,218090584,1,0,848,,54,2,39,2,0.0,53.0,0.0,0,0,56.874078947368425
ENSG00000180871,CXCR2,chr2,218125289,218137251,1,0,79679,,14,1,13,0,0.0,1108.0,0.0,0,0,54.52410769230768
ENSG00000163464,CXCR1,chr2,218162841,218166962,-1,0,49968,,4,1,3,0,0.0,694.0,0.0,0,0,52.38366
ENSG00000163466,ARPC2,chr2,218216630,218254356,1,1,0,0.94,47,2,45,0,0.0,108.0,0.0,7,0,48.01574736842105
ENSG00000179921,GPBAR1,chr2,218259496,218263861,1,0,6203,,13,1,12,0,0.0,846.0,0.0,0,0,47.09720000000001
ENSG00000127837,AAMP,chr2,218264125,218270178,-1,1,0,0.89,17,2,12,0,0.0,51.0,0.0,1,0,46.98117142857143
ENSG00000127838,PNKD,chr2,218269651,218346793,1,3,0,0.9833,154,8,140,0,0.0,115.0,0.0,8,0,46.84894615384615
ENSG00000135926,TMBIM1,chr2,218274194,218292586,-1,1,0,1.24,46,4,39,0,0.0,87.0,0.0,3,0,46.77699
ENSG00000158428,CATIP,chr2,218356857,218369962,1,1,0,0.94,31,3,28,0,0.0,125.0,0.0,1,0,47.20026428571428
ENSG00000018280,SLC11A1,chr2,218382029,218396894,1,2,0,0.7,29,1,26,0,0.0,333.0,0.0,1,0,47.26928125
ENSG00000144579,CTDSP1,chr2,218397136,218405942,1,1,0,0.91,22,3,19,0,0.0,95.0,0.0,3,0,47.272459999999995
ENSG00000127831,VIL1,chr2,218419083,218453295,1,0,12337,,45,1,31,1,0.0,126.0,0.0,0,0,47.32070571428571
ENSG00000135913,USP37,chr2,218450251,218568768,-1,1,0,0.9,59,2,42,2,0.0,125.0,0.0,1,0,48.82132083333333
ENSG00000144580,CNOT9,chr2,218568580,218597080,1,1,0,0.9,28,2,23,0,0.0,46.0,0.0,2,0,51.33533793103448
ENSG00000115556,PLCD4,chr2,218607855,218637186,1,0,21992,,25,1,19,2,0.0,176.0,0.0,0,0,52.59983666666666
ENSG00000115568,ZNF142,chr2,218633329,218659655,-1,1,0,0.73,19,2,13,2,0.0,62.0,0.0,1,0,53.347910714285725
ENSG00000074582,BCS1L,chr2,218658764,218663466,1,1,0,0.73,9,2,7,0,0.0,163.0,0.0,1,0,53.82722
ENSG00000163481,RNF25,chr2,218663866,218672006,-1,1,0,0.78,5,1,4,0,0.0,53.0,0.0,1,0,54.07783333333334
ENSG00000163482,STK36,chr2,218672052,218702717,1,1,0,0.78,25,2,12,3,0.0,438.0,0.0,1,0,54.85611875000001
ENSG00000135912,TTLL4,chr2,218710809,218755416,1,1,0,0.87,50,1,49,0,0.0,53.0,0.0,1,0,57.05524222222223
ENSG00000135929,CYP27A1,chr2,218781738,218815293,1,1,0,0.89,39,1,33,0,0.0,612.0,0.0,0,0,60.77599117647058
ENSG00000115592,PRKAG3,chr2,218819050,218832086,-1,0,26893,,20,1,17,0,0.0,66.0,0.0,0,0,62.38785714285715
ENSG00000115596,WNT6,chr2,218859805,218874233,1,3,0,0.9367,29,1,24,0,0.0,179.0,0.0,0,0,65.00299333333334
ENSG00000135925,WNT10A,chr2,218880852,218899581,1,4,0,0.91,49,1,48,0,0.0,511.0,0.0,4,0,66.58578
ENSG00000171450,CDK5R2,chr2,218959666,218962155,1,1,0,0.87,9,3,6,0,0.0,80.0,0.0,0,0,71.39263333333334
ENSG00000163497,FEV,chr2,218981087,218985184,-1,3,0,0.9133,14,1,11,0,0.0,127.0,0.0,0,0,72.7281
ENSG00000163499,CRYBA2,chr2,218990189,218994270,-1,1,0,0.82,12,1,7,0,0.0,180.0,0.0,0,0,73.23694
ENSG00000181378,CFAP65,chr2,219002846,219041527,-1,2,0,0.87,37,1,20,8,0.0,227.0,0.0,0,0,74.80945
ENSG00000163501,IHH,chr2,219054424,219060921,-1,3,0,0.7533,17,2,9,0,0.0,614.0,0.0,0,0,76.4842875
ENSG00000187736,NHEJ1,chr2,219069355,219160869,-1,1,0,0.86,100,2,85,5,0.0,211.0,0.0,1,0,79.33090215053764
ENSG00000280537,,chr2,219075329,219170827,-1,1,0,0.86,103,3,86,4,0.0,1.0,0.0,1,0,79.72195979381443
ENSG00000213901,SLC23A3,chr2,219161465,219170095,-1,0,677,,9,1,6,0,0.0,28.0,0.0,0,0,81.77530000000002
ENSG00000115649,CNPPD1,chr2,219170704,219182664,-1,1,0,0.88,24,3,21,0,0.0,65.0,0.0,1,0,82.21787692307693
ENSG00000144567,RETREG2,chr2,219176225,219185475,1,1,0,0.88,18,3,15,0,0.0,60.0,0.0,1,0,82.34171999999998
ENSG00000158552,ZFAND2B,chr2,219195237,219209651,1,1,0,0.96,21,3,15,0,0.0,239.0,0.0,1,0,82.94951875000001
ENSG00000115657,ABCB6,chr2,219209766,219219012,-1,1,0,0.74,19,1,17,0,0.0,564.0,0.0,2,0,83.16097999999998
ENSG00000284820,,chr2,219209772,219222738,-1,1,0,0.74,28,1,25,0,0.0,0.0,0.0,2,0,83.18367142857142
ENSG00000198925,ATG9A,chr2,219219380,219229717,-1,1,0,1.04,20,2,15,0,0.0,129.0,0.0,2,0,83.25989166666666
ENSG00000163516,ANKZF1,chr2,219229769,219236679,1,1,0,1.04,7,2,3,0,0.0,45.0,0.0,1,0,83.29571250000001
ENSG00000163521,GLB1L,chr2,219236598,219245478,-1,2,0,0.845,7,3,3,0,0.0,27.0,0.0,1,0,83.28346666666667
ENSG00000115661,STK16,chr2,219245455,219250339,1,1,0,0.69,11,2,9,0,0.0,79.0,0.0,2,0,83.24651666666666
ENSG00000127824,TUBA4A,chr2,219249710,219277902,-1,1,0,0.69,38,3,29,0,0.0,435.0,0.0,3,0,83.02870344827585
ENSG00000243910,TUBA4B,chr2,219253243,219272197,1,1,0,0.69,23,3,14,0,0.0,31.0,0.0,1,0,83.061325
ENSG00000135924,DNAJB2,chr2,219279342,219286898,1,1,0,0.69,21,1,20,0,0.0,97.0,0.0,1,0,82.65365555555556
ENSG00000054356,PTPRN,chr2,219289623,219309648,-1,2,0,0.83,31,4,23,0,0.0,167.0,0.0,1,0,82.1859
ENSG00000182698,RESP18,chr2,219327407,219335552,-1,1,0,0.85,9,1,6,0,0.0,50.0,0.0,0,0,81.1129
ENSG00000123992,DNPEP,chr2,219372029,219400022,-1,1,0,0.9,34,6,23,1,0.0,52.0,0.0,3,0,78.84772413793102
ENSG00000175084,DES,chr2,219417474,219426739,1,1,0,1.23,22,2,20,0,0.0,1395.0,0.0,0,0,77.24671818181818
ENSG00000072195,SPEG,chr2,219434843,219493629,1,5,0,0.762,122,4,116,0,0.0,121.0,0.0,0,0,75.65756499999999
ENSG00000286143,,chr2,219491867,219498244,1,1,0,1.02,13,2,11,0,0.0,0.0,0.0,1,0,74.81545714285714
ENSG00000286095,SPEGNB,chr2,219496131,219498287,1,1,0,1.02,6,1,5,0,0.0,6.0,0.0,1,0,74.77653333333333
ENSG00000144591,GMPPA,chr2,219498618,219513898,1,1,0,0.7,33,2,28,0,0.0,291.0,0.0,1,0,74.62175625
ENSG00000072182,ASIC4,chr2,219514170,219538772,1,1,0,0.68,48,2,42,1,0.0,38.0,0.0,0,0,74.4066923076923
ENSG00000123989,CHPF,chr2,219538949,219543818,-1,3,0,0.7267,14,4,10,0,0.0,159.0,0.0,1,0,74.31519999999999
ENSG00000188760,TMEM198,chr2,219543130,219550595,1,1,0,0.81,14,6,6,0,0.0,25.0,0.0,1,0,74.29469999999999
ENSG00000124006,OBSL1,chr2,219550727,219571859,-1,6,0,0.8317,52,2,47,0,0.0,65.0,0.0,0,0,74.23986818181818
ENSG00000123999,INHA,chr2,219569162,219575711,1,1,0,0.98,19,3,14,0,0.0,355.0,0.0,0,0,74.184
ENSG00000144589,STK11IP,chr2,219595805,219616452,1,1,0,0.84,37,1,35,0,0.0,90.0,0.0,1,0,73.70777142857143
ENSG00000114923,SLC4A3,chr2,219627011,219641980,1,1,0,0.86,42,1,40,0,0.0,299.0,0.0,0,0,72.8035125
ENSG00000116106,EPHA4,chr2,221418027,221574202,-1,1,0,0.86,179,2,170,0,0.0,330.0,0.0,5,0,21.683175796178343
ENSG00000135903,PAX3,chr2,222199887,222298998,-1,4,0,0.78,106,3,99,0,4.0,635.0,1.0,0,0,19.984119
ENSG00000288658,RNF228,chr2,222314148,222320155,-1,1,0,0.98,13,3,6,0,0.0,40.0,0.0,0,0,21.172014285714283
ENSG00000163082,SGPP2,chr2,222424511,222562621,1,1,0,0.92,131,2,95,4,0.0,99.0,0.0,2,0,24.603937410071943
ENSG00000116120,FARSB,chr2,222566899,222656313,-1,1,0,0.87,75,1,60,6,0.0,81.0,0.0,1,0,26.49337
ENSG00000124003,MOGAT1,chr2,222671658,222709930,1,1,0,0.83,35,1,28,1,0.0,141.0,0.0,0,0,28.419453846153846
ENSG00000123983,ACSL3,chr2,222860942,222944639,1,1,0,0.99,107,4,92,0,0.0,248.0,0.0,1,0,36.34462
ENSG00000152049,KCNE4,chr2,223052190,223198399,1,1,0,0.7,136,1,101,6,0.0,142.0,0.0,0,0,42.873544217687076
ENSG00000171951,SCG2,chr2,223596940,223602361,-1,0,234860,,7,1,6,0,0.0,269.0,0.0,0,0,67.49105
ENSG00000152056,AP1S3,chr2,223667680,223838027,-1,1,0,1.4,169,1,157,0,0.0,115.0,0.0,2,0,68.89076315789475
ENSG00000286239,,chr2,223757258,223945299,-1,2,0,1.105,217,2,203,2,0.0,0.0,0.0,3,0,66.87492063492064
ENSG00000085449,WDFY1,chr2,223855716,223945357,-1,1,0,0.81,103,1,98,1,0.0,150.0,0.0,1,0,64.74952333333334
ENSG00000135900,MRPL44,chr2,223957403,223969078,1,1,0,0.95,8,2,6,0,0.0,50.0,0.0,1,0,60.17771538461538
ENSG00000135919,SERPINE2,chr2,223975045,224039688,-1,1,0,0.91,68,4,58,0,0.0,269.0,0.0,0,0,56.70611515151515
ENSG00000124019,FAM124B,chr2,224376821,224402107,-1,0,40076,,34,1,30,0,0.0,36.0,0.0,1,0,40.827600000000004
ENSG00000036257,CUL3,chr2,224470150,224585397,-1,1,0,1.07,109,4,93,3,0.0,387.0,0.0,4,0,46.71607499999999
ENSG00000283428,CCDC195,chr2,224703764,224742270,-1,0,117993,,20,0,15,2,0.0,24.0,0.0,0,0,51.356205128205126
ENSG00000135905,DOCK10,chr2,224765090,225042468,-1,1,0,0.92,289,3,276,2,0.0,257.0,0.0,9,0,48.445451971326165
ENSG00000144460,NYAP2,chr2,225399710,225729887,1,1,0,0.75,219,1,120,27,0.0,63.0,0.0,0,0,47.363744712990936
ENSG00000169047,IRS1,chr2,226731312,226799820,-1,2,0,0.835,94,1,89,0,0.0,597.0,0.0,3,0,27.635559999999998
ENSG00000144468,RHBDD1,chr2,226835581,226999215,1,1,0,0.96,158,2,145,4,0.0,128.0,0.0,1,0,23.3172256097561
ENSG00000081052,COL4A4,chr2,227002714,227164453,-1,1,0,0.81,96,2,62,9,0.0,539.0,0.0,0,0,27.598329629629628
ENSG00000169031,COL4A3,chr2,227164624,227314792,1,0,163,,106,1,79,9,0.0,690.0,0.0,0,0,34.28397350993378
ENSG00000168958,MFF,chr2,227325151,227361188,1,1,0,0.87,32,3,22,1,0.0,234.0,0.0,1,0,38.26086486486486
ENSG00000168955,TM4SF20,chr2,227362038,227381995,-1,0,36253,,33,1,31,0,0.0,33.0,0.0,0,0,39.4316380952381
ENSG00000284629,SCYGR1,chr2,227387683,227387949,-1,0,61898,,1,0,1,0,0.0,5.0,0.0,0,0,40.0262
ENSG00000173744,AGFG1,chr2,227472134,227561217,1,1,0,0.88,78,2,64,5,0.0,509.0,0.0,1,0,46.81518222222221
ENSG00000284643,SCYGR2,chr2,227598893,227599255,1,0,118514,,1,0,0,0,0.0,2.0,0.0,0,0,51.8874
ENSG00000284622,SCYGR10,chr2,227608784,227609101,1,0,108668,,2,2,0,0,0.0,3.0,0.0,0,0,52.133
ENSG00000284704,SCYGR3,chr2,227614538,227614840,-1,0,102929,,1,0,0,0,0.0,3.0,0.0,0,0,52.2284
ENSG00000284631,SCYGR4,chr2,227617498,227617815,1,0,99954,,1,0,0,0,0.0,3.0,0.0,0,0,52.256600000000006
ENSG00000284667,SCYGR5,chr2,227666804,227667061,1,0,50708,,1,0,1,0,0.0,4.0,0.0,0,0,51.5915
ENSG00000135917,SLC19A3,chr2,227683763,227718088,-1,1,0,0.84,27,1,25,0,0.0,148.0,0.0,0,0,50.23741428571428
ENSG00000284725,SCYGR6,chr2,227724440,227724757,-1,0,6335,,1,0,1,0,0.0,6.0,0.0,0,0,49.23635
ENSG00000284718,SCYGR7,chr2,227728335,227728625,1,0,10230,,1,0,0,0,0.0,10.0,0.0,0,0,49.07555
ENSG00000284635,SCYGR8,chr2,227745894,227746220,1,0,27789,,1,0,0,0,0.0,14.0,0.0,0,0,48.4303
ENSG00000115009,CCL20,chr2,227805739,227817564,1,0,53950,,19,1,17,0,0.0,701.0,0.0,2,0,47.04936923076923
ENSG00000123977,DAW1,chr2,227870931,227924344,1,1,0,0.86,44,1,31,3,0.0,113.0,0.0,0,0,47.433061111111115
ENSG00000153820,SPHKAP,chr2,227979955,228181687,-1,1,0,0.71,102,2,51,8,0.0,163.0,0.0,0,0,55.45496699507389
ENSG00000153823,PID1,chr2,228850526,229271867,-1,1,0,1.04,307,2,206,27,0.0,127.0,0.0,0,0,25.982037440758294
ENSG00000187957,DNER,chr2,229357629,229714581,-1,1,0,0.81,280,2,215,19,0.0,585.0,0.0,0,0,20.662035474860335
ENSG00000153827,TRIP12,chr2,229763835,229923239,-1,1,0,0.83,143,4,123,3,0.0,118.0,0.0,5,0,17.719690625000002
ENSG00000153832,FBXO36,chr2,229922302,230013119,1,1,0,0.83,66,2,50,1,0.0,145.0,0.0,1,0,23.490087096774197
ENSG00000163053,SLC16A14,chr2,230034974,230068999,-1,1,0,0.81,29,1,17,1,0.0,37.0,0.0,1,0,25.192014285714286
ENSG00000135899,SP110,chr2,230165186,230225729,-1,0,96352,,41,2,35,1,0.0,114.0,0.0,2,0,27.751861290322587
ENSG00000079263,SP140,chr2,230203110,230316577,1,0,134276,,77,2,61,1,0.0,150.0,0.0,5,0,30.65865652173913
ENSG00000185404,SP140L,chr2,230326762,230403735,1,0,257928,,47,2,35,1,0.0,88.0,0.0,2,0,36.887632051282054
ENSG00000067066,SP100,chr2,230415942,230545606,1,0,166988,,89,3,81,0,0.0,140.0,0.0,4,0,45.434187022900765
ENSG00000135932,CAB39,chr2,230712822,230821076,1,1,0,1.05,125,2,115,1,0.0,139.0,0.0,7,0,55.02371743119266
ENSG00000135916,ITM2C,chr2,230864639,230879248,1,1,0,0.67,40,2,37,0,0.0,180.0,0.0,1,0,54.905413333333335
ENSG00000135898,GPR55,chr2,230907318,230961066,-1,0,26065,,99,4,86,2,0.0,218.0,0.0,1,0,55.197050909090905
ENSG00000173699,SPATA3,chr2,230990324,231025055,1,1,0,1.02,42,0,33,1,0.0,116.0,0.0,0,0,54.83123888888889
ENSG00000204128,C2orf72,chr2,231037342,231049719,1,1,0,1.0,22,2,15,0,0.0,14.0,0.0,0,0,55.446321428571416
ENSG00000173692,PSMD1,chr2,231056845,231173116,1,1,0,0.96,109,4,96,3,0.0,254.0,0.0,1,0,59.263458974358976
ENSG00000135914,HTR2B,chr2,231108230,231125080,-1,0,50972,,21,1,20,0,0.0,211.0,0.0,0,0,59.38874444444444
ENSG00000135931,ARMC9,chr2,231198546,231376848,1,3,0,0.9133,222,1,204,2,0.0,147.0,0.0,1,0,65.07266480446928
ENSG00000156966,B3GNT7,chr2,231395671,231408799,1,2,0,0.885,33,1,32,0,0.0,145.0,0.0,0,0,69.11817857142857
ENSG00000115053,NCL,chr2,231453531,231483641,-1,1,0,0.93,48,5,40,0,0.0,372.0,0.0,2,0,72.0275064516129
ENSG00000171596,NMUR1,chr2,231523187,231530445,-1,1,0,0.9,16,1,15,0,0.0,685.0,0.0,1,0,73.447
ENSG00000177673,TEX44,chr2,231592864,231594276,1,0,10160,,2,0,2,0,0.0,129.0,0.0,0,0,73.0192
ENSG00000187514,PTMA,chr2,231706895,231713552,1,1,0,0.93,18,6,12,0,0.0,247.0,0.0,3,0,68.50755
ENSG00000156973,PDE6D,chr2,231732354,231786272,-1,2,0,0.83,44,3,34,5,0.0,171.0,0.0,2,0,66.63386181818181
ENSG00000144524,COPS7B,chr2,231781671,231809254,1,2,0,0.83,31,2,25,2,0.0,19.0,0.0,2,0,65.31587499999999
ENSG00000163273,NPPC,chr2,231921809,231926396,-1,1,0,0.82,11,1,9,0,0.0,226.0,0.0,0,0,62.15598
ENSG00000144535,DIS3L2,chr2,231961245,232344350,1,1,0,0.86,384,2,301,23,0.0,114.0,0.0,6,0,66.189328125
ENSG00000163283,ALPP,chr2,232378724,232382889,1,2,0,0.865,10,3,7,0,0.0,1483.0,0.0,0,0,65.53138
ENSG00000163286,ALPG,chr2,232406844,232410714,1,2,0,0.83,6,0,0,1,0.0,142.0,0.0,0,0,65.87474
ENSG00000163295,ALPI,chr2,232456125,232460753,1,1,0,0.76,14,1,12,0,0.0,444.0,0.0,0,0,67.57678333333332
ENSG00000171551,ECEL1,chr2,232479825,232489045,-1,1,0,0.94,25,2,13,2,0.0,83.0,0.0,0,0,68.69936
ENSG00000237412,PRSS56,chr2,232520388,232525716,1,1,0,0.67,15,0,11,1,0.0,109.0,0.0,0,0,69.93011428571428
ENSG00000135902,CHRND,chr2,232525993,232536667,1,0,1542,,20,2,14,0,0.0,99.0,0.0,0,0,70.07284166666668
ENSG00000196811,CHRNG,chr2,232539692,232548115,1,0,2180,,20,1,16,0,0.0,132.0,0.0,0,0,70.19133333333333
ENSG00000221944,TIGD1,chr2,232543883,232550557,-1,1,0,0.84,11,2,7,0,0.0,61.0,0.0,1,0,70.2036125
ENSG00000135930,EIF4E2,chr2,232550659,232583644,1,1,0,0.84,34,1,30,0,0.0,71.0,0.0,1,0,70.08507941176471
ENSG00000115468,EFHD1,chr2,232606057,232682781,1,2,0,1.02,103,4,91,1,0.0,89.0,0.0,1,0,69.0157782051282
ENSG00000204120,GIGYF2,chr2,232697259,232860605,1,1,0,0.81,111,5,88,1,0.0,199.0,0.0,3,0,67.20115454545454
ENSG00000115474,KCNJ13,chr2,232765802,232776565,-1,0,67965,,12,2,8,0,0.0,113.0,0.0,0,0,68.33165833333335
ENSG00000182600,SNORC,chr2,232857270,232878708,1,1,0,1.06,38,2,33,1,0.0,34.0,0.0,0,0,62.34469130434782
ENSG00000066248,NGEF,chr2,232878686,233013263,-1,2,0,0.82,163,3,122,8,0.0,91.0,0.0,0,0,60.88711925925926
ENSG00000115488,NEU2,chr2,233023032,233042480,1,0,17901,,29,0,24,1,0.0,100.0,0.0,0,0,60.653445
ENSG00000168918,INPP5D,chr2,233059967,233207903,1,2,0,0.72,205,3,185,0,0.0,711.0,0.0,9,0,58.36917382550336
ENSG00000085978,ATG16L1,chr2,233210051,233295674,1,1,0,0.89,113,2,107,1,0.0,306.0,0.0,5,0,60.45690574712644
ENSG00000130561,SAG,chr2,233307816,233347055,1,0,7027,,46,0,36,5,0.0,361.0,0.0,3,0,61.56687999999999
ENSG00000077044,DGKD,chr2,233354484,233472104,1,3,0,1.07,222,2,216,0,0.0,119.0,0.0,4,0,61.804481512605044
ENSG00000085982,USP40,chr2,233475526,233566782,-1,2,0,0.745,101,1,98,1,0.0,50.0,0.0,1,0,62.97538043478261
ENSG00000242366,UGT1A8,chr2,233617633,233773300,1,2,0,0.84,134,14,92,5,0.0,116.0,0.0,0,0,63.45192115384616
ENSG00000242515,UGT1A10,chr2,233636448,233773300,1,2,0,0.84,125,13,88,3,0.0,96.0,0.0,0,0,63.52327971014492
ENSG00000241119,UGT1A9,chr2,233671898,233773300,1,2,0,0.84,104,12,76,2,0.0,143.0,0.0,0,0,63.765604901960785
ENSG00000244122,UGT1A7,chr2,233681901,233773300,1,2,0,0.84,95,11,70,2,0.0,122.0,0.0,0,0,63.85792282608695
ENSG00000167165,UGT1A6,chr2,233691607,233773300,1,2,0,0.84,84,10,61,2,0.0,163.0,0.0,0,0,63.96044512195121
ENSG00000288705,UGT1A5,chr2,233712907,233773300,1,2,0,0.84,54,7,36,2,0.0,93.0,0.0,0,0,64.20406229508197
ENSG00000244474,UGT1A4,chr2,233718736,233773300,1,2,0,0.84,48,7,31,2,0.0,105.0,0.0,0,0,64.27913636363637
ENSG00000288702,UGT1A3,chr2,233729042,233773300,1,2,0,0.84,45,6,30,2,0.0,117.0,0.0,0,0,64.40768
ENSG00000241635,UGT1A1,chr2,233760270,233773300,1,0,4845,,13,1,10,2,0.0,403.0,0.0,0,0,64.80930714285715
ENSG00000185038,MROH2A,chr2,233775679,233833423,1,0,20254,,57,0,30,7,0.0,25.0,0.0,0,0,65.54660862068965
ENSG00000123485,HJURP,chr2,233833416,233854566,-1,1,0,0.75,26,1,23,0,0.0,128.0,0.0,1,0,66.00094782608696
ENSG00000293137,MSL3B,chr2,233864663,233868386,-1,1,0,1.37,6,2,1,0,0.0,16.0,0.0,1,0,66.136575
ENSG00000144481,TRPM8,chr2,233917373,234019522,1,1,0,0.99,101,5,77,3,0.0,320.0,0.0,2,0,68.58356826923077
ENSG00000072080,SPP2,chr2,234050617,234079344,1,0,16764,,27,0,18,1,0.0,69.0,0.0,0,0,72.74139655172414
ENSG00000188042,ARL4C,chr2,234493041,234497081,-1,1,0,1.01,13,2,11,0,0.0,172.0,0.0,1,0,62.24694000000001
ENSG00000130147,SH3BP4,chr2,234952017,235055714,1,2,0,0.825,194,3,182,0,0.0,281.0,0.0,0,0,41.9174820754717
ENSG00000157985,AGAP1,chr2,235494043,236131793,1,10,0,0.986,823,4,650,34,0.0,137.0,0.0,0,0,43.632658215962444
ENSG00000168505,GBX2,chr2,236165236,236168386,-1,1,0,0.79,11,4,7,0,0.0,131.0,0.0,0,0,61.381625
ENSG00000182177,ASB18,chr2,236193459,236264409,-1,4,0,0.985,58,2,39,1,0.0,41.0,0.0,0,0,63.46713888888889
ENSG00000132321,IQCA1,chr2,236324147,236507716,-1,1,0,1.38,125,3,78,8,0.0,108.0,0.0,0,0,67.23596972972973
ENSG00000144476,ACKR3,chr2,236567692,236582358,1,1,0,0.79,38,1,37,0,4.0,1144.0,1.0,0,0,61.93878666666665
ENSG00000198612,COPS8,chr2,237085882,237100474,1,1,0,1.05,20,1,19,0,0.0,121.0,0.0,1,0,58.351639999999996
ENSG00000163359,COL6A3,chr2,237324003,237414405,-1,1,0,0.78,109,1,105,0,0.0,580.0,0.0,0,0,47.987145054945046
ENSG00000115648,MLPH,chr2,237485428,237555322,1,1,0,1.06,111,2,104,0,0.0,198.0,0.0,0,0,41.12998028169014
ENSG00000071677,PRLH,chr2,237559555,237567288,1,0,59630,,13,0,3,4,0.0,163.0,0.0,0,0,40.868275
ENSG00000124839,RAB17,chr2,237574322,237601623,-1,0,25295,,57,3,48,0,0.0,59.0,0.0,0,0,40.926865517241374
ENSG00000124831,LRRFIP1,chr2,237627554,237813682,1,4,0,0.9325,283,5,249,8,0.0,177.0,0.0,7,0,39.940938502673795
ENSG00000177483,RBM44,chr2,237798389,237842808,1,1,0,1.08,32,2,15,2,0.0,12.0,0.0,0,0,40.34948695652173
ENSG00000132329,RAMP1,chr2,237858893,237912111,1,1,0,0.94,107,3,103,0,0.0,175.0,0.0,1,0,41.9216962962963
ENSG00000184182,UBE2F,chr2,237966827,238045486,1,1,0,0.97,96,2,84,0,0.0,58.0,0.0,3,0,43.659551898734165
ENSG00000258984,UBE2F-SCLY,chr2,237967014,238099412,1,2,0,0.93,161,3,131,3,0.0,0.0,0.0,5,0,43.546848120300744
ENSG00000132330,SCLY,chr2,238060924,238099413,1,1,0,0.89,53,1,41,2,0.0,225.0,0.0,2,0,43.33032051282052
ENSG00000144488,ESPNL,chr2,238100340,238133287,1,3,0,0.6733,73,3,54,1,0.0,93.0,0.0,0,0,43.265708823529415
ENSG00000168427,KLHL30,chr2,238138668,238152947,1,3,0,0.7533,32,1,31,0,0.0,17.0,0.0,0,0,43.53594666666666
ENSG00000178752,ERFE,chr2,238158970,238168900,1,2,0,1.175,30,1,26,1,0.0,215.0,0.0,0,0,43.89391818181818
ENSG00000132323,ILKAP,chr2,238170400,238203756,-1,1,0,1.11,32,1,29,0,0.0,51.0,0.0,1,0,44.55047428571428
ENSG00000144485,HES6,chr2,238238267,238240662,-1,1,0,0.94,8,1,7,0,0.0,88.0,0.0,0,0,46.564525
ENSG00000132326,PER2,chr2,238244044,238290102,-1,1,0,1.2,82,2,76,0,0.0,358.0,0.0,1,0,47.84746170212765
ENSG00000204104,TRAF3IP1,chr2,238320441,238402114,1,1,0,1.14,86,1,76,3,0.0,105.0,0.0,2,0,52.50656746987952
ENSG00000065802,ASB1,chr2,238426742,238452250,1,2,0,0.84,38,2,35,0,0.0,89.0,0.0,2,0,56.03598461538461
ENSG00000233608,TWIST2,chr2,238848032,238910534,1,2,0,0.875,131,2,127,0,0.0,296.0,0.0,0,0,73.58625781250001
ENSG00000068024,HDAC4,chr2,239048168,239401661,-1,16,0,0.8269,702,6,664,8,0.0,684.0,0.0,21,0,74.16911042253521
ENSG00000130414,NDUFA10,chr2,239892450,240025743,-1,4,0,0.845,163,1,151,2,0.0,219.0,0.0,3,0,49.74205955882353
ENSG00000182083,OR6B2,chr2,240029491,240030429,-1,0,3637,,0,0,0,0,0.0,22.0,0.0,0,0,49.4992
ENSG00000178586,OR6B3,chr2,240044571,240053807,-1,0,2123,,3,0,3,0,0.0,14.0,0.0,0,0,49.83511
ENSG00000172428,COPS9,chr2,240126563,240136807,-1,2,0,0.91,19,1,15,0,0.0,22.0,0.0,1,0,52.12319090909091
ENSG00000178602,OTOS,chr2,240139026,240144562,-1,0,2527,,14,2,7,2,0.0,42.0,0.0,0,0,52.410442857142854
ENSG00000063660,GPC1,chr2,240435636,240468076,1,5,0,0.854,92,4,80,0,0.0,278.0,0.0,0,0,51.957336363636365
ENSG00000144504,ANKMY1,chr2,240479422,240569209,-1,4,0,0.9075,96,4,57,4,0.0,39.0,0.0,3,0,50.63174175824176
ENSG00000188542,DUSP28,chr2,240560054,240565256,1,1,0,0.92,13,2,11,0,0.0,15.0,0.0,2,0,50.54515
ENSG00000142327,RNPEPL1,chr2,240565804,240581372,1,2,0,0.865,42,1,41,0,0.0,29.0,0.0,4,0,50.668375000000005
ENSG00000142330,CAPN10,chr2,240586383,240617705,1,3,0,0.82,68,3,61,1,0.0,139.0,0.0,1,0,51.12170303030303
ENSG00000178623,GPR35,chr2,240605430,240633159,1,2,0,0.8,55,3,42,1,0.0,184.0,0.0,5,0,51.41865172413794
ENSG00000185176,AQP12B,chr2,240676418,240682906,-1,0,3158,,3,1,1,0,0.0,47.0,0.0,0,0,51.962199999999996
ENSG00000184945,AQP12A,chr2,240691866,240698483,1,0,2509,,5,2,1,0,0.0,53.0,0.0,0,0,51.87058571428571
ENSG00000130294,KIF1A,chr2,240713761,240824320,-1,4,0,0.84,204,2,179,3,0.0,241.0,0.0,0,0,50.24785495495496
ENSG00000172482,AGXT,chr2,240868543,240881531,1,0,6829,,32,1,31,0,0.0,482.0,0.0,0,0,48.510078571428565
ENSG00000172478,MAB21L4,chr2,240886048,240896893,-1,1,0,0.71,31,2,29,0,0.0,29.0,0.0,0,0,48.60765000000001
ENSG00000226321,CROCC2,chr2,240906330,240993311,1,5,0,0.726,167,4,141,2,0.0,36.0,0.0,0,0,49.787200000000006
ENSG00000162804,SNED1,chr2,240998612,241095569,1,5,0,0.812,154,5,131,4,0.0,128.0,0.0,2,0,52.3280887755102
ENSG00000122085,MTERF4,chr2,241072169,241102332,-1,1,0,1.22,47,1,46,0,0.0,44.0,0.0,1,0,52.94263548387097
ENSG00000115687,PASK,chr2,241106099,241150852,-1,1,0,0.85,61,3,49,0,0.0,95.0,0.0,5,0,53.04737391304348
ENSG00000115685,PPP1R7,chr2,241149576,241183652,1,1,0,0.85,38,3,32,0,0.0,40.0,0.0,1,0,53.09125142857143
ENSG00000146205,ANO7,chr2,241188509,241225993,1,3,0,0.7367,78,1,56,3,0.0,65.0,0.0,0,0,53.364468421052635
ENSG00000115677,HDLBP,chr2,241227264,241317061,-1,3,0,0.85,134,5,105,3,0.0,207.0,0.0,5,0,54.73653076923076
ENSG00000168385,SEPTIN2,chr2,241314923,241354030,1,1,0,0.86,50,4,40,0,0.0,210.0,0.0,2,0,56.7685025
ENSG00000006607,FARP2,chr2,241356264,241494847,1,1,0,0.82,158,4,134,3,0.0,206.0,0.0,1,0,59.92223714285714
ENSG00000115694,STK25,chr2,241492670,241509730,-1,1,0,0.86,42,3,38,0,0.0,95.0,0.0,1,0,61.305505555555555
ENSG00000176720,BOK,chr2,241551300,241574568,1,1,0,0.93,52,2,46,0,0.0,143.0,0.0,0,0,60.60656399999999
ENSG00000176946,THAP4,chr2,241584405,241637191,-1,3,0,0.8667,58,2,41,4,0.0,26.0,0.0,3,0,59.8734925925926
ENSG00000168397,ATG4B,chr2,241637213,241673857,1,2,0,0.97,62,3,47,1,0.0,199.0,0.0,1,0,59.46366315789473
ENSG00000168393,DTYMK,chr2,241675742,241686944,-1,2,0,0.88,16,1,15,0,0.0,111.0,0.0,1,0,59.33000833333333
ENSG00000168395,ING5,chr2,241687085,241729481,1,4,0,0.89,59,3,38,7,0.0,135.0,0.0,3,0,59.18293255813954
ENSG00000180902,D2HGDH,chr2,241734596,241768816,1,1,0,0.97,77,3,62,4,0.0,101.0,0.0,3,0,58.80185142857143
ENSG00000154252,GAL3ST2,chr2,241776822,241804287,1,1,0,0.9,40,2,31,0,0.0,61.0,0.0,1,0,58.49320357142858
ENSG00000204099,NEU4,chr2,241808982,241817415,1,3,0,0.6767,24,5,19,0,,,,0,0,58.51865555555556
ENSG00000188389,PDCD1,chr2,241849884,241858894,-1,2,0,0.75,29,1,23,1,0.0,2073.0,0.0,1,0,59.492630000000005
ENSG00000188011,RTP5,chr2,241869600,241873823,1,1,0,0.75,14,2,8,2,0.0,20.0,0.0,0,0,60.32901999999999
ENSG00000216921,FAM240C,chr2,241893988,241902551,-1,1,0,0.72,25,4,21,0,0.0,6.0,0.0,0,0,62.05726
