gene_id,gene_name,chrom,start,end,strand,cpg_island_count,cpg_nearest_dist,cpg_mean_obs_exp,encode_ccre_count,encode_promoter_count,encode_enhancer_count,encode_ctcf_count,ot_cancer_hallmark_count,ot_disease_count,ot_is_cancer_driver,tcell_h3k27ac_count,tcell_atac_count,replication_timing
ENSG00000134121,CHL1,chr3,196763,409417,1,2,0,0.73,151,2,109,13,0.0,430.0,0.0,0,0,18.744276995305164
ENSG00000134115,CNTN6,chr3,1092658,1404217,1,0,694128,,172,1,96,23,0.0,143.0,0.0,0,0,13.77282532051282
ENSG00000144619,CNTN4,chr3,2098813,3057963,1,1,0,0.89,540,3,296,55,0.0,200.0,0.0,0,0,17.38566604166667
ENSG00000091181,IL5RA,chr3,3066324,3126613,-1,0,27,,49,3,32,2,0.0,389.0,0.0,2,0,35.75005967741936
ENSG00000072756,TRNT1,chr3,3126364,3153435,1,1,0,0.97,20,1,19,0,0.0,156.0,0.0,2,0,35.92316785714286
ENSG00000113851,CRBN,chr3,3144628,3179727,-1,1,0,0.84,25,1,23,0,0.0,376.0,0.0,3,0,35.472699999999996
ENSG00000144455,SUMF1,chr3,3700814,4467273,-1,3,0,0.9267,537,6,342,36,0.0,138.0,0.0,3,0,47.49343898305085
ENSG00000175928,LRRN1,chr3,3799378,3849834,1,1,0,0.81,36,1,28,0,0.0,126.0,0.0,0,0,31.488951923076918
ENSG00000170364,SETMAR,chr3,4303304,4320649,1,1,0,1.02,20,3,17,0,0.0,294.0,0.0,1,0,60.15181578947369
ENSG00000150995,ITPR1,chr3,4493345,4847506,1,1,0,0.77,441,5,405,3,0.0,650.0,0.0,10,0,71.00143595505618
ENSG00000134107,BHLHE40,chr3,4978715,4985323,1,2,0,0.85,20,3,17,0,0.0,533.0,0.0,2,0,77.62251428571429
ENSG00000134108,ARL8B,chr3,5122249,5180911,1,1,0,0.97,58,1,52,0,0.0,100.0,0.0,1,0,76.44388833333333
ENSG00000134109,EDEM1,chr3,5187646,5219958,1,1,0,1.01,52,5,45,0,0.0,102.0,0.0,4,0,73.50391212121212
ENSG00000196277,GRM7,chr3,6770001,7741533,1,2,0,0.935,537,3,258,75,0.0,231.0,0.0,0,0,18.986487461459408
ENSG00000071282,LMCD1,chr3,8501587,8574668,1,1,0,0.88,108,1,102,0,0.0,133.0,0.0,1,0,38.64031891891892
ENSG00000125046,SSUH2,chr3,8619386,8745040,-1,0,22235,,156,5,127,0,0.0,249.0,0.0,0,0,43.19508031496062
ENSG00000182533,CAV3,chr3,8733802,8841808,1,1,0,0.79,125,4,87,4,0.0,463.0,0.0,0,0,45.93124220183487
ENSG00000180914,OXTR,chr3,8750381,8769628,-1,1,0,0.79,33,1,29,0,0.0,393.0,0.0,0,0,45.054276190476195
ENSG00000070950,RAD18,chr3,8775402,8963773,-1,1,0,0.85,164,2,115,8,0.0,237.0,0.0,1,0,48.5749047368421
ENSG00000196220,SRGAP3,chr3,8980591,9363053,-1,4,0,0.875,433,6,365,13,0.0,215.0,0.0,1,0,55.90887650130549
ENSG00000134077,THUMPD3,chr3,9362967,9386791,1,1,0,0.96,25,1,17,1,0.0,64.0,0.0,2,0,63.924376
ENSG00000168137,SETD5,chr3,9397609,9479240,1,1,0,0.83,89,4,74,1,0.0,168.0,0.0,2,0,63.745876829268305
ENSG00000156959,LHFPL4,chr3,9498361,9553823,-1,2,0,0.875,39,1,20,2,0.0,26.0,0.0,0,0,65.52116666666666
ENSG00000163719,MTMR14,chr3,9649433,9702393,1,0,1375,,57,1,47,2,0.0,148.0,0.0,1,0,72.37671296296296
ENSG00000144550,CPNE9,chr3,9703691,9729908,1,1,0,0.7,32,3,16,3,0.0,24.0,0.0,1,0,73.67003333333334
ENSG00000156983,BRPF1,chr3,9731729,9748019,1,1,0,0.93,21,5,11,0,0.0,98.0,0.0,1,0,74.54591176470589
ENSG00000114026,OGG1,chr3,9749944,9788219,1,1,0,0.77,55,3,43,0,0.0,440.0,0.0,3,0,75.94734871794873
ENSG00000134072,CAMK1,chr3,9757346,9770606,-1,0,7019,,18,1,11,0,0.0,95.0,0.0,1,0,75.67105333333332
ENSG00000171148,TADA3,chr3,9779964,9793011,-1,1,0,0.8,23,2,19,0,0.0,33.0,0.0,2,0,76.89533571428572
ENSG00000241553,ARPC4,chr3,9792493,9807107,1,1,0,0.8,25,3,20,1,0.0,132.0,0.0,1,0,77.649775
ENSG00000250151,ARPC4-TTLL3,chr3,9793082,9835401,1,2,0,0.8,53,3,35,2,0.0,42.0,0.0,2,0,78.50343023255815
ENSG00000214021,TTLL3,chr3,9808086,9855138,1,2,0,0.815,55,3,37,1,0.0,86.0,0.0,3,0,79.50885625
ENSG00000156990,RPUSD3,chr3,9837802,9844602,-1,1,0,0.83,10,1,8,0,0.0,32.0,0.0,1,0,80.087075
ENSG00000187288,CIDEC,chr3,9866710,9880256,-1,0,3583,,18,2,15,0,0.0,130.0,0.0,0,0,81.62187857142858
ENSG00000171135,JAGN1,chr3,9890574,9894349,1,1,0,0.83,8,1,5,0,0.0,64.0,0.0,1,0,82.26935
ENSG00000163701,IL17RE,chr3,9902612,9916402,1,1,0,1.0,20,2,16,1,0.0,127.0,0.0,0,0,82.62408571428571
ENSG00000163702,IL17RC,chr3,9917040,9933630,1,1,0,0.8,16,5,6,1,0.0,199.0,0.0,1,0,82.75988333333333
ENSG00000288550,,chr3,9917116,9945385,1,1,0,0.8,36,8,19,1,0.0,0.0,0.0,1,0,82.7467172413793
ENSG00000163703,CRELD1,chr3,9933793,9945413,1,1,0,0.8,22,4,14,0,0.0,68.0,0.0,1,0,82.72849166666667
ENSG00000163704,PRRT3,chr3,9939450,9952424,-1,2,0,0.915,27,2,23,0,0.0,45.0,0.0,2,0,82.66699285714286
ENSG00000125037,EMC3,chr3,9962682,10011202,-1,1,0,0.83,60,4,45,2,0.0,57.0,0.0,2,0,81.621522
ENSG00000144554,FANCD2,chr3,10026370,10101937,1,1,0,1.0,40,2,21,6,5.0,667.0,1.0,1,0,79.34564285714286
ENSG00000163705,FANCD2OS,chr3,10081317,10108255,-1,1,0,0.68,24,1,17,2,0.0,36.0,0.0,0,0,78.96004642857145
ENSG00000254999,BRK1,chr3,10115673,10127190,1,1,0,0.9,11,1,7,0,0.0,39.0,0.0,1,0,79.15242500000001
ENSG00000134086,VHL,chr3,10141778,10153676,1,1,0,1.13,15,2,10,2,5.0,969.0,1.0,1,0,79.58782307692307
ENSG00000134070,IRAK2,chr3,10164863,10243756,1,2,0,0.795,114,1,105,1,0.0,175.0,0.0,7,0,79.92549875
ENSG00000157014,TATDN2,chr3,10248023,10281218,1,2,0,0.765,34,3,29,0,0.0,55.0,0.0,3,0,78.46473529411765
ENSG00000289763,,chr3,10249042,10249366,1,1,0,0.7,2,1,1,0,0.0,13.0,0.0,1,0,79.1371
ENSG00000272410,,chr3,10249372,10285796,1,1,0,0.7,38,4,32,0,0.0,0.0,0.0,3,0,78.32033157894736
ENSG00000157017,GHRL,chr3,10285666,10292959,-1,0,27863,,17,3,14,0,0.0,927.0,0.0,0,0,77.2096375
ENSG00000157020,SEC13,chr3,10293131,10321123,-1,1,0,0.85,38,3,29,0,0.0,62.0,0.0,2,0,76.21735172413794
ENSG00000157087,ATP2B2,chr3,10324023,10708007,-1,4,0,0.985,499,2,395,28,0.0,648.0,0.0,3,0,63.60328649350649
ENSG00000132164,SLC6A11,chr3,10816201,10940714,1,1,0,0.91,96,1,63,9,0.0,104.0,0.0,0,0,48.46436984126984
ENSG00000157103,SLC6A1,chr3,10992186,11039247,1,2,0,0.865,56,3,49,0,0.0,391.0,0.0,0,0,48.64164375000001
ENSG00000196639,HRH1,chr3,11137093,11263557,1,1,0,1.21,153,5,132,5,0.0,497.0,0.0,0,0,57.1781890625
ENSG00000197548,ATG7,chr3,11272309,11557665,1,2,0,1.05,314,2,282,8,0.0,531.0,0.0,2,0,60.803092334494785
ENSG00000144560,VGLL4,chr3,11556069,11771350,-1,4,0,0.9075,300,9,275,3,0.0,143.0,0.0,5,0,61.92591435185185
ENSG00000144559,TAMM41,chr3,11790442,11846919,-1,1,0,0.87,37,2,35,0,0.0,52.0,0.0,1,0,63.71304310344828
ENSG00000157152,SYN2,chr3,12004388,12192032,1,2,0,0.89,157,2,106,14,0.0,194.0,0.0,0,0,53.67814708994709
ENSG00000157150,TIMP4,chr3,12153068,12158912,-1,1,0,0.67,8,1,7,0,0.0,345.0,0.0,0,0,53.573142857142855
ENSG00000132170,PPARG,chr3,12287368,12434574,1,1,0,0.94,169,6,160,1,3.0,1563.0,1.0,0,0,59.50924496644294
ENSG00000154743,TSEN2,chr3,12480529,12541549,1,1,0,0.91,65,2,55,1,0.0,64.0,0.0,1,0,66.76612096774194
ENSG00000225526,MKRN2OS,chr3,12514934,12561059,-1,1,0,0.94,52,3,43,1,0.0,12.0,0.0,1,0,67.92297446808512
ENSG00000075975,MKRN2,chr3,12557020,12586208,1,1,0,0.94,39,2,33,1,0.0,258.0,0.0,1,0,69.40645666666666
ENSG00000132155,RAF1,chr3,12582101,12664201,-1,1,0,0.94,95,3,81,1,4.0,1034.0,1.0,2,0,71.67373855421685
ENSG00000088726,TMEM40,chr3,12733528,12769457,-1,0,27036,,48,1,36,3,0.0,58.0,0.0,0,0,75.18507222222223
ENSG00000144712,CAND2,chr3,12796472,12834818,1,4,0,0.8,60,3,48,4,0.0,76.0,0.0,0,0,75.8805925
ENSG00000289809,,chr3,12825768,12871919,1,2,0,0.68,71,5,56,3,0.0,0.0,0.0,1,0,76.53186170212766
ENSG00000144713,RPL32,chr3,12834485,12841582,-1,1,0,0.73,18,4,13,0,0.0,140.0,0.0,1,0,76.26517777777778
ENSG00000144711,IQSEC1,chr3,12897043,13283281,-1,8,0,0.8325,714,7,614,16,0.0,102.0,0.0,6,0,74.50645167958656
ENSG00000132182,NUP210,chr3,13316231,13420322,-1,1,0,0.96,136,1,119,1,0.0,270.0,0.0,5,0,72.06702476190476
ENSG00000163517,HDAC11,chr3,13479724,13506424,1,1,0,0.83,47,3,40,0,0.0,259.0,0.0,2,0,75.53242222222221
ENSG00000163520,FBLN2,chr3,13549073,13638422,1,3,0,0.9167,159,4,131,5,0.0,302.0,0.0,0,0,70.98988666666666
ENSG00000154764,WNT7A,chr3,13816258,13880071,-1,3,0,0.77,103,1,92,0,0.0,572.0,0.0,3,0,59.959416923076915
ENSG00000163528,CHCHD4,chr3,14112077,14124876,-1,1,0,0.94,20,1,18,0,0.0,55.0,0.0,1,0,71.41088571428571
ENSG00000170876,TMEM43,chr3,14125015,14143681,1,1,0,0.94,36,2,33,0,0.0,167.0,0.0,2,0,72.847
ENSG00000268279,,chr3,14135217,14148252,1,0,9718,,28,3,24,0,0.0,1.0,0.0,1,0,73.4492142857143
ENSG00000154767,XPC,chr3,14145145,14178652,-1,1,0,1.09,43,2,36,0,0.0,348.0,0.0,3,0,75.0110942857143
ENSG00000170860,LSM3,chr3,14178801,14201122,1,1,0,1.09,19,1,16,0,0.0,45.0,0.0,1,0,76.70142173913044
ENSG00000131389,SLC6A6,chr3,14402565,14489349,1,1,0,0.95,185,1,172,0,0.0,402.0,0.0,2,0,72.67759885057471
ENSG00000144596,GRIP2,chr3,14489107,14556075,-1,1,0,0.65,103,2,75,8,0.0,130.0,0.0,0,0,69.21242352941175
ENSG00000154781,CCDC174,chr3,14651762,14672659,1,1,0,0.99,24,1,23,0,0.0,122.0,0.0,1,0,63.96193181818182
ENSG00000131379,C3orf20,chr3,14675141,14773036,1,0,23219,,83,2,70,4,0.0,177.0,0.0,0,0,61.51147777777779
ENSG00000154783,FGD5,chr3,14810518,14934571,1,1,0,0.88,164,1,132,7,0.0,142.0,0.0,1,0,62.26751279999999
ENSG00000177463,NR2C2,chr3,14947544,15053600,1,1,0,1.08,85,2,74,3,0.0,704.0,0.0,2,0,65.9680425925926
ENSG00000131368,MRPS25,chr3,15009611,15065339,-1,1,0,0.99,61,1,57,0,0.0,43.0,0.0,1,0,66.51593928571428
ENSG00000131381,RBSN,chr3,15068571,15099163,-1,2,0,0.885,26,1,18,2,0.0,46.0,0.0,1,0,67.05861935483871
ENSG00000131375,CAPN7,chr3,15206112,15252919,1,1,0,1.0,35,1,28,1,0.0,48.0,0.0,1,0,70.94061041666667
ENSG00000131370,SH3BP5,chr3,15254353,15341368,-1,1,0,1.06,172,4,164,0,0.0,176.0,0.0,5,0,73.54335909090909
ENSG00000206562,METTL6,chr3,15381061,15440566,-1,1,0,0.9,49,1,41,3,0.0,58.0,0.0,1,0,74.96404918032786
ENSG00000144597,EAF1,chr3,15427598,15450635,1,1,0,0.9,20,2,18,0,0.0,117.0,0.0,1,0,74.41642083333333
ENSG00000293553,,chr3,15439199,15455940,-1,0,11274,,21,2,18,0,0.0,0.0,0.0,0,0,74.166
ENSG00000206561,COLQ,chr3,15450132,15521928,-1,0,22207,,93,5,74,1,0.0,86.0,0.0,0,0,72.33946301369863
ENSG00000131373,HACL1,chr3,15560582,15601883,-1,1,0,0.93,32,2,24,2,0.0,53.0,0.0,1,0,66.1595
ENSG00000169814,BTD,chr3,15601341,15722311,1,1,0,0.93,121,4,114,0,0.0,282.0,0.0,2,0,62.930255737704925
ENSG00000206560,ANKRD28,chr3,15667236,15859771,-1,1,0,0.96,166,5,152,1,0.0,66.0,0.0,3,0,60.49142731958762
ENSG00000131386,GALNT15,chr3,16174573,16231992,1,0,32637,,72,1,51,6,0.0,48.0,0.0,0,0,48.78401379310344
ENSG00000154813,DPH3,chr3,16257061,16264982,-1,1,0,0.88,13,1,12,0,0.0,45.0,0.0,1,0,48.915477777777774
ENSG00000154814,OXNAD1,chr3,16265160,16350299,1,1,0,0.88,120,3,109,1,0.0,45.0,0.0,8,0,48.74097790697676
ENSG00000131378,RFTN1,chr3,16313574,16514026,-1,1,0,0.86,295,7,277,0,0.0,181.0,0.0,7,0,47.62062835820895
ENSG00000092345,DAZL,chr3,16586792,16670306,-1,1,0,0.72,59,3,43,4,0.0,284.0,0.0,0,0,47.90654523809525
ENSG00000154822,PLCL2,chr3,16802651,17090604,1,1,0,0.92,326,2,303,7,0.0,187.0,0.0,4,0,37.35054186851211
ENSG00000131374,TBC1D5,chr3,17157162,18444817,-1,3,0,0.9733,1058,11,729,76,0.0,106.0,0.0,4,0,45.77129317300233
ENSG00000182568,SATB1,chr3,18345377,18445621,-1,2,0,0.92,139,6,131,0,0.0,331.0,0.0,4,0,31.93756960784314
ENSG00000183960,KCNH8,chr3,19148102,19535642,1,1,0,0.78,189,1,124,9,0.0,240.0,0.0,0,0,29.958885347043697
ENSG00000163576,EFHB,chr3,19879472,19947025,-1,1,0,0.83,47,2,30,3,0.0,114.0,0.0,1,0,65.65936086956522
ENSG00000144566,RAB5A,chr3,19947097,19985178,1,1,0,0.83,30,3,19,2,0.0,253.0,0.0,1,0,67.7879794871795
ENSG00000183977,PP2D1,chr3,19979961,20012267,-1,0,27699,,22,0,9,3,0.0,23.0,0.0,0,0,68.50969705882353
ENSG00000114166,KAT2B,chr3,20040400,20154404,1,1,0,1.12,137,1,120,3,0.0,405.0,0.0,3,0,68.20677391304348
ENSG00000129810,SGO1,chr3,20160593,20186782,-1,1,0,0.98,19,4,13,0,0.0,164.0,0.0,1,0,65.11907407407408
ENSG00000151789,ZNF385D,chr3,21412218,22373321,-1,1,0,0.82,574,3,272,72,0.0,107.0,0.0,0,0,24.448197609147613
ENSG00000182247,UBE2E2,chr3,23203020,23591794,1,1,0,1.07,317,3,212,24,0.0,171.0,0.0,0,0,35.39811564102563
ENSG00000170142,UBE2E1,chr3,23805955,23891640,1,2,0,0.865,102,3,84,4,0.0,183.0,0.0,2,0,61.5266551724138
ENSG00000197885,NKIRAS1,chr3,23889951,23946591,-1,2,0,0.93,68,6,50,3,0.0,92.0,0.0,2,0,63.74453793103448
ENSG00000174748,RPL15,chr3,23916591,23924374,1,1,0,0.83,14,4,9,0,0.0,141.0,0.0,1,0,63.816087499999995
ENSG00000174738,NR1D2,chr3,23945286,23980637,1,1,0,1.03,37,2,31,0,0.0,261.0,0.0,1,0,64.49136486486486
ENSG00000151090,THRB,chr3,24117153,24495756,-1,1,0,0.92,386,6,344,4,0.0,748.0,0.0,0,0,62.021239210526325
ENSG00000077092,RARB,chr3,24687887,25597932,1,1,0,0.73,747,7,515,57,0.0,640.0,0.0,0,0,41.54125921052632
ENSG00000077097,TOP2B,chr3,25597978,25664973,-1,1,0,0.99,44,2,38,1,0.0,215.0,0.0,1,0,49.78704852941176
ENSG00000151092,NGLY1,chr3,25718717,25790039,-1,3,0,0.9967,55,2,41,3,0.0,150.0,0.0,3,0,53.45067916666666
ENSG00000151093,OXSM,chr3,25782917,25796834,1,3,0,0.9967,19,2,15,0,0.0,187.0,0.0,3,0,53.28391333333334
ENSG00000179796,LRRC3B,chr3,26622772,26717537,1,2,0,0.79,78,3,59,3,0.0,89.0,0.0,0,0,18.438225000000003
ENSG00000163491,NEK10,chr3,27106484,27369460,-1,1,0,0.81,180,3,119,17,0.0,92.0,0.0,1,0,16.935770075757578
ENSG00000033867,SLC4A7,chr3,27372723,27484451,-1,1,0,1.01,75,4,57,5,0.0,355.0,0.0,4,0,21.604781250000002
ENSG00000163508,EOMES,chr3,27715949,27722711,-1,1,0,0.79,17,2,15,0,0.0,270.0,0.0,1,0,21.5883375
ENSG00000187118,CMC1,chr3,28241584,28325142,1,1,0,0.81,61,1,39,2,0.0,59.0,0.0,1,0,23.120146428571427
ENSG00000163512,AZI2,chr3,28315003,28349050,-1,1,0,0.96,27,2,19,4,0.0,91.0,0.0,1,0,21.93981714285714
ENSG00000206559,ZCWPW2,chr3,28348721,28538122,1,1,0,0.96,51,2,14,11,0.0,49.0,0.0,1,0,20.754411052631575
ENSG00000283563,,chr3,28349178,29767537,1,2,0,0.89,970,10,656,73,0.0,4.0,0.0,2,0,13.606181401408453
ENSG00000144642,RBMS3,chr3,28574791,30010391,1,1,0,0.82,1056,9,725,74,0.0,627.0,0.0,1,0,13.092989902574807
ENSG00000163513,TGFBR2,chr3,30606478,30694249,1,1,0,0.91,163,2,159,0,2.0,864.0,1.0,16,0,24.26727977528089
ENSG00000144644,GADL1,chr3,30726197,30894761,-1,1,0,0.98,140,1,98,8,0.0,98.0,0.0,0,0,31.56639764705882
ENSG00000163527,STT3B,chr3,31532521,31638548,1,1,0,1.11,95,2,77,2,0.0,98.0,0.0,3,0,47.853336448598135
ENSG00000144645,OSBPL10,chr3,31657888,32077580,-1,1,0,0.9,468,8,416,5,0.0,165.0,0.0,0,0,41.283057482185285
ENSG00000197385,ZNF860,chr3,31981722,31991723,1,1,0,0.9,9,1,5,0,0.0,35.0,0.0,0,0,38.75775454545454
ENSG00000152642,GPD1L,chr3,32105689,32168715,1,1,0,0.91,78,1,72,1,0.0,131.0,0.0,2,0,42.1725125
ENSG00000170293,CMTM8,chr3,32237207,32370699,1,1,0,0.82,144,1,127,4,0.0,41.0,0.0,6,0,48.36012222222222
ENSG00000153551,CMTM7,chr3,32391686,32483067,1,3,0,0.8467,154,1,151,0,0.0,61.0,0.0,13,0,57.01649130434782
ENSG00000091317,CMTM6,chr3,32474175,32502852,-1,1,0,0.92,35,1,33,0,0.0,123.0,0.0,1,0,60.287796666666665
ENSG00000144635,DYNC1LI1,chr3,32525974,32570900,-1,1,0,1.05,33,1,23,1,0.0,92.0,0.0,1,0,62.036419565217386
ENSG00000182973,CNOT10,chr3,32685139,32773875,1,1,0,0.91,61,1,43,4,0.0,42.0,0.0,1,0,65.11861999999999
ENSG00000206557,TRIM71,chr3,32817526,32897824,1,3,0,0.9867,125,1,110,0,0.0,105.0,0.0,0,0,66.75907160493826
ENSG00000183813,CCR4,chr3,32951644,32957120,1,0,129721,,14,1,13,0,0.0,725.0,0.0,2,0,70.85205
ENSG00000170266,GLB1,chr3,32996609,33097202,-1,1,0,0.99,129,3,113,1,0.0,755.0,0.0,12,0,72.39529603960396
ENSG00000188167,TMPPE,chr3,33090421,33097146,-1,1,0,0.99,13,3,9,0,0.0,21.0,0.0,1,0,72.6004625
ENSG00000170275,CRTAP,chr3,33113956,33147773,1,1,0,1.08,44,3,39,0,0.0,386.0,0.0,1,0,72.47157428571428
ENSG00000173705,SUSD5,chr3,33150043,33218810,-1,1,0,0.89,53,2,44,1,0.0,29.0,0.0,0,0,71.39031714285716
ENSG00000153558,FBXL2,chr3,33277025,33403662,1,1,0,1.1,85,1,64,5,0.0,162.0,0.0,1,0,66.05941484375
ENSG00000153560,UBP1,chr3,33388336,33441407,-1,2,0,0.93,57,3,53,0,0.0,78.0,0.0,1,0,65.43633703703703
ENSG00000163539,CLASP2,chr3,33496187,33718414,-1,1,0,0.93,122,4,91,5,0.0,72.0,0.0,1,0,66.34184439461885
ENSG00000170248,PDCD6IP,chr3,33798571,33869707,1,1,0,0.94,52,1,43,3,0.0,225.0,0.0,4,0,72.44155972222221
ENSG00000172995,ARPP21,chr3,35638945,35794496,1,1,0,0.83,170,9,147,2,0.0,118.0,0.0,0,0,17.809641666666668
ENSG00000144681,STAC,chr3,36380321,36548045,1,1,0,1.04,135,1,93,8,0.0,64.0,0.0,0,0,34.77899349112426
ENSG00000163673,DCLK3,chr3,36712421,36764553,-1,1,0,1.24,46,1,21,9,0.0,273.0,0.0,0,0,55.30422037037037
ENSG00000168016,TRANK1,chr3,36826817,36945057,-1,1,0,0.83,125,1,104,3,0.0,122.0,0.0,5,0,65.2634512605042
ENSG00000178567,EPM2AIP1,chr3,36985043,36993131,-1,1,0,0.91,12,1,11,0,0.0,88.0,0.0,2,0,73.09297777777778
ENSG00000076242,MLH1,chr3,36993226,37050896,1,1,0,0.91,48,3,43,1,5.0,1050.0,1.0,1,0,74.07068644067796
ENSG00000093167,LRRFIP2,chr3,37052626,37183689,-1,1,0,0.86,135,6,114,0,0.0,60.0,0.0,1,0,75.13539545454546
ENSG00000144674,GOLGA4,chr3,37243184,37366879,1,1,0,1.08,98,3,80,4,0.0,239.0,0.0,1,0,74.92889920000002
ENSG00000144668,ITGA9,chr3,37452090,37823507,1,1,0,1.06,425,1,379,4,0.0,207.0,0.0,0,0,61.48637747989276
ENSG00000144677,CTDSPL,chr3,37861880,37984469,1,1,0,0.82,153,2,142,1,0.0,111.0,0.0,0,0,65.26633658536585
ENSG00000136059,VILL,chr3,37987978,38007188,1,2,0,0.83,52,4,48,0,0.0,71.0,0.0,5,0,68.40355
ENSG00000187091,PLCD1,chr3,38007496,38029675,-1,2,0,0.7,41,3,37,0,0.0,311.0,0.0,1,0,69.03935
ENSG00000008226,DLEC1,chr3,38039205,38124025,1,1,0,0.97,91,1,68,2,0.0,238.0,0.0,1,0,70.41515000000001
ENSG00000060971,ACAA1,chr3,38103129,38137647,-1,1,0,0.82,59,3,50,1,0.0,142.0,0.0,1,0,70.94290833333332
ENSG00000172936,MYD88,chr3,38138552,38143024,1,1,0,0.75,11,1,9,0,4.0,1226.0,1.0,1,0,71.0436
ENSG00000172939,OXSR1,chr3,38165089,38255484,1,1,0,1.01,79,1,65,5,0.0,69.0,0.0,1,0,70.5017747252747
ENSG00000172940,SLC22A13,chr3,38265812,38278757,1,0,67874,,14,0,9,2,0.0,22.0,0.0,0,0,69.4664642857143
ENSG00000144671,SLC22A14,chr3,38282294,38318575,1,0,28056,,29,0,15,2,0.0,135.0,0.0,0,0,68.79871842105264
ENSG00000093217,XYLB,chr3,38346760,38421348,1,1,0,0.92,46,1,32,3,0.0,59.0,0.0,1,0,65.20535066666666
ENSG00000114739,ACVR2B,chr3,38453890,38493142,1,1,0,0.93,42,2,32,5,0.0,301.0,0.0,1,0,59.7478325
ENSG00000157036,EXOG,chr3,38496127,38542161,1,1,0,0.88,53,1,49,0,0.0,44.0,0.0,2,0,57.806280851063825
ENSG00000183873,SCN5A,chr3,38548057,38649743,-1,1,0,0.81,109,1,82,9,0.0,876.0,0.0,0,0,55.152585436893204
ENSG00000185313,SCN10A,chr3,38696802,38816286,-1,0,46780,,65,0,26,15,0.0,467.0,0.0,0,0,49.12186833333333
ENSG00000168356,SCN11A,chr3,38845764,39052157,-1,1,0,0.83,101,1,44,16,0.0,400.0,0.0,1,0,56.42731449275362
ENSG00000114742,WDR48,chr3,39051999,39096671,1,1,0,0.83,35,1,31,0,0.0,170.0,0.0,1,0,64.86499130434781
ENSG00000114745,GORASP1,chr3,39095222,39108369,-1,1,0,0.94,26,3,22,0,0.0,968.0,0.0,1,0,66.35515714285715
ENSG00000168026,TTC21A,chr3,39107194,39140973,1,1,0,0.94,56,5,49,1,0.0,197.0,0.0,1,0,67.30599142857143
ENSG00000144655,CSRNP1,chr3,39141854,39154852,-1,2,0,0.87,35,7,28,0,0.0,75.0,0.0,2,0,68.12517142857143
ENSG00000168334,XIRP1,chr3,39183210,39192599,-1,0,2031,,24,1,23,0,0.0,303.0,0.0,0,0,68.86612727272728
ENSG00000168329,CX3CR1,chr3,39263495,39281735,-1,0,82316,,28,4,24,0,0.0,899.0,0.0,1,0,68.284615
ENSG00000179934,CCR8,chr3,39329709,39336269,1,0,46936,,6,1,5,0,0.0,264.0,0.0,1,0,66.14248571428573
ENSG00000144659,SLC25A38,chr3,39383347,39397351,1,1,0,0.87,18,2,15,0,0.0,68.0,0.0,1,0,63.35174
ENSG00000168028,RPSA,chr3,39406709,39426255,1,1,0,0.81,38,4,31,1,0.0,939.0,0.0,1,0,62.066500000000005
ENSG00000168314,MOBP,chr3,39467172,39529479,1,1,0,0.65,53,3,44,0,0.0,99.0,0.0,0,0,58.72153809523809
ENSG00000170011,MYRIP,chr3,39808914,40260321,1,1,0,0.94,307,5,204,20,0.0,85.0,0.0,0,0,53.164335761589406
ENSG00000114784,EIF1B,chr3,40309707,40312424,1,1,0,0.98,8,1,7,0,0.0,64.0,0.0,1,0,70.82793333333332
ENSG00000291315,,chr3,40312086,40312214,1,0,1745,,1,0,1,0,0.0,17.0,0.0,1,0,70.8807
ENSG00000168032,ENTPD3,chr3,40387184,40428744,1,1,0,0.91,25,2,16,1,0.0,89.0,0.0,0,0,74.26391162790698
ENSG00000188846,RPL14,chr3,40457292,40468587,1,1,0,1.01,22,1,20,0,0.0,110.0,0.0,1,0,74.01247692307692
ENSG00000177873,ZNF619,chr3,40477113,40491053,1,1,0,0.76,9,2,4,1,0.0,36.0,0.0,1,0,73.43782666666668
ENSG00000177842,ZNF620,chr3,40477131,40518736,1,2,0,0.885,30,3,16,2,0.0,28.0,0.0,2,0,72.92487209302325
ENSG00000172888,ZNF621,chr3,40524878,40574685,1,1,0,0.78,29,1,14,3,0.0,36.0,0.0,1,0,70.71706470588236
ENSG00000168036,CTNNB1,chr3,41194741,41260096,1,1,0,0.86,82,7,67,1,9.0,1385.0,1.0,1,0,43.11086666666667
ENSG00000168038,ULK4,chr3,41246599,41962130,-1,2,0,1.245,435,4,237,45,0.0,179.0,0.0,1,0,44.51635251396649
ENSG00000182606,TRAK1,chr3,42013624,42225890,1,2,0,0.825,305,5,291,1,0.0,214.0,0.0,4,0,59.26305868544601
ENSG00000187094,CCK,chr3,42257823,42266185,-1,2,0,0.83,9,1,8,0,0.0,514.0,0.0,0,0,56.543588888888884
ENSG00000157093,LYZL4,chr3,42397083,42410610,-1,0,90718,,10,0,6,1,0.0,21.0,0.0,0,0,60.808606666666655
ENSG00000114812,VIPR1,chr3,42489299,42537688,1,2,0,0.715,81,5,73,0,0.0,606.0,0.0,2,0,66.147958
ENSG00000093183,SEC22C,chr3,42547969,42601168,-1,3,0,0.94,49,7,37,1,0.0,23.0,0.0,4,0,68.8102925925926
ENSG00000008324,SS18L2,chr3,42581840,42596934,1,2,0,0.915,19,4,15,0,0.0,15.0,0.0,2,0,69.41600625000001
ENSG00000114857,NKTR,chr3,42600471,42648738,1,1,0,0.99,43,3,34,0,0.0,145.0,0.0,4,0,70.487662
ENSG00000114853,ZBTB47,chr3,42652900,42667580,1,3,0,0.7667,43,6,37,0,0.0,34.0,0.0,2,0,71.14038125
ENSG00000157119,KLHL40,chr3,42685447,42695064,1,1,0,0.99,29,1,28,0,0.0,160.0,0.0,0,0,71.20653636363636
ENSG00000010282,HHATL,chr3,42692661,42703260,-1,0,6237,,32,2,30,0,0.0,41.0,0.0,0,0,71.16014545454544
ENSG00000280571,,chr3,42705756,42804518,-1,2,0,0.92,128,7,108,1,0.0,0.0,0.0,1,0,70.073218
ENSG00000244607,CCDC13,chr3,42705756,42773253,-1,1,0,1.01,97,5,83,0,0.0,37.0,0.0,0,0,70.49297205882353
ENSG00000181061,HIGD1A,chr3,42782908,42804527,-1,1,0,0.83,20,2,14,1,0.0,75.0,0.0,1,0,69.03774347826086
ENSG00000144648,ACKR2,chr3,42804586,42887974,1,2,0,0.775,114,3,95,2,0.0,178.0,0.0,2,0,66.92493214285714
ENSG00000273291,,chr3,42809446,43055871,1,4,0,0.8275,260,9,207,12,0.0,1.0,0.0,3,0,62.531527822580635
ENSG00000290317,,chr3,42809483,42942792,1,3,0,0.7967,146,6,114,4,0.0,0.0,0.0,1,0,65.4548948148148
ENSG00000180432,CYP8B1,chr3,42856005,42875898,-1,0,4829,,19,1,13,0,0.0,164.0,0.0,0,0,66.06948571428572
ENSG00000182983,ZNF662,chr3,42905941,42919334,1,1,0,0.79,12,2,6,1,0.0,28.0,0.0,0,0,63.638471428571435
ENSG00000240747,KRBOX1,chr3,42936386,42942792,1,1,0,0.88,4,2,0,0,0.0,17.0,0.0,0,0,62.138612499999994
ENSG00000144649,GASK1A,chr3,42979087,43067898,1,1,0,0.92,104,2,96,2,0.0,24.0,0.0,2,0,57.918216666666666
ENSG00000144647,POMGNT2,chr3,43079229,43106085,-1,2,0,0.85,38,5,31,0,0.0,45.0,0.0,1,0,55.29421071428572
ENSG00000163788,SNRK,chr3,43286510,43424764,1,2,0,0.955,145,1,137,1,0.0,111.0,0.0,7,0,59.272774100719424
ENSG00000160746,ANO10,chr3,43354859,43691594,-1,3,0,0.8467,303,3,241,10,0.0,106.0,0.0,6,0,64.32613343195266
ENSG00000011198,ABHD5,chr3,43690108,43734371,1,1,0,1.01,50,2,45,0,0.0,169.0,0.0,1,0,70.95740222222221
ENSG00000173769,TOPAZ1,chr3,44241886,44332098,1,1,0,0.75,34,1,12,7,0.0,162.0,0.0,0,0,67.95542857142857
ENSG00000179152,TCAIM,chr3,44338119,44409451,1,1,0,0.79,59,3,36,2,0.0,55.0,0.0,1,0,68.33526944444445
ENSG00000185219,ZNF445,chr3,44431705,44477693,-1,1,0,1.17,45,2,32,0,0.0,35.0,0.0,2,0,65.87494255319149
ENSG00000178917,ZNF852,chr3,44491766,44510636,-1,1,0,1.2,15,1,12,0,0.0,39.0,0.0,1,0,65.39008
ENSG00000196345,ZKSCAN7,chr3,44555193,44594173,1,5,0,0.85,25,3,18,0,0.0,107.0,0.0,1,0,66.0443775
ENSG00000144792,ZNF660,chr3,44578223,44599694,1,4,0,0.7925,10,2,5,0,0.0,12.0,0.0,0,0,66.15388260869565
ENSG00000186448,ZNF197,chr3,44584888,44648471,1,2,0,0.78,23,3,11,0,0.0,174.0,0.0,2,0,66.05010625
ENSG00000169981,ZNF35,chr3,44648732,44660791,1,1,0,0.61,9,1,3,0,0.0,97.0,0.0,1,0,65.51690769230771
ENSG00000196653,ZNF502,chr3,44712640,44723831,1,1,0,0.84,6,1,3,0,0.0,22.0,0.0,1,0,63.79602499999999
ENSG00000186446,ZNF501,chr3,44729593,44737936,1,1,0,1.11,4,1,1,0,0.0,190.0,0.0,1,0,63.46121111111111
ENSG00000163807,KIAA1143,chr3,44737661,44762033,-1,1,0,0.98,5,1,3,0,0.0,12.0,0.0,1,0,63.249524
ENSG00000163808,KIF15,chr3,44761721,44873376,1,2,0,0.95,65,2,42,5,0.0,174.0,0.0,4,0,64.35583482142859
ENSG00000169964,TMEM42,chr3,44861889,44865670,1,1,0,0.92,8,1,7,0,0.0,15.0,0.0,3,0,66.19605999999999
ENSG00000163810,TGM4,chr3,44874608,44914990,1,0,12235,,42,0,23,12,0.0,147.0,0.0,0,0,68.1194024390244
ENSG00000163812,ZDHHC3,chr3,44915257,44976185,-1,1,0,1.06,79,1,74,0,0.0,91.0,0.0,1,0,71.70465645161292
ENSG00000075914,EXOSC7,chr3,44975241,45036066,1,2,0,1.01,96,3,88,1,0.0,131.0,0.0,2,0,76.17207142857141
ENSG00000163815,CLEC3B,chr3,45001548,45036071,1,1,0,0.96,57,2,51,1,0.0,488.0,0.0,1,0,77.15171428571428
ENSG00000163814,CDCP1,chr3,45082277,45146453,-1,1,0,0.93,102,1,90,0,0.0,222.0,0.0,0,0,80.45011692307692
ENSG00000249992,TMEM158,chr3,45224466,45226287,-1,1,0,1.06,6,1,5,0,0.0,115.0,0.0,0,0,76.3976
ENSG00000011376,LARS2,chr3,45388527,45554726,1,1,0,0.92,175,3,148,5,0.0,170.0,0.0,1,0,69.79591916167665
ENSG00000144791,LIMD1,chr3,45555394,45686341,1,1,0,0.93,201,4,185,1,0.0,166.0,0.0,3,0,69.87853787878788
ENSG00000211456,SACM1L,chr3,45689056,45745425,1,1,0,0.9,56,3,48,0,0.0,74.0,0.0,4,0,69.14356315789475
ENSG00000163817,SLC6A20,chr3,45755449,45796591,-1,1,0,1.0,48,2,37,2,0.0,90.0,0.0,0,0,66.94861860465117
ENSG00000163818,LZTFL1,chr3,45823316,45916042,-1,1,0,0.81,98,4,90,1,0.0,321.0,0.0,2,0,63.72437659574469
ENSG00000173585,CCR9,chr3,45884425,45904311,1,0,42057,,24,2,22,0,0.0,326.0,0.0,0,0,62.8803619047619
ENSG00000163820,FYCO1,chr3,45917903,45995838,-1,1,0,0.84,132,5,127,0,0.0,171.0,0.0,6,0,60.34467974683544
ENSG00000172215,CXCR6,chr3,45940933,45948353,1,0,47168,,16,3,13,0,0.0,851.0,0.0,1,0,60.8543375
ENSG00000173578,XCR1,chr3,46016990,46085825,-1,0,21009,,76,2,59,3,0.0,216.0,0.0,1,0,56.601281428571426
ENSG00000183625,CCR3,chr3,46130890,46266706,1,0,134909,,117,5,96,5,0.0,425.0,0.0,0,0,52.248510218978105
ENSG00000163823,CCR1,chr3,46201711,46208378,-1,0,205730,,13,1,12,0,0.0,615.0,0.0,0,0,51.64435714285714
ENSG00000121807,CCR2,chr3,46353864,46360940,1,0,103731,,10,1,9,0,0.0,1248.0,0.0,2,0,58.601625
ENSG00000160791,CCR5,chr3,46370946,46376206,1,0,88465,,13,2,11,0,0.0,937.0,0.0,1,0,59.38531666666666
ENSG00000121797,CCRL2,chr3,46407144,46412997,1,0,51674,,16,3,13,0,0.0,171.0,0.0,1,0,61.1274
ENSG00000012223,LTF,chr3,46435645,46485234,-1,1,0,0.83,59,3,53,1,0.0,893.0,0.0,0,0,63.745354
ENSG00000163825,RTP3,chr3,46494611,46500950,1,0,29685,,12,2,10,0,0.0,25.0,0.0,0,0,65.71669999999999
ENSG00000163827,LRRC2,chr3,46515385,46607097,-1,2,0,0.765,118,6,97,1,0.0,58.0,0.0,1,0,67.18594408602152
ENSG00000241186,CRIPTO,chr3,46573633,46584684,1,1,0,0.71,19,3,14,0,0.0,341.0,0.0,0,0,67.40135000000001
ENSG00000283877,,chr3,46581150,46617226,1,0,3971,,35,0,26,0,0.0,1.0,0.0,0,0,66.94154864864865
ENSG00000283473,FAM240A,chr3,46612525,46626543,1,0,35346,,15,0,9,0,0.0,8.0,0.0,0,0,66.22271333333332
ENSG00000178038,ALS2CL,chr3,46668994,46694071,-1,1,0,0.82,40,1,30,2,0.0,38.0,0.0,2,0,63.42400384615384
ENSG00000181585,TMIE,chr3,46694528,46710886,1,1,0,0.95,38,2,35,0,0.0,58.0,0.0,1,0,62.62595882352941
ENSG00000206549,,chr3,46712115,46812574,-1,4,0,0.7775,67,5,30,2,0.0,0.0,0.0,0,0,62.181229411764704
ENSG00000283706,PRSS50,chr3,46712117,46717869,-1,1,0,0.84,17,1,12,0,0.0,190.0,0.0,0,0,62.286071428571425
ENSG00000160808,MYL3,chr3,46835109,46885911,-1,2,0,0.865,108,7,95,0,0.0,139.0,0.0,2,0,65.61174230769232
ENSG00000160801,PTH1R,chr3,46877721,46903799,1,3,0,0.8967,55,5,43,5,0.0,329.0,0.0,0,0,67.59727407407408
ENSG00000160799,CCDC12,chr3,46916634,46982010,-1,2,0,0.89,136,3,126,0,0.0,48.0,0.0,10,0,71.35015606060605
ENSG00000160796,NBEAL2,chr3,46979666,47009707,1,2,0,0.73,77,3,73,0,0.0,343.0,0.0,3,0,73.36720645161289
ENSG00000181555,SETD2,chr3,47016428,47164113,-1,1,0,1.01,140,3,118,2,9.0,1170.0,1.0,4,0,73.44357516778523
ENSG00000088727,KIF9,chr3,47227998,47283451,-1,1,0,1.02,53,4,25,10,0.0,123.0,0.0,1,0,76.23739642857143
ENSG00000114648,KLHL18,chr3,47282633,47346816,1,1,0,1.02,65,2,55,3,0.0,78.0,0.0,1,0,78.52145384615383
ENSG00000076201,PTPN23,chr3,47381011,47413442,1,1,0,0.78,52,1,43,1,0.0,134.0,0.0,1,0,79.19723333333333
ENSG00000114650,SCAP,chr3,47413681,47477126,-1,2,0,0.865,83,1,76,0,0.0,183.0,0.0,2,0,78.58793125
ENSG00000163832,ELP6,chr3,47495640,47513712,-1,1,0,0.92,16,2,13,0,0.0,45.0,0.0,1,0,77.66263684210527
ENSG00000114646,CSPG5,chr3,47562238,47580792,-1,1,0,0.87,27,4,21,0,0.0,47.0,0.0,0,0,76.66422500000002
ENSG00000173473,SMARCC1,chr3,47585269,47782106,-1,1,0,0.95,152,1,128,1,0.0,161.0,0.0,1,0,77.94918737373737
ENSG00000132153,DHX30,chr3,47802641,47851617,1,4,0,0.7925,51,2,43,1,0.0,93.0,0.0,2,0,79.970724
ENSG00000047849,MAP4,chr3,47850678,48089295,-1,1,0,0.92,230,6,194,3,0.0,188.0,0.0,2,0,75.346989958159
ENSG00000164045,CDC25A,chr3,48157146,48188417,-1,1,0,0.88,29,3,25,0,0.0,228.0,0.0,1,0,71.99094375
ENSG00000164047,CAMP,chr3,48223347,48225491,1,0,12467,,4,1,3,0,0.0,568.0,0.0,0,0,72.76283333333333
ENSG00000164048,ZNF589,chr3,48241100,48299253,1,1,0,1.07,57,1,46,3,0.0,39.0,0.0,2,0,73.60697627118644
ENSG00000172113,NME6,chr3,48290288,48301685,-1,1,0,0.75,14,2,10,1,0.0,38.0,0.0,1,0,74.03469230769231
ENSG00000229453,SPINK8,chr3,48306842,48333661,-1,0,5074,,17,1,11,1,0.0,20.0,0.0,0,0,74.34463571428572
ENSG00000164049,FBXW12,chr3,48372219,48401259,1,0,27562,,21,1,11,1,0.0,170.0,0.0,0,0,75.27615
ENSG00000164050,PLXNB1,chr3,48403849,48430499,-1,1,0,0.93,68,2,65,0,0.0,223.0,0.0,1,0,76.04657407407406
ENSG00000164051,CCDC51,chr3,48432164,48440456,-1,1,0,0.81,18,1,17,0,0.0,94.0,0.0,1,0,76.69420000000001
ENSG00000232112,TMA7,chr3,48440213,48444218,1,1,0,0.81,8,1,7,0,0.0,22.0,0.0,2,0,76.92532000000001
ENSG00000164053,ATRIP,chr3,48446710,48467645,1,1,0,1.03,22,4,17,0,0.0,105.0,0.0,3,0,77.56078181818181
ENSG00000213689,TREX1,chr3,48465811,48467645,1,0,18634,,6,2,4,0,0.0,608.0,0.0,1,0,77.96036666666667
ENSG00000164054,SHISA5,chr3,48467798,48504826,-1,1,0,0.94,49,3,38,2,0.0,41.0,0.0,5,0,78.75504736842105
ENSG00000114268,PFKFB4,chr3,48517684,48562015,-1,1,0,0.66,60,1,51,1,0.0,188.0,0.0,1,0,80.23010222222221
ENSG00000145040,UCN2,chr3,48561718,48563781,-1,0,4298,,5,1,3,0,0.0,321.0,0.0,0,0,80.38576666666665
ENSG00000114270,COL7A1,chr3,48564073,48595329,-1,1,0,0.67,61,1,58,0,0.0,257.0,0.0,0,0,80.19011875
ENSG00000010256,UQCRC1,chr3,48599002,48610976,-1,1,0,0.9,20,1,19,0,0.0,106.0,0.0,1,0,79.61480769230772
ENSG00000183396,TMEM89,chr3,48620759,48621769,-1,0,10788,,2,1,1,0,0.0,6.0,0.0,0,0,79.0678
ENSG00000225697,SLC26A6,chr3,48625718,48635493,-1,1,0,0.81,18,2,16,0,0.0,151.0,0.0,1,0,78.73651
ENSG00000008300,CELSR3,chr3,48636463,48662886,-1,3,0,0.8033,51,1,36,4,0.0,150.0,0.0,2,0,78.01897857142856
ENSG00000213672,NCKIPSD,chr3,48673841,48686364,-1,1,0,1.17,22,1,20,0,0.0,207.0,0.0,1,0,76.95435384615385
ENSG00000068745,IP6K2,chr3,48688003,48740353,-1,1,0,0.79,63,3,58,0,0.0,99.0,0.0,2,0,76.25976792452829
ENSG00000114302,PRKAR2A,chr3,48744591,48847874,-1,1,0,1.0,77,1,64,3,0.0,116.0,0.0,2,0,77.93961153846155
ENSG00000178537,SLC25A20,chr3,48856926,48898904,-1,1,0,0.88,32,1,22,1,0.0,227.0,0.0,1,0,82.90683488372092
ENSG00000177479,ARIH2,chr3,48918821,48986382,1,1,0,1.02,59,1,53,1,0.0,147.0,0.0,1,0,85.48201470588236
ENSG00000178467,P4HTM,chr3,48989889,49007153,1,2,0,0.895,30,4,25,0,0.0,132.0,0.0,2,0,84.44426666666668
ENSG00000178252,WDR6,chr3,49007062,49015953,1,1,0,0.87,20,2,17,0,0.0,114.0,0.0,1,0,83.77594000000002
ENSG00000178149,DALRD3,chr3,49015488,49022293,-1,2,0,0.885,20,6,14,0,0.0,54.0,0.0,2,0,83.3784
ENSG00000178057,NDUFAF3,chr3,49020459,49023495,1,1,0,0.86,10,5,5,0,0.0,191.0,0.0,1,0,83.202875
ENSG00000178035,IMPDH2,chr3,49024321,49029452,-1,1,0,0.99,16,2,14,0,0.0,213.0,0.0,1,0,82.90375
ENSG00000290315,,chr3,49024345,49094071,-1,2,0,0.98,49,4,43,1,0.0,0.0,0.0,2,0,81.04950704225351
ENSG00000198218,QRICH1,chr3,49029707,49094545,-1,1,0,0.97,35,2,31,1,0.0,182.0,0.0,2,0,80.85502575757576
ENSG00000172053,QARS1,chr3,49095932,49105130,-1,1,0,0.82,16,3,12,0,0.0,84.0,0.0,1,0,79.17573
ENSG00000172046,USP19,chr3,49108046,49120938,-1,1,0,0.89,16,1,10,0,0.0,244.0,0.0,1,0,78.85643571428571
ENSG00000172037,LAMB2,chr3,49121113,49133118,-1,0,83,,19,1,17,0,0.0,1130.0,0.0,1,0,78.68497692307693
ENSG00000177352,CCDC71,chr3,49161063,49166331,-1,1,0,0.96,13,1,12,0,0.0,46.0,0.0,1,0,78.6789
ENSG00000185909,KLHDC8B,chr3,49171239,49176487,1,1,0,0.83,14,1,13,0,0.0,222.0,0.0,1,0,78.75995
ENSG00000236980,CIMIP7,chr3,49177634,49191858,-1,0,5871,,14,0,12,0,0.0,22.0,0.0,0,0,78.86947333333333
ENSG00000173421,IHO1,chr3,49198428,49258106,1,1,0,0.75,51,4,36,0,0.0,145.0,0.0,0,0,79.19613278688526
ENSG00000188315,C3orf62,chr3,49268596,49277232,-1,1,0,0.88,13,1,12,0,0.0,251.0,0.0,1,0,79.35976666666666
ENSG00000114316,USP4,chr3,49277144,49340712,-1,2,0,0.955,48,2,39,2,0.0,152.0,0.0,2,0,79.63179692307693
ENSG00000233276,GPX1,chr3,49357174,49358605,-1,1,0,0.83,4,2,2,0,0.0,587.0,0.0,1,0,80.45696666666667
ENSG00000290318,,chr3,49357176,49412051,-1,2,0,0.95,59,3,52,0,0.0,0.0,0.0,2,0,81.16953035714288
ENSG00000067560,RHOA,chr3,49359136,49412998,-1,1,0,1.07,56,2,50,0,5.0,880.0,1.0,1,0,81.2101509090909
ENSG00000145022,TCTA,chr3,49412212,49416476,1,1,0,1.07,10,2,7,0,0.0,66.0,0.0,2,0,81.98013999999999
ENSG00000283189,,chr3,49416777,49429314,-1,1,0,0.85,18,2,16,0,0.0,1.0,0.0,2,0,82.20753846153846
ENSG00000145020,AMT,chr3,49416778,49422685,-1,0,4246,,10,1,9,0,0.0,218.0,0.0,1,0,82.13405714285715
ENSG00000145029,NICN1,chr3,49422333,49429326,-1,1,0,0.85,9,2,7,0,0.0,37.0,0.0,1,0,82.2691125
ENSG00000173402,DAG1,chr3,49468649,49535619,1,1,0,1.05,81,2,76,0,0.0,390.0,0.0,1,0,83.20842205882353
ENSG00000164061,BSN,chr3,49554477,49671549,1,1,0,1.07,132,1,113,5,0.0,267.0,0.0,1,0,80.52499159663869
ENSG00000164062,APEH,chr3,49673981,49683971,1,1,0,0.74,17,0,15,0,0.0,186.0,0.0,1,0,77.89498181818182
ENSG00000173531,MST1,chr3,49683947,49689501,-1,1,0,0.76,15,1,13,0,0.0,584.0,0.0,1,0,77.7114
ENSG00000164068,RNF123,chr3,49688740,49721532,1,2,0,0.825,54,5,45,1,0.0,180.0,0.0,2,0,77.54064411764706
ENSG00000176020,AMIGO3,chr3,49716829,49719684,-1,1,0,0.83,10,2,8,0,0.0,23.0,0.0,1,0,77.53275
ENSG00000173540,GMPPB,chr3,49716844,49723985,-1,2,0,0.905,22,4,18,0,0.0,101.0,0.0,2,0,77.55347499999999
ENSG00000176095,IP6K1,chr3,49724294,49786546,-1,2,0,0.9,58,3,46,1,0.0,224.0,0.0,2,0,78.45272031249999
ENSG00000187492,CDHR4,chr3,49790732,49799873,-1,0,2797,,12,1,7,1,0.0,30.0,0.0,0,0,79.89237999999999
ENSG00000185614,INKA1,chr3,49803240,49805030,1,1,0,0.85,6,1,5,0,0.0,46.0,0.0,1,0,80.18750000000001
ENSG00000182179,UBA7,chr3,49805205,49814151,-1,0,1447,,13,3,10,0,0.0,164.0,0.0,1,0,80.35796000000002
ENSG00000183763,TRAIP,chr3,49828595,49856597,-1,1,0,0.97,25,1,18,1,0.0,159.0,0.0,1,0,80.93866551724139
ENSG00000164076,CAMKV,chr3,49857214,49869935,-1,1,0,0.94,24,2,19,2,0.0,95.0,0.0,0,0,80.87455714285713
ENSG00000164078,MST1R,chr3,49886902,49906130,-1,2,0,0.81,33,3,24,1,0.0,385.0,0.0,2,0,80.05794
ENSG00000164077,MON1A,chr3,49907160,49930173,-1,2,0,0.795,25,4,16,0,0.0,127.0,0.0,1,0,79.24176666666666
ENSG00000004534,RBM6,chr3,49940007,50100045,1,2,0,0.855,122,2,96,6,0.0,136.0,0.0,2,0,78.59042962962963
ENSG00000003756,RBM5,chr3,50088919,50119021,1,1,0,0.75,32,1,26,2,0.0,289.0,0.0,1,0,81.3202
ENSG00000001617,SEMA3F,chr3,50155012,50189075,1,1,0,1.08,60,3,56,0,0.0,292.0,0.0,0,0,82.52656571428571
ENSG00000114349,GNAT1,chr3,50191610,50197696,1,1,0,0.79,18,0,11,4,0.0,81.0,0.0,0,0,82.53545714285714
ENSG00000188338,SLC38A3,chr3,50202871,50221504,1,1,0,0.76,34,1,31,0,0.0,173.0,0.0,0,0,82.515055
ENSG00000114353,GNAI2,chr3,50226292,50259362,1,4,0,0.84,72,6,66,0,0.0,450.0,0.0,5,0,82.53124705882352
ENSG00000012171,SEMA3B,chr3,50267542,50277546,1,2,0,0.795,29,4,25,0,0.0,181.0,0.0,0,0,82.52690909090907
ENSG00000179564,LSMEM2,chr3,50279030,50288116,1,0,2042,,11,1,8,1,0.0,12.0,0.0,0,0,82.46804
ENSG00000214706,IFRD2,chr3,50287732,50292918,-1,1,0,0.89,13,2,11,0,0.0,31.0,0.0,2,0,82.40131666666666
ENSG00000186792,HYAL3,chr3,50292831,50299405,-1,1,0,0.83,18,4,14,0,0.0,54.0,0.0,2,0,82.32811428571428
ENSG00000243477,NAA80,chr3,50296402,50299416,-1,1,0,0.83,11,3,8,0,0.0,28.0,0.0,1,0,82.30590000000001
ENSG00000114378,HYAL1,chr3,50299883,50312890,-1,0,435,,17,2,14,0,0.0,197.0,0.0,1,0,82.13027142857143
ENSG00000068001,HYAL2,chr3,50315845,50324687,-1,3,0,0.7733,26,3,22,0,0.0,228.0,0.0,2,0,81.75082
ENSG00000114383,TUSC2,chr3,50320027,50328251,-1,4,0,0.785,23,4,19,0,0.0,357.0,0.0,2,0,81.63235555555555
ENSG00000068028,RASSF1,chr3,50329782,50340980,-1,2,0,0.91,23,4,19,0,0.0,501.0,0.0,1,0,81.17294166666667
ENSG00000004838,ZMYND10,chr3,50341110,50345732,-1,1,0,0.86,11,2,9,0,0.0,91.0,0.0,1,0,80.80093333333333
ENSG00000114388,NPRL2,chr3,50347330,50350826,-1,1,0,0.85,9,1,8,0,0.0,95.0,0.0,1,0,80.51894
ENSG00000114395,CYB561D2,chr3,50350839,50358460,1,1,0,0.85,16,2,13,0,0.0,41.0,0.0,3,0,80.218675
ENSG00000272104,,chr3,50350892,50367923,1,3,0,0.8,33,4,26,0,0.0,0.0,0.0,4,0,79.9298
ENSG00000126062,TMEM115,chr3,50354749,50359521,-1,1,0,0.73,11,1,10,0,0.0,91.0,0.0,2,0,80.04961666666667
ENSG00000007402,CACNA2D2,chr3,50362613,50504244,-1,2,0,0.99,210,4,186,3,0.0,670.0,0.0,2,0,77.08389718309857
ENSG00000088543,C3orf18,chr3,50558025,50573568,-1,2,0,0.73,25,5,20,0,0.0,23.0,0.0,2,0,80.77717647058823
ENSG00000114735,HEMK1,chr3,50567895,50596168,1,2,0,0.73,59,5,54,0,0.0,38.0,0.0,7,0,81.16507931034484
ENSG00000114737,CISH,chr3,50606456,50611774,-1,1,0,0.85,14,1,13,0,0.0,506.0,0.0,1,0,81.2346142857143
ENSG00000114738,MAPKAPK3,chr3,50611487,50651017,1,2,0,0.835,66,4,61,0,0.0,109.0,0.0,5,0,80.57698048780489
ENSG00000088538,DOCK3,chr3,50674927,51384198,1,1,0,1.0,309,2,190,30,0.0,472.0,0.0,2,0,62.54571183098592
ENSG00000145050,MANF,chr3,51385291,51389397,1,1,0,0.86,12,1,11,0,0.0,338.0,0.0,1,0,64.80157999999999
ENSG00000259956,RBM15B,chr3,51391285,51397908,1,2,0,0.995,16,1,15,0,0.0,108.0,0.0,1,0,64.859675
ENSG00000145041,DCAF1,chr3,51395867,51500088,-1,1,0,0.94,58,1,44,4,0.0,177.0,0.0,1,0,64.90805428571429
ENSG00000164080,RAD54L2,chr3,51538666,51668667,1,1,0,1.03,89,1,77,1,0.0,45.0,0.0,1,0,65.97529618320611
ENSG00000164081,TEX264,chr3,51662693,51704323,1,1,0,0.83,64,1,62,0,0.0,43.0,0.0,7,0,66.81618333333334
ENSG00000164082,GRM2,chr3,51707061,51718616,1,2,0,0.795,31,3,23,0,0.0,219.0,0.0,0,0,67.24963846153847
ENSG00000214686,IQCF6,chr3,51778561,51779241,-1,0,62516,,2,0,0,1,0.0,4.0,0.0,0,0,68.3884
ENSG00000285749,,chr3,51798803,51830856,1,0,82758,,26,0,16,3,0.0,1.0,0.0,0,0,68.76524545454545
ENSG00000229972,IQCF3,chr3,51826883,51833389,1,0,108207,,3,0,2,0,0.0,4.0,0.0,0,0,68.88208571428571
ENSG00000184345,IQCF2,chr3,51861615,51863424,1,0,78172,,1,0,0,0,0.0,4.0,0.0,0,0,69.17015
ENSG00000214681,IQCF5,chr3,51873721,51875601,-1,0,65995,,3,1,1,0,0.0,9.0,0.0,0,0,69.34566666666667
ENSG00000173389,IQCF1,chr3,51894876,51903353,-1,0,38243,,14,0,13,1,0.0,67.0,0.0,0,0,69.89824444444444
ENSG00000114767,RRP9,chr3,51933425,51941944,-1,1,0,0.77,20,1,9,0,0.0,41.0,0.0,1,0,71.62858
ENSG00000041880,PARP3,chr3,51942252,51948871,1,1,0,0.77,13,2,9,1,0.0,111.0,0.0,1,0,72.124525
ENSG00000180929,GPR62,chr3,51955381,51957499,1,1,0,0.97,6,1,5,0,0.0,10.0,0.0,0,0,72.83813333333332
ENSG00000090097,PCBP4,chr3,51957448,51974016,-1,2,0,0.9,40,5,35,0,0.0,463.0,0.0,3,0,73.54548888888888
ENSG00000114779,ABHD14B,chr3,51968510,51983409,-1,3,0,0.8567,31,5,25,0,0.0,48.0,0.0,2,0,74.36710000000001
ENSG00000248487,ABHD14A,chr3,51971426,51981197,1,2,0,0.855,17,3,13,0,0.0,36.0,0.0,1,0,74.36553636363635
ENSG00000114786,ABHD14A-ACY1,chr3,51974706,51989183,1,2,0,0.87,29,3,24,0,0.0,33.0,0.0,2,0,74.8564
ENSG00000243989,ACY1,chr3,51983047,51989205,1,1,0,0.86,16,2,13,0,0.0,160.0,0.0,1,0,75.18675714285713
ENSG00000162244,RPL29,chr3,51993522,51995953,-1,1,0,1.11,7,1,6,0,0.0,175.0,0.0,1,0,75.94656666666667
ENSG00000164086,DUSP7,chr3,52048919,52056571,-1,1,0,1.07,19,1,18,0,0.0,68.0,0.0,4,0,80.47514444444444
ENSG00000164087,POC1A,chr3,52074590,52154735,-1,1,0,0.99,111,3,93,3,0.0,288.0,0.0,1,0,82.42968271604938
ENSG00000023330,ALAS1,chr3,52198086,52214585,1,1,0,0.96,26,1,25,0,0.0,174.0,0.0,1,0,80.13056666666667
ENSG00000239732,TLR9,chr3,52221080,52225645,-1,1,0,0.79,14,1,13,0,0.0,889.0,0.0,1,0,79.24633333333333
ENSG00000173366,,chr3,52221081,52231190,-1,1,0,0.79,26,1,24,0,0.0,0.0,0.0,1,0,79.11466363636363
ENSG00000247596,TWF2,chr3,52228612,52246788,-1,2,0,0.92,43,4,38,0,0.0,51.0,0.0,2,0,78.49301578947367
ENSG00000164088,PPM1M,chr3,52245741,52250616,1,1,0,0.98,15,3,12,0,0.0,65.0,0.0,2,0,77.96963333333333
ENSG00000164091,WDR82,chr3,52254434,52288020,-1,2,0,0.91,61,6,54,0,0.0,53.0,0.0,8,0,77.05396285714285
ENSG00000168237,GLYCTK,chr3,52286945,52295273,1,1,0,0.82,22,5,15,0,0.0,100.0,0.0,1,0,76.46366666666667
ENSG00000114841,DNAH1,chr3,52316319,52400492,1,0,9169,,139,3,91,8,0.0,229.0,0.0,0,0,77.43142588235294
ENSG00000163930,BAP1,chr3,52401008,52410008,-1,1,0,0.73,26,4,21,0,5.0,588.0,1.0,1,0,79.48577
ENSG00000010318,PHF7,chr3,52410507,52427966,1,1,0,1.21,15,3,7,3,0.0,137.0,0.0,1,0,80.05719444444445
ENSG00000010319,SEMA3G,chr3,52433035,52445103,-1,1,0,1.21,28,1,27,0,0.0,98.0,0.0,1,0,80.62151538461536
ENSG00000114854,TNNC1,chr3,52451100,52454041,-1,0,1595,,9,1,8,0,0.0,317.0,0.0,0,0,80.797775
ENSG00000010322,NISCH,chr3,52455118,52493068,1,2,0,0.855,70,2,68,0,0.0,240.0,0.0,1,0,80.5831282051282
ENSG00000010327,STAB1,chr3,52495337,52524512,1,0,37,,57,1,35,3,0.0,207.0,0.0,0,0,79.32954516129033
ENSG00000168268,NT5DC2,chr3,52524370,52535054,-1,2,0,0.935,34,2,32,0,0.0,118.0,0.0,0,0,78.280375
ENSG00000168273,UQCC5,chr3,52533950,52579237,1,2,0,0.915,50,3,46,0,0.0,42.0,0.0,1,0,76.70957826086956
ENSG00000163939,PBRM1,chr3,52544735,52685966,-1,1,0,1.19,100,2,86,3,7.0,403.0,1.0,1,0,74.38951971830986
ENSG00000163938,GNL3,chr3,52681156,52696160,1,1,0,1.19,21,4,13,0,0.0,191.0,0.0,1,0,72.6078875
ENSG00000016864,GLT8D1,chr3,52694153,52706368,-1,1,0,1.03,18,5,11,0,0.0,77.0,0.0,1,0,72.43273846153846
ENSG00000114902,SPCS1,chr3,52704955,52711148,1,1,0,1.03,14,4,10,0,0.0,62.0,0.0,1,0,72.30914285714286
ENSG00000114904,NEK4,chr3,52708444,52770973,-1,1,0,0.84,38,1,34,1,0.0,120.0,0.0,1,0,71.860640625
ENSG00000055957,ITIH1,chr3,52777567,52792068,1,0,6455,,24,2,17,0,0.0,155.0,0.0,0,0,71.46795333333334
ENSG00000162267,ITIH3,chr3,52794450,52809881,1,0,23338,,21,1,18,0,0.0,183.0,0.0,0,0,71.50655294117645
ENSG00000055955,ITIH4,chr3,52812918,52831069,-1,0,41806,,22,1,19,0,0.0,378.0,0.0,0,0,71.69044736842106
ENSG00000243696,,chr3,52813282,52835729,-1,0,42170,,32,3,27,0,0.0,5.0,0.0,0,0,71.72640833333334
ENSG00000272573,MUSTN1,chr3,52833114,52835019,-1,0,62002,,4,1,3,0,0.0,42.0,0.0,0,0,71.86286666666666
ENSG00000248592,STIMATE-MUSTN1,chr3,52833121,52897562,-1,1,0,0.95,107,4,90,4,0.0,3.0,0.0,3,0,72.51203333333332
ENSG00000213533,STIMATE,chr3,52836219,52897578,-1,1,0,0.95,101,2,86,4,0.0,42.0,0.0,3,0,72.54294603174604
ENSG00000163935,SFMBT1,chr3,52903564,53046750,-1,2,0,0.915,117,1,88,5,0.0,87.0,0.0,6,0,74.33079097222222
ENSG00000272305,,chr3,52969119,53099453,-1,2,0,0.915,126,1,94,6,0.0,0.0,0.0,6,0,75.27647557251908
ENSG00000163933,RFT1,chr3,53066853,53130472,-1,1,0,0.77,75,1,63,2,0.0,133.0,0.0,3,0,76.83997031250001
ENSG00000163932,PRKCD,chr3,53156009,53192717,1,3,0,1.0433,75,3,70,0,0.0,731.0,0.0,3,0,78.44701842105263
ENSG00000163931,TKT,chr3,53224712,53256052,-1,1,0,0.99,73,1,70,0,0.0,679.0,0.0,1,0,77.61769375
ENSG00000272886,DCP1A,chr3,53283429,53347683,-1,1,0,0.82,45,3,38,2,0.0,72.0,0.0,1,0,74.78796212121212
ENSG00000157388,CACNA1D,chr3,53328963,53813733,1,2,0,0.895,460,7,363,25,1.0,762.0,1.0,2,0,63.60007448559671
ENSG00000016391,CHDH,chr3,53812335,53846466,-1,2,0,0.885,49,1,41,1,0.0,365.0,0.0,0,0,53.323457142857144
ENSG00000056736,IL17RB,chr3,53845783,53866045,1,1,0,0.94,19,1,13,2,0.0,353.0,0.0,0,0,53.232080952380954
ENSG00000113812,ACTR8,chr3,53863038,53882198,-1,1,0,0.9,12,2,8,2,0.0,100.0,0.0,1,0,53.030505000000005
ENSG00000113811,SELENOK,chr3,53884417,53891885,-1,1,0,1.05,12,1,10,0,0.0,133.0,0.0,1,0,52.70528888888889
ENSG00000157445,CACNA2D3,chr3,54122427,55074557,1,2,0,0.895,820,8,549,62,0.0,289.0,0.0,0,0,34.27019863874345
ENSG00000144771,LRTM1,chr3,54918231,54967088,-1,0,291620,,54,2,45,1,0.0,30.0,0.0,0,0,29.787101999999994
ENSG00000114251,WNT5A,chr3,55465715,55490539,-1,7,0,0.8557,53,6,46,1,0.0,1090.0,0.0,0,0,31.06763076923077
ENSG00000187672,ERC2,chr3,55508286,56469095,-1,1,0,0.92,872,2,664,43,0.0,249.0,0.0,0,0,34.582482016632014
ENSG00000180376,CCDC66,chr3,56557161,56621837,1,1,0,1.0,40,1,35,1,0.0,146.0,0.0,3,0,52.467386363636365
ENSG00000163946,TASOR,chr3,56620132,56683265,-1,1,0,0.87,38,2,33,1,0.0,62.0,0.0,1,0,56.882534375000006
ENSG00000163947,ARHGEF3,chr3,56727418,57079329,-1,2,0,0.785,460,7,428,3,0.0,126.0,0.0,14,0,55.48920651558074
ENSG00000186451,SPATA12,chr3,57060664,57075432,1,0,3289,,19,1,16,0,0.0,21.0,0.0,0,0,57.99508000000001
ENSG00000144730,IL17RD,chr3,57089982,57170306,-1,3,0,0.84,114,5,101,2,0.0,121.0,0.0,0,0,60.542577777777794
ENSG00000163666,HESX1,chr3,57197838,57227606,-1,1,0,0.96,11,2,7,1,0.0,390.0,0.0,1,0,61.16617741935484
ENSG00000157500,APPL1,chr3,57227726,57278127,1,1,0,0.96,30,1,21,1,0.0,204.0,0.0,1,0,61.16391372549019
ENSG00000239388,ASB14,chr3,57268342,57292685,-1,0,39772,,16,1,6,0,0.0,22.0,0.0,0,0,61.492130769230776
ENSG00000174844,DNAH12,chr3,57293699,57544344,-1,0,11860,,110,4,44,19,0.0,41.0,0.0,0,0,66.03249043824701
ENSG00000174840,PDE12,chr3,57556274,57656480,1,2,0,1.015,91,3,73,1,0.0,70.0,0.0,2,0,68.58191584158415
ENSG00000168374,ARF4,chr3,57571363,57598220,-1,1,0,1.14,36,2,32,0,0.0,136.0,0.0,1,0,68.227225
ENSG00000174839,DENND6A,chr3,57625454,57693127,-1,1,0,0.9,55,1,42,0,0.0,49.0,0.0,1,0,69.70907246376812
ENSG00000163681,SLMAP,chr3,57755450,57931461,1,1,0,0.87,144,5,119,2,0.0,142.0,0.0,2,0,75.38799322033898
ENSG00000136068,FLNB,chr3,58008398,58172251,1,3,0,0.8167,268,1,264,0,0.0,916.0,0.0,3,0,73.15041212121211
ENSG00000163687,DNASE1L3,chr3,58192257,58214697,-1,0,14304,,29,2,23,0,0.0,551.0,0.0,0,0,74.15775833333333
ENSG00000163686,ABHD6,chr3,58237516,58295693,1,1,0,0.92,67,2,59,0,0.0,118.0,0.0,1,0,73.94820000000001
ENSG00000163684,RPP14,chr3,58306245,58324695,1,1,0,1.01,18,2,15,0,0.0,267.0,0.0,1,0,72.28141000000001
ENSG00000255154,HTD2,chr3,58306262,58320193,1,1,0,1.01,10,2,8,0,0.0,27.0,0.0,1,0,72.39949333333333
ENSG00000168297,PXK,chr3,58332686,58426746,1,1,0,1.01,128,1,123,0,0.0,72.0,0.0,1,0,69.47259157894736
ENSG00000168291,PDHB,chr3,58427630,58434012,-1,1,0,0.85,7,1,6,0,0.0,187.0,0.0,2,0,67.93945714285714
ENSG00000168301,KCTD6,chr3,58491078,58502360,1,1,0,1.04,15,2,13,0,0.0,24.0,0.0,1,0,66.59124166666668
ENSG00000168306,ACOX2,chr3,58504544,58537387,-1,0,11997,,44,1,36,0,0.0,148.0,0.0,0,0,65.71893030303029
ENSG00000168309,FAM107A,chr3,58564117,58627651,-1,1,0,0.81,78,3,63,1,0.0,114.0,0.0,0,0,61.58966923076923
ENSG00000198643,FAM3D,chr3,58633941,58666877,-1,0,46765,,35,1,24,2,0.0,192.0,0.0,0,0,57.849997058823526
ENSG00000163689,CFAP20DC,chr3,58717365,59050084,-1,1,0,0.88,187,2,107,12,0.0,42.0,0.0,1,0,46.90944251497005
ENSG00000189283,FHIT,chr3,59747277,61251459,-1,1,0,0.72,1144,3,799,87,2.0,587.0,1.0,8,0,25.00577589641434
ENSG00000144724,PTPRG,chr3,61561569,62297609,1,2,0,0.845,847,3,660,46,0.0,209.0,0.0,0,0,26.293035278154683
ENSG00000114405,CEP15,chr3,62319015,62336213,1,1,0,1.14,19,1,15,0,0.0,106.0,0.0,1,0,33.95782222222222
ENSG00000153266,FEZF2,chr3,62369681,62374473,-1,4,0,0.9625,14,4,10,0,0.0,160.0,0.0,0,0,35.49606
ENSG00000163618,CADPS,chr3,62398346,62875563,-1,1,0,0.88,409,4,280,40,0.0,144.0,0.0,0,0,29.30751356993737
ENSG00000163630,SYNPR,chr3,63228315,63616924,1,1,0,0.83,277,2,131,43,0.0,82.0,0.0,0,0,35.69885923076923
ENSG00000188817,SNTN,chr3,63652675,63679020,1,0,184350,,23,0,11,8,0.0,33.0,0.0,0,0,38.56797037037037
ENSG00000163632,C3orf49,chr3,63819299,63848636,1,0,14734,,19,0,11,4,0.0,37.0,0.0,0,0,35.39104838709677
ENSG00000163634,THOC7,chr3,63833870,63863868,-1,1,0,0.92,27,3,21,2,0.0,106.0,0.0,1,0,35.12403548387096
ENSG00000163635,ATXN7,chr3,63863155,64003558,1,2,0,0.945,195,7,183,2,0.0,421.0,0.0,8,0,39.0359852112676
ENSG00000163636,PSMD6,chr3,64010549,64024010,-1,1,0,1.04,15,3,12,0,0.0,113.0,0.0,1,0,46.41087857142857
ENSG00000163637,PRICKLE2,chr3,64092236,64445476,-1,2,0,0.785,429,5,373,16,0.0,109.0,0.0,0,0,41.57489350282486
ENSG00000163638,ADAMTS9,chr3,64515654,64688000,-1,1,0,0.89,187,6,156,11,0.0,302.0,0.0,0,0,49.79915260115608
ENSG00000151276,MAGI1,chr3,65353525,66038918,-1,4,0,1.0,660,5,522,35,0.0,162.0,0.0,0,0,54.130990962099126
ENSG00000144741,SLC25A26,chr3,66133610,66388116,1,1,0,0.87,222,1,170,16,0.0,66.0,0.0,5,0,34.82532274509804
ENSG00000144749,LRIG1,chr3,66378794,66501263,-1,1,0,0.94,211,1,207,0,0.0,369.0,0.0,7,0,46.62603658536586
ENSG00000163376,KBTBD8,chr3,66998307,67011210,1,1,0,0.88,17,1,15,0,0.0,50.0,0.0,1,0,64.09017857142857
ENSG00000172340,SUCLG2,chr3,67360460,67654624,-1,1,0,0.83,240,1,157,18,0.0,145.0,0.0,1,0,44.12095608108108
ENSG00000183662,TAFA1,chr3,68004247,68545621,1,1,0,0.67,247,2,95,29,0.0,79.0,0.0,1,0,33.18462688766114
ENSG00000163377,TAFA4,chr3,68731764,68953297,-1,1,0,0.8,110,2,52,14,0.0,75.0,0.0,0,0,46.51942702702703
ENSG00000163378,EOGT,chr3,68975217,69013684,-1,1,0,0.96,43,2,37,2,0.0,75.0,0.0,1,0,57.82938
ENSG00000144747,TMF1,chr3,69019827,69052339,-1,1,0,0.98,18,3,12,2,0.0,172.0,0.0,1,0,60.50692424242424
ENSG00000144744,UBA3,chr3,69054716,69080408,-1,1,0,0.73,15,1,13,0,0.0,87.0,0.0,3,0,61.852900000000005
ENSG00000144746,ARL6IP5,chr3,69084937,69106092,1,1,0,0.96,37,1,36,0,0.0,123.0,0.0,3,0,62.40617727272727
ENSG00000163380,LMOD3,chr3,69106065,69123032,-1,0,20737,,22,1,21,0,0.0,261.0,0.0,0,0,62.42844444444446
ENSG00000114541,FRMD4B,chr3,69168782,69542583,-1,2,0,0.845,389,2,352,7,0.0,150.0,0.0,4,0,59.614120533333335
ENSG00000187098,MITF,chr3,69738536,69968336,1,1,0,0.86,267,4,220,7,0.0,1237.0,0.0,0,0,74.44415
ENSG00000242120,MDFIC2,chr3,70194479,70312638,-1,0,454422,,73,0,41,7,0.0,40.0,0.0,0,0,51.834295
ENSG00000114861,FOXP1,chr3,70954693,71584009,-1,3,0,1.0833,881,12,849,3,0.0,855.0,0.0,31,0,64.10986396825396
ENSG00000285708,,chr3,70959226,71754229,-1,5,0,1.082,1050,19,981,11,0.0,0.0,0.0,37,0,64.6462472361809
ENSG00000163412,EIF4E3,chr3,71675414,71754773,-1,2,0,1.08,86,8,73,0,0.0,103.0,0.0,6,0,64.36548888888889
ENSG00000170837,GPR27,chr3,71753855,71756496,1,1,0,1.06,8,5,3,0,0.0,96.0,0.0,0,0,61.9418
ENSG00000163421,PROK2,chr3,71771655,71785206,-1,1,0,1.28,13,1,12,0,0.0,250.0,0.0,0,0,60.69959285714286
ENSG00000163602,RYBP,chr3,72371825,72446621,-1,0,81,,105,1,97,3,0.0,231.0,0.0,1,0,71.48262105263159
ENSG00000144736,SHQ1,chr3,72749277,72861914,-1,1,0,1.09,101,3,84,1,0.0,64.0,0.0,2,0,64.1697201754386
ENSG00000172986,GXYLT2,chr3,72888046,72998138,1,3,0,1.0533,127,3,102,6,0.0,73.0,0.0,3,0,64.84855945945945
ENSG00000163605,PPP4R2,chr3,72996803,73069198,1,1,0,0.81,65,1,58,0,0.0,79.0,0.0,1,0,65.97680410958904
ENSG00000255423,EBLN2,chr3,73061659,73063337,1,0,47369,,3,0,2,0,0.0,18.0,0.0,0,0,66.5781
ENSG00000121440,PDZRN3,chr3,73382431,73624941,-1,2,0,0.935,291,7,274,2,0.0,103.0,0.0,0,0,46.144455327868855
ENSG00000113805,CNTN3,chr3,74262568,74614698,-1,1,0,1.05,224,2,121,16,0.0,171.0,0.0,0,0,17.539256940509915
ENSG00000172969,FRG2C,chr3,75664328,75667220,1,0,1745,,1,0,0,0,0.0,22.0,0.0,0,0,34.803599999999996
ENSG00000227124,ZNF717,chr3,75678660,75785591,-1,1,0,0.8,27,1,10,0,0.0,218.0,0.0,1,0,32.645649999999996
ENSG00000185008,ROBO2,chr3,75906695,77649964,1,3,0,0.8667,953,7,567,92,0.0,398.0,0.0,0,0,29.589481766055044
ENSG00000169855,ROBO1,chr3,78597239,79767998,-1,2,0,0.82,755,6,512,57,0.0,630.0,0.0,0,0,19.864512969283275
ENSG00000114480,GBE1,chr3,81489699,81761781,-1,1,0,0.91,177,2,122,14,0.0,276.0,0.0,1,0,38.03120146520146
ENSG00000175161,CADM2,chr3,84958989,86074429,1,1,0,0.79,528,3,254,68,0.0,178.0,0.0,0,0,22.59792417188899
ENSG00000206538,VGLL3,chr3,86876388,86991149,-1,1,0,0.87,108,2,90,5,0.0,133.0,0.0,0,0,25.763497413793104
ENSG00000083937,CHMP2B,chr3,87227271,87255556,1,1,0,0.94,20,1,11,1,0.0,412.0,0.0,1,0,38.37803333333333
ENSG00000064835,POU1F1,chr3,87259404,87276584,-1,0,31968,,15,1,13,0,0.0,240.0,0.0,0,0,40.06486315789474
ENSG00000179097,HTR1F,chr3,87792704,87993839,1,1,0,0.79,89,3,45,9,0.0,108.0,0.0,0,0,55.23817326732673
ENSG00000163320,CGGBP1,chr3,88051944,88149885,-1,2,0,0.805,73,4,54,3,0.0,52.0,0.0,2,0,53.071290909090905
ENSG00000288654,,chr3,88058139,88058216,-1,0,184,,1,1,0,0,0.0,25.0,0.0,1,0,51.9867
ENSG00000175105,ZNF654,chr3,88058723,88144662,1,1,0,0.81,56,1,41,3,0.0,112.0,0.0,1,0,53.11102643678159
ENSG00000179021,C3orf38,chr3,88149647,88168729,1,1,0,0.8,11,2,4,2,0.0,218.0,0.0,1,0,53.926024999999996
ENSG00000283434,CSNK2A2IP,chr3,88338416,88467594,1,0,188053,,49,0,16,4,0.0,17.0,0.0,0,0,40.82927709923664
ENSG00000044524,EPHA3,chr3,89107522,89482437,1,1,0,0.85,231,2,138,18,0.0,544.0,0.0,0,0,22.053481599999998
ENSG00000184500,PROS1,chr3,93873046,93980003,-1,2,0,0.99,56,2,28,3,0.0,1730.0,0.0,1,0,49.43609629629629
ENSG00000169379,ARL13B,chr3,93980139,94055678,1,1,0,0.9,54,4,34,2,0.0,163.0,0.0,1,0,41.626723376623374
ENSG00000178750,STX19,chr3,94012043,94028654,-1,0,31454,,12,1,9,0,0.0,54.0,0.0,0,0,41.37871666666666
ENSG00000178700,DHFR2,chr3,94047836,94063389,-1,1,0,1.0,10,2,4,1,0.0,90.0,0.0,1,0,37.914987499999995
ENSG00000178694,NSUN3,chr3,94062980,94131832,1,1,0,1.0,60,2,47,6,0.0,107.0,0.0,1,0,34.764160000000004
ENSG00000080224,EPHA6,chr3,96814581,97761532,1,1,0,0.88,364,2,138,52,0.0,127.0,0.0,0,0,30.12972732067511
ENSG00000113966,ARL6,chr3,97764521,97801229,1,1,0,0.84,16,1,7,3,0.0,134.0,0.0,1,0,43.17907837837838
ENSG00000080200,CRYBG3,chr3,97822011,97944984,1,1,0,0.9,90,1,76,0,0.0,36.0,0.0,3,0,36.65194435483871
ENSG00000170854,RIOX2,chr3,97941815,97972457,-1,1,0,0.92,44,1,43,0,0.0,212.0,0.0,1,0,36.939329032258065
ENSG00000183185,GABRR3,chr3,97985102,98035315,-1,0,12537,,50,0,32,2,0.0,41.0,0.0,1,0,38.62626078431372
ENSG00000213439,OR5AC1,chr3,98064472,98065396,1,0,91907,,0,0,0,0,0.0,2.0,0.0,0,0,39.306250000000006
ENSG00000196578,OR5AC2,chr3,98087173,98088102,1,0,114608,,0,0,0,0,0.0,11.0,0.0,0,0,39.56925
ENSG00000231192,OR5H1,chr3,98130721,98138548,1,0,158156,,7,0,6,0,0.0,0.0,0.0,0,0,41.47085555555556
ENSG00000236032,OR5H14,chr3,98147479,98156614,1,0,174914,,7,0,7,0,0.0,5.0,0.0,0,0,42.75792727272727
ENSG00000233412,OR5H15,chr3,98166696,98169774,1,0,194131,,1,0,0,0,0.0,2.0,0.0,0,0,44.25015
ENSG00000230301,OR5H6,chr3,98263252,98265356,1,0,257209,,0,0,0,0,0.0,1.0,0.0,0,0,51.12873333333334
ENSG00000197938,OR5H2,chr3,98282505,98284070,1,0,238495,,0,0,0,0,0.0,8.0,0.0,0,0,50.9349
ENSG00000232535,OR5H8,chr3,98306752,98312843,1,0,209722,,1,0,1,0,0.0,0.0,0.0,0,0,49.77807142857142
ENSG00000196098,OR5K4,chr3,98353854,98354819,1,0,167746,,0,0,0,0,0.0,2.0,0.0,0,0,46.87405
ENSG00000206536,OR5K3,chr3,98390666,98391631,1,0,130934,,0,0,0,0,0.0,2.0,0.0,0,0,45.1446
ENSG00000232382,OR5K1,chr3,98463201,98472924,1,0,49641,,1,0,0,0,0.0,5.0,0.0,0,0,44.93228181818182
ENSG00000231861,OR5K2,chr3,98497681,98498631,1,0,23934,,0,0,0,0,0.0,2.0,0.0,0,0,44.9487
ENSG00000080822,CLDND1,chr3,98497912,98523066,-1,1,0,0.81,26,3,19,0,0.0,35.0,0.0,1,0,44.81970384615385
ENSG00000285635,,chr3,98521133,98585498,-1,1,0,0.81,97,7,90,0,0.0,0.0,0.0,7,0,44.065209230769234
ENSG00000154165,GPR15,chr3,98531978,98534681,1,0,8887,,5,0,5,0,0.0,287.0,0.0,1,0,44.43605
ENSG00000080819,CPOX,chr3,98579446,98593707,-1,1,0,0.85,25,2,23,0,0.0,1175.0,0.0,1,0,43.607543750000005
ENSG00000064225,ST3GAL6,chr3,98732175,98821201,1,1,0,0.9,129,4,119,0,0.0,104.0,0.0,0,0,44.09646444444445
ENSG00000057019,DCBLD2,chr3,98795941,98901729,-1,1,0,1.03,126,3,112,1,0.0,114.0,0.0,1,0,37.31325420560747
ENSG00000144810,COL8A1,chr3,99638426,99799226,1,0,18543,,163,1,156,0,0.0,233.0,0.0,0,0,64.83608580246914
ENSG00000184220,CMSS1,chr3,99817837,100181732,1,2,0,1.12,428,5,387,7,0.0,71.0,0.0,2,0,73.67041284153005
ENSG00000168386,FILIP1L,chr3,99828811,100114513,-1,1,0,1.31,355,3,327,5,0.0,103.0,0.0,1,0,74.907
ENSG00000036054,TBC1D23,chr3,100260780,100325251,1,1,0,0.94,48,1,37,4,0.0,48.0,0.0,1,0,65.55139076923075
ENSG00000114021,NIT2,chr3,100334625,100361635,1,1,0,0.99,25,1,22,0,0.0,43.0,0.0,1,0,63.97228571428571
ENSG00000154174,TOMM70,chr3,100363431,100401111,-1,1,0,0.85,29,1,20,3,0.0,78.0,0.0,1,0,62.608999999999995
ENSG00000206535,LNP1,chr3,100401192,100457563,1,1,0,0.85,60,2,47,1,0.0,47.0,0.0,1,0,60.4654672413793
ENSG00000181458,TMEM45A,chr3,100492219,100579281,1,1,0,0.93,81,2,72,1,0.0,103.0,0.0,1,0,56.343728409090915
ENSG00000144820,ADGRG7,chr3,100609601,100695479,1,0,13746,,55,3,42,3,0.0,64.0,0.0,0,0,52.09142674418603
ENSG00000114354,TFG,chr3,100709295,100748965,1,1,0,1.04,35,4,23,0,0.0,255.0,0.0,2,0,52.29143902439026
ENSG00000154175,ABI3BP,chr3,100749155,100993515,-1,0,39330,,187,1,131,12,0.0,172.0,0.0,0,0,61.92670934959351
ENSG00000081148,IMPG2,chr3,101222546,101320575,-1,0,192191,,72,0,51,4,0.0,149.0,0.0,0,0,79.0152212121212
ENSG00000138468,SENP7,chr3,101324205,101513241,-1,1,0,0.91,80,2,56,6,0.0,124.0,0.0,2,0,75.03298105263158
ENSG00000174173,TRMT10C,chr3,101561868,101566446,1,1,0,0.97,5,1,4,0,0.0,52.0,0.0,1,0,68.7742
ENSG00000081154,PCNP,chr3,101574180,101594465,1,1,0,0.82,16,1,14,0,0.0,53.0,0.0,1,0,68.46576666666667
ENSG00000066422,ZBTB11,chr3,101648889,101677135,-1,1,0,0.9,16,2,12,0,0.0,108.0,0.0,1,0,65.16954137931035
ENSG00000114391,RPL24,chr3,101681091,101686757,-1,1,0,0.96,9,2,7,0,0.0,284.0,0.0,1,0,63.649071428571425
ENSG00000293268,,chr3,101686827,101713301,1,1,0,0.96,36,1,28,0,0.0,11.0,0.0,1,0,62.364192592592595
ENSG00000182504,CEP97,chr3,101724534,101770562,1,1,0,1.0,24,2,21,0,0.0,48.0,0.0,1,0,58.541882978723415
ENSG00000144815,NXPE3,chr3,101778900,101843743,1,1,0,0.9,72,3,63,3,0.0,44.0,0.0,4,0,54.46950454545454
ENSG00000144802,NFKBIZ,chr3,101827991,101861022,1,1,0,0.99,57,2,53,0,0.0,557.0,0.0,2,0,52.557558823529405
ENSG00000170044,ZPLD1,chr3,102099244,102479841,1,0,249042,,287,0,200,23,0.0,97.0,0.0,0,0,25.108968062827223
ENSG00000170017,ALCAM,chr3,105366706,105576909,1,3,0,1.04,205,3,168,3,0.0,399.0,0.0,1,0,28.737349289099527
ENSG00000114423,CBLB,chr3,105655461,105869552,-1,1,0,0.84,234,1,218,3,3.0,394.0,1.0,5,0,24.256718518518515
ENSG00000138483,CCDC54,chr3,107377439,107378635,1,0,52338,,1,0,1,0,0.0,108.0,0.0,0,0,50.6636
ENSG00000114439,BBX,chr3,107522936,107811339,1,2,0,0.925,225,2,192,5,0.0,104.0,0.0,3,0,63.15351799307958
ENSG00000196776,CD47,chr3,108043091,108091862,-1,1,0,0.97,49,1,47,0,0.0,1004.0,0.0,1,0,62.039210000000004
ENSG00000114446,IFT57,chr3,108160812,108222553,-1,1,0,0.82,53,1,35,5,0.0,100.0,0.0,1,0,56.5257253968254
ENSG00000114455,HHLA2,chr3,108295334,108379814,1,0,72678,,61,2,44,2,0.0,164.0,0.0,0,0,53.875203488372094
ENSG00000144821,MYH15,chr3,108380368,108529322,-1,0,60058,,153,2,96,11,0.0,66.0,0.0,0,0,43.324073333333324
ENSG00000163507,CIP2A,chr3,108549864,108589644,-1,1,0,0.96,28,2,20,1,0.0,356.0,0.0,1,0,38.32606829268293
ENSG00000198919,DZIP3,chr3,108589480,108694846,1,1,0,0.96,50,3,26,3,0.0,42.0,0.0,3,0,38.55753551401869
ENSG00000163515,RETNLB,chr3,108743424,108757410,-1,0,153667,,4,0,3,0,0.0,329.0,0.0,0,0,34.817620000000005
ENSG00000163519,TRAT1,chr3,108822770,108855005,1,0,233013,,27,1,26,0,0.0,269.0,0.0,9,0,32.16838484848485
ENSG00000138472,GUCA1C,chr3,108907792,108953879,-1,0,164069,,33,1,20,4,0.0,29.0,0.0,0,0,30.87043617021277
ENSG00000114487,MORC1,chr3,108958248,109118134,-1,1,0,1.16,92,1,37,18,0.0,182.0,0.0,0,0,30.47558074534161
ENSG00000241224,C3orf85,chr3,109118252,109152132,1,0,10,,29,2,16,0,0.0,20.0,0.0,0,0,30.52949714285714
ENSG00000163530,DPPA2,chr3,109293788,109316517,-1,0,175546,,7,1,5,0,0.0,44.0,0.0,0,0,22.637279166666662
ENSG00000121570,DPPA4,chr3,109326144,109337591,-1,0,207902,,12,1,8,0,0.0,53.0,0.0,0,0,21.62943076923077
ENSG00000177707,NECTIN3,chr3,111070071,111275563,1,1,0,1.07,127,5,77,15,0.0,299.0,0.0,2,0,23.10901256038647
ENSG00000153283,CD96,chr3,111292719,111665996,1,0,8484,,257,3,197,9,0.0,183.0,0.0,12,0,29.651667647058826
ENSG00000177494,ZBED2,chr3,111592900,111595346,-1,0,79134,,6,1,5,0,0.0,46.0,0.0,0,0,29.054000000000002
ENSG00000240891,PLCXD2,chr3,111674676,111846447,1,1,0,0.79,199,4,186,2,0.0,37.0,0.0,1,0,32.143745930232555
ENSG00000144824,PHLDB2,chr3,111732403,111976837,1,1,0,0.91,295,5,272,2,0.0,78.0,0.0,1,0,30.586385772357723
ENSG00000144827,ABHD10,chr3,111978972,111993368,1,1,0,0.96,12,1,11,0,0.0,133.0,0.0,1,0,27.66743333333334
ENSG00000144834,TAGLN3,chr3,111998739,112013888,1,0,19443,,29,4,25,0,0.0,41.0,0.0,0,0,27.556762499999998
ENSG00000176040,TMPRSS7,chr3,112034736,112081269,1,0,4749,,36,0,30,0,0.0,34.0,0.0,1,0,28.256585106382985
ENSG00000114529,C3orf52,chr3,112086335,112131004,1,1,0,0.93,68,2,61,0,0.0,37.0,0.0,3,0,29.622476086956517
ENSG00000174500,GCSAM,chr3,112120839,112133270,-1,0,34116,,23,1,22,0,0.0,49.0,0.0,3,0,30.1708
ENSG00000172139,SLC9C1,chr3,112140898,112294227,-1,1,0,0.67,61,3,33,10,0.0,293.0,0.0,1,0,33.7819
ENSG00000091972,CD200,chr3,112332235,112363181,1,1,0,0.76,46,1,45,0,0.0,572.0,0.0,2,0,35.91221875
ENSG00000186265,BTLA,chr3,112461067,112499668,-1,0,61507,,47,1,44,0,0.0,341.0,0.0,2,0,31.9666825
ENSG00000144848,ATG3,chr3,112532510,112562046,-1,1,0,0.9,25,1,21,2,0.0,178.0,0.0,1,0,33.965643333333325
ENSG00000138459,SLC35A5,chr3,112561269,112587350,1,1,0,0.9,32,1,28,1,0.0,19.0,0.0,1,0,34.725862962962964
ENSG00000091986,CCDC80,chr3,112596797,112649530,-1,0,34694,,71,1,70,0,0.0,245.0,0.0,1,0,35.185914814814815
ENSG00000206531,CD200R1L,chr3,112815709,112846864,-1,0,143955,,22,0,13,2,0.0,25.0,0.0,0,0,40.049918749999996
ENSG00000163606,CD200R1,chr3,112921205,112975103,-1,0,15716,,26,1,21,0,0.0,309.0,0.0,2,0,38.897558181818184
ENSG00000163607,GTPBP8,chr3,112990978,113015060,1,1,0,0.96,15,3,12,0,0.0,33.0,0.0,3,0,39.540867999999996
ENSG00000163608,NEPRO,chr3,113002444,113019861,-1,1,0,0.87,12,2,10,0,0.0,33.0,0.0,3,0,39.81764210526316
ENSG00000144857,BOC,chr3,113210846,113287463,1,1,0,1.12,130,2,126,0,0.0,136.0,0.0,0,0,50.853733766233766
ENSG00000206530,CFAP44,chr3,113286930,113441610,-1,1,0,1.07,69,1,37,8,0.0,184.0,0.0,0,0,56.59310128205128
ENSG00000285943,SPICE1-CFAP44,chr3,113361901,113515151,-1,2,0,0.985,71,2,39,3,0.0,0.0,0.0,1,0,58.550004545454556
ENSG00000163611,SPICE1,chr3,113442718,113515606,-1,1,0,0.9,44,1,24,3,0.0,56.0,0.0,1,0,58.72351621621621
ENSG00000072858,SIDT1,chr3,113532400,113629714,1,1,0,0.85,89,4,76,2,0.0,80.0,0.0,1,0,53.65777777777777
ENSG00000176542,USF3,chr3,113648385,113696646,-1,1,0,0.95,40,0,36,0,0.0,38.0,0.0,1,0,48.73179400000001
ENSG00000121579,NAA50,chr3,113716458,113746786,-1,1,0,0.95,30,5,23,0,0.0,165.0,0.0,2,0,47.598937500000005
ENSG00000114573,ATP6V1A,chr3,113746770,113812056,1,0,458,,50,2,41,1,0.0,133.0,0.0,1,0,46.98802121212122
ENSG00000178075,GRAMD1C,chr3,113828182,113947179,1,2,0,1.07,72,3,46,6,0.0,118.0,0.0,0,0,41.921123333333334
ENSG00000184307,ZDHHC23,chr3,113947901,113965401,1,1,0,0.93,21,2,12,1,0.0,108.0,0.0,0,0,37.47869444444444
ENSG00000163617,CCDC191,chr3,113964137,114056594,-1,1,0,0.88,49,1,32,5,0.0,134.0,0.0,1,0,35.55006276595745
ENSG00000151576,QTRT2,chr3,114005833,114088542,1,1,0,0.88,56,2,43,3,0.0,37.0,0.0,1,0,35.09604880952381
ENSG00000151577,DRD3,chr3,114127580,114199407,-1,1,0,0.85,54,2,37,4,0.0,282.0,0.0,0,0,37.109111111111105
ENSG00000174255,ZNF80,chr3,114234631,114237578,-1,0,81665,,4,1,3,0,0.0,36.0,0.0,1,0,34.684650000000005
ENSG00000181847,TIGIT,chr3,114276913,114310288,1,0,40590,,32,2,29,0,0.0,465.0,0.0,6,0,29.707485294117642
ENSG00000181722,ZBTB20,chr3,114314500,115147356,-1,2,0,0.89,654,13,552,17,0.0,305.0,0.0,4,0,27.54723501199041
ENSG00000172020,GAP43,chr3,115623510,115721490,1,1,0,0.84,107,2,92,4,0.0,361.0,0.0,1,0,53.79400816326531
ENSG00000185565,LSAMP,chr3,115802374,117997592,-1,1,0,0.94,1517,4,1029,133,0.0,176.0,0.0,0,0,26.090639189804282
ENSG00000239268,LINC03051,chr3,117672154,117997592,-1,1,0,0.94,241,2,169,19,0.0,52.0,0.0,0,0,20.084944648318043
ENSG00000144847,IGSF11,chr3,118900557,119146068,-1,1,0,0.86,146,4,100,9,0.0,200.0,0.0,0,0,59.47656788617886
ENSG00000163424,TEX55,chr3,119146151,119160042,1,0,80450,,8,1,5,0,0.0,19.0,0.0,0,0,64.14288
ENSG00000251012,,chr3,119147375,119187807,1,0,52685,,29,2,24,1,0.0,0.0,0.0,0,0,64.62203095238094
ENSG00000114638,UPK1B,chr3,119173517,119205152,1,0,35340,,24,2,22,0,0.0,103.0,0.0,0,0,65.325046875
ENSG00000121578,B4GALT4,chr3,119211628,119240952,-1,1,0,0.92,34,3,31,0,0.0,72.0,0.0,2,0,66.29430666666667
ENSG00000031081,ARHGAP31,chr3,119294352,119420714,1,3,0,0.8267,150,4,132,5,0.0,113.0,0.0,3,0,63.792051562500006
ENSG00000176142,TMEM39A,chr3,119428949,119468854,-1,0,46,,23,2,19,0,0.0,46.0,0.0,2,0,59.61114390243901
ENSG00000163389,POGLUT1,chr3,119468963,119494708,1,1,0,0.79,17,1,9,0,0.0,94.0,0.0,1,0,59.058625925925924
ENSG00000113845,TIMMDC1,chr3,119498515,119525090,1,1,0,0.91,26,1,21,0,0.0,67.0,0.0,2,0,59.005492592592596
ENSG00000121594,CD80,chr3,119523898,119569324,-1,0,10113,,45,1,37,0,0.0,862.0,0.0,2,0,59.05297173913044
ENSG00000144843,ADPRH,chr3,119579268,119590165,1,1,0,1.02,16,2,14,0,0.0,64.0,0.0,1,0,58.73328333333334
ENSG00000144837,PLA1A,chr3,119597808,119629816,1,0,17672,,35,2,32,0,0.0,223.0,0.0,0,0,57.84712424242424
ENSG00000121577,POPDC2,chr3,119636457,119665324,-1,0,11818,,59,1,58,0,0.0,166.0,0.0,1,0,56.24641333333332
ENSG00000138495,COX17,chr3,119654513,119677621,-1,1,0,0.98,49,3,46,0,0.0,55.0,0.0,1,0,55.49666666666667
ENSG00000183833,CFAP91,chr3,119703022,119767102,1,1,0,0.84,44,1,22,8,0.0,89.0,0.0,0,0,54.06924307692307
ENSG00000285585,,chr3,119703076,119807570,1,1,0,0.84,83,3,51,8,0.0,0.0,0.0,0,0,54.580520754716986
ENSG00000144852,NR1I2,chr3,119780484,119818487,1,1,0,0.98,36,2,21,4,0.0,1198.0,0.0,1,0,55.82890256410257
ENSG00000082701,GSK3B,chr3,119821321,120094994,-1,1,0,0.91,210,5,140,12,0.0,1170.0,0.0,3,0,55.45688333333333
ENSG00000175697,GPR156,chr3,120164645,120285426,-1,1,0,0.98,90,1,68,5,0.0,32.0,0.0,0,0,58.03765950413223
ENSG00000163428,LRRC58,chr3,120324509,120349409,-1,1,0,0.93,24,1,18,1,0.0,24.0,0.0,1,0,62.959072000000006
ENSG00000163430,FSTL1,chr3,120392293,120451241,-1,1,0,0.8,84,2,77,0,0.0,741.0,0.0,0,0,59.346943333333336
ENSG00000065518,NDUFB4,chr3,120596303,120602507,1,1,0,0.98,14,2,12,0,0.0,184.0,0.0,2,0,52.2059125
ENSG00000113924,HGD,chr3,120628165,120682385,-1,0,31522,,55,1,46,1,0.0,143.0,0.0,0,0,47.588192727272734
ENSG00000144840,RABL3,chr3,120684938,120742993,-1,0,88295,,39,2,29,1,0.0,56.0,0.0,2,0,42.623711864406786
ENSG00000153767,GTF2E1,chr3,120742370,120783368,1,0,124665,,36,2,29,1,0.0,144.0,0.0,1,0,39.59039285714285
ENSG00000145087,STXBP5L,chr3,120908072,121424761,1,1,0,0.93,134,2,56,5,0.0,65.0,0.0,0,0,50.83260405405405
ENSG00000051341,POLQ,chr3,121431426,121546002,-1,1,0,0.82,65,1,31,8,2.0,420.0,1.0,2,0,56.13580431034484
ENSG00000186103,ARGFX,chr3,121567949,121590622,1,0,21853,,9,0,7,1,0.0,10.0,0.0,0,0,53.10418333333333
ENSG00000163833,FBXO40,chr3,121592886,121630434,1,0,46790,,34,1,33,0,0.0,30.0,0.0,0,0,52.17253947368421
ENSG00000180353,HCLS1,chr3,121631399,121660927,-1,0,85303,,20,2,15,0,0.0,485.0,0.0,2,0,51.06654193548387
ENSG00000173230,GOLGB1,chr3,121663199,121749966,-1,1,0,0.78,71,3,56,2,0.0,260.0,0.0,2,0,49.58753977272727
ENSG00000173226,IQCB1,chr3,121769399,121835093,-1,1,0,1.04,37,2,26,1,0.0,100.0,0.0,1,0,49.51807313432836
ENSG00000145088,EAF2,chr3,121835183,121886526,1,1,0,1.04,29,1,21,3,0.0,119.0,0.0,1,0,49.12825849056603
ENSG00000163406,SLC15A2,chr3,121894391,121944188,1,0,49022,,31,1,26,1,0.0,172.0,0.0,0,0,47.79209411764706
ENSG00000145103,ILDR1,chr3,121987323,122022274,-1,2,0,0.75,43,2,41,0,0.0,194.0,0.0,0,0,49.14451111111111
ENSG00000114013,CD86,chr3,122055362,122121139,1,0,32959,,75,2,70,0,0.0,883.0,0.0,0,0,55.917662686567155
ENSG00000036828,CASR,chr3,122183668,122291629,1,2,0,0.82,88,4,78,0,0.0,883.0,0.0,0,0,63.59988440366971
ENSG00000121552,CSTA,chr3,122325248,122341969,1,0,42035,,10,2,7,0,0.0,208.0,0.0,0,0,61.69752222222223
ENSG00000160124,MIX23,chr3,122359587,122383239,-1,0,765,,19,1,16,0,0.0,55.0,0.0,1,0,59.3844875
ENSG00000114023,FAM162A,chr3,122384161,122412334,1,1,0,0.9,28,1,25,0,0.0,192.0,0.0,1,0,57.67231724137932
ENSG00000196981,WDR5B,chr3,122411846,122416464,-1,1,0,0.97,7,1,6,0,0.0,14.0,0.0,1,0,56.70477999999999
ENSG00000114030,KPNA1,chr3,122421902,122514947,-1,1,0,0.98,69,2,58,0,0.0,106.0,0.0,1,0,54.99851063829788
ENSG00000138496,PARP9,chr3,122527910,122565478,-1,1,0,0.71,30,3,20,2,0.0,164.0,0.0,1,0,56.29208157894737
ENSG00000163840,DTX3L,chr3,122564338,122575203,1,1,0,0.71,12,2,8,0,0.0,139.0,0.0,1,0,57.48263333333333
ENSG00000173200,PARP15,chr3,122577602,122639047,1,1,0,0.85,59,1,55,0,0.0,61.0,0.0,1,0,59.60225
ENSG00000173193,PARP14,chr3,122680839,122730840,1,1,0,0.89,46,1,39,2,0.0,258.0,0.0,1,0,62.373811764705884
ENSG00000169087,HSPBAP1,chr3,122739981,122793831,-1,1,0,0.89,54,1,48,0,0.0,52.0,0.0,1,0,61.735503636363624
ENSG00000138463,SLC49A4,chr3,122795069,122881139,1,1,0,0.97,59,1,40,3,0.0,62.0,0.0,1,0,60.80874942528734
ENSG00000082684,SEMA5B,chr3,122908792,123028605,-1,3,0,0.7767,193,3,146,8,0.0,77.0,0.0,0,0,60.56369338842976
ENSG00000065485,PDIA5,chr3,123067025,123225227,1,2,0,0.815,200,2,168,3,0.0,111.0,0.0,1,0,55.951402515723274
ENSG00000121542,SEC22A,chr3,123201859,123274136,1,1,0,0.91,51,1,35,5,0.0,34.0,0.0,1,0,55.16091643835616
ENSG00000173175,ADCY5,chr3,123282296,123449090,-1,1,0,0.9,290,3,271,7,0.0,249.0,0.0,0,0,51.81909166666666
ENSG00000206527,HACD2,chr3,123490820,123585081,-1,1,0,0.93,83,1,67,5,0.0,49.0,0.0,1,0,48.297201052631564
ENSG00000065534,MYLK,chr3,123610049,123884375,-1,1,0,1.28,342,9,318,0,0.0,394.0,0.0,0,0,47.20676181818181
ENSG00000175455,CCDC14,chr3,123897305,123961435,-1,1,0,0.98,35,2,23,0,0.0,48.0,0.0,1,0,51.0219723076923
ENSG00000065371,ROPN1,chr3,123968521,123992178,-1,1,0,0.75,14,1,9,1,0.0,110.0,0.0,0,0,53.878475
ENSG00000160145,KALRN,chr3,124033369,124726325,1,3,0,0.8333,663,6,565,21,0.0,167.0,0.0,2,0,67.31240878962537
ENSG00000114491,UMPS,chr3,124730433,124749273,1,1,0,1.07,17,1,15,0,0.0,330.0,0.0,1,0,63.65306
ENSG00000082781,ITGB5,chr3,124761948,124901418,-1,1,0,0.82,223,5,210,0,0.0,212.0,0.0,1,0,61.97648357142857
ENSG00000173702,MUC13,chr3,124905440,124953819,-1,0,17558,,43,1,30,3,0.0,272.0,0.0,0,0,64.116446
ENSG00000173706,HEG1,chr3,124965710,125055997,-1,1,0,0.98,128,1,123,0,0.0,171.0,0.0,2,0,68.1009054347826
ENSG00000221955,SLC12A8,chr3,125082636,125213229,-1,2,0,0.815,182,4,159,5,0.0,87.0,0.0,1,0,71.3954503816794
ENSG00000163848,ZNF148,chr3,125225669,125375842,-1,2,0,0.88,113,4,86,5,0.0,270.0,0.0,3,0,68.40394304635761
ENSG00000114520,SNX4,chr3,125446644,125520233,-1,1,0,0.8,42,1,38,0,0.0,41.0,0.0,1,0,57.43086891891892
ENSG00000144909,OSBPL11,chr3,125528858,125595592,-1,1,0,0.85,35,2,27,2,0.0,51.0,0.0,1,0,54.109392647058826
ENSG00000114547,ROPN1B,chr3,125969160,125983454,1,1,0,0.75,13,1,11,1,0.0,76.0,0.0,0,0,45.14755333333334
ENSG00000114544,SLC41A3,chr3,126005662,126101561,-1,1,0,0.81,98,3,78,3,0.0,114.0,0.0,2,0,46.06762577319587
ENSG00000144908,ALDH1L1,chr3,126103561,126197994,-1,1,0,0.76,99,4,58,14,0.0,302.0,0.0,0,0,51.952872631578934
ENSG00000163884,KLF15,chr3,126342635,126357458,-1,2,0,0.99,34,1,33,0,0.0,248.0,0.0,0,0,55.42014666666666
ENSG00000163885,CFAP100,chr3,126394656,126436556,1,2,0,0.85,45,1,29,6,0.0,35.0,0.0,0,0,57.98448604651163
ENSG00000070476,ZXDC,chr3,126437601,126475993,-1,1,0,0.99,66,1,62,1,0.0,29.0,0.0,1,0,58.910302564102565
ENSG00000159650,UROC1,chr3,126481165,126517777,-1,0,4513,,62,1,49,2,0.0,38.0,0.0,0,0,58.63113421052631
ENSG00000180767,CHST13,chr3,126524155,126543291,1,2,0,0.86,40,1,37,0,0.0,35.0,0.0,0,0,57.95102000000001
ENSG00000180697,C3orf22,chr3,126526999,126558965,-1,1,0,1.11,63,1,45,1,0.0,8.0,0.0,0,0,57.79457272727273
ENSG00000197763,TXNRD3,chr3,126571779,126655124,-1,1,0,1.04,59,1,37,3,0.0,225.0,0.0,0,0,58.14029880952381
ENSG00000159685,CHCHD6,chr3,126704214,126960420,1,2,0,0.87,280,1,220,14,0.0,29.0,0.0,2,0,60.58983618677042
ENSG00000114554,PLXNA1,chr3,126982693,127037389,1,6,0,0.7983,120,1,115,1,0.0,198.0,0.0,2,0,55.44849272727273
ENSG00000214324,PRR23E,chr3,127193131,127198185,1,0,57126,,10,1,0,3,0.0,14.0,0.0,0,0,63.57116666666666
ENSG00000239620,PRR20G,chr3,127283783,127288046,-1,0,49947,,4,1,1,0,0.0,11.0,0.0,0,0,67.29172
ENSG00000163870,TPRA1,chr3,127571232,127598318,-1,2,0,0.88,46,7,33,3,0.0,53.0,0.0,2,0,61.41197499999999
ENSG00000073111,MCM2,chr3,127598223,127622437,1,2,0,0.8,38,1,30,0,0.0,422.0,0.0,1,0,61.916472000000006
ENSG00000114631,PODXL2,chr3,127629143,127672810,1,2,0,1.02,52,2,42,4,0.0,114.0,0.0,1,0,63.46714222222222
ENSG00000114626,ABTB1,chr3,127672906,127680926,1,1,0,0.93,22,3,17,0,0.0,58.0,0.0,1,0,64.52463333333333
ENSG00000074416,MGLL,chr3,127689062,128052190,-1,3,0,0.9367,465,7,386,16,0.0,363.0,0.0,1,0,69.33426758241758
ENSG00000187715,KBTBD12,chr3,127915207,127989100,1,1,0,0.82,69,1,45,4,0.0,37.0,0.0,0,0,71.94095466666666
ENSG00000058262,SEC61A1,chr3,128051641,128071705,1,1,0,1.0,31,3,24,0,0.0,299.0,0.0,2,0,76.70744761904763
ENSG00000175792,RUVBL1,chr3,128064778,128153914,-1,3,0,0.93,113,7,89,5,0.0,232.0,0.0,5,0,78.43507444444444
ENSG00000132394,EEFSEC,chr3,128153433,128409356,1,1,0,1.27,378,3,341,6,0.0,88.0,0.0,4,0,78.75546964980545
ENSG00000179407,DNAJB8,chr3,128462437,128466968,-1,0,19684,,10,0,2,1,0.0,52.0,0.0,0,0,77.64225
ENSG00000179348,GATA2,chr3,128479423,128493208,-1,1,0,0.74,42,6,36,0,6.0,713.0,1.0,1,0,77.91048666666666
ENSG00000163902,RPN1,chr3,128619968,128681075,-1,2,0,0.84,56,2,50,0,0.0,199.0,0.0,3,0,75.23798225806452
ENSG00000075785,RAB7A,chr3,128693669,128825942,1,1,0,0.85,177,6,159,1,0.0,290.0,0.0,3,0,74.9084969924812
ENSG00000177646,ACAD9,chr3,128879596,128924003,1,1,0,0.94,43,2,36,2,0.0,93.0,0.0,2,0,80.7395888888889
ENSG00000114656,CFAP92,chr3,128909866,129002690,-1,2,0,0.925,96,6,69,7,0.0,26.0,0.0,2,0,81.70910212765959
ENSG00000114654,EFCC1,chr3,129001304,129040742,1,3,0,0.9033,73,3,59,3,0.0,56.0,0.0,3,0,80.60600731707318
ENSG00000169704,GP9,chr3,129060779,129062435,1,0,13567,,4,1,3,0,0.0,135.0,0.0,0,0,79.1551
ENSG00000172780,RAB43,chr3,129087569,129123694,-1,1,0,0.83,43,5,38,0,0.0,60.0,0.0,2,0,78.22595945945946
ENSG00000261796,ISY1-RAB43,chr3,129087575,129161036,-1,2,0,0.89,62,5,54,0,0.0,4.0,0.0,4,0,78.10289864864865
ENSG00000240682,ISY1,chr3,129127415,129161349,-1,1,0,0.95,16,2,11,0,0.0,23.0,0.0,2,0,77.97566
ENSG00000169714,CNBP,chr3,129167818,129184008,-1,1,0,0.97,22,1,21,0,2.0,265.0,1.0,1,0,77.80191176470589
ENSG00000181789,COPG1,chr3,129249576,129278065,1,0,474,,33,1,25,1,0.0,125.0,0.0,2,0,75.41475517241378
ENSG00000183624,HMCES,chr3,129278441,129306189,1,1,0,0.88,27,1,23,1,0.0,37.0,0.0,2,0,74.32002758620689
ENSG00000184897,H1-10,chr3,129314771,129316286,-1,1,0,0.95,5,2,3,0,0.0,68.0,0.0,2,0,73.49385000000001
ENSG00000172771,EFCAB12,chr3,129401321,129428636,-1,1,0,0.97,36,1,26,1,0.0,29.0,0.0,0,0,72.32594827586206
ENSG00000163913,IFT122,chr3,129429607,129520510,1,1,0,0.85,145,1,135,4,0.0,267.0,0.0,4,0,72.36153369565218
ENSG00000129071,MBD4,chr3,129430947,129440543,-1,1,0,0.85,14,1,13,0,0.0,149.0,0.0,1,0,72.38863636363637
ENSG00000163914,RHO,chr3,129528639,129535344,1,0,69728,,16,0,15,0,0.0,816.0,0.0,0,0,71.68612857142857
ENSG00000178804,H1-8,chr3,129543175,129551467,1,0,53605,,13,1,7,2,0.0,23.0,0.0,0,0,71.17826666666667
ENSG00000004399,PLXND1,chr3,129555213,129606681,-1,1,0,1.04,107,3,102,0,0.0,365.0,0.0,2,0,69.37903396226415
ENSG00000172765,TMCC1,chr3,129647792,129893778,-1,1,0,0.9,226,3,197,5,0.0,46.0,0.0,1,0,64.81170485829959
ENSG00000170893,TRH,chr3,129974688,129977935,1,1,0,0.85,8,1,4,0,0.0,765.0,0.0,0,0,70.8562
ENSG00000251287,ALG1L2,chr3,130081831,130113227,1,1,0,0.71,40,5,27,3,0.0,45.0,0.0,1,0,73.7663875
ENSG00000172752,COL6A5,chr3,130345516,130484846,1,1,0,1.04,92,1,45,9,0.0,118.0,0.0,0,0,66.58391142857143
ENSG00000206384,COL6A6,chr3,130517177,130677044,1,1,0,1.07,110,1,76,6,0.0,134.0,0.0,0,0,69.224550310559
ENSG00000196455,PIK3R4,chr3,130678934,130746829,-1,1,0,0.91,52,1,45,1,0.0,144.0,0.0,1,0,66.18906231884057
ENSG00000017260,ATP2C1,chr3,130850511,131016712,1,1,0,0.92,127,5,103,3,0.0,157.0,0.0,2,0,52.91323473053892
ENSG00000034533,ASTE1,chr3,131013066,131027649,-1,1,0,0.84,12,2,10,0,0.0,31.0,0.0,1,0,52.3203375
ENSG00000114670,NEK11,chr3,131026850,131353043,1,1,0,0.84,206,2,141,17,0.0,75.0,0.0,1,0,50.83419724770643
ENSG00000198585,NUDT16,chr3,131381671,131388830,1,1,0,0.78,12,2,9,0,0.0,59.0,0.0,1,0,41.319075
ENSG00000114686,MRPL3,chr3,131462202,131502983,-1,1,0,1.12,25,1,19,2,0.0,172.0,0.0,1,0,42.48139761904762
ENSG00000196353,CPNE4,chr3,131533555,132285410,-1,1,0,0.89,490,6,318,46,0.0,63.0,0.0,0,0,48.92565039893616
ENSG00000014257,ACP3,chr3,132317369,132368302,1,0,48827,,44,1,35,1,0.0,536.0,0.0,0,0,52.597300000000004
ENSG00000138246,DNAJC13,chr3,132417502,132539032,1,1,0,0.92,93,1,76,4,0.0,145.0,0.0,1,0,51.887945901639355
ENSG00000240303,ACAD11,chr3,132558138,132660104,-1,1,0,0.79,83,4,67,4,0.0,93.0,0.0,1,0,47.12012524271845
ENSG00000274810,NPHP3-ACAD11,chr3,132558142,132722459,-1,3,0,0.9567,122,7,96,5,0.0,171.0,0.0,2,0,45.82069393939394
ENSG00000129048,ACKR4,chr3,132597270,132618967,1,0,40747,,14,1,10,0,0.0,179.0,0.0,0,0,47.17306521739131
ENSG00000081307,UBA5,chr3,132654446,132679794,1,2,0,0.88,25,3,20,0,0.0,87.0,0.0,1,0,44.382333333333335
ENSG00000113971,NPHP3,chr3,132680609,132722432,-1,1,0,1.11,26,3,18,1,0.0,277.0,0.0,1,0,43.38572857142857
ENSG00000144868,TMEM108,chr3,133038322,133397775,1,1,0,0.78,298,4,248,18,0.0,42.0,0.0,0,0,57.5958515235457
ENSG00000170819,BFSP2,chr3,133400056,133475222,1,0,98137,,91,1,87,0,0.0,123.0,0.0,3,0,62.5407855263158
ENSG00000091527,CDV3,chr3,133573686,133590261,1,1,0,1.07,27,3,24,0,0.0,41.0,0.0,1,0,63.916170588235296
ENSG00000163781,TOPBP1,chr3,133598175,133662380,-1,1,0,0.84,38,2,27,1,0.0,104.0,0.0,1,0,63.36037846153847
ENSG00000091513,TF,chr3,133746040,133796641,1,2,0,0.78,57,2,23,4,0.0,2029.0,0.0,0,0,59.14813269230769
ENSG00000144867,SRPRB,chr3,133784023,133825772,1,2,0,0.74,36,3,18,5,0.0,70.0,0.0,1,0,57.91849767441861
ENSG00000154917,RAB6B,chr3,133824235,133895882,-1,1,0,0.87,93,2,80,4,0.0,92.0,0.0,0,0,56.743127397260274
ENSG00000174640,SLCO2A1,chr3,133932699,134052184,-1,2,0,0.905,142,2,118,3,0.0,198.0,0.0,0,0,54.874073333333335
ENSG00000163785,RYK,chr3,134065303,134250929,-1,1,0,1.13,169,2,144,7,0.0,238.0,0.0,2,0,52.06038449197861
ENSG00000114019,AMOTL2,chr3,134355347,134375479,-1,3,0,0.8833,56,4,52,0,0.0,143.0,0.0,0,0,44.12897619047619
ENSG00000129055,ANAPC13,chr3,134477704,134486716,-1,1,0,0.86,15,4,11,0,0.0,49.0,0.0,1,0,39.995889999999996
ENSG00000182923,CEP63,chr3,134485699,134587789,1,1,0,0.86,61,4,41,3,0.0,165.0,0.0,1,0,38.51319417475729
ENSG00000174611,KY,chr3,134599923,134651636,-1,1,0,0.95,64,2,52,3,0.0,264.0,0.0,0,0,37.38194716981132
ENSG00000154928,EPHB1,chr3,134795260,135260467,1,1,0,0.83,420,4,325,20,0.0,400.0,0.0,0,0,37.326724411134904
ENSG00000073711,PPP2R3A,chr3,135965655,136147894,1,1,0,0.84,137,2,108,4,0.0,129.0,0.0,0,0,65.07288415300548
ENSG00000174579,MSL2,chr3,136148917,136197241,-1,1,0,0.93,63,2,58,0,0.0,103.0,0.0,1,0,63.653479591836735
ENSG00000114054,PCCB,chr3,136250314,136337896,1,1,0,1.02,59,1,41,6,0.0,150.0,0.0,1,0,66.76595168539325
ENSG00000118007,STAG1,chr3,136336234,136752432,-1,1,0,1.05,273,2,196,16,0.0,377.0,0.0,2,0,68.03450167865708
ENSG00000168917,SLC35G2,chr3,136818463,136857531,1,1,0,0.85,39,1,30,0,0.0,108.0,0.0,0,0,56.91196097560976
ENSG00000158092,NCK1,chr3,136862177,136951606,1,1,0,0.86,82,4,72,0,0.0,184.0,0.0,8,0,53.26218571428571
ENSG00000174564,IL20RB,chr3,136946230,137011085,1,0,21414,,63,1,51,2,0.0,198.0,0.0,0,0,47.96669090909091
ENSG00000168875,SOX14,chr3,137764315,137766334,1,1,0,0.7,6,1,5,0,0.0,79.0,0.0,0,0,66.50696666666667
ENSG00000066405,CLDN18,chr3,137998735,138033655,1,1,0,0.73,35,3,31,0,0.0,297.0,0.0,0,0,67.12266944444444
ENSG00000158163,DZIP1L,chr3,138061987,138115839,-1,1,0,0.87,53,3,41,6,0.0,164.0,0.0,0,0,66.83922363636361
ENSG00000118017,A4GNT,chr3,138122901,138132390,-1,0,7151,,8,2,4,0,0.0,56.0,0.0,0,0,66.96365
ENSG00000138231,DBR1,chr3,138160988,138174949,-1,1,0,0.91,13,1,10,0,0.0,99.0,0.0,1,0,66.69019333333333
ENSG00000114098,ARMC8,chr3,138187248,138298384,1,1,0,0.82,97,2,85,3,0.0,68.0,0.0,2,0,66.26023839285715
ENSG00000181322,NME9,chr3,138261437,138331354,-1,1,0,0.9,59,1,49,2,0.0,48.0,0.0,2,0,67.0132014084507
ENSG00000158186,MRAS,chr3,138347648,138405534,1,1,0,0.99,82,5,75,0,0.0,110.0,0.0,0,0,71.20103728813558
ENSG00000158220,ESYT3,chr3,138434586,138481686,1,2,0,0.86,75,1,52,7,0.0,85.0,0.0,0,0,76.94952708333334
ENSG00000114107,CEP70,chr3,138494339,138594538,-1,1,0,0.88,61,1,34,4,0.0,249.0,0.0,1,0,78.78650882352942
ENSG00000158234,FAIM,chr3,138608550,138633376,1,1,0,1.07,23,2,15,0,0.0,98.0,0.0,1,0,77.367156
ENSG00000051382,PIK3CB,chr3,138652336,138834957,-1,1,0,0.94,165,2,139,10,2.0,2353.0,1.0,3,0,74.30494239130435
ENSG00000183770,FOXL2,chr3,138944224,138947137,-1,1,0,0.98,10,1,9,0,6.0,321.0,1.0,0,0,69.321375
ENSG00000206262,FOXL2NB,chr3,138947217,138953990,1,2,0,0.92,13,1,12,0,0.0,14.0,0.0,0,0,69.33654999999999
ENSG00000206260,PRR23A,chr3,139003962,139006268,-1,1,0,0.83,3,1,1,0,0.0,12.0,0.0,0,0,69.29243333333334
ENSG00000175110,MRPS22,chr3,139005806,139360497,1,4,0,0.8925,304,7,225,12,0.0,75.0,0.0,1,0,63.78104591549296
ENSG00000184814,PRR23B,chr3,139019031,139020926,-1,1,0,0.84,5,1,0,0,0.0,6.0,0.0,0,0,69.10029999999999
ENSG00000233701,PRR23C,chr3,139042102,139044892,-1,1,0,0.85,4,1,2,0,0.0,12.0,0.0,0,0,68.5712
ENSG00000184432,COPB2,chr3,139353942,139389736,-1,1,0,0.81,28,2,20,0,0.0,138.0,0.0,1,0,53.54729189189189
ENSG00000114113,RBP2,chr3,139452884,139480767,-1,0,58103,,40,1,37,0,0.0,127.0,0.0,0,0,46.04274482758621
ENSG00000114115,RBP1,chr3,139517434,139539829,-1,2,0,0.94,38,1,36,0,0.0,253.0,0.0,0,0,44.78051250000001
ENSG00000163864,NMNAT3,chr3,139558709,139678017,-1,1,0,0.8,97,2,72,7,0.0,314.0,0.0,1,0,43.80820666666667
ENSG00000158258,CLSTN2,chr3,139935185,140577397,1,1,0,0.73,523,1,343,49,0.0,133.0,0.0,0,0,40.72282251552795
ENSG00000155890,TRIM42,chr3,140678064,140701150,1,1,0,0.83,18,0,8,4,0.0,18.0,0.0,0,0,58.321287500000004
ENSG00000114120,SLC25A36,chr3,140941801,140980995,1,1,0,0.9,34,2,26,1,0.0,41.0,0.0,1,0,73.27489
ENSG00000175093,SPSB4,chr3,141050744,141148613,1,3,0,0.85,126,2,120,0,0.0,41.0,0.0,0,0,76.71801313131313
ENSG00000155893,PXYLP1,chr3,141228726,141367753,1,2,0,0.905,216,4,200,2,0.0,57.0,0.0,7,0,72.27216214285716
ENSG00000177311,ZBTB38,chr3,141324154,141449792,1,1,0,0.99,228,5,217,1,0.0,116.0,0.0,5,0,69.89804488188976
ENSG00000155903,RASA2,chr3,141486967,141615345,1,1,0,0.96,99,2,90,2,0.0,207.0,0.0,6,0,72.48546201550387
ENSG00000114125,RNF7,chr3,141738249,141747560,1,1,0,0.86,14,2,12,0,0.0,76.0,0.0,1,0,73.2862090909091
ENSG00000285558,,chr3,141738474,141807919,1,3,0,0.7567,69,2,40,8,0.0,0.0,0.0,2,0,72.80653802816902
ENSG00000114124,GRK7,chr3,141763408,141819352,1,2,0,0.705,60,1,28,6,0.0,21.0,0.0,1,0,72.46425087719298
ENSG00000069849,ATP1B3,chr3,141876124,141926549,1,1,0,0.99,46,2,33,1,0.0,147.0,0.0,1,0,69.100325
ENSG00000114126,TFDP2,chr3,141944428,142149544,-1,1,0,0.92,189,3,172,2,0.0,120.0,0.0,2,0,67.23026376811595
ENSG00000175066,GK5,chr3,142157527,142225592,-1,1,0,0.91,41,1,33,1,0.0,136.0,0.0,1,0,63.40592318840579
ENSG00000114127,XRN1,chr3,142306607,142448087,-1,1,0,0.87,76,1,49,3,0.0,90.0,0.0,1,0,61.598873239436614
ENSG00000175054,ATR,chr3,142449007,142578781,-1,1,0,0.8,70,2,37,7,4.0,723.0,1.0,3,0,62.711948091603055
ENSG00000120756,PLS1,chr3,142595644,142713869,1,1,0,0.91,89,2,58,5,0.0,104.0,0.0,1,0,66.91974453781512
ENSG00000144935,TRPC1,chr3,142724034,142807888,1,1,0,0.84,43,1,19,5,0.0,329.0,0.0,1,0,67.99474235294117
ENSG00000163710,PCOLCE2,chr3,142815922,142889206,-1,1,0,0.83,64,2,44,6,0.0,115.0,0.0,0,0,68.59529594594594
ENSG00000188582,PAQR9,chr3,142949164,142964022,-1,1,0,1.05,16,1,8,1,0.0,41.0,0.0,0,0,67.85286249999999
ENSG00000163714,U2SURP,chr3,142964497,143060725,1,1,0,0.97,89,3,61,4,0.0,71.0,0.0,1,0,65.87022040816328
ENSG00000175040,CHST2,chr3,143119771,143124014,1,1,0,0.93,14,3,11,0,0.0,86.0,0.0,1,0,58.70588
ENSG00000181804,SLC9A9,chr3,143265222,143848485,-1,0,122406,,534,1,392,44,0.0,124.0,0.0,3,0,38.83065462328767
ENSG00000181744,DIPK2A,chr3,143971823,144048719,1,1,0,0.9,75,5,58,2,0.0,71.0,0.0,1,0,27.014065384615385
ENSG00000152952,PLOD2,chr3,146035139,146163725,-1,1,0,0.88,136,2,108,4,0.0,266.0,0.0,0,0,39.234993076923075
ENSG00000114698,PLSCR4,chr3,146192335,146251179,-1,1,0,1.01,65,2,48,3,0.0,182.0,0.0,0,0,39.77704833333333
ENSG00000163746,PLSCR2,chr3,146391421,146495991,-1,1,0,0.68,62,3,38,2,0.0,37.0,0.0,1,0,31.76043773584906
ENSG00000188313,PLSCR1,chr3,146511858,146544862,-1,1,0,0.87,36,1,32,0,0.0,249.0,0.0,1,0,25.133879411764703
ENSG00000231213,PLSCR5,chr3,146576555,146605346,-1,0,31837,,21,1,9,7,0.0,28.0,0.0,0,0,22.290337931034486
ENSG00000174963,ZIC4,chr3,147386046,147406809,-1,3,0,0.75,52,4,48,0,0.0,207.0,0.0,0,0,17.778377272727276
ENSG00000152977,ZIC1,chr3,147393422,147510293,1,9,0,0.8667,143,4,113,7,0.0,343.0,0.0,0,0,16.790062711864408
ENSG00000144891,AGTR1,chr3,148697784,148743045,1,1,0,0.94,45,1,41,2,0.0,1171.0,0.0,0,0,43.939491304347825
ENSG00000153002,CPB1,chr3,148791102,148860187,1,0,92957,,73,2,56,2,0.0,224.0,0.0,0,0,48.224079999999994
ENSG00000163751,CPA3,chr3,148865296,148897203,1,0,94086,,27,1,20,0,0.0,170.0,0.0,0,0,47.34967575757576
ENSG00000163754,GYG1,chr3,148991408,149031775,1,1,0,0.94,46,1,45,0,0.0,136.0,0.0,2,0,42.89870952380952
ENSG00000071794,HLTF,chr3,149030122,149086554,-1,1,0,0.89,37,2,23,1,0.0,145.0,0.0,1,0,42.4799396551724
ENSG00000163755,HPS3,chr3,149129618,149173732,1,1,0,0.92,34,1,31,1,0.0,184.0,0.0,1,0,40.974808888888894
ENSG00000047457,CP,chr3,149162410,149221998,-1,0,32229,,59,1,53,2,0.0,1545.0,0.0,0,0,40.03129672131147
ENSG00000163762,TM4SF18,chr3,149318498,149334414,-1,0,188317,,19,2,16,0,0.0,51.0,0.0,0,0,41.72901176470589
ENSG00000169908,TM4SF1,chr3,149369022,149377692,-1,0,238841,,19,1,18,0,0.0,142.0,0.0,0,0,43.463029999999996
ENSG00000169903,TM4SF4,chr3,149474697,149503394,1,0,153528,,37,1,35,0,0.0,68.0,0.0,0,0,43.644103448275864
ENSG00000018408,WWTR1,chr3,149517235,149736714,-1,1,0,0.8,255,4,228,3,9.0,809.0,1.0,1,0,44.61066244343891
ENSG00000114744,COMMD2,chr3,149734667,149752495,-1,1,0,1.0,11,1,9,0,0.0,38.0,0.0,1,0,47.45517777777778
ENSG00000206199,ANKUB1,chr3,149761100,149968385,-1,1,0,0.79,157,4,109,10,0.0,18.0,0.0,1,0,58.01263701923077
ENSG00000082996,RNF13,chr3,149809445,149962153,1,1,0,0.79,108,2,76,5,0.0,113.0,0.0,1,0,60.089159740259745
ENSG00000070087,PFN2,chr3,149964904,150050788,-1,3,0,1.05,72,7,49,3,0.0,130.0,0.0,1,0,67.19730568181818
ENSG00000196428,TSC22D2,chr3,150408298,150466422,1,1,0,0.88,74,1,66,1,0.0,86.0,0.0,1,0,65.06570677966103
ENSG00000120742,SERP1,chr3,150541998,150603228,-1,2,0,0.965,51,3,43,1,0.0,131.0,0.0,3,0,61.74131774193548
ENSG00000144895,EIF2A,chr3,150546678,150586016,1,1,0,1.05,26,1,22,0,0.0,545.0,0.0,2,0,62.026677500000005
ENSG00000198843,SELENOT,chr3,150602875,150630436,1,2,0,0.84,31,3,24,0,0.0,59.0,0.0,1,0,59.51848928571429
ENSG00000163645,ERICH6,chr3,150659885,150703971,-1,1,0,0.98,28,1,16,2,0.0,25.0,0.0,1,0,54.981315555555554
ENSG00000181788,SIAH2,chr3,150741125,150763477,-1,1,0,0.94,47,3,43,0,0.0,140.0,0.0,1,0,50.99887826086956
ENSG00000214237,MINDY4B,chr3,150870376,150905439,-1,0,90731,,30,1,29,0,0.0,12.0,0.0,0,0,47.211291666666675
ENSG00000260234,,chr3,150882997,150941743,-1,0,103352,,48,1,35,3,0.0,0.0,0.0,0,0,46.381105
ENSG00000163646,CLRN1,chr3,150926163,150972727,-1,0,112482,,36,2,16,6,0.0,152.0,0.0,0,0,45.36874791666667
ENSG00000144893,MED12L,chr3,151085286,151437072,1,1,0,0.85,358,9,307,22,0.0,94.0,0.0,6,0,44.42678781869689
ENSG00000174946,GPR171,chr3,151197832,151203216,-1,0,110451,,12,1,10,0,0.0,68.0,0.0,1,0,42.876916666666666
ENSG00000174944,P2RY14,chr3,151212115,151278811,-1,0,124734,,71,2,64,3,0.0,173.0,0.0,1,0,43.597602941176476
ENSG00000138271,GPR87,chr3,151294086,151316820,-1,0,206705,,27,1,22,1,0.0,123.0,0.0,0,0,44.61997083333333
ENSG00000181631,P2RY13,chr3,151326312,151329549,-1,0,238931,,6,1,5,0,0.0,170.0,0.0,0,0,44.89908
ENSG00000169313,P2RY12,chr3,151336843,151384753,-1,0,249462,,41,1,40,0,0.0,431.0,0.0,0,0,45.41378979591836
ENSG00000152580,IGSF10,chr3,151425384,151461186,-1,0,338003,,35,1,27,3,0.0,102.0,0.0,0,0,48.84793783783784
ENSG00000197953,AADACL2,chr3,151733916,151761339,1,0,507199,,14,1,3,3,0.0,24.0,0.0,0,0,68.0821
ENSG00000114771,AADAC,chr3,151813931,151828917,1,0,439621,,12,1,9,1,0.0,99.0,0.0,0,0,75.02670625
ENSG00000198829,SUCNR1,chr3,151873643,151884619,1,0,383919,,21,1,20,0,0.0,274.0,0.0,0,0,79.29270833333334
ENSG00000152601,MBNL1,chr3,152243828,152465781,1,1,0,0.94,314,9,296,0,0.0,312.0,0.0,19,0,57.225124215246645
ENSG00000169860,P2RY1,chr3,152835131,152841439,1,1,0,0.9,11,1,9,0,0.0,480.0,0.0,0,0,62.002314285714284
ENSG00000181467,RAP2B,chr3,153162226,153170627,1,1,0,0.88,17,1,16,0,0.0,94.0,0.0,2,0,49.06112
ENSG00000114790,ARHGEF26,chr3,154121003,154257827,1,1,0,0.84,127,2,107,2,0.0,123.0,0.0,0,0,32.20982463768116
ENSG00000174953,DHX36,chr3,154272546,154324487,-1,0,104071,,36,2,25,4,0.0,118.0,0.0,1,0,33.635759615384615
ENSG00000174948,GPR149,chr3,154334943,154430190,-1,1,0,0.8,45,1,27,4,0.0,141.0,0.0,0,0,37.60733020833333
ENSG00000196549,MME,chr3,155024124,155183803,1,1,0,0.79,147,7,120,7,0.0,1115.0,0.0,0,0,58.720455900621126
ENSG00000240045,STRIT1,chr3,155290227,155293683,-1,0,210028,,3,1,2,0,0.0,35.0,0.0,0,0,62.529920000000004
ENSG00000114805,PLCH1,chr3,155375580,155745085,-1,1,0,0.82,278,4,197,11,0.0,69.0,0.0,1,0,72.65751405405406
ENSG00000174928,C3orf33,chr3,155762612,155806288,-1,1,0,0.91,27,1,14,4,0.0,53.0,0.0,1,0,67.28120909090909
ENSG00000284952,,chr3,155763043,155854442,-1,1,0,0.91,55,2,33,7,0.0,0.0,0.0,2,0,65.07379782608696
ENSG00000169359,SLC33A1,chr3,155821024,155854456,-1,0,113,,21,1,15,2,0.0,496.0,0.0,1,0,62.454297058823535
ENSG00000163655,GMPS,chr3,155870591,155944020,1,1,0,0.86,56,1,42,1,0.0,195.0,0.0,2,0,58.188868918918914
ENSG00000169282,KCNAB1,chr3,156037701,156538756,1,1,0,0.81,461,5,339,31,0.0,149.0,0.0,2,0,61.395437848605575
ENSG00000114850,SSR3,chr3,156539553,156559474,-1,1,0,0.91,35,4,30,0,0.0,54.0,0.0,1,0,62.61913
ENSG00000163659,TIPARP,chr3,156673235,156706770,1,1,0,0.99,54,5,49,0,0.0,331.0,0.0,1,0,64.19503999999999
ENSG00000197980,LEKR1,chr3,156825481,157046129,1,1,0,0.91,138,1,92,12,0.0,51.0,0.0,1,0,68.52141666666667
ENSG00000163660,CCNL1,chr3,157146508,157160760,-1,1,0,1.05,33,3,30,0,0.0,101.0,0.0,1,0,57.18795999999999
ENSG00000197415,VEPH1,chr3,157259742,157533619,-1,1,0,0.94,255,4,203,8,0.0,83.0,0.0,0,0,45.25489127272728
ENSG00000163661,PTX3,chr3,157436850,157443633,1,1,0,0.94,18,1,17,0,0.0,962.0,0.0,0,0,44.2245125
ENSG00000168779,SHOX2,chr3,158095905,158106420,-1,3,0,0.9567,32,3,29,0,0.0,330.0,0.0,0,0,54.03268181818181
ENSG00000174891,RSRC1,chr3,158105675,158545734,1,2,0,0.965,246,5,126,30,0.0,75.0,0.0,1,0,61.68553401360545
ENSG00000178053,MLF1,chr3,158571163,158607252,1,1,0,1.04,23,3,12,2,0.0,196.0,0.0,1,0,56.997513513513525
ENSG00000168827,GFM1,chr3,158644516,158695836,1,1,0,1.04,39,3,30,1,0.0,181.0,0.0,3,0,52.83758269230769
ENSG00000079257,LXN,chr3,158645822,158672648,-1,0,1133,,22,1,20,0,0.0,141.0,0.0,1,0,53.40788571428572
ENSG00000118849,RARRES1,chr3,158696892,158732798,-1,1,0,0.94,46,2,43,1,0.0,256.0,0.0,2,0,50.453991891891896
ENSG00000118855,MFSD1,chr3,158732198,158829719,1,2,0,0.885,113,3,95,3,0.0,183.0,0.0,1,0,46.53230707070707
ENSG00000283154,IQCJ-SCHIP1,chr3,158962235,159897358,1,1,0,0.84,697,8,482,56,0.0,16.0,0.0,0,0,37.610358653846156
ENSG00000214216,IQCJ,chr3,158962928,159266307,1,0,160388,,218,1,144,23,0.0,106.0,0.0,0,0,35.975396052631574
ENSG00000151967,SCHIP1,chr3,159273244,159897629,1,1,0,0.84,473,7,338,29,0.0,91.0,0.0,0,0,38.507189936102236
ENSG00000168811,IL12A,chr3,159988835,159996019,1,1,0,0.95,12,2,8,0,0.0,472.0,0.0,1,0,59.953925
ENSG00000180044,C3orf80,chr3,160225422,160228213,1,1,0,0.96,7,1,6,0,0.0,38.0,0.0,0,0,66.976825
ENSG00000248710,TRIM59-IFT80,chr3,160227454,160449829,-1,2,0,0.88,165,7,113,9,0.0,2.0,0.0,2,0,55.1780875
ENSG00000068885,IFT80,chr3,160256986,160400357,-1,1,0,0.98,91,4,62,7,0.0,234.0,0.0,1,0,56.73665555555556
ENSG00000113810,SMC4,chr3,160399274,160434965,1,1,0,0.98,37,5,27,0,0.0,159.0,0.0,1,0,44.56137297297297
ENSG00000213186,TRIM59,chr3,160432445,160485773,-1,1,0,0.78,64,3,50,0,0.0,184.0,0.0,1,0,41.63242545454546
ENSG00000186432,KPNA4,chr3,160495007,160565587,-1,1,0,0.92,45,2,27,4,0.0,220.0,0.0,2,0,39.526336111111114
ENSG00000179674,ARL14,chr3,160677160,160678448,1,0,76074,,5,1,4,0,0.0,50.0,0.0,0,0,32.29795
ENSG00000163590,PPM1L,chr3,160755602,161078902,1,1,0,0.91,252,4,187,20,0.0,103.0,0.0,1,0,31.43623734567901
ENSG00000169255,B3GALNT1,chr3,161083612,161105445,-1,1,0,0.95,25,4,13,2,0.0,326.0,0.0,0,0,29.7864090909091
ENSG00000169251,NMD3,chr3,161104681,161253532,1,3,0,0.8833,98,8,53,10,0.0,110.0,0.0,1,0,26.632085333333336
ENSG00000196542,SPTSSB,chr3,161344798,161372880,-1,1,0,0.74,36,3,31,0,0.0,114.0,0.0,0,0,15.553000000000003
ENSG00000182447,OTOL1,chr3,161496808,161503942,1,0,123947,,5,0,4,1,0.0,54.0,0.0,0,0,14.320225
ENSG00000090402,SI,chr3,164978898,165078496,-1,0,974391,,14,1,4,4,0.0,193.0,0.0,0,0,16.60968514851485
ENSG00000121871,SLITRK3,chr3,165186325,165197109,-1,0,1181818,,21,3,18,0,0.0,52.0,0.0,0,0,14.223300000000002
ENSG00000114200,BCHE,chr3,165772904,165837462,-1,0,1542677,,39,1,22,7,0.0,977.0,0.0,0,0,28.97862
ENSG00000169064,ZBBX,chr3,167239843,167407874,-1,1,0,0.82,62,1,30,10,0.0,46.0,0.0,0,0,35.77187573964497
ENSG00000114204,SERPINI2,chr3,167441914,167478972,-1,0,61504,,20,1,11,0,0.0,125.0,0.0,0,0,42.805189473684216
ENSG00000174776,WDR49,chr3,167477789,167653983,-1,0,80605,,95,3,49,7,0.0,59.0,0.0,0,0,50.02826553672317
ENSG00000114209,PDCD10,chr3,167683298,167735039,-1,1,0,0.83,40,3,30,1,0.0,170.0,0.0,1,0,56.94957358490566
ENSG00000163536,SERPINI1,chr3,167735068,167825573,1,0,26,,72,4,48,7,0.0,144.0,0.0,1,0,59.33798586956522
ENSG00000173905,GOLIM4,chr3,168008672,168096536,-1,1,0,0.85,105,4,94,1,0.0,76.0,0.0,0,0,50.162494382022466
ENSG00000085276,MECOM,chr3,169083499,169663775,-1,3,0,0.9467,542,5,419,28,0.0,680.0,0.0,0,0,53.147432013769354
ENSG00000184378,ACTRT3,chr3,169765610,169769665,-1,1,0,0.94,9,1,8,0,0.0,74.0,0.0,2,0,63.21354
ENSG00000085274,MYNN,chr3,169773377,169789716,1,1,0,0.8,11,2,7,0,0.0,90.0,0.0,1,0,63.53937777777779
ENSG00000171757,LRRC34,chr3,169793003,169812986,-1,1,0,0.81,12,2,6,0,0.0,94.0,0.0,1,0,64.08342857142858
ENSG00000188306,LRRIQ4,chr3,169812870,169837773,1,0,223,,31,1,22,2,0.0,40.0,0.0,1,0,64.65617692307693
ENSG00000114248,LRRC31,chr3,169837917,169870000,-1,0,25270,,27,2,14,0,0.0,59.0,0.0,0,0,65.39367575757576
ENSG00000187033,SAMD7,chr3,169911572,169939175,1,0,27431,,23,1,16,3,0.0,54.0,0.0,0,0,67.40493928571429
ENSG00000008952,SEC62,chr3,169966635,169998373,1,1,0,0.88,34,1,31,0,0.0,189.0,0.0,1,0,68.36091875
ENSG00000173890,GPR160,chr3,170037451,170089944,1,1,0,0.8,67,3,60,1,0.0,75.0,0.0,1,0,66.8875074074074
ENSG00000173889,PHC3,chr3,170086732,170181768,-1,1,0,0.77,68,1,58,2,0.0,92.0,0.0,3,0,65.09217604166666
ENSG00000163558,PRKCI,chr3,170222124,170305978,1,1,0,0.81,62,2,47,3,0.0,201.0,0.0,2,0,64.17662823529413
ENSG00000136603,SKIL,chr3,170357287,170396835,1,1,0,1.06,28,3,21,1,0.0,205.0,0.0,1,0,65.23703170731707
ENSG00000013297,CLDN11,chr3,170418865,170454733,1,1,0,0.84,45,3,40,0,0.0,246.0,0.0,0,0,67.36049729729729
ENSG00000285218,,chr3,170418868,170860380,1,3,0,0.85,457,8,361,14,0.0,0.0,0.0,0,0,65.0123036199095
ENSG00000013293,SLC7A14,chr3,170459548,170586075,-1,1,0,0.86,125,3,95,7,0.0,126.0,0.0,0,0,68.19327637795277
ENSG00000163584,RPL22L1,chr3,170864875,170870402,-1,1,0,1.15,17,1,16,0,0.0,92.0,0.0,1,0,62.77418333333333
ENSG00000163577,EIF5A2,chr3,170888418,170908644,-1,1,0,0.81,15,1,5,1,0.0,148.0,0.0,1,0,62.64963181818182
ENSG00000163581,SLC2A2,chr3,170995125,171026775,-1,0,1508,,36,1,34,0,0.0,319.0,0.0,0,0,66.3387515151515
ENSG00000154310,TNIK,chr3,171058414,171460408,-1,1,0,0.8,482,4,436,11,0.0,204.0,0.0,6,0,71.63769255583128
ENSG00000075651,PLD1,chr3,171600404,171810950,-1,1,0,0.84,241,2,202,6,0.0,280.0,0.0,1,0,74.08192311320755
ENSG00000186329,TMEM212,chr3,171843349,171938715,1,0,32681,,99,1,72,6,0.0,51.0,0.0,0,0,67.11052474226804
ENSG00000075420,FNDC3B,chr3,172039547,172405418,1,1,0,0.83,510,3,466,7,0.0,169.0,0.0,4,0,57.146978415300545
ENSG00000121853,GHSR,chr3,172443291,172448456,-1,1,0,0.83,8,1,3,0,0.0,360.0,0.0,0,0,54.03625
ENSG00000121858,TNFSF10,chr3,172505508,172523476,-1,0,55432,,26,3,23,0,0.0,995.0,0.0,6,0,54.68653333333334
ENSG00000144959,NCEH1,chr3,172630249,172711218,-1,1,0,0.83,103,2,96,3,0.0,103.0,0.0,1,0,54.9938731707317
ENSG00000114346,ECT2,chr3,172750682,172821474,1,1,0,0.91,50,1,28,6,0.0,242.0,0.0,1,0,51.14499295774648
ENSG00000144962,SPATA16,chr3,172889357,173141235,-1,0,138302,,172,0,81,22,0.0,210.0,0.0,0,0,34.92677588932806
ENSG00000169760,NLGN1,chr3,173396284,174294372,1,1,0,0.97,635,6,351,68,0.0,191.0,0.0,0,0,17.75468320355951
ENSG00000177694,NAALADL2,chr3,174438573,175810548,1,1,0,1.12,865,5,508,78,0.0,93.0,0.0,0,0,13.545418813682677
ENSG00000177565,TBL1XR1,chr3,177019340,177228000,-1,1,0,0.99,245,2,224,5,3.0,336.0,1.0,6,0,69.08281000000001
ENSG00000197584,KCNMB2,chr3,178272932,178844429,1,0,227088,,476,6,339,31,0.0,100.0,0.0,0,0,52.840882342657345
ENSG00000275163,,chr3,178419123,178843300,1,0,228217,,340,4,243,24,0.0,0.0,0.0,0,0,56.880072941176465
ENSG00000172667,ZMAT3,chr3,178960121,179072323,-1,1,0,1.05,85,2,62,3,0.0,105.0,0.0,2,0,74.08115486725664
ENSG00000121879,PIK3CA,chr3,179148114,179240093,1,1,0,1.05,68,3,54,3,4.0,2348.0,1.0,1,0,67.17472043010754
ENSG00000171121,KCNMB3,chr3,179236691,179267002,-1,1,0,0.95,27,5,13,0,0.0,40.0,0.0,2,0,65.72712903225805
ENSG00000121864,ZNF639,chr3,179323031,179338583,1,1,0,0.95,18,3,10,1,0.0,36.0,0.0,1,0,64.26287058823529
ENSG00000171109,MFN1,chr3,179346952,179394940,1,1,0,0.97,27,2,16,0,0.0,244.0,0.0,1,0,62.48624489795918
ENSG00000114450,GNB4,chr3,179396088,179451647,-1,1,0,1.08,50,2,37,2,0.0,107.0,0.0,0,0,59.29462280701755
ENSG00000136518,ACTL6A,chr3,179562886,179588407,1,1,0,0.75,13,1,9,0,0.0,171.0,0.0,1,0,51.757200000000005
ENSG00000136522,MRPL47,chr3,179582420,179604659,-1,1,0,0.88,14,1,9,0,0.0,61.0,0.0,1,0,50.97330833333333
ENSG00000136521,NDUFB5,chr3,179604690,179627647,1,1,0,0.88,17,1,15,0,0.0,189.0,0.0,2,0,49.83176666666666
ENSG00000288698,,chr3,179604807,179784179,1,2,0,0.955,168,4,142,2,0.0,0.0,0.0,4,0,44.41164277777778
ENSG00000058056,USP13,chr3,179653004,179804366,1,1,0,1.03,148,2,128,1,0.0,219.0,0.0,2,0,41.89675394736842
ENSG00000114757,PEX5L,chr3,179794958,180037053,-1,1,0,1.07,204,4,163,14,0.0,65.0,0.0,0,0,31.997734426229506
ENSG00000163728,TTC14,chr3,180602163,180617828,1,1,0,0.9,12,1,9,0,0.0,42.0,0.0,1,0,36.18511176470588
ENSG00000284862,CCDC39,chr3,180602858,180684942,-1,1,0,0.82,34,3,25,1,0.0,221.0,0.0,1,0,35.99563373493976
ENSG00000114416,FXR1,chr3,180868141,180982753,1,1,0,0.82,75,3,59,3,0.0,179.0,0.0,1,0,28.3877896551724
ENSG00000205981,DNAJC19,chr3,180983635,180989774,-1,1,0,0.82,6,2,4,0,0.0,104.0,0.0,1,0,26.82174285714286
ENSG00000181449,SOX2,chr3,181711925,181714436,1,1,0,0.91,10,2,8,0,10.0,1274.0,1.0,0,0,33.7345
ENSG00000058063,ATP11B,chr3,182793472,182923011,1,1,0,0.93,90,1,75,2,0.0,108.0,0.0,2,0,71.2684145038168
ENSG00000043093,DCUN1D1,chr3,182938074,182985953,-1,1,0,1.06,54,1,48,2,0.0,211.0,0.0,3,0,67.95485306122448
ENSG00000078070,MCCC1,chr3,183015218,183116075,-1,2,0,0.8,90,2,53,9,0.0,108.0,0.0,1,0,68.34476568627451
ENSG00000078081,LAMP3,chr3,183122200,183163839,-1,1,0,0.91,49,1,45,1,0.0,285.0,0.0,1,0,70.40530232558139
ENSG00000053524,MCF2L2,chr3,183178041,183428778,-1,3,0,0.8633,291,7,247,9,0.0,51.0,0.0,4,0,69.09692738095238
ENSG00000176597,B3GNT5,chr3,183249324,183298504,1,1,0,0.95,78,4,74,0,0.0,196.0,0.0,1,0,69.1108431372549
ENSG00000172578,KLHL6,chr3,183487551,183555706,-1,1,0,0.89,100,2,92,0,0.0,174.0,0.0,2,0,67.12763478260868
ENSG00000114796,KLHL24,chr3,183635602,183684519,1,1,0,0.87,36,1,28,3,0.0,78.0,0.0,1,0,69.73953
ENSG00000163872,YEATS2,chr3,183697748,183812805,1,1,0,0.93,105,1,99,1,0.0,118.0,0.0,1,0,69.4026025862069
ENSG00000283765,,chr3,183815568,183884889,-1,2,0,0.945,83,2,71,3,0.0,0.0,0.0,2,0,71.34401000000001
ENSG00000180834,MAP6D1,chr3,183815884,183825594,-1,1,0,0.94,26,1,25,0,0.0,20.0,0.0,1,0,69.93816363636364
ENSG00000175193,PARL,chr3,183829271,183884933,-1,1,0,0.95,50,1,39,3,0.0,135.0,0.0,1,0,71.65607192982456
ENSG00000114770,ABCC5,chr3,183919934,184017939,-1,1,0,0.78,102,3,89,3,0.0,188.0,0.0,1,0,75.92835454545455
ENSG00000186090,HTR3D,chr3,184031544,184039369,1,0,13229,,6,0,2,2,0.0,47.0,0.0,0,0,75.7630375
ENSG00000178084,HTR3C,chr3,184053047,184060673,1,0,34732,,3,0,0,0,0.0,50.0,0.0,0,0,75.38246666666666
ENSG00000186038,HTR3E,chr3,184097064,184106995,1,0,27995,,10,2,2,1,0.0,46.0,0.0,0,0,74.35913636363635
ENSG00000145191,EIF2B5,chr3,184135038,184146127,1,1,0,0.89,15,1,13,1,0.0,229.0,0.0,1,0,73.12957499999999
ENSG00000161202,DVL3,chr3,184155159,184173614,1,1,0,0.67,41,2,34,0,0.0,188.0,0.0,1,0,72.14955
ENSG00000161203,AP2M1,chr3,184174689,184184214,1,1,0,0.83,18,3,14,0,0.0,114.0,0.0,1,0,71.46232
ENSG00000161204,ABCF3,chr3,184186095,184194013,1,1,0,0.79,12,2,9,0,0.0,35.0,0.0,1,0,70.94713333333334
ENSG00000145198,VWA5B2,chr3,184228996,184242342,1,2,0,0.735,31,5,26,0,0.0,29.0,0.0,0,0,68.51085714285713
ENSG00000214160,ALG3,chr3,184242301,184249548,-1,2,0,0.885,8,2,5,0,0.0,139.0,0.0,1,0,67.92546666666667
ENSG00000284753,EEF1AKMT4,chr3,184249609,184258759,1,1,0,0.86,18,1,14,0,0.0,20.0,0.0,1,0,67.45094000000002
ENSG00000284917,EEF1AKMT4-ECE2,chr3,184249695,184293031,1,3,0,0.8267,54,4,38,2,0.0,0.0,0.0,1,0,66.50930227272728
ENSG00000163888,CAMK2N2,chr3,184259213,184261553,-1,1,0,0.9,10,2,8,0,0.0,39.0,0.0,0,0,67.11647500000001
ENSG00000145194,ECE2,chr3,184275531,184293031,1,1,0,0.72,19,1,10,1,0.0,41.0,0.0,0,0,65.79186666666666
ENSG00000175166,PSMD2,chr3,184299157,184309054,1,1,0,0.94,11,2,8,1,0.0,266.0,0.0,1,0,64.73713636363637
ENSG00000114867,EIF4G1,chr3,184314490,184335358,1,2,0,0.86,45,7,38,0,0.0,242.0,0.0,3,0,63.66446818181817
ENSG00000175182,FAM131A,chr3,184335926,184348421,1,2,0,0.89,31,5,26,0,0.0,41.0,0.0,1,0,62.78949230769232
ENSG00000114859,CLCN2,chr3,184346185,184363274,-1,1,0,0.7,41,4,37,0,0.0,427.0,0.0,1,0,62.203872222222216
ENSG00000163882,POLR2H,chr3,184360856,184368596,1,1,0,0.7,17,4,13,0,0.0,68.0,0.0,1,0,61.737
ENSG00000090534,THPO,chr3,184371935,184381968,-1,2,0,1.065,19,4,13,0,0.0,407.0,0.0,0,0,61.24258181818182
ENSG00000090539,CHRD,chr3,184379381,184390736,1,3,0,0.9533,28,4,20,1,0.0,145.0,0.0,0,0,60.935500000000005
ENSG00000182580,EPHB3,chr3,184561776,184582408,1,3,0,0.8233,45,0,45,0,0.0,157.0,0.0,0,0,57.01664761904763
ENSG00000177383,MAGEF1,chr3,184710364,184712064,-1,1,0,0.82,5,1,4,0,0.0,27.0,0.0,1,0,59.044033333333324
ENSG00000156931,VPS8,chr3,184812113,185054009,1,1,0,1.01,168,1,114,13,0.0,48.0,0.0,1,0,64.76860819672132
ENSG00000187068,C3orf70,chr3,185076838,185153060,-1,1,0,0.97,63,1,41,3,0.0,51.0,0.0,0,0,69.569787012987
ENSG00000113790,EHHADH,chr3,185190624,185281990,-1,1,0,1.0,67,2,50,2,0.0,188.0,0.0,0,0,72.38141739130435
ENSG00000073803,MAP3K13,chr3,185282941,185489094,1,1,0,1.02,166,4,130,5,1.0,231.0,1.0,1,0,70.00807101449274
ENSG00000163900,TMEM41A,chr3,185476496,185499057,-1,1,0,0.95,20,2,16,1,0.0,33.0,0.0,1,0,68.47002916666666
ENSG00000163898,LIPH,chr3,185506262,185552617,-1,0,6919,,37,1,32,1,0.0,275.0,0.0,0,0,69.36893125
ENSG00000163904,SENP2,chr3,185582496,185633551,1,1,0,0.89,44,1,36,2,0.0,220.0,0.0,2,0,71.24625471698113
ENSG00000073792,IGF2BP2,chr3,185643130,185825061,-1,1,0,1.02,226,3,206,5,0.0,1012.0,0.0,0,0,68.20272513661202
ENSG00000136527,TRA2B,chr3,185914558,185938103,-1,1,0,0.98,66,1,65,0,0.0,141.0,0.0,2,0,57.45687916666666
ENSG00000244405,ETV5,chr3,186046314,186110318,-1,1,0,0.86,87,2,74,3,0.0,627.0,0.0,0,0,57.54975076923077
ENSG00000058866,DGKG,chr3,186105668,186362261,-1,3,0,0.77,271,4,228,9,0.0,86.0,0.0,0,0,63.61411750972763
ENSG00000213139,CRYGS,chr3,186538441,186546702,-1,0,20318,,9,0,9,0,0.0,178.0,0.0,0,0,80.37604
ENSG00000113838,TBCCD1,chr3,186546067,186570543,-1,2,0,1.02,19,2,12,0,0.0,144.0,0.0,2,0,80.95930384615384
ENSG00000090520,DNAJB11,chr3,186567403,186585800,1,2,0,1.02,18,2,11,1,0.0,123.0,0.0,2,0,81.48046000000002
ENSG00000283149,,chr3,186581995,186597103,1,0,11146,,17,1,14,0,0.0,0.0,0.0,0,0,81.7461125
ENSG00000145192,AHSG,chr3,186612776,186621318,1,0,41927,,20,1,11,1,0.0,599.0,0.0,0,0,81.98712222222223
ENSG00000090512,FETUB,chr3,186634558,186653778,1,0,63709,,24,2,19,0,0.0,194.0,0.0,0,0,81.788555
ENSG00000113905,HRG,chr3,186660216,186678452,1,0,89367,,10,1,8,0,0.0,211.0,0.0,0,0,81.27823157894736
ENSG00000113889,KNG1,chr3,186717329,186744410,1,0,28403,,17,4,7,3,0.0,777.0,0.0,0,0,78.75307857142856
ENSG00000156976,EIF4A2,chr3,186783205,186789901,1,1,0,1.06,22,8,14,0,0.0,277.0,0.0,2,0,75.24095
ENSG00000163918,RFC4,chr3,186789880,186807058,-1,1,0,0.99,21,1,18,0,0.0,340.0,0.0,1,0,74.37535555555554
ENSG00000181092,ADIPOQ,chr3,186842704,186858463,1,0,15022,,12,1,10,0,0.0,1314.0,0.0,0,0,70.50048749999999
ENSG00000073849,ST6GAL1,chr3,186930325,187078932,1,1,0,0.86,233,3,220,0,0.0,365.0,0.0,15,0,61.539554
ENSG00000163923,RPL39L,chr3,187120927,187180972,-1,1,0,0.93,45,1,34,0,0.0,188.0,0.0,2,0,51.30222459016393
ENSG00000175077,RTP1,chr3,187197486,187201462,1,1,0,0.85,7,1,1,2,0.0,42.0,0.0,0,0,48.463440000000006
ENSG00000127241,MASP1,chr3,187217282,187291980,-1,0,17314,,83,3,62,3,0.0,352.0,0.0,0,0,45.12486052631579
ENSG00000136514,RTP4,chr3,187368385,187372076,1,0,168417,,7,1,6,0,0.0,112.0,0.0,1,0,40.263960000000004
ENSG00000157005,SST,chr3,187668912,187670394,-1,1,0,0.86,3,1,2,0,0.0,889.0,0.0,0,0,31.17575
ENSG00000198471,RTP2,chr3,187698259,187702656,-1,1,0,0.95,5,0,2,0,0.0,134.0,0.0,0,0,30.591033333333332
ENSG00000113916,BCL6,chr3,187721377,187745725,-1,4,0,0.9675,56,5,49,1,0.0,957.0,0.0,1,0,29.301580769230767
ENSG00000145012,LPP,chr3,188152994,188890671,1,2,0,0.935,829,5,755,10,0.0,503.0,0.0,1,0,17.045284303112314
ENSG00000188001,TPRG1,chr3,188947214,189325304,1,1,0,0.99,337,3,280,12,0.0,123.0,0.0,4,0,12.001168944591027
ENSG00000073282,TP63,chr3,189631389,189897276,1,0,223015,,232,3,190,8,3.0,1592.0,1.0,0,0,13.548857677902623
ENSG00000090530,P3H2,chr3,189956728,190122437,-1,1,0,1.0,177,3,158,3,0.0,126.0,0.0,0,0,13.334284431137725
ENSG00000163347,CLDN1,chr3,190305707,190322446,-1,1,0,0.92,18,1,17,0,0.0,695.0,0.0,0,0,17.169929411764706
ENSG00000113946,CLDN16,chr3,190322522,190412460,1,1,0,0.92,86,2,75,1,0.0,170.0,0.0,0,0,16.323083333333333
ENSG00000198398,TMEM207,chr3,190428655,190449901,-1,0,63640,,18,0,15,0,0.0,49.0,0.0,0,0,15.987831818181819
ENSG00000196083,IL1RAP,chr3,190514051,190659750,1,2,0,0.86,178,2,154,3,0.0,240.0,0.0,1,0,20.811255782312923
ENSG00000205835,GMNC,chr3,190852737,190892429,-1,1,0,1.0,30,1,16,4,0.0,47.0,0.0,0,0,28.545047500000003
ENSG00000188729,OSTN,chr3,191199241,191265615,1,0,63544,,52,2,39,5,0.0,96.0,0.0,0,0,32.400588235294116
ENSG00000188958,UTS2B,chr3,191267168,191330572,-1,1,0,0.85,57,3,42,1,0.0,66.0,0.0,1,0,31.18442307692308
ENSG00000152492,CCDC50,chr3,191329085,191398659,1,1,0,0.85,102,3,93,1,0.0,135.0,0.0,1,0,30.59672816901408
ENSG00000253548,PYDC2,chr3,191461163,191461456,1,0,131242,,1,0,0,0,0.0,46.0,0.0,0,0,29.4938
ENSG00000114279,FGF12,chr3,192139390,192767764,-1,2,0,0.87,395,4,258,44,0.0,175.0,0.0,0,0,27.808691111111116
ENSG00000180611,MB21D2,chr3,192796815,192917856,-1,1,0,0.86,170,1,159,3,0.0,134.0,0.0,4,0,31.750143442622953
ENSG00000127252,PLAAT1,chr3,193240620,193277738,1,1,0,1.05,22,1,12,4,0.0,106.0,0.0,0,0,55.964915789473686
ENSG00000187527,ATP13A5,chr3,193274789,193378820,-1,0,33205,,71,1,30,8,0.0,50.0,0.0,0,0,59.0504619047619
ENSG00000127249,ATP13A4,chr3,193398967,193593111,-1,1,0,0.93,123,5,78,15,0.0,118.0,0.0,1,0,65.79444358974358
ENSG00000198836,OPA1,chr3,193593144,193697811,1,1,0,0.93,87,2,67,6,0.0,778.0,0.0,1,0,66.87312547169812
ENSG00000114315,HES1,chr3,194136142,194138732,1,1,0,0.77,7,1,6,0,0.0,632.0,0.0,1,0,68.59195
ENSG00000178772,CPN2,chr3,194339630,194351401,-1,0,5546,,17,1,9,5,0.0,101.0,0.0,0,0,74.70374166666667
ENSG00000172061,LRRC15,chr3,194355249,194369743,-1,0,21165,,20,1,11,1,0.0,142.0,0.0,0,0,74.01945
ENSG00000178732,GP5,chr3,194394821,194399266,-1,1,0,0.76,12,2,10,0,0.0,169.0,0.0,2,0,71.95604
ENSG00000133657,ATP13A3,chr3,194402672,194498364,-1,1,0,1.11,95,4,79,3,0.0,164.0,0.0,2,0,67.796715625
ENSG00000145014,TMEM44,chr3,194587673,194633689,-1,2,0,0.93,64,3,45,4,0.0,56.0,0.0,1,0,60.103806382978725
ENSG00000041802,LSG1,chr3,194640791,194672463,-1,1,0,1.16,24,2,20,0,0.0,50.0,0.0,1,0,60.814293750000004
ENSG00000185112,FAM43A,chr3,194685883,194689037,1,1,0,0.9,10,1,9,0,0.0,47.0,0.0,2,0,61.856300000000005
ENSG00000173950,XXYLT1,chr3,195068284,195271159,-1,2,0,0.885,367,9,337,2,0.0,56.0,0.0,7,0,69.06751862745098
ENSG00000114331,ACAP2,chr3,195274738,195443091,-1,1,0,0.96,103,1,81,4,0.0,58.0,0.0,1,0,72.09519585798817
ENSG00000184203,PPP1R2,chr3,195514428,195543386,-1,1,0,1.08,31,2,28,0,0.0,63.0,0.0,3,0,76.19074666666668
ENSG00000189058,APOD,chr3,195568705,195584033,-1,0,25165,,22,1,20,0,0.0,322.0,0.0,0,0,76.793
ENSG00000176945,MUC20,chr3,195720884,195741123,1,1,0,0.86,30,1,20,4,0.0,82.0,0.0,0,0,81.91467619047619
ENSG00000145113,MUC4,chr3,195746765,195811973,-1,2,0,0.8,106,2,88,2,0.0,566.0,0.0,0,0,84.19773939393937
ENSG00000061938,TNK2,chr3,195863364,195911945,-1,7,0,0.7414,113,10,99,1,0.0,217.0,0.0,3,0,84.89783
ENSG00000289747,,chr3,195908695,195909561,-1,1,0,0.82,3,2,1,0,0.0,6.0,0.0,1,0,84.34185
ENSG00000072274,TFRC,chr3,196012511,196082162,-1,2,0,0.865,98,1,71,7,0.0,1189.0,0.0,1,0,80.27702000000001
ENSG00000163958,ZDHHC19,chr3,196197452,196211437,-1,2,0,0.785,28,1,20,2,0.0,199.0,0.0,0,0,84.00993999999999
ENSG00000163959,SLC51A,chr3,196211487,196243178,1,0,3085,,50,2,44,0,0.0,113.0,0.0,0,0,84.61278787878788
ENSG00000161217,PCYT1A,chr3,196214222,196287957,-1,1,0,0.85,95,3,85,2,0.0,652.0,0.0,2,0,84.74782266666666
ENSG00000272741,,chr3,196248230,196318222,-1,2,0,0.9,78,3,53,3,0.0,0.0,0.0,3,0,84.45843521126758
ENSG00000213123,DYNLT2B,chr3,196291219,196318310,-1,1,0,0.95,32,1,13,1,0.0,168.0,0.0,1,0,83.95045714285716
ENSG00000273331,TM4SF19-DYNLT2B,chr3,196316082,196338373,-1,1,0,0.95,39,2,27,0,0.0,100.0,0.0,1,0,83.04322173913043
ENSG00000145107,TM4SF19,chr3,196319342,196338503,-1,0,929,,33,2,21,0,0.0,139.0,0.0,0,0,82.95537142857144
ENSG00000163960,UBXN7,chr3,196347659,196432430,-1,1,0,0.8,63,4,45,5,0.0,41.0,0.0,1,0,80.54646
ENSG00000163961,RNF168,chr3,196468783,196503768,-1,1,0,1.03,32,1,22,2,0.0,163.0,0.0,1,0,79.60366666666667
ENSG00000214097,SMCO1,chr3,196506878,196515347,-1,0,2958,,9,1,6,0,0.0,9.0,0.0,0,0,79.79735555555555
ENSG00000185798,WDR53,chr3,196552228,196569263,-1,1,0,0.93,19,2,17,0,0.0,83.0,0.0,3,0,79.9914
ENSG00000174013,FBXO45,chr3,196568611,196589059,1,1,0,0.93,16,1,13,1,0.0,72.0,0.0,2,0,79.89683333333335
ENSG00000174004,NRROS,chr3,196639694,196662004,1,2,0,0.865,40,1,38,0,0.0,58.0,0.0,2,0,78.30210869565218
ENSG00000163964,PIGX,chr3,196639775,196736007,1,3,0,0.9067,104,3,87,2,0.0,40.0,0.0,3,0,76.99302577319587
ENSG00000174007,CEP19,chr3,196706268,196712598,-1,1,0,0.99,9,2,7,0,0.0,81.0,0.0,1,0,76.196125
ENSG00000180370,PAK2,chr3,196739743,196832647,1,1,0,0.91,75,1,67,0,0.0,908.0,0.0,1,0,75.65285531914893
ENSG00000119231,SENP5,chr3,196867856,196934718,1,1,0,0.97,50,1,35,7,0.0,63.0,0.0,1,0,74.4079455882353
ENSG00000114503,NCBP2,chr3,196935402,196942594,-1,1,0,0.88,15,4,8,0,0.0,80.0,0.0,1,0,72.04463333333334
ENSG00000270170,NCBP2AS2,chr3,196942674,196943543,1,1,0,0.88,3,1,2,0,0.0,6.0,0.0,1,0,71.7062
ENSG00000119227,PIGZ,chr3,196946356,196969060,-1,2,0,0.845,30,1,22,1,0.0,34.0,0.0,0,0,70.654275
ENSG00000163975,MELTF,chr3,196980590,197029874,-1,3,0,0.78,96,2,83,2,0.0,128.0,0.0,1,0,67.65672800000002
ENSG00000075711,DLG1,chr3,197042560,197299330,-1,2,0,0.935,217,14,163,8,0.0,383.0,0.0,1,0,69.85533229571983
ENSG00000161267,BDH1,chr3,197509776,197573382,-1,1,0,0.95,96,2,89,0,0.0,115.0,0.0,1,0,76.1258109375
ENSG00000145016,RUBCN,chr3,197668867,197749727,-1,2,0,0.985,94,3,85,1,0.0,256.0,0.0,3,0,74.24367560975611
ENSG00000122068,FYTTD1,chr3,197737179,197787596,1,2,0,0.985,39,3,29,2,0.0,41.0,0.0,2,0,77.24430192307692
ENSG00000186001,LRCH3,chr3,197791226,197888436,1,1,0,0.88,88,1,79,3,0.0,28.0,0.0,2,0,74.78785816326531
ENSG00000114473,IQCG,chr3,197888220,197960142,-1,1,0,1.0,69,2,55,4,0.0,193.0,0.0,2,0,46.801678082191785
ENSG00000182899,RPL35A,chr3,197950000,197956610,1,0,3438,,15,1,14,0,0.0,96.0,0.0,1,0,34.0105125
ENSG00000185621,LMLN,chr3,197960200,198043720,1,1,0,1.0,48,1,21,6,0.0,411.0,0.0,2,0,27.64489210526316
