gene_id,gene_name,chrom,start,end,strand,cpg_island_count,cpg_nearest_dist,cpg_mean_obs_exp,encode_ccre_count,encode_promoter_count,encode_enhancer_count,encode_ctcf_count,ot_cancer_hallmark_count,ot_disease_count,ot_is_cancer_driver,tcell_h3k27ac_count,tcell_atac_count,replication_timing
ENSG00000112679,DUSP22,chr6,291630,351355,1,1,0,0.94,143,3,132,0,0.0,388.0,0.0,1,0,33.61394666666666
ENSG00000137265,IRF4,chr6,391739,411443,1,1,0,0.91,43,1,42,0,0.0,920.0,0.0,1,0,38.8009
ENSG00000112685,EXOC2,chr6,485133,693169,-1,4,0,1.195,192,3,164,8,0.0,121.0,0.0,3,0,42.65422775119617
ENSG00000188996,HUS1B,chr6,655939,657100,-1,1,0,0.84,3,1,2,0,0.0,53.0,0.0,0,0,44.280950000000004
ENSG00000164379,FOXQ1,chr6,1312098,1314758,1,1,0,0.96,8,1,7,0,0.0,317.0,0.0,0,0,36.30765
ENSG00000137273,FOXF2,chr6,1389576,1395603,1,2,0,0.885,18,3,15,0,0.0,277.0,0.0,0,0,41.48744285714286
ENSG00000054598,FOXC1,chr6,1609915,1613897,1,1,0,0.95,11,1,10,0,0.0,1268.0,0.0,0,0,52.237120000000004
ENSG00000112699,GMDS,chr6,1623793,2245702,-1,2,0,0.89,645,1,500,42,0.0,418.0,0.0,2,0,39.82634109149278
ENSG00000145949,MYLK4,chr6,2663629,2770330,-1,2,0,1.035,136,6,109,4,0.0,74.0,0.0,2,0,70.34050747663551
ENSG00000124535,WRNIP1,chr6,2765393,2786952,1,1,0,1.16,26,4,21,0,0.0,67.0,0.0,1,0,74.3455652173913
ENSG00000021355,SERPINB1,chr6,2832332,2842001,-1,1,0,0.79,13,1,9,0,0.0,454.0,0.0,1,0,77.66573636363636
ENSG00000170542,SERPINB9,chr6,2887169,2903309,-1,2,0,0.84,25,1,24,0,0.0,175.0,0.0,3,0,79.25996470588235
ENSG00000124570,SERPINB6,chr6,2948158,2972375,-1,1,0,0.99,36,5,30,0,0.0,466.0,0.0,1,0,80.25454400000001
ENSG00000124588,NQO2,chr6,2987987,3022109,1,2,0,0.795,55,5,39,0,0.0,128.0,0.0,4,0,81.02631428571428
ENSG00000137275,RIPK1,chr6,3063824,3115187,1,3,0,1.04,46,4,34,1,0.0,663.0,0.0,2,0,81.52002115384614
ENSG00000137274,BPHL,chr6,3118374,3153599,1,3,0,0.9667,43,6,32,0,0.0,42.0,0.0,1,0,80.72378108108109
ENSG00000137267,TUBB2A,chr6,3153497,3157544,-1,3,0,0.8367,8,1,7,0,0.0,389.0,0.0,1,0,80.19951666666667
ENSG00000137285,TUBB2B,chr6,3223324,3231730,-1,3,0,0.81,18,2,16,0,0.0,400.0,0.0,0,0,77.79754
ENSG00000180822,PSMG4,chr6,3231403,3304020,1,2,0,0.785,127,3,107,2,0.0,42.0,0.0,1,0,76.28443513513514
ENSG00000137266,SLC22A23,chr6,3268962,3457050,-1,1,0,0.9,347,4,325,2,0.0,77.0,0.0,4,0,72.37231534391533
ENSG00000168994,PXDC1,chr6,3722614,3751713,-1,1,0,1.0,69,2,64,0,0.0,82.0,0.0,0,0,53.90966999999999
ENSG00000145945,FAM50B,chr6,3849373,3851320,1,1,0,0.8,8,2,6,0,0.0,157.0,0.0,1,0,51.68316666666667
ENSG00000112739,PRP4K,chr6,4021266,4064983,1,1,0,0.97,32,1,27,0,0.0,326.0,0.0,3,0,57.06434222222223
ENSG00000145975,FAM217A,chr6,4049434,4087344,-1,1,0,0.85,30,2,23,1,0.0,15.0,0.0,2,0,57.679369230769225
ENSG00000198721,ECI2,chr6,4115685,4135597,-1,1,0,0.88,23,2,18,2,0.0,102.0,0.0,1,0,59.19605714285713
ENSG00000153046,CDYL,chr6,4706159,4955551,1,2,0,0.945,276,6,221,5,0.0,91.0,0.0,0,0,58.81483665338646
ENSG00000124787,RPP40,chr6,4994717,5004063,-1,1,0,1.05,9,2,4,0,0.0,37.0,0.0,1,0,60.64879090909091
ENSG00000219607,PPP1R3G,chr6,5085341,5089487,1,1,0,0.86,11,1,9,0,0.0,55.0,0.0,0,0,58.158539999999995
ENSG00000214113,LYRM4,chr6,5102595,5260950,-1,2,0,0.86,196,2,172,7,0.0,83.0,0.0,2,0,53.38148364779875
ENSG00000145982,FARS2,chr6,5261044,5829192,1,1,0,0.96,563,4,443,25,0.0,118.0,0.0,2,0,43.559411072056236
ENSG00000124785,NRN1,chr6,5997999,6008688,-1,5,0,0.794,33,3,30,0,0.0,186.0,0.0,0,0,46.15775
ENSG00000124491,F13A1,chr6,6144080,6321013,-1,0,85649,,119,1,70,11,0.0,425.0,0.0,0,0,42.41728483146068
ENSG00000112799,LY86,chr6,6588108,6654983,1,0,41111,,106,5,93,2,0.0,323.0,0.0,2,0,59.29094411764706
ENSG00000124782,RREB1,chr6,7107418,7251982,1,4,0,0.8475,261,3,238,3,0.0,737.0,0.0,3,0,70.33664109589041
ENSG00000124783,SSR1,chr6,7268306,7347446,-1,2,0,0.795,95,2,66,7,0.0,146.0,0.0,1,0,63.922472500000005
ENSG00000164304,CAGE1,chr6,7326656,7389742,-1,1,0,0.9,44,2,21,8,0.0,61.0,0.0,1,0,61.82393125
ENSG00000124784,RIOK1,chr6,7389467,7418037,1,1,0,0.9,20,2,17,0,0.0,69.0,0.0,1,0,60.20998999999999
ENSG00000096696,DSP,chr6,7541326,7586717,1,1,0,0.9,65,3,54,1,0.0,890.0,0.0,0,0,54.37805106382979
ENSG00000168566,SNRNP48,chr6,7590189,7611967,1,1,0,0.87,17,1,14,0,0.0,27.0,0.0,1,0,54.56513913043478
ENSG00000153162,BMP6,chr6,7726049,7881728,1,2,0,0.92,143,1,90,15,0.0,344.0,0.0,0,0,52.564250318471345
ENSG00000239264,TXNDC5,chr6,7881440,7911011,-1,1,0,0.95,67,3,62,0,0.0,197.0,0.0,1,0,54.903545161290324
ENSG00000259040,BLOC1S5-TXNDC5,chr6,7881522,8064364,-1,3,0,0.8833,196,6,165,7,0.0,118.0,0.0,2,0,55.63708032786886
ENSG00000188428,BLOC1S5,chr6,8013566,8064414,-1,1,0,0.81,37,1,27,1,0.0,274.0,0.0,1,0,54.65729215686274
ENSG00000265818,EEF1E1-BLOC1S5,chr6,8015726,8102530,-1,2,0,0.8,80,2,64,3,0.0,0.0,0.0,2,0,53.8979
ENSG00000124802,EEF1E1,chr6,8073360,8102573,-1,1,0,0.79,32,1,27,1,0.0,200.0,0.0,1,0,52.86683548387097
ENSG00000124786,SLC35B3,chr6,8411435,8435983,-1,1,0,0.94,17,4,8,0,0.0,56.0,0.0,1,0,36.52975
ENSG00000137203,TFAP2A,chr6,10393186,10419659,-1,7,0,0.8857,69,7,62,0,0.0,807.0,0.0,1,0,56.64487142857143
ENSG00000111846,GCNT2,chr6,10492223,10629368,1,0,65016,,170,4,155,2,0.0,485.0,0.0,1,0,65.85378913043478
ENSG00000137434,C6orf52,chr6,10671418,10694797,-1,1,0,0.92,23,3,16,0,0.0,13.0,0.0,1,0,68.9736
ENSG00000111845,PAK1IP1,chr6,10694633,10711166,1,1,0,0.92,10,2,6,0,0.0,33.0,0.0,1,0,69.29984705882352
ENSG00000111843,TMEM14C,chr6,10722915,10731132,1,1,0,0.88,14,1,12,0,0.0,93.0,0.0,1,0,69.56395555555555
ENSG00000137210,TMEM14B,chr6,10747746,10852753,1,2,0,0.9,75,4,51,4,0.0,80.0,0.0,2,0,68.60603207547169
ENSG00000272162,,chr6,10747794,10930423,1,5,0,0.948,119,7,82,7,0.0,0.0,0.0,2,0,67.17061639344261
ENSG00000111837,MAK,chr6,10762723,10838553,-1,1,0,0.71,43,2,23,4,0.0,157.0,0.0,1,0,68.69017272727274
ENSG00000124827,GCM2,chr6,10873223,10882041,-1,1,0,1.15,8,2,5,0,0.0,130.0,0.0,0,0,65.72891000000001
ENSG00000153157,SYCP2L,chr6,10886831,10979320,1,1,0,0.91,46,1,26,5,0.0,50.0,0.0,0,0,63.88028924731183
ENSG00000197977,ELOVL2,chr6,10980759,11044399,-1,1,0,1.05,65,1,54,1,0.0,304.0,0.0,0,0,62.07670312500001
ENSG00000224531,SMIM13,chr6,11093834,11138733,1,1,0,0.9,49,2,41,0,0.0,21.0,0.0,1,0,57.772865217391306
ENSG00000293642,,chr6,11094194,11135830,1,1,0,0.9,46,1,39,0,0.0,14.0,0.0,1,0,57.85302558139535
ENSG00000244476,ERVFRD-1,chr6,11102324,11111845,-1,0,7890,,8,1,7,0,0.0,926.0,0.0,0,0,58.282918181818175
ENSG00000111859,NEDD9,chr6,11183298,11382348,-1,0,88864,,312,2,289,2,0.0,451.0,0.0,9,0,48.507291
ENSG00000205269,TMEM170B,chr6,11537748,11583524,1,1,0,0.89,40,2,32,1,0.0,56.0,0.0,1,0,52.58178510638297
ENSG00000111863,ADTRP,chr6,11712054,11807046,-1,0,173358,,131,1,122,2,0.0,94.0,0.0,4,0,62.84784375
ENSG00000095951,HIVEP1,chr6,12008762,12164999,1,3,0,1.0667,185,3,154,4,0.0,133.0,0.0,4,0,65.46627197452229
ENSG00000078401,EDN1,chr6,12287459,12297194,1,0,274625,,25,2,23,0,0.0,1399.0,0.0,0,0,53.57287272727273
ENSG00000112137,PHACTR1,chr6,12716312,13290446,1,3,0,1.0233,581,11,404,46,0.0,162.0,0.0,0,0,48.00033826086957
ENSG00000145979,TBC1D7,chr6,13266542,13328583,-1,1,0,0.91,107,4,100,0,0.0,131.0,0.0,1,0,60.84495555555556
ENSG00000145990,GFOD1,chr6,13357830,13487662,-1,2,0,0.9,196,5,185,0,0.0,53.0,0.0,2,0,60.91449770992366
ENSG00000124523,SIRT5,chr6,13574210,13615158,1,2,0,0.92,42,3,26,3,0.0,266.0,0.0,2,0,65.07281190476189
ENSG00000225921,NOL7,chr6,13615335,13633912,1,1,0,0.93,19,1,14,0,0.0,60.0,0.0,1,0,65.963585
ENSG00000010017,RANBP9,chr6,13621498,13712087,-1,1,0,1.0,106,2,90,0,0.0,277.0,0.0,4,0,67.92112934782608
ENSG00000050393,MCUR1,chr6,13786557,13814696,-1,1,0,0.96,26,1,23,1,0.0,54.0,0.0,1,0,71.73865862068963
ENSG00000180537,RNF182,chr6,13924446,13980310,1,1,0,0.89,46,3,23,3,0.0,54.0,0.0,0,0,71.45849122807019
ENSG00000112149,CD83,chr6,14117256,14140682,1,1,0,1.3,55,3,52,0,0.0,644.0,0.0,2,0,68.767056
ENSG00000008083,JARID2,chr6,15244937,15522042,1,4,0,0.895,469,3,447,1,0.0,404.0,0.0,2,0,64.921309352518
ENSG00000047579,DTNBP1,chr6,15522807,15663058,-1,1,0,1.04,167,2,126,6,0.0,231.0,0.0,1,0,61.83325248226951
ENSG00000007944,MYLIP,chr6,16129086,16151367,1,1,0,0.85,31,1,29,0,0.0,121.0,0.0,1,0,73.30640434782609
ENSG00000137198,GMPR,chr6,16238555,16295923,1,1,0,1.01,84,2,81,0,0.0,77.0,0.0,0,0,73.21851896551725
ENSG00000124788,ATXN1,chr6,16299112,16761491,-1,2,0,0.795,625,2,572,11,0.0,553.0,0.0,22,0,57.73394989200864
ENSG00000288708,,chr6,16328342,16328431,-1,0,10,,0,0,0,0,0.0,22.0,0.0,0,0,70.0691
ENSG00000230873,STMND1,chr6,17102050,17131378,1,1,0,1.09,23,1,13,3,0.0,38.0,0.0,0,0,46.40759000000001
ENSG00000112183,RBM24,chr6,17281361,17293871,1,1,0,0.95,27,3,24,0,0.0,117.0,0.0,0,0,49.46022142857142
ENSG00000112186,CAP2,chr6,17393375,17557792,1,0,42359,,150,1,133,4,0.0,482.0,0.0,0,0,59.964508433734935
ENSG00000137414,FAM8A1,chr6,17600302,17611719,1,1,0,0.83,14,2,8,0,0.0,47.0,0.0,1,0,69.47104615384616
ENSG00000124789,NUP153,chr6,17614707,17706935,-1,1,0,0.91,76,2,68,1,0.0,123.0,0.0,2,0,71.92137741935484
ENSG00000137177,KIF13A,chr6,17759183,17987635,-1,1,0,1.08,243,2,207,4,0.0,79.0,0.0,0,0,70.73783739130434
ENSG00000187566,NHLRC1,chr6,18120440,18122677,-1,1,0,0.89,6,1,5,0,0.0,170.0,0.0,0,0,66.58725
ENSG00000137364,TPMT,chr6,18128311,18155348,-1,1,0,0.95,31,2,20,3,0.0,196.0,0.0,1,0,66.24621071428571
ENSG00000165097,KDM1B,chr6,18155329,18223854,1,1,0,0.95,68,1,60,2,0.0,104.0,0.0,1,0,64.75304428571427
ENSG00000124795,DEK,chr6,18223860,18265997,-1,1,0,1.15,48,2,35,1,0.0,274.0,0.0,2,0,61.97140697674419
ENSG00000137393,RNF144B,chr6,18387346,18468874,1,1,0,0.86,95,1,92,0,0.0,110.0,0.0,1,0,53.091625301204836
ENSG00000172201,ID4,chr6,19837366,19842197,1,1,0,0.91,14,2,12,0,0.0,257.0,0.0,0,0,44.14675
ENSG00000172197,MBOAT1,chr6,20099684,20212469,-1,1,0,0.89,131,3,103,6,0.0,66.0,0.0,2,0,66.74801061946903
ENSG00000112242,E2F3,chr6,20401847,20493714,1,1,0,0.83,115,3,101,0,0.0,262.0,0.0,1,0,70.84806344086023
ENSG00000145996,CDKAL1,chr6,20534447,21232855,1,0,130895,,656,1,508,33,0.0,244.0,0.0,1,0,57.114334857142865
ENSG00000124766,SOX4,chr6,21593751,21598619,1,2,0,1.0,16,2,14,0,0.0,547.0,0.0,0,0,41.928066666666666
ENSG00000172179,PRL,chr6,22287244,22302826,-1,0,266529,,16,1,9,1,0.0,1646.0,0.0,0,0,34.0668411764706
ENSG00000112273,HDGFL1,chr6,22569566,22571666,1,1,0,0.92,8,2,2,1,0.0,71.0,0.0,0,0,29.269766666666666
ENSG00000152954,NRSN1,chr6,24126154,24154900,1,1,0,1.23,28,1,16,1,0.0,333.0,0.0,0,0,33.18580333333333
ENSG00000146038,DCDC2,chr6,24171755,24360249,-1,2,0,1.005,151,2,114,8,0.0,152.0,0.0,1,0,41.0845037037037
ENSG00000124532,MRS2,chr6,24402908,24426194,1,1,0,0.81,20,1,17,1,0.0,221.0,0.0,1,0,50.14964583333333
ENSG00000112293,GPLD1,chr6,24424565,24495205,-1,1,0,0.98,59,2,42,4,0.0,348.0,0.0,1,0,50.499621126760566
ENSG00000112294,ALDH5A1,chr6,24494798,24537207,1,1,0,0.98,39,1,36,0,0.0,349.0,0.0,1,0,50.451730232558134
ENSG00000137261,KIAA0319,chr6,24544104,24646191,-1,1,0,0.94,76,3,37,6,0.0,120.0,0.0,1,0,52.24641747572815
ENSG00000111802,TDP2,chr6,24649978,24666930,-1,1,0,0.86,24,3,21,0,0.0,109.0,0.0,1,0,54.91748888888888
ENSG00000112304,ACOT13,chr6,24666921,24705065,1,1,0,0.86,36,2,26,0,0.0,45.0,0.0,1,0,55.895338461538465
ENSG00000112308,C6orf62,chr6,24704856,24720874,-1,1,0,0.86,26,3,13,0,0.0,25.0,0.0,1,0,56.563888235294115
ENSG00000112312,GMNN,chr6,24774892,24786103,1,1,0,0.94,13,2,11,0,0.0,268.0,0.0,1,0,56.459816666666676
ENSG00000260286,ARMH2,chr6,24797335,24798917,-1,0,21834,,3,1,2,0,0.0,21.0,0.0,0,0,56.07776666666666
ENSG00000282804,,chr6,24797373,24809798,-1,0,21872,,12,1,11,0,0.0,0.0,0.0,0,0,55.92639285714285
ENSG00000111913,RIPOR2,chr6,24803362,25042170,-1,1,0,0.78,283,7,270,0,0.0,180.0,0.0,27,0,49.16192116182573
ENSG00000079691,CARMIL1,chr6,25279078,25620537,1,1,0,0.92,369,3,318,19,0.0,102.0,0.0,5,0,36.275402332361516
ENSG00000079689,SCGN,chr6,25652201,25701783,1,1,0,0.93,43,2,32,1,0.0,250.0,0.0,0,0,41.4643568627451
ENSG00000290217,,chr6,25652210,25738044,1,3,0,0.9533,71,7,43,2,0.0,0.0,0.0,0,0,42.2772183908046
ENSG00000164508,H2AC1,chr6,25723397,25726562,-1,1,0,1.04,3,2,1,0,0.0,35.0,0.0,0,0,43.62228
ENSG00000146047,H2BC1,chr6,25726777,25727345,1,0,283,,2,1,1,0,0.0,35.0,0.0,0,0,43.7044
ENSG00000146039,SLC17A4,chr6,25753300,25783316,1,0,20571,,25,2,15,1,0.0,46.0,0.0,0,0,45.35982580645161
ENSG00000124568,SLC17A1,chr6,25781532,25832052,-1,0,48803,,23,3,5,2,0.0,118.0,0.0,0,0,47.03813137254903
ENSG00000124564,SLC17A3,chr6,25833066,25882478,-1,1,0,0.91,37,2,24,3,0.0,74.0,0.0,2,0,49.26173800000001
ENSG00000112337,SLC17A2,chr6,25906892,25930815,-1,0,24560,,29,1,20,0,0.0,79.0,0.0,0,0,51.04534400000001
ENSG00000112343,TRIM38,chr6,25962777,25991231,1,0,722,,29,1,28,0,0.0,117.0,0.0,2,0,51.43697586206896
ENSG00000124610,H1-1,chr6,26017032,26017787,-1,0,2656,,3,1,2,0,0.0,58.0,0.0,1,0,51.80245
ENSG00000275714,H3C1,chr6,26020451,26021487,1,1,0,1.01,4,2,2,0,0.0,648.0,0.0,1,0,51.85725
ENSG00000278637,H4C1,chr6,26021649,26022847,1,1,0,1.07,4,2,2,0,0.0,239.0,0.0,1,0,51.8965
ENSG00000278705,H4C2,chr6,26025802,26027283,-1,1,0,1.15,6,1,5,0,0.0,259.0,0.0,1,0,51.9815
ENSG00000286522,H3C2,chr6,26031589,26032099,-1,1,0,1.09,3,1,2,0,0.0,687.0,0.0,1,0,52.1127
ENSG00000278463,H2AC4,chr6,26033092,26033618,-1,1,0,1.11,3,2,1,0,0.0,129.0,0.0,1,0,52.1515
ENSG00000276410,H2BC3,chr6,26042771,26043713,-1,0,262,,3,1,2,0,0.0,29.0,0.0,1,0,52.441950000000006
ENSG00000287080,H3C3,chr6,26045384,26045869,1,1,0,1.08,2,1,1,0,0.0,646.0,0.0,1,0,52.50675
ENSG00000187837,H1-2,chr6,26054760,26056470,-1,1,0,0.81,6,1,5,0,0.0,92.0,0.0,1,0,52.8643
ENSG00000180596,H2BC4,chr6,26086317,26124016,-1,1,0,1.25,43,5,37,1,0.0,87.0,0.0,3,0,55.44772564102565
ENSG00000010704,HFE,chr6,26087226,26098343,1,0,5613,,10,1,9,0,0.0,857.0,0.0,1,0,54.6603
ENSG00000197061,H4C3,chr6,26103933,26104337,1,1,0,1.25,2,2,0,0,0.0,254.0,0.0,1,0,55.3567
ENSG00000187475,H1-6,chr6,26107412,26108135,-1,0,3138,,1,1,0,0,0.0,8.0,0.0,0,0,55.581450000000004
ENSG00000180573,H2AC6,chr6,26124145,26139116,1,1,0,1.06,31,2,25,0,0.0,51.0,0.0,1,0,57.2495375
ENSG00000168298,H1-4,chr6,26156329,26157115,1,1,0,0.9,4,1,3,0,0.0,66.0,0.0,1,0,59.1406
ENSG00000158373,H2BC5,chr6,26158122,26171349,1,0,456,,23,2,21,0,0.0,76.0,0.0,2,0,59.76595714285713
ENSG00000274290,H2BC6,chr6,26172059,26184655,1,2,0,1.075,21,3,17,0,0.0,56.0,0.0,2,0,60.867978571428566
ENSG00000277157,H4C4,chr6,26188710,26189112,-1,1,0,1.22,3,1,2,0,0.0,237.0,0.0,1,0,61.6949
ENSG00000197409,H3C4,chr6,26195164,26197286,-1,1,0,0.99,7,2,5,0,0.0,646.0,0.0,1,0,62.24196666666666
ENSG00000282988,,chr6,26195595,26199293,-1,2,0,1.025,12,3,9,0,0.0,7.0,0.0,1,0,62.358425
ENSG00000196866,H2AC7,chr6,26198784,26199293,-1,1,0,1.06,3,2,1,0,0.0,14.0,0.0,1,0,62.4747
ENSG00000277224,H2BC7,chr6,26199516,26199988,1,1,0,0.94,2,1,1,0,0.0,59.0,0.0,1,0,62.5519
ENSG00000276966,H4C5,chr6,26204610,26205021,1,1,0,1.26,2,1,1,0,0.0,277.0,0.0,1,0,62.9357
ENSG00000273802,H2BC8,chr6,26216200,26216688,-1,0,295,,3,1,2,0,0.0,67.0,0.0,1,0,63.7976
ENSG00000277075,H2AC8,chr6,26216921,26218515,1,1,0,1.12,6,2,4,0,0.0,145.0,0.0,1,0,63.907399999999996
ENSG00000274750,H3C6,chr6,26224199,26227473,1,1,0,1.02,12,3,9,0,0.0,647.0,0.0,1,0,64.445925
ENSG00000124575,H1-3,chr6,26234212,26234987,-1,0,5482,,3,1,2,0,0.0,44.0,0.0,1,0,65.0667
ENSG00000274618,H4C6,chr6,26240393,26240793,1,1,0,1.26,2,1,1,0,0.0,260.0,0.0,1,0,65.46325
ENSG00000275663,H4C7,chr6,26246611,26246996,-1,1,0,0.98,1,0,1,0,0.0,0.0,0.0,0,0,65.8767
ENSG00000277775,H3C7,chr6,26250142,26250635,-1,1,0,0.96,2,1,1,0,0.0,643.0,0.0,1,0,66.0921
ENSG00000275713,H2BC9,chr6,26251614,26252075,1,1,0,0.9,2,1,1,0,0.0,48.0,0.0,1,0,66.183
ENSG00000273983,H3C8,chr6,26270918,26271413,-1,1,0,1.22,3,1,2,0,0.0,644.0,0.0,1,0,67.2549
ENSG00000278588,H2BC10,chr6,26272931,26273412,1,1,0,0.99,2,1,1,0,0.0,55.0,0.0,1,0,67.3595
ENSG00000158406,H4C8,chr6,26277609,26285638,-1,1,0,1.05,16,1,12,0,0.0,237.0,0.0,1,0,67.81148888888889
ENSG00000186470,BTN3A2,chr6,26365159,26382797,1,0,75285,,22,2,20,0,0.0,130.0,0.0,1,0,71.38773157894737
ENSG00000124508,BTN2A2,chr6,26383092,26394880,1,0,63202,,15,2,13,0,0.0,152.0,0.0,1,0,71.88455384615385
ENSG00000026950,BTN3A1,chr6,26402237,26415216,1,0,42866,,13,2,11,0,0.0,123.0,0.0,1,0,72.46336428571428
ENSG00000111801,BTN3A3,chr6,26440452,26453422,1,0,4660,,14,1,13,0,0.0,83.0,0.0,2,0,73.16190000000002
ENSG00000112763,BTN2A1,chr6,26457904,26476621,1,1,0,0.86,28,1,25,0,0.0,195.0,0.0,2,0,73.1904
ENSG00000124557,BTN1A1,chr6,26500303,26510425,1,1,0,1.18,8,2,3,3,0.0,99.0,0.0,0,0,72.56821818181817
ENSG00000182952,HMGN4,chr6,26538351,26546937,1,1,0,0.73,12,1,11,0,0.0,23.0,0.0,1,0,71.26914
ENSG00000146109,ABT1,chr6,26596953,26600739,1,3,0,0.9067,8,1,6,0,0.0,65.0,0.0,1,0,68.93676
ENSG00000181315,ZNF322,chr6,26634383,26659759,-1,1,0,0.71,12,1,5,0,0.0,25.0,0.0,1,0,66.86341111111109
ENSG00000124635,H2BC11,chr6,27122657,27132795,-1,1,0,0.98,20,2,15,0,0.0,45.0,0.0,2,0,66.31208181818182
ENSG00000196787,H2AC11,chr6,27133043,27135292,1,1,0,0.98,8,1,7,0,0.0,70.0,0.0,1,0,66.52983333333334
ENSG00000197903,H2BC12,chr6,27137298,27146857,-1,2,0,1.03,24,2,22,0,0.0,57.0,0.0,2,0,66.7878090909091
ENSG00000276180,H4C9,chr6,27139282,27140640,1,1,0,1.12,4,1,3,0,0.0,269.0,0.0,1,0,66.72793333333333
ENSG00000274997,H2AC12,chr6,27147106,27147562,1,1,0,0.94,3,3,0,0,0.0,128.0,0.0,1,0,66.95095
ENSG00000112812,PRSS16,chr6,27247701,27256646,1,1,0,0.82,12,1,11,0,0.0,45.0,0.0,2,0,66.93995
ENSG00000158553,POM121L2,chr6,27285903,27312273,-1,2,0,0.955,36,1,28,1,0.0,24.0,0.0,0,0,65.50731111111111
ENSG00000124613,ZNF391,chr6,27374615,27405026,1,2,0,0.85,17,2,11,0,0.0,14.0,0.0,2,0,63.988151612903216
ENSG00000096654,ZNF184,chr6,27450743,27473141,-1,1,0,0.97,21,3,8,0,0.0,36.0,0.0,1,0,65.78217826086954
ENSG00000185130,H2BC13,chr6,27807479,27807929,-1,1,0,0.93,3,2,1,0,0.0,23.0,0.0,1,0,60.23245
ENSG00000196747,H2AC13,chr6,27808173,27808667,1,1,0,0.93,2,1,1,0,0.0,66.0,0.0,1,0,60.2151
ENSG00000278828,H3C10,chr6,27810051,27811300,1,1,0,0.99,5,1,4,0,0.0,654.0,0.0,1,0,60.182599999999994
ENSG00000276368,H2AC14,chr6,27814302,27814777,-1,1,0,1.01,2,1,1,0,0.0,31.0,0.0,1,0,60.1262
ENSG00000273703,H2BC14,chr6,27815022,27815489,1,0,315,,2,1,1,0,0.0,31.0,0.0,1,0,60.1199
ENSG00000197238,H4C11,chr6,27824092,27824480,1,1,0,1.07,2,1,1,0,0.0,234.0,0.0,1,0,60.0414
ENSG00000273542,H4C12,chr6,27830918,27831560,-1,1,0,1.08,2,1,1,0,0.0,232.0,0.0,1,0,60.02605
ENSG00000275221,H2AC15,chr6,27835508,27838375,-1,1,0,0.98,11,1,10,0,0.0,61.0,0.0,1,0,60.045199999999994
ENSG00000233822,H2BC15,chr6,27838545,27855709,1,1,0,0.98,14,2,11,0,0.0,24.0,0.0,1,0,60.16621111111111
ENSG00000276903,H2AC16,chr6,27865317,27865798,1,1,0,1.06,3,2,1,0,0.0,64.0,0.0,1,0,60.5667
ENSG00000184357,H1-5,chr6,27866792,27867588,-1,1,0,1.02,2,1,1,0,0.0,212.0,0.0,1,0,60.629549999999995
ENSG00000275379,H3C11,chr6,27871845,27872346,-1,1,0,1.06,3,1,2,0,0.0,645.0,0.0,1,0,60.7828
ENSG00000275126,H4C13,chr6,27873148,27873534,-1,1,0,1.24,2,1,1,0,0.0,236.0,0.0,1,0,60.83755
ENSG00000197153,H3C12,chr6,27890315,27893106,-1,2,0,1.005,10,2,8,0,0.0,649.0,0.0,1,0,61.623125
ENSG00000278677,H2AC17,chr6,27892699,27893185,-1,1,0,0.96,3,1,2,0,0.0,58.0,0.0,1,0,61.6981
ENSG00000274641,H2BC17,chr6,27893425,27893891,1,1,0,0.93,3,2,1,0,0.0,27.0,0.0,1,0,61.7236
ENSG00000168131,OR2B2,chr6,27911185,27912396,-1,0,17368,,1,0,0,1,0.0,6.0,0.0,0,0,62.73195
ENSG00000124657,OR2B6,chr6,27957241,27958182,1,0,63424,,2,1,1,0,0.0,28.0,0.0,0,0,65.7909
ENSG00000182477,OR2B8,chr6,28053228,28054165,-1,0,50521,,2,0,0,1,0.0,2.0,0.0,0,0,70.8056
ENSG00000197279,ZNF165,chr6,28080568,28089563,1,0,15123,,11,2,6,0,0.0,41.0,0.0,1,0,71.49922000000001
ENSG00000196812,ZSCAN16,chr6,28107689,28130082,1,0,2541,,19,2,10,0,0.0,22.0,0.0,1,0,71.72171739130435
ENSG00000198315,ZKSCAN8,chr6,28141732,28159461,1,1,0,0.78,11,2,2,0,0.0,9.0,0.0,1,0,71.60304444444444
ENSG00000226314,ZKSCAN8P1,chr6,28161769,28169594,1,0,19608,,8,1,6,0,0.0,6.0,0.0,0,0,71.48504444444444
ENSG00000137185,ZSCAN9,chr6,28224886,28233487,1,1,0,0.89,9,1,5,0,0.0,17.0,0.0,0,0,71.42065555555556
ENSG00000187626,ZKSCAN4,chr6,28241697,28252924,-1,1,0,0.86,11,1,8,0,0.0,36.0,0.0,1,0,71.69033333333333
ENSG00000189134,NKAPL,chr6,28259297,28260958,1,1,0,0.96,3,1,1,0,0.0,163.0,0.0,0,0,71.96033333333332
ENSG00000197062,ZSCAN26,chr6,28267058,28278224,1,0,3165,,10,2,7,0,0.0,27.0,0.0,1,0,72.30280833333333
ENSG00000276302,,chr6,28267121,28281580,1,1,0,0.84,12,3,8,0,0.0,0.0,0.0,1,0,72.36420625000001
ENSG00000137338,PGBD1,chr6,28281493,28303691,1,1,0,0.84,10,1,5,0,0.0,53.0,0.0,0,0,72.9527125
ENSG00000235109,ZSCAN31,chr6,28324693,28356271,-1,0,27074,,42,7,23,0,0.0,44.0,0.0,2,0,74.48438750000001
ENSG00000189298,ZKSCAN3,chr6,28349911,28369172,1,0,14173,,25,4,19,0,0.0,70.0,0.0,1,0,74.87638000000001
ENSG00000158691,ZSCAN12,chr6,28378821,28399747,-1,2,0,0.775,18,1,12,0,0.0,25.0,0.0,1,0,74.9762318181818
ENSG00000187987,ZSCAN23,chr6,28425321,28443502,-1,0,25447,,10,1,4,1,0.0,15.0,0.0,0,0,73.95275999999998
ENSG00000198704,GPX6,chr6,28503296,28528215,-1,0,58871,,16,0,8,1,0.0,58.0,0.0,0,0,71.4183153846154
ENSG00000224586,GPX5,chr6,28525881,28534955,1,0,52131,,7,0,5,1,0.0,124.0,0.0,0,0,71.26812
ENSG00000232040,SCAND3,chr6,28570535,28616212,-1,2,0,0.795,52,2,35,4,0.0,30.0,0.0,0,0,71.95820652173914
ENSG00000204713,TRIM27,chr6,28903002,28923988,-1,1,0,0.9,23,1,20,0,0.0,424.0,0.0,1,0,74.99242727272726
ENSG00000197935,ZNF311,chr6,28994040,29005648,-1,0,5239,,7,1,5,0,0.0,18.0,0.0,0,0,71.67984615384614
ENSG00000204704,OR2W1,chr6,29044213,29045175,-1,0,27335,,0,0,0,0,0.0,3.0,0.0,0,0,69.11234999999999
ENSG00000204703,OR2B3,chr6,29086208,29087313,-1,0,69330,,0,0,0,0,0.0,3.0,0.0,0,0,66.6752
ENSG00000204702,OR2J1,chr6,29099490,29102701,1,0,57003,,0,0,0,0,0.0,1.0,0.0,0,0,65.82554
ENSG00000204701,OR2J3,chr6,29108058,29114770,1,0,44934,,1,0,1,0,0.0,7.0,0.0,0,0,65.2001875
ENSG00000204700,OR2J2,chr6,29170907,29175811,1,0,4711,,1,0,0,1,0.0,1.0,0.0,0,0,61.28756666666666
ENSG00000204695,OR14J1,chr6,29301701,29313017,1,0,135505,,1,0,0,0,0.0,4.0,0.0,0,0,52.39899166666667
ENSG00000243729,OR5V1,chr6,29353749,29431967,-1,0,121366,,19,0,4,3,0.0,9.0,0.0,0,0,49.26111012658228
ENSG00000112462,OR12D3,chr6,29373423,29375291,-1,0,178042,,0,0,0,0,0.0,45.0,0.0,0,0,49.41253333333333
ENSG00000280236,OR12D2,chr6,29395631,29398008,1,0,155325,,0,0,0,0,0.0,9.0,0.0,0,0,49.042833333333334
ENSG00000251608,OR12D1,chr6,29414928,29418905,1,0,134428,,3,0,1,0,0.0,1.0,0.0,0,0,49.021820000000005
ENSG00000204694,OR11A1,chr6,29425504,29457071,-1,0,96262,,11,0,5,1,0.0,2.0,0.0,0,0,49.34182812499999
ENSG00000206474,OR10C1,chr6,29439306,29440977,1,0,112356,,1,0,0,0,0.0,1.0,0.0,0,0,49.296366666666664
ENSG00000204688,OR2H1,chr6,29457155,29464328,1,0,89005,,4,0,2,2,0.0,13.0,0.0,0,0,49.741975000000004
ENSG00000204687,MAS1L,chr6,29486697,29487956,-1,0,65377,,3,0,0,2,0.0,280.0,0.0,0,0,50.45925
ENSG00000237988,OR2I1,chr6,29550407,29557773,1,1,0,0.94,6,0,5,0,0.0,10.0,0.0,0,0,51.79791111111111
ENSG00000213886,UBD,chr6,29555515,29559732,-1,0,1459,,3,1,1,0,0.0,207.0,0.0,0,0,51.83948
ENSG00000204681,GABBR1,chr6,29555629,29633976,-1,2,0,0.725,80,4,52,8,0.0,356.0,0.0,3,0,51.879355696202545
ENSG00000204657,OR2H2,chr6,29585121,29590500,1,0,31065,,7,0,0,4,0.0,21.0,0.0,0,0,51.973099999999995
ENSG00000204655,MOG,chr6,29656598,29674431,1,0,6401,,21,1,18,0,0.0,595.0,0.0,0,0,51.18814999999999
ENSG00000204644,ZFP57,chr6,29672483,29681155,-1,0,22286,,17,1,14,0,0.0,109.0,0.0,0,0,51.01511
ENSG00000204642,HLA-F,chr6,29722738,29738528,1,1,0,0.87,31,4,27,0,0.0,238.0,0.0,1,0,50.35731764705882
ENSG00000204632,HLA-G,chr6,29826967,29831125,1,1,0,0.79,5,2,1,0,0.0,991.0,0.0,0,0,51.929919999999996
ENSG00000206503,HLA-A,chr6,29941260,29949572,1,1,0,0.88,21,4,17,0,0.0,966.0,0.0,2,0,53.905190000000005
ENSG00000066379,POLR1H,chr6,30058899,30064909,1,1,0,1.08,11,4,6,0,0.0,60.0,0.0,1,0,55.526714285714284
ENSG00000204619,PPP1R11,chr6,30066709,30070333,1,0,771,,6,3,2,0,0.0,36.0,0.0,1,0,55.771350000000005
ENSG00000204618,RNF39,chr6,30070266,30075849,-1,2,0,0.86,13,1,11,0,0.0,65.0,0.0,0,0,55.94994285714286
ENSG00000204616,TRIM31,chr6,30102886,30113090,-1,1,0,0.89,17,1,12,1,,,,0,0,57.516681818181816
ENSG00000204614,TRIM40,chr6,30136028,30151592,1,0,8195,,13,2,8,1,0.0,49.0,0.0,0,0,59.24736470588235
ENSG00000204613,TRIM10,chr6,30151943,30161211,-1,0,10730,,20,0,15,2,0.0,61.0,0.0,0,0,59.833040000000004
ENSG00000204610,TRIM15,chr6,30163194,30173160,1,1,0,0.82,16,1,10,3,0.0,61.0,0.0,0,0,60.35932727272727
ENSG00000234127,TRIM26,chr6,30184446,30213435,-1,1,0,0.91,37,1,32,0,0.0,115.0,0.0,1,0,61.69727999999999
ENSG00000204599,TRIM39,chr6,30325880,30344265,1,1,0,0.94,21,5,14,0,0.0,97.0,0.0,1,0,67.43294736842105
ENSG00000248167,TRIM39-RPP21,chr6,30328907,30346854,1,1,0,0.83,18,1,15,0,0.0,1.0,0.0,1,0,67.57288947368421
ENSG00000241370,RPP21,chr6,30345125,30346884,1,1,0,0.83,5,1,4,0,0.0,13.0,0.0,1,0,67.94946666666667
ENSG00000204592,HLA-E,chr6,30489503,30494205,1,1,0,0.87,12,1,11,0,0.0,500.0,0.0,1,0,75.36846
ENSG00000204590,GNL1,chr6,30541381,30556603,-1,2,0,0.78,20,2,17,0,0.0,46.0,0.0,2,0,77.74869999999999
ENSG00000204576,PRR3,chr6,30557274,30563723,1,1,0,0.81,10,1,5,0,0.0,15.0,0.0,1,0,78.15542500000001
ENSG00000204574,ABCF1,chr6,30571393,30597179,1,1,0,0.96,24,2,18,2,0.0,74.0,0.0,1,0,78.8923925925926
ENSG00000204569,PPP1R10,chr6,30600400,30618612,-1,1,0,1.02,36,3,31,0,0.0,71.0,0.0,1,0,79.591305
ENSG00000204568,MRPS18B,chr6,30617823,30626398,1,1,0,1.02,8,1,4,0,0.0,35.0,0.0,2,0,79.8999
ENSG00000137343,ATAT1,chr6,30626842,30646835,1,0,109,,15,2,10,0,0.0,176.0,0.0,2,0,80.23221428571428
ENSG00000204564,C6orf136,chr6,30647033,30653210,1,1,0,0.86,12,2,7,0,0.0,50.0,0.0,1,0,80.49009999999998
ENSG00000204560,DHX16,chr6,30653119,30673013,-1,1,0,0.93,17,2,12,0,0.0,231.0,0.0,2,0,80.69779047619048
ENSG00000146112,PPP1R18,chr6,30676389,30687895,-1,1,0,0.69,31,6,25,0,0.0,188.0,0.0,1,0,80.91805384615385
ENSG00000137404,NRM,chr6,30688047,30691420,-1,1,0,0.66,11,3,8,0,0.0,20.0,0.0,2,0,80.970125
ENSG00000137337,MDC1,chr6,30699807,30717562,-1,1,0,0.87,21,3,16,0,0.0,231.0,0.0,1,0,80.97133684210526
ENSG00000196230,TUBB,chr6,30717435,30725538,1,2,0,0.91,26,6,20,0,0.0,479.0,0.0,1,0,80.87234
ENSG00000137312,FLOT1,chr6,30727709,30743075,-1,1,0,0.76,30,2,27,0,0.0,189.0,0.0,2,0,80.625125
ENSG00000137331,IER3,chr6,30743199,30744550,-1,1,0,0.76,6,1,5,0,0.0,406.0,0.0,1,0,80.4153
ENSG00000204580,DDR1,chr6,30876421,30900978,1,1,0,0.86,60,10,49,0,0.0,677.0,0.0,0,0,71.38252307692309
ENSG00000213780,GTF2H4,chr6,30907522,30914119,1,2,0,0.885,12,2,10,0,0.0,230.0,0.0,2,0,70.06198571428571
ENSG00000137411,VARS2,chr6,30914205,30926484,1,1,0,0.87,14,1,12,1,0.0,88.0,0.0,1,0,69.59643846153845
ENSG00000196260,SFTA2,chr6,30931353,30955636,-1,1,0,0.8,27,6,17,1,0.0,155.0,0.0,1,0,68.51959615384615
ENSG00000310558,,chr6,30934523,30938824,1,0,16607,,3,0,3,0,0.0,0.0,0.0,0,0,68.79162
ENSG00000168631,MUCL3,chr6,30940973,30954221,1,0,1210,,8,0,5,1,0.0,37.0,0.0,0,0,68.34711428571428
ENSG00000204544,MUC21,chr6,30983718,30989903,1,0,27932,,6,1,4,0,0.0,77.0,0.0,0,0,66.9440857142857
ENSG00000261272,MUC22,chr6,31010474,31035402,1,0,54688,,20,0,14,1,0.0,77.0,0.0,0,0,65.94927692307692
ENSG00000204542,C6orf15,chr6,31111223,31112575,-1,0,45733,,3,0,3,0,0.0,54.0,0.0,0,0,64.85730000000001
ENSG00000204540,PSORS1C1,chr6,31114750,31140092,1,0,18216,,35,4,27,2,0.0,60.0,0.0,0,0,64.90983461538461
ENSG00000204539,CDSN,chr6,31115087,31120446,-1,0,37862,,5,1,4,0,0.0,255.0,0.0,0,0,64.86721666666666
ENSG00000204538,PSORS1C2,chr6,31137534,31139066,-1,0,19242,,4,2,2,0,0.0,151.0,0.0,0,0,64.97
ENSG00000204536,CCHCR1,chr6,31142439,31158238,-1,0,70,,18,3,12,2,0.0,279.0,0.0,1,0,65.06759999999998
ENSG00000137310,TCF19,chr6,31158331,31167159,1,1,0,0.97,18,2,15,0,0.0,142.0,0.0,1,0,65.19426
ENSG00000204531,POU5F1,chr6,31164337,31180731,-1,1,0,0.82,30,2,28,0,3.0,712.0,1.0,0,0,65.31085
ENSG00000204525,HLA-C,chr6,31268749,31272130,-1,1,0,0.84,10,1,9,0,0.0,1084.0,0.0,1,0,67.584825
ENSG00000234745,HLA-B,chr6,31353867,31367067,-1,1,0,0.9,22,4,16,1,0.0,942.0,0.0,1,0,72.97607857142857
ENSG00000204520,MICA,chr6,31399784,31415315,1,2,0,0.795,23,3,17,0,0.0,412.0,0.0,1,0,75.43690000000001
ENSG00000204516,MICB,chr6,31494881,31511124,1,1,0,0.79,20,2,15,0,0.0,235.0,0.0,2,0,77.40891176470589
ENSG00000204511,MCCD1,chr6,31528962,31530232,1,0,11659,,4,1,3,0,0.0,12.0,0.0,0,0,77.96055
ENSG00000198563,DDX39B,chr6,31530218,31542451,-1,1,0,0.93,25,5,16,0,0.0,116.0,0.0,1,0,78.13592307692308
ENSG00000254870,ATP6V1G2-DDX39B,chr6,31530219,31546608,-1,1,0,0.93,33,6,22,0,0.0,17.0,0.0,1,0,78.20832777777777
ENSG00000213760,ATP6V1G2,chr6,31544444,31548427,-1,0,2325,,8,2,6,0,0.0,74.0,0.0,1,0,78.42732
ENSG00000204498,NFKBIL1,chr6,31546870,31558829,1,0,4751,,17,2,14,0,0.0,63.0,0.0,2,0,78.65239230769231
ENSG00000226979,LTA,chr6,31572054,31574324,1,0,6335,,8,3,5,0,0.0,1045.0,0.0,2,0,79.3596
ENSG00000232810,TNF,chr6,31575565,31578336,1,0,2323,,10,1,9,0,0.0,4041.0,0.0,2,0,79.51206666666667
ENSG00000227507,LTB,chr6,31580525,31582522,-1,1,0,0.86,7,2,5,0,0.0,613.0,0.0,1,0,79.70656666666667
ENSG00000204482,LST1,chr6,31586124,31588910,1,0,4624,,7,4,3,0,0.0,92.0,0.0,3,0,79.9246
ENSG00000204475,NCR3,chr6,31588895,31593217,-1,0,7395,,6,3,3,0,0.0,222.0,0.0,1,0,80.065
ENSG00000204472,AIF1,chr6,31615217,31617021,1,0,2981,,3,2,1,0,0.0,826.0,0.0,0,0,81.07376666666666
ENSG00000204469,PRRC2A,chr6,31620715,31637771,1,2,0,0.87,39,3,32,0,0.0,175.0,0.0,2,0,81.59441111111113
ENSG00000291302,,chr6,31622774,31622860,1,0,1527,,1,0,1,0,0.0,0.0,0.0,1,0,81.3484
ENSG00000289282,,chr6,31623874,31625499,1,0,2627,,4,1,2,0,0.0,4.0,0.0,0,0,81.4063
ENSG00000204463,BAG6,chr6,31638544,31652747,-1,1,0,1.07,18,2,15,0,0.0,168.0,0.0,3,0,82.18777999999999
ENSG00000204444,APOM,chr6,31652416,31658210,1,2,0,0.975,15,3,9,0,0.0,245.0,0.0,2,0,82.48587142857143
ENSG00000204439,C6orf47,chr6,31658298,31660778,-1,1,0,1.03,6,1,5,0,0.0,47.0,0.0,1,0,82.6267
ENSG00000204438,GPANK1,chr6,31661228,31666283,-1,1,0,0.78,15,5,9,0,0.0,37.0,0.0,2,0,82.74723333333333
ENSG00000204435,CSNK2B,chr6,31665227,31670343,1,1,0,0.78,12,8,3,0,0.0,192.0,0.0,1,0,82.86428333333333
ENSG00000263020,,chr6,31666102,31673546,1,1,0,0.78,12,4,4,0,0.0,0.0,0.0,1,0,82.93531111111112
ENSG00000240053,LY6G5B,chr6,31669976,31673776,1,0,3660,,6,1,2,0,0.0,14.0,0.0,0,0,82.99199999999999
ENSG00000204428,LY6G5C,chr6,31676684,31684040,-1,2,0,0.855,12,1,9,1,0.0,16.0,0.0,1,0,83.22222500000001
ENSG00000204427,ABHD16A,chr6,31686954,31703356,-1,1,0,0.76,33,4,28,0,0.0,60.0,0.0,1,0,83.58740588235295
ENSG00000204424,LY6G6F,chr6,31706866,31710679,1,0,3369,,8,0,6,0,0.0,113.0,0.0,0,0,83.91601999999999
ENSG00000250641,LY6G6F-LY6G6D,chr6,31706904,31717918,1,0,3407,,22,2,18,0,0.0,4.0,0.0,0,0,83.99384166666668
ENSG00000244355,LY6G6D,chr6,31715348,31717919,1,0,5729,,5,1,4,0,0.0,73.0,0.0,0,0,84.08235
ENSG00000204420,MPIG6B,chr6,31718594,31726714,1,1,0,0.78,18,3,15,0,0.0,288.0,0.0,0,0,84.22136666666668
ENSG00000204421,LY6G6C,chr6,31718648,31721746,-1,0,1902,,8,2,6,0,0.0,17.0,0.0,0,0,84.16865
ENSG00000213722,DDAH2,chr6,31727038,31730617,-1,2,0,0.745,10,2,8,0,0.0,246.0,0.0,1,0,84.34564
ENSG00000213719,CLIC1,chr6,31730581,31740558,-1,1,0,0.77,25,2,22,0,0.0,278.0,0.0,1,0,84.48162727272728
ENSG00000204410,MSH5,chr6,31739677,31762676,1,1,0,0.77,28,1,22,0,0.0,304.0,0.0,1,0,84.72792083333333
ENSG00000255152,MSH5-SAPCD1,chr6,31740020,31764851,1,1,0,0.77,33,2,26,0,0.0,226.0,0.0,1,0,84.73917307692308
ENSG00000228727,SAPCD1,chr6,31762656,31764851,1,0,22097,,5,1,4,0,0.0,33.0,0.0,0,0,84.8705
ENSG00000204396,VWA7,chr6,31765590,31777328,-1,0,18135,,28,2,24,0,0.0,37.0,0.0,1,0,84.90509166666668
ENSG00000204394,VARS1,chr6,31777518,31795950,-1,1,0,0.95,37,2,32,0,0.0,65.0,0.0,2,0,84.85798421052633
ENSG00000204392,LSM2,chr6,31797392,31806987,-1,1,0,0.96,8,1,6,0,0.0,118.0,0.0,2,0,84.64265454545453
ENSG00000204390,HSPA1L,chr6,31809619,31815788,-1,1,0,0.79,12,2,10,0,0.0,100.0,0.0,1,0,84.34022857142857
ENSG00000204389,HSPA1A,chr6,31815543,31817994,1,1,0,0.79,3,1,2,0,0.0,1194.0,0.0,2,0,84.19783333333334
ENSG00000204388,HSPA1B,chr6,31827738,31830254,1,1,0,0.85,3,1,2,0,0.0,483.0,0.0,2,0,83.65056666666668
ENSG00000204386,NEU1,chr6,31857063,31862905,-1,1,0,0.9,12,1,8,0,0.0,669.0,0.0,1,0,81.37762857142857
ENSG00000204385,SLC44A4,chr6,31863192,31879198,-1,0,21,,29,2,25,0,0.0,164.0,0.0,1,0,80.29203529411765
ENSG00000204371,EHMT2,chr6,31879758,31897723,-1,2,0,0.81,28,2,20,2,0.0,345.0,0.0,2,0,78.35895789473683
ENSG00000166278,C2,chr6,31897785,31945674,1,2,0,0.86,78,5,57,4,0.0,305.0,0.0,2,0,74.8608836734694
ENSG00000204366,ZBTB12,chr6,31899613,31902086,-1,2,0,0.86,8,2,6,0,0.0,30.0,0.0,1,0,77.02673333333334
ENSG00000244255,,chr6,31927698,31952048,1,0,6664,,38,1,24,1,0.0,1.0,0.0,0,0,73.1566
ENSG00000243649,CFB,chr6,31945650,31952086,1,0,6626,,16,0,12,0,0.0,715.0,0.0,0,0,72.44017142857142
ENSG00000204356,NELFE,chr6,31952087,31959038,-1,1,0,1.05,8,3,4,0,0.0,225.0,0.0,1,0,72.0161875
ENSG00000204351,SKIC2,chr6,31959116,31969852,1,1,0,1.05,22,2,17,0,0.0,156.0,0.0,1,0,71.54460833333334
ENSG00000204348,DXO,chr6,31969810,31972509,-1,1,0,0.86,9,3,6,0,0.0,19.0,0.0,1,0,71.26095
ENSG00000204344,WHR1,chr6,31971091,31982821,1,1,0,0.86,18,3,12,0,0.0,67.0,0.0,2,0,71.12068461538462
ENSG00000244731,C4A,chr6,31981991,32004877,1,0,9209,,3,0,0,0,0.0,1018.0,0.0,0,0,71.02125833333334
ENSG00000224389,C4B,chr6,32014730,32035973,1,0,41948,,3,0,2,0,0.0,743.0,0.0,0,0,71.85839090909091
ENSG00000231852,CYP21A2,chr6,32038298,32042321,1,0,36717,,8,1,7,0,0.0,212.0,0.0,0,0,72.51111999999999
ENSG00000168477,TNXB,chr6,32041153,32115334,-1,3,0,0.7967,118,5,95,4,0.0,297.0,0.0,0,0,74.214908
ENSG00000213676,ATF6B,chr6,32115264,32128253,-1,0,17997,,17,1,14,0,0.0,104.0,0.0,1,0,75.49430714285714
ENSG00000204315,FKBPL,chr6,32128697,32131070,-1,0,17743,,6,1,5,0,0.0,119.0,0.0,1,0,75.54090000000001
ENSG00000221988,PPT2,chr6,32146580,32163679,1,3,0,0.8333,29,6,17,0,0.0,57.0,0.0,1,0,75.3648888888889
ENSG00000204314,PRRT1,chr6,32148323,32153083,-1,2,0,0.845,12,2,10,0,0.0,47.0,0.0,1,0,75.43251666666666
ENSG00000285085,,chr6,32150495,32154373,-1,2,0,0.78,11,6,5,0,0.0,0.0,0.0,1,0,75.4154
ENSG00000258388,PPT2-EGFL8,chr6,32153845,32171978,1,2,0,0.725,25,3,17,0,0.0,8.0,0.0,1,0,75.25075263157895
ENSG00000241404,EGFL8,chr6,32163918,32168453,1,1,0,0.64,9,1,8,0,0.0,45.0,0.0,0,0,75.2041
ENSG00000204310,AGPAT1,chr6,32168205,32178096,-1,0,786,,21,8,11,0,0.0,274.0,0.0,1,0,75.06864545454545
ENSG00000204308,RNF5,chr6,32178405,32180793,1,0,10986,,6,3,3,0,0.0,313.0,0.0,1,0,74.9308
ENSG00000204305,AGER,chr6,32180963,32184344,-1,0,11171,,12,1,11,0,0.0,1016.0,0.0,1,0,74.8618
ENSG00000204304,PBX2,chr6,32184733,32190202,-1,0,5313,,15,2,13,0,0.0,88.0,0.0,1,0,74.73965000000001
ENSG00000213654,GPSM3,chr6,32190766,32195523,-1,1,0,0.75,11,2,9,0,0.0,98.0,0.0,2,0,74.58151666666667
ENSG00000204301,NOTCH4,chr6,32194843,32224111,-1,1,0,0.75,38,1,30,2,0.0,329.0,0.0,1,0,74.07313666666664
ENSG00000204296,TSBP1,chr6,32288526,32371907,-1,0,91920,,45,1,20,7,0.0,64.0,0.0,0,0,66.76108214285713
ENSG00000204290,BTNL2,chr6,32393339,32407181,-1,0,114784,,12,0,6,3,0.0,152.0,0.0,0,0,61.71098666666667
ENSG00000204287,HLA-DRA,chr6,32439872,32445047,1,0,76918,,11,1,10,0,0.0,321.0,0.0,1,0,59.381783333333324
ENSG00000198502,HLA-DRB5,chr6,32517345,32530369,-1,1,0,0.88,13,1,11,0,0.0,260.0,0.0,0,0,54.604021428571436
ENSG00000196126,HLA-DRB1,chr6,32577902,32589848,-1,1,0,0.82,16,1,15,0,0.0,976.0,0.0,1,0,50.680907692307706
ENSG00000196735,HLA-DQA1,chr6,32628179,32647062,1,0,17319,,24,1,22,0,0.0,528.0,0.0,0,0,49.45091
ENSG00000179344,HLA-DQB1,chr6,32659467,32668383,-1,1,0,0.84,15,4,11,0,0.0,651.0,0.0,1,0,50.02813
ENSG00000237541,HLA-DQA2,chr6,32741391,32747198,1,0,14367,,8,1,2,0,0.0,559.0,0.0,0,0,54.89935714285714
ENSG00000232629,HLA-DQB2,chr6,32756094,32763543,-1,1,0,1.09,6,0,5,1,0.0,288.0,0.0,0,0,55.9612
ENSG00000241106,HLA-DOB,chr6,32812763,32820466,-1,0,18041,,12,2,10,0,0.0,74.0,0.0,0,0,59.132712500000004
ENSG00000250264,,chr6,32813767,32838822,-1,1,0,0.83,31,4,27,0,0.0,1.0,0.0,1,0,59.60675
ENSG00000204267,TAP2,chr6,32821833,32838784,-1,1,0,0.83,17,2,15,0,0.0,319.0,0.0,1,0,59.79584444444444
ENSG00000204264,PSMB8,chr6,32840717,32844679,-1,1,0,0.85,9,2,7,0,0.0,402.0,0.0,2,0,60.36841999999999
ENSG00000240065,PSMB9,chr6,32844136,32860734,1,1,0,0.72,31,4,24,0,0.0,407.0,0.0,2,0,60.791588888888896
ENSG00000168394,TAP1,chr6,32845206,32854018,-1,1,0,0.72,20,2,16,0,0.0,404.0,0.0,2,0,60.659119999999994
ENSG00000242574,HLA-DMB,chr6,32934629,32941054,-1,0,27065,,11,2,8,0,0.0,161.0,0.0,1,0,64.10141428571428
ENSG00000248993,,chr6,32937364,32953122,-1,0,14997,,31,4,24,0,0.0,0.0,0.0,2,0,64.28582941176471
ENSG00000204257,HLA-DMA,chr6,32948613,32969094,-1,1,0,0.71,28,4,23,0,0.0,232.0,0.0,1,0,64.60112380952381
ENSG00000204256,BRD2,chr6,32968594,32981505,1,2,0,0.775,35,7,28,0,0.0,1229.0,0.0,2,0,64.87665
ENSG00000204252,HLA-DOA,chr6,33004178,33009594,-1,1,0,0.73,7,1,5,0,0.0,134.0,0.0,0,0,65.12262857142856
ENSG00000231389,HLA-DPA1,chr6,33064569,33080781,-1,1,0,0.8,23,4,16,0,0.0,347.0,0.0,2,0,65.60754705882353
ENSG00000223865,HLA-DPB1,chr6,33073786,33089696,1,1,0,0.8,22,4,18,0,0.0,435.0,0.0,1,0,65.8153705882353
ENSG00000204248,COL11A2,chr6,33162681,33192766,-1,1,0,0.64,56,1,32,3,0.0,960.0,0.0,0,0,71.66799032258065
ENSG00000204231,RXRB,chr6,33193588,33200666,-1,1,0,0.81,17,2,15,0,0.0,289.0,0.0,1,0,73.36511250000001
ENSG00000112473,SLC39A7,chr6,33200305,33204439,1,1,0,0.81,10,2,8,0,0.0,111.0,0.0,2,0,73.75524
ENSG00000204228,HSD17B8,chr6,33204631,33206831,1,1,0,0.79,9,1,8,0,0.0,62.0,0.0,1,0,74.09863333333332
ENSG00000204227,RING1,chr6,33208491,33212722,1,1,0,0.82,10,1,5,0,0.0,150.0,0.0,1,0,74.47946666666667
ENSG00000223501,VPS52,chr6,33250272,33272047,-1,1,0,0.84,18,1,15,1,0.0,50.0,0.0,2,0,78.01643043478262
ENSG00000231500,RPS18,chr6,33272075,33276511,1,1,0,0.84,14,1,13,0,0.0,94.0,0.0,3,0,78.65058333333333
ENSG00000235863,B3GALT4,chr6,33277123,33284832,1,1,0,0.97,12,1,10,0,0.0,40.0,0.0,1,0,78.88304444444445
ENSG00000227057,WDR46,chr6,33279108,33289247,-1,1,0,0.83,12,2,8,0,0.0,31.0,0.0,1,0,78.97553636363638
ENSG00000204220,PFDN6,chr6,33288680,33298401,1,1,0,0.83,23,5,15,0,0.0,88.0,0.0,2,0,79.21576999999999
ENSG00000237441,RGL2,chr6,33291196,33299419,-1,1,0,0.74,17,2,13,0,0.0,44.0,0.0,1,0,79.24617777777777
ENSG00000231925,TAPBP,chr6,33299694,33314284,-1,2,0,0.755,20,1,18,0,0.0,178.0,0.0,3,0,79.39803333333334
ENSG00000236104,ZBTB22,chr6,33314406,33318021,-1,2,0,0.99,11,2,9,0,0.0,41.0,0.0,2,0,79.43358
ENSG00000204209,DAXX,chr6,33318558,33323259,-1,2,0,0.845,10,1,9,0,4.0,352.0,1.0,2,0,79.4166
ENSG00000285064,,chr6,33321386,33329286,-1,1,0,0.9,14,1,12,1,0.0,0.0,0.0,1,0,79.38491111111111
ENSG00000286920,SMIM40,chr6,33323628,33329279,-1,0,318,,8,0,7,1,0.0,0.0,0.0,1,0,79.37181666666667
ENSG00000237649,KIFC1,chr6,33391429,33410441,1,2,0,0.9,22,0,17,0,0.0,154.0,0.0,2,0,76.80873000000001
ENSG00000112511,PHF1,chr6,33410382,33416453,1,2,0,0.875,16,2,14,0,0.0,123.0,0.0,3,0,76.1787
ENSG00000112514,CUTA,chr6,33416442,33418381,-1,1,0,0.81,6,2,4,0,0.0,37.0,0.0,1,0,75.97403333333334
ENSG00000197283,SYNGAP1,chr6,33419661,33453689,1,1,0,0.84,72,5,66,0,0.0,208.0,0.0,6,0,74.95920857142856
ENSG00000213588,ZBTB9,chr6,33453970,33457544,1,1,0,0.93,4,1,3,0,0.0,33.0,0.0,1,0,74.01895999999999
ENSG00000030110,BAK1,chr6,33572547,33580305,-1,0,985,,13,1,12,0,0.0,511.0,0.0,1,0,68.968575
ENSG00000096433,ITPR3,chr6,33620365,33696574,1,3,0,0.9033,134,2,116,6,0.0,461.0,0.0,5,0,65.8232717948718
ENSG00000137288,UQCC2,chr6,33690635,33711727,-1,1,0,0.92,48,2,44,0,0.0,81.0,0.0,3,0,64.25323636363636
ENSG00000161896,IP6K3,chr6,33721315,33750520,-1,0,9391,,69,1,67,0,0.0,91.0,0.0,0,0,63.0478193548387
ENSG00000161904,LEMD2,chr6,33771202,33789148,-1,2,0,0.855,36,2,31,0,0.0,340.0,0.0,1,0,61.772984210526324
ENSG00000096395,MLN,chr6,33794673,33804003,-1,0,5444,,19,0,18,0,0.0,447.0,0.0,0,0,61.42586
ENSG00000124493,GRM4,chr6,34018643,34155622,-1,4,0,0.8225,230,5,208,3,0.0,143.0,0.0,0,0,72.82177826086956
ENSG00000137309,HMGA1,chr6,34235618,34246236,1,1,0,0.82,32,3,29,0,0.0,693.0,0.0,2,0,78.96450909090909
ENSG00000186577,SMIM29,chr6,34246381,34249108,-1,1,0,0.81,8,3,5,0,0.0,33.0,0.0,1,0,78.88852499999999
ENSG00000272325,NUDT3,chr6,34279679,34392677,-1,1,0,1.15,138,1,129,0,0.0,52.0,0.0,2,0,77.56821140350877
ENSG00000270800,RPS10-NUDT3,chr6,34284887,34426071,-1,2,0,0.94,169,4,155,0,0.0,0.0,0.0,3,0,77.37941619718309
ENSG00000124614,RPS10,chr6,34417447,34426237,-1,1,0,0.73,18,3,15,0,0.0,91.0,0.0,1,0,76.83126
ENSG00000124507,PACSIN1,chr6,34466061,34535229,1,3,0,0.8633,108,2,81,2,0.0,84.0,0.0,1,0,77.76985857142859
ENSG00000124664,SPDEF,chr6,34537796,34556333,-1,1,0,0.7,33,2,31,0,0.0,195.0,0.0,0,0,79.29634210526315
ENSG00000196821,ILRUN,chr6,34587288,34696881,-1,1,0,0.94,140,4,122,1,0.0,183.0,0.0,5,0,82.3572981981982
ENSG00000124562,SNRPC,chr6,34757454,34773857,1,1,0,1.16,12,1,11,0,0.0,101.0,0.0,1,0,80.84865555555555
ENSG00000065060,BLTP3A,chr6,34792083,34877514,1,1,0,0.99,76,1,64,2,0.0,128.0,0.0,1,0,78.9547103448276
ENSG00000064995,TAF11,chr6,34877462,34889192,-1,2,0,0.84,14,3,6,0,0.0,44.0,0.0,1,0,77.22334615384615
ENSG00000064999,ANKS1A,chr6,34889243,35091421,1,1,0,0.76,280,3,270,0,0.0,87.0,0.0,1,0,68.95212794117647
ENSG00000124678,TCP11,chr6,35118071,35148610,-1,1,0,0.85,31,3,19,4,0.0,55.0,0.0,0,0,67.62474375000001
ENSG00000146197,SCUBE3,chr6,35213859,35253080,1,1,0,0.99,50,1,48,1,0.0,154.0,0.0,0,0,74.52347499999999
ENSG00000065029,ZNF76,chr6,35258909,35295985,1,1,0,0.87,50,1,37,3,0.0,51.0,0.0,1,0,75.2307052631579
ENSG00000023892,DEF6,chr6,35297818,35321909,1,1,0,0.83,45,1,44,0,0.0,286.0,0.0,6,0,75.039844
ENSG00000112033,PPARD,chr6,35342530,35428193,1,1,0,0.99,136,2,127,0,0.0,582.0,0.0,3,0,74.35018139534884
ENSG00000112039,FANCE,chr6,35452318,35467106,1,1,0,0.8,19,1,16,0,0.0,234.0,0.0,2,0,74.47416875
ENSG00000198755,RPL10A,chr6,35468366,35470785,1,1,0,0.85,10,2,8,0,0.0,115.0,0.0,1,0,74.51565
ENSG00000007866,TEAD3,chr6,35473597,35497079,-1,2,0,0.785,58,2,56,0,0.0,78.0,0.0,0,0,74.5492375
ENSG00000112041,TULP1,chr6,35497874,35512896,-1,2,0,0.775,26,1,19,0,0.0,329.0,0.0,1,0,74.53354374999999
ENSG00000096060,FKBP5,chr6,35572945,35728622,-1,2,0,1.01,219,3,201,4,0.0,497.0,0.0,14,0,73.89437261146496
ENSG00000157343,ARMC12,chr6,35737032,35749079,1,0,4856,,12,0,11,0,0.0,158.0,0.0,0,0,73.56920769230769
ENSG00000196748,CLPSL2,chr6,35776535,35779557,1,1,0,0.87,6,1,4,0,0.0,37.0,0.0,0,0,72.5938
ENSG00000204140,CLPSL1,chr6,35781019,35793675,1,1,0,0.88,25,0,21,1,0.0,16.0,0.0,0,0,72.26212857142856
ENSG00000137392,CLPS,chr6,35794982,35798251,-1,0,7845,,9,1,8,0,0.0,91.0,0.0,0,0,71.91307499999999
ENSG00000197753,LHFPL5,chr6,35797206,35845397,1,0,10069,,38,3,26,1,0.0,55.0,0.0,0,0,70.90915714285714
ENSG00000096063,SRPK1,chr6,35832966,35921342,-1,1,0,1.02,69,1,48,5,0.0,181.0,0.0,2,0,68.98504269662921
ENSG00000112053,SLC26A8,chr6,35943516,36028767,-1,1,0,0.77,75,4,52,4,0.0,222.0,0.0,1,0,66.70112093023256
ENSG00000112062,MAPK14,chr6,36027738,36122511,1,1,0,0.77,118,3,103,1,0.0,1213.0,0.0,6,0,63.74530416666666
ENSG00000156711,MAPK13,chr6,36127809,36144524,1,1,0,0.81,36,2,33,0,0.0,199.0,0.0,2,0,62.59636666666667
ENSG00000096070,BRPF3,chr6,36196006,36232790,1,1,0,0.94,59,4,52,0,0.0,42.0,0.0,1,0,65.5291394736842
ENSG00000180316,PNPLA1,chr6,36243203,36313955,1,0,45775,,87,2,68,4,0.0,92.0,0.0,0,0,68.88570555555556
ENSG00000189325,BNIP5,chr6,36315757,36337010,-1,0,50490,,34,0,30,0,0.0,22.0,0.0,0,0,70.46627727272725
ENSG00000010030,ETV7,chr6,36354091,36387800,-1,1,0,0.8,53,2,39,2,0.0,112.0,0.0,1,0,71.01508857142856
ENSG00000179165,PXT1,chr6,36390551,36442854,-1,2,0,1.125,43,2,28,3,0.0,22.0,0.0,2,0,71.35126792452832
ENSG00000112078,KCTD20,chr6,36442767,36491143,1,1,0,1.09,37,1,34,0,0.0,29.0,0.0,1,0,71.79730612244897
ENSG00000112079,STK38,chr6,36493880,36547516,-1,1,0,1.03,56,1,53,0,0.0,219.0,0.0,3,0,72.19551818181819
ENSG00000112081,SRSF3,chr6,36593787,36605911,1,1,0,1.06,30,2,28,0,0.0,241.0,0.0,3,0,72.25560769230768
ENSG00000124762,CDKN1A,chr6,36676441,36687397,1,2,0,0.795,30,3,27,0,0.0,1387.0,0.0,2,0,72.69744999999999
ENSG00000255587,RAB44,chr6,36697826,36733184,1,0,13468,,51,1,39,2,0.0,59.0,0.0,0,0,73.40895555555556
ENSG00000124772,CPNE5,chr6,36740775,36839444,-1,1,0,0.74,169,3,144,3,0.0,65.0,0.0,1,0,75.9595414141414
ENSG00000137168,PPIL1,chr6,36854825,36875003,-1,1,0,0.88,27,3,24,0,0.0,134.0,0.0,1,0,78.5712619047619
ENSG00000198663,C6orf89,chr6,36871870,36928964,1,2,0,0.88,70,4,61,0,0.0,30.0,0.0,3,0,79.36738275862069
ENSG00000164530,PI16,chr6,36948263,36965993,1,2,0,0.8,39,3,35,0,0.0,109.0,0.0,1,0,80.21113684210525
ENSG00000137409,MTCH1,chr6,36965807,36986298,-1,1,0,1.07,48,3,45,0,0.0,47.0,0.0,1,0,80.39226666666666
ENSG00000146192,FGD2,chr6,37005645,37029299,1,0,15534,,45,1,41,0,0.0,53.0,0.0,0,0,80.65286666666667
ENSG00000137193,PIM1,chr6,37170152,37175428,1,1,0,0.95,16,1,15,0,5.0,524.0,1.0,1,0,80.34863333333332
ENSG00000172738,TMEM217,chr6,37212180,37258155,-1,1,0,0.71,55,2,40,3,0.0,27.0,0.0,1,0,80.46120212765958
ENSG00000286105,TMEM217B,chr6,37212181,37258144,-1,1,0,0.71,55,2,40,3,0.0,14.0,0.0,1,0,80.46120212765958
ENSG00000065491,TBC1D22B,chr6,37257772,37332970,1,1,0,0.71,109,2,102,0,0.0,27.0,0.0,2,0,79.65234605263159
ENSG00000112130,RNF8,chr6,37353979,37394734,1,1,0,0.81,42,1,38,1,0.0,153.0,0.0,1,0,77.15164047619048
ENSG00000137200,CMTR1,chr6,37433094,37482827,1,0,16792,,53,1,48,0,0.0,44.0,0.0,2,0,73.89535490196079
ENSG00000198937,CCDC167,chr6,37482920,37499894,-1,1,0,0.79,38,1,36,0,0.0,37.0,0.0,4,0,72.33180000000002
ENSG00000112139,MDGA1,chr6,37630679,37699306,-1,5,0,0.862,100,3,89,0,0.0,85.0,0.0,2,0,66.31233188405795
ENSG00000156639,ZFAND3,chr6,37819429,38154624,1,1,0,0.85,356,3,269,19,0.0,54.0,0.0,2,0,55.718863798219594
ENSG00000183826,BTBD9,chr6,38168451,38640172,-1,1,0,0.98,461,3,359,18,0.0,88.0,0.0,2,0,51.866662367864684
ENSG00000124767,GLO1,chr6,38675925,38703145,-1,1,0,0.94,26,1,14,2,0.0,342.0,0.0,1,0,60.204175000000006
ENSG00000124721,DNAH8,chr6,38715311,39030792,1,1,0,0.78,212,3,123,17,0.0,838.0,0.0,0,0,56.19916687697161
ENSG00000112164,GLP1R,chr6,39048781,39091303,1,1,0,0.7,58,1,51,0,0.0,1124.0,0.0,0,0,54.32344883720931
ENSG00000112167,SAYSD1,chr6,39104063,39115193,-1,1,0,0.89,20,2,12,3,0.0,133.0,0.0,2,0,54.82872500000001
ENSG00000164626,KCNK5,chr6,39188128,39229559,-1,1,0,0.82,79,1,74,0,0.0,149.0,0.0,0,0,56.33948604651163
ENSG00000124780,KCNK17,chr6,39298998,39314461,-1,2,0,0.87,20,1,11,5,0.0,62.0,0.0,0,0,54.16815625
ENSG00000095981,KCNK16,chr6,39314698,39322968,-1,0,259,,10,2,8,0,0.0,53.0,0.0,0,0,53.51685555555556
ENSG00000164627,KIF6,chr6,39329990,39725408,-1,1,0,0.84,361,2,284,19,0.0,149.0,0.0,0,0,43.13299368686867
ENSG00000146122,DAAM2,chr6,39792298,39904877,1,2,0,0.875,146,6,131,1,0.0,142.0,0.0,0,0,35.523746491228074
ENSG00000124615,MOCS1,chr6,39899578,39934551,-1,2,0,0.745,55,1,49,0,0.0,112.0,0.0,0,0,33.863997222222224
ENSG00000156564,LRFN2,chr6,40391591,40587364,-1,2,0,0.805,219,3,167,9,0.0,281.0,0.0,0,0,35.07212551020408
ENSG00000124602,UNC5CL,chr6,41026895,41039221,-1,1,0,0.7,21,0,19,1,0.0,57.0,0.0,2,0,46.8574
ENSG00000124596,OARD1,chr6,41033627,41097787,-1,1,0,0.86,98,7,87,0,0.0,39.0,0.0,2,0,47.48539230769231
ENSG00000112212,TSPO2,chr6,41042467,41044337,1,0,13965,,5,1,3,0,0.0,122.0,0.0,0,0,47.059266666666666
ENSG00000124701,APOBEC2,chr6,41053201,41064891,1,0,7351,,25,1,24,0,0.0,250.0,0.0,0,0,47.36596923076923
ENSG00000001167,NFYA,chr6,41072946,41102403,1,2,0,0.895,33,3,29,0,0.0,180.0,0.0,2,0,47.87370666666667
ENSG00000161911,TREML1,chr6,41149167,41155553,-1,0,47563,,6,0,0,3,0.0,141.0,0.0,0,0,48.93835
ENSG00000095970,TREM2,chr6,41158488,41163186,-1,0,56884,,5,1,4,0,0.0,556.0,0.0,0,0,49.075199999999995
ENSG00000112195,TREML2,chr6,41189749,41201149,-1,0,88145,,18,2,16,0,0.0,64.0,0.0,1,0,49.75451666666666
ENSG00000188056,TREML4,chr6,41228339,41238882,1,0,126735,,5,1,3,0,0.0,46.0,0.0,0,0,50.719125
ENSG00000124731,TREM1,chr6,41267100,41286682,-1,0,84816,,22,1,21,0,0.0,527.0,0.0,0,0,52.13444285714286
ENSG00000096264,NCR2,chr6,41335608,41350889,1,0,20609,,15,1,12,1,0.0,191.0,0.0,0,0,54.57813125
ENSG00000137166,FOXP4,chr6,41546363,41602384,1,3,0,0.9433,115,6,100,0,0.0,180.0,0.0,1,0,63.75965614035088
ENSG00000112559,MDFI,chr6,41636840,41654246,1,1,0,0.71,36,2,31,0,0.0,124.0,0.0,0,0,67.66995555555556
ENSG00000112561,TFEB,chr6,41683978,41736259,-1,1,0,0.87,115,10,103,0,0.0,552.0,0.0,3,0,72.11587169811321
ENSG00000096088,PGC,chr6,41736711,41754109,-1,0,968,,26,1,22,2,0.0,218.0,0.0,0,0,74.39413333333333
ENSG00000137218,FRS3,chr6,41770174,41787570,-1,2,0,0.765,35,5,25,2,0.0,47.0,0.0,2,0,76.00722105263158
ENSG00000124593,,chr6,41780349,41790141,1,2,0,0.765,25,4,21,0,0.0,1.0,0.0,1,0,76.2390090909091
ENSG00000278224,PRICKLE4,chr6,41780739,41787452,1,2,0,0.765,18,4,14,0,0.0,29.0,0.0,1,0,76.20415714285714
ENSG00000214736,TOMM6,chr6,41787652,41790064,1,1,0,0.71,7,1,6,0,0.0,28.0,0.0,1,0,76.3819
ENSG00000164663,USP49,chr6,41789896,41895375,-1,2,0,0.975,79,3,54,2,0.0,59.0,0.0,1,0,77.4779433962264
ENSG00000288721,,chr6,41793314,41921139,-1,3,0,0.9533,94,5,72,2,0.0,0.0,0.0,2,0,77.68757984496122
ENSG00000124641,MED20,chr6,41905354,41921139,-1,1,0,0.91,12,2,10,0,0.0,109.0,0.0,1,0,78.47109411764707
ENSG00000112578,BYSL,chr6,41921229,41933050,1,1,0,0.91,17,2,15,0,0.0,60.0,0.0,1,0,78.72456923076923
ENSG00000112576,CCND3,chr6,41934934,42050357,-1,2,0,0.835,183,5,172,0,0.0,437.0,0.0,12,0,80.02076034482758
ENSG00000137413,TAF8,chr6,42050513,42087461,1,1,0,0.93,32,2,26,1,0.0,451.0,0.0,1,0,80.51116486486488
ENSG00000188112,C6orf132,chr6,42092233,42142620,-1,2,0,0.805,85,1,74,1,0.0,21.0,0.0,0,0,79.03518653846155
ENSG00000287363,CIMIP3,chr6,42142693,42163418,1,1,0,0.76,27,2,19,0,0.0,4.0,0.0,0,0,77.10825714285714
ENSG00000290147,GUCA1ANB-GUCA1A,chr6,42155406,42180056,1,1,0,0.77,31,3,21,2,0.0,5.0,0.0,0,0,76.10632307692308
ENSG00000048545,GUCA1A,chr6,42173364,42181338,1,1,0,0.77,11,2,6,0,0.0,124.0,0.0,0,0,75.41528888888888
ENSG00000112599,GUCA1B,chr6,42183284,42194956,-1,0,4969,,10,0,6,2,0.0,48.0,0.0,0,0,74.48852307692309
ENSG00000048544,MRPS10,chr6,42206694,42217881,-1,0,28379,,14,1,12,0,0.0,34.0,0.0,1,0,72.59815833333333
ENSG00000124496,TRERF1,chr6,42224931,42452224,-1,2,0,0.79,332,3,316,2,0.0,213.0,0.0,12,0,65.83112456140351
ENSG00000024048,UBR2,chr6,42563995,42693505,1,1,0,0.79,87,3,70,8,0.0,177.0,0.0,1,0,71.02543206106871
ENSG00000112619,PRPH2,chr6,42696598,42722597,-1,0,4530,,26,0,17,2,0.0,593.0,0.0,0,0,74.66537037037037
ENSG00000124659,TBCC,chr6,42744498,42746103,-1,1,0,0.86,6,1,5,0,0.0,97.0,0.0,1,0,75.301
ENSG00000112624,BICRAL,chr6,42781931,42868560,1,1,0,1.18,85,2,62,5,0.0,35.0,0.0,1,0,76.03173636363637
ENSG00000146223,RPL7L1,chr6,42879616,42889925,1,0,506,,11,2,6,0,0.0,41.0,0.0,2,0,76.77452727272727
ENSG00000221821,PEX39,chr6,42890265,42890821,-1,1,0,0.81,2,1,1,0,0.0,5.0,0.0,1,0,76.8503
ENSG00000171611,PTCRA,chr6,42915989,42925838,1,0,3540,,8,1,6,0,0.0,126.0,0.0,0,0,77.21390909090908
ENSG00000137161,CNPY3,chr6,42929115,42939903,1,1,0,0.96,19,1,18,0,0.0,53.0,0.0,1,0,77.335475
ENSG00000124587,PEX6,chr6,42959717,42979243,-1,2,0,0.775,38,2,35,0,0.0,204.0,0.0,1,0,77.51289499999999
ENSG00000124713,GNMT,chr6,42960690,42963883,1,1,0,0.79,10,1,9,0,0.0,263.0,0.0,0,0,77.4974
ENSG00000112640,PPP2R5D,chr6,42984538,43012346,1,1,0,0.94,28,2,17,2,0.0,113.0,0.0,1,0,77.47958928571428
ENSG00000124733,MEA1,chr6,43011143,43016868,-1,1,0,0.86,13,4,8,0,0.0,52.0,0.0,2,0,77.39657142857142
ENSG00000124702,KLHDC3,chr6,43014103,43021298,1,1,0,0.86,16,4,12,0,0.0,30.0,0.0,2,0,77.36919999999999
ENSG00000124541,RRP36,chr6,43021593,43034156,1,1,0,1.1,17,1,11,0,0.0,28.0,0.0,2,0,77.27157692307692
ENSG00000044090,CUL7,chr6,43037617,43053943,-1,1,0,0.73,18,3,10,1,0.0,113.0,0.0,1,0,77.0539
ENSG00000137171,KLC4,chr6,43040777,43075099,1,2,0,0.765,39,7,26,1,0.0,32.0,0.0,2,0,76.8654657142857
ENSG00000288564,,chr6,43051066,43058185,-1,1,0,0.73,14,4,9,0,0.0,0.0,0.0,1,0,76.93115
ENSG00000112651,MRPL2,chr6,43054029,43059449,-1,1,0,0.8,10,3,6,0,0.0,30.0,0.0,2,0,76.89995
ENSG00000112655,PTK7,chr6,43076257,43161719,1,1,0,0.97,109,2,98,1,0.0,366.0,0.0,0,0,75.45519999999999
ENSG00000112658,SRF,chr6,43171269,43181506,1,2,0,0.8,23,1,22,0,0.0,375.0,0.0,2,0,73.73519166666667
ENSG00000112659,CUL9,chr6,43182181,43224587,1,1,0,0.95,45,2,32,2,0.0,255.0,0.0,2,0,72.88579090909091
ENSG00000112667,DNPH1,chr6,43225629,43229484,-1,1,0,0.99,10,1,8,0,0.0,32.0,0.0,1,0,72.181625
ENSG00000146216,TTBK1,chr6,43243481,43288258,1,6,0,0.8417,98,2,80,2,0.0,135.0,0.0,2,0,71.42412608695653
ENSG00000137204,SLC22A7,chr6,43295694,43305543,1,0,3138,,17,2,10,1,0.0,77.0,0.0,0,0,71.17106363636363
ENSG00000146215,CRIP3,chr6,43299710,43308874,-1,1,0,0.9,15,1,11,1,0.0,105.0,0.0,0,0,71.18337
ENSG00000171467,ZNF318,chr6,43307134,43369647,-1,2,0,0.98,61,4,49,0,0.0,187.0,0.0,1,0,71.73838437500001
ENSG00000124574,ABCC10,chr6,43427366,43450430,1,1,0,0.71,25,2,20,0,0.0,104.0,0.0,1,0,75.2073375
ENSG00000171462,DLK2,chr6,43450351,43456632,-1,1,0,0.91,13,1,9,1,0.0,32.0,0.0,1,0,75.70625
ENSG00000137221,TJAP1,chr6,43477523,43506562,1,0,2921,,40,2,35,0,0.0,56.0,0.0,2,0,76.60420999999998
ENSG00000204052,LRRC73,chr6,43506965,43510388,-1,1,0,1.09,11,2,9,0,0.0,16.0,0.0,0,0,76.83785
ENSG00000171453,POLR1C,chr6,43509702,43562419,1,2,0,1.08,44,6,28,0,0.0,178.0,0.0,1,0,77.05551509433963
ENSG00000137207,YIPF3,chr6,43511821,43516985,-1,1,0,1.07,8,2,4,0,0.0,20.0,0.0,1,0,76.90278333333333
ENSG00000124571,XPO5,chr6,43522334,43576061,-1,1,0,0.98,28,1,20,0,0.0,172.0,0.0,1,0,77.12510909090908
ENSG00000170734,POLH,chr6,43575537,43620523,1,1,0,0.98,47,2,31,2,0.0,137.0,0.0,4,0,77.25785652173913
ENSG00000172432,GTPBP2,chr6,43605316,43629264,-1,1,0,0.88,40,2,27,1,0.0,67.0,0.0,1,0,77.28154
ENSG00000124688,MAD2L1BP,chr6,43629494,43640955,1,2,0,0.89,23,2,18,0,0.0,61.0,0.0,2,0,77.28126923076924
ENSG00000172426,RSPH9,chr6,43644229,43672604,1,1,0,0.76,33,1,22,5,0.0,62.0,0.0,0,0,77.18879666666666
ENSG00000096080,MRPS18A,chr6,43671202,43687800,-1,1,0,0.87,28,1,27,0,0.0,18.0,0.0,1,0,77.00380000000001
ENSG00000112715,VEGFA,chr6,43770184,43786487,1,1,0,0.99,46,6,40,0,0.0,2852.0,0.0,1,0,74.81460588235295
ENSG00000181577,LINC03040,chr6,44000580,44007612,1,1,0,1.0,21,2,19,0,0.0,64.0,0.0,0,0,73.82855
ENSG00000180992,MRPL14,chr6,44112290,44128724,-1,1,0,0.89,29,2,26,0,0.0,49.0,0.0,3,0,75.73453333333333
ENSG00000137216,TMEM63B,chr6,44126614,44155520,1,3,0,0.8167,45,2,32,5,0.0,110.0,0.0,2,0,75.95073666666666
ENSG00000137225,CAPN11,chr6,44158811,44184401,1,0,5979,,44,0,36,0,0.0,43.0,0.0,0,0,76.00243076923077
ENSG00000262179,MYMX,chr6,44216926,44218236,1,0,1213,,5,2,3,0,0.0,32.0,0.0,0,0,75.3668
ENSG00000112759,SLC29A1,chr6,44219245,44236432,1,2,0,0.86,43,6,37,0,0.0,264.0,0.0,0,0,75.11341111111112
ENSG00000096384,HSP90AB1,chr6,44245808,44253888,1,1,0,0.76,23,3,20,0,0.0,961.0,0.0,1,0,74.43711111111112
ENSG00000157593,SLC35B2,chr6,44254096,44257890,-1,1,0,0.8,11,3,8,0,0.0,79.0,0.0,1,0,74.23064000000001
ENSG00000146232,NFKBIE,chr6,44258166,44265788,-1,1,0,0.84,18,1,17,0,2.0,234.0,1.0,1,0,74.01292222222223
ENSG00000178233,TMEM151B,chr6,44270450,44307506,1,4,0,0.9325,66,5,55,1,0.0,182.0,0.0,0,0,72.91854871794871
ENSG00000272442,,chr6,44273194,44378957,1,4,0,0.9225,129,4,94,4,0.0,1.0,0.0,1,0,71.19090186915888
ENSG00000146221,TCTE1,chr6,44278734,44297698,-1,2,0,0.885,29,1,25,1,0.0,166.0,0.0,0,0,72.94808499999999
ENSG00000124608,AARS2,chr6,44298726,44313347,-1,1,0,0.96,16,1,11,0,0.0,191.0,0.0,1,0,72.17639333333334
ENSG00000249481,SPATS1,chr6,44342650,44380179,1,0,7240,,33,1,15,3,0.0,45.0,0.0,0,0,69.47774736842106
ENSG00000096401,CDC5L,chr6,44387565,44450425,1,1,0,0.91,62,1,47,3,0.0,139.0,0.0,1,0,66.33348412698413
ENSG00000196284,SUPT3H,chr6,44809317,45377953,-1,1,0,0.93,388,3,260,29,0.0,80.0,0.0,6,0,39.15725779334501
ENSG00000124813,RUNX2,chr6,45328157,45664349,1,4,0,0.8275,388,6,331,10,0.0,1215.0,0.0,4,0,45.129009792284876
ENSG00000112782,CLIC5,chr6,45880827,46080348,-1,1,0,0.83,196,3,174,5,0.0,207.0,0.0,2,0,33.375693
ENSG00000001561,ENPP4,chr6,46129964,46146699,1,1,0,1.12,17,1,13,2,0.0,83.0,0.0,1,0,30.790822222222218
ENSG00000112796,ENPP5,chr6,46158482,46171113,-1,0,28266,,7,1,3,0,0.0,96.0,0.0,0,0,30.69397857142857
ENSG00000172348,RCAN2,chr6,46220736,46491972,-1,1,0,1.03,237,5,193,14,0.0,106.0,0.0,0,0,27.89512169117647
ENSG00000146233,CYP39A1,chr6,46549383,46652830,-1,1,0,0.89,64,1,48,6,0.0,71.0,0.0,0,0,30.05569619047619
ENSG00000153291,SLC25A27,chr6,46652915,46678190,1,1,0,0.89,18,2,10,0,0.0,73.0,0.0,0,0,31.540523076923076
ENSG00000180113,TDRD6,chr6,46687875,46704319,1,1,0,0.86,17,2,7,1,0.0,181.0,0.0,0,0,32.680935294117646
ENSG00000146070,PLA2G7,chr6,46704201,46735718,-1,1,0,0.9,33,2,23,1,0.0,490.0,0.0,0,0,33.686957575757575
ENSG00000230062,ANKRD66,chr6,46746933,46759506,1,0,11354,,11,0,6,2,0.0,10.0,0.0,0,0,35.164771428571434
ENSG00000112818,MEP1A,chr6,46793368,46839801,1,0,57789,,30,1,15,4,0.0,73.0,0.0,0,0,38.06793125000001
ENSG00000069122,ADGRF5,chr6,46852310,46956392,-1,0,116731,,89,3,73,4,0.0,163.0,0.0,0,0,42.37392571428572
ENSG00000153292,ADGRF1,chr6,46997708,47042350,-1,0,262129,,40,1,30,5,0.0,102.0,0.0,0,0,47.836728888888885
ENSG00000146072,TNFRSF21,chr6,47231532,47309947,-1,1,0,0.82,90,1,85,1,0.0,436.0,0.0,0,0,61.788005063291145
ENSG00000198087,CD2AP,chr6,47477752,47627263,1,1,0,0.92,111,1,62,10,0.0,342.0,0.0,1,0,61.31318266666666
ENSG00000153294,ADGRF4,chr6,47685864,47722021,1,0,207509,,24,1,16,1,0.0,84.0,0.0,0,0,50.574308108108106
ENSG00000124818,OPN5,chr6,47781982,47832780,1,0,235621,,38,0,21,4,0.0,80.0,0.0,0,0,43.46379230769231
ENSG00000244694,PTCHD4,chr6,47856673,48111197,-1,1,0,0.8,142,1,80,11,0.0,35.0,0.0,0,0,32.85510862745098
ENSG00000146085,MMUT,chr6,49430360,49463321,-1,1,0,1.1,16,1,10,1,0.0,412.0,0.0,1,0,59.1828
ENSG00000031691,CENPQ,chr6,49463335,49495815,1,1,0,1.1,17,1,6,1,0.0,42.0,0.0,1,0,61.780726470588235
ENSG00000203972,GLYATL3,chr6,49499923,49528078,1,0,22524,,28,0,15,1,0.0,32.0,0.0,0,0,63.930331034482755
ENSG00000197261,C6orf141,chr6,49550666,49561907,1,1,0,0.76,18,1,17,0,0.0,43.0,0.0,0,0,65.74995
ENSG00000112077,RHAG,chr6,49605175,49636839,-1,0,53702,,33,1,19,3,0.0,156.0,0.0,0,0,66.67046363636362
ENSG00000124490,CRISP2,chr6,49692358,49714703,-1,0,140885,,9,1,0,2,0.0,654.0,0.0,0,0,64.45062083333333
ENSG00000096006,CRISP3,chr6,49727376,49744437,-1,0,175903,,12,1,5,0,,,,0,0,62.93245555555555
ENSG00000170950,PGK2,chr6,49785660,49787285,-1,0,234187,,2,1,0,0,0.0,136.0,0.0,0,0,60.4803
ENSG00000124812,CRISP1,chr6,49834257,49877096,-1,0,282784,,26,0,9,5,0.0,136.0,0.0,0,0,57.18012954545453
ENSG00000177684,DEFB114,chr6,49960249,49964164,-1,0,408776,,0,0,0,0,0.0,32.0,0.0,0,0,50.27996
ENSG00000214642,DEFB113,chr6,49968677,49969625,-1,0,417204,,1,0,1,0,0.0,18.0,0.0,0,0,49.72445
ENSG00000203970,DEFB110,chr6,50009138,50021994,-1,0,457665,,3,0,1,0,0.0,21.0,0.0,0,0,46.35694285714287
ENSG00000180872,DEFB112,chr6,50042099,50049929,-1,0,490626,,5,0,3,0,0.0,17.0,0.0,0,0,44.205311111111115
ENSG00000008197,TFAP2D,chr6,50713526,50773033,1,2,0,0.925,32,0,6,3,0.0,84.0,0.0,0,0,41.05055666666668
ENSG00000008196,TFAP2B,chr6,50818723,50847619,1,4,0,0.9075,58,1,54,0,0.0,477.0,0.0,0,0,46.54293333333333
ENSG00000170927,PKHD1,chr6,51615299,52087613,-1,0,196738,,274,1,195,20,0.0,401.0,0.0,0,0,56.36529240506329
ENSG00000112115,IL17A,chr6,52186375,52190638,1,0,93713,,4,0,3,0,0.0,2106.0,0.0,0,0,75.22933333333333
ENSG00000112116,IL17F,chr6,52236681,52245689,-1,0,38662,,5,0,4,0,0.0,542.0,0.0,0,0,74.80658000000001
ENSG00000112118,MCM3,chr6,52264011,52284881,-1,1,0,0.99,16,2,12,0,0.0,273.0,0.0,1,0,73.97675454545455
ENSG00000170915,PAQR8,chr6,52361421,52407777,1,2,0,0.84,59,4,53,0,0.0,68.0,0.0,4,0,71.52950208333334
ENSG00000096093,EFHC1,chr6,52362123,52529886,1,3,0,0.86,194,8,159,4,0.0,135.0,0.0,5,0,69.68348343195265
ENSG00000065308,TRAM2,chr6,52497408,52577077,-1,1,0,0.91,142,0,140,0,0.0,146.0,0.0,1,0,64.8126049382716
ENSG00000096092,TMEM14A,chr6,52671072,52686592,1,1,0,0.86,12,1,7,0,0.0,47.0,0.0,1,0,59.01052352941176
ENSG00000244067,GSTA2,chr6,52747975,52763525,-1,0,76785,,17,1,13,0,0.0,67.0,0.0,0,0,59.06876470588235
ENSG00000243955,GSTA1,chr6,52791371,52803881,-1,0,120181,,6,0,4,0,0.0,209.0,0.0,0,0,58.32119999999999
ENSG00000182793,GSTA5,chr6,52831655,52840843,-1,0,153924,,3,0,2,0,0.0,22.0,0.0,0,0,57.708569999999995
ENSG00000174156,GSTA3,chr6,52896639,52909701,-1,0,85066,,13,1,12,0,0.0,76.0,0.0,0,0,59.13793571428572
ENSG00000170899,GSTA4,chr6,52977948,52995312,-1,1,0,0.76,26,2,23,0,0.0,129.0,0.0,1,0,63.562416666666664
ENSG00000112144,CILK1,chr6,53001279,53061824,-1,1,0,0.93,77,3,71,0,0.0,683.0,0.0,1,0,64.6492129032258
ENSG00000288614,,chr6,53041266,53041385,-1,0,20095,,0,0,0,0,0.0,5.0,0.0,0,0,64.8211
ENSG00000112146,FBXO9,chr6,53051991,53100873,1,2,0,0.855,50,7,40,1,0.0,58.0,0.0,3,0,64.927868
ENSG00000288646,,chr6,53065602,53065673,1,1,0,0.78,0,0,0,0,0.0,1.0,0.0,1,0,64.9019
ENSG00000137270,GCM1,chr6,53126961,53148841,-1,0,61001,,24,1,18,0,0.0,64.0,0.0,0,0,65.71952608695652
ENSG00000012660,ELOVL5,chr6,53260285,53349179,-1,1,0,1.03,123,2,119,0,,,,7,0,68.22179
ENSG00000001084,GCLC,chr6,53497341,53616970,-1,2,0,1.025,142,7,109,2,0.0,453.0,0.0,2,0,52.92432809917356
ENSG00000124743,KLHL31,chr6,53647916,53665756,-1,1,0,1.0,19,1,16,0,0.0,260.0,0.0,2,0,44.126763157894736
ENSG00000137269,LRRC1,chr6,53794497,53924125,1,1,0,0.87,144,1,137,0,0.0,77.0,0.0,2,0,32.87021603053435
ENSG00000146147,MLIP,chr6,53929982,54266946,1,0,133808,,262,5,203,11,0.0,209.0,0.0,0,0,20.160497337278105
ENSG00000137251,TINAG,chr6,54307859,54390142,1,0,456213,,44,2,18,5,0.0,66.0,0.0,0,0,16.445207228915663
ENSG00000168143,FAM83B,chr6,54846771,54945099,1,1,0,0.8,84,1,66,5,0.0,99.0,0.0,0,0,15.570093939393939
ENSG00000137252,HCRTR2,chr6,55106460,55282617,1,1,0,0.78,87,1,46,9,0.0,163.0,0.0,0,0,16.219855617977526
ENSG00000187871,GFRAL,chr6,55327469,55402493,1,0,152875,,26,0,11,1,0.0,113.0,0.0,0,0,22.430898684210522
ENSG00000146151,HMGCLL1,chr6,55434368,55579197,-1,1,0,0.82,80,1,54,4,0.0,47.0,0.0,0,0,15.480894520547947
ENSG00000112175,BMP5,chr6,55753653,55875595,-1,0,174359,,98,1,85,1,0.0,800.0,0.0,0,0,17.19692276422764
ENSG00000124749,COL21A1,chr6,56056590,56394094,-1,1,0,0.66,276,2,211,21,0.0,109.0,0.0,0,0,38.690247041420115
ENSG00000151914,DST,chr6,56457987,56954830,-1,3,0,0.8733,550,6,492,6,0.0,851.0,0.0,1,0,59.950700000000005
ENSG00000151917,BEND6,chr6,56954924,57027832,1,1,0,0.94,57,3,24,12,0.0,38.0,0.0,0,0,68.18037837837838
ENSG00000168116,KIAA1586,chr6,57046532,57059041,1,1,0,0.91,9,1,5,2,0.0,24.0,0.0,1,0,67.89515384615385
ENSG00000112200,ZNF451,chr6,57086844,57170305,1,1,0,0.94,62,1,46,0,0.0,73.0,0.0,2,0,61.23464404761905
ENSG00000112208,BAG2,chr6,57172319,57189833,1,1,0,0.92,21,2,19,0,0.0,122.0,0.0,1,0,52.9928052631579
ENSG00000112210,RAB23,chr6,57186992,57222848,-1,1,0,0.84,35,2,30,0,0.0,184.0,0.0,1,0,48.840097297297305
ENSG00000146143,PRIM2,chr6,57314805,57646855,1,0,92292,,149,2,101,6,0.0,187.0,0.0,1,0,24.780759459459464
ENSG00000112232,KHDRBS2,chr6,61630234,62286225,-1,1,0,0.93,161,1,80,21,0.0,92.0,0.0,0,0,8.231198730593606
ENSG00000198225,FKBP1C,chr6,63211469,63213027,1,0,359219,,2,0,0,0,0.0,132.0,0.0,0,0,10.981633333333335
ENSG00000146166,LGSN,chr6,63275951,63319983,-1,0,252263,,32,0,20,2,0.0,75.0,0.0,0,0,9.009928
ENSG00000112245,PTP4A1,chr6,63521746,63583588,1,1,0,1.04,86,4,71,0,0.0,143.0,0.0,1,0,15.41748253968254
ENSG00000285976,,chr6,63572480,63583588,1,1,0,1.04,24,1,23,0,0.0,32.0,0.0,1,0,15.224138461538464
ENSG00000118482,PHF3,chr6,63635802,63779336,1,1,0,1.0,91,2,61,6,0.0,103.0,0.0,1,0,14.603078472222222
ENSG00000188107,EYS,chr6,63719980,65707226,-1,1,0,1.0,836,2,357,110,0.0,204.0,0.0,0,0,26.03944856711916
ENSG00000214558,ZC3H11C,chr6,65301476,65306574,1,1,0,1.0,0,0,0,0,0.0,29.0,0.0,0,0,16.93958571428571
ENSG00000135298,ADGRB3,chr6,68635282,69390571,1,0,128,,436,4,292,42,0.0,157.0,0.0,1,0,53.084097886393664
ENSG00000288712,,chr6,68635890,68635967,1,0,736,,1,1,0,0,0.0,14.0,0.0,0,0,61.4939
ENSG00000168216,LMBRD1,chr6,69672757,69867236,-1,2,0,0.88,129,6,85,13,0.0,112.0,0.0,3,0,33.57306153846154
ENSG00000082293,COL19A1,chr6,69866556,70212468,1,1,0,1.06,227,4,154,17,0.0,98.0,0.0,0,0,33.49146685878963
ENSG00000112280,COL9A1,chr6,70216040,70303084,-1,1,0,0.68,67,2,33,11,0.0,219.0,0.0,0,0,36.21338068181819
ENSG00000082269,FAM135A,chr6,70412941,70561608,1,1,0,0.93,84,3,52,11,0.0,93.0,0.0,1,0,43.77869866666666
ENSG00000154079,SDHAF4,chr6,70566917,70589569,1,1,0,0.78,12,1,5,0,0.0,26.0,0.0,1,0,43.864779166666665
ENSG00000112305,SMAP1,chr6,70667776,70862015,1,1,0,0.93,118,2,73,7,0.0,407.0,0.0,1,0,50.88661282051282
ENSG00000112309,B3GAT2,chr6,70856679,70957060,-1,1,0,0.88,49,3,30,5,0.0,165.0,0.0,0,0,60.091204950495055
ENSG00000119900,OGFRL1,chr6,71288811,71309059,1,1,0,0.87,23,3,17,1,0.0,63.0,0.0,0,0,60.91916190476191
ENSG00000079841,RIMS1,chr6,71886550,72403150,1,2,0,0.975,247,6,111,42,0.0,135.0,0.0,0,0,31.76202823984526
ENSG00000185760,KCNQ5,chr6,72621792,73198853,1,2,0,0.855,457,3,322,35,0.0,218.0,0.0,1,0,47.252374221453294
ENSG00000243501,,chr6,73209746,73263196,-1,1,0,1.07,40,1,11,6,0.0,0.0,0.0,1,0,62.29731111111112
ENSG00000256980,KHDC1L,chr6,73223544,73225770,-1,0,37326,,2,0,2,0,0.0,35.0,0.0,0,0,62.113400000000006
ENSG00000135314,KHDC1,chr6,73241310,73310455,-1,3,0,0.9233,50,2,23,7,0.0,24.0,0.0,2,0,62.63461142857142
ENSG00000203909,DPPA5,chr6,73353063,73354276,-1,1,0,0.73,2,1,0,0,0.0,25.0,0.0,0,0,61.4782
ENSG00000203908,KHDC3L,chr6,73362658,73364171,1,1,0,0.76,4,1,0,0,0.0,39.0,0.0,0,0,61.11495
ENSG00000203907,OOEP,chr6,73368555,73395133,-1,2,0,0.98,21,4,10,1,0.0,58.0,0.0,2,0,60.29901481481482
ENSG00000080007,DDX43,chr6,73394828,73417566,1,1,0,0.94,9,2,0,1,0.0,69.0,0.0,1,0,59.00737083333333
ENSG00000164430,CGAS,chr6,73413515,73461726,-1,2,0,0.94,39,2,29,1,0.0,656.0,0.0,4,0,57.01186530612246
ENSG00000135297,MTO1,chr6,73461578,73509236,1,1,0,1.06,32,1,26,1,0.0,218.0,0.0,2,0,53.6858125
ENSG00000156508,EEF1A1,chr6,73489308,73525587,-1,2,0,0.91,54,7,44,1,0.0,384.0,0.0,1,0,52.168713157894736
ENSG00000119899,SLC17A5,chr6,73593364,73654014,-1,1,0,0.95,49,1,43,0,0.0,1679.0,0.0,1,0,47.30350322580645
ENSG00000156535,CD109,chr6,73695785,73828316,1,1,0,0.84,115,2,91,3,0.0,394.0,0.0,1,0,53.19653909774436
ENSG00000111799,COL12A1,chr6,75084326,75206267,-1,3,0,0.86,135,3,118,6,0.0,339.0,0.0,0,0,27.501652032520326
ENSG00000112695,COX7A2,chr6,75237675,75250323,-1,0,31004,,10,1,8,1,0.0,73.0,0.0,1,0,22.764884615384616
ENSG00000112697,TMEM30A,chr6,75252924,75284948,-1,1,0,1.14,34,3,26,1,0.0,108.0,0.0,1,0,22.253318181818184
ENSG00000118407,FILIP1,chr6,75291859,75493800,-1,0,6741,,190,3,166,7,0.0,62.0,0.0,0,0,26.451647783251236
ENSG00000112701,SENP6,chr6,75601509,75718281,1,1,0,1.07,72,2,53,5,0.0,124.0,0.0,1,0,32.29383418803419
ENSG00000196586,MYO6,chr6,75749175,75919537,1,1,0,0.97,120,1,97,2,0.0,346.0,0.0,1,0,43.683711046511625
ENSG00000112706,IMPG1,chr6,75921114,76072678,-1,0,171564,,79,0,49,8,0.0,64.0,0.0,0,0,49.73337189542484
ENSG00000135312,HTR1B,chr6,77460924,77463491,-1,1,0,0.73,8,1,7,0,0.0,238.0,0.0,0,0,15.2016
ENSG00000269964,MEI4,chr6,77650274,77927045,1,1,0,0.67,100,1,38,5,0.0,194.0,0.0,0,0,13.608728057553957
ENSG00000146243,IRAK1BP1,chr6,78867551,78946440,1,2,0,0.865,44,1,24,4,0.0,57.0,0.0,1,0,15.50558227848101
ENSG00000146247,PHIP,chr6,78934419,79078544,-1,1,0,1.17,91,4,58,10,0.0,198.0,0.0,2,0,19.43477945205479
ENSG00000118418,HMGN3,chr6,79200929,79234862,-1,1,0,0.92,35,2,30,1,0.0,86.0,0.0,1,0,24.713528571428565
ENSG00000135338,LCA5,chr6,79484991,79545138,-1,1,0,0.81,49,1,37,3,0.0,129.0,0.0,0,0,40.009718032786886
ENSG00000198478,SH3BGRL2,chr6,79537185,79703655,1,1,0,0.81,156,1,136,7,0.0,72.0,0.0,0,0,41.76474702380953
ENSG00000118402,ELOVL4,chr6,79914814,79947553,-1,1,0,1.01,22,1,13,1,0.0,326.0,0.0,1,0,46.031949999999995
ENSG00000112742,TTK,chr6,80003887,80043580,1,1,0,0.94,20,3,11,1,0.0,272.0,0.0,1,0,48.84405853658537
ENSG00000083123,BCKDHB,chr6,80106647,80351082,1,1,0,0.78,171,1,111,8,0.0,162.0,0.0,1,0,52.9008693877551
ENSG00000112773,TENT5A,chr6,81491439,81752774,-1,1,0,0.9,181,1,142,15,0.0,554.0,0.0,1,0,21.63459543726236
ENSG00000005700,IBTK,chr6,82169984,82247775,-1,1,0,0.83,45,2,36,2,0.0,141.0,0.0,1,0,19.642997468354434
ENSG00000146242,TPBG,chr6,82363206,82367420,1,1,0,0.88,11,4,7,0,0.0,116.0,0.0,0,0,22.681720000000002
ENSG00000118420,UBE3D,chr6,82892390,83065841,-1,1,0,0.84,116,1,77,11,0.0,67.0,0.0,1,0,45.04991371428572
ENSG00000083097,DOP1A,chr6,83067666,83171350,1,1,0,0.93,70,1,52,1,0.0,49.0,0.0,1,0,40.47029038461539
ENSG00000013375,PGM3,chr6,83147324,83194005,-1,1,0,0.8,40,3,33,0,0.0,374.0,0.0,1,0,39.70197708333333
ENSG00000013392,RWDD2A,chr6,83193337,83198935,1,1,0,0.8,9,2,6,0,0.0,28.0,0.0,1,0,39.695257142857145
ENSG00000065833,ME1,chr6,83210393,83431208,-1,1,0,0.82,134,1,76,15,0.0,215.0,0.0,0,0,44.28444189189188
ENSG00000146250,PRSS35,chr6,83512508,83525704,1,0,81229,,15,1,10,1,0.0,48.0,0.0,0,0,47.86565714285714
ENSG00000065609,SNAP91,chr6,83552880,83709691,-1,1,0,0.88,63,2,27,6,0.0,163.0,0.0,0,0,48.17968987341772
ENSG00000203877,RIPPLY2,chr6,83853360,83857515,1,1,0,0.9,5,2,3,0,0.0,56.0,0.0,0,0,46.65348333333333
ENSG00000065615,CYB5R4,chr6,83859646,83967423,1,1,0,0.83,65,2,39,5,0.0,127.0,0.0,1,0,47.45132870370371
ENSG00000135324,MRAP2,chr6,84033203,84090887,1,1,0,0.89,57,1,46,0,0.0,95.0,0.0,0,0,53.295859322033905
ENSG00000135315,CEP162,chr6,84124241,84227685,-1,1,0,0.82,59,1,32,4,0.0,52.0,0.0,1,0,55.06588285714286
ENSG00000112837,TBX18,chr6,84687351,84764598,-1,1,0,0.99,54,2,39,4,0.0,167.0,0.0,0,0,73.11902911392404
ENSG00000135318,NT5E,chr6,85449584,85495791,1,1,0,0.91,70,2,67,0,0.0,898.0,0.0,1,0,43.555776595744675
ENSG00000271793,,chr6,85504776,85678733,-1,3,0,1.0333,137,12,90,3,0.0,0.0,0.0,5,0,41.59071371428571
ENSG00000135317,SNX14,chr6,85504776,85594156,-1,1,0,0.96,40,2,25,2,0.0,86.0,0.0,2,0,42.50544111111111
ENSG00000135316,SYNCRIP,chr6,85607779,85644063,-1,1,0,1.09,37,4,23,1,0.0,107.0,0.0,1,0,40.911618918918926
ENSG00000168830,HTR1E,chr6,86936662,87017155,1,1,0,0.83,48,1,18,4,0.0,60.0,0.0,0,0,34.41435555555556
ENSG00000135346,CGA,chr6,87085498,87095106,-1,0,56702,,10,1,6,2,0.0,1417.0,0.0,0,0,30.70064545454545
ENSG00000188994,ZNF292,chr6,87151803,87265943,1,2,0,0.865,93,3,73,1,0.0,120.0,0.0,2,0,33.04593826086956
ENSG00000164411,GJB7,chr6,87282980,87329278,-1,1,0,1.01,31,2,14,6,0.0,23.0,0.0,1,0,33.745729787234055
ENSG00000111850,SMIM8,chr6,87322580,87399749,1,1,0,1.01,54,2,26,9,0.0,15.0,0.0,1,0,33.141120512820514
ENSG00000203872,C6orf163,chr6,87344813,87365463,1,0,22102,,15,0,5,3,0.0,13.0,0.0,0,0,33.197823809523804
ENSG00000272514,CFAP206,chr6,87407972,87464645,1,1,0,0.98,23,1,10,1,0.0,275.0,0.0,2,0,32.97639827586207
ENSG00000213204,,chr6,87408012,87511634,1,2,0,0.87,58,3,35,2,0.0,1.0,0.0,3,0,33.47111999999999
ENSG00000164414,SLC35A1,chr6,87470623,87512336,1,1,0,0.76,33,2,24,1,0.0,294.0,0.0,1,0,34.154114285714286
ENSG00000146282,RARS2,chr6,87513459,87590028,-1,1,0,1.03,58,2,48,0,0.0,117.0,0.0,1,0,36.60018205128205
ENSG00000135336,ORC3,chr6,87590067,87677823,1,1,0,1.03,70,1,60,1,0.0,66.0,0.0,2,0,41.45939101123596
ENSG00000135334,AKIRIN2,chr6,87674860,87702255,-1,1,0,1.1,43,1,39,0,0.0,91.0,0.0,1,0,45.43102857142856
ENSG00000118434,SPACA1,chr6,88047841,88066838,1,1,0,1.05,10,1,4,1,0.0,141.0,0.0,0,0,56.648505000000014
ENSG00000118432,CNR1,chr6,88139863,88167364,-1,1,0,0.94,28,4,21,1,0.0,792.0,0.0,0,0,58.42481071428572
ENSG00000111880,RNGTT,chr6,88609897,88963626,-1,1,0,1.02,236,2,167,16,0.0,107.0,0.0,1,0,49.207452957746476
ENSG00000146278,PNRC1,chr6,89080751,89085160,1,1,0,0.86,15,3,12,0,0.0,53.0,0.0,1,0,44.70694
ENSG00000154548,SRSF12,chr6,89093949,89118071,-1,1,0,0.97,12,1,6,1,0.0,23.0,0.0,0,0,45.25014800000001
ENSG00000146281,PM20D2,chr6,89146055,89165565,1,1,0,0.91,19,1,18,0,0.0,28.0,0.0,1,0,47.28998095238095
ENSG00000146276,GABRR1,chr6,89177504,89231278,-1,0,30685,,38,2,22,5,0.0,64.0,0.0,0,0,50.182833333333335
ENSG00000111886,GABRR2,chr6,89254464,89315299,-1,0,37022,,68,0,41,3,0.0,94.0,0.0,1,0,52.31216612903226
ENSG00000198833,UBE2J1,chr6,89326608,89352902,-1,1,0,0.89,23,1,20,1,0.0,191.0,0.0,1,0,50.061662962962956
ENSG00000025039,RRAGD,chr6,89364616,89412735,-1,1,0,0.88,46,1,45,0,0.0,84.0,0.0,1,0,47.06874897959184
ENSG00000135299,ANKRD6,chr6,89433119,89633838,1,1,0,0.92,186,5,138,7,0.0,70.0,0.0,1,0,47.925734158415835
ENSG00000083099,LYRM2,chr6,89568144,89638755,-1,1,0,0.91,52,2,39,2,0.0,36.0,0.0,1,0,50.45915138888889
ENSG00000112159,MDN1,chr6,89642498,89819794,-1,1,0,0.89,137,2,116,4,0.0,95.0,0.0,1,0,52.23960949720671
ENSG00000118412,CASP8AP2,chr6,89829894,89874436,1,1,0,0.76,28,0,22,0,0.0,114.0,0.0,3,0,51.838137777777796
ENSG00000135355,GJA10,chr6,89894469,89921760,1,0,6535,,14,0,10,2,0.0,218.0,0.0,0,0,51.15790689655173
ENSG00000112182,BACH2,chr6,89926528,90296923,-1,1,0,1.1,452,5,440,0,0.0,650.0,0.0,8,0,53.96574462365591
ENSG00000135341,MAP3K7,chr6,90513573,90587093,-1,1,0,0.95,52,2,41,0,0.0,557.0,0.0,3,0,62.98701351351351
ENSG00000135333,EPHA7,chr6,93240020,93419687,-1,2,0,0.895,111,5,86,2,0.0,326.0,0.0,0,0,14.628898342541438
ENSG00000172469,MANEA,chr6,95577485,95609484,1,1,0,0.92,25,2,14,0,0.0,102.0,0.0,1,0,13.369148484848486
ENSG00000172461,FUT9,chr6,96015436,96215612,1,1,0,1.11,110,2,80,7,0.0,93.0,0.0,0,0,29.77672920792079
ENSG00000014123,UFL1,chr6,96521595,96555276,1,1,0,0.9,18,1,10,2,0.0,186.0,0.0,1,0,22.2703
ENSG00000112214,FHL5,chr6,96562548,96619616,1,0,40324,,39,1,38,0,0.0,444.0,0.0,0,0,21.828048275862066
ENSG00000112218,GPR63,chr6,96794125,96838150,-1,1,0,0.9,35,1,28,3,0.0,56.0,0.0,1,0,24.080028888888883
ENSG00000123545,NDUFAF4,chr6,96889313,96897894,-1,1,0,0.88,8,1,3,0,0.0,189.0,0.0,1,0,28.484500000000004
ENSG00000186231,KLHL32,chr6,96924620,97140756,1,1,0,1.07,161,2,128,4,0.0,70.0,0.0,1,0,31.993756221198154
ENSG00000146263,MMS22L,chr6,97142161,97283224,-1,1,0,0.97,66,3,40,6,0.0,65.0,0.0,1,0,40.57307535211267
ENSG00000184486,POU3F2,chr6,98834574,98839458,1,1,0,0.84,12,1,11,0,0.0,140.0,0.0,0,0,19.350920000000002
ENSG00000112234,FBXL4,chr6,98868535,98948006,-1,1,0,0.92,52,1,38,2,0.0,114.0,0.0,1,0,21.5002
ENSG00000146267,FAXC,chr6,99271168,99350062,-1,1,0,0.88,51,2,28,6,0.0,48.0,0.0,0,0,36.310821250000004
ENSG00000132423,COQ3,chr6,99369401,99394207,-1,1,0,0.9,8,1,4,1,0.0,51.0,0.0,1,0,38.37666923076924
ENSG00000132424,PNISR,chr6,99397629,99425335,-1,1,0,1.05,19,2,15,0,0.0,58.0,0.0,1,0,39.033878571428566
ENSG00000123552,USP45,chr6,99432325,99521728,-1,1,0,0.9,58,3,35,10,0.0,152.0,0.0,2,0,40.453754945054946
ENSG00000112237,CCNC,chr6,99542387,99568825,-1,1,0,0.88,17,2,9,0,0.0,164.0,0.0,1,0,43.20514642857143
ENSG00000112238,PRDM13,chr6,99606774,99615578,1,3,0,0.9433,20,1,19,0,0.0,197.0,0.0,0,0,45.85427
ENSG00000152034,MCHR2,chr6,99918519,99994247,-1,1,0,0.83,26,2,9,4,0.0,76.0,0.0,0,0,57.335117105263144
ENSG00000112246,SIM1,chr6,100385009,100464935,-1,8,0,0.8625,82,3,71,3,0.0,252.0,0.0,0,0,42.32121851851852
ENSG00000112249,ASCC3,chr6,100508194,100881407,-1,1,0,1.17,177,2,107,16,0.0,133.0,0.0,1,0,46.35227165775401
ENSG00000164418,GRIK2,chr6,100962701,102081622,1,4,0,0.93,578,3,324,60,0.0,231.0,0.0,0,0,31.617640714285717
ENSG00000085382,HACE1,chr6,104728094,104859919,-1,1,0,0.91,64,1,37,8,0.0,172.0,0.0,1,0,33.36499323308271
ENSG00000187772,LIN28B,chr6,104936616,105083332,1,2,0,1.1,131,4,108,1,0.0,217.0,0.0,0,0,49.91983445945946
ENSG00000112276,POPDC1,chr6,105096822,105137216,-1,1,0,1.01,28,3,23,2,0.0,186.0,0.0,0,0,54.78692195121952
ENSG00000132429,POPDC3,chr6,105157892,105180447,-1,1,0,1.05,25,1,22,0,0.0,82.0,0.0,0,0,57.09870434782609
ENSG00000085377,PREP,chr6,105273218,105454062,-1,1,0,1.2,155,4,131,7,0.0,377.0,0.0,4,0,69.55593571428571
ENSG00000057657,PRDM1,chr6,105993463,106109939,1,2,0,1.04,140,6,120,4,7.0,652.0,1.0,5,0,44.94753050847457
ENSG00000057663,ATG5,chr6,106045423,106326477,-1,2,0,0.915,331,8,283,8,0.0,810.0,0.0,10,0,49.24649964539007
ENSG00000112297,CRYBG1,chr6,106360717,106572017,1,3,0,0.8333,231,3,210,2,0.0,119.0,0.0,4,0,58.60258962264151
ENSG00000130347,RTN4IP1,chr6,106570771,106629498,-1,0,57661,,59,3,46,2,0.0,104.0,0.0,1,0,60.265511864406776
ENSG00000130348,QRSL1,chr6,106629572,106668417,1,0,116462,,31,2,28,0,0.0,219.0,0.0,1,0,60.05519230769231
ENSG00000272398,CD24,chr6,106969831,106975627,-1,1,0,0.82,15,5,8,0,0.0,674.0,0.0,0,0,60.13274285714285
ENSG00000130349,MTRES1,chr6,107028184,107051586,1,1,0,1.06,21,3,12,0,0.0,29.0,0.0,1,0,58.90316
ENSG00000178409,BEND3,chr6,107065138,107116234,-1,3,0,0.8333,59,3,49,0,0.0,91.0,0.0,0,0,58.11888846153845
ENSG00000164494,PDSS2,chr6,107152556,107459580,-1,2,0,0.88,250,1,176,17,0.0,168.0,0.0,1,0,60.98736266233767
ENSG00000112320,SOBP,chr6,107490073,107661306,1,3,0,0.8733,213,5,193,5,0.0,82.0,0.0,0,0,58.12919476744186
ENSG00000146285,SCML4,chr6,107702154,107824317,-1,0,23875,,145,2,133,0,0.0,68.0,0.0,7,0,56.521683739837385
ENSG00000025796,SEC63,chr6,107867756,107958309,-1,1,0,1.03,69,2,49,2,0.0,93.0,0.0,1,0,56.20393406593406
ENSG00000081087,OSTM1,chr6,108029245,108165854,-1,7,0,0.83,123,3,91,3,0.0,564.0,0.0,1,0,56.01439565217392
ENSG00000112333,NR2E1,chr6,108166022,108188805,1,4,0,0.75,37,2,25,2,0.0,350.0,0.0,0,0,60.933775
ENSG00000112335,SNX3,chr6,108211222,108261255,-1,1,0,0.95,53,3,40,1,0.0,87.0,0.0,1,0,63.1631156862745
ENSG00000135537,AFG1L,chr6,108294926,108526796,1,1,0,0.72,179,2,109,17,0.0,80.0,0.0,1,0,65.23335107296137
ENSG00000118689,FOXO3,chr6,108559652,108684774,1,2,0,0.87,175,4,168,1,0.0,993.0,0.0,2,0,68.57659682539683
ENSG00000118690,ARMC2,chr6,108848416,108974551,1,1,0,0.79,135,2,122,4,0.0,187.0,0.0,5,0,64.52778203125
ENSG00000080546,SESN1,chr6,108984309,109095074,-1,2,0,0.9,120,5,113,0,0.0,317.0,0.0,4,0,64.61165803571429
ENSG00000183137,CEP57L1,chr6,109095105,109174418,1,1,0,0.87,52,4,37,1,0.0,48.0,0.0,1,0,63.520705
ENSG00000135535,CD164,chr6,109366514,109382469,-1,1,0,0.91,24,2,22,0,0.0,103.0,0.0,1,0,70.617775
ENSG00000185250,PPIL6,chr6,109390215,109441171,-1,1,0,0.92,50,3,37,5,0.0,110.0,0.0,1,0,71.87590384615385
ENSG00000135587,SMPD2,chr6,109440678,109443920,1,1,0,0.92,10,2,8,0,0.0,154.0,0.0,1,0,72.531625
ENSG00000135596,MICAL1,chr6,109444062,109465968,-1,1,0,0.79,46,3,42,0,0.0,149.0,0.0,2,0,72.75638695652175
ENSG00000112365,ZBTB24,chr6,109460632,109483239,-1,1,0,0.86,32,2,28,0,0.0,128.0,0.0,2,0,73.02309130434783
ENSG00000155085,AK9,chr6,109492855,109691217,-1,2,0,0.71,96,2,56,8,0.0,166.0,0.0,2,0,75.96484321608041
ENSG00000112367,FIG4,chr6,109690609,109878098,1,1,0,0.7,173,3,138,10,0.0,335.0,0.0,1,0,75.94076968085105
ENSG00000146360,GPR6,chr6,109978256,109980720,1,1,0,0.71,6,1,5,0,0.0,36.0,0.0,0,0,61.643575
ENSG00000112290,WASF1,chr6,110099817,110180019,-1,1,0,0.91,41,3,29,2,0.0,135.0,0.0,1,0,50.429729629629634
ENSG00000168438,CDC40,chr6,110180141,110254275,1,1,0,0.92,54,3,38,2,0.0,42.0,0.0,1,0,47.926108
ENSG00000053328,METTL24,chr6,110243940,110358502,-1,1,0,0.86,116,2,98,5,0.0,39.0,0.0,0,0,47.40445689655172
ENSG00000203797,DDO,chr6,110391771,110415862,-1,1,0,0.71,28,1,21,2,0.0,41.0,0.0,0,0,49.07468799999999
ENSG00000004809,SLC22A16,chr6,110424687,110476681,-1,1,0,0.89,43,2,15,9,0.0,122.0,0.0,0,0,49.58249622641509
ENSG00000155111,CDK19,chr6,110609978,110815958,-1,2,0,0.945,189,3,165,2,0.0,131.0,0.0,1,0,50.37337874396136
ENSG00000123505,AMD1,chr6,110874770,110898879,1,1,0,0.87,35,3,32,0,0.0,118.0,0.0,2,0,62.570876
ENSG00000155115,GTF3C6,chr6,110958477,110968586,1,1,0,0.91,9,1,7,0,0.0,21.0,0.0,1,0,64.77904166666667
ENSG00000197498,RPF2,chr6,110982015,111028263,1,1,0,0.94,28,1,21,2,0.0,37.0,0.0,1,0,65.20202765957448
ENSG00000112394,SLC16A10,chr6,111087503,111231194,1,1,0,0.87,130,1,108,4,0.0,212.0,0.0,2,0,68.81704027777778
ENSG00000173214,MFSD4B,chr6,111259327,111445354,1,1,0,0.9,142,4,118,4,0.0,38.0,0.0,1,0,68.90890534759359
ENSG00000009413,REV3L,chr6,111299028,111483715,-1,1,0,1.0,138,4,111,6,0.0,178.0,0.0,1,0,67.4750252688172
ENSG00000056972,TRAF3IP2,chr6,111555381,111606910,-1,0,71075,,86,6,80,0,0.0,460.0,0.0,1,0,65.80200566037736
ENSG00000010810,FYN,chr6,111660332,111873475,-1,1,0,1.0,333,5,326,0,0.0,934.0,0.0,27,0,63.345073364485984
ENSG00000112761,CCN6,chr6,112054075,112069686,1,0,17517,,15,2,2,4,0.0,426.0,0.0,0,0,64.35075294117645
ENSG00000074935,TUBE1,chr6,112070663,112087529,-1,1,0,0.97,12,2,4,0,0.0,101.0,0.0,1,0,63.906555555555556
ENSG00000203778,FAM229B,chr6,112087122,112104223,1,1,0,0.97,12,2,8,0,0.0,20.0,0.0,1,0,63.34020000000001
ENSG00000112769,LAMA4,chr6,112106077,112254939,-1,1,0,0.82,164,4,150,4,0.0,319.0,0.0,0,0,58.592529333333346
ENSG00000281613,,chr6,112236806,112350094,1,1,0,0.82,146,2,133,2,0.0,0.0,0.0,0,0,54.333723684210526
ENSG00000251258,RFPL4B,chr6,112347330,112351294,1,0,11263,,7,1,5,0,0.0,19.0,0.0,0,0,53.687839999999994
ENSG00000277443,MARCKS,chr6,113857345,113863475,1,1,0,0.88,18,1,17,0,0.0,271.0,0.0,0,0,28.308099999999996
ENSG00000196591,HDAC2,chr6,113933028,114011308,-1,1,0,0.93,69,7,47,4,0.0,658.0,0.0,1,0,32.13829240506329
ENSG00000249853,HS3ST5,chr6,114055093,114343209,-1,1,0,0.92,218,4,164,8,0.0,35.0,0.0,0,0,42.99680034602076
ENSG00000111816,FRK,chr6,115931149,116061093,-1,0,39417,,99,2,82,2,0.0,179.0,0.0,0,0,20.498519847328243
ENSG00000178425,NT5DC1,chr6,116100837,116249497,1,1,0,0.96,122,1,88,6,0.0,92.0,0.0,1,0,31.323420134228186
ENSG00000123500,COL10A1,chr6,116118909,116158747,-1,0,17690,,27,0,19,1,0.0,305.0,0.0,0,0,28.571268292682927
ENSG00000187189,TSPYL4,chr6,116249964,116254075,-1,1,0,0.88,11,1,10,0,0.0,32.0,0.0,1,0,37.79486000000001
ENSG00000111817,DSE,chr6,116253604,116444861,1,3,0,0.88,207,8,168,4,0.0,113.0,0.0,5,0,44.402432812499995
ENSG00000189241,TSPYL1,chr6,116267760,116279930,-1,1,0,0.87,19,1,18,0,0.0,60.0,0.0,1,0,39.93331538461538
ENSG00000285446,,chr6,116399395,116463696,1,1,0,0.99,71,3,60,1,0.0,0.0,0.0,0,0,46.82981515151516
ENSG00000188820,CALHM6,chr6,116461370,116463968,1,1,0,0.99,7,2,5,0,0.0,103.0,0.0,0,0,46.932249999999996
ENSG00000173626,TRAPPC3L,chr6,116494989,116545684,-1,0,25388,,48,4,26,1,0.0,18.0,0.0,0,0,48.72256346153847
ENSG00000178033,CALHM5,chr6,116511639,116524788,1,0,46284,,16,2,7,1,0.0,13.0,0.0,0,0,48.57847142857143
ENSG00000164451,CALHM4,chr6,116529013,116561127,1,0,9945,,28,2,21,2,0.0,19.0,0.0,0,0,49.96037272727273
ENSG00000111832,RWDD1,chr6,116571409,116597675,1,1,0,0.78,21,2,11,2,0.0,34.0,0.0,1,0,52.111664285714276
ENSG00000111834,RSPH4A,chr6,116616479,116632985,1,0,44708,,13,1,8,1,0.0,57.0,0.0,0,0,53.89007222222222
ENSG00000153975,ZUP1,chr6,116635616,116668812,-1,0,12123,,21,1,13,4,0.0,269.0,0.0,1,0,54.898744117647055
ENSG00000196911,KPNA5,chr6,116681187,116741867,1,1,0,0.86,26,1,18,1,0.0,52.0,0.0,1,0,57.375354838709676
ENSG00000183807,FAM162B,chr6,116751703,116765719,-1,1,0,0.81,10,1,4,0,0.0,46.0,0.0,0,0,60.115093333333334
ENSG00000173612,GPRC6A,chr6,116792085,116829083,-1,0,26306,,11,0,5,1,0.0,812.0,0.0,0,0,63.17298421052631
ENSG00000185002,RFX6,chr6,116877212,116932161,1,1,0,0.82,30,2,16,2,0.0,120.0,0.0,0,0,66.05323035714285
ENSG00000170162,VGLL2,chr6,117265558,117273618,1,2,0,0.95,22,1,19,0,0.0,56.0,0.0,0,0,49.26936666666668
ENSG00000047936,ROS1,chr6,117287353,117425942,-1,0,16237,,82,1,40,11,1.0,632.0,1.0,0,0,42.465611428571435
ENSG00000282218,,chr6,117318211,117573571,-1,2,0,0.935,222,3,158,14,0.0,0.0,0.0,3,0,40.07763307392996
ENSG00000164465,DCBLD1,chr6,117453817,117569858,1,2,0,0.935,133,2,110,4,0.0,77.0,0.0,3,0,39.26125982905982
ENSG00000047932,GOPC,chr6,117560269,117602542,-1,1,0,0.84,27,1,19,0,0.0,467.0,0.0,1,0,41.358368181818186
ENSG00000153989,NUS1,chr6,117675469,117710727,1,1,0,0.94,25,1,20,2,0.0,156.0,0.0,2,0,46.94221621621622
ENSG00000196376,SLC35F1,chr6,117907264,118317676,1,2,0,1.0,267,2,182,23,0.0,69.0,0.0,0,0,44.76629514563108
ENSG00000111860,CEP85L,chr6,118460772,118710075,-1,2,0,0.86,256,4,233,5,0.0,72.0,0.0,6,0,44.54939999999999
ENSG00000198523,PLN,chr6,118543971,118561716,1,0,88783,,34,1,33,0,0.0,342.0,0.0,1,0,42.62763684210526
ENSG00000111877,MCM9,chr6,118813442,118935162,-1,2,0,0.99,102,3,84,4,0.0,269.0,0.0,6,0,57.35221138211382
ENSG00000111875,ASF1A,chr6,118894152,118909171,1,1,0,1.01,21,1,20,0,0.0,97.0,0.0,2,0,59.30734375
ENSG00000111879,FAM184A,chr6,118959763,119149387,-1,1,0,1.01,174,4,122,8,0.0,46.0,0.0,1,0,62.09001789473683
ENSG00000111885,MAN1A1,chr6,119177204,119349767,-1,1,0,0.89,197,1,158,3,0.0,107.0,0.0,2,0,66.56008333333334
ENSG00000146350,TBC1D32,chr6,121079494,121334745,-1,1,0,0.93,99,1,40,8,0.0,387.0,0.0,1,0,23.40816381322957
ENSG00000152661,GJA1,chr6,121435577,121449727,1,0,100701,,33,3,30,0,0.0,1374.0,0.0,0,0,18.759566666666668
ENSG00000025156,HSF2,chr6,122399551,122433119,1,1,0,1.02,28,1,24,1,0.0,291.0,0.0,1,0,26.337079411764705
ENSG00000111897,SERINC1,chr6,122443348,122471854,-1,1,0,0.97,21,1,19,0,0.0,70.0,0.0,1,0,27.239829999999998
ENSG00000135549,PKIB,chr6,122471917,122726375,1,2,0,1.06,170,7,121,7,0.0,89.0,0.0,2,0,32.71148431372549
ENSG00000164434,FABP7,chr6,122779716,122784074,1,0,5069,,9,1,7,0,0.0,292.0,0.0,0,0,38.38402
ENSG00000172594,SMPDL3A,chr6,122789049,122809720,1,1,0,0.91,33,1,31,0,0.0,88.0,0.0,0,0,38.14684090909091
ENSG00000146352,CLVS2,chr6,122996131,123072925,1,1,0,0.88,49,2,30,7,0.0,27.0,0.0,0,0,37.150217948717945
ENSG00000186439,TRDN,chr6,123215088,123637260,-1,0,165772,,213,3,171,7,0.0,179.0,0.0,0,0,32.79730756501182
ENSG00000188580,NKAIN2,chr6,123803865,124825640,1,1,0,1.12,589,2,321,65,0.0,100.0,0.0,0,0,28.38399491691105
ENSG00000146373,RNF217,chr6,124962437,125092633,1,1,0,0.94,136,4,117,1,0.0,63.0,0.0,0,0,55.86324511278195
ENSG00000111907,TPD52L1,chr6,125119049,125264407,1,1,0,0.79,138,4,118,2,0.0,83.0,0.0,1,0,64.96306712328767
ENSG00000111906,HDDC2,chr6,125219962,125302128,-1,1,0,0.92,82,2,71,1,0.0,55.0,0.0,1,0,66.17580120481928
ENSG00000135547,HEY2,chr6,125747664,125761269,1,2,0,0.835,30,3,27,0,0.0,569.0,0.0,0,0,59.07569999999999
ENSG00000111912,NCOA7,chr6,125780943,125932034,1,1,0,0.91,166,6,151,0,0.0,131.0,0.0,6,0,60.367549342105264
ENSG00000111911,HINT3,chr6,125956733,125980244,1,1,0,0.98,23,1,21,0,0.0,58.0,0.0,1,0,65.1339375
ENSG00000066651,TRMT11,chr6,125986428,126203817,1,1,0,0.93,186,1,152,9,0.0,58.0,0.0,1,0,72.16012191780821
ENSG00000203760,CENPW,chr6,126340115,126348875,1,1,0,1.11,5,1,4,0,0.0,125.0,0.0,1,0,74.91581000000002
ENSG00000146374,RSPO3,chr6,127118663,127199481,1,2,0,0.915,63,2,54,4,0.0,280.0,0.0,0,0,36.100588888888886
ENSG00000118518,RNF146,chr6,127266582,127288567,1,1,0,0.91,21,1,17,0,0.0,92.0,0.0,1,0,34.24699565217391
ENSG00000093144,ECHDC1,chr6,127288712,127343609,-1,1,0,1.29,43,4,39,0,0.0,85.0,0.0,1,0,34.203519642857145
ENSG00000189367,KIAA0408,chr6,127438406,127459393,-1,0,15748,,18,1,13,0,0.0,21.0,0.0,0,0,38.646063636363635
ENSG00000255330,,chr6,127438406,127519001,-1,3,0,0.99,69,2,55,4,0.0,3.0,0.0,2,0,38.91444634146341
ENSG00000214338,MTCL3,chr6,127472806,127519335,-1,3,0,0.99,41,2,33,2,0.0,27.0,0.0,2,0,39.03193829787232
ENSG00000184530,C6orf58,chr6,127519455,127591820,1,0,2894,,48,1,13,10,0.0,45.0,0.0,0,0,38.18829189189189
ENSG00000172673,THEMIS,chr6,127708072,127918631,-1,0,191511,,137,2,115,7,0.0,243.0,0.0,6,0,33.2966070754717
ENSG00000152894,PTPRK,chr6,127968780,128520619,-1,1,0,0.82,464,2,366,30,0.0,397.0,0.0,3,0,20.539149005424957
ENSG00000196569,LAMA2,chr6,128883138,129516566,1,1,0,1.02,471,4,350,28,0.0,973.0,0.0,3,0,23.779967559055116
ENSG00000146376,ARHGAP18,chr6,129576132,129710247,-1,0,308794,,195,3,175,3,0.0,139.0,0.0,2,0,48.04415407407407
ENSG00000203756,TMEM244,chr6,129827945,129861547,-1,0,157494,,31,1,18,2,0.0,33.0,0.0,1,0,64.37658571428571
ENSG00000198945,L3MBTL3,chr6,130013699,130141449,1,1,0,1.14,107,3,77,9,0.0,182.0,0.0,6,0,73.1978125
ENSG00000164483,SAMD3,chr6,130144315,130365425,-1,1,0,0.81,145,4,99,11,0.0,84.0,0.0,7,0,64.9926972972973
ENSG00000164484,TMEM200A,chr6,130365404,130443424,1,1,0,0.81,74,4,57,3,0.0,88.0,0.0,2,0,55.28246455696203
ENSG00000256162,SMLR1,chr6,130827406,130837135,1,0,225156,,13,1,11,0,0.0,39.0,0.0,0,0,38.872809090909094
ENSG00000079819,EPB41L2,chr6,130839343,131063361,-1,1,0,0.9,253,3,209,8,0.0,226.0,0.0,1,0,44.00655377777777
ENSG00000118507,AKAP7,chr6,131135467,131283535,1,1,0,1.32,112,4,89,5,0.0,105.0,0.0,5,0,57.577220000000004
ENSG00000118520,ARG1,chr6,131470832,131584332,1,0,43615,,68,1,49,2,0.0,684.0,0.0,0,0,61.36636403508771
ENSG00000112282,MED23,chr6,131573966,131628242,-1,1,0,0.84,34,2,19,5,0.0,164.0,0.0,1,0,59.40158181818181
ENSG00000154269,ENPP3,chr6,131628292,131747418,1,1,0,0.84,96,3,65,9,0.0,338.0,0.0,1,0,56.20814333333333
ENSG00000180658,OR2A4,chr6,131699644,131701401,-1,0,71232,,0,0,0,0,0.0,11.0,0.0,0,0,55.55585
ENSG00000236761,CTAGE9,chr6,131708441,131711017,-1,0,80029,,0,0,0,0,0.0,29.0,0.0,0,0,55.484575
ENSG00000197594,ENPP1,chr6,131807993,131895155,1,1,0,1.0,78,3,60,0,0.0,576.0,0.0,0,0,60.20784659090909
ENSG00000118523,CCN2,chr6,131948176,131951456,-1,2,0,0.92,11,2,9,0,0.0,1070.0,0.0,0,0,59.859975
ENSG00000079931,MOXD1,chr6,132296055,132401556,-1,1,0,0.96,92,1,69,5,0.0,116.0,0.0,0,0,40.601935514018685
ENSG00000079950,STX7,chr6,132445867,132513999,-1,1,0,0.76,70,1,68,0,0.0,57.0,0.0,1,0,36.78713043478262
ENSG00000237110,TAAR9,chr6,132538277,132539336,1,0,25067,,1,0,1,0,0.0,40.0,0.0,0,0,36.892250000000004
ENSG00000146385,TAAR8,chr6,132552672,132553756,1,0,39462,,1,0,0,1,0.0,21.0,0.0,0,0,36.817800000000005
ENSG00000146383,TAAR6,chr6,132570322,132571359,1,0,57112,,2,1,1,0,0.0,38.0,0.0,0,0,36.69795
ENSG00000135569,TAAR5,chr6,132588592,132589741,-1,0,75382,,2,0,1,0,0.0,50.0,0.0,0,0,36.575450000000004
ENSG00000146378,TAAR2,chr6,132617022,132624275,-1,0,103812,,7,0,1,0,0.0,14.0,0.0,0,0,36.600725
ENSG00000146399,TAAR1,chr6,132643312,132659182,-1,0,130102,,13,0,8,1,0.0,259.0,0.0,0,0,37.1499294117647
ENSG00000112299,VNN1,chr6,132680849,132719962,-1,0,78382,,32,1,25,0,0.0,201.0,0.0,0,0,39.3271775
ENSG00000112303,VNN2,chr6,132743870,132763459,-1,0,34885,,18,2,16,0,0.0,103.0,0.0,1,0,42.415544999999995
ENSG00000146409,SLC18B1,chr6,132769370,132813339,-1,1,0,0.74,34,2,27,2,0.0,47.0,0.0,1,0,44.357519999999994
ENSG00000112306,RPS12,chr6,132814557,132817577,1,1,0,0.96,10,4,6,0,0.0,128.0,0.0,1,0,45.511325
ENSG00000112319,EYA4,chr6,133240514,133532128,1,2,0,1.09,223,4,158,17,0.0,253.0,0.0,0,0,44.32944417808219
ENSG00000118526,TCF21,chr6,133889113,133895553,1,3,0,0.8567,19,4,15,0,0.0,292.0,0.0,0,0,41.5238125
ENSG00000028839,TBPL1,chr6,133952170,133990432,1,1,0,0.93,59,3,51,0,0.0,642.0,0.0,1,0,45.43104871794872
ENSG00000288529,,chr6,133953304,133980088,1,1,0,0.93,46,0,42,0,0.0,39.0,0.0,1,0,45.13881071428572
ENSG00000146411,SLC2A12,chr6,133987581,134052660,-1,0,33875,,81,1,75,0,0.0,125.0,0.0,0,0,48.948307575757575
ENSG00000118515,SGK1,chr6,134169248,134318112,-1,3,0,0.94,197,10,178,0,0.0,541.0,0.0,4,0,63.72529
ENSG00000118514,ALDH8A1,chr6,134917298,134950129,-1,0,104482,,30,1,24,3,0.0,74.0,0.0,0,0,58.401747058823524
ENSG00000112339,HBS1L,chr6,134960378,135103056,-1,1,0,0.89,127,4,106,6,0.0,306.0,0.0,4,0,64.42233793103448
ENSG00000118513,MYB,chr6,135181308,135219173,1,1,0,0.94,54,3,45,0,8.0,974.0,1.0,2,0,73.39155897435899
ENSG00000135541,AHI1,chr6,135283407,135498434,-1,1,0,1.01,160,8,104,10,0.0,218.0,0.0,1,0,83.88802916666666
ENSG00000171408,PDE7B,chr6,135851701,136195574,1,0,54408,,315,6,255,9,0.0,160.0,0.0,2,0,53.75308666666667
ENSG00000146410,MTFR2,chr6,136231024,136250571,-1,1,0,0.86,15,1,10,0,0.0,78.0,0.0,1,0,48.00852857142858
ENSG00000029363,BCLAF1,chr6,136256627,136289851,-1,1,0,1.05,29,1,23,0,0.0,309.0,0.0,1,0,48.743344117647055
ENSG00000135525,MAP7,chr6,136342281,136550819,-1,2,0,0.825,206,7,189,2,0.0,232.0,0.0,0,0,57.512592380952384
ENSG00000197442,MAP3K5,chr6,136557034,136793097,-1,1,0,0.91,270,3,249,1,0.0,380.0,0.0,14,0,66.0467624472574
ENSG00000112357,PEX7,chr6,136822548,136914598,1,1,0,1.11,65,4,30,9,0.0,209.0,0.0,1,0,59.59854731182797
ENSG00000182747,SLC35D3,chr6,136922301,136925660,1,1,0,0.81,8,1,6,0,0.0,32.0,0.0,0,0,59.99976
ENSG00000016402,IL20RA,chr6,136999971,137045180,-1,1,0,0.99,46,2,38,3,0.0,210.0,0.0,0,0,61.852982608695655
ENSG00000164485,IL22RA2,chr6,137143820,137173648,-1,0,45341,,43,0,38,1,0.0,156.0,0.0,0,0,57.816841935483865
ENSG00000027697,IFNGR1,chr6,137197483,137219449,-1,1,0,0.87,30,3,25,0,0.0,623.0,0.0,1,0,57.160847826086965
ENSG00000177468,OLIG3,chr6,137492199,137494394,-1,1,0,0.82,7,1,6,0,0.0,62.0,0.0,0,0,50.719899999999996
ENSG00000118503,TNFAIP3,chr6,137866383,137885836,1,1,0,0.84,52,4,48,0,2.0,933.0,1.0,2,0,54.560028571428575
ENSG00000112378,PERP,chr6,138088505,138107419,-1,1,0,1.1,23,1,21,0,0.0,142.0,0.0,1,0,69.0002894736842
ENSG00000112379,ARFGEF3,chr6,138161939,138344663,1,2,0,0.905,176,1,143,6,0.0,163.0,0.0,0,0,71.69918260869565
ENSG00000254440,PBOV1,chr6,138215986,138218491,-1,0,53413,,1,0,1,0,0.0,36.0,0.0,0,0,73.2412
ENSG00000262543,SMIM28,chr6,138377905,138383486,1,0,19994,,6,0,6,0,0.0,12.0,0.0,0,0,64.8116
ENSG00000051620,HEBP2,chr6,138403531,138422197,1,1,0,0.79,26,2,21,0,0.0,52.0,0.0,1,0,62.67616842105264
ENSG00000135540,NHSL1,chr6,138422043,138693253,-1,2,0,0.875,327,3,291,8,0.0,68.0,0.0,1,0,54.52537352941176
ENSG00000024862,CCDC28A,chr6,138773493,138793319,1,1,0,0.88,17,2,9,0,0.0,199.0,0.0,1,0,41.673185714285715
ENSG00000203734,ECT2L,chr6,138795911,138904070,1,1,0,0.74,88,1,67,3,0.0,129.0,0.0,0,0,39.632239449541295
ENSG00000135597,REPS1,chr6,138903493,138988354,-1,1,0,1.01,85,3,68,4,0.0,58.0,0.0,1,0,38.4615988372093
ENSG00000146386,ABRACL,chr6,139027494,139043742,1,1,0,0.91,20,1,18,0,0.0,50.0,0.0,1,0,41.37242222222223
ENSG00000112406,HECA,chr6,139135080,139180807,1,2,0,0.945,71,1,70,0,0.0,69.0,0.0,4,0,45.81208510638298
ENSG00000164440,TXLNB,chr6,139239083,139291998,-1,0,71846,,70,6,64,0,0.0,47.0,0.0,5,0,44.49643703703704
ENSG00000164442,CITED2,chr6,139371807,139375909,-1,2,0,0.89,15,3,12,0,0.0,349.0,0.0,1,0,42.752599999999994
ENSG00000135577,NMBR,chr6,142058330,142147122,-1,2,0,0.965,29,2,6,5,0.0,118.0,0.0,1,0,27.565791111111107
ENSG00000203733,GJE1,chr6,142132925,142135358,1,0,11695,,0,0,0,0,0.0,295.0,0.0,0,0,27.411833333333334
ENSG00000009844,VTA1,chr6,142147162,142224685,1,1,0,1.05,53,1,40,2,0.0,108.0,0.0,1,0,27.426291139240515
ENSG00000112414,ADGRG6,chr6,142301854,142446266,1,1,0,0.8,163,1,153,1,0.0,207.0,0.0,0,0,31.99080827586207
ENSG00000010818,HIVEP2,chr6,142751467,142956698,-1,2,0,0.895,274,4,264,1,0.0,140.0,0.0,18,0,36.78550579710144
ENSG00000146416,AIG1,chr6,143060496,143341058,1,1,0,0.96,263,2,201,10,0.0,78.0,0.0,3,0,50.2124024822695
ENSG00000189007,ADAT2,chr6,143422832,143450695,-1,1,0,0.96,31,4,19,1,0.0,87.0,0.0,1,0,51.74045517241379
ENSG00000034693,PEX3,chr6,143450805,143490616,1,1,0,0.96,29,1,13,3,0.0,84.0,0.0,1,0,51.57092682926829
ENSG00000001036,FUCA2,chr6,143493961,143511842,-1,1,0,0.91,17,1,9,2,0.0,74.0,0.0,1,0,51.7418
ENSG00000112419,PHACTR2,chr6,143536845,143831185,1,2,0,0.94,300,4,254,7,0.0,72.0,0.0,6,0,56.62239050847458
ENSG00000257065,,chr6,143807092,143844617,1,1,0,0.84,35,2,27,1,0.0,0.0,0.0,1,0,61.411861538461544
ENSG00000135521,LTV1,chr6,143843326,143863812,1,1,0,0.84,15,2,7,1,0.0,44.0,0.0,1,0,62.471427272727276
ENSG00000280148,,chr6,143857318,143938471,1,0,13684,,47,2,37,1,0.0,0.0,0.0,0,0,63.44077073170731
ENSG00000118491,ZC2HC1B,chr6,143864436,143938343,1,0,20802,,43,1,34,1,0.0,37.0,0.0,0,0,63.510589333333314
ENSG00000118495,PLAGL1,chr6,143940300,144064714,-1,2,0,0.95,131,8,87,4,0.0,210.0,0.0,2,0,63.79138253968254
ENSG00000169976,SF3B5,chr6,144094884,144095573,-1,1,0,0.93,4,2,2,0,0.0,22.0,0.0,1,0,64.81945
ENSG00000135604,STX11,chr6,144149970,144191939,1,2,0,0.93,61,2,50,1,0.0,206.0,0.0,1,0,65.91865813953488
ENSG00000152818,UTRN,chr6,144285335,144853034,1,1,0,0.81,516,3,436,10,0.0,600.0,0.0,10,0,59.90808066783831
ENSG00000112425,EPM2A,chr6,145382535,145736023,-1,1,0,0.9,206,3,92,29,0.0,242.0,0.0,1,0,35.95044858757062
ENSG00000118496,FBXO30,chr6,145793502,145815267,-1,2,0,0.925,24,1,22,0,0.0,51.0,0.0,1,0,35.30052727272727
ENSG00000146414,SHPRH,chr6,145864245,145964423,-1,1,0,0.83,66,2,52,4,0.0,105.0,0.0,2,0,40.426891089108906
ENSG00000152822,GRM1,chr6,146027646,146437601,1,2,0,0.865,261,4,119,27,0.0,598.0,0.0,0,0,42.54852506082725
ENSG00000118508,RAB32,chr6,146543825,146554964,1,1,0,0.9,20,0,18,0,0.0,124.0,0.0,0,0,39.04646666666667
ENSG00000118492,ADGB,chr6,146598967,146815462,1,1,0,1.08,111,2,43,15,0.0,193.0,0.0,0,0,44.202471428571435
ENSG00000164506,STXBP5,chr6,147203710,147391010,1,1,0,1.05,155,2,95,10,0.0,113.0,0.0,3,0,74.16749734042553
ENSG00000203727,SAMD5,chr6,147508690,147737547,1,1,0,0.85,201,2,126,18,0.0,80.0,0.0,0,0,69.11343826086956
ENSG00000111961,SASH1,chr6,148272304,148552044,1,1,0,1.01,348,2,329,0,0.0,174.0,0.0,0,0,35.93374768683274
ENSG00000111962,UST,chr6,148746913,149076991,1,2,0,1.215,364,3,314,10,0.0,82.0,0.0,6,0,38.969555589123864
ENSG00000055208,TAB2,chr6,149218641,149411613,1,1,0,1.08,223,4,189,7,0.0,164.0,0.0,4,0,52.61838144329897
ENSG00000177688,SUMO4,chr6,149400262,149401278,1,0,49422,,1,0,1,0,0.0,79.0,0.0,0,0,55.207
ENSG00000178199,ZC3H12D,chr6,149446795,149485014,-1,2,0,0.85,83,3,76,0,0.0,195.0,0.0,4,0,55.31088717948717
ENSG00000131013,PPIL4,chr6,149504495,149546092,-1,1,0,1.07,25,2,21,0,0.0,114.0,0.0,2,0,57.93494651162791
ENSG00000055211,GINM1,chr6,149566206,149591748,1,1,0,1.06,20,1,14,0,0.0,105.0,0.0,1,0,61.8428962962963
ENSG00000186625,KATNA1,chr6,149594873,149648972,-1,1,0,0.89,33,1,27,1,0.0,75.0,0.0,1,0,64.58446
ENSG00000131023,LATS1,chr6,149658153,149718105,-1,1,0,0.83,42,3,30,3,3.0,505.0,1.0,1,0,67.21063770491803
ENSG00000120253,NUP43,chr6,149724315,149750286,-1,2,0,0.99,20,2,11,1,0.0,155.0,0.0,2,0,68.38785925925926
ENSG00000120265,PCMT1,chr6,149749431,149811421,1,1,0,1.06,45,2,33,0,0.0,179.0,0.0,1,0,69.47990952380951
ENSG00000285991,,chr6,149817937,149896011,-1,1,0,1.04,92,6,75,2,0.0,0.0,0.0,1,0,72.52886962025318
ENSG00000120256,LRP11,chr6,149818757,149864424,-1,1,0,1.04,59,4,50,2,0.0,70.0,0.0,1,0,71.76279130434783
ENSG00000164520,RAET1E,chr6,149883179,149898113,-1,0,18682,,18,3,15,0,0.0,64.0,0.0,0,0,74.18314375
ENSG00000203722,RAET1G,chr6,149916878,149923121,-1,1,0,0.72,8,1,3,1,0.0,26.0,0.0,0,0,75.43181428571428
ENSG00000131015,ULBP2,chr6,149942014,149949235,1,1,0,0.72,7,1,4,0,0.0,122.0,0.0,1,0,76.0864125
ENSG00000111981,ULBP1,chr6,149963943,149973715,1,1,0,1.09,10,1,7,0,0.0,139.0,0.0,1,0,76.20634545454546
ENSG00000155918,RAET1L,chr6,150018334,150025532,-1,0,3192,,3,1,1,1,0.0,34.0,0.0,0,0,74.89405555555555
ENSG00000131019,ULBP3,chr6,150061053,150069191,-1,1,0,0.91,5,1,2,0,0.0,76.0,0.0,1,0,73.25307777777778
ENSG00000198729,PPP1R14C,chr6,150143044,150250392,1,1,0,0.92,139,1,123,4,0.0,49.0,0.0,0,0,71.2089037037037
ENSG00000009765,IYD,chr6,150368892,150405969,1,0,193941,,35,1,30,0,0.0,44.0,0.0,0,0,63.625071052631576
ENSG00000120278,PLEKHG1,chr6,150599848,150843665,1,1,0,0.87,267,7,235,3,0.0,79.0,0.0,4,0,61.52549551020408
ENSG00000120254,MTHFD1L,chr6,150865679,151101887,1,2,0,0.865,302,2,287,3,0.0,137.0,0.0,4,0,53.10591856540084
ENSG00000131016,AKAP12,chr6,151239936,151358563,1,3,0,0.85,163,5,150,0,0.0,293.0,0.0,0,0,58.07378083333334
ENSG00000181472,ZBTB2,chr6,151364105,151391696,-1,1,0,1.3,38,2,35,0,0.0,54.0,0.0,2,0,56.71523793103449
ENSG00000155906,RMND1,chr6,151398898,151452158,-1,1,0,0.96,62,2,48,2,,,,1,0,57.16982222222223
ENSG00000146476,ARMT1,chr6,151452258,151470101,1,1,0,0.96,18,1,16,0,0.0,90.0,0.0,1,0,57.94073157894737
ENSG00000120262,CCDC170,chr6,151494013,151621193,1,1,0,0.93,96,1,64,7,0.0,138.0,0.0,0,0,60.016498437500005
ENSG00000091831,ESR1,chr6,151651284,152129619,1,1,0,0.95,336,8,250,20,4.0,2508.0,1.0,2,0,49.095531875
ENSG00000131018,SYNE1,chr6,152121687,152637801,-1,2,0,1.01,419,6,330,20,0.0,448.0,0.0,4,0,28.979964216634432
ENSG00000120279,MYCT1,chr6,152697897,152724569,1,0,60560,,21,3,15,0,0.0,131.0,0.0,0,0,25.426085714285712
ENSG00000146469,VIP,chr6,152749922,152759765,1,0,112585,,2,1,1,0,0.0,894.0,0.0,0,0,24.920972727272726
ENSG00000112029,FBXO5,chr6,152970519,152983579,-1,1,0,0.85,15,2,12,0,0.0,115.0,0.0,2,0,28.367928571428568
ENSG00000112031,MTRF1L,chr6,152987362,153002709,-1,1,0,0.76,15,1,11,0,0.0,43.0,0.0,1,0,29.008852941176468
ENSG00000091844,RGS17,chr6,153004459,153131282,-1,1,0,0.94,97,1,71,3,0.0,78.0,0.0,1,0,32.57962421875
ENSG00000112038,OPRM1,chr6,154010496,154246867,1,1,0,0.79,175,2,148,6,0.0,612.0,0.0,4,0,26.195363445378153
ENSG00000074706,IPCEF1,chr6,154154496,154356803,-1,0,114623,,207,4,192,5,0.0,62.0,0.0,5,0,30.466402941176472
ENSG00000288520,,chr6,154159828,154510114,-1,1,0,0.82,397,6,358,7,0.0,0.0,0.0,4,0,35.038613675213675
ENSG00000153721,CNKSR3,chr6,154387515,154510685,-1,1,0,0.82,168,3,150,0,0.0,76.0,0.0,0,0,41.816984677419356
ENSG00000213079,SCAF8,chr6,154733378,154842212,1,1,0,0.93,87,2,68,1,0.0,60.0,0.0,1,0,64.75579
ENSG00000146426,TIAM2,chr6,154832697,155257723,1,3,0,0.9333,473,3,391,17,0.0,99.0,0.0,3,0,64.3968531615925
ENSG00000029639,TFB1M,chr6,155256134,155314493,-1,1,0,0.83,61,2,55,2,0.0,65.0,0.0,1,0,55.192720338983044
ENSG00000171217,CLDN20,chr6,155264013,155276548,1,0,37536,,18,0,17,1,0.0,32.0,0.0,0,0,55.95383571428572
ENSG00000074771,NOX3,chr6,155395368,155455839,-1,0,80620,,75,0,61,1,0.0,148.0,0.0,2,0,52.369874193548384
ENSG00000049618,ARID1B,chr6,156776020,157210779,1,1,0,1.0,569,12,524,2,4.0,611.0,1.0,6,0,55.78815573394495
ENSG00000215712,TMEM242,chr6,157289025,157323601,-1,1,0,0.73,45,2,31,4,0.0,49.0,0.0,1,0,59.89794444444445
ENSG00000175048,ZDHHC14,chr6,157381133,157678157,1,3,0,0.76,429,2,353,12,0.0,103.0,0.0,1,0,66.94802684563759
ENSG00000130340,SNX9,chr6,157700387,157945077,1,1,0,1.01,324,4,291,3,0.0,87.0,0.0,5,0,71.79583577235773
ENSG00000078269,SYNJ2,chr6,157981863,158099176,1,2,0,0.825,224,4,204,0,0.0,226.0,0.0,3,0,71.89111864406779
ENSG00000122335,SERAC1,chr6,158109515,158168295,-1,1,0,0.93,49,1,39,2,0.0,115.0,0.0,1,0,76.08370338983052
ENSG00000272047,GTF2H5,chr6,158168338,158199344,1,1,0,0.93,31,1,28,1,0.0,114.0,0.0,1,0,78.12159375000002
ENSG00000130338,TULP4,chr6,158232236,158511828,1,1,0,0.99,326,2,278,9,0.0,123.0,0.0,5,0,77.1309669039146
ENSG00000146433,TMEM181,chr6,158536436,158635435,1,2,0,1.02,158,2,135,1,0.0,34.0,0.0,3,0,73.301073
ENSG00000146425,DYNLT1,chr6,158636474,158644755,-1,1,0,0.87,14,1,11,0,0.0,72.0,0.0,1,0,72.01989999999999
ENSG00000164674,SYTL3,chr6,158644387,158768355,1,1,0,0.87,210,3,202,0,0.0,85.0,0.0,8,0,71.17881200000001
ENSG00000092820,EZR,chr6,158765741,158819413,-1,1,0,0.83,126,3,123,0,3.0,581.0,1.0,7,0,69.8759
ENSG00000130363,RSPH3,chr6,158970084,159000202,-1,1,0,0.68,20,2,14,1,0.0,48.0,0.0,1,0,70.42066451612904
ENSG00000164691,TAGAP,chr6,159034481,159095823,-1,0,33227,,99,4,93,0,0.0,116.0,0.0,3,0,68.61163650793652
ENSG00000164694,FNDC1,chr6,159169353,159272112,1,2,0,0.79,92,3,81,1,0.0,159.0,0.0,0,0,69.35944903846153
ENSG00000291237,SOD2,chr6,159669069,159762529,-1,3,0,0.9233,133,8,101,4,0.0,1304.0,0.0,3,0,49.79722210526315
ENSG00000146457,WTAP,chr6,159716432,159756319,1,1,0,0.97,46,3,35,1,0.0,242.0,0.0,1,0,49.53040487804878
ENSG00000120437,ACAT2,chr6,159761981,159779821,1,1,0,0.88,20,2,15,0,0.0,149.0,0.0,1,0,49.82284736842105
ENSG00000120438,TCP1,chr6,159778498,159789703,-1,1,0,0.95,17,1,12,0,0.0,148.0,0.0,1,0,50.042923076923074
ENSG00000112110,MRPL18,chr6,159789812,159799027,1,1,0,0.95,13,2,10,0,0.0,113.0,0.0,1,0,50.24817
ENSG00000146453,PNLDC1,chr6,159800249,159820704,1,1,0,1.0,29,1,26,1,0.0,216.0,0.0,1,0,50.59593636363636
ENSG00000130368,MAS1,chr6,159890988,159917447,1,0,51353,,32,1,15,4,0.0,484.0,0.0,0,0,53.20042222222222
ENSG00000197081,IGF2R,chr6,159969082,160113507,1,3,0,0.8333,207,2,188,1,0.0,321.0,0.0,5,0,58.90868163265307
ENSG00000175003,SLC22A1,chr6,160121815,160159398,1,1,0,0.63,50,1,40,1,0.0,311.0,0.0,0,0,62.91548157894737
ENSG00000112499,SLC22A2,chr6,160171061,160277638,-1,1,0,0.72,95,2,84,4,0.0,229.0,0.0,0,0,64.69209444444444
ENSG00000146477,SLC22A3,chr6,160348373,160452577,1,2,0,0.84,104,3,81,2,0.0,363.0,0.0,0,0,59.612007547169824
ENSG00000198670,LPA,chr6,160531482,160664275,-1,0,14785,,26,0,11,5,0.0,733.0,0.0,0,0,51.18754104477611
ENSG00000122194,PLG,chr6,160702105,160754097,1,0,12955,,28,1,20,2,0.0,1078.0,0.0,0,0,43.45754150943396
ENSG00000085511,MAP3K4,chr6,160991473,161117385,1,1,0,1.05,124,3,103,0,0.0,305.0,0.0,3,0,49.19310708661417
ENSG00000026652,AGPAT4,chr6,161129967,161274095,-1,0,137435,,198,1,163,6,0.0,77.0,0.0,1,0,54.81812275862069
ENSG00000185345,PRKN,chr6,161347417,162727775,-1,2,0,1.08,1051,7,657,90,0.0,947.0,0.0,1,0,45.73472655571636
ENSG00000112530,PACRG,chr6,162727132,163315500,1,3,0,0.74,415,9,307,22,0.0,250.0,0.0,1,0,27.168012203389836
ENSG00000112531,QKI,chr6,163414000,163578592,1,1,0,1.17,162,3,150,0,2.0,779.0,1.0,5,0,31.44010060240964
ENSG00000112539,C6orf118,chr6,165279664,165309605,-1,0,24669,,9,1,5,0,0.0,110.0,0.0,0,0,21.214690322580644
ENSG00000112541,PDE10A,chr6,165327287,165988117,-1,9,0,0.8044,598,12,358,56,0.0,431.0,0.0,0,0,17.646733081571
ENSG00000164458,TBXT,chr6,166157656,166168815,-1,2,0,0.815,22,2,8,1,0.0,1173.0,0.0,0,0,28.391625
ENSG00000176381,PRR18,chr6,166305300,166308448,-1,1,0,0.78,9,2,7,0,0.0,22.0,0.0,0,0,33.36785
ENSG00000198818,SFT2D1,chr6,166319724,166342590,-1,1,0,0.83,26,1,24,0,0.0,26.0,0.0,1,0,34.5461
ENSG00000060762,MPC1,chr6,166364919,166383013,-1,1,0,0.79,17,1,15,0,0.0,189.0,0.0,1,0,36.47804736842105
ENSG00000071242,RPS6KA2,chr6,166409364,166906451,-1,8,0,0.9188,652,7,525,30,0.0,216.0,0.0,6,0,52.205480722891565
ENSG00000235272,RAMACL,chr6,166583009,166586678,-1,0,32164,,4,0,4,0,0.0,19.0,0.0,0,0,51.16642
ENSG00000249141,,chr6,166858094,166956124,-1,4,0,0.875,119,3,104,2,0.0,0.0,0.0,3,0,56.838133333333325
ENSG00000026297,RNASET2,chr6,166922113,166957448,-1,1,0,0.86,62,4,52,0,0.0,189.0,0.0,3,0,56.57686944444444
ENSG00000213066,CEP43,chr6,166999174,167052718,1,1,0,1.01,53,2,41,2,0.0,257.0,0.0,3,0,58.47575818181817
ENSG00000272980,,chr6,166999336,167139138,1,1,0,1.01,155,7,132,2,0.0,2.0,0.0,11,0,59.40082482269503
ENSG00000112486,CCR6,chr6,167111795,167139141,1,0,34725,,47,5,39,0,0.0,874.0,0.0,5,0,60.35343214285715
ENSG00000120436,GPR31,chr6,167155247,167157980,-1,0,15886,,5,1,1,2,0.0,95.0,0.0,0,0,60.740825
ENSG00000112494,UNC93A,chr6,167269010,167316028,1,1,0,1.09,75,1,65,0,0.0,34.0,0.0,0,0,66.43580416666667
ENSG00000120440,TTLL2,chr6,167325071,167359503,1,1,0,0.79,36,1,26,3,0.0,15.0,0.0,1,0,67.93666666666667
ENSG00000130396,AFDN,chr6,167826859,167972023,1,2,0,0.97,161,4,134,1,0.0,395.0,0.0,0,0,40.85854794520548
ENSG00000125337,KIF25,chr6,167996241,168045091,1,2,0,0.84,77,2,57,3,0.0,43.0,0.0,0,0,32.761475999999995
ENSG00000153303,FRMD1,chr6,168053095,168101511,-1,4,0,0.7875,94,4,71,2,0.0,44.0,0.0,0,0,45.80393800000001
ENSG00000164488,DACT2,chr6,168292830,168319777,-1,3,0,0.8033,51,2,43,2,0.0,93.0,0.0,0,0,57.156553571428574
ENSG00000112562,SMOC2,chr6,168440656,168673445,1,5,0,0.79,260,2,218,7,0.0,198.0,0.0,0,0,45.26100042918455
ENSG00000186340,THBS2,chr6,169215780,169254060,-1,4,0,0.8275,69,3,65,0,0.0,426.0,0.0,0,0,35.71291282051283
ENSG00000285733,,chr6,169419969,169702047,-1,7,0,0.9357,272,5,188,14,0.0,0.0,0.0,2,0,38.69582084805654
ENSG00000184465,WDR27,chr6,169457211,169702729,-1,6,0,0.945,232,4,155,13,0.0,110.0,0.0,2,0,38.965868016194335
ENSG00000185127,C6orf120,chr6,169702126,169706360,1,1,0,0.97,9,2,6,0,0.0,46.0,0.0,1,0,41.99198
ENSG00000130024,PHF10,chr6,169703902,169725566,-1,1,0,1.05,27,3,22,0,0.0,67.0,0.0,2,0,42.33665652173913
ENSG00000184786,DYNLT2,chr6,169740106,169751587,-1,1,0,0.93,7,2,3,0,0.0,165.0,0.0,1,0,43.46513846153846
ENSG00000130023,ERMARD,chr6,169751567,169781600,1,1,0,0.93,28,2,23,0,0.0,30.0,0.0,1,0,44.418122580645154
ENSG00000198719,DLL1,chr6,170282202,170306565,-1,4,0,0.895,54,5,42,3,0.0,452.0,0.0,2,0,52.47989230769231
ENSG00000112584,FAM120B,chr6,170290703,170407067,1,4,0,0.8825,126,5,99,6,0.0,80.0,0.0,2,0,48.23570769230769
ENSG00000008018,PSMB1,chr6,170535116,170553327,-1,1,0,0.94,16,1,15,0,0.0,138.0,0.0,1,0,55.36255263157895
ENSG00000112592,TBP,chr6,170554302,170572870,1,1,0,0.83,11,1,9,0,0.0,368.0,0.0,1,0,56.980835
ENSG00000071994,PDCD2,chr6,170575295,170584692,-1,1,0,0.96,14,1,7,2,0.0,76.0,0.0,1,0,58.31975454545454
