tree
version=v4
num_class=1
num_tree_per_iteration=1
label_index=0
max_feature_idx=14
objective=regression
feature_names=dist_to_nearest_cancer_tss gene_length cpg_island_count cpg_nearest_dist cpg_mean_obs_exp encode_ccre_count encode_promoter_count encode_enhancer_count encode_ctcf_count ot_cancer_hallmark_count ot_disease_count ot_is_cancer_driver gtex_whole_blood_tpm gtex_spleen_tpm gtex_immune_mean_tpm
feature_infos=[4:44668657] [95:2473538] [0:71] [0:2598352] [0:1.76] [0:1613] [0:27] [0:1151] [0:148] [0:10] [0:3287] [0:1] [0:12.496523381692937] [0:9.1910821164827823] [0:11.40976507577674]
tree_sizes=5050 5112 5366 5302 5356 4859 5286 4582 4300 4337 4910 5083 5109 4728 4978 4839 4907 5335 4502 4412 4442 4488 4341 3955 4576 4400

Tree=0
num_leaves=58
num_cat=0
split_feature=5 5 0 10 1 14 14 1 5 0 6 5 0 13 10 10 13 14 6 5 0 12 12 0 3 0 13 14 2 12 4 3 10 6 5 0 13 2 3 10 0 6 10 4 1 0 1 10 1 13 10 12 13 4 1 0 10
split_gain=587.448 237.883 147.393 59.1661 49.5416 44.2703 36.4011 34.6237 33.4851 34.9782 25.6703 24.8869 24.767 29.5183 22.4744 19.0958 20.6938 17.3596 17.145 17.4717 17.0624 16.641 15.8898 16.8174 15.1527 15.1039 14.9663 13.3364 13.0957 13.0768 12.6587 12.5844 11.3553 10.9761 12.0621 10.3142 10.1028 9.90468 9.14097 8.97191 10.2137 9.98868 14.6806 10.2676 9.10375 8.33135 6.91486 6.74429 6.47532 5.85819 5.80911 6.74062 6.25627 5.16744 4.16444 2.41158 0.826246
threshold=43.500000000000007 199.50000000000003 3639675.0000000005 133.50000000000003 121541.00000000001 1.7633998139848506 2.3698839941072198 832578.00000000012 6.5000000000000009 7456177.5000000009 9.5000000000000018 18.500000000000004 580592.50000000012 4.2177811086683041 9.5000000000000018 646.50000000000011 3.6829129329772265 5.0377317784964344 2.5000000000000004 391.50000000000006 4024334.0000000005 0.13821378798366549 0.63241340740960006 702741.00000000012 668639.00000000012 3432327.5000000005 0.43438453786459785 3.9970774184416951 3.5000000000000004 5.0449260457262453 1.1025000000000003 507136.50000000006 207.50000000000003 6.5000000000000009 890.00000000000011 160073.00000000003 6.0527349509850881 3.5000000000000004 140143.50000000003 46.500000000000007 907159.00000000012 1.0000000180025095e-35 313.50000000000006 0.80945000000000011 27066.000000000004 19666994.000000004 31965.000000000004 122.50000000000001 10883.500000000002 6.5008786739962376 101.50000000000001 1.0000000180025095e-35 0.029144145559849854 0.81940000000000002 9445.0000000000018 6121415.5000000009 3.5000000000000004
decision_type=2 2 8 2 2 2 2 2 2 8 2 2 10 8 2 2 10 2 2 2 8 2 2 8 2 8 8 2 2 2 2 2 2 2 2 8 10 2 2 2 10 2 2 2 2 8 2 2 2 8 2 2 8 2 2 8 2
left_child=2 3 11 4 5 35 10 18 9 31 -6 39 13 28 49 16 24 26 19 47 -18 38 23 -20 -10 -7 -14 48 -5 -15 -8 54 -24 50 -35 -2 37 -16 -11 40 44 42 -41 -43 -1 -23 -42 -3 -17 -13 52 -52 -9 -19 -4 -21 -33
right_child=1 7 8 12 6 25 30 33 15 21 -12 14 17 29 36 27 20 53 22 55 -22 45 32 -25 -26 -27 -28 -29 -30 -31 -32 56 -34 34 -36 -37 -38 -39 -40 41 46 43 -44 -45 -46 -47 -48 -49 -50 -51 51 -53 -54 -55 -56 -57 -58
leaf_value=2.5707212948886902 2.6065801803232489 2.6240817512268859 2.5499795104498304 2.6010553338371571 2.5942910488608626 2.5986374105496006 2.6213409019127987 2.6143037038490093 2.5688881967312542 2.5575956146367598 2.5138633104992167 2.5691420015324953 2.5825742235073101 2.6567504303075182 2.5875885353960575 2.6546227549443673 2.5323707757301195 2.5296588804029967 2.6420430306875895 2.6600957944270744 2.5817800319938167 2.6239967229500638 2.6139093053894791 2.6003295408544442 2.6274549728523553 2.5870395450627814 2.6013107359666874 2.5578014150878379 2.6274255143012453 2.5937013019218678 2.577467537801982 2.5200308414675145 2.636862591624713 2.5800099046325946 2.6456954475766628 2.5752605151219115 2.6250588217936812 2.6071007285208845 2.5746134983565714 2.5778316113978286 2.5795831947301928 2.5894062867747611 2.5346797945877175 2.5786594026917093 2.5282524159805013 2.5769511445428721 2.6106147018189443 2.6070592877295571 2.6057386651515873 2.5269137289242036 2.7099234649018271 2.654168623829571 2.6585639374793204 2.5744223363408989 2.5284059230249523 2.6397983678315113 2.4996535468346206
leaf_weight=354 27 193 118 233 563 397 186 10.999999999999998 2522 392 9.9999999999999982 15.999999999999998 127 47 1448 10.000000000000002 18 10.000000000000002 26 25 505 9.9999999999999982 263 329 10.999999999999998 958 662 10.999999999999998 59 9.9999999999999982 18 11.000000000000002 68 11.000000000000002 19 885 19 68 99 92 299 451 25 438 12.999999999999998 138 19 84 21 17 10.000000000000002 12.999999999999998 31 18 28 41 14.999999999999998
leaf_count=354 27 193 118 233 563 397 186 11 2522 392 10 16 127 47 1448 10 18 10 26 25 505 10 263 329 11 958 662 11 59 10 18 11 68 11 19 885 19 68 99 92 299 451 25 438 13 138 19 84 21 17 10 13 31 18 28 41 15
internal_value=2.585 2.59757 2.57565 2.59211 2.58844 2.58471 2.59934 2.618 2.56911 2.56006 2.59288 2.5835 2.60169 2.61283 2.58804 2.57147 2.57101 2.59692 2.61533 2.62446 2.58007 2.56545 2.61076 2.6034 2.56914 2.59044 2.59829 2.60493 2.6064 2.64572 2.61747 2.54005 2.61864 2.64688 2.62167 2.57619 2.58892 2.58847 2.56102 2.5793 2.57488 2.5823 2.56858 2.58411 2.5692 2.58015 2.58144 2.61893 2.62168 2.54728 2.65844 2.67885 2.64707 2.5583 2.54581 2.64759 2.50799
internal_weight=12502 5334 7168 4210 3044 2267 777 1124 3909 811 573 3259 1166 349 1568 3098 3056 817 1029 343 523 639 686 355 2533 1355 789 42 292 57 204 172 331 95 30 912 1535 1516 491 1691 685 1006 117 889 367 148 318 277 31 33 65 23 42 28 146 66 26
internal_count=12502 5334 7168 4210 3044 2267 777 1124 3909 811 573 3259 1166 349 1568 3098 3056 817 1029 343 523 639 686 355 2533 1355 789 42 292 57 204 172 331 95 30 912 1535 1516 491 1691 685 1006 117 889 367 148 318 277 31 33 65 23 42 28 146 66 26
is_linear=0
shrinkage=1


Tree=1
num_leaves=55
num_cat=0
split_feature=7 1 0 10 8 12 13 7 2 0 7 13 7 7 13 1 0 1 0 1 4 0 8 13 13 3 0 3 1 10 1 0 4 4 7 4 12 1 10 0 1 13 3 0 13 10 10 10 12 8 0 6 1 10
split_gain=549.496 174.507 128.197 69.077 53.6248 53.2201 43.1572 35.5383 33.0437 28.4346 27.8429 21.6204 21.28 19.5773 18.9335 17.7284 17.6211 15.8409 15.6707 31.6163 30.8541 14.938 14.6261 13.9348 13.6198 13.5223 12.7568 12.5545 12.017 12.2475 11.6838 11.4381 11.2405 10.7672 10.7628 10.9899 9.83256 15.9803 13.4226 10.3611 15.0653 9.37033 9.14642 8.5139 9.5227 8.46629 7.66982 8.72701 7.60943 5.8154 5.24642 4.48475 2.50557 0.645882
threshold=37.500000000000007 147785.50000000003 3639675.0000000005 134.50000000000003 20.500000000000004 0.62056143105590122 2.523790767323979 4.5000000000000009 4.5000000000000009 7119108.5000000009 13.500000000000002 0.37682245986002882 206.50000000000003 24.500000000000004 6.5008786739962376 383564.50000000006 589692.00000000012 102334.50000000001 3432327.5000000005 62125.500000000007 0.8791500000000001 9893790.0000000019 92.500000000000014 2.3315968479007676 0.13129311727015577 197194.00000000003 680014.50000000012 507136.50000000006 85850.500000000015 249.50000000000003 199489.00000000003 5534039.0000000009 1.0391500000000002 1.0492500000000002 40.500000000000007 1.175 4.2758529857976901 10331.500000000002 83.500000000000014 1292761.5000000002 14205.000000000002 2.0645036488887962 145675.50000000003 2912520.5000000005 4.1630485916711955 33.500000000000007 5.5000000000000009 50.500000000000007 0.77576341280462369 37.500000000000007 281261.00000000006 3.5000000000000004 13546.500000000002 3.5000000000000004
decision_type=2 2 8 2 2 2 10 2 2 8 2 10 2 2 10 2 8 2 8 2 2 8 2 8 10 2 10 2 2 2 2 10 2 2 2 2 2 2 2 10 2 10 2 10 8 2 2 2 2 2 10 2 2 2
left_child=2 3 10 6 5 16 34 9 12 27 36 42 26 14 25 31 30 33 20 -20 -8 -13 32 -18 46 -9 -5 52 29 -26 -3 -7 41 -15 50 -36 39 38 -38 45 -41 -6 -11 44 -10 -1 -12 -48 -19 -34 -2 -17 -4 -29
right_child=1 4 7 8 22 15 18 13 43 11 24 21 -14 17 -16 51 23 48 19 -21 -22 -23 -24 -25 28 -27 -28 53 -30 -31 -32 -33 49 -35 35 -37 37 -39 -40 40 -42 -43 -44 -45 -46 -47 47 -49 -50 -51 -52 -53 -54 -55
leaf_value=-0.016160890718231079 0.020631170063800535 0.015301670706430019 -0.03757598088925769 0.022059883959096995 0.041219162787251185 0.032332386001704377 0.031238677731766414 -0.015254666147642509 0.040956972840172669 -0.027012448973259315 -0.048098357142628854 0.049485378983345901 0.080211364471715355 -0.0086874778491422295 0.048120452044916551 0.085024208285426381 0.012911174019135491 0.02928355968084409 -0.0062979359555315143 0.013692541141457869 0.00068575957479366663 -0.0078773838386513358 0.091519609093666077 -0.007558676130377983 0.0020379732201912175 0.0072018313457496612 0.009296362418242823 -0.061751535883894898 0.045625561055886811 0.012949225147708132 0.075888512492702717 0.011647445691103134 0.049314901232719408 0.016190971360984307 -0.0068295637789779918 0.039242684997561325 -0.030499012584322718 0.060620160389492528 0.012837228361199113 -0.0065293620664933121 0.011919612885010714 0.012655153748727291 -0.010402839583869589 0.00083852227371517983 0.080925731056647771 -0.0065617493541086204 0.0068456848626527794 -0.012861237938979362 -0.016978821373200632 0.094034884415619774 -0.0040872222143075159 0.051006827299923341 -0.019301195894431203 -0.080038303176298842
leaf_weight=342 58 14.999999999999998 142 290 289 473 187 2292 71 428 10.999999999999998 11.999999999999998 11.999999999999998 771 11.999999999999998 12.999999999999998 517 45 354 448 148 183 14.999999999999998 99 1085 69 603 11.000000000000002 18 337 17 78 16.000000000000004 46 1097 12.999999999999998 24 12.999999999999998 69 380 156 32 103 9.9999999999999982 19 700 89 152 10.999999999999998 13.999999999999998 34 42 22 14.999999999999998
leaf_count=342 58 15 142 290 289 473 187 2292 71 428 11 12 12 771 12 13 517 45 354 448 148 183 15 99 1085 69 603 11 18 337 17 78 16 46 1097 13 24 13 69 380 156 32 103 10 19 700 89 152 11 14 34 42 22 15
internal_value=1.7741e-07 0.0129174 -0.00850627 0.00639199 0.0263859 0.0214683 0.00168121 -0.0143788 0.0173544 -0.0230764 -0.00126633 -0.0185651 0.0143374 -0.0119237 -0.0142789 0.032119 0.0115045 -0.00552089 0.00866401 0.00486913 0.0177449 -0.00432381 0.0432245 0.00962068 0.00326356 -0.0145981 0.0134433 -0.0402952 0.00514021 0.00462456 0.0476246 0.0294069 0.0411352 -0.00728492 -0.00492416 -0.00628649 -0.00581767 0.00891753 0.00163294 -0.00680798 -0.00115866 0.0383765 -0.0237932 0.0446173 0.0494753 -0.00971358 -0.0074579 -0.00558376 0.0201822 0.0704273 0.0115016 0.059187 -0.0351377 -0.0725678
internal_weight=12502 4964 7538 3344 1620 1254 2339 4162 1005 916 3376 726 905 3246 2373 606 648 873 1137 802 335 195 366 616 1692 2361 893 190 1440 1422 32 551 351 817 1202 1110 1684 106 93 1578 536 321 531 100 90 1042 252 241 56 30 92 55 164 26
internal_count=12502 4964 7538 3344 1620 1254 2339 4162 1005 916 3376 726 905 3246 2373 606 648 873 1137 802 335 195 366 616 1692 2361 893 190 1440 1422 32 551 351 817 1202 1110 1684 106 93 1578 536 321 531 100 90 1042 252 241 56 30 92 55 164 26
is_linear=0
shrinkage=0.05


Tree=2
num_leaves=58
num_cat=0
split_feature=5 5 0 10 1 13 8 12 5 0 6 10 0 13 12 10 13 0 12 2 0 10 12 1 1 8 6 13 12 8 5 5 1 10 12 0 0 0 0 13 3 12 4 13 0 13 12 1 2 0 3 5 0 5 8 1 10
split_gain=478.99 195.864 120.168 48.4652 40.9666 30.628 30.4525 28.5241 27.3763 28.8653 20.9267 20.4128 20.2913 25.8831 19.3494 17.286 18.3691 15.2761 14.1812 14.0882 14.0011 13.8365 13.8068 13.555 13.2343 12.8187 12.5403 14.8323 12.0628 11.8749 11.7141 10.9737 10.8988 10.7577 15.0252 10.5657 10.3777 17.1399 10.3597 13.3255 10.3295 9.46552 9.16319 8.90431 8.64907 13.8205 9.67308 8.53334 9.72454 8.34264 7.49851 7.29554 6.14034 5.20029 4.0447 3.8728 0.703891
threshold=43.500000000000007 199.50000000000003 3639675.0000000005 133.50000000000003 121541.00000000001 1.9186328190715212 22.500000000000004 0.81459460303969877 6.5000000000000009 7456177.5000000009 8.5000000000000018 52.500000000000007 580592.50000000012 4.2177811086683041 0.62056143105590122 646.50000000000011 3.6829129329772265 4024334.0000000005 1.2997881810579479 2.5000000000000004 3432327.5000000005 43.500000000000007 0.13821378798366549 6776.0000000000009 383564.50000000006 1.5000000000000002 2.5000000000000004 0.41528671236618586 5.0449260457262453 92.500000000000014 133.50000000000003 102.50000000000001 8843.0000000000018 72.500000000000014 3.1583248249934974 5603936.5000000009 83201.000000000015 134093.00000000003 716393.00000000012 0.037197851228393856 507136.50000000006 1.3152909815817637 0.81940000000000002 2.9317136094172112 2987312.5000000005 0.58409758451546068 3.7299348341693874 337680.00000000006 5.5000000000000009 160073.00000000003 140143.50000000003 3.5000000000000004 67977.000000000015 274.50000000000006 10.500000000000002 9445.0000000000018 3.5000000000000004
decision_type=2 2 8 2 2 8 2 2 2 8 2 2 10 8 2 2 10 8 2 2 10 2 2 2 2 2 2 8 2 2 2 2 2 2 2 8 10 10 8 10 2 2 2 8 10 10 2 2 2 8 2 2 10 2 2 2 2
left_child=2 3 11 4 5 49 14 10 9 40 -6 19 13 25 38 16 18 -18 -10 36 -7 43 50 33 35 -5 30 -28 -15 47 -14 -9 -17 42 -35 -16 52 -38 53 -40 55 -34 -13 -21 46 -46 -25 -8 -49 -2 -11 -24 -1 -3 -26 -4 -42
right_child=1 6 8 12 7 20 29 31 15 22 -12 23 26 28 24 32 17 -19 -20 21 -22 -23 51 44 54 -27 27 -29 -30 -31 -32 -33 41 34 -36 -37 37 -39 39 -41 56 -43 -44 -45 45 -47 -48 48 -50 -51 -52 -53 -54 -55 -56 -57 -58
leaf_value=-0.021254817066548488 0.026073985498899607 0.028842271076447046 -0.031474990503677976 0.028248157873099325 0.0071846475518046807 0.005679494534568571 0.07800803170693632 0.045746129665475567 -0.011960180747022243 -0.024772291396405133 -0.06226441344699344 0.028760715938774762 0.013384021010844682 0.066539582901193328 0.038756017868512314 0.062130802789249942 -0.049250331599244752 -0.0024992669547988771 -0.02012575880339848 0.053721009370158702 -0.0087431958475758364 -0.022965797495027505 0.012271046834450353 0.0017589584888239558 0.069150664283341143 0.0070919468348977308 -0.019904491851405824 0.0082376005443193494 0.006011240571589754 0.086973933638721121 0.037264911208794563 0.020740824418997307 0.031035352359462223 -0.013236605586546499 0.0070205201821868504 0.021749516631403495 0.027096028318448082 -0.0079406195863475169 -0.014008233469290874 0.017666559613000041 -0.05869177225473763 -0.02407530944375013 -0.0039315437271770842 0.0092298522898000036 -0.022584768500945249 0.03303230855641491 0.014124836575204927 0.041632413255806341 0.001415622021470751 -0.0092529448340219304 -0.0093590371969967008 -0.011694140441535109 -0.0653631896665781 0.07220775036661474 0.042797039461264397 -0.052261591169757773 -0.077422422683791625
leaf_weight=37 17 19.000000000000004 118 166 477 1309 14.999999999999998 54 1773 392 10.999999999999998 40 355 47 153 10.999999999999998 18 505 760 22 193 15.999999999999998 46 1248 25 126 54 348 9.9999999999999982 14.999999999999998 60 235 16.000000000000004 349 124 228 36 1059 37 318 11.000000000000002 14.999999999999998 46 23 13.999999999999998 54 181 250 15.999999999999998 748 99 102 9.9999999999999982 10.999999999999998 37 28 14.999999999999998
leaf_count=37 17 19 118 166 477 1309 15 54 1773 392 11 40 355 47 153 11 18 505 760 22 193 16 46 1248 25 126 54 348 10 15 60 235 16 349 124 228 36 1059 37 318 11 15 46 23 14 54 181 250 16 748 99 102 10 11 37 28 15
internal_value=4.82624e-07 0.0113457 -0.00844197 0.00639466 0.00307419 -0.000321798 0.0298877 0.0129812 -0.014353 -0.0225315 0.00560676 -0.00135172 0.0150622 0.0251534 0.0249613 -0.0122114 -0.0126495 -0.0041174 -0.0144109 -0.00652462 0.00382579 0.016869 -0.0176326 0.0016752 0.0320877 0.0191247 0.0107489 0.00445331 0.0559497 0.0436551 0.0168448 0.0254273 0.0196148 -0.00496797 -0.00792571 0.0285873 -0.00777556 -0.00678636 0.0167552 0.0143622 -0.0407107 0.00437723 0.0112899 0.031052 0.00415601 0.0215654 0.00332612 0.0413126 0.0392148 -0.0084646 -0.0216671 -0.00424224 -0.0307584 0.04493 0.0535177 -0.0354945 -0.0697532
internal_weight=12502 5334 7168 4210 3044 2267 1124 777 3909 811 488 3259 1166 349 828 3098 3056 523 2533 1203 1502 61 639 2056 443 292 817 402 57 296 415 289 42 559 473 381 1142 1095 385 355 172 31 86 45 1497 68 1429 281 266 765 491 148 47 30 62 146 26
internal_count=12502 5334 7168 4210 3044 2267 1124 777 3909 811 488 3259 1166 349 828 3098 3056 523 2533 1203 1502 61 639 2056 443 292 817 402 57 296 415 289 42 559 473 381 1142 1095 385 355 172 31 86 45 1497 68 1429 281 266 765 491 148 47 30 62 146 26
is_linear=0
shrinkage=0.05


Tree=3
num_leaves=57
num_cat=0
split_feature=7 5 0 10 14 7 8 7 0 5 0 14 3 12 0 14 13 12 5 3 4 3 13 7 3 14 5 7 10 8 13 4 5 0 0 10 7 14 13 7 0 12 10 14 13 10 4 4 5 12 10 10 13 4 14 10
split_gain=448.74 162.531 104.628 43.1005 36.8627 29.9503 27.4891 23.5325 23.0297 21.1703 24.3358 21.0836 18.0976 17.4643 16.2976 16.1248 12.7095 14.2413 12.2708 12.1162 12.9858 12.0016 11.8417 11.8101 11.3286 11.1847 11.0553 13.1124 11.0954 10.7304 9.99227 13.751 9.83446 9.7466 9.7024 9.6102 9.4904 9.16348 9.1318 10.5919 8.27149 8.22507 13.2425 9.43995 12.2585 8.66964 8.03399 7.97848 8.35649 7.94448 7.24022 8.48454 5.62089 4.39858 3.52851 0.618206
threshold=37.500000000000007 199.50000000000003 3639675.0000000005 133.50000000000003 2.110067428022909 13.500000000000002 22.500000000000004 13.500000000000002 7119108.5000000009 77.500000000000014 936068.50000000012 3.7996389556443537 507136.50000000006 0.62056143105590122 580592.50000000012 5.0377317784964344 4.2177811086683041 5.1702276018325728 15.500000000000002 265117.00000000006 0.83100000000000007 20172.500000000004 0.13129311727015577 89.500000000000014 248993.50000000003 4.0979740410488725 129.50000000000003 110.50000000000001 52.500000000000007 92.500000000000014 2.3026805474009224 0.80945000000000011 601.00000000000011 3498213.5000000005 716393.00000000012 38.500000000000007 25.500000000000004 2.95804376838419 6.0527349509850881 22.500000000000004 3091150.5000000005 4.2758529857976901 83.500000000000014 3.5441656312458143 3.5414287762063839 214.50000000000003 1.0287500000000003 1.0875000000000001 1057.0000000000002 0.011546777215372402 270.50000000000006 9.5000000000000018 0.011989535214484951 0.81940000000000002 5.1293323408806204 3.5000000000000004
decision_type=2 2 8 2 2 2 2 2 8 2 8 2 2 2 10 2 8 2 2 2 2 2 10 2 2 2 2 2 2 2 8 2 2 10 8 2 2 2 10 2 10 2 2 2 10 2 2 2 2 2 2 2 8 2 2 2
left_child=2 3 7 4 26 8 13 41 12 10 -6 24 18 30 16 21 23 -18 -4 20 25 -16 50 -5 -10 -7 27 -2 -28 47 34 -32 37 -11 -3 -13 -22 -15 40 -40 -24 43 54 44 -1 -44 -45 48 -8 -21 51 -9 -52 -17 -43 -14
right_child=1 6 5 14 9 19 29 22 11 33 -12 35 55 32 15 53 17 -19 -20 49 36 -23 38 -25 -26 -27 28 -29 -30 -31 31 -33 -34 -35 -36 -37 -38 -39 39 -41 -42 42 45 46 -46 -47 -48 -49 -50 -51 52 -53 -54 -55 -56 -57
leaf_value=-0.0056784206490373256 -0.004553002257630146 0.053494843306826127 -0.029409419697895917 0.026769843527247501 0.022759669340470034 -0.015469340608358069 0.035600663580212209 -0.036535209358042074 -0.01739835517995042 0.017133834000189894 -0.0017282239955593208 -0.0018167731475192822 -0.055783622436695261 0.023505309928617678 0.014218145286081327 -0.050555778382060747 0.055890233813622806 -0.0067691446726655105 -0.0020077204265924104 -0.0085460572572779048 -0.0093497119003190243 -0.011621234581269433 0.003549523054359756 0.0043594144992140952 0.0030135528542069951 0.006282371968510757 0.009800033478220815 -0.051512382085749646 -0.011039897530517855 0.082654035792050773 0.036186112871110752 -0.012932710289795769 0.067728033507166538 -0.00088546190467760511 0.017543767126661849 0.039933441638551809 -1.4605648772419698e-05 0.038836732983128723 0.074351511969424688 0.0017407974689313682 0.023848694522155454 -0.00019935833978223366 0.03904073965702793 -0.014013276266103443 0.020544597382077427 0.0051390282081715038 -0.056153422421660305 0.07748288348430897 0.082116691192778035 0.04385580562919543 -0.060066268069319209 -0.00080095958250368793 -0.01490668510824307 -0.010012049903297982 -0.036941321439439463 -0.07277662187650058
leaf_weight=1343 962 20 275 186 124 764 258 18 1581 640 556 158 11.000000000000002 274 689 11.000000000000002 51 10.999999999999998 48 12.000000000000002 667 48 1368 86 71 64 276 14.999999999999998 83 14.999999999999998 19 56 17 85 290 14.999999999999998 460 152 10.000000000000002 9.9999999999999982 52 11.000000000000002 31 177 46 48 11.999999999999998 12.999999999999998 9.9999999999999982 18 9.9999999999999982 202 22 17 15.999999999999998 18
leaf_count=1343 962 20 275 186 124 764 258 18 1581 640 556 158 11 274 689 11 51 11 48 12 667 48 1368 86 71 64 276 15 83 15 19 56 17 85 290 15 460 152 10 10 52 11 31 177 46 48 12 13 10 18 10 202 22 17 16 18
internal_value=6.21131e-07 0.0116737 -0.00768649 0.00677846 0.003424 -0.0129918 0.0283955 -0.00114585 -0.017042 0.00907795 0.00273991 -0.0147819 -0.0287519 0.0237149 0.0151437 0.011118 0.0243582 0.0447802 -0.0253392 -0.00854917 -0.00903347 0.0125339 0.00301867 0.0196884 -0.016521 -0.0137875 -0.0025222 -0.00527917 0.00498016 0.0414759 0.0159188 -0.00045766 0.0304853 0.0150214 0.0198797 0.00182417 -0.0055398 0.0289835 0.00476852 0.0382354 0.0042945 -0.00533009 0.0081469 -0.00623585 -0.00480857 0.0184748 -0.0167171 0.0392491 0.0373663 0.0229363 -0.00697845 -0.00373994 -0.0291622 -0.0260632 -0.0220283 -0.0665448
internal_weight=12502 4964 7538 3840 2741 4162 1124 3376 2177 1405 680 1825 352 828 1099 765 334 62 323 1985 1955 737 1692 272 1652 828 1336 977 359 296 385 75 443 725 310 173 1127 426 1440 20 1420 1684 106 1578 1389 79 189 281 268 30 252 220 32 28 27 29
internal_count=12502 4964 7538 3840 2741 4162 1124 3376 2177 1405 680 1825 352 828 1099 765 334 62 323 1985 1955 737 1692 272 1652 828 1336 977 359 296 385 75 443 725 310 173 1127 426 1440 20 1420 1684 106 1578 1389 79 189 281 268 30 252 220 32 28 27 29
is_linear=0
shrinkage=0.05


Tree=4
num_leaves=57
num_cat=0
split_feature=7 1 0 10 14 8 12 2 7 7 0 3 7 14 0 1 4 0 1 1 3 10 14 6 8 1 14 12 12 1 10 1 2 4 14 7 4 12 10 2 10 0 10 6 1 1 10 12 2 7 8 4 14 6 14 3
split_gain=405.015 133.024 94.4276 52.0449 45.0957 39.6234 41.1539 28.6045 27.1198 21.2387 19.567 19.9698 18.1453 18.0185 16.385 25.6163 23.1533 14.225 13.5609 13.4209 13.0793 13.029 12.8672 11.5556 10.6558 10.2569 9.6971 15.1407 12.9068 11.914 11.1124 9.69609 9.54989 9.48303 10.2717 9.43379 9.42157 9.73008 7.91631 13.6527 7.70947 11.4916 10.2258 14.4379 11.9574 9.27456 7.63642 7.11617 6.59158 6.08761 5.02065 4.24969 4.19292 4.19189 3.66021 0.494015
threshold=37.500000000000007 147785.50000000003 3639675.0000000005 134.50000000000003 1.9222315912997121 20.500000000000004 0.62056143105590122 4.5000000000000009 24.500000000000004 13.500000000000002 7456177.5000000009 507136.50000000006 206.50000000000003 3.8832259725233729 3432327.5000000005 62125.500000000007 0.8791500000000001 589692.00000000012 102334.50000000001 383564.50000000006 970957.50000000012 893.00000000000011 2.5367388303252381 9.5000000000000018 92.500000000000014 27506.500000000004 3.3176548896409392 3.0459095204479425 1.5787962088619285 26386.500000000004 146.50000000000003 199489.00000000003 1.5000000000000002 1.0391500000000002 2.1966019761116922 81.500000000000014 1.0492500000000002 3.3191445693162036 194.50000000000003 8.5000000000000018 46.500000000000007 892593.50000000012 266.50000000000006 1.0000000180025095e-35 40702.500000000007 17774.500000000004 3.5000000000000004 0.77576341280462369 1.0000000180025095e-35 40.500000000000007 37.500000000000007 1.0775000000000003 0.0048206436083768006 3.5000000000000004 1.4127853551676959 612450.50000000012
decision_type=2 2 8 2 2 2 2 2 2 2 8 2 2 2 8 2 2 8 2 2 2 2 2 2 2 2 2 2 2 2 2 2 2 2 2 2 2 2 2 2 2 10 2 2 2 2 2 2 2 2 2 2 2 2 2 2
left_child=2 3 9 4 23 6 17 12 10 40 11 21 35 20 16 -16 -6 31 36 22 -12 -4 -8 49 33 -15 27 46 -28 -30 -29 -3 -19 34 -7 -5 37 -10 54 -40 41 45 44 -44 -42 -1 -11 52 -43 -2 -35 -38 -20 -21 -9 -13
right_child=1 5 8 7 14 24 19 38 18 26 13 55 -14 25 15 -17 -18 32 47 53 -22 -23 -24 -25 -26 -27 28 30 29 -31 -32 -33 -34 50 -36 -37 51 -39 39 -41 42 48 43 -45 -46 -47 -48 -49 -50 -51 -52 -53 -54 -55 -56 -57
leaf_value=-0.012028042484761721 0.0085969366824581329 0.012877251619830827 -0.022094408467951254 0.014885463271403308 0.026235177585192688 0.035433529246027419 0.017385101461484965 0.040608455938798881 -0.0093497719937038464 -0.034590427179514251 -0.014304933394186786 -0.052218597419191104 0.072928936090099067 0.0019768103070590443 -0.0062087460284496786 0.010196142958884942 0.0023345454804285324 0.01261251152275576 0.0040855531701604834 0.076457508306466915 0.042726933070928751 0.030462434584628946 0.032721925594009479 -0.057853674029444795 0.078548702910937226 -0.036964580123389955 0.054238483692143138 0.0025691457495496074 0.01156108478466096 -0.0070875790724606261 0.070756558357304294 0.06805994239641211 -0.00055098663371079592 0.042858632917729955 3.4382811229153457e-05 0.0039576583709925199 0.042783286825225163 0.0091637319775696221 0.019203905803835977 0.069329046268654132 -0.00044911806224719533 -0.010654104567560725 -0.042614072288754856 -0.0063574845082218076 0.032268786642866858 -0.035199617968868467 8.4498281661857916e-05 -0.016661383547224441 0.003622240574156518 -0.0076085372560182538 0.084349352087006502 0.0072476441244030262 0.037778016069550009 0.043663557092360535 0.07873588721759571 -0.067780418923838223
leaf_weight=315 62 14.999999999999998 489 598 224 299 255 11.000000000000002 692 15.999999999999998 2473 10.000000000000002 11.999999999999998 257 401 585 185 408 12.999999999999998 12.999999999999998 9.9999999999999982 11.999999999999998 296 10.999999999999998 14.999999999999998 18 14.999999999999998 11.000000000000002 374 111 12.999999999999998 17 208 16.000000000000004 22 295 10.999999999999998 79 55 18 692 139 31 235 29 50 1152 10.999999999999998 193 871 13.999999999999998 35 32 42 15.999999999999998 20
leaf_count=315 62 15 489 598 224 299 255 11 692 16 2473 10 12 257 401 585 185 408 13 13 10 12 296 11 15 18 15 11 374 111 13 17 208 16 22 295 11 79 55 18 692 139 31 235 29 50 1152 11 193 871 14 35 32 42 16 20
internal_value=7.21326e-07 0.0110905 -0.00730228 0.00539323 0.00130425 0.0228497 0.0186225 0.0149087 -0.0123423 -0.00108865 -0.0144217 -0.0232114 0.0121018 -0.0127286 0.00701517 0.00352442 0.0154276 0.00986079 -0.0045076 0.0279883 -0.0140735 -0.0208297 0.0256286 -0.00713495 0.0373241 -0.000584591 0.00286771 0.000415966 0.0087114 0.00729246 0.0396443 0.0423138 0.00816833 0.0355405 0.0330082 0.0112763 -0.00613981 -0.00745186 0.0402737 0.0316415 -0.00506373 -0.00908918 -0.0022204 -0.0105973 0.000871151 -0.015211 -0.000393421 0.0192737 -0.00235631 -0.00653084 0.0624369 0.0158197 0.0280753 0.0515395 0.0634097 -0.0627839
internal_weight=12502 4964 7538 3344 2339 1620 1254 1005 4162 3376 3289 531 905 2758 1395 986 409 648 873 606 2483 501 551 944 366 275 1692 1192 500 485 24 32 616 351 321 893 817 771 100 73 1684 697 987 266 721 365 1168 56 332 933 30 46 45 55 27 30
internal_count=12502 4964 7538 3344 2339 1620 1254 1005 4162 3376 3289 531 905 2758 1395 986 409 648 873 606 2483 501 551 944 366 275 1692 1192 500 485 24 32 616 351 321 893 817 771 100 73 1684 697 987 266 721 365 1168 56 332 933 30 46 45 55 27 30
is_linear=0
shrinkage=0.05


Tree=5
num_leaves=52
num_cat=0
split_feature=7 5 0 7 7 14 2 1 2 1 10 0 13 10 13 14 5 1 14 4 1 10 10 4 0 0 1 7 1 4 0 0 1 0 4 0 0 12 12 4 12 10 12 0 1 1 0 13 4 0 14
split_gain=367.256 104.949 100.298 42.3438 31.6431 26.1959 26.2227 21.1837 18.5304 18.2194 20.5484 17.6669 17.2381 16.6314 18.4644 16.2152 16.1864 15.6706 15.2164 14.5899 15.1074 13.1794 14.2799 12.8095 11.6443 12.2439 14.2572 13.3036 10.9966 9.45584 9.41331 9.23588 9.09754 8.74233 12.5473 8.60464 8.47822 11.333 10.566 11.0054 8.19959 12.247 7.64659 7.55197 7.47163 7.26544 6.95225 6.89155 5.59812 5.57822 2.93816
threshold=52.500000000000007 215.50000000000003 3639675.0000000005 24.500000000000004 17.500000000000004 2.110067428022909 12.500000000000002 832578.00000000012 3.5000000000000004 147785.50000000003 243.50000000000003 7573152.0000000009 0.63729630932228465 74.500000000000014 0.17625228187081829 3.8832259725233729 6.5000000000000009 8307.0000000000018 0.011436765293074051 0.84415000000000007 82871.500000000015 1055.5000000000002 699.50000000000011 0.79860000000000009 28296343.000000004 5603936.5000000009 154480.50000000003 140.50000000000003 35418.000000000007 0.79860000000000009 47619.500000000007 814216.00000000012 17998.500000000004 15588213.000000002 0.93875000000000008 4876680.5000000009 12010244.000000002 1.0000000180025095e-35 0.014985307305856751 0.92890000000000017 4.2758529857976901 83.500000000000014 2.2779895721957701 5169953.5000000009 1289.0000000000002 86918.000000000015 840033.00000000012 4.0362763159207544 0.79860000000000009 478595.00000000006 0.26237425550825599
decision_type=2 2 8 2 2 2 2 2 2 2 2 8 8 2 10 2 2 2 2 2 2 2 2 2 10 10 2 2 2 2 10 8 2 10 2 8 8 2 2 2 2 2 2 8 2 2 10 8 2 10 2
left_child=2 5 4 11 30 6 9 21 13 10 -2 16 49 17 -15 23 48 -6 -18 20 28 22 35 -13 25 26 -7 -27 -5 -17 32 -11 47 43 -35 -3 37 -9 39 -38 44 -42 -22 -21 -32 -26 -14 -1 -4 -10 -40
right_child=1 7 3 19 8 24 -8 36 12 31 -12 15 46 14 -16 29 18 -19 -20 33 42 -23 -24 -25 45 27 -28 -29 -30 -31 40 -33 -34 34 -36 -37 38 -39 50 -41 41 -43 -44 -45 -46 -47 -48 -49 -50 -51 -52
leaf_value=-0.021773564443312805 -0.0034145803654944355 0.031721603314804996 -0.037443274289445466 -0.0063265122748696282 0.04294108568165883 0.011507391126290586 -0.073710429238843495 0.11198667309305686 0.012641894790503353 0.038965526195490527 0.01887540608401294 -0.017125024313460833 0.041941921926832916 -0.0097604395897259947 0.01016799932768348 0.014572843418180071 0.0099024652748116414 -0.0043170132428067935 -0.020007127954067727 0.0176289905031017 0.0029355060943900002 -0.021904149061895365 0.068047165656120998 -0.009918463608548974 0.021011805547787258 0.0040688689790657579 0.027117717642736145 -0.040596797126125912 -0.020643215208079338 -0.0062337589768359141 -0.016545385516288046 0.010161070438977647 -0.062347328038634492 -0.0026767641525866801 0.046946208027512204 0.020960244407014134 -0.0024901533596464807 0.045706072324736516 0.079134744060926202 0.057365365880579992 -0.017476155251450257 0.01829457382789559 0.048363858649488722 -0.0018755307705969134 -0.0031789903635494848 0.080008228816608407 0.011175144953556745 0.015215018983953488 -0.006354063147713679 -0.035565222933433442 0.048012810714897658
leaf_weight=58 784 270 157 298 18 1178 10.999999999999998 11.000000000000002 11.000000000000002 30 119 1179 70 133 918 75 49 569 319 53 112 14.999999999999998 19 1294 11.000000000000002 131 167 19 244 200 111 372 10.999999999999998 27 24 600 21 15.999999999999998 11.999999999999998 11.999999999999998 32 94 9.9999999999999982 759 1776 9.9999999999999982 25 15.999999999999998 15.999999999999998 12.999999999999998 23
leaf_count=58 784 270 157 298 18 1178 11 11 11 30 119 1179 70 133 918 75 49 569 319 53 112 15 19 1294 11 131 167 19 244 200 111 372 11 27 24 600 21 16 12 12 32 94 10 759 1776 10 25 16 16 13 23
internal_value=9.90104e-07 0.0128935 -0.00569522 -0.0105063 0.000315321 0.00797778 0.00281612 0.0268265 0.00526526 0.00346677 -0.000475375 -0.0137008 0.0243077 0.00388044 0.00764544 -0.012074 -0.0219603 -0.0028608 -0.016023 -0.00362527 -0.0091965 0.024461 0.0252457 -0.0133547 0.012458 0.0119365 0.0134475 -0.00161206 -0.0127743 -0.000555996 -0.00383013 0.0123198 -0.0201191 0.000661855 0.0207214 0.0243032 0.0492863 0.0730229 0.0397681 0.019383 -0.00314136 0.00920329 0.0066957 -0.000600438 -0.00396608 0.0493514 0.0338657 -0.0137663 -0.0345733 -0.0135095 0.0588782
internal_weight=12502 3831 8671 4816 3855 2832 1316 999 1757 1305 903 3289 119 1638 1051 2748 541 587 368 1527 664 904 889 2473 1516 1495 1345 150 542 275 2098 402 85 863 51 870 95 27 68 33 2013 126 122 812 1887 21 95 74 173 24 35
internal_count=12502 3831 8671 4816 3855 2832 1316 999 1757 1305 903 3289 119 1638 1051 2748 541 587 368 1527 664 904 889 2473 1516 1495 1345 150 542 275 2098 402 85 863 51 870 95 27 68 33 2013 126 122 812 1887 21 95 74 173 24 35
is_linear=0
shrinkage=0.05


Tree=6
num_leaves=57
num_cat=0
split_feature=5 5 0 10 1 14 14 8 4 10 6 12 14 0 1 10 0 14 10 4 1 4 4 6 2 10 0 6 10 14 1 0 10 6 5 14 0 10 12 0 0 0 10 8 0 1 1 1 6 4 12 4 1 4 6 1
split_gain=321.84 130.839 79.5304 33.7067 30.6193 25.1397 24.859 21.1456 20.2176 26.708 18.5328 17.9371 16.8727 15.5155 15.211 15.1213 13.9879 13.2531 12.8144 12.8013 13.24 12.378 11.9339 11.9287 11.7396 12.4096 11.6724 10.9047 25.1817 10.5879 10.3724 9.60013 19.1278 9.23609 9.14475 9.1108 8.84901 8.75594 8.7485 8.47404 8.43659 8.25763 7.99752 7.61658 6.77508 6.52886 6.52144 10.2956 6.35041 5.97621 5.91773 16.0204 5.3899 3.30882 2.98651 2.70533
threshold=43.500000000000007 199.50000000000003 3639675.0000000005 125.50000000000001 121541.00000000001 2.3698839941072198 1.7633998139848506 17.500000000000004 0.85535000000000017 646.50000000000011 9.5000000000000018 0.63241340740960006 4.1620989652598439 8081224.0000000009 267449.50000000006 52.500000000000007 814216.00000000012 3.6674190494753893 261.50000000000006 0.94790000000000008 147785.50000000003 0.95710000000000017 1.1025000000000003 2.5000000000000004 2.5000000000000004 43.500000000000007 3432327.5000000005 1.0000000180025095e-35 72.500000000000014 5.222692921033997 383564.50000000006 3216225.5000000005 214.50000000000003 9.5000000000000018 40.500000000000007 2.2432402289802416 589692.00000000012 313.50000000000006 3.8808386181935197 15588213.000000002 160073.00000000003 83201.000000000015 22.500000000000004 59.000000000000007 209289.50000000003 24111.000000000004 3963.5000000000005 6401.5000000000009 2.5000000000000004 0.96710000000000018 0.56197125532323544 0.99875000000000014 221415.00000000003 0.96710000000000018 3.5000000000000004 8843.0000000000018
decision_type=2 2 8 2 2 2 2 2 2 2 2 2 2 8 2 2 10 2 2 2 2 2 2 2 2 2 10 2 2 2 2 8 2 2 2 2 8 2 2 10 8 10 2 2 10 2 2 2 2 2 2 2 2 2 2 2
left_child=2 3 15 4 6 10 40 11 9 12 -6 36 13 -4 -9 24 17 44 -14 23 -21 35 -7 -18 34 42 -8 28 45 -19 33 38 -33 -13 41 -16 52 -30 -29 46 -2 -1 -26 -23 -5 -17 49 -48 -38 -10 51 -41 -3 -52 -32 -11
right_child=1 7 8 16 5 22 26 14 39 55 -12 30 18 -15 21 27 19 29 -20 20 -22 43 -24 -25 25 -27 -28 31 37 -31 54 32 -34 -35 -36 -37 48 -39 -40 50 -42 -43 -44 -45 -46 -47 47 -49 -50 -51 53 -53 -54 -55 -56 -57
leaf_value=-0.027156109804960749 0.020539436496216871 0.014551132514670086 -0.025762347913953012 0.0057237983973283521 0.0068650735101933834 0.030102003434798765 0.0055138458192225855 0.091491021148793344 -0.0093084589453566822 0.050331378142342301 -0.061477269276533977 0.024869271174771643 0.0077925584005207301 -0.014479424913676018 0.029691154422286349 0.010356535867668021 0.01122263037299473 0.039370498831776714 -0.041196785916555796 0.01311571349937919 0.047286829072708959 0.041017052328088235 -0.012516665863978177 -0.0034748599418378892 0.0021006999134320263 -0.021972699750284229 -0.0090831135160053724 0.00044916779501396237 -0.013956808551072937 -0.014488461141539092 0.072457622478504 -0.0016071331219953151 0.063283214394334722 -0.016446545455895419 -0.043037846205178754 -0.0037090975572081175 0.018509316103736791 -0.047051713691303558 0.010174665125392057 0.064265979282188065 -0.0077887515024317143 -0.0053171138512434109 0.045560388113256023 0.077735534287700997 0.020052769120160033 0.067472599077932904 0.0061357472096111526 -0.0085019542464643202 0.0026654357877707066 -0.027483729672101338 -0.01088808113680079 -0.01423626128307059 0.063080733718950885 0.015846343772763706 0.041408981858408009 0.019021561899722018
leaf_weight=45 27 11.000000000000002 369 136 558 182 1171 10.999999999999998 106 13.000000000000002 9.9999999999999982 353 115 1753 280 10.000000000000002 288 99 14.999999999999998 169 34 68 18 265 17 15.999999999999998 155 1607 86 9.9999999999999982 9.9999999999999982 28 19 13.999999999999998 17 22 94 26 270 14.000000000000002 878 1080 28 18 210 9.9999999999999982 133 1235 193 79 32 11.999999999999998 11.999999999999998 18 38 14.999999999999998
leaf_count=45 27 11 369 136 558 182 1171 11 106 13 10 353 115 1753 280 10 288 99 15 169 34 68 18 265 17 16 155 1607 86 10 10 28 19 14 17 22 94 26 270 14 878 1080 28 18 210 10 133 1235 193 79 32 12 12 18 38 15
internal_value=1.15082e-06 0.00930083 -0.00691915 0.00525429 0.00241115 0.0110214 -0.000553185 0.0244556 -0.011728 -0.0147675 0.00565125 0.0193631 -0.0153714 -0.0164426 0.0337017 -0.00115104 0.0122944 0.0192208 0.00211262 0.0081238 0.0188594 0.0320402 0.026262 0.00418017 -0.00560327 0.0157514 0.00380701 0.00145417 -0.0124425 0.0344206 0.0261598 0.00240818 0.0247038 0.0232891 -0.00674521 0.0272576 0.0102587 -0.0216747 0.00184861 -0.00747313 -0.00694143 -0.00619301 0.0291833 0.0487837 0.0144239 0.0391082 -0.008271 -0.0070785 0.00785936 -0.0170804 0.00882001 0.0281185 0.0400344 -0.00125127 0.0480146 0.0336856
internal_weight=12502 5334 7168 4210 2999 768 2231 1124 3909 2280 568 725 2252 2122 399 3259 1211 455 130 756 203 388 200 553 1203 61 1326 2056 132 109 415 1924 47 367 1142 302 310 112 1877 1629 905 1125 45 86 346 20 1553 1368 287 185 76 26 23 50 48 28
internal_count=12502 5334 7168 4210 2999 768 2231 1124 3909 2280 568 725 2252 2122 399 3259 1211 455 130 756 203 388 200 553 1203 61 1326 2056 132 109 415 1924 47 367 1142 302 310 112 1877 1629 905 1125 45 86 346 20 1553 1368 287 185 76 26 23 50 48 28
is_linear=0
shrinkage=0.05


Tree=7
num_leaves=49
num_cat=0
split_feature=5 10 5 8 0 5 1 14 14 0 0 1 1 13 0 8 6 5 1 14 0 6 14 14 3 12 0 0 1 0 3 13 12 8 5 0 12 6 5 1 6 5 12 5 10 1 12 8
split_gain=290.972 100.655 56.5516 39.0647 27.6242 27.2883 26.846 24.2913 22.3531 19.6186 19.4755 18.5657 16.531 14.5206 16.3017 13.8341 13.8027 13.6342 12.5959 13.2148 17.9665 12.5692 12.1033 11.7456 10.9973 10.5086 10.2054 10.1498 9.78838 9.50823 9.4602 9.30581 8.98335 8.38141 8.10089 13.3365 13.0168 8.02913 7.89242 7.54547 7.40011 9.881 7.87833 6.2635 6.17248 5.70044 5.11161 2.7333
threshold=133.50000000000003 46.500000000000007 37.500000000000007 20.500000000000004 3703198.5000000005 43.500000000000007 123309.50000000001 0.42288624741909248 0.89655548957674636 757551.00000000012 924015.50000000012 53419.000000000007 34343.000000000007 4.4973914485876483 2134185.0000000005 8.5000000000000018 9.5000000000000018 3.5000000000000004 383564.50000000006 2.5367388303252381 5603936.5000000009 7.5000000000000009 2.3698839941072198 0.86924576914123952 265117.00000000006 0.029601228525998155 580592.50000000012 35471594.000000007 991.00000000000011 415440.50000000006 170750.50000000003 1.0770242666267735 3.5531554088082076 92.500000000000014 94.500000000000014 3155906.0000000005 0.20030881097095882 3.5000000000000004 1.5000000000000002 241251.00000000003 2.5000000000000004 1057.0000000000002 0.008861654263346402 62.500000000000007 91.500000000000014 161567.00000000003 6.2402025540705059 4.5000000000000009
decision_type=2 2 2 2 10 2 2 2 2 10 8 2 2 10 8 2 2 2 2 2 10 2 2 2 2 2 10 10 2 10 2 10 2 2 2 10 2 2 2 2 2 2 2 2 2 2 2 2
left_child=1 2 4 7 13 17 15 10 34 12 44 24 -10 14 -1 21 25 28 19 23 -21 -4 30 -9 -6 -12 29 -11 -3 -19 -8 -20 -28 39 35 -7 -36 -33 -30 -5 42 -42 -41 -17 -2 -24 -15 -46
right_child=3 5 6 33 11 8 22 18 9 27 16 -13 -14 46 -16 43 -18 26 31 20 -22 -23 45 -25 -26 -27 32 -29 38 -31 -32 37 -34 -35 36 -37 -38 -39 -40 40 41 -43 -44 -45 47 -47 -48 -49
leaf_value=-0.0039521790080589815 0.011453276844003274 0.01515645965149528 -0.0016281685848330925 0.071777265888076647 -0.021643627225879116 0.0084427985051401776 0.0049775592559980313 0.026364103619710949 0.035060161385424657 0.0054687347199106626 0.0063214312207697373 0.032753435538170186 0.013430252305285629 0.0015048651067241831 -0.012043543796411016 0.00072403161125328712 -0.055274813874693941 0.0015861002562875906 -0.0013171765484557248 0.025870168708772096 -0.0029032705912228536 -0.039579592105759759 0.041188444947926312 0.008365122528475875 -0.044061472148102909 -0.015911264441685148 -0.0037696177508182273 0.051612640800308598 -0.0070234213108226794 0.013520704836230364 0.044860268277781348 0.069037653876477797 0.0067547949686805392 0.069255431423222782 -0.023196474309432381 -0.01364989285557331 0.023611411781600825 0.032524471469643421 -0.039537122604118818 0.024353258081987194 0.021427515951305934 0.069949368300201667 0.049545505075530689 -0.039746123167410122 0.072458082201457247 0.0075434814506804039 0.031799277525074436 0.03576964744039484
leaf_weight=808 14.999999999999998 17 1704 10.999999999999998 300 215 195 109 120 796 171 13.999999999999998 335 179 2713 12.999999999999998 11.999999999999998 797 14.999999999999998 433 62 22 49 537 67 77 1436 11.999999999999998 31 211 15.999999999999998 20 236 14.999999999999998 83 100 18 62 47 53 200 10.999999999999998 76 36 10.000000000000002 17 14.999999999999998 10.999999999999998
leaf_count=808 15 17 1704 11 300 215 195 109 120 796 171 14 335 179 2713 13 12 797 15 433 62 22 49 537 67 77 1436 12 31 211 16 20 236 15 83 100 18 62 47 53 200 11 76 36 10 17 15 11
internal_value=1.33312e-06 -0.00322786 -0.00737452 0.0180195 -0.0107686 0.00249593 -0.000599339 0.0145158 0.00752713 0.0108379 0.00164751 -0.0235895 0.0191413 -0.00945315 -0.0101869 -0.00285878 -0.00312952 -0.000548337 0.0175922 0.0161189 0.0222664 -0.00211417 0.0138748 0.0114057 -0.0257471 -0.000585093 0.000111847 0.00616034 -0.019153 0.00408541 0.00802166 0.0348871 -0.0022838 0.0326964 -0.0025248 0.00142714 -0.0148394 0.0415034 -0.0266405 0.0311147 0.0297785 0.023989 0.0392221 -0.0290295 0.0360613 0.0325468 0.00386239 0.0535009
internal_weight=12502 10602 6148 1900 4096 4454 2052 1534 1679 1263 296 381 455 3715 3521 1775 260 2775 1238 1141 495 1726 277 646 367 248 2680 808 95 1008 211 97 1672 366 416 315 101 82 78 351 340 211 129 49 36 66 194 21
internal_count=12502 10602 6148 1900 4096 4454 2052 1534 1679 1263 296 381 455 3715 3521 1775 260 2775 1238 1141 495 1726 277 646 367 248 2680 808 95 1008 211 97 1672 366 416 315 101 82 78 351 340 211 129 49 36 66 194 21
is_linear=0
shrinkage=0.05


Tree=8
num_leaves=45
num_cat=0
split_feature=1 10 2 5 8 12 0 14 0 5 3 5 14 2 5 8 12 12 1 13 0 14 0 12 0 3 13 12 5 14 5 13 13 8 3 13 8 13 10 10 2 8 0 12
split_gain=264.574 103.696 62.8069 48.2341 27.8285 31.6001 19.7005 19.3677 19.089 18.8275 18.2949 17.7713 26.0433 15.5706 15.3549 14.8537 12.6631 12.6226 12.248 12.0844 10.6784 11.7292 10.6607 9.83164 9.52181 8.50161 8.3942 10.6145 9.20647 10.6015 8.28234 8.77761 7.74159 7.70409 6.75544 6.59128 14.4578 13.9224 10.5524 6.57023 6.46717 4.8894 4.69717 0.659231
threshold=147785.50000000003 47.500000000000007 4.5000000000000009 20.500000000000004 20.500000000000004 1.2210229779377046 3155906.0000000005 1.9894794027939275 3781354.5000000005 44.500000000000007 530728.00000000012 73.500000000000014 2.110067428022909 8.5000000000000018 3.5000000000000004 3.5000000000000004 4.4264848093412725 1.1827650000327392 30627.500000000004 6.5008786739962376 814216.00000000012 0.42288624741909248 892593.50000000012 1.4576296386235386 2521987.5000000005 271491.00000000006 4.0880304521954196 3.3191445693162036 601.00000000000011 2.95804376838419 183.50000000000003 0.25554663393585575 2.88716384015106 92.500000000000014 308231.50000000006 2.0443264863811046 40.500000000000007 1.198621814717018 120.50000000000001 349.50000000000006 1.5000000000000002 25.500000000000004 828269.50000000012 2.2188686453651254
decision_type=2 2 2 2 2 2 10 2 10 2 2 2 2 2 2 2 2 2 2 10 8 2 10 2 8 2 10 2 2 2 2 8 8 2 2 10 2 8 2 2 2 2 10 2
left_child=1 3 7 8 5 17 30 10 19 23 14 24 13 -13 -3 -11 -14 20 25 22 40 -22 -1 -9 32 -10 28 -28 29 -7 31 -4 -5 35 -26 37 41 39 -39 -6 -2 -37 -32 -8
right_child=4 2 6 11 33 26 43 9 18 15 -12 12 16 -15 -16 -17 -18 -19 -20 -21 21 -23 -24 -25 34 -27 27 -29 -30 -31 42 -33 -34 -35 -36 36 -38 38 -40 -41 -42 -43 -44 -45
leaf_value=-0.012124333849816269 0.013685855015958707 -0.023331310977879147 -0.0053879459964410042 0.0075412578438691083 0.022572298658893004 0.019974949399639577 -0.0052663524552146977 0.0087756659231275989 -0.021421374224076997 0.012150386602614336 0.064889117337689539 -0.0040625822556995131 0.013103838864884469 -0.057460016828585182 -0.0015835799158712086 -0.0049080316475164686 -0.024126282340510754 -0.039057959582059439 0.025246678605244672 0.041519822066163163 0.001292840171723897 0.013747568481173736 -0.0027469596325818829 -0.0010525343293106418 -0.0068802809536273359 -0.042189490836107887 -0.041609670266066434 0.027821660595984499 0.070936410387685486 0.036815129878220929 0.044238713947502332 0.037807824424661018 -0.006486248762811073 0.065815590846272101 0.019214991895682307 0.0098438377905365627 0.055791327899152587 0.061149848837098814 0.01957461960013444 0.04924558197287307 0.046575642187879018 -0.031916208991795099 0.092261378865430857 -0.023444726768106522
leaf_weight=2110 29 85 12.999999999999998 239 207 239 10.000000000000002 321 216 887 9.9999999999999982 431 440 13.999999999999998 1755 149 24 12.999999999999998 11.999999999999998 10.999999999999998 311 482 354 1226 2128 64 10.000000000000002 11.999999999999998 11.999999999999998 154 11.000000000000002 121 167 14.999999999999998 25 15.000000000000002 11.999999999999998 57 21 26 31 12.999999999999998 9.9999999999999982 9.9999999999999982
leaf_count=2110 29 85 13 239 207 239 10 321 216 887 10 431 440 14 1755 149 24 13 12 11 311 482 354 1226 2128 64 10 12 12 154 11 121 167 15 25 15 12 57 21 26 31 13 10 10
internal_value=1.50994e-06 -0.00284367 0.00284403 -0.00704717 0.0185963 0.0151488 0.032215 0.00168386 -0.0119704 0.00448073 -0.00222121 -0.00311882 0.00288636 -0.00575503 -0.00258944 0.00969677 0.0111734 0.00965825 -0.0240603 -0.0105432 0.0104052 0.00886383 -0.0107773 0.000987237 -0.00525199 -0.0261817 0.0262794 -0.00378351 0.027913 0.0265816 0.0382388 0.0336163 0.00177115 0.0307679 -0.00657639 0.0292519 0.0101151 0.0317091 0.0499959 0.0255686 0.0307281 -0.00958934 0.0674355 -0.014427
internal_weight=12502 10843 4608 6235 1659 1293 175 4433 2767 2583 1850 3468 909 445 1840 1036 464 866 292 2475 853 793 2464 1547 2559 280 427 22 405 393 155 134 406 366 2153 351 40 311 78 233 60 28 21 20
internal_count=12502 10843 4608 6235 1659 1293 175 4433 2767 2583 1850 3468 909 445 1840 1036 464 866 292 2475 853 793 2464 1547 2559 280 427 22 405 393 155 134 406 366 2153 351 40 311 78 233 60 28 21 20
is_linear=0
shrinkage=0.05


Tree=9
num_leaves=46
num_cat=0
split_feature=7 5 0 7 7 2 1 1 2 10 1 0 3 0 12 3 4 1 4 10 10 10 12 3 10 5 12 0 12 12 4 0 4 12 0 0 12 1 10 0 0 5 7 3 10
split_gain=247.285 71.7756 69.2818 30.3477 24.0411 17.4572 15.3759 14.6593 14.4253 14.4922 13.9562 13.8152 14.8011 13.3184 13.2953 12.6265 12.5324 12.7759 12.0137 11.593 12.713 10.4519 10.3721 10.0042 9.9712 11.3706 9.31817 7.53937 9.91248 9.15858 9.14265 7.25925 11.1582 7.1493 6.66632 6.62149 5.62275 13.7688 9.80356 8.43783 14.8794 7.29762 2.33309 1.92655 0.588755
threshold=52.500000000000007 215.50000000000003 3639675.0000000005 24.500000000000004 13.500000000000002 13.500000000000002 832578.00000000012 23325.000000000004 4.5000000000000009 316.50000000000006 147785.50000000003 7573152.0000000009 507136.50000000006 1320017.5000000002 1.2405877189833612 265117.00000000006 0.84415000000000007 139798.50000000003 0.80945000000000011 1055.5000000000002 699.50000000000011 893.00000000000011 0.014985307305856751 434016.50000000006 15.500000000000002 45.500000000000007 0.082114498148958923 12010244.000000002 1.0000000180025095e-35 0.014985307305856751 0.92890000000000017 15588213.000000002 0.93875000000000008 0.0060463033919637013 5169953.5000000009 478595.00000000006 4.2758529857976901 10331.500000000002 83.500000000000014 1292761.5000000002 2292039.0000000005 3.5000000000000004 578.00000000000011 79954.500000000015 3.5000000000000004
decision_type=2 2 8 2 2 2 2 2 2 2 2 8 2 8 2 2 2 2 2 2 2 2 2 2 2 2 2 8 2 2 2 10 2 2 8 10 2 2 2 10 10 2 2 2 2
left_child=2 5 4 11 36 7 19 -2 24 35 13 12 21 -9 -12 18 17 23 -13 20 33 -4 -17 -5 25 -6 -26 28 -8 30 -29 34 -33 -3 -18 -10 39 38 -38 41 -41 -1 -31 -19 -14
right_child=1 6 3 16 8 -7 27 10 9 -11 14 15 44 -15 -16 22 31 43 -20 -21 -22 -23 -24 -25 26 -27 -28 29 -30 42 -32 32 -34 -35 -36 -37 37 -39 -40 40 -42 -43 -44 -45 -46
leaf_value=-0.017425866415258794 0.06696300754452697 0.0078865267770583721 -0.017778622497554374 -0.010316546003771757 -0.022733390655748646 -0.042433973587020328 0.10001212868604573 0.011037984504147008 0.063991990070141377 -0.021020812796311336 0.0085558279051406207 -0.014194688474793533 -0.042606064999425722 0.002306002171648724 0.024665916939401122 0.00059641724491352427 0.01710435372238835 0.033428121670222403 -0.0074540042323333923 -0.023387516299817737 0.061201167648843452 0.02927643911189531 0.045228104390527886 0.03985600715669075 -0.0029841109824318207 0.020865472443206773 0.0055473446338847642 -0.0065979534027418262 0.038100221188542262 0.03980095869528627 0.047941292797730982 -0.0026580091167200098 0.044137284530643611 0.021641971115928436 -0.0012208138665356387 0.023663393729388429 -0.027236933638322403 0.054974395127696855 0.0097989254383782712 0.0076608148984210105 -0.0090957481660640608 -0.0057608047299069331 0.066995767236665921 0.0070817592797112906 -0.058391871564675374
leaf_weight=158 9.9999999999999982 108 499 624 69 18 11.000000000000002 604 20 10.999999999999998 444 1219 11.000000000000002 1576 180 68 53 19.000000000000004 1445 14.999999999999998 19 11.999999999999998 15.999999999999998 9.9999999999999982 398 19 1633 21 15.999999999999998 22 11.999999999999998 27 24 762 759 21 24 12.999999999999998 69 297 239 884 12.999999999999998 10.999999999999998 19
leaf_count=158 10 108 499 624 69 18 11 604 20 11 444 1219 11 1576 180 68 53 19 1445 15 19 12 16 10 398 19 1633 21 16 22 12 27 24 762 759 21 24 13 69 297 239 884 13 11 19
internal_value=1.6451e-06 0.0105808 -0.00467248 -0.00867107 0.000322998 0.00651558 0.0221032 0.00683019 0.00380049 0.0297928 0.00661336 -0.0113755 -0.0186791 0.00472572 0.0132062 -0.00993695 -0.00284574 -0.00800922 -0.0105388 0.0200881 0.0208242 -0.0166681 0.00914136 -0.00951902 0.00316127 -0.013307 0.00387543 0.0412373 0.0635996 0.0322778 0.0133194 0.00112756 0.0194066 0.0199355 -2.27541e-05 0.0434437 -0.00416012 0.00698266 0.000222295 -0.00490902 0.000188836 -0.0075311 0.050064 0.0238234 -0.0527645
internal_weight=12502 3831 8671 4816 3855 2832 999 2814 2171 52 2804 3289 541 2180 624 2748 1527 664 2664 904 889 511 84 634 2119 88 2031 95 27 68 33 863 51 870 812 41 1684 106 93 1578 536 1042 35 30 30
internal_count=12502 3831 8671 4816 3855 2832 999 2814 2171 52 2804 3289 541 2180 624 2748 1527 664 2664 904 889 511 84 634 2119 88 2031 95 27 68 33 863 51 870 812 41 1684 106 93 1578 536 1042 35 30 30
is_linear=0
shrinkage=0.05


Tree=10
num_leaves=52
num_cat=0
split_feature=7 10 7 7 8 14 7 1 8 1 14 10 2 8 7 3 1 1 3 14 10 1 1 3 8 7 10 2 1 10 10 12 3 13 3 3 10 12 10 10 7 1 12 10 7 12 7 1 2 8 10
split_gain=223.189 62.4941 58.3663 25.8208 19.4436 23.074 17.7419 19.8319 15.9371 13.8549 13.5881 12.9369 12.8492 11.7708 11.6452 11.5223 14.8011 10.6768 10.0104 9.89929 10.5615 9.52699 9.52037 9.51768 9.07626 8.95666 9.38173 8.86563 8.67125 9.05662 8.16277 8.1588 11.9181 11.7485 11.5468 7.95888 7.74537 7.72339 11.2438 10.7233 7.70524 6.9976 6.81911 6.59051 9.57838 6.0177 5.28846 5.25841 5.14621 3.65711 2.44429
threshold=52.500000000000007 52.500000000000007 186.50000000000003 14.500000000000002 17.500000000000004 2.110067428022909 17.500000000000004 9445.0000000000018 59.000000000000007 105760.00000000001 0.84111786435041236 73.500000000000014 12.500000000000002 10.500000000000002 539.50000000000011 5207.0000000000009 1112.5000000000002 221415.00000000003 10085.500000000002 0.050092704691542457 36.500000000000007 30627.500000000004 16970.500000000004 50083.000000000007 9.5000000000000018 1.5000000000000002 1.0000000180025095e-35 8.5000000000000018 230546.00000000003 152.50000000000003 71.500000000000014 4.2758529857976901 391938.50000000006 4.0608808432207679 3634.5000000000005 179906.50000000003 368.50000000000006 3.0287438410647707 1109.0000000000002 75.500000000000014 50.500000000000007 14447.500000000002 0.078438320786505158 114.50000000000001 20.500000000000004 0.35889188186351978 658.50000000000011 383564.50000000006 1.0000000180025095e-35 22.500000000000004 101.50000000000001
decision_type=2 2 2 2 2 2 2 2 2 2 2 2 2 2 2 2 2 2 2 2 2 2 2 2 2 2 2 2 2 2 2 2 2 8 2 2 2 2 2 2 2 2 2 2 2 2 2 2 2 2 2
left_child=1 3 4 15 5 12 31 43 27 13 30 -12 23 22 50 25 42 21 -18 20 49 -7 -5 -2 -19 26 -1 37 -21 -30 -9 32 35 -33 -35 -3 45 38 -4 -39 48 -27 -17 -8 -45 -29 -16 -22 -11 -6 -10
right_child=2 6 8 9 19 17 7 10 14 40 11 -13 -14 -15 46 16 18 24 -20 28 47 -23 -24 -25 -26 41 -28 36 29 -31 -32 33 -34 34 -36 -37 -38 39 -40 -41 -42 -43 -44 44 -46 -47 -48 -49 -50 -51 -52
leaf_value=-0.0059798441304689228 0.00020075859914418033 -0.0039170295429071201 0.017587636631952605 0.001105985110528955 0.0039998381647444866 0.02791261324764855 0.05649041981328258 0.015118232300937371 0.057783228615835215 -0.0026134093126051377 -0.0057839841656995147 0.0079929011197276325 -0.048483129221064451 -0.056368493953266666 0.0001376858905299019 -0.031385937531270766 -0.028098393964384127 0.060325689521174466 -0.010724877244016268 0.077663678306717054 -0.042181699561911652 0.0083382799279704371 -0.006450987236986035 0.018436230054558422 0.012620028867540767 -0.0076816436423484602 0.017037683653292161 -0.0027237346771606559 0.039241108131330117 -0.0059268100993007632 -0.0072394617616992583 0.046164952095042275 0.050010870588888034 0.0083409061112202487 -0.041365205559111738 -0.029109777222940378 0.077990482183727061 0.014436755155291511 -0.035550805527975064 0.055398973681299583 -0.030913007141339901 -0.01481587795362471 0.011093364565144525 0.0050438635861585514 0.049551400721697281 0.045125923455931749 0.046069895648512965 0.0065460943423949931 0.02023451141034753 0.036706781844085316 0.089352924044769591
leaf_weight=143 1198 1348 745 537 12.999999999999998 65 18 46 19.000000000000004 33 202 1087 12.999999999999998 10.999999999999998 13.000000000000002 158 93 19 762 10.999999999999998 11.000000000000002 1388 1861 76 21 1101 64 10.000000000000002 53 13.999999999999998 357 18 9.9999999999999982 108 12.999999999999998 32 10.999999999999998 32 9.9999999999999982 32 9.9999999999999982 500 9.9999999999999982 33 19 19 11.999999999999998 10.999999999999998 97 25 9.9999999999999982
leaf_count=143 1198 1348 745 537 13 65 18 46 19 33 202 1087 13 11 13 158 93 19 762 11 11 1388 1861 76 21 1101 64 10 53 14 357 18 10 108 13 32 11 32 10 32 10 500 10 33 19 19 12 11 97 25 10
internal_value=1.78962e-06 -0.00443878 0.0100523 -0.00775865 0.00659976 0.00568986 0.000988493 0.00440823 0.021085 -0.00410794 0.00332834 0.00583364 0.000783464 -0.00499672 0.0474191 -0.0110454 -0.0152863 0.00991895 -0.0126177 0.0249123 0.00962035 0.0092158 -0.00475873 0.00128995 0.0353741 -0.00864514 0.00114148 0.0194242 0.0366479 0.0298083 -0.00468435 -0.0029524 -0.00410752 0.00859348 0.00297083 -0.00450328 0.0423963 0.0182972 0.0168792 0.0349723 0.0111781 -0.00991049 -0.0288523 0.0304688 0.0213701 0.0286734 0.0222809 -0.0178984 0.0144371 0.0255574 0.068939
internal_weight=12502 8671 3831 5380 2918 2780 3291 1762 913 2549 1692 1289 1287 2409 54 2831 1023 1493 855 138 60 1453 2398 1274 40 1808 207 859 78 67 403 1529 1390 139 121 1380 40 819 755 64 140 1601 168 70 52 29 25 22 130 38 29
internal_count=12502 8671 3831 5380 2918 2780 3291 1762 913 2549 1692 1289 1287 2409 54 2831 1023 1493 855 138 60 1453 2398 1274 40 1808 207 859 78 67 403 1529 1390 139 121 1380 40 819 755 64 140 1601 168 70 52 29 25 22 130 38 29
is_linear=0
shrinkage=0.05


Tree=11
num_leaves=54
num_cat=0
split_feature=7 7 0 8 0 2 2 6 1 13 7 3 13 14 0 10 14 13 13 7 0 2 0 1 1 10 2 0 1 14 13 7 13 4 8 13 6 3 0 6 7 0 2 1 14 0 0 0 7 1 3 13 4
split_gain=202.937 67.7505 49.5402 23.3966 22.2981 22.5037 18.0212 17.9975 17.9852 16.6417 16.4879 14.7959 15.0651 14.6776 14.7476 14.3682 12.7776 12.5024 11.9399 11.9326 11.8866 11.8849 16.9648 11.8131 11.5537 11.1966 10.0853 10.0552 8.86275 8.26142 8.07505 11.7447 8.34982 16.3961 8.07271 7.74241 7.65848 7.58413 6.73745 6.70145 6.53522 6.4806 6.07446 6.05056 5.91531 5.24028 6.50626 22.4018 18.8496 4.76509 3.91455 3.7958 2.94249
threshold=37.500000000000007 136.50000000000003 3639675.0000000005 22.500000000000004 970634.50000000012 3.5000000000000004 11.500000000000002 6.5000000000000009 64169.000000000007 0.41528671236618586 4.5000000000000009 197194.00000000003 3.6829129329772265 0.10648578858944412 7119108.5000000009 804.50000000000011 2.2976145874872418 0.071351494399558721 2.2848741586229324 13.500000000000002 2479815.0000000005 4.5000000000000009 2946834.0000000005 81454.000000000015 82871.500000000015 646.50000000000011 5.5000000000000009 3781354.5000000005 383564.50000000006 0.17444209290720539 5.3616809497703413 20.500000000000004 5.1625082970494365 0.97415000000000018 1.0000000180025095e-35 0.077820012877889019 1.5000000000000002 8879.0000000000018 2987312.5000000005 6.5000000000000009 11.500000000000002 11487287.000000002 1.5000000000000002 154480.50000000003 0.075266431948947762 3432327.5000000005 2292039.0000000005 1546686.0000000002 10.500000000000002 7175.0000000000009 579860.50000000012 1.8310487536891749 0.80520000000000014
decision_type=2 2 8 2 8 2 2 2 2 10 2 2 8 2 10 2 2 10 10 2 8 2 8 2 2 2 2 10 2 2 10 2 8 2 2 8 2 2 10 2 2 8 2 2 2 10 10 10 2 2 2 10 2
left_child=2 4 19 17 5 16 8 23 15 -10 13 12 25 41 27 -6 37 34 -18 45 29 28 -23 -7 -14 -12 39 -15 -19 -5 32 -32 38 -34 -3 40 -37 -2 -21 -22 -13 50 -31 -36 -43 46 47 -1 -48 -16 -4 -47 -33
right_child=1 3 10 20 6 7 -8 -9 9 -11 11 35 24 14 49 -17 18 21 -20 30 26 22 -24 -25 -26 -27 -28 -29 -30 42 31 52 33 -35 43 36 -38 -39 -40 -41 -42 44 -44 -45 -46 51 48 -49 -50 -51 -52 -53 -54
leaf_value=-0.005283383464941495 -0.0038785693307783124 0.034573793784622942 -0.024851067459342378 0.08387442437573249 -0.0019404705080969767 0.030404682519038235 -0.04631825413613419 -0.019658517963879289 -0.0029331870228519858 0.0084341549562346584 -0.0099088698493385637 0.016608663573110766 -0.0020376128304080126 -0.0038877240280624746 0.010610211674157561 -0.04570766503274129 0.047602045307268248 0.011716786296665487 0.011146410024064782 0.0020351138039234455 0.033115960151246453 0.051408205090157283 0.013414993761625119 0.084318086228056532 0.05182591538027962 0.022414093844015218 -0.013281062504412322 -0.029677956103430072 0.026057757143423527 0.063954846988810155 0.055851030010969666 -0.017465030657010033 -0.018692971665361938 0.035679571515654922 -0.0471294109183963 0.040039878906935361 -0.0065365443237064298 0.022771390940857884 0.018353501312947537 0.0093969273435111841 -0.023761828493385415 -0.015088840936955422 0.010140131152159461 -0.0052354367616918897 -0.04918502367862309 0.039330747255609047 -0.0050511530317846123 0.012565777289691583 -0.042488749642061056 0.05716362588845933 -0.049656763178867525 -0.0012408123762757929 0.0181818412355155
leaf_weight=1230 236 10.999999999999998 140 15.999999999999998 1030 126 19 17 430 1281 2427 21 697 210 11.000000000000002 19 24 822 333 1470 175 53 66 10.999999999999998 9.9999999999999982 27 14.999999999999998 46 124 10.000000000000002 17 11.000000000000002 100 15.999999999999998 9.9999999999999982 33 11.999999999999998 30 66 36 19 467 10.999999999999998 59 12.999999999999998 12.000000000000002 185 205 41 10.999999999999998 18 10.999999999999998 11.999999999999998
leaf_count=1230 236 11 140 16 1030 126 19 17 430 1281 2427 21 697 210 11 19 24 822 333 1470 175 53 66 11 10 27 15 46 124 10 17 11 100 16 10 33 12 30 66 36 19 467 11 59 13 12 185 205 41 11 18 11 12
internal_value=1.92684e-06 0.00785189 -0.00516755 0.0171345 0.00417604 0.0116633 0.00208228 0.0287722 0.00241714 0.00557737 -0.00881814 -0.00714598 -0.00769965 -0.0147423 -0.00515165 -0.00273748 0.00743022 0.0140433 0.0136099 -0.000666901 0.0305822 0.0154752 0.0303653 0.0347918 -0.00126853 -0.00955234 0.0262596 -0.00853169 0.0135991 0.0568431 0.0022986 0.0244686 0.00176034 -0.011169 -0.00501439 0.0134291 0.0276325 -0.000865507 0.00273744 0.0290755 -0.00257876 -0.0189198 0.0359478 -0.0113664 -0.0160223 -0.00364644 -0.00397514 -0.00273281 -0.0118587 0.0340403 -0.0277067 0.0200056 0.00113153
internal_weight=12502 4964 7538 1408 3556 777 2779 154 2760 1711 4162 3246 3161 916 278 1049 623 1145 357 3376 263 1065 119 137 707 2454 226 256 946 37 1692 40 1652 116 80 85 45 266 1536 211 40 638 21 69 480 1684 1661 1435 226 22 158 23 23
internal_count=12502 4964 7538 1408 3556 777 2779 154 2760 1711 4162 3246 3161 916 278 1049 623 1145 357 3376 263 1065 119 137 707 2454 226 256 946 37 1692 40 1652 116 80 85 45 266 1536 211 40 638 21 69 480 1684 1661 1435 226 22 158 23 23
is_linear=0
shrinkage=0.05


Tree=12
num_leaves=54
num_cat=0
split_feature=7 5 0 10 1 6 13 2 1 7 4 7 10 13 1 6 1 7 13 10 0 5 0 8 5 1 0 4 6 13 0 13 7 13 4 13 13 4 6 13 7 0 13 13 10 10 5 6 10 13 5 4 13
split_gain=183.16 67.3081 44.7118 22.8286 18.7068 19.2426 16.2069 15.8078 15.7964 14.0124 13.7542 13.7325 12.8759 12.8158 12.1616 12.2421 13.7164 10.7702 10.3663 15.4662 11.9265 10.3042 9.92732 9.77225 9.72556 9.70074 9.65639 8.46323 8.34187 9.13996 8.30192 7.37204 9.10615 7.2995 7.20892 12.1446 10.4633 6.95616 6.39874 6.34614 5.87338 4.95323 10.2259 7.24603 5.88382 14.8955 11.2855 4.43532 4.08669 4.84048 3.40164 2.5944 0.982369
threshold=37.500000000000007 215.50000000000003 3639675.0000000005 134.50000000000003 121541.00000000001 9.5000000000000018 3.0146128942092205 4.5000000000000009 102334.50000000001 162.50000000000003 0.97815000000000007 1.0000000180025095e-35 646.50000000000011 2.219130093807363 832578.00000000012 2.5000000000000004 131446.50000000003 13.500000000000002 3.6829129329772265 646.50000000000011 4024334.0000000005 65.500000000000014 2628493.5000000005 1.0000000180025095e-35 384.50000000000006 1112.5000000000002 2946834.0000000005 0.87535000000000018 6.5000000000000009 1.198621814717018 907159.00000000012 6.0527349509850881 22.500000000000004 3.8703047271603466 1.0058500000000001 3.8703047271603466 5.1625082970494365 0.78270000000000006 1.5000000000000002 0.95892100385128087 15.500000000000002 41411.000000000007 4.0362763159207544 1.9598102331866707 266.50000000000006 97.500000000000014 5.5000000000000009 1.0000000180025095e-35 101.50000000000001 0.029144145559849854 693.50000000000011 0.98415000000000008 1.0439272678963192
decision_type=2 2 8 2 2 2 10 2 2 2 2 2 2 10 2 2 2 2 10 2 8 2 10 2 2 2 10 2 2 10 10 10 2 8 2 8 8 2 2 10 2 10 8 10 2 2 2 2 2 8 2 2 10
left_child=2 3 17 4 6 13 22 10 11 -8 21 23 -12 -6 15 24 -17 41 19 -13 -20 -5 -2 25 33 -4 30 39 48 -30 -9 34 -33 -3 36 -36 -19 -18 -29 40 -10 42 43 -1 45 -43 -46 -25 49 -16 -50 -26 -40
right_child=1 14 8 7 5 -7 9 26 27 -11 12 18 -14 -15 28 16 37 31 20 -21 -22 -23 -24 47 51 -27 -28 38 29 -31 -32 32 -34 -35 35 -37 -38 -39 52 -41 -42 44 -44 -45 46 -47 -48 -49 50 -51 -52 -53 -54
leaf_value=-0.0028713321905361106 -0.0018911634147883829 0.022810136466532849 -0.028195470955651 0.014440178470771385 0.0049348419751949575 -0.054016068947216701 0.0046666876824903889 0.027081424366305319 -0.023993298190064953 0.061277026134366933 0.016128939741122027 -0.0094166217865985762 0.056738334084224643 0.018279248627873775 0.0081040956214204572 0.056028276928880599 0.025717089465424593 0.0020431053598277478 -0.04165241531821904 0.02444806660298815 -0.0004075506538693235 0.0023338467417156491 -0.013929032548438487 -0.029708029291826824 0.045994411759998799 -0.0093311205951176427 -0.014291654835950147 0.0048643115488503953 -0.0068231632552689901 0.050253471678441713 0.064494802416619201 0.06577188588014922 -0.0015224759826565734 -0.013199915727045364 0.0046257856610757292 0.039068782223765586 -0.013048899234186929 0.0096806031754413033 0.057981924967722837 -0.024990889681142995 0.019027670519049921 -0.0047351560240027875 0.020178913728881431 -0.046500366802016892 -0.038716352804628915 0.0071739078501618691 -0.0060947401085279882 -0.064980161082637197 0.080062188264977824 0.046778700251575454 0.040555873129627495 0.021076075384350679 0.036016292379212549
leaf_weight=14.999999999999998 1093 214 93 251 524 11.999999999999998 722 68 9.9999999999999982 10.999999999999998 169 3047 22 274 10.999999999999998 18 78 1401 18 34 554 586 203 48 59 255 10.999999999999998 14.999999999999998 19.000000000000004 10.999999999999998 19 10.000000000000002 9.9999999999999982 14.999999999999998 113 33 125 507 11.000000000000002 18 37 1024 12.999999999999998 26 30 353 223 10.999999999999998 13.000000000000002 31 9.9999999999999982 12.999999999999998 10.999999999999998
leaf_count=15 1093 214 93 251 524 12 722 68 10 11 169 3047 22 274 11 18 78 1401 18 34 554 586 203 48 59 255 11 15 19 11 19 10 10 15 113 33 125 507 11 18 37 1024 13 26 30 353 223 11 13 31 10 13 11
internal_value=2.00329e-06 0.00745966 -0.00490912 0.00453695 0.00214747 0.00857067 -0.000417046 0.0105609 -0.00837725 0.00552447 0.00872981 -0.00886556 0.0208337 0.00951847 0.0190582 0.0172662 0.0131515 -0.00063342 -0.00789451 -0.00904213 -0.00171252 0.00596559 -0.00377765 -0.017577 0.0255022 -0.0143791 0.0297396 0.0110489 0.0360746 0.0142024 0.0353168 0.00218394 0.0322845 0.0204467 0.00182198 0.0124323 0.000806092 0.0118228 0.0301033 0.000172952 0.00984277 -0.00346413 -0.0183489 -0.0305843 -0.00296992 -0.00168192 -0.00997668 -0.036383 0.0461321 0.0366929 0.0631355 0.0415307 0.0472118
internal_weight=12502 4964 7538 3965 2839 810 2029 1126 4162 733 1028 4060 191 798 999 904 603 3376 3653 3081 572 837 1296 407 301 348 98 102 95 30 87 1692 20 229 1672 146 1526 585 37 65 47 1684 54 41 1630 1377 253 59 65 42 23 72 22
internal_count=12502 4964 7538 3965 2839 810 2029 1126 4162 733 1028 4060 191 798 999 904 603 3376 3653 3081 572 837 1296 407 301 348 98 102 95 30 87 1692 20 229 1672 146 1526 585 37 65 47 1684 54 41 1630 1377 253 59 65 42 23 72 22
is_linear=0
shrinkage=0.05


Tree=13
num_leaves=50
num_cat=0
split_feature=7 0 5 7 6 2 14 0 13 7 0 3 13 13 3 4 2 6 4 14 8 7 7 14 13 6 3 14 0 0 0 2 0 4 0 5 2 6 0 7 6 5 0 0 14 13 0 14 3
split_gain=165.801 48.9522 48.2026 22.1734 18.4455 16.4137 15.1862 12.6208 12.1549 11.76 11.469 11.6063 11.4518 11.4469 11.4839 10.9919 10.8679 10.3784 9.04382 12.7353 9.03606 9.86512 14.9374 12.2858 8.3626 8.31064 8.28206 10.2956 9.11712 7.62016 7.0447 6.38934 6.33134 10.133 5.95354 10.4733 8.33847 6.26094 5.8964 5.84292 5.12711 4.83819 4.7506 6.64756 4.0026 3.45719 2.34643 2.03174 0.510417
threshold=52.500000000000007 3639675.0000000005 215.50000000000003 24.500000000000004 10.500000000000002 3.5000000000000004 2.9098418967604553 3432327.5000000005 1.0770242666267735 13.500000000000002 7573152.0000000009 507136.50000000006 0.69352558802535536 6.5008786739962376 265117.00000000006 0.84415000000000007 8.5000000000000018 2.5000000000000004 1.0950000000000004 3.2747961270707844 22.500000000000004 164.50000000000003 176.50000000000003 1.6533469770119968 0.13129311727015577 1.5000000000000002 93265.000000000015 0.12941236458562314 9588721.5000000019 840033.00000000012 300515.00000000006 4.5000000000000009 15588213.000000002 0.93875000000000008 2479815.0000000005 569.50000000000011 5.5000000000000009 6.5000000000000009 5169953.5000000009 20.500000000000004 2.5000000000000004 228.50000000000003 3432327.5000000005 2292039.0000000005 1.5602483419829591 1.8310487536891749 246973.00000000003 0.25050914184308298 612450.50000000012
decision_type=2 8 2 2 2 2 2 10 8 2 8 2 10 10 2 2 2 2 2 2 2 2 2 2 10 2 2 2 10 10 10 2 10 2 8 2 2 2 8 2 2 2 10 10 2 10 10 2 2
left_child=1 5 4 10 6 9 7 17 30 42 11 39 -9 14 -12 26 25 -2 24 -20 21 41 -23 -24 -11 -8 28 -28 -5 44 -7 -31 38 -34 35 40 37 -36 -17 -3 -22 -4 43 -1 -10 -44 -18 -32 -13
right_child=2 3 20 15 -6 8 16 12 29 18 13 48 -14 -15 -16 32 46 -19 19 -21 34 22 23 -25 -26 -27 27 -29 -30 31 47 -33 33 -35 36 -37 -38 -39 -40 -41 -42 -43 45 -45 -46 -47 -48 -49 -50
leaf_value=-0.0024027169197054169 0.0089290972829742833 -0.016483754971210192 0.026477493273701455 -0.0069598123417517286 -0.049783169828503337 0.022143217486165864 0.019741361420082794 -0.020326339864388792 0.064776854054762592 -0.0060524500231539154 -0.008995840938477332 -0.036272795704921861 0.00010410762230631264 0.036753447799025278 0.0097737686634373801 0.016547398285663175 0.029956560471270335 0.00092498377108894767 0.0020689363880057863 0.047685713089745618 0.046787190544712642 -0.030983902843288294 0.0075009240344214084 0.021182579781557707 0.0030722819474229284 0.0076685354109466549 -0.016142315247390435 0.025967937058118909 -0.02904077129686386 -0.014399453823329409 -0.040605544907935325 0.03575945573646834 -0.0024419074458829591 0.042152061749296067 0.028581317047320309 0.073173870468697347 -0.013409699152982395 0.0061193342343213745 -0.00068708983990706761 -0.00083830926362452062 0.000515080931532474 0.067628739109216643 0.037620881187521715 -0.011663481132561632 0.030545114658884522 -0.0010995150686384321 0.064686413153563396 -0.010597201675631619 -0.051160984890377938
leaf_weight=1433 840 442 18.000000000000004 551 14.999999999999998 12.999999999999998 183 94 9.9999999999999982 295 2650 10.000000000000002 253 13.999999999999998 84 53 10.000000000000002 782 37 26 11.000000000000002 18 297 367 1684 645 23 39 51 17.000000000000004 10.000000000000002 9.9999999999999982 27 24 194 17 14.999999999999998 37 759 69 12.999999999999998 11.999999999999998 12.000000000000002 224 60 10.999999999999998 9.9999999999999982 12.999999999999998 20
leaf_count=1433 840 442 18 551 15 13 183 94 10 295 2650 10 253 14 84 53 10 782 37 26 11 18 297 367 1684 645 23 39 51 17 10 10 27 24 194 17 15 37 759 69 13 12 12 224 60 11 10 13 20
internal_value=2.10643e-06 -0.00382521 0.00866464 -0.00718632 0.00533321 0.000373863 0.00562845 0.00321894 0.0176265 -0.00024309 -0.00949797 -0.0161524 -0.00543463 -0.00818736 -0.00841882 -0.00220699 0.0112222 0.00507044 0.00230611 0.0209406 0.0181072 0.0150841 0.0138452 0.015065 0.00171187 0.0103389 -0.00704273 0.0103456 -0.00883497 0.0268275 -0.00717073 0.00424132 0.00151406 0.0185849 0.0255992 0.0432447 0.0226419 0.0249877 0.00043972 -0.0143717 0.0218293 0.043108 -0.00334153 -0.00365525 0.0355208 0.0191778 0.0475569 -0.0237636 -0.0463353
internal_weight=12502 8671 3831 4816 2832 3855 2817 1969 133 3722 3289 541 347 2748 2734 1527 848 1622 2042 63 999 712 682 664 1979 828 664 62 602 97 36 27 863 51 287 41 246 231 812 511 24 30 1680 1657 70 23 20 23 30
internal_count=12502 8671 3831 4816 2832 3855 2817 1969 133 3722 3289 541 347 2748 2734 1527 848 1622 2042 63 999 712 682 664 1979 828 664 62 602 97 36 27 863 51 287 41 246 231 812 511 24 30 1680 1657 70 23 20 23 30
is_linear=0
shrinkage=0.05


Tree=14
num_leaves=53
num_cat=0
split_feature=1 7 0 2 0 0 1 13 8 12 1 6 4 13 4 4 12 14 7 14 12 12 1 12 0 0 1 12 14 1 4 13 7 14 13 7 14 13 4 13 8 13 6 8 13 13 13 14 8 12 8 6
split_gain=152.343 60.0475 34.8435 44.915 21.6583 20.0517 19.3098 22.5071 16.4359 23.0272 15.0813 15.0304 18.7764 14.1114 13.9471 12.6242 11.4952 11.2253 10.8879 10.2446 16.7144 16.4356 9.74567 9.98978 8.84608 8.6717 8.60806 8.57526 12.3633 10.5715 8.08037 9.11566 8.77105 8.00316 7.98461 7.77234 7.57849 7.46293 7.22745 6.95418 12.4235 11.8391 9.92169 11.7234 6.93234 6.69732 6.0063 5.27246 4.44005 3.74176 4.25888 4.13625
threshold=147785.50000000003 13.500000000000002 3639675.0000000005 4.5000000000000009 2292039.0000000005 1546686.0000000002 79919.500000000015 2.7664448779092936 20.500000000000004 1.2210229779377046 9264.0000000000018 3.5000000000000004 1.0816500000000002 0.25554663393585575 0.90125000000000011 1.1025000000000003 1.1827650000327392 1.9894794027939275 34.500000000000007 3.3176548896409392 3.0287438410647707 1.9748356023492666 16683.500000000004 0.28662785815998876 814216.00000000012 5334362.0000000009 85850.500000000015 4.0541222110120989 3.5441656312458143 10331.500000000002 0.7087500000000001 1.9186328190715212 10.500000000000002 3.2924682298970889 2.3315968479007676 12.500000000000002 2.9746397974395902 0.029144145559849854 0.66165000000000018 2.0443264863811046 40.500000000000007 1.198621814717018 6.5000000000000009 44.500000000000007 0.017971589059363104 0.18810562849012108 4.1630485916711955 0.23461935945964812 25.500000000000004 0.071475467194108064 43.500000000000007 4.5000000000000009
decision_type=2 2 8 2 8 10 2 10 2 2 2 2 2 8 2 2 2 2 2 2 2 2 2 2 8 10 2 2 2 2 2 8 2 2 8 2 2 8 2 10 2 8 2 2 10 10 10 2 2 2 2 2
left_child=1 4 3 19 5 27 10 26 9 16 25 15 17 -5 -12 36 24 -13 -9 20 -3 -21 35 -24 45 -4 -8 28 -1 -29 37 32 -32 -33 -26 -7 -11 44 -39 41 48 42 43 -10 -6 -2 -15 -44 -41 51 -51 -43
right_child=8 2 6 13 30 22 7 18 39 11 14 12 -14 46 -16 -17 -18 -19 -20 21 -22 -23 23 -25 34 -27 -28 29 -30 -31 31 33 -34 -35 -36 -37 -38 38 -40 40 -42 49 47 -45 -46 -47 -48 -49 -50 50 -52 -53
leaf_value=-0.0039897352712167196 0.054821964427335383 0.00047336685643854294 0.0071167220703532682 -0.012656864293372434 -0.016774701341300522 0.0040235140199966967 0.012474687499005295 -0.034245120982329055 0.017424199764153242 0.025540844844815915 -0.0081937687777100046 0.047896780122984324 0.073644811908404037 0.029708894181706746 -0.0008021337734667452 -0.013408466294315288 -0.039710223788523492 0.0028547885774695136 0.016183973185020403 0.032039494429498494 0.02862916334726729 0.0057123184163051935 0.010428798009787126 0.060457597852377365 0.008459709552236681 0.046328397271055616 -0.0039762834242127966 0.0038283322738073 -0.019813521927873418 0.057722594920951546 0.00040479413652751736 -0.014861477974631358 -0.015435978761209897 -0.00443294235140678 -0.0045172712460114046 0.049296156272734752 0.044928550545959803 -0.0083616885989492764 -0.036906378190496782 0.0040783505333242126 0.046129957826669558 0.016211840778730491 0.010605706530925515 0.043974678735077488 -0.050173056329259218 0.016272838564048583 0.056509445106009561 -0.029105469868838336 -0.035738980127427419 0.061015353337356339 0.026053301730262469 0.053037498823621056
leaf_weight=987 14.999999999999998 2052 114 18 469 155 92 10.999999999999998 154 141 1719 14.999999999999998 10.999999999999998 131 1015 15.999999999999998 12.999999999999998 165 306 64 54 790 21 19 648 15.999999999999998 582 92 141 9.9999999999999982 456 492 108 294 145 9.9999999999999982 79 561 23 15.000000000000002 11.999999999999998 21 23 57 15.999999999999998 45 25 12.999999999999998 12.999999999999998 34 11.999999999999998 11.999999999999998
leaf_count=987 15 2052 114 18 469 155 92 11 154 141 1719 15 11 131 1015 16 13 165 306 64 54 790 21 19 648 16 582 92 141 10 456 492 108 294 145 10 79 561 23 15 12 21 23 57 16 45 25 13 13 34 12 12
internal_value=2.16681e-06 -0.00215681 0.000606268 0.00452168 -0.00716738 -0.00230064 -0.00257688 0.00343872 0.0141122 0.0114628 -0.00465844 0.0209642 0.0105286 0.0292024 -0.00544975 0.0294019 0.00677612 0.0066328 0.0144238 0.00306992 0.00119664 0.00768884 0.0121732 0.034284 0.00748916 0.0119747 -0.00172923 -0.00471374 -0.00596929 0.00916344 -0.0100542 -0.00748172 -0.00263074 -0.0109618 0.0060866 0.00679551 0.03252 -0.0133019 -0.00949201 0.0234663 0.00377992 0.0258799 0.0204765 0.024614 -0.0178866 0.0259853 0.0340373 -0.00377534 -0.0144697 0.0427268 0.0519711 0.0297228
internal_weight=12502 10843 6989 3134 3854 1435 3855 991 1659 1293 2864 427 191 174 2734 236 866 180 317 2960 2106 854 205 40 853 130 674 1230 1128 102 2419 1350 564 786 793 165 220 1069 584 366 40 326 247 211 485 60 156 36 28 79 46 33
internal_count=12502 10843 6989 3134 3854 1435 3855 991 1659 1293 2864 427 191 174 2734 236 866 180 317 2960 2106 854 205 40 853 130 674 1230 1128 102 2419 1350 564 786 793 165 220 1069 584 366 40 326 247 211 485 60 156 36 28 79 46 33
is_linear=0
shrinkage=0.05


Tree=15
num_leaves=51
num_cat=0
split_feature=7 5 0 10 14 0 14 0 14 4 10 12 14 0 2 0 8 14 4 4 4 2 14 0 2 0 2 14 5 12 13 14 8 0 7 13 7 12 10 0 6 5 8 5 0 13 12 13 4 5
split_gain=136.61 50.1965 32.491 20.6582 17.5038 13.8579 16.0967 13.357 13.2247 13.1724 15.4551 12.5126 11.4926 14.5132 11.0529 12.5377 10.5237 11.4402 9.60796 9.48877 22.1055 9.4649 9.75187 9.55922 9.27948 9.15687 8.76428 8.76315 8.44467 8.42921 11.759 9.35093 8.26263 8.6038 7.53479 6.70521 9.91608 9.20729 6.46565 6.42176 4.69827 4.53306 8.36992 7.79618 4.92822 4.33536 4.06223 8.95454 2.65576 1.72708
threshold=37.500000000000007 199.50000000000003 3639675.0000000005 133.50000000000003 1.9222315912997121 3432327.5000000005 3.1272288142499738 2801442.0000000005 5.222692921033997 0.8035000000000001 646.50000000000011 6.2402025540705059 3.7113883019076801 4876680.5000000009 4.5000000000000009 2946834.0000000005 17.500000000000004 0.76049795620405669 0.97100000000000009 0.84960000000000002 0.82235000000000014 4.5000000000000009 0.86924576914123952 1736908.5000000002 8.5000000000000018 936068.50000000012 2.5000000000000004 0.11364262359243342 100.50000000000001 0.98818896169123471 2.2538206932219458 2.1274952778458172 18.500000000000004 2521987.5000000005 13.500000000000002 5.3616809497703413 20.500000000000004 5.7897623093477035 15.500000000000002 4495869.0000000009 7.5000000000000009 21.500000000000004 4.5000000000000009 20.500000000000004 1292761.5000000002 1.9186328190715212 5.1702276018325728 5.2417579945729216 0.80520000000000014 13.500000000000002
decision_type=2 2 8 2 2 10 2 10 2 2 2 2 2 8 2 10 2 2 2 2 2 2 2 8 2 8 2 2 2 2 10 2 2 8 2 10 2 2 2 10 2 2 2 2 10 8 2 10 2 2
left_child=2 3 34 4 24 7 -7 -6 14 10 12 29 39 -14 18 -16 17 25 -5 20 26 22 -19 -23 28 -3 -18 -22 -2 30 -11 -31 -21 -34 41 37 -37 38 -36 -4 -27 43 45 44 -1 -43 -10 -48 -38 -12
right_child=1 16 9 8 5 6 -8 -9 46 11 49 -13 13 -15 15 -17 19 21 -20 32 27 23 -24 -25 -26 40 -28 -29 -30 31 -32 -33 33 -35 35 36 48 -39 -40 -41 -42 42 -44 -45 -46 -47 47 -49 -50 -51
leaf_value=-0.0050168249004362009 -0.0062368816992587348 0.033650242944777996 -0.010367840967780394 0.0064372272882683313 0.0061067019006229885 -0.017603839730754505 0.015627255958528669 0.044464886240919176 -0.046898119755693371 -0.0035073081815323627 0.048002366824905461 0.050918750704662646 -0.04976212781322889 0.0073976095208827877 0.033805939399715185 -0.025379796281899559 0.030055908739726297 0.053938214607695316 0.018864409673103988 0.064425593377738608 0.012292104150285785 0.057226216537410404 0.011735624385828595 0.019212568524936614 -0.040723600071964794 -0.0011923807140655409 -0.0062326212177303301 -0.035275813315847261 0.0021372390631165406 -0.023431393326762921 0.013375911418450504 -0.0065586917985525038 0.049289768875504521 0.021971501956504234 -0.012971243292358279 0.05080035795070971 -0.017141505505319111 -0.046321516874993203 0.002241528258525785 -0.018066464925816074 -0.032655191330509335 0.031786644178413856 -0.028523741340315024 -0.035213272413970285 0.00087899337898869482 0.0010742069616991813 -0.042369541702884247 0.024223102865242725 0.016723811318559097 0.018389557626577888
leaf_weight=1078 677 18 1402 784 1305 127 51 23 11.000000000000002 992 10.000000000000002 9.9999999999999982 11.999999999999998 135 80 9.9999999999999982 98 13.999999999999998 194 14.999999999999998 14.999999999999998 25 480 49 15.999999999999998 126 20 27 542 89 115 1051 34 190 73 17 11.000000000000002 9.9999999999999982 1569 336 12.999999999999998 29 10.999999999999998 19 528 19 10.000000000000002 9.9999999999999982 11.999999999999998 9.9999999999999982
leaf_count=1078 677 18 1402 784 1305 127 51 23 11 992 10 10 12 135 80 10 98 14 194 15 15 25 480 49 16 126 20 27 542 89 115 1051 34 190 73 17 11 10 1569 336 13 29 11 19 528 19 10 10 12 10
internal_value=2.30689e-06 0.00644294 -0.00423908 0.00372249 0.00140019 0.00501833 -0.00807914 0.00677434 0.00951386 -0.00719549 -0.0102572 -0.00461093 -0.0107218 0.00270085 0.010449 0.0272089 0.0157359 0.0121438 0.00890401 0.0222582 0.0128223 0.0154454 0.0129423 0.0321149 -0.00301194 0.000196863 0.0239052 -0.0182984 -0.00251365 -0.00486031 -0.00175236 -0.00787789 0.0285671 0.0261382 -0.000594239 0.00176225 0.0219644 0.0012718 0.00156445 -0.0118571 -0.00415631 -0.00296189 0.0106412 -0.00345641 -0.00307854 0.0196571 -0.0226318 -0.00911836 0.000523264 0.0333611
internal_weight=12502 4964 7538 3840 2741 1506 178 1328 1099 4162 1905 2257 1885 147 1068 90 1124 725 978 399 160 568 494 74 1235 157 118 42 1219 2247 1107 1140 239 224 3376 1692 40 1652 1642 1738 139 1684 59 1625 1606 48 31 20 23 20
internal_count=12502 4964 7538 3840 2741 1506 178 1328 1099 4162 1905 2257 1885 147 1068 90 1124 725 978 399 160 568 494 74 1235 157 118 42 1219 2247 1107 1140 239 224 3376 1692 40 1652 1642 1738 139 1684 59 1625 1606 48 31 20 23 20
is_linear=0
shrinkage=0.05


Tree=16
num_leaves=52
num_cat=0
split_feature=1 10 7 1 6 7 12 5 1 12 12 6 14 12 7 1 5 12 4 1 3 3 5 4 14 10 13 3 12 6 1 4 14 12 6 4 1 6 10 1 14 12 14 14 12 10 13 14 12 13 1
split_gain=126.885 59.6371 21.7317 18.7855 29.9477 17.9158 15.7655 15.4527 15.7182 13.4437 12.4125 10.7907 13.8693 12.4053 8.23555 10.3976 8.85654 8.92919 8.53818 8.12009 10.5374 9.05622 7.86388 10.1336 7.81643 8.53342 7.66297 7.40683 7.13282 7.87309 9.92538 8.07985 7.57433 7.90329 7.11563 6.9735 6.44976 6.25377 6.23668 6.20844 6.04612 5.28166 4.87326 4.84225 4.47087 4.42602 4.03391 3.01142 2.6424 4.4732 2.16671
threshold=121541.00000000001 52.500000000000007 14.500000000000002 409436.50000000006 9.5000000000000018 17.500000000000004 1.2210229779377046 204.50000000000003 9445.0000000000018 6.2402025540705059 1.1827650000327392 3.5000000000000004 1.9894794027939275 4.2072069975237509 16.500000000000004 12672.500000000002 3.5000000000000004 0.053758468341692157 0.86915000000000009 1289.0000000000002 57998.000000000007 188031.00000000003 129.50000000000003 0.93875000000000008 4.5607300875350774 35.500000000000007 2.4638319526766099 163882.00000000003 0.49123596603770181 6.5000000000000009 685659.50000000012 0.84960000000000002 2.1428990081969124 1.280044561180558 7.5000000000000009 0.74585000000000012 33887.500000000007 2.5000000000000004 114.50000000000001 16970.500000000004 2.4822319639862376 0.018530151250427254 0.65858868549331995 1.0226180905740736 2.0217986303336839 83.500000000000014 0.037197851228393856 2.2783723125845601 1.333502576103589 1.8310487536891749 51903.000000000007
decision_type=2 2 2 2 2 2 2 2 2 2 2 2 2 2 2 2 2 2 2 2 2 2 2 2 2 2 10 2 2 2 2 2 2 2 2 2 2 2 2 2 2 2 2 2 2 2 10 2 2 10 2
left_child=1 2 19 4 6 14 10 8 38 -10 27 13 -13 -8 16 18 17 -3 -16 20 41 -22 34 35 26 -26 -21 -2 29 30 37 -32 48 -34 39 -24 -18 -5 -7 -4 -25 -1 -6 46 -35 -17 -31 -44 49 -30 -36
right_child=3 5 22 28 42 7 11 -9 9 -11 -12 12 -14 -15 15 45 36 -19 -20 24 21 -23 23 40 25 -27 -28 -29 32 43 31 -33 33 44 50 -37 -38 -39 -40 -41 -42 -43 47 -45 -46 -47 -48 -49 -50 -51 -52
leaf_value=-0.011495943096636464 0.0062909365308376486 -0.027117179685353061 0.001936474115001858 0.024319108747027224 -0.056972573529805573 0.053152563328242433 0.023628820298612008 0.055203420732984482 0.0041759662281479299 -0.0358974806858465 -0.04018231053301629 0.054358716190650774 0.0047507226925514456 -0.032631104830468056 -0.011043725959899553 0.0011116640992683939 -0.00088176310411203175 0.0061735158532461856 0.041311954055820499 -0.0065983448873400442 -0.042253124522468738 -0.016387797380939668 0.033804420223261453 0.063048139483005083 0.013260703349759987 -0.033753884133991899 -0.012924105560424923 0.029973360106261594 0.040019938853642752 0.020950084976335565 0.018296939932380362 0.048192257429482785 -0.018808937522473639 0.047031893451487158 -0.016227212670536437 -0.0040981564724264005 0.014200061781966833 0.0030455291860261948 0.018999261776210596 -0.0039565833875275886 0.017989192593407321 0.013789124672668646 -0.0028762302711636805 0.029947408361712825 0.011752725306136831 -0.035372123368797623 -0.014916573755941923 -0.039035676718429405 0.027903555713544623 0.076773586391492663 -0.046503383565593415
leaf_weight=99 1047 61 537 64 14.999999999999998 18 346 14.999999999999998 2594 21 13.999999999999998 14.999999999999998 211 9.9999999999999982 26 9.9999999999999982 1264 30 10.999999999999998 1811 54 91 13.999999999999998 10.999999999999998 74 10.999999999999998 651 34 24 9.9999999999999982 43 48 10.999999999999998 18 13.000000000000002 87 75 75 52 2663 23 26 12.000000000000002 10.999999999999998 18 49 35 10.999999999999998 14.999999999999998 12.999999999999998 10.999999999999998
leaf_count=99 1047 61 537 64 15 18 346 15 2594 21 14 15 211 10 26 10 1264 30 11 1811 54 91 14 11 74 11 651 34 24 10 43 48 11 18 13 87 75 75 52 2663 23 26 12 11 18 49 35 11 15 13 11
internal_value=2.28581e-06 -0.00226101 -0.00539268 0.0112127 0.00897116 0.00231572 0.0099665 0.00476313 0.0044793 0.00385279 0.00643116 0.0166158 0.00806587 0.0220398 -0.00201459 -0.0161834 -0.00106234 -0.0161475 0.00459087 -0.00863135 -0.0168759 -0.0260429 -0.00267643 0.00914195 -0.00775674 0.00714395 -0.00827145 0.00703851 0.021193 0.0171781 0.02127 0.0341015 0.0327627 0.0181576 -0.00317157 0.00118391 -3.60034e-05 0.012851 0.0278448 -0.00296763 0.0327092 -0.00622983 -0.0348657 0.000364356 0.0294737 -0.029197 -0.00691743 -0.020264 0.0459032 0.0531055 -0.0302392
internal_weight=12502 10402 6176 2100 1715 4226 1677 2700 2685 2615 1095 582 226 356 1526 96 1430 91 37 2817 270 145 3359 135 2547 85 2462 1081 385 286 230 91 99 47 3224 101 1339 139 70 3200 34 125 38 56 36 59 45 23 52 37 24
internal_count=12502 10402 6176 2100 1715 4226 1677 2700 2685 2615 1095 582 226 356 1526 96 1430 91 37 2817 270 145 3359 135 2547 85 2462 1081 385 286 230 91 99 47 3224 101 1339 139 70 3200 34 125 38 56 36 59 45 23 52 37 24
is_linear=0
shrinkage=0.05


Tree=17
num_leaves=57
num_cat=0
split_feature=7 5 0 10 12 7 0 6 14 5 3 3 10 10 0 4 4 12 4 0 0 12 0 4 4 3 8 14 12 7 0 6 12 8 12 14 5 7 8 7 0 6 3 12 5 0 3 5 8 14 7 12 5 14 12 8
split_gain=113.417 41.5678 27.957 16.5705 14.4741 12.9277 12.5925 13.3654 11.3466 11.1661 10.1898 9.93802 9.89407 10.1151 9.7976 9.47329 9.4067 9.28521 8.97798 8.42413 15.5844 13.107 8.51152 8.2827 8.08631 8.03409 13.2525 7.99601 12.9712 11.9714 7.92282 7.32795 10.7577 10.4127 9.04087 13.138 8.86756 8.59614 7.15702 6.96466 6.88004 6.68023 6.39775 5.93346 5.7901 5.45132 7.44853 6.91969 5.16228 4.99126 4.98548 3.82188 5.78787 3.20218 3.03799 2.87446
threshold=37.500000000000007 215.50000000000003 2521987.5000000005 134.50000000000003 2.2550232118140778 13.500000000000002 3498213.5000000005 10.500000000000002 5.222692921033997 170.50000000000003 91913.500000000015 20172.500000000004 655.00000000000011 479.50000000000006 1377044.0000000002 0.88950000000000007 0.87415000000000009 3.4266019358363589 0.87415000000000009 716393.00000000012 1163776.0000000002 4.7009030007581289 449741.00000000006 0.83100000000000007 0.79860000000000009 137281.50000000003 1.5000000000000002 3.8287685916165684 1.9748356023492666 3.5000000000000004 5793985.0000000009 2.5000000000000004 3.0287438410647707 59.000000000000007 0.0060463033919637013 0.05849514039314891 256.50000000000006 539.50000000000011 1.0000000180025095e-35 263.50000000000006 10831345.500000002 1.5000000000000002 265117.00000000006 4.0541222110120989 965.00000000000011 1580393.5000000002 153795.50000000003 3.5000000000000004 39.500000000000007 4.2001882852005545 6.5000000000000009 5.1702276018325728 74.500000000000014 0.031823807443950004 0.72029773301336508 3.5000000000000004
decision_type=2 2 8 2 2 2 10 2 2 2 2 2 2 2 8 2 2 2 2 10 10 2 10 2 2 2 2 2 2 2 10 2 2 2 2 2 2 2 2 2 8 2 2 2 2 8 2 2 2 2 2 2 2 2 2 2
left_child=2 3 17 4 6 12 7 -2 11 14 23 24 13 18 -6 -8 -11 27 -4 22 21 -21 43 30 -5 26 -12 45 -29 -30 -7 34 33 44 40 -36 -34 -35 -13 -37 48 -25 -27 -19 -33 47 -47 -1 -3 -24 -22 -10 -53 -42 -14 -38
right_child=1 31 5 8 9 10 15 -9 51 16 25 38 54 -15 -16 -17 -18 19 -20 20 50 -23 49 41 -26 42 -28 28 29 -31 -32 32 36 37 35 39 55 -39 -40 -41 53 -43 -44 -45 -46 46 -48 -49 -50 -51 -52 52 -54 -55 -56 -57
leaf_value=-0.011255697321185953 0.0013670401675180911 0.0011851470749657429 -0.011001074624245892 0.019344765606711698 0.018856655600196958 -0.0061113401122790453 -0.020221138740964897 -0.049313480389937193 -0.044615458462152383 0.0075719413034525153 0.066669770769330824 0.0113614753727273 0.0028885719135846237 -0.051445121328670088 0.0030140982941209548 -0.0017827266002313387 0.050592948534831789 -0.0054870841853239243 -0.0042463624644277602 0.058707086309503137 -0.021256969003758813 0.010035218782277696 0.0083662083089663716 -0.006063440967972452 0.0084323967254471745 -0.010810912159495437 0.00031359212485370259 0.028270550420758319 0.034186016952637399 -0.022560334796555954 -0.019886344406573771 0.0079949996847285525 0.077431160624664611 0.055831957439896211 0.081011089062926811 0.01553904214624437 0.039438110153307983 0.012545221087163414 -0.02428924752182619 0.032223764081040447 -0.0013300382826493416 0.001493965649053808 0.019311739372617546 0.013328225231513344 0.046189412769704764 0.0032707790310148501 0.036977024803384703 -0.00075149227321930317 0.050704156850824272 -0.021535620897304045 0.0090044314156959813 0.018831959492204207 -0.03470807131564263 -0.035110191672597789 0.0395154707304394 0.0093874427223066131
leaf_weight=171 1871 11.000000000000002 1629 214 121 721 130 12.999999999999998 11.000000000000002 24 15.000000000000002 23 10.000000000000002 13.999999999999998 503 150 27 64 705 31 15.999999999999998 25 19 500 822 39 14.999999999999998 17 9.9999999999999982 118 122 582 9.9999999999999982 22 9.9999999999999982 144 14.999999999999998 24 36 111 23 704 32 121 9.9999999999999982 396 17 1874 9.9999999999999982 52 88 10.000000000000002 9.9999999999999982 9.9999999999999982 12.999999999999998 17
leaf_count=171 1871 11 1629 214 121 721 130 13 11 24 15 23 10 14 503 150 27 64 705 31 16 25 19 500 822 39 15 17 10 118 122 582 10 22 10 144 15 24 36 111 23 704 32 121 10 396 17 1874 10 52 88 10 10 10 13 17
internal_value=2.2897e-06 0.00587077 -0.00386231 0.00357393 0.00153816 -0.00635111 -0.000455845 0.00101474 0.00870617 0.00792992 -0.00354117 0.00955127 -0.00889651 -0.00921653 0.00608866 -0.0103476 0.0304022 -0.000136858 -0.00896104 0.00679847 0.0157947 0.0370352 0.00117187 -0.0043063 0.0106881 0.011955 0.0336029 -0.00124545 -0.0126511 -0.0181038 -0.008107 0.0149856 0.0120493 0.010432 0.021239 0.0250375 0.0365343 0.0333238 -0.0103958 0.0228116 0.00258651 -0.00164474 0.00277356 0.0068197 0.00864787 -0.000572132 0.00466682 -0.00163035 0.0248942 -0.0135332 0.00433288 -0.0210798 -0.00797755 -0.0116416 0.0236722 0.0235527
internal_weight=12502 4964 7538 3965 2839 4519 2164 1884 1126 675 2148 1095 2371 2348 624 280 51 3019 2334 416 160 56 256 2047 1036 101 30 2603 145 128 843 999 680 638 319 265 42 46 59 255 54 1204 71 185 592 2458 413 2045 21 71 104 31 20 33 23 32
internal_count=12502 4964 7538 3965 2839 4519 2164 1884 1126 675 2148 1095 2371 2348 624 280 51 3019 2334 416 160 56 256 2047 1036 101 30 2603 145 128 843 999 680 638 319 265 42 46 59 255 54 1204 71 185 592 2458 413 2045 21 71 104 31 20 33 23 32
is_linear=0
shrinkage=0.05


Tree=18
num_leaves=48
num_cat=0
split_feature=1 10 2 7 0 8 12 0 4 3 0 4 14 3 7 7 0 1 0 14 5 12 1 1 0 0 14 5 1 7 14 2 1 1 10 2 2 12 7 5 2 12 7 14 8 14 4
split_gain=106.724 45.7946 33.987 22.7495 13.6905 11.5277 18.6955 9.91123 17.7389 11.9992 10.0619 13.8668 9.8692 15.6528 10.0706 11.5203 9.75177 13.7952 9.95549 9.87686 9.64019 9.52895 9.51632 8.42707 7.76234 7.7606 8.7654 8.05493 7.43337 7.83846 10.9725 8.41304 7.36626 6.56581 6.32877 14.451 6.89219 5.54731 6.24237 7.98119 5.81039 5.28645 3.34979 2.01849 3.223 1.76611 0.087564
threshold=147785.50000000003 47.500000000000007 4.5000000000000009 14.500000000000002 3155906.0000000005 20.500000000000004 0.62056143105590122 2070003.5000000002 1.0287500000000003 22553.500000000004 690976.50000000012 0.90415000000000012 1.9894794027939275 530728.00000000012 17.500000000000004 2.5000000000000004 3703198.5000000005 45742.500000000007 3091150.5000000005 4.5607300875350774 3.5000000000000004 6.2402025540705059 62125.500000000007 4896.0000000000009 589692.00000000012 7573152.0000000009 2.3851422744494193 149.50000000000003 383564.50000000006 318.50000000000006 2.95804376838419 2.5000000000000004 199489.00000000003 241251.00000000003 261.50000000000006 7.5000000000000009 5.5000000000000009 1.8170478052654693 139.50000000000003 266.50000000000006 1.5000000000000002 1.0000000180025095e-35 111.50000000000001 2.6805436746062163 10.500000000000002 1.6747943192226056 0.95710000000000017
decision_type=2 2 2 2 10 2 2 10 2 2 10 2 2 2 2 2 10 2 10 2 2 2 2 2 8 8 2 2 2 2 2 2 2 2 2 2 2 2 2 2 2 2 2 2 2 2 2
left_child=1 3 12 16 34 6 24 10 9 -9 22 -12 13 20 15 -14 18 41 19 -1 -3 -16 -5 -20 32 27 -27 -26 29 30 -8 -31 -2 -7 36 -36 -4 38 39 -35 -40 -18 -6 44 -30 -10 -45
right_child=5 2 4 7 42 33 28 8 45 -11 11 -13 14 -15 21 -17 17 -19 23 -21 -22 -23 -24 -25 25 26 -28 -29 43 31 -32 -33 -34 37 35 -37 -38 -39 40 -41 -42 -43 -44 46 -46 -47 -48
leaf_value=-0.0079647279851862013 0.0023244470851310831 -0.018441507173647405 0.054042295608510316 -0.0040153169124954148 -0.035603563089181875 0.059441460536258067 0.011292773121517767 -0.01705072785706422 0.019432875369717405 0.022202018207000893 0.017538610445232094 -0.0095847095643196174 0.035759463053734147 0.060409354691458229 0.0056049143673116671 -0.0025880754629867362 -0.012342459678030554 0.041046229181903426 0.057126393892092286 0.0095799548280224786 -0.0012096024834784718 -0.026049805036069691 0.0018685578522899362 0.0045211243763613931 0.013512138857917298 0.0073356899171900932 -0.030203071411305699 -0.01196691253277124 0.060470870091714937 -0.013788139116253357 0.027400788807248319 0.024330981720185958 0.050347394979836646 0.013067218130581999 -0.0030941728767976567 0.050451058757866866 0.026375081478044182 -0.018064551608692303 0.02899206652079734 -0.035577530686808106 0.014584501196505976 -0.025834772534552825 0.0051753274580039607 0.02413997196103676 0.028851463986198284 0.048691895559872737 0.016946433794380416
leaf_weight=2327 14.999999999999998 85 35 1880 10.000000000000002 9.9999999999999982 333 254 11.000000000000002 21 153 68 20 9.9999999999999982 1774 765 162 9.9999999999999982 9.9999999999999982 83 1755 24 1083 31 40 458 15.999999999999998 137 12.999999999999998 46 155 21 17 51 37 19 64 9.9999999999999982 160 9.9999999999999982 125 132 9.9999999999999982 10.000000000000002 22 9.9999999999999982 9.9999999999999982
leaf_count=2327 15 85 35 1880 10 10 333 254 11 21 153 68 20 10 1774 765 162 10 10 83 1755 24 1083 31 40 458 16 137 13 46 155 21 17 51 37 19 64 10 160 10 125 132 10 10 22 10 10
internal_value=2.37413e-06 -0.00180467 0.00197507 -0.00459808 0.0235809 0.0118124 0.00959355 -0.00191074 -0.0106607 -0.0140463 -0.00109699 0.00919241 0.00112163 -0.00166597 0.00311816 -0.00160664 -0.00799244 -0.0164384 -0.00694425 -0.00736012 -0.0020066 0.00518096 -0.00186472 0.0174595 0.00391073 0.00272674 0.00606246 -0.00620456 0.0159548 0.0142123 0.0164136 -0.0018219 0.027914 0.0196462 0.0286032 0.0151305 0.0362011 0.0185119 0.019574 0.00504749 0.0226803 -0.018407 -0.0152898 0.0334802 0.0407346 0.0335305 0.0206454
internal_weight=12502 10843 4608 6235 175 1659 1293 3480 296 275 3184 221 4433 1850 2583 785 2755 304 2451 2410 1840 1798 2963 41 683 651 474 177 610 555 488 67 32 366 155 56 99 356 346 61 285 294 20 55 35 21 20
internal_count=12502 10843 4608 6235 175 1659 1293 3480 296 275 3184 221 4433 1850 2583 785 2755 304 2451 2410 1840 1798 2963 41 683 651 474 177 610 555 488 67 32 366 155 56 99 356 346 61 285 294 20 55 35 21 20
is_linear=0
shrinkage=0.05


Tree=19
num_leaves=46
num_cat=0
split_feature=1 10 2 7 0 6 6 4 14 1 13 1 0 3 13 0 4 7 14 3 13 7 10 0 1 0 14 8 4 7 0 1 4 4 13 13 10 0 10 13 3 8 7 7 13
split_gain=96.329 41.3302 30.6811 20.5314 12.3626 10.914 10.4872 13.5017 13.1381 13.718 12.7963 11.7778 11.685 10.6594 10.0683 9.42281 14.0762 9.29172 8.90662 14.1409 13.6052 10.0617 8.82702 8.80114 12.4594 8.99054 8.9145 8.23185 7.97376 7.6842 7.3542 8.45043 7.89244 6.87305 6.51316 6.0228 8.77036 5.94924 5.62409 5.24706 4.97961 4.56955 3.02634 2.92533 2.86273
threshold=147785.50000000003 47.500000000000007 4.5000000000000009 14.500000000000002 3155906.0000000005 7.5000000000000009 3.5000000000000004 1.0816500000000002 2.6972945516979272 363008.50000000006 0.58409758451546068 574229.00000000012 3498213.5000000005 170750.50000000003 4.0880304521954196 2479815.0000000005 1.0287500000000003 68.500000000000014 1.9894794027939275 530728.00000000012 2.7352502362476838 11.500000000000002 115.50000000000001 3703198.5000000005 45742.500000000007 3091150.5000000005 4.5607300875350774 92.500000000000014 0.95415000000000016 4.5000000000000009 5702345.0000000009 154480.50000000003 1.1025000000000003 0.91840000000000011 2.3152021603839388 4.1630485916711955 97.500000000000014 10831345.500000002 55.500000000000007 4.8364402774017714 265117.00000000006 11.500000000000002 111.50000000000001 98.500000000000014 2.2848741586229324
decision_type=2 2 2 2 10 2 2 2 2 2 10 2 10 2 10 10 2 2 2 2 10 2 2 10 2 10 2 2 2 2 10 2 2 2 10 8 2 10 2 10 2 2 2 2 10
left_child=1 3 18 23 35 15 8 14 9 12 11 -11 13 -2 27 17 -17 -5 19 28 22 -22 -20 25 40 26 -1 37 -3 -27 31 -10 -33 -32 -9 36 -4 -8 -14 -37 -25 -12 -6 44 -7
right_child=6 2 4 5 42 43 7 34 30 10 41 -13 38 -15 -16 16 -18 -19 20 -21 21 -23 -24 24 -26 29 -28 -29 -30 -31 33 32 -34 -35 -36 39 -38 -39 -40 -41 -42 -43 -44 -45 -46
leaf_value=-0.0075665086723320178 0.010177775873935986 -0.0032831691780776558 0.04525474377696017 -0.0021673439153565527 -0.033841011474038105 -0.057478562400147704 0.0039409580107241955 0.020224020255641781 -0.0044098640957199939 -0.00061912997782873893 0.058571854147923555 0.030074725974206563 0.026124994031900217 0.052861620678214843 -0.040300000512833938 -0.014095458776726012 0.030537891606385793 0.0044548522187980435 0.0023567523967679585 0.057418793439865112 -0.0069606928400867546 0.0025661114534540181 0.014665464810683274 -0.013975272878901587 0.039014238679763114 -0.0045368454255763947 0.0091015334822748557 0.048427120857947585 0.0059611272046954759 0.038693534571733051 -0.024327653575657807 0.040523302944515359 -0.0058332240522497962 0.031541140805376643 0.067322509594200081 0.066845456959668134 0.015033368858083325 0.027896533400590132 -0.0098946653313194063 0.02176344619543703 -0.029580075750282427 0.031021284309033548 0.0049191224250462982 -0.011091777534218307 -0.022607600287967967
leaf_weight=2327 474 1566 32 2514 10.000000000000002 11.000000000000002 596 19.000000000000004 13.999999999999998 74 19 54 11.999999999999998 14.999999999999998 11.999999999999998 236 19 671 249 9.9999999999999982 333 1650 351 228 9.9999999999999982 21 83 10.999999999999998 274 20 12.000000000000002 109 9.9999999999999982 9.9999999999999982 11.999999999999998 16.000000000000004 96 27 104 10.999999999999998 66 75 9.9999999999999982 15.999999999999998 12.999999999999998
leaf_count=2327 474 1566 32 2514 10 11 596 19 14 74 19 54 12 15 12 236 19 671 249 10 333 1650 351 228 10 21 83 11 274 20 12 109 10 10 12 16 96 27 104 11 66 75 10 16 13
internal_value=2.4832e-06 -0.0017143 0.00187648 -0.00436806 0.0224047 -0.00181509 0.0112226 0.00643331 0.0145233 0.0120169 0.0226456 0.0123432 0.00811365 0.0114976 0.00488332 -0.00151273 -0.0107592 -0.000772116 0.00106561 -0.00158256 0.00296227 0.00096603 0.00955859 -0.00759269 -0.0156164 -0.0065969 -0.00699211 0.00574474 -0.00190632 0.016594 0.0278801 0.0323065 0.0366262 0.00109506 0.0386135 0.0271771 0.0226181 0.00498347 -0.0061492 0.0486268 -0.0174873 0.0366463 -0.0145329 -0.0277494 -0.0387623
internal_weight=12502 10843 4608 6235 175 3480 1659 677 982 827 222 128 605 489 646 3440 255 3185 4433 1850 2583 1983 600 2755 304 2451 2410 634 1840 41 155 133 119 22 31 155 128 623 116 27 294 94 20 40 24
internal_count=12502 10843 4608 6235 175 3480 1659 677 982 827 222 128 605 489 646 3440 255 3185 4433 1850 2583 1983 600 2755 304 2451 2410 634 1840 41 155 133 119 22 31 155 128 623 116 27 294 94 20 40 24
is_linear=0
shrinkage=0.05


Tree=20
num_leaves=47
num_cat=0
split_feature=1 10 7 5 8 12 14 4 7 1 12 6 3 5 13 12 13 8 14 13 6 5 6 8 13 7 1 6 1 12 1 4 5 1 14 14 3 1 5 7 7 14 12 4 5 8
split_gain=87.2181 41.7941 13.9495 13.9124 13.6307 21.5136 15.5071 12.7711 11.3163 14.5559 11.0138 10.455 10.8194 11.4825 9.52641 15.7198 12.0137 10.5339 9.44397 12.0323 10.9023 8.88105 13.3139 8.77889 8.33099 7.55056 9.4368 7.46367 7.18595 11.5776 9.05108 6.95361 18.7374 16.0897 9.00268 16.5 7.13815 6.94121 6.27074 4.73244 9.59239 6.61586 3.36033 3.10892 2.34045 2.32939
threshold=121541.00000000001 52.500000000000007 14.500000000000002 204.50000000000003 16.500000000000004 0.86563511210305089 4.5033865984062995 1.0287500000000003 17.500000000000004 9445.0000000000018 6.2402025540705059 2.5000000000000004 163882.00000000003 384.50000000000006 2.0443264863811046 0.045820806259453208 1.6366434368045708 20.500000000000004 0.507630005506158 0.80904621116562436 9.5000000000000018 465.50000000000006 4.5000000000000009 8.5000000000000018 2.4165430428752637 16.500000000000004 13072.000000000002 1.0000000180025095e-35 62125.500000000007 2.5682284914042279 16970.500000000004 0.91355000000000008 1.5000000000000002 2247.5000000000005 3.7113883019076801 2.7094582084131877 17904.500000000004 363008.50000000006 24.500000000000004 41.500000000000007 54.500000000000007 0.05849514039314891 1.280044561180558 0.9094000000000001 105.50000000000001 37.500000000000007
decision_type=2 2 2 2 2 2 2 2 2 2 2 2 2 2 10 2 10 2 2 10 2 2 2 2 10 2 2 2 2 2 2 2 2 2 2 2 2 2 2 2 2 2 2 2 2 2
left_child=1 2 31 8 5 11 21 14 25 38 -11 12 13 -2 15 17 -17 -6 20 -20 -13 22 -7 28 -16 27 -27 -3 30 -30 -4 34 -33 -34 35 -1 -36 -9 -10 41 -41 -25 -26 -23 -14 -39
right_child=4 3 23 -5 7 6 -8 37 9 10 -12 18 44 -15 24 16 -18 -19 19 -21 -22 43 -24 39 42 26 -28 -29 29 -31 -32 32 33 -35 36 -37 -38 45 -40 40 -42 -43 -44 -45 -46 -47
leaf_value=-0.0076562327102799067 0.0040470655344066516 -0.011448959670250142 0.0022395244539283416 0.049865393079077176 -0.015347685561698561 0.017047385103869588 -0.042707215917627675 0.07322465326949841 0.01735991289242101 0.0034292916453544154 -0.032842057929219792 -0.0083732403290427884 0.026238675575611017 0.049943390437765113 -0.031970573184494887 0.023272040355662174 0.060860749801476502 0.013947235660555741 0.051457198875502125 0.00039048407813635906 -0.052654255304904966 0.023425793718194969 0.001059955373251633 -0.033243444118950811 -0.01103437999050126 0.0033284332069041128 -0.028449752074296949 0.00047775474141262893 -0.00044140808323234475 0.016061525473624383 -0.0051440244368262077 0.047823789699301539 -0.026286646399577913 -0.00071424740265594493 4.8095594848883744e-07 -0.021629008933487348 0.04148104261640493 0.015307457056759996 0.051596383206566891 -0.069975602479020405 -0.012319966759635599 0.02021188719952402 0.020940728485584259 0.049926204280265701 0.059314147670670316 0.043284694584000194
leaf_weight=1819 408 146 537 14.999999999999998 36 509 11.999999999999998 12.999999999999998 52 2594 21 176 12.000000000000002 13.999999999999998 19 100 27 205 11.999999999999998 247 14.999999999999998 24 175 11.000000000000002 12.999999999999998 40 56 1284 820 122 1827 18 70 502 158 239 10.999999999999998 15.000000000000002 18 12.000000000000002 18 11.999999999999998 22 21 9.9999999999999982 14.999999999999998
leaf_count=1819 408 146 537 15 36 509 12 13 52 2594 21 176 12 14 19 100 27 205 12 247 15 24 175 11 13 40 56 1284 820 122 1827 18 70 502 158 239 11 15 18 12 18 12 22 21 10 15
internal_value=2.56485e-06 -0.0018739 -0.00449555 0.00195748 0.00929695 0.00714791 0.0134471 0.0168501 0.00178565 0.00373964 0.00313677 0.00192583 0.00736854 0.00558116 0.014198 0.0170752 0.0313049 0.00956668 -0.00344476 0.00277546 -0.0118765 0.0143772 0.0129578 -0.00231932 -0.00540477 -0.00165243 -0.0152192 -0.000740653 -0.00199531 0.00169739 -0.00346677 -0.00709032 -0.00226353 -0.00384778 -0.00836893 -0.00927989 0.00272333 0.0427839 0.0262246 -0.0224884 -0.0355381 -0.00538694 0.00906666 0.0358759 0.0414733 0.0293934
internal_weight=12502 10402 6176 4226 2100 1635 741 465 4211 2685 2615 894 444 422 422 368 127 241 450 259 191 729 684 3359 54 1526 96 1430 3306 942 2364 2817 590 572 2227 2058 169 43 70 53 30 23 35 45 22 30
internal_count=12502 10402 6176 4226 2100 1635 741 465 4211 2685 2615 894 444 422 422 368 127 241 450 259 191 729 684 3359 54 1526 96 1430 3306 942 2364 2817 590 572 2227 2058 169 43 70 53 30 23 35 45 22 30
is_linear=0
shrinkage=0.05


Tree=21
num_leaves=48
num_cat=0
split_feature=1 0 1 4 13 7 13 0 1 14 4 13 1 0 1 7 6 12 4 8 12 4 4 14 7 13 0 12 8 4 13 6 1 13 13 13 1 1 7 12 8 1 4 13 0 13 4
split_gain=78.8843 33.057 23.4716 17.1994 16.8284 14.6911 13.5771 14.2096 15.4723 12.1889 9.58604 11.1439 9.57967 9.38912 12.4032 9.24198 9.00884 13.4348 11.8453 11.4478 18.17 9.1829 9.09607 8.96682 9.5714 8.8251 8.69994 8.56638 7.20129 7.14719 7.14751 7.00008 9.67739 15.0775 9.51344 8.93737 12.8742 8.56699 6.87602 6.66192 6.57631 6.36862 5.91918 5.91194 5.64798 5.63071 4.58761
threshold=147785.50000000003 3639675.0000000005 79919.500000000015 0.85535000000000017 2.7664448779092936 37.500000000000007 4.2177811086683041 1183956.0000000002 76808.500000000015 4.5607300875350774 0.86535000000000017 3.5748382829204717 34900.000000000007 11487287.000000002 105760.00000000001 34.500000000000007 3.5000000000000004 1.5787962088619285 1.0816500000000002 17.500000000000004 0.008861654263346402 1.1425000000000003 1.1025000000000003 4.1620989652598439 96.500000000000014 4.0880304521954196 4495869.0000000009 4.3458896162530944 92.500000000000014 1.0287500000000003 2.8092972681139572 2.5000000000000004 25165.000000000004 2.9654998125936394 0.015053081583865752 4.6158430279954521 11787.500000000002 2701.0000000000005 23.500000000000004 0.5930340316953302 3.5000000000000004 85850.500000000015 1.2050000000000003 2.3152021603839388 6413508.5000000009 0.98572537213927036 0.85950000000000004
decision_type=2 8 2 2 10 2 10 10 2 2 2 8 2 10 2 2 2 2 2 2 2 2 2 2 2 10 10 2 2 2 10 2 2 8 8 10 2 2 2 2 2 2 2 10 10 8 2
left_child=1 5 3 23 13 31 10 9 -9 -8 12 -12 -7 41 -15 -6 17 19 25 21 44 26 29 24 -3 28 -2 -25 45 30 -19 35 34 -34 -33 37 -37 -1 40 -17 -5 -4 -40 -20 -21 -18 -22
right_child=16 2 4 38 15 6 7 8 -10 -11 11 -13 -14 14 -16 39 18 22 43 20 46 -23 -24 27 -26 -27 -28 -29 -30 -31 -32 32 33 -35 -36 36 -38 -39 42 -41 -42 -43 -44 -45 -46 -47 -48
leaf_value=-0.008021085202061266 0.010284487899908587 -0.0092015405947758477 0.0097265539515249272 -0.0039496867201056583 -0.032374445583906258 0.018970487718931315 0.046950382297138556 -0.01430840814790655 0.037213121995471103 0.011396025476022137 0.0029941576353745671 -0.013474583652190475 0.0048313173835350734 0.060097603953000928 -0.001789605068999796 -0.008269712601964704 -0.0029249194046932344 0.011834655573438619 0.01834548512444446 0.00774230081985227 0.020667934479216925 -0.040671093629138309 -0.014929979698348592 0.014240224563048007 0.016050927700313529 -0.038036192343993622 -0.0062522042245176726 -0.0077643971490783947 0.044993026345666202 0.060125192471126222 0.033682037834332698 0.046723988220685783 -0.0038889296962793898 -0.034356268085893565 -0.0022358770667047037 0.0017457899630665156 0.032304602456081126 0.0012794014482838444 0.00045604970016731024 0.016516728626128335 -0.022622682654930473 -0.0046362920312523672 0.037169295656788462 0.063207426962773663 -0.031711984241362845 0.0074606665585057316 0.03996102958820983
leaf_weight=279 462 2536 89 1192 10.999999999999998 157 55 47 21 43 488 130 505 13.999999999999998 19 30 186 62 19.000000000000004 89 52 9.9999999999999982 12.999999999999998 85 38 11.999999999999998 96 92 10.999999999999998 15.999999999999998 95 9.9999999999999982 114 63 563 95 54 2194 1006 276 49 577 10.999999999999998 11.999999999999998 9.9999999999999982 437 77
leaf_count=279 462 2536 89 1192 11 157 55 47 21 43 488 130 505 14 19 30 186 62 19 89 52 10 13 85 38 12 96 92 11 16 95 10 114 63 563 95 54 2194 1006 276 49 577 11 12 10 437 77
internal_value=2.58675e-06 -0.00155099 -0.00401974 -0.00542523 0.00290938 0.00153625 0.00575228 0.0192017 0.00163393 0.0313775 0.00400669 -0.00047176 0.00818692 -0.00142436 0.0245678 0.0124629 0.010156 0.0132153 0.00571721 0.0103859 0.0198481 0.00658484 0.0253118 -0.00807958 -0.00882813 0.00426546 0.00743886 0.00280487 0.005072 0.0283426 0.0250674 -0.000271808 -0.00453102 -0.0147465 -0.00137343 0.000946628 0.012835 0.000229853 -0.00219113 0.0140848 -0.00468874 -0.00271576 0.00085676 0.0358588 0.00372904 0.00436002 0.032206
internal_weight=12502 10843 6025 5009 1016 4818 1446 166 68 98 1280 618 662 699 33 317 1659 982 677 796 228 568 186 2751 2574 646 558 177 634 173 157 3372 750 177 573 2622 149 2473 2258 306 1241 666 1017 31 99 623 129
internal_count=12502 10843 6025 5009 1016 4818 1446 166 68 98 1280 618 662 699 33 317 1659 982 677 796 228 568 186 2751 2574 646 558 177 634 173 157 3372 750 177 573 2622 149 2473 2258 306 1241 666 1017 31 99 623 129
is_linear=0
shrinkage=0.05


Tree=22
num_leaves=45
num_cat=0
split_feature=1 10 2 0 4 12 12 1 6 12 12 3 0 1 14 12 4 7 13 4 12 6 13 0 0 2 0 12 0 1 0 12 2 7 13 6 3 14 3 7 0 4 0 14
split_gain=71.4499 34.8353 20.153 17.0859 13.0378 11.6736 13.7509 11.4454 23.5725 10.1414 11.5001 9.91077 9.79053 13.5837 12.5028 9.37044 9.31261 9.20211 12.6519 9.60841 9.0496 9.26788 9.02462 8.20113 8.10661 7.96467 10.4184 10.3488 8.19221 8.05233 7.74342 7.13033 6.42883 6.02858 5.90647 5.99489 5.75167 5.72731 6.20559 4.61216 4.16645 3.89371 3.34554 2.7967
threshold=121541.00000000001 52.500000000000007 4.5000000000000009 2521987.5000000005 1.0175000000000003 3.1817075633703866 3.2542410220849267 409436.50000000006 9.5000000000000018 1.2210229779377046 1.1827650000327392 265117.00000000006 690976.50000000012 2126.0000000000005 1.5849185035570625 0.018530151250427254 0.87415000000000009 23.500000000000004 6.5008786739962376 0.93585000000000018 4.2072069975237509 3.5000000000000004 0.25554663393585575 8488791.5000000019 5793985.0000000009 1.5000000000000002 1917003.5000000002 0.46674330587806928 8081224.0000000009 1112626.0000000002 3639675.0000000005 2.3188525538519875 5.5000000000000009 427.50000000000006 2.2037233821230857 1.5000000000000002 163882.00000000003 4.1284415914597519 265117.00000000006 194.50000000000003 6121415.5000000009 0.92890000000000017 1522479.0000000002 1.8294176524157666
decision_type=2 2 2 10 2 2 2 2 2 2 2 2 10 2 2 2 2 2 10 2 2 2 8 8 10 2 8 2 10 2 10 2 2 2 8 2 2 2 2 2 10 2 10 2
left_child=1 3 5 12 37 11 41 8 9 10 36 31 17 15 -15 -14 -8 18 -1 -19 21 -11 -4 -10 -13 28 33 29 40 -28 32 -3 -24 -27 -6 -36 -2 38 -5 -25 42 -7 -9 -29
right_child=7 2 22 4 34 6 16 25 23 20 -12 24 13 14 -16 -17 -18 19 -20 -21 -22 -23 30 39 -26 26 27 43 -30 -31 -32 -33 -34 -35 35 -37 -38 -39 -40 -41 -42 -43 -44 -45
leaf_value=-0.0059953847664579694 0.0046390986840133533 0.00062658653520830752 -0.020334692046273757 -0.010999236926358931 0.035207658791573261 0.062253366103609091 0.0099213716833959163 0.018406503416073482 -0.060868470650089185 0.019004848337124378 -0.040153113451409851 0.0062941045194636752 -0.041351316039354352 0.010949416348298774 -0.0035078755948142249 0.011349824465010778 -0.0013880827037962224 -0.0035431716683193559 0.043258861276029632 0.0040791114235533719 -0.025337147310573533 0.00589450595431596 0.042276253026240676 -0.034674844465965075 0.066060632172197403 0.014123356739741442 -0.010525361402726986 0.043340226331501142 0.055779786785922894 0.025989138619017207 -0.013647812468404989 -0.0056670364714568808 0.018748321738656565 0.069067668856702527 0.02284775727184106 -0.022489441867103641 0.025507597119582934 -0.050751088574381167 -0.026590186386949152 0.0099880309557324066 -0.0076411610455003401 0.02161078369832254 0.035772379930199417 0.015382909605583823
leaf_weight=2813 1047 2724 12.999999999999998 561 19 13.000000000000002 458 153 14.999999999999998 346 13.999999999999998 13.000000000000002 28 335 270 11.999999999999998 302 1433 12.999999999999998 581 14.999999999999998 221 44 12.000000000000002 9.9999999999999982 10.000000000000002 91 13.999999999999998 17 18 12.999999999999998 539 86 9.9999999999999982 14.000000000000002 14.999999999999998 34 9.9999999999999982 72 10.999999999999998 12.999999999999998 10.999999999999998 34 25
leaf_count=2813 1047 2724 13 561 19 13 458 153 15 346 14 13 28 335 270 12 302 1433 13 581 15 221 44 12 10 10 91 14 17 18 13 539 86 10 14 15 34 10 72 11 13 11 34 25
internal_value=2.60759e-06 -0.00169578 0.00180212 -0.00408925 -0.0114982 0.00112589 0.00660763 0.00841498 0.00666533 0.00754845 0.00471304 -0.000182146 -0.00315568 0.00263065 0.00449789 -0.0255521 0.00542776 -0.00392683 -0.00576729 -0.0013442 0.0128814 0.0138968 0.0194327 -0.032226 0.032453 0.0162051 0.00802487 0.00343519 0.0225316 -0.00447715 0.0230596 -0.00041317 0.026738 0.0418025 0.0136181 -0.000599216 0.00529776 -0.0133749 -0.0127765 -0.0133636 0.019679 0.0437925 0.0215814 0.025504
internal_weight=12502 10402 4226 6176 691 4070 784 2100 1715 1677 1095 3286 5485 645 605 40 760 4840 2826 2014 582 567 156 38 23 385 168 148 217 109 143 3263 130 20 48 29 1081 643 633 23 200 24 187 39
internal_count=12502 10402 4226 6176 691 4070 784 2100 1715 1677 1095 3286 5485 645 605 40 760 4840 2826 2014 582 567 156 38 23 385 168 148 217 109 143 3263 130 20 48 29 1081 643 633 23 200 24 187 39
is_linear=0
shrinkage=0.05


Tree=23
num_leaves=42
num_cat=0
split_feature=1 10 7 0 13 7 6 7 14 12 14 12 12 0 0 0 8 12 13 0 8 3 13 14 8 1 1 7 14 4 12 7 0 6 12 7 13 12 14 13 14
split_gain=64.9212 28.064 22.0902 15.7676 11.7468 11.9431 11.7341 11.0085 11.114 10.5243 10.0025 9.58397 9.42176 8.67723 8.76528 8.37842 7.95919 13.2093 8.64285 9.42823 9.34039 7.82396 7.23916 6.54219 6.50795 5.97152 5.61809 6.78703 8.81499 6.49018 4.91563 5.27503 7.21776 5.41691 4.21127 6.68187 3.99032 3.78176 3.87068 2.57301 3.96343
threshold=147785.50000000003 75.500000000000014 188.50000000000003 4380166.5000000009 0.17625228187081829 17.500000000000004 4.5000000000000009 65.500000000000014 2.110067428022909 3.6319889410225801 0.012862637022824351 6.2402025540705059 4.3458896162530944 12658387.500000002 32306620.000000004 7573152.0000000009 20.500000000000004 0.62056143105590122 2.2848741586229324 814216.00000000012 1.5000000000000002 773717.00000000012 3.7162792600186711 2.0458277945652923 10.500000000000002 241251.00000000003 383564.50000000006 318.50000000000006 2.95804376838419 0.78930000000000011 1.8170478052654693 139.50000000000003 2852178.5000000005 2.5000000000000004 0.056889466516564756 219.50000000000003 0.18810562849012108 2.4520261061488986 2.353365683820404 1.8536789359312074 2.6805436746062163
decision_type=2 2 2 10 8 2 2 2 2 2 2 2 2 10 10 10 2 2 10 8 2 2 10 2 2 2 2 2 2 2 2 2 8 2 2 2 10 2 2 10 2
left_child=1 3 4 7 6 15 10 21 23 13 -3 -7 -10 22 -15 -6 17 18 19 36 -21 24 -5 -9 -1 -18 27 28 -19 -29 31 32 -27 -33 -20 -36 -2 38 -4 -28 -41
right_child=16 2 37 9 5 11 -8 8 12 -11 -12 -13 -14 14 -16 -17 25 26 34 20 -22 -23 -24 -25 -26 30 39 29 -30 -31 -32 33 -34 -35 35 -37 -38 -39 -40 40 -42
leaf_value=-0.0033193946835169009 0.0489378437794597 0.0047044475487631604 0.049175632093940762 -0.016575222021553784 -0.0031259230519462126 0.0052275999713698486 -0.043953629366624419 -0.0020882595367914423 0.0099932008197356481 0.033158517975843592 -0.010256889946220364 -0.025846506895653279 -0.018515570945678416 0.010892703903363367 -0.0210010044971463 0.014596309715329093 0.053662095477085309 0.0086618992494371608 0.016209274825483268 0.025936557396956314 0.0012000773823815697 0.032614920115628783 0.011052661697821788 -0.035642906036598004 -0.03050597084526023 -0.030613381060138917 0.0062540485649495523 -0.040657330857645169 0.023098322077096473 0.0028260026955667186 -0.019775408771958686 0.02848173092735222 0.011251042316243702 0.01372645520265125 -0.037898231397643402 -0.0046559579856177771 0.015127026729762412 0.063366816599519205 0.0062160938240513955 0.047024015565228908 0.016787719973061808
leaf_weight=5683 14.999999999999998 193 11.000000000000002 438 889 2193 19 383 427 12.999999999999998 265 25 31 70 31 72 9.9999999999999982 333 9.9999999999999982 41 534 14.999999999999998 25 14.999999999999998 22 12.999999999999998 10.999999999999998 9.9999999999999982 155 57 9.9999999999999982 92 48 193 26 36 21 12.999999999999998 9.9999999999999982 24 20
leaf_count=5683 15 193 11 438 889 2193 19 383 427 13 265 25 31 70 31 72 10 333 10 41 534 15 25 15 22 13 11 10 155 57 10 92 48 193 26 36 21 13 10 24 20
internal_value=2.60235e-06 -0.00140678 0.00213479 -0.00323377 0.00176113 0.002859 -0.00555478 -0.0025383 0.00274973 -0.0111581 -0.00395257 0.0048762 0.00805995 -0.0121853 0.00109246 -0.00179676 0.00921368 0.0073701 0.00259345 0.00452478 0.0029681 -0.00332969 -0.0150814 -0.00336152 -0.00342477 0.0157229 0.0127171 0.0112026 0.013251 -0.00371497 0.0146424 0.0156425 0.00229361 0.0184979 -0.0137796 -0.0186348 0.0293114 0.0421917 0.0288451 0.0279516 0.0333495
internal_weight=12502 10843 3690 7153 3656 3179 477 6576 856 577 458 2218 458 564 101 961 1659 1293 683 611 575 5720 463 398 5705 366 610 555 488 67 356 346 61 285 72 62 36 34 21 55 44
internal_count=12502 10843 3690 7153 3656 3179 477 6576 856 577 458 2218 458 564 101 961 1659 1293 683 611 575 5720 463 398 5705 366 610 555 488 67 356 346 61 285 72 62 36 34 21 55 44
is_linear=0
shrinkage=0.05


Tree=24
num_leaves=48
num_cat=0
split_feature=1 0 2 1 4 12 5 6 1 12 12 4 8 0 7 5 6 0 4 4 0 5 5 4 7 0 1 2 6 5 7 3 7 0 0 4 1 7 8 5 4 1 4 14 14 14 5
split_gain=58.5977 26.4244 31.4437 18.9178 14.5938 12.4796 11.4325 11.0859 9.65282 9.4957 9.07144 9.53332 8.05563 9.58802 8.43355 7.83606 7.82226 10.6457 10.5661 9.50999 11.7487 9.73591 9.58737 9.57193 9.40764 9.35623 8.26778 7.65203 7.60324 7.61593 7.46967 7.87752 7.28305 9.64537 8.96263 6.42225 9.00346 6.13812 6.1017 6.09793 6.05487 5.86376 6.78099 5.76287 14.2489 3.84051 2.19218
threshold=147785.50000000003 3639675.0000000005 3.5000000000000004 79919.500000000015 0.85535000000000017 2.5967348200290181 207.50000000000003 5.5000000000000009 11046.500000000002 0.79697551766713193 3.8808386181935197 1.0950000000000004 1.0000000180025095e-35 4024334.0000000005 93.500000000000014 136.50000000000003 2.5000000000000004 4495869.0000000009 1.1425000000000003 0.91710000000000014 12010244.000000002 231.50000000000003 243.50000000000003 0.78270000000000006 65.500000000000014 494765.00000000006 157916.50000000003 7.5000000000000009 7.5000000000000009 172.50000000000003 263.50000000000006 163882.00000000003 102.50000000000001 907159.00000000012 2479815.0000000005 1.1425000000000003 3157.5000000000005 144.50000000000003 8.5000000000000018 140.50000000000003 0.81940000000000002 84547.000000000015 0.80945000000000011 2.2783723125845601 1.9894794027939275 0.40118706273564037 302.50000000000006
decision_type=2 8 2 2 2 2 2 2 2 2 2 2 2 8 2 2 2 8 2 2 10 2 2 2 2 8 2 2 2 2 2 2 2 10 8 2 2 2 2 2 2 2 2 2 2 2 2
left_child=1 2 10 4 12 27 7 8 -4 -9 28 15 13 -3 -14 -12 17 24 30 21 25 32 -23 -24 -2 -21 -27 38 29 -1 31 -19 33 -18 -34 39 -37 -29 -5 -6 -30 -7 -43 44 -26 -32 -45
right_child=16 3 6 5 35 41 -8 9 -10 -11 11 -13 14 -15 -16 -17 19 18 -20 20 -22 22 23 -25 43 26 -28 37 40 -31 45 -33 34 -35 -36 36 -38 -39 -40 -41 -42 42 -44 46 -46 -47 -48
leaf_value=4.3777189855542208e-05 -0.016988676354175305 -0.025354685670601625 -0.029522662853250409 0.0024781324671616523 -0.0021505062153023796 0.047962062325037969 0.059026466176801962 0.024381031263743018 0.020370259813711895 -0.023952302933218397 0.0047333717779897847 0.053041762865341471 -0.011761780988898832 -0.0047152945853585239 0.02593356271009177 0.041434159591818689 0.016913161764990345 0.0058360509757212414 -0.041358224973820225 -0.025976476090693337 0.055160007433386039 0.04443022864436881 0.01992938563967267 0.0004414372719489024 0.028435547124320493 0.036527341728808414 0.0095294560962743136 -0.057375534336165615 -0.056677162868551692 -0.020618562501939861 0.0062061568791688228 0.035274807162799279 0.010303430377093734 -0.029707024653329916 -0.019643448559595333 -0.029480892460088472 0.019148657722301482 -0.0020920301575471862 -0.013783786397865237 -0.04109236347203208 -0.0098542419106307615 0.04362733273402504 0.0084649123892660254 0.048565945011779361 -0.022460115483458738 0.029588524716428616 0.02161291145747251
leaf_weight=3997 12.999999999999998 58 9.9999999999999982 811 2170 13.999999999999998 14.999999999999998 14.999999999999998 250 31 397 10.999999999999998 885 1793 14.999999999999998 14.999999999999998 52 400 9.9999999999999982 17 14.999999999999998 15.999999999999998 82 271 95 31 324 10.000000000000002 9.9999999999999982 45 24 24 32 13.999999999999998 113 10.999999999999998 67 9.9999999999999982 62 9.9999999999999982 22 15.999999999999998 93 34 15.999999999999998 66 9.9999999999999982
leaf_count=3997 13 58 10 811 2170 14 15 15 250 31 397 11 885 1793 15 15 52 400 10 17 15 16 82 271 95 31 324 10 10 45 24 24 32 14 113 11 67 10 62 10 22 16 93 34 16 66 10
internal_value=2.5585e-06 -0.00133643 0.00142377 -0.00354366 -0.00480547 0.00267707 0.0165399 0.0144386 0.0184407 -0.00817273 0.000344424 0.00731279 -0.0072505 -0.00536335 -0.0111307 0.0060793 0.00875355 0.0128121 0.00929742 0.0058482 0.0119174 0.00179723 0.00669521 0.00497274 0.0237623 0.0101594 0.0118966 0.000619659 -0.000379258 -0.000186763 0.0102908 0.00751032 -0.00676754 0.00699405 -0.0130319 -0.00182641 0.0122617 -0.0298817 0.00132177 -0.00233102 -0.0246174 0.0176015 0.0136616 0.0271889 0.0210856 0.023367 0.0425032
internal_weight=12502 10843 4818 6025 5009 1016 321 306 260 46 4497 423 2751 1851 900 412 1659 692 524 967 387 580 369 353 168 372 355 893 4074 4042 514 424 211 66 145 2258 78 20 873 2180 32 123 109 155 111 90 44
internal_count=12502 10843 4818 6025 5009 1016 321 306 260 46 4497 423 2751 1851 900 412 1659 692 524 967 387 580 369 353 168 372 355 893 4074 4042 514 424 211 66 145 2258 78 20 873 2180 32 123 109 155 111 90 44
is_linear=0
shrinkage=0.05


Tree=25
num_leaves=47
num_cat=0
split_feature=5 5 0 14 14 6 8 7 0 10 10 10 10 10 14 14 3 2 1 5 7 0 10 0 5 10 4 14 4 14 1 4 1 10 10 7 14 14 6 5 1 7 7 1 10 8
split_gain=54.1539 20.8312 16.8019 13.2048 12.7049 11.0568 10.1256 9.77979 9.68851 9.35872 11.5575 10.9551 7.98024 7.44089 7.22316 10.8042 7.08404 6.88809 11.7901 17.0883 10.5373 6.77645 12.6874 9.0449 6.72558 6.3727 12.6857 11.1343 7.67768 7.39095 7.03281 7.02925 6.21478 7.51803 9.46564 6.15707 6.0443 5.85805 4.77912 6.40554 4.70871 6.45179 4.46118 9.43316 3.14478 2.30787
threshold=43.500000000000007 215.50000000000003 2442818.0000000005 0.10648578858944412 0.021386568184065705 7.5000000000000009 15.500000000000002 96.500000000000014 4732918.5000000009 152.50000000000003 377.50000000000006 56.500000000000007 101.50000000000001 125.50000000000001 0.52603619425887416 1.7430493713681392 970957.50000000012 2.5000000000000004 10883.500000000002 26.500000000000004 35.500000000000007 88347.000000000015 236.50000000000003 117124.50000000001 220.50000000000003 655.00000000000011 0.82940000000000003 3.5602757737523656 0.87085000000000012 4.6203873055805085 2247.5000000000005 0.66165000000000018 832578.00000000012 1055.5000000000002 699.50000000000011 74.500000000000014 3.110026935605251 2.2597159164016718 6.5000000000000009 890.00000000000011 21247.500000000004 37.500000000000007 21.500000000000004 9011.0000000000018 101.50000000000001 4.5000000000000009
decision_type=2 2 8 2 2 2 2 2 10 2 2 2 2 2 2 2 2 2 2 2 2 10 2 10 2 2 2 2 2 2 2 2 2 2 2 2 2 2 2 2 2 2 2 2 2 2
left_child=2 3 17 4 9 6 8 -8 -5 11 -11 -2 35 -14 -7 -16 25 20 42 37 21 22 -1 -23 45 28 31 -28 29 -4 -30 -27 33 34 -26 -6 -21 -20 44 -40 -22 -42 43 -19 -34 -3
right_child=1 24 16 5 12 14 7 -9 -10 10 -12 -13 13 -15 15 -17 -18 18 19 36 40 23 -24 -25 32 26 27 -29 30 -31 -32 -33 38 -35 -36 -37 -38 -39 39 -41 41 -43 -44 -45 -46 -47
leaf_value=-0.016002516049691939 0.0017002516670535641 0.053668822466146821 -0.0072981552358322311 0.0046743741771637943 -0.016133950867105947 -0.053200729707680132 0.052283337189687931 0.0060310681680759114 -0.0029129738581066891 0.031487192448442149 -0.014650071663928281 -0.021553794511955129 -0.063096828246844636 -0.019962074013055234 0.025891150275852468 -0.017510275827860935 0.033380875656427438 -0.0051669918311783017 0.031418201705540404 -0.00065466496614580941 -0.042066583848748534 0.015913754113228335 0.008174081200919817 9.752534484308513e-05 0.0081509149846902655 0.012036493099526147 0.010818994898441689 -0.052167228481791041 -0.016374802140476943 0.006291913771760309 -0.0014971415222790304 0.059267412104927912 0.021155597040354496 -0.026674796161025961 0.044701235173321557 0.0029585691009754249 0.021452636258034719 0.081283879374061618 -0.024987771893171837 0.022777264576931897 -0.028176750282220765 0.013869535350641669 0.012103907223648699 -0.062790065893147257 0.044239500596982256 0.02353147101248949
leaf_weight=164 296 10.000000000000002 2585 3050 104 9.9999999999999982 21 25 488 47 19 61 12.999999999999998 43 18 69 11.999999999999998 24 13.000000000000002 74 19 94 81 2295 843 18 19.000000000000004 10.999999999999998 84 104 1432 13.999999999999998 42 14.999999999999998 18 71 53 10.999999999999998 11.000000000000002 19 23 14.999999999999998 12.999999999999998 9.9999999999999982 23 18
leaf_count=164 296 10 2585 3050 104 10 21 25 488 47 19 61 13 43 18 69 12 24 13 74 19 94 81 2295 843 18 19 11 84 104 1432 14 42 15 18 71 53 11 11 19 23 15 13 10 23 18
internal_value=2.52451e-06 0.00381725 -0.00283618 0.00231713 -0.0042293 0.00348031 0.00393126 0.0272138 0.00362779 0.000921149 0.0182032 -0.00227805 -0.013657 -0.0300701 -0.0131685 -0.00851125 -0.00482523 0.000109932 0.00910808 0.015913 -0.000552452 -9.17885e-05 -0.00800936 0.000720487 0.0103259 -0.00493345 0.0109681 -0.0123725 -0.00516816 -0.00677233 -0.00232252 0.0328203 0.00962682 0.00830766 0.00892014 -0.00839058 0.00858084 0.0545157 0.0217693 0.00523859 -0.0218025 -0.0115867 -0.0127419 -0.0222494 0.0293792 0.0344475
internal_weight=12502 5334 7168 4335 654 3681 3584 46 3538 423 66 357 231 56 97 87 4279 2889 198 151 2691 2634 245 2389 999 4267 62 30 4205 2689 1516 32 971 876 861 175 127 24 95 30 57 38 47 34 65 28
internal_count=12502 5334 7168 4335 654 3681 3584 46 3538 423 66 357 231 56 97 87 4279 2889 198 151 2691 2634 245 2389 999 4267 62 30 4205 2689 1516 32 971 876 861 175 127 24 95 30 57 38 47 34 65 28
is_linear=0
shrinkage=0.05


end of trees

feature_importances:
dist_to_nearest_cancer_tss=188
gene_length=143
gtex_whole_blood_tpm=114
gtex_immune_mean_tpm=112
encode_enhancer_count=111
ot_disease_count=111
gtex_spleen_tpm=110
cpg_mean_obs_exp=98
encode_ccre_count=84
encode_promoter_count=63
encode_ctcf_count=63
cpg_nearest_dist=58
cpg_island_count=47

parameters:
[boosting: gbdt]
[objective: regression]
[metric: rmse]
[tree_learner: serial]
[device_type: cpu]
[data_sample_strategy: bagging]
[data: ]
[valid: ]
[num_iterations: 1000]
[learning_rate: 0.05]
[num_leaves: 63]
[num_threads: 0]
[seed: 42]
[deterministic: 0]
[force_col_wise: 0]
[force_row_wise: 0]
[histogram_pool_size: -1]
[max_depth: 6]
[min_data_in_leaf: 10]
[min_sum_hessian_in_leaf: 0.001]
[bagging_fraction: 0.8]
[pos_bagging_fraction: 1]
[neg_bagging_fraction: 1]
[bagging_freq: 0]
[bagging_seed: 400]
[bagging_by_query: 0]
[feature_fraction: 0.8]
[feature_fraction_bynode: 1]
[feature_fraction_seed: 30056]
[extra_trees: 0]
[extra_seed: 12879]
[early_stopping_round: 0]
[early_stopping_min_delta: 0]
[first_metric_only: 0]
[max_delta_step: 0]
[lambda_l1: 0]
[lambda_l2: 0.1]
[linear_lambda: 0]
[min_gain_to_split: 0]
[drop_rate: 0.1]
[max_drop: 50]
[skip_drop: 0.5]
[xgboost_dart_mode: 0]
[uniform_drop: 0]
[drop_seed: 17869]
[top_rate: 0.2]
[other_rate: 0.1]
[min_data_per_group: 100]
[max_cat_threshold: 32]
[cat_l2: 10]
[cat_smooth: 10]
[max_cat_to_onehot: 4]
[top_k: 20]
[monotone_constraints: ]
[monotone_constraints_method: basic]
[monotone_penalty: 0]
[feature_contri: ]
[forcedsplits_filename: ]
[refit_decay_rate: 0.9]
[cegb_tradeoff: 1]
[cegb_penalty_split: 0]
[cegb_penalty_feature_lazy: ]
[cegb_penalty_feature_coupled: ]
[path_smooth: 0]
[interaction_constraints: ]
[verbosity: -1]
[saved_feature_importance_type: 0]
[use_quantized_grad: 0]
[num_grad_quant_bins: 4]
[quant_train_renew_leaf: 0]
[stochastic_rounding: 1]
[linear_tree: 0]
[max_bin: 255]
[max_bin_by_feature: ]
[min_data_in_bin: 3]
[bin_construct_sample_cnt: 200000]
[data_random_seed: 175]
[is_enable_sparse: 1]
[enable_bundle: 1]
[use_missing: 1]
[zero_as_missing: 0]
[feature_pre_filter: 1]
[pre_partition: 0]
[two_round: 0]
[header: 0]
[label_column: ]
[weight_column: ]
[group_column: ]
[ignore_column: ]
[categorical_feature: ]
[forcedbins_filename: ]
[precise_float_parser: 0]
[parser_config_file: ]
[objective_seed: 16083]
[num_class: 1]
[is_unbalance: 0]
[scale_pos_weight: 1]
[sigmoid: 1]
[boost_from_average: 1]
[reg_sqrt: 0]
[alpha: 0.9]
[fair_c: 1]
[poisson_max_delta_step: 0.7]
[tweedie_variance_power: 1.5]
[lambdarank_truncation_level: 30]
[lambdarank_norm: 1]
[label_gain: ]
[lambdarank_position_bias_regularization: 0]
[eval_at: ]
[multi_error_top_k: 1]
[auc_mu_weights: ]
[num_machines: 1]
[local_listen_port: 12400]
[time_out: 120]
[machine_list_filename: ]
[machines: ]
[gpu_platform_id: -1]
[gpu_device_id: -1]
[gpu_use_dp: 0]
[num_gpu: 1]

end of parameters

pandas_categorical:null
