tree
version=v4
num_class=1
num_tree_per_iteration=1
label_index=0
max_feature_idx=14
objective=regression
feature_names=dist_to_nearest_tss dist_to_nearest_cancer_tss gene_length in_repeat cpg_island_count cpg_nearest_dist cpg_mean_obs_exp encode_ccre_count encode_promoter_count encode_enhancer_count encode_ctcf_count ot_cancer_hallmark_count ot_disease_count ot_is_cancer_driver patient_id_enc
feature_infos=[1:2909057] [34:44668657] [95:2473538] [0:1] [0:71] [0:2598352] [0:1.76] [0:1613] [0:25] [0:1151] [0:148] [0:10] [0:3287] [0:1] [0:16]
tree_sizes=2771 2865 2798 2927 2931 2927 2920 2941 2933 2805 2948 2925 2989 2937 2952 2934 2947 2942 2989 2980 2978 2972 2975 2983 2980 2954 2986 2993 2982 2980 2965 3015 2990 3012 2984 2976 2968 3052 2971 3056 2953 2981 2986 3080 3048 3005 2984 2734 2998 2831 3038 2928 2902 2790 3014 2972 2971 2808 2996 2992 2788 2346 3011 2985 2978 2920 3010 2976 2976 2882 2942 2999 2882 2959 2678 3037 2771 3016 2867 2831 2975 2921 3004 2824 2957 2919 2807 2968 2445 2883 1577 2567 2421 2693 2687 2978 2543 2519 2884 1624 2560 1558 2440 2938 2515 2500 2686 2969 2897 2765 2397 2356 3012 2834 2003 2344 2946 2371 2986 3028 2397 2848 2948 2555 2482 2939 2399 2354 2856 2955 1645

Tree=0
num_leaves=31
num_cat=0
split_feature=14 14 14 14 14 14 0 14 1 0 0 0 12 0 12 14 0 0 0 0 1 10 14 12 1 5 1 12 4 2
split_gain=15825.8 1849.09 5055.99 1050.22 904.003 1059.56 658.358 399.432 249.903 217.533 203.636 189.199 238.514 140.838 116.562 71.4847 71.4532 37.685 36.11 24.6572 23.8353 23.455 19.8535 18.1697 13.2465 13.124 13.0282 11.6981 9.22565 5.65542
threshold=10.500000000000002 3.5000000000000004 2.5000000000000004 4.5000000000000009 7.5000000000000009 8.5000000000000018 64538.000000000007 13.500000000000002 1593284.5000000002 347831.50000000006 9041.5000000000018 398651.00000000006 47.500000000000007 300438.00000000006 36.500000000000007 14.500000000000002 24346.000000000004 1153118.0000000002 16152.500000000002 55985.500000000007 1617733.0000000002 19.500000000000004 12.500000000000002 69.500000000000014 1528712.5000000002 7023.5000000000009 590018.50000000012 24.500000000000004 3.5000000000000004 19267.500000000004
decision_type=2 2 2 2 2 2 2 2 2 2 2 2 2 2 2 2 2 2 2 2 2 2 2 2 2 2 2 2 2 2
left_child=1 2 6 11 8 -6 10 16 -5 -8 -1 12 -3 14 -4 19 23 -15 27 24 28 -13 -22 25 -9 -2 -20 -17 -18 -25
right_child=7 3 13 4 5 -7 9 15 -10 -11 -12 21 -14 17 -16 18 20 -19 26 -21 22 -23 -24 29 -26 -27 -28 -29 -30 -31
leaf_value=3.3401121284990589 3.3952561799817094 3.3722285514555175 3.2885409160259416 3.3553424954680002 3.3901017660998303 3.3556382975586931 3.3803446294163599 3.4166777732875655 3.3281468416879196 3.4173105399099715 3.3629196519258722 3.418030118330063 3.3980116516375531 3.3213099409082636 3.3049113113564625 3.4006460712965736 3.4058407177799235 3.3653083681924096 3.4155949231993592 3.4202059555033646 3.4027526801502961 3.45008227455686 3.3972095331541659 3.3966041524875776 3.4102642896738868 3.3882383918716976 3.4093053984476858 3.4064293865342838 3.4160833968408761 3.4006668007976741
leaf_weight=1428 3993 1872 2095 1276 3159 7585 1762 1340 2501 514 3111 201 1722 376 2272 1512 1919 56 955 1700 5353 80 2316 1562 2032 800 6083 2082 249 1906
leaf_count=1428 3993 1872 2095 1276 3159 7585 1762 1340 2501 514 3111 201 1722 376 2272 1512 1919 56 955 1700 5353 80 2316 1562 2032 800 6083 2082 249 1906
internal_value=3.38111 3.35468 3.33906 3.36455 3.35837 3.36577 3.36675 3.40457 3.33733 3.38869 3.35574 3.38767 3.38458 3.29975 3.29706 3.41041 3.39951 3.32701 3.40808 3.41529 3.40239 3.42718 3.40108 3.39608 3.41281 3.39409 3.41016 3.404 3.40702 3.39884
internal_weight=63812 30010 11614 18396 14521 10744 6815 33802 3777 2276 4539 3875 3594 4799 4367 15704 18098 432 10632 5072 9837 281 7669 8261 3372 4793 7038 3594 2168 3468
internal_count=63812 30010 11614 18396 14521 10744 6815 33802 3777 2276 4539 3875 3594 4799 4367 15704 18098 432 10632 5072 9837 281 7669 8261 3372 4793 7038 3594 2168 3468
is_linear=0
shrinkage=1


Tree=1
num_leaves=30
num_cat=0
split_feature=0 1 0 12 7 1 0 4 1 7 6 12 2 7 10 2 0 8 1 3 2 0 8 2 11 7 1 7 6
split_gain=411.204 244.584 320.315 210.557 131.103 96.2225 62.2141 55.6425 53.7889 71.6842 47.0873 47.0433 42.2871 41.2305 41.0549 34.3299 34.2938 48.2908 34.0752 33.8654 33.6022 33.1796 46.7501 32.316 32.0323 31.7415 31.1137 30.1924 17.2075
threshold=16152.500000000002 1617733.0000000002 300438.00000000006 47.500000000000007 103.50000000000001 2085995.0000000002 64538.000000000007 3.5000000000000004 1653085.5000000002 149.50000000000003 1.0775000000000003 178.50000000000003 6015.0000000000009 20.500000000000004 85.500000000000014 3008.0000000000005 985517.00000000012 6.5000000000000009 19672.500000000004 1.0000000180025095e-35 150841.50000000003 2718.0000000000005 1.0000000180025095e-35 13887.500000000002 7.5000000000000009 510.50000000000006 428049.50000000006 17.500000000000004 0.89945000000000019
decision_type=2 2 2 2 2 2 2 2 2 2 2 2 2 2 2 2 2 2 2 2 2 2 2 2 2 2 2 2 2
left_child=3 7 4 5 11 10 -6 14 13 12 25 -3 -10 24 23 -12 27 -18 -9 -15 -11 22 -7 -2 -5 -1 -20 -4 -23
right_child=1 2 16 8 6 21 -8 18 9 20 15 -13 -14 19 -16 -17 17 -19 26 -21 -22 28 -24 -25 -26 -27 -28 -29 -30
leaf_value=-0.0087129798222050168 0.012758650440088119 -0.0047713457546335282 0.00091644607337961154 -0.0038998296322537776 -0.0020211368831586788 -0.091148929897477471 0.0068914456536893409 -0.067810349904739109 0.006202761751161464 -0.039040966801265807 -0.079060586088915599 0.0026634724132700419 -0.011293405307170124 0.0083060471680613378 0.087814442715058047 -0.022840715096984158 0.023456320666136163 -0.059088713679853723 0.028804860255357147 -0.0001093149206364849 0.017663458418510445 -0.024837829247790957 -0.031467748933994941 0.006178462202528069 0.059459885480392043 0.030807281866644137 0.01265381741897865 0.012811360221361796 -0.0085720302742972581
leaf_weight=9017 2528 16211 646 2645 3054 40 5456 10.999999999999998 401 28 30 2449 2486 2533 15.999999999999998 280 856 18 561 2264 373 609 182 7125 20 51 637 3063 222
leaf_count=9017 2528 16211 646 2645 3054 40 5456 11 401 28 30 2449 2486 2533 16 280 856 18 561 2264 373 609 182 7125 20 51 637 3063 222
internal_value=9.02236e-09 0.00282917 0.000612477 -0.00569423 -0.00145005 -0.010755 0.00369298 0.00929965 -0.000783543 -0.00611156 -0.00914567 -0.00379557 -0.00886308 0.0015642 0.00803499 -0.0283051 0.0128398 0.0217497 0.0194123 0.0043344 0.0136953 -0.0250859 -0.0422573 0.00790185 -0.00342212 -0.00849037 0.0202188 0.0107397 -0.020494
internal_weight=63812 42631 31753 21181 27170 10431 8510 10878 10750 3288 9378 18660 2887 7462 9669 310 4583 874 1209 4797 401 1053 222 9653 2665 9068 1198 3709 831
internal_count=63812 42631 31753 21181 27170 10431 8510 10878 10750 3288 9378 18660 2887 7462 9669 310 4583 874 1209 4797 401 1053 222 9653 2665 9068 1198 3709 831
is_linear=0
shrinkage=0.05


Tree=2
num_leaves=29
num_cat=0
split_feature=0 1 0 12 1 4 10 0 4 1 2 5 6 5 0 10 2 8 1 2 1 12 10 2 0 0 4 0
split_gain=371.116 220.739 290.032 190.033 86.8488 83.5571 62.5274 54.882 50.2158 48.6118 65.636 63.0396 42.5037 42.1636 41.1786 37.0787 35.8911 33.7282 31.2466 30.9975 30.7755 29.9793 29.4266 29.1653 27.1271 25.8294 24.0016 2.54452
threshold=16152.500000000002 1617733.0000000002 327606.00000000006 47.500000000000007 2085995.0000000002 4.5000000000000009 23.500000000000004 70226.500000000015 3.5000000000000004 1742133.5000000002 303658.50000000006 129453.00000000001 1.0775000000000003 436616.00000000006 11918.500000000002 85.500000000000014 6015.0000000000009 8.5000000000000018 2157267.0000000005 3008.0000000000005 19672.500000000004 47.500000000000007 101.50000000000001 13887.500000000002 2718.0000000000005 760406.00000000012 1.5000000000000002 985517.00000000012
decision_type=2 2 2 2 2 2 2 2 2 2 2 2 2 2 2 2 2 2 2 2 2 2 2 2 2 2 2 2
left_child=3 8 5 4 12 7 -7 -3 15 11 16 17 13 -1 -13 23 -11 -5 -6 -14 -10 -22 25 -2 -20 -4 -12 -24
right_child=1 2 22 9 18 6 -8 -9 20 10 26 14 19 -15 -16 -17 -18 -19 24 -21 21 -23 27 -25 -26 -27 -28 -29
leaf_value=-0.0079265085537479161 0.012120743204388639 -0.0037589994823296309 0.0096980031892544491 0.0014968359605052562 -0.12169114086363052 0.016988374711677367 -0.054173951352746268 0.00080225847560192918 -0.064450378454214821 0.0071007212961529068 0.010107350572360133 -0.028731446515714555 -0.075120689217434367 -0.091549454540606368 -0.13204468152493484 0.083450993094940362 -0.0097547458660370828 0.035173154707325897 -0.038807510806613092 -0.021699086856229982 -0.0023599941719960448 0.022108237134892295 0.053799189285769294 0.0058695435185560788 -0.018943357039738252 0.018322870266991663 0.048521763088718514 0.034728106891370229
leaf_weight=9053 2528 15013 2812 7454 7.9999999999999991 807 32 11761 10.999999999999998 359 118 48 30 14.999999999999998 11.999999999999998 15.999999999999998 2622 75 217 280 142 1056 37 7125 828 1256 62 35
leaf_count=9053 2528 15013 2812 7454 8 807 32 11761 11 359 118 48 30 15 12 16 2622 75 217 280 142 1056 37 7125 828 1256 62 35
internal_value=-2.1273e-09 0.00268772 0.000581851 -0.00540957 -0.0102174 -0.00126847 0.0142681 -0.00175538 0.00883471 -0.000744349 -0.00595399 0.00142564 -0.00868842 -0.00806584 -0.0495794 0.0076333 -0.00772468 0.00183276 -0.0238323 -0.0268915 0.0184416 0.019208 0.0129229 0.00750676 -0.0230716 0.0123613 0.0233586 0.0445895
internal_weight=63812 42631 31753 21181 10431 27613 839 26774 10878 10750 3161 7589 9378 9068 60 9669 2981 7529 1053 310 1209 1198 4140 9653 1045 4068 180 72
internal_count=63812 42631 31753 21181 10431 27613 839 26774 10878 10750 3161 7589 9378 9068 60 9669 2981 7529 1053 310 1209 1198 4140 9653 1045 4068 180 72
is_linear=0
shrinkage=0.05


Tree=3
num_leaves=31
num_cat=0
split_feature=14 14 14 14 14 14 0 14 0 0 12 0 12 0 12 14 12 0 0 0 14 9 9 0 12 9 12 9 5 10
split_gain=14320.6 1662.85 4566.65 946.842 822.106 951.931 566.556 358.698 184.716 175.862 165.933 160.1 120.054 115.554 97.2259 64.7045 64.6278 51.1793 32.5357 24.2355 21.972 20.883 19.4868 18.41 11.3997 9.4741 9.19942 7.88202 7.40856 6.41119
threshold=10.500000000000002 3.5000000000000004 2.5000000000000004 4.5000000000000009 7.5000000000000009 8.5000000000000018 64538.000000000007 13.500000000000002 347831.50000000006 12159.500000000002 44.500000000000007 10143.000000000002 47.500000000000007 300438.00000000006 36.500000000000007 14.500000000000002 47.500000000000007 24346.000000000004 1153118.0000000002 16152.500000000002 12.500000000000002 39.500000000000007 12.500000000000002 55985.500000000007 39.500000000000007 40.500000000000007 42.500000000000007 39.500000000000007 57117.500000000007 23.500000000000004
decision_type=2 2 2 2 2 2 2 2 2 2 2 2 2 2 2 2 2 2 2 2 2 2 2 2 2 2 2 2 2 2
left_child=1 2 6 11 10 -6 9 17 -8 -1 -5 16 -13 14 -4 23 -3 21 -15 27 22 28 -19 25 -23 -9 -21 -17 -2 -22
right_child=7 3 13 4 5 -7 8 15 -10 -11 -12 12 -14 18 -16 19 -18 20 -20 26 29 24 -24 -25 -26 -27 -28 -29 -30 -31
leaf_value=-0.036068021459145179 0.013472360190640222 -0.026962449870966743 -0.087531794772591681 -0.052357246235962218 0.0084693617006753631 -0.024196899658554635 -0.00097592513712623982 0.028457204790702618 0.033087640113989458 -0.015921065169134378 -0.031390754826575426 0.0025574562837256377 0.022659030843520781 -0.057915890706096755 -0.072579291902486895 0.020840415455733712 0.00021066498727752614 0.015943934938769933 -0.017027748372644824 0.025716492697682388 0.015891682747280807 0.014359051244033749 0.022805599360176693 0.036741933648964893 0.021371524737565158 0.034072817912940111 0.029360149478154164 0.026086464138813673 0.00623242114053244 0.02696828948782878
leaf_weight=1786 5474 414 2095 1859 3159 7585 1762 2234 514 2753 1918 1638 1359 376 2272 2603 464 1273 56 3909 2873 974 5554 1700 1435 1138 3129 991 378 137
leaf_count=1786 5474 414 2095 1859 3159 7585 1762 2234 514 2753 1918 1638 1359 376 2272 2603 464 1273 56 3909 2873 974 5554 1700 1435 1138 3129 991 378 137
internal_value=-2.63393e-08 -0.0251384 -0.039951 -0.0157865 -0.0216463 -0.0145922 -0.0136407 0.0223183 0.00671793 -0.0238491 -0.0417114 0.0061722 0.011673 -0.077313 -0.0797544 0.0278477 -0.0126038 0.0175202 -0.0526207 0.0256302 0.019957 0.0146183 0.0215264 0.0324953 0.018537 0.0303533 0.0273368 0.0222876 0.0130048 0.0163967
internal_weight=63812 30010 11614 18396 14521 10744 6815 33802 2276 4539 3777 3875 2997 4799 4367 15704 878 18098 432 10632 9837 8261 6827 5072 2409 3372 7038 3594 5852 3010
internal_count=63812 30010 11614 18396 14521 10744 6815 33802 2276 4539 3777 3875 2997 4799 4367 15704 878 18098 432 10632 9837 8261 6827 5072 2409 3372 7038 3594 5852 3010
is_linear=0
shrinkage=0.05


Tree=4
num_leaves=31
num_cat=0
split_feature=14 14 14 14 14 14 0 14 1 0 0 0 12 0 12 14 0 0 7 0 14 0 7 7 1 2 1 12 1 2
split_gain=12924.4 1500.73 4121.43 854.527 741.956 859.12 511.321 323.727 206.899 166.709 160.298 157.03 187.721 104.282 88.1091 58.3967 46.1895 29.3624 22.0302 21.8723 19.8294 16.6151 16.1697 13.7792 14.6282 8.92048 8.69024 7.8345 7.06074 6.35579
threshold=10.500000000000002 3.5000000000000004 2.5000000000000004 4.5000000000000009 7.5000000000000009 8.5000000000000018 64538.000000000007 13.500000000000002 1593284.5000000002 347831.50000000006 9041.5000000000018 398651.00000000006 47.500000000000007 300438.00000000006 22.500000000000004 14.500000000000002 24346.000000000004 1153118.0000000002 191.50000000000003 16152.500000000002 12.500000000000002 55985.500000000007 15.500000000000002 40.500000000000007 1617733.0000000002 3907.0000000000005 1528712.5000000002 7.5000000000000009 599728.00000000012 9899.0000000000018
decision_type=2 2 2 2 2 2 2 2 2 2 2 2 2 2 2 2 2 2 2 2 2 2 2 2 2 2 2 2 2 2
left_child=1 2 6 11 8 -6 10 16 -5 -8 -1 12 -3 14 -4 21 23 -15 -13 27 22 26 -18 29 -25 -21 -9 -17 -22 -2
right_child=7 3 13 4 5 -7 9 15 -10 -11 -12 18 -14 17 -16 19 20 -19 -20 25 28 -23 -24 24 -26 -27 -28 -29 -30 -31
leaf_value=-0.036525359071476061 0.014296716252397708 -0.0079109856549071985 -0.083804306454416722 -0.023239599025741353 0.0080459075229164217 -0.022987070762074985 -0.00092713169588755872 0.031966489293704901 -0.047984859867797346 0.031433579726564957 -0.016289771060399416 0.029997611207314891 0.014962627935259463 -0.055020866030458818 -0.069474746324234948 0.018062627874637888 0.014966054865547749 -0.016177878300070017 0.058431966729735746 0.018466497902714839 0.022213174659241726 0.034904945233645068 0.021530661301375712 0.021144829617072661 0.013849057916350847 0.02639321729931652 0.026769750343726102 0.022928902014520885 0.014691648837666944 0.010832381289722071
leaf_weight=1428 2400 1872 1917 1276 3159 7585 1762 1340 2501 514 3111 164 1722 376 2450 1297 1124 56 117 376 354 1700 5703 1119 1783 6662 2032 2297 2656 2959
leaf_count=1428 2400 1872 1917 1276 3159 7585 1762 1340 2501 514 3111 164 1722 376 2450 1297 1124 56 117 376 354 1700 5703 1119 1783 6662 2032 2297 2656 2959
internal_value=-2.64615e-08 -0.0238815 -0.0379536 -0.0149972 -0.020564 -0.0138626 -0.0129587 0.0212024 -0.0396259 0.0063821 -0.0226567 0.00586358 0.0030486 -0.0734476 -0.0757668 0.0264554 0.0166442 -0.0499906 0.0418534 0.0243488 0.0189591 0.0308706 0.0204501 0.0138874 0.0166629 0.02597 0.0288358 0.0211733 0.0155769 0.0123841
internal_weight=63812 30010 11614 18396 14521 10744 6815 33802 3777 2276 4539 3875 3594 4799 4367 15704 18098 432 281 10632 9837 5072 6827 8261 2902 7038 3372 3594 3010 5359
internal_count=63812 30010 11614 18396 14521 10744 6815 33802 3777 2276 4539 3875 3594 4799 4367 15704 18098 432 281 10632 9837 5072 6827 8261 2902 7038 3372 3594 3010 5359
is_linear=0
shrinkage=0.05


Tree=5
num_leaves=31
num_cat=0
split_feature=14 14 14 14 14 14 0 14 1 0 0 0 1 9 12 12 14 0 0 0 14 9 9 0 2 12 1 9 5 1
split_gain=11664.3 1354.42 3719.62 771.22 669.62 775.357 461.472 292.165 186.726 150.458 145.584 143.131 186.667 94.2059 60.8937 53.2747 52.7039 41.686 19.9302 18.0144 17.8958 17.4805 16.123 14.9952 9.88378 9.86421 9.77968 8.62659 6.6949 6.38603
threshold=10.500000000000002 3.5000000000000004 2.5000000000000004 4.5000000000000009 7.5000000000000009 8.5000000000000018 64538.000000000007 13.500000000000002 1593284.5000000002 347831.50000000006 12159.500000000002 10143.000000000002 1576923.0000000002 166.50000000000003 22.500000000000004 47.500000000000007 14.500000000000002 24346.000000000004 20013.000000000004 1153118.0000000002 12.500000000000002 39.500000000000007 12.500000000000002 55985.500000000007 3907.0000000000005 8.5000000000000018 1617733.0000000002 40.500000000000007 57117.500000000007 441641.00000000006
decision_type=2 2 2 2 2 2 2 2 2 2 2 2 2 2 2 2 2 2 2 2 2 2 2 2 2 2 2 2 2 2
left_child=1 2 6 11 8 -6 10 17 -5 -8 -1 15 -13 14 -4 -3 23 21 25 -15 22 28 -19 27 -20 -18 -23 -9 -2 -22
right_child=7 3 13 4 5 -7 9 16 -10 -11 -12 12 -14 19 -16 -17 18 20 24 -21 29 26 -24 -25 -26 -27 -28 -29 -30 -31
leaf_value=-0.032641353299272667 0.012161340908123083 -0.025219198013166678 -0.079023188451356724 -0.022077709807675774 0.0076436248108141041 -0.021837732213813219 -0.0008807776793614509 0.025585141979534945 -0.045585711433709375 0.029862206347722926 -0.014310582094727671 0.030782845033106951 0.0029905882786498 -0.052692828694147625 -0.066928637829222801 -0.00054783543800195468 0.017223429450702432 0.014349828798505805 0.016412315760897821 -0.0084107677796198613 0.022078768555238021 0.020829051209293365 0.020591190499360552 0.033159800365702624 0.025331409409378072 0.022275149227520438 0.014269877959122396 0.030942601799532399 0.0052792552855943182 0.014068257356293004
leaf_weight=1786 5474 414 1899 1276 3159 7585 1762 2234 2501 514 2753 839 2158 556 2320 464 1518 1273 328 24 274 921 5554 1700 6115 2671 1488 1138 378 2736
leaf_count=1786 5474 414 1899 1276 3159 7585 1762 2234 2501 514 2753 839 2158 556 2320 464 1518 1273 328 24 274 921 5554 1700 6115 2671 1488 1138 378 2736
internal_value=-1.91569e-08 -0.0226875 -0.036056 -0.0142474 -0.0195359 -0.0131695 -0.0123108 0.0201423 -0.0376447 0.00606306 -0.0215239 0.00557053 0.0107717 -0.0697754 -0.0723742 -0.0121826 0.0251326 0.015812 0.0231314 -0.0508622 0.0180112 0.0131931 0.0194276 0.0293272 0.0248776 0.020445 0.0167783 0.0273941 0.0117169 0.0147982
internal_weight=63812 30010 11614 18396 14521 10744 6815 33802 3777 2276 4539 3875 2997 4799 4219 878 15704 18098 10632 580 9837 8261 6827 5072 6443 4189 2409 3372 5852 3010
internal_count=63812 30010 11614 18396 14521 10744 6815 33802 3777 2276 4539 3875 2997 4799 4219 878 15704 18098 10632 580 9837 8261 6827 5072 6443 4189 2409 3372 5852 3010
is_linear=0
shrinkage=0.05


Tree=6
num_leaves=31
num_cat=0
split_feature=14 14 14 14 14 14 0 14 1 12 0 0 1 0 12 14 0 0 10 0 12 0 0 1 1 5 0 1 14 5
split_gain=10527.1 1222.38 3356.98 696.028 604.337 699.761 416.876 263.68 168.52 148.1 146.17 142.023 160.289 91.9422 74.0797 47.5661 37.9103 24.9509 20.3978 18.309 15.36 13.5332 12.4382 11.7852 11.1168 11.0738 9.36203 7.91531 7.54519 4.32964
threshold=10.500000000000002 3.5000000000000004 2.5000000000000004 4.5000000000000009 7.5000000000000009 8.5000000000000018 58609.000000000007 13.500000000000002 1593284.5000000002 57.500000000000007 258009.00000000003 398651.00000000006 1617733.0000000002 300438.00000000006 36.500000000000007 14.500000000000002 20347.500000000004 1153118.0000000002 67.500000000000014 12920.000000000002 54.500000000000007 55985.500000000007 378836.00000000006 590018.50000000012 2546982.0000000005 20662.000000000004 12380.000000000002 1528712.5000000002 12.500000000000002 45825.500000000007
decision_type=2 2 2 2 2 2 2 2 2 2 2 2 2 2 2 2 2 2 2 2 2 2 2 2 2 2 2 2 2 2
left_child=1 2 6 11 8 -6 9 16 -5 -1 -8 12 -3 14 -4 21 25 -15 -13 26 22 27 -18 -21 -22 28 -17 -9 -2 -23
right_child=7 3 13 4 5 -7 10 15 -10 -11 -12 18 -14 17 -16 19 20 -19 -20 23 24 29 -24 -25 -26 -27 -28 -29 -30 -31
leaf_value=-0.029102645715297432 0.014039379798339358 0.01689818612035407 -0.075253032930902575 -0.020973913631013766 0.0072614556783308351 -0.020745860037393291 -0.0029306865480412843 0.029011764901082062 -0.043306517184912657 -0.01055518519075443 0.02407630684064899 0.035469975671054359 -0.0051908571364117917 -0.048900064370154053 -0.062201732030047641 0.019194949473207348 0.014642350976476082 -0.013098427890542622 0.084587130131143509 0.028179710301749268 0.021424917781490329 0.032328516494103947 0.022209706000385132 0.022505700610959321 0.016316668606167418 0.0063074487588051223 0.0016500321020122986 0.024053137109021069 0.010428400826096647 0.023745035117016491
leaf_weight=2448 4576 1270 2095 1276 3159 7585 1743 1340 2501 1921 703 258 2324 376 2272 3047 5754 56 23 1069 2466 1536 600 6438 1879 705 78 2032 2118 164
leaf_count=2448 4576 1270 2095 1276 3159 7585 1743 1340 2501 1921 703 258 2324 376 2272 3047 5754 56 23 1069 2466 1536 600 6438 1879 705 78 2032 2118 164
internal_value=-1.85481e-08 -0.0215532 -0.0342533 -0.013535 -0.0185591 -0.012511 -0.0116952 0.0191353 -0.0357626 -0.020948 0.00483201 0.00529201 0.00261493 -0.0662869 -0.0684645 0.0238761 0.0150214 -0.0442632 0.0395189 0.0219748 0.0169246 0.0278609 0.0153573 0.023314 0.0192163 0.0122692 0.0187571 0.0260244 0.012897 0.0315019
internal_weight=63812 30010 11614 18396 14521 10744 6815 33802 3777 4369 2446 3875 3594 4799 4367 15704 18098 432 281 10632 10699 5072 6354 7507 4345 7399 3125 3372 6694 1700
internal_count=63812 30010 11614 18396 14521 10744 6815 33802 3777 4369 2446 3875 3594 4799 4367 15704 18098 432 281 10632 10699 5072 6354 7507 4345 7399 3125 3372 6694 1700
is_linear=0
shrinkage=0.05


Tree=7
num_leaves=31
num_cat=0
split_feature=14 14 14 14 14 14 0 14 1 0 0 1 0 9 6 1 14 10 9 14 0 0 0 9 9 9 12 1 10 1
split_gain=9500.75 1103.21 3029.7 628.176 545.418 631.535 376.667 237.973 152.09 132.236 129.573 157.698 124.815 86.3859 61.9908 53.6003 42.9295 36.9731 36.4941 19.8257 19.5061 16.6808 12.3243 10.9462 9.54606 9.46232 9.20541 8.96946 7.27433 6.25862
threshold=10.500000000000002 3.5000000000000004 2.5000000000000004 4.5000000000000009 7.5000000000000009 8.5000000000000018 64538.000000000007 13.500000000000002 1593284.5000000002 9041.5000000000018 10143.000000000002 1576923.0000000002 347831.50000000006 39.500000000000007 0.79060000000000008 1227770.0000000002 14.500000000000002 17.500000000000004 39.500000000000007 12.500000000000002 28915.000000000004 20013.000000000004 71276.500000000015 5.5000000000000009 39.500000000000007 40.500000000000007 34.500000000000007 202975.50000000003 23.500000000000004 1593284.5000000002
decision_type=2 2 2 2 2 2 2 2 2 2 2 2 2 2 2 2 2 2 2 2 2 2 2 2 2 2 2 2 2 2
left_child=1 2 6 10 8 -6 9 18 -5 -1 14 -12 -8 15 -3 -4 22 -15 20 26 29 24 25 -22 -18 -9 -20 -23 -21 -2
right_child=7 3 13 4 5 -7 12 16 -10 -11 11 -13 -14 17 -16 -17 21 -19 19 28 23 27 -24 -25 -26 -27 -28 -29 -30 -31
leaf_value=-0.032030434002380495 0.012319291499743605 -0.028939328688033412 -0.059220820209584718 -0.01992529996168722 0.0068983938212557692 -0.019708580947684087 -0.00083505236385684556 0.023037790168060891 -0.041141277605889717 -0.01365140914988845 0.02836927192349005 0.0028243674566469719 0.027165805238453595 -0.058076629742074871 -0.0015275605862816889 -0.074275378563686933 0.016899332317552009 -0.038430887499953825 0.016364898201357992 0.012369415045756517 0.0097595127989337106 0.030536193385648155 0.030437986015820789 0.016418252405743211 0.022174429152364047 0.028352719787711363 0.020486375580503986 0.022040718555767311 0.023530810925149595 0.0091632523524712954
leaf_weight=1428 2871 331 906 1276 3159 7585 1762 2354 2501 3111 839 2158 514 1899 547 1719 2983 275 2608 2285 771 328 1413 3105 1206 1305 2828 6115 156 3474
leaf_count=1428 2871 331 906 1276 3159 7585 1762 2354 2501 3111 839 2158 514 1899 547 1719 2983 275 2608 2285 771 328 1413 3105 1206 1305 2828 6115 156 3474
internal_value=-8.14709e-09 -0.0204755 -0.0325407 -0.0128582 -0.0176312 -0.0118855 -0.0111105 0.0181785 -0.0339745 -0.0194342 0.00502758 0.00997628 0.00548943 -0.0629727 -0.0118637 -0.0690819 0.0226823 -0.0555934 0.0142704 0.0168282 0.0122991 0.0208761 0.026468 0.015094 0.0184185 0.0249341 0.0185094 0.0224737 0.0130837 0.0105915
internal_weight=63812 30010 11614 18396 14521 10744 6815 33802 3777 4539 3875 2997 2276 4799 878 2625 15704 2174 18098 7877 10221 10632 5072 3876 4189 3659 5436 6443 2441 6345
internal_count=63812 30010 11614 18396 14521 10744 6815 33802 3777 4539 3875 2997 2276 4799 878 2625 15704 2174 18098 7877 10221 10632 5072 3876 4189 3659 5436 6443 2441 6345
is_linear=0
shrinkage=0.05


Tree=8
num_leaves=31
num_cat=0
split_feature=14 14 14 14 14 14 0 14 1 12 0 12 0 0 9 14 9 9 0 14 0 9 0 0 9 9 12 10 2 2
split_gain=8574.47 995.652 2734.33 566.931 492.243 569.962 340.536 214.771 137.261 133.871 128.38 148.153 120.989 80.8836 64.9668 38.7444 32.9362 24.7647 22.3408 17.8924 17.6044 15.4799 12.6179 11.1228 9.97999 8.53995 8.30791 6.56599 6.42472 5.38841
threshold=10.500000000000002 3.5000000000000004 2.5000000000000004 4.5000000000000009 7.5000000000000009 8.5000000000000018 58609.000000000007 13.500000000000002 1593284.5000000002 57.500000000000007 398651.00000000006 47.500000000000007 258009.00000000003 300438.00000000006 35.500000000000007 14.500000000000002 39.500000000000007 12.500000000000002 1153118.0000000002 12.500000000000002 28915.000000000004 20.500000000000004 55985.500000000007 71276.500000000015 10.500000000000002 40.500000000000007 34.500000000000007 23.500000000000004 9899.0000000000018 3186.0000000000005
decision_type=2 2 2 2 2 2 2 2 2 2 2 2 2 2 2 2 2 2 2 2 2 2 2 2 2 2 2 2 2 2
left_child=1 2 6 10 8 -6 9 16 -5 -1 11 -3 -8 14 -4 23 20 -12 -15 26 28 29 -23 25 -22 -9 -18 -21 -2 -17
right_child=7 3 13 4 5 -7 12 15 -10 -11 17 -13 -14 18 -16 21 19 -19 -20 27 24 22 -24 -25 -26 -27 -28 -29 -30 -31
leaf_value=-0.026670737143948794 0.01202187262354407 -0.007505302019160838 -0.067540011537404951 -0.018929112128240222 0.0065534848746463667 -0.018723164880913881 -0.0026799143001435695 0.021885949544094532 -0.039084296098883725 -0.0090368640884250159 0.0041868965795971531 0.012815149775154881 0.021890910420304662 -0.043556479603808082 -0.055296188577510091 0.013067968083392459 0.015546684667996134 0.043967419006827831 -0.00968579335782325 0.011750971392299782 0.010959868982648469 0.0195061359395007 0.023927242867826076 0.028916194452350143 0.01624539779286964 0.026935192276863019 0.019462093186360468 0.022355024346068723 0.0087695247279930087 0.018140706741147084
leaf_weight=2448 2521 1872 2343 1276 3159 7585 1743 2354 2501 1921 47 1722 703 376 2024 624 2608 234 56 2285 1398 4006 2709 1413 2478 1305 2828 156 3824 3293
leaf_count=2448 2521 1872 2343 1276 3159 7585 1743 2354 2501 1921 47 1722 703 376 2024 624 2608 234 56 2285 1398 4006 2709 1413 2478 1305 2828 156 3824 3293
internal_value=-9.9237e-09 -0.0194518 -0.0309138 -0.0122154 -0.0167496 -0.0112912 -0.010555 0.0172696 -0.0322759 -0.0189177 0.0047762 0.00223096 0.00438254 -0.0598243 -0.0618667 0.0215483 0.0135569 0.0373176 -0.0391691 0.0159868 0.0116841 0.0198324 0.0212901 0.0251447 0.0143393 0.0236875 0.0175839 0.0124295 0.0100619 0.0173329
internal_weight=63812 30010 11614 18396 14521 10744 6815 33802 3777 4369 3875 3594 2446 4799 4367 15704 18098 281 432 7877 10221 10632 6715 5072 3876 3659 5436 2441 6345 3917
internal_count=63812 30010 11614 18396 14521 10744 6815 33802 3777 4369 3875 3594 2446 4799 4367 15704 18098 281 432 7877 10221 10632 6715 5072 3876 3659 5436 2441 6345 3917
is_linear=0
shrinkage=0.05


Tree=9
num_leaves=29
num_cat=0
split_feature=12 0 1 0 0 4 0 5 7 1 2 5 0 7 9 10 2 1 12 0 0 2 8 1 0 0 9 4
split_gain=247.557 230.624 139.922 136.207 125.447 87.0424 79.228 62.1929 60.1022 65.0963 56.2422 55.21 46.9943 45.4073 43.8841 43.3689 42.601 40.2519 30.1674 22.8699 21.9709 19.8728 19.8721 26.0647 18.7328 16.7364 25.2789 15.3016
threshold=62.500000000000007 300438.00000000006 3318083.0000000005 16694.000000000004 17326.500000000004 2.5000000000000004 760406.00000000012 187443.50000000003 226.50000000000003 970402.00000000012 316312.50000000006 436616.00000000006 25419.500000000004 531.50000000000011 37.500000000000007 61.500000000000007 261311.00000000003 2027858.5000000002 1180.0000000000002 10143.000000000002 4186.0000000000009 721.50000000000011 3.5000000000000004 41346927.000000007 1711053.0000000002 559261.00000000012 8.5000000000000018 11.500000000000002
decision_type=2 2 2 2 2 2 2 2 2 2 2 2 2 2 2 2 2 2 2 2 2 2 2 2 2 2 2 2
left_child=1 4 3 7 11 15 10 14 9 -6 18 17 -7 -12 -2 -5 -10 -1 -4 -9 -13 -3 23 -8 -24 26 -23 -27
right_child=2 21 6 5 8 12 22 19 16 -11 13 20 -14 -15 -16 -17 -18 -19 -20 -21 -22 25 24 -25 -26 27 -28 -29
leaf_value=-0.0066326222087715412 -0.0012683677999486061 -0.060259227705473956 -0.0056302777653353953 0.0071666101460379468 0.0061445659618555581 0.0040499793666606207 0.032197372271498707 -0.022599543381181562 0.016327880440997228 -0.003453042398549279 0.017014233984187992 -0.10336140100381629 0.022792325164782055 -0.0089279229928755071 0.0064428326117513717 0.050141487469937643 0.0014712761501542656 -0.015736481932603456 0.01714112058748497 -0.1048279003258378 -0.03646246025313786 -0.0088982518339133492 -0.0087764220323866063 -0.040313585740998428 0.03244878685083287 0.014070041494750175 0.0089398266936506973 -0.059515380628511944
leaf_weight=10673 5428 9.9999999999999982 5941 8895 1964 422 235 15.999999999999998 706 17582 551 14.999999999999998 1613 243 2795 59 1524 1370 149 18 67 227 88 12.999999999999998 40 1577 1584 6.9999999999999991
leaf_count=10673 5428 10 5941 8895 1964 422 235 16 706 17582 551 15 1613 243 2795 59 1524 1370 149 18 67 227 88 13 40 1577 1584 7
internal_value=-4.65121e-09 -0.00262506 0.00369464 0.00592583 -0.00387097 0.00957193 -0.00222017 0.00107329 -0.00160138 -0.00248864 -0.00344099 -0.00794703 0.0189061 0.00907463 0.00135272 0.00745034 0.00617528 -0.00766839 -0.00507287 -0.066312 -0.0488111 0.00977929 0.0201263 0.0283817 0.00412173 0.00998736 0.00670354 0.0137411
internal_weight=63812 37306 26506 19246 33901 10989 7260 8257 21776 19546 6884 12125 2035 794 8223 8954 2230 12043 6090 34 82 3405 376 248 128 3395 1811 1584
internal_count=63812 37306 26506 19246 33901 10989 7260 8257 21776 19546 6884 12125 2035 794 8223 8954 2230 12043 6090 34 82 3405 376 248 128 3395 1811 1584
is_linear=0
shrinkage=0.05


Tree=10
num_leaves=31
num_cat=0
split_feature=14 14 14 14 14 14 2 14 1 12 9 12 9 1 1 14 9 10 14 8 9 2 7 1 12 1 4 7 2 2
split_gain=7751.96 896.606 2468.63 511.39 446.521 513.489 238.753 193.268 120.758 114.93 112.722 133.497 70.4043 47.9537 39.7716 35.0389 26.5243 19.616 16.1603 14.6624 12.5177 8.41268 8.21381 7.58463 7.24426 6.94559 6.34283 5.87308 6.35317 5.42538
threshold=10.500000000000002 3.5000000000000004 2.5000000000000004 4.5000000000000009 7.5000000000000009 8.5000000000000018 126500.00000000001 13.500000000000002 1593284.5000000002 53.500000000000007 157.50000000000003 8.5000000000000018 166.50000000000003 1227770.0000000002 3436522.0000000005 14.500000000000002 39.500000000000007 59.000000000000007 12.500000000000002 8.5000000000000018 27.500000000000004 60678.000000000007 25.500000000000004 14021444.500000002 738.50000000000011 1138713.0000000002 1.0000000180025095e-35 5.5000000000000009 4623.5000000000009 3186.0000000000005
decision_type=2 2 2 2 2 2 2 2 2 2 2 2 2 2 2 2 2 2 2 2 2 2 2 2 2 2 2 2 2 2
left_child=1 2 6 10 8 -6 9 16 -5 -1 11 -3 13 -4 -12 21 27 -8 24 -14 29 25 -23 -22 -18 -9 -20 -2 -29 -17
right_child=7 3 12 4 5 -7 17 15 -10 -11 14 -13 19 -15 -16 20 18 -19 26 -21 23 22 -24 -25 -26 -27 -28 28 -30 -31
leaf_value=-0.021231101264714582 0.007976002265110858 -0.010870430178679641 -0.051189542121128133 -0.018203492426056494 0.0062016306961978568 -0.017790126791032198 0.0067498984506065996 0.025572213031052178 -0.037108331424327172 -0.0064245744934291306 0.032433217193323219 0.0094472026118955985 -0.038174298708675211 -0.062695540652104781 -0.0021322098904796071 0.012608612578083052 0.016254656911612177 0.036903610509453399 0.0032338068817326262 -0.067926838497389647 0.020077480301041721 -0.0089807283156406788 0.026954314477795734 0.030217689539494469 0.026353028136983897 0.020707415398597745 0.012466021320412732 0.015584994218155424 0.011210518950030474 0.017610199797655237
leaf_weight=3070 1230 1373 1323 1276 3159 7585 1402 1121 2501 2287 433 1966 535 2896 103 624 5252 56 203 45 5618 15.999999999999998 1794 191 184 2141 2238 926 8065 4199
leaf_count=3070 1230 1373 1323 1276 3159 7585 1402 1121 2501 2287 433 1966 535 2896 103 624 5252 56 203 45 5618 16 1794 191 184 2141 2238 926 8065 4199
internal_value=-2.40842e-08 -0.0184954 -0.0293723 -0.0116283 -0.0159347 -0.010736 -0.0100279 0.0164205 -0.0307223 -0.0149102 0.00450955 0.0010925 -0.0568423 -0.0590888 0.0257918 0.0204792 0.0128985 0.00791052 0.0150791 -0.040494 0.0188474 0.0238993 0.0266362 0.0204114 0.0165969 0.02238 0.0116984 0.0112178 0.0116612 0.0169634
internal_weight=63812 30010 11614 18396 14521 10744 6815 33802 3777 5357 3875 3339 4799 4219 536 15704 18098 1458 7877 580 10632 5072 1810 5809 5436 3262 2441 10221 8991 4823
internal_count=63812 30010 11614 18396 14521 10744 6815 33802 3777 5357 3875 3339 4799 4219 536 15704 18098 1458 7877 580 10632 5072 1810 5809 5436 3262 2441 10221 8991 4823
is_linear=0
shrinkage=0.05


Tree=11
num_leaves=31
num_cat=0
split_feature=14 14 14 14 14 14 0 14 0 0 1 2 0 6 4 14 0 1 14 0 1 7 2 7 1 0 0 1 1 1
split_gain=6996.18 809.194 2227.97 461.532 421.095 936.834 303.659 174.425 167.589 112.214 130.899 74.6955 69.4605 55.8308 50.4686 31.6229 25.3955 13.9057 12.9361 12.1188 9.9563 10.7816 9.3819 9.35489 9.21365 8.98929 8.40834 5.97316 5.60624 4.49999
threshold=10.500000000000002 3.5000000000000004 2.5000000000000004 4.5000000000000009 9.5000000000000018 8.5000000000000018 17838.500000000004 13.500000000000002 258009.00000000003 10143.000000000002 1576923.0000000002 209076.50000000003 458799.00000000006 0.78710000000000002 4.5000000000000009 14.500000000000002 33908.000000000007 4031242.0000000005 12.500000000000002 12920.000000000002 1617733.0000000002 40.500000000000007 118146.00000000001 15.500000000000002 590018.50000000012 55985.500000000007 12380.000000000002 1528712.5000000002 441641.00000000006 953549.00000000012
decision_type=2 2 2 2 2 2 2 2 2 2 2 2 2 2 2 2 2 2 2 2 2 2 2 2 2 2 2 2 2 2
left_child=1 2 6 9 5 -5 11 16 -8 13 -11 -1 14 -3 -4 25 20 -14 23 26 21 -2 -22 -18 -21 27 -17 -9 -20 -6
right_child=7 3 12 4 29 -7 8 15 -10 10 -12 -13 17 -15 -16 19 18 -19 28 24 22 -23 -24 -25 -26 -27 -28 -29 -30 -31
leaf_value=-0.026100138437710824 0.010614958581934165 -0.028413461915200028 -0.056565421641123451 -0.013210207540370509 -0.0019283902989754972 -0.052150448735160893 -0.0061111584441581636 0.023802259548514993 0.020462815828429057 0.025646831390098629 0.0023734805861821227 0.019389128316427393 -0.034922878476345981 -0.0020725558066445821 -0.029734576334856384 0.015702178382564696 0.010940932008632831 -0.0059705385582889715 0.019199707544517962 0.023296268477539128 0.00844599722363624 0.016019582130862547 0.014847821267687114 0.016491555515955211 0.018280047551604294 0.025671852046059342 -0.00092185761304941895 0.019495599602512168 0.010608742788316331 -0.0052051600505906154
leaf_weight=2219 2810 312 4342 6936 1396 1987 3799 1340 703 839 2158 94 223 566 183 3047 902 51 207 1069 5026 1375 646 4820 6438 1700 78 2032 2312 4202
leaf_count=2219 2810 312 4342 6936 1396 1987 3799 1340 703 839 2158 94 223 566 183 3047 902 51 207 1069 5026 1375 646 4820 6438 1700 78 2032 2312 4202
internal_value=-2.32136e-08 -0.0175706 -0.0279038 -0.0110468 -0.015138 -0.021882 -0.00952646 0.0155995 -0.0019612 0.00428411 0.00888941 -0.0242507 -0.0540004 -0.011435 -0.055481 0.0194553 0.0122536 -0.0295381 0.0143022 0.0179051 0.0105407 0.012391 0.00917537 0.0156168 0.0189947 0.0227044 0.0152872 0.0212077 0.0113154 -0.00438807
internal_weight=63812 30010 11614 18396 14521 8923 6815 33802 4502 3875 2997 2313 4799 878 4525 15704 18098 274 8241 10632 9857 4185 5672 5722 7507 5072 3125 3372 2519 5598
internal_count=63812 30010 11614 18396 14521 8923 6815 33802 4502 3875 2997 2313 4799 878 4525 15704 18098 274 8241 10632 9857 4185 5672 5722 7507 5072 3125 3372 2519 5598
is_linear=0
shrinkage=0.05


Tree=12
num_leaves=31
num_cat=0
split_feature=0 1 0 1 7 7 7 5 2 0 2 0 5 4 2 2 2 5 10 10 1 1 2 1 1 7 5 0 0 0
split_gain=211.992 151 188.937 116.758 92.2799 75.6704 69.0321 62.5136 52.739 46.2637 42.0429 54.1987 40.1998 36.1757 33.839 37.2043 32.8506 30.9091 30.6568 27.4951 26.0366 28.7039 24.0455 22.6841 19.8008 19.5201 18.0465 15.1328 3.16158 1.37042
threshold=16152.500000000002 1617733.0000000002 327606.00000000006 1617733.0000000002 103.50000000000001 325.50000000000006 20.500000000000004 570568.50000000012 1006.0000000000001 64538.000000000007 10042.500000000002 9195.0000000000018 140347.00000000003 3.5000000000000004 13887.500000000002 11534.500000000002 1040903.5000000001 34890.500000000007 85.500000000000014 101.50000000000001 19672.500000000004 428049.50000000006 6572.0000000000009 15287250.000000002 92993.500000000015 24.500000000000004 198908.50000000003 12159.500000000002 644507.00000000012 6751.0000000000009
decision_type=2 2 2 2 2 2 2 2 2 2 2 2 2 2 2 2 2 2 2 2 2 2 2 2 2 2 2 2 2 2
left_child=3 13 4 6 17 7 10 8 -5 -6 11 -1 22 14 15 -2 27 -3 -16 23 -15 -22 -8 -4 -12 -9 -14 -7 -21 -18
right_child=1 2 19 5 9 16 12 25 -10 -11 24 -13 26 20 18 -17 29 -19 -20 28 21 -23 -24 -25 -26 -27 -28 -29 -30 -31
leaf_value=-0.0064066395468448615 0.0081486563472732681 -0.0023428487911577446 0.0085795008842114578 -0.032735788584997844 -0.001923531294217796 0.018631148725933321 0.068869443332895325 -0.095079804684733107 -0.0075012792602599928 0.0057044638562817711 0.004736603284612566 0.008296775010762902 -0.15082619236964798 -0.060970586028184982 0.0041798765287992153 0.02367622678122934 0.056178896538628877 -0.0081122526447192315 0.073254040679576235 0.067018643242887935 0.024220919408715551 0.0087092593797586191 0.003493816797557823 0.022069766978938345 -0.017273013265226369 -0.0099720889088380487 -0.039350548659572167 -0.010121781044905964 0.036538541129006272 0.079761798610750403
leaf_weight=2261 2053 16155 3728 211 3054 203 13.999999999999998 27 10828 5693 117 867 5.0000000000000027 10.999999999999998 7125 475 13 2711 15.999999999999998 9.9999999999999982 561 637 5734 340 805 8.9999999999999982 12.999999999999998 59 62 15
leaf_count=2261 2053 16155 3728 211 3054 203 14 27 10828 5693 117 867 5 11 7125 475 13 2711 16 10 561 637 5734 340 805 9 13 59 62 15
internal_value=-1.90495e-08 0.00203135 0.000289623 -0.00408855 -0.0012038 -0.00753855 -9.40819e-05 -0.0081988 -0.00798391 0.00304117 -0.0050971 -0.0023311 0.00342003 0.00711542 0.00609571 0.011067 0.0176702 -0.00317194 0.00433567 0.0102503 0.0152694 0.0159745 0.00365424 0.00970752 -0.0144798 -0.0738894 -0.0709782 0.0121549 0.040859 0.0690515
internal_weight=63812 42631 31753 21181 27613 11365 9816 11075 11039 8747 4050 3128 5766 10878 9669 2528 290 18866 7141 4140 1209 1198 5748 4068 922 36 18 262 72 28
internal_count=63812 42631 31753 21181 27613 11365 9816 11075 11039 8747 4050 3128 5766 10878 9669 2528 290 18866 7141 4140 1209 1198 5748 4068 922 36 18 262 72 28
is_linear=0
shrinkage=0.05


Tree=13
num_leaves=31
num_cat=0
split_feature=14 14 14 14 14 14 0 14 0 0 14 0 0 9 2 14 0 9 0 14 9 9 0 9 0 6 9 7 2 4
split_gain=6323.54 728.315 2011.78 416.404 410.374 454.772 268.502 157.02 112.557 107.143 93.0549 71.4271 71.2336 61.8183 37.8949 28.5946 27.2842 21.4207 20.1159 11.6848 10.8535 9.97795 8.93162 8.43078 7.28487 6.89691 6.39067 5.52646 5.36401 4.06319
threshold=10.500000000000002 3.5000000000000004 2.5000000000000004 4.5000000000000009 7.5000000000000009 8.5000000000000018 36166.000000000007 13.500000000000002 258009.00000000003 398651.00000000006 6.5000000000000009 9041.5000000000018 10143.000000000002 35.500000000000007 12874.500000000002 14.500000000000002 690876.00000000012 12.500000000000002 33908.000000000007 12.500000000000002 39.500000000000007 20.500000000000004 55985.500000000007 12.500000000000002 71276.500000000015 0.77840000000000009 40.500000000000007 23.500000000000004 11737.000000000002 3.5000000000000004
decision_type=2 2 2 2 2 2 2 2 2 2 2 2 2 2 2 2 2 2 2 2 2 2 2 2 2 2 2 2 2 2
left_child=1 2 6 9 10 -6 11 18 -8 12 -5 -1 -3 14 -4 24 -15 -11 20 23 28 27 -23 -20 26 -22 -9 -17 -2 -21
right_child=7 3 13 4 5 -7 8 15 -10 17 -12 -13 -14 16 -16 21 -18 -19 19 29 25 22 -24 -25 -26 -27 -28 -29 -30 -31
leaf_value=-0.027202101833440764 0.010557386504449111 -0.010658337938409545 -0.050295062739699303 -0.020232127111367949 0.0065222095102218866 -0.016056184092311642 -0.0035552472079451573 0.018840794345110001 0.019031851146703443 0.0029643777275414479 -0.035960163717389519 -0.01274157112510977 0.0057237404032981897 -0.046567409842796628 -0.062678640360257026 0.015717696220058336 -0.019710990759580729 0.039959532536155695 0.010625475536309666 0.010131051170004237 0.007628107334155261 0.016684411377497568 0.020404150916947209 0.015627145233975872 0.024631337912181663 0.013729384361665202 0.023208634652326865 0.010031659167782717 0.0077332842819153791 0.018566414008259102
leaf_weight=1428 3081 878 1183 1773 3159 7585 2559 2354 703 47 2004 2125 2716 2215 1302 3428 99 234 1028 2367 569 4006 2709 4694 1413 2501 1305 489 3706 152
leaf_count=1428 3081 878 1183 1773 3159 7585 2559 2354 703 47 2004 2125 2716 2215 1302 3428 99 234 1028 2367 569 4006 2709 4694 1413 2501 1305 489 3706 152
internal_value=-1.18743e-08 -0.0167046 -0.0265078 -0.0105155 -0.0144014 -0.00941758 -0.00904482 0.0148306 0.00131298 0.00404669 -0.0285778 -0.0185541 0.00172148 -0.051306 -0.0567856 0.018489 -0.0454193 0.033775 0.0116561 0.0134793 0.0101316 0.0170149 0.0181853 0.0147288 0.0215787 0.0125988 0.0203992 0.0150081 0.00901544 0.0106408
internal_weight=63812 30010 11614 18396 14521 10744 6815 33802 3262 3875 3777 3553 3594 4799 2485 15704 2314 281 18098 8241 9857 10632 6715 5722 5072 3070 3659 3917 6787 2519
internal_count=63812 30010 11614 18396 14521 10744 6815 33802 3262 3875 3777 3553 3594 4799 2485 15704 2314 281 18098 8241 9857 10632 6715 5722 5072 3070 3659 3917 6787 2519
is_linear=0
shrinkage=0.05


Tree=14
num_leaves=31
num_cat=0
split_feature=14 14 14 14 14 14 0 14 0 7 12 12 0 0 0 12 14 0 7 12 9 1 1 0 14 9 9 1 0 12
split_gain=5707.03 657.311 1815.65 375.807 388.411 836.909 242.476 141.711 130.958 98.1326 113.826 96.1167 58.393 41.4582 31.0707 29.1564 25.8071 18.4577 10.4314 9.45243 9.00792 8.3574 6.83639 6.57469 6.05541 7.74946 5.76772 5.12763 4.87462 3.73493
threshold=10.500000000000002 3.5000000000000004 2.5000000000000004 4.5000000000000009 9.5000000000000018 8.5000000000000018 18358.500000000004 13.500000000000002 258009.00000000003 85.500000000000014 8.5000000000000018 78.500000000000014 12920.000000000002 458799.00000000006 398651.00000000006 62.500000000000007 14.500000000000002 20347.500000000004 15.500000000000002 149.50000000000003 27.500000000000004 2604375.0000000005 14021444.500000002 71276.500000000015 12.500000000000002 39.500000000000007 40.500000000000007 1617733.0000000002 20013.000000000004 14.500000000000002
decision_type=2 2 2 2 2 2 2 2 2 2 2 2 2 2 2 2 2 2 2 2 2 2 2 2 2 2 2 2 2 2
left_child=1 2 6 9 5 -5 11 17 -8 10 -3 -1 15 -14 -11 -4 23 24 21 -20 28 -19 -22 26 25 -2 -9 -26 -18 -6
right_child=7 3 12 4 29 -7 8 16 -10 14 -12 -13 13 -15 -16 -17 20 18 19 -21 22 -23 -24 -25 27 -27 -28 -29 -30 -31
leaf_value=-0.029625143044379749 0.0089063197740704408 -0.014320184314571556 -0.06437685963803795 -0.011962116271262315 -0.0047911613306359313 -0.048767066713142786 -0.0054349162035491737 0.017898794533350301 0.018080393891984098 0.012437033505859741 0.0068203729726703704 -0.0089631276146949247 -0.046866409633540732 -0.026572725291912038 0.035607396299905905 -0.049757790736414377 0.013039050946205702 0.010714822334598004 0.012171528632753288 0.015954513334427375 0.017174027677754253 0.0024307266671003674 0.026799115598991747 0.023399857917935609 0.0096155085182319123 0.013266628258989206 0.02204829207486109 0.0049045698945348742 0.016223619351439369 -0.0021938772329607925
leaf_weight=1438 3654 1051 723 6936 2507 1987 3749 2354 703 1041 1615 925 3151 274 168 651 2511 1415 6703 2193 5618 388 191 1413 1058 1414 1305 1273 2312 3091
leaf_count=1438 3654 1051 723 6936 2507 1987 3749 2354 703 1041 1615 925 3151 274 168 651 2511 1415 6703 2193 5618 388 191 1413 1058 1414 1305 1273 2312 3091
internal_value=-1.18795e-08 -0.0158694 -0.0251825 -0.0099897 -0.0136814 -0.0201584 -0.0085926 0.0140891 -0.00172137 0.0038444 -0.00151396 -0.0215377 -0.0487409 -0.0452437 0.0156594 -0.0574545 0.0175646 0.0110733 0.0124013 0.0131043 0.0161642 0.00893234 0.017491 0.0204998 0.00915288 0.0101231 0.0193793 0.0070431 0.0145659 -0.00335711
internal_weight=63812 30010 11614 18396 14521 8923 6815 33802 4452 3875 2666 2363 4799 3425 1209 1374 15704 18098 10699 8896 10632 1803 5809 5072 7399 5068 3659 2331 4823 5598
internal_count=63812 30010 11614 18396 14521 8923 6815 33802 4452 3875 2666 2363 4799 3425 1209 1374 15704 18098 10699 8896 10632 1803 5809 5072 7399 5068 3659 2331 4823 5598
is_linear=0
shrinkage=0.05


Tree=15
num_leaves=31
num_cat=0
split_feature=14 14 14 14 14 14 0 14 12 12 0 0 12 7 12 14 5 0 8 14 5 0 0 12 7 14 0 7 2 4
split_gain=5150.62 593.23 1638.64 339.169 375.109 404.16 222.492 127.895 111.467 106.695 94.346 91.4871 108.55 54.4408 45.2267 23.2912 17.4307 16.7961 16.6866 10.549 8.56349 8.25367 7.65637 7.47276 7.01689 6.62105 5.94839 4.93358 3.86234 3.61845
threshold=10.500000000000002 3.5000000000000004 2.5000000000000004 4.5000000000000009 7.5000000000000009 8.5000000000000018 36166.000000000007 13.500000000000002 87.500000000000014 81.500000000000014 690876.00000000012 398651.00000000006 47.500000000000007 218.50000000000003 5.5000000000000009 14.500000000000002 153.00000000000003 33908.000000000007 8.5000000000000018 12.500000000000002 5134.0000000000009 12920.000000000002 12380.000000000002 39.500000000000007 10.500000000000002 12.500000000000002 55985.500000000007 510.50000000000006 884852.50000000012 3.5000000000000004
decision_type=2 2 2 2 2 2 2 2 2 2 2 2 2 2 2 2 2 2 2 2 2 2 2 2 2 2 2 2 2 2
left_child=1 2 6 11 8 -6 9 17 -5 -1 -8 12 -3 14 -4 26 -13 20 -15 24 25 22 -17 -23 -19 -2 27 -9 -28 -21
right_child=7 3 13 4 5 -7 10 15 -10 -11 -12 16 -14 18 -16 21 -18 19 -20 29 -22 23 -24 -25 -26 -27 28 -29 -30 -31
leaf_value=-0.02352096082451674 0.010707660862330775 -0.0068303247806126878 -0.054535102954850992 -0.033316224175526717 0.0067941964978375574 -0.014490752750534231 -0.00089639079152088101 0.018108329847734039 -0.015643501248725631 -0.0056168665644490377 0.034707166735343319 0.025593136664819067 0.010563386027058263 -0.02884282428118163 -0.043999335451114244 0.01359147601241332 0.059255204666527131 0.0081165861201226274 -0.061300034153981789 0.0090077155190528748 0.0056569882140881551 0.014803575606950142 -0.0022701967767560223 0.017971962906041763 0.013956429025035173 0.0076757351355023666 0.022234634752698539 0.042987584993613895 0.0054331919565754399 0.016967583365033012
leaf_weight=2223 5720 1872 1700 2331 3159 7585 3064 3352 1446 1330 198 235 1722 502 2554 3047 46 572 43 2367 1507 4068 78 3439 5150 2630 1665 20 35 152
leaf_count=2223 5720 1872 1700 2331 3159 7585 3064 3352 1446 1330 198 235 1722 502 2554 3047 46 572 43 2367 1507 4068 78 3439 5150 2630 1665 20 35 152
internal_value=-1.33043e-08 -0.015076 -0.0239235 -0.00949022 -0.0129973 -0.00823245 -0.00816299 0.0133847 -0.0265509 -0.0168192 0.00126571 0.00365223 0.00150362 -0.0463041 -0.0482109 0.0166864 0.0311228 0.0105197 -0.0314144 0.0121857 0.00912667 0.0153561 0.0131955 0.0162553 0.0133728 0.0097528 0.0194749 0.0182572 0.0218891 0.00948868
internal_weight=63812 30010 11614 18396 14521 10744 6815 33802 3777 3553 3262 3875 3594 4799 4254 15704 281 18098 545 8241 9857 10632 3125 7507 5722 8350 5072 3372 1700 2519
internal_count=63812 30010 11614 18396 14521 10744 6815 33802 3777 3553 3262 3875 3594 4799 4254 15704 281 18098 545 8241 9857 10632 3125 7507 5722 8350 5072 3372 1700 2519
is_linear=0
shrinkage=0.05


Tree=16
num_leaves=31
num_cat=0
split_feature=14 14 14 14 14 14 7 14 9 12 12 9 1 1 10 9 14 9 14 9 12 7 1 7 10 1 12 14 5 12
split_gain=4648.45 535.397 1478.89 306.105 355.901 748.577 158.294 115.426 86.9599 101.817 73.0198 52.2628 40.6208 36.6765 23.8424 22.4261 21.021 15.7297 10.0021 8.02649 7.09571 5.54524 5.47172 5.04687 4.94041 4.89661 4.87962 3.76898 3.59519 3.37097
threshold=10.500000000000002 3.5000000000000004 2.5000000000000004 4.5000000000000009 9.5000000000000018 8.5000000000000018 111.50000000000001 13.500000000000002 157.50000000000003 46.500000000000007 53.500000000000007 39.500000000000007 1227770.0000000002 3436522.0000000005 17.500000000000004 199.50000000000003 14.500000000000002 24.500000000000004 12.500000000000002 20.500000000000004 758.50000000000011 34.500000000000007 3708198.5000000005 23.500000000000004 23.500000000000004 16905791.000000004 66.500000000000014 12.500000000000002 5134.0000000000009 14.500000000000002
decision_type=2 2 2 2 2 2 2 2 2 2 2 2 2 2 2 2 2 2 2 2 2 2 2 2 2 2 2 2 2 2
left_child=1 2 6 8 5 -5 10 17 9 -3 -1 12 -4 -10 -13 -8 21 25 20 23 -19 -9 -23 -18 -20 28 -21 -27 -2 -6
right_child=7 3 11 4 29 -7 15 16 13 -11 -12 14 -14 -15 -16 -17 19 18 24 26 -22 22 -24 -25 -26 27 -28 -29 -30 -31
leaf_value=-0.016965793256854253 0.0090656116047201831 -0.0078113032177210473 -0.040161259564412903 -0.01079584817365563 -0.0038271040409009146 -0.045604335601832406 0.0010792550998242904 0.016670617620273331 0.028540290050767449 0.0096751070983168083 -0.0049421687557138806 -0.040243962377313001 -0.053258940800817625 -0.0046507156924656253 -0.0244748247177985 0.013102723776496086 0.013466465280550838 0.012025251488020208 0.0085140277315940791 0.014416866230706116 0.021333890767562994 0.020977368469680725 0.014980927049768642 0.00803365376998353 0.017634115188724431 0.0042677888523282451 0.017128706748055621 -0.013689352176775317 0.0065131167132350875 -0.0013596726846093787
leaf_weight=3052 5708 1758 906 6936 2507 1987 957 2282 433 1581 2154 1899 1719 103 275 652 3428 6972 3088 3692 211 2334 456 489 156 101 3023 41 1821 3091
leaf_count=3052 5708 1758 906 6936 2507 1987 957 2282 433 1581 2154 1899 1719 103 275 652 3428 6972 3088 3692 211 2334 456 489 156 101 3023 41 1821 3091
internal_value=-8.5208e-09 -0.0143222 -0.0227274 -0.0090157 -0.0123475 -0.0185475 -0.00775484 0.0127155 0.00346974 0.000468467 -0.0119912 -0.0439891 -0.0487401 0.0221625 -0.0382505 0.00595192 0.0158522 0.0099937 0.0112581 0.0145883 0.012299 0.0185012 0.0199979 0.0127885 0.00895313 0.00827486 0.0156379 -0.000923004 0.00844835 -0.00246473
internal_weight=63812 30010 11614 18396 14521 8923 6815 33802 3875 3339 5206 4799 2625 536 2174 1609 15704 18098 10427 10632 7183 5072 2790 3917 3244 7671 6715 142 7529 5598
internal_count=63812 30010 11614 18396 14521 8923 6815 33802 3875 3339 5206 4799 2625 536 2174 1609 15704 18098 10427 10632 7183 5072 2790 3917 3244 7671 6715 142 7529 5598
is_linear=0
shrinkage=0.05


Tree=17
num_leaves=31
num_cat=0
split_feature=14 14 14 14 14 14 0 0 14 12 0 12 4 0 6 0 12 14 0 7 12 0 0 5 12 0 12 5 12 8
split_gain=4195.25 483.201 1334.71 276.262 342.63 359.417 201.018 108.442 104.173 100.6 85.9616 71.2988 65.4181 51.9767 49.9387 36.5975 24.5406 18.9718 15.1183 8.57885 7.40699 7.36329 6.90321 6.74445 6.30951 5.35287 5.75904 5.21507 5.07153 4.58979
threshold=10.500000000000002 3.5000000000000004 2.5000000000000004 4.5000000000000009 7.5000000000000009 8.5000000000000018 17838.500000000004 258009.00000000003 13.500000000000002 87.500000000000014 10143.000000000002 78.500000000000014 4.5000000000000009 12920.000000000002 0.79060000000000008 690876.00000000012 62.500000000000007 14.500000000000002 20347.500000000004 8.5000000000000018 149.50000000000003 12920.000000000002 12380.000000000002 22219.000000000004 39.500000000000007 71276.500000000015 39.500000000000007 27988.500000000004 774.00000000000011 1.5000000000000002
decision_type=2 2 2 2 2 2 2 2 2 2 2 2 2 2 2 2 2 2 2 2 2 2 2 2 2 2 2 2 2 2
left_child=1 2 6 10 9 -6 11 -8 18 -5 14 -1 -12 16 -3 -15 -4 25 23 29 -21 22 -19 28 -23 26 -10 -25 -2 -20
right_child=8 3 13 4 5 -7 7 -9 17 -11 12 -13 -14 15 -16 -17 -18 21 19 20 -22 24 -24 27 -26 -27 -28 -29 -30 -31
leaf_value=-0.026378415074689788 0.0080069908596384892 -0.025787874039012754 -0.056359212970624628 -0.03111071528747111 0.0069942724475313481 -0.013077946877632158 -0.0045500762703184578 0.016826170132078929 0.014553707345490365 -0.014321624489477162 0.0057787030956010692 -0.0083862197246600701 0.042574847372238434 -0.039573743579436854 -0.0011846740438845101 -0.013807659265763182 -0.042950162970873049 0.012194297364687669 0.0073391782090869023 0.010354961960248861 0.013573124506029108 0.0133742803695418 -0.0028662623362985373 -0.0098185975898847089 0.016285575545148707 0.020192651244912908 0.018524993537863781 0.0044980645241608028 0.016537401607308988 -0.0038542370397731244
leaf_weight=1409 6545 331 723 2331 3159 7585 3799 703 1806 1446 2871 904 126 3281 547 144 651 3047 822 7416 2358 4068 78 71 3439 1413 1853 604 179 103
leaf_count=1409 6545 331 723 2331 3159 7585 3799 703 1806 1446 2871 904 126 3281 547 144 651 3047 822 7416 2358 4068 78 71 3439 1413 1853 604 179 103
internal_value=-1.0456e-08 -0.0136062 -0.0215911 -0.00856492 -0.0117301 -0.00717621 -0.0073671 -0.00121182 0.0120798 -0.0246837 0.00329628 -0.0193471 0.00732706 -0.0417898 -0.0104618 -0.0384909 -0.0500096 0.0150596 0.00949403 0.0106959 0.0111315 0.0138589 0.0118183 0.00775602 0.0147082 0.0175762 0.0165653 0.00299093 0.00823432 0.00609249
internal_weight=63812 30010 11614 18396 14521 10744 6815 4502 33802 3777 3875 2313 2997 4799 878 3425 1374 15704 18098 10699 9774 10632 3125 7399 7507 5072 3659 675 6724 925
internal_count=63812 30010 11614 18396 14521 10744 6815 4502 33802 3777 3875 2313 2997 4799 878 3425 1374 15704 18098 10699 9774 10632 3125 7399 7507 5072 3659 675 6724 925
is_linear=0
shrinkage=0.05


Tree=18
num_leaves=31
num_cat=0
split_feature=14 14 14 14 14 14 0 0 12 12 14 7 2 7 4 0 1 2 14 0 1 2 5 2 7 1 4 0 10 0
split_gain=3801.01 638.623 573.137 367.447 1041.43 332.872 270.805 183.393 179.182 111.7 94.0166 71.8684 49.6821 80.8385 39.3269 38.2972 34.3861 32.8239 17.1223 13.6756 9.37143 7.73072 6.7743 4.96623 3.25233 3.64668 1.76238 1.71938 1.60377 1.61382
threshold=9.5000000000000018 8.5000000000000018 7.5000000000000009 2.5000000000000004 3.5000000000000004 10.500000000000002 248498.50000000003 12159.500000000002 47.500000000000007 131.50000000000003 13.500000000000002 12.500000000000002 31485.500000000004 12.500000000000002 1.5000000000000002 829572.00000000012 3436522.0000000005 1254.0000000000002 14.500000000000002 33908.000000000007 448039.00000000006 3186.0000000000005 5134.0000000000009 60678.000000000007 117.50000000000001 875593.00000000012 8.5000000000000018 46757.000000000007 71.500000000000014 248498.50000000003
decision_type=2 2 2 2 2 2 2 2 2 2 2 2 2 2 2 2 2 2 2 2 2 2 2 2 2 2 2 2 2 2
left_child=1 2 3 7 -5 24 8 -1 -4 12 19 14 15 -14 -11 -3 -13 -8 23 22 -21 -20 -7 -12 25 26 -2 -27 29 -26
right_child=5 9 6 4 -6 10 17 -9 -10 11 18 16 13 -15 -16 -17 -18 -19 21 20 -22 -23 -24 -25 28 27 -28 -29 -30 -31
leaf_value=-0.020761787039774601 0.00023674286481510464 -0.041505259475125345 -0.011510360115305268 -0.03970044174015467 -0.009988947511941005 0.0083192983215151037 -0.080830928157357623 -0.0021106416559381115 0.01395083098749147 0.01336985763057323 0.015530391278106008 -0.021845299174967848 0.12278641931346207 -0.060114063588721373 0.13288888960708808 0.0566793071811484 -0.052450014874766249 0.047002458187333049 0.0077643660466261161 0.016324276748851459 0.01003228173908547 0.013502665341381288 0.0046764650175140114 0.018799796050051772 -1.5153440406924325e-05 -0.0040175212902894527 -0.024750161273273785 -0.0016108996104269452 -0.012393947617650773 0.0046887967315900675
leaf_weight=1786 1163 662 1394 4799 7652 8350 4.9999999999999991 5029 1370 46 3262 371 5.9999999999999991 762 7.9999999999999991 9.9999999999999982 122 390 624 642 7599 10008 1507 1810 925 2107 6.9999999999999991 1146 23 227
leaf_count=1786 1163 662 1394 4799 7652 8350 5 5029 1370 46 3262 371 6 762 8 10 122 390 624 642 7599 10008 1507 1810 925 2107 7 1146 23 227
internal_value=-1.50925e-08 -0.0155029 -0.0130956 -0.0163323 -0.0214409 0.00960552 0.00664457 -0.00699876 0.00110974 -0.0426704 0.0114758 -0.0234293 -0.0499772 -0.0586694 0.0312893 -0.040036 -0.029428 0.0453643 0.0143066 0.00901934 0.0105226 0.013166 0.00776241 0.0166975 -0.00168761 -0.00230877 8.51461e-05 -0.00316977 0.000650589 0.00091208
internal_weight=63812 24412 22425 19266 12451 39400 3159 6815 2764 1987 33802 547 1440 768 54 672 493 395 15704 18098 8241 10632 9857 5072 5598 4423 1170 3253 1175 1152
internal_count=63812 24412 22425 19266 12451 39400 3159 6815 2764 1987 33802 547 1440 768 54 672 493 395 15704 18098 8241 10632 9857 5072 5598 4423 1170 3253 1175 1152
is_linear=0
shrinkage=0.05


Tree=19
num_leaves=31
num_cat=0
split_feature=14 14 14 14 14 14 0 0 1 14 1 1 6 2 7 7 0 10 14 14 0 2 0 0 7 1 0 10 0 10
split_gain=3430.41 576.341 517.254 331.621 939.894 300.42 244.658 176.539 142.403 84.8502 77.4307 51.5345 58.7819 35.8167 52.3223 33.7316 29.8681 28.4331 15.4531 13.0769 11.087 6.97683 6.02439 4.6688 2.93523 3.33513 1.92427 1.44802 1.45654 0.979373
threshold=9.5000000000000018 8.5000000000000018 7.5000000000000009 2.5000000000000004 3.5000000000000004 10.500000000000002 234062.00000000003 111664.50000000001 1617733.0000000002 13.500000000000002 1617733.0000000002 170615.50000000003 1.0683500000000004 5572.5000000000009 13.500000000000002 12.500000000000002 517492.00000000006 16.500000000000004 14.500000000000002 12.500000000000002 33908.000000000007 3186.0000000000005 4530.5000000000009 71276.500000000015 117.50000000000001 555936.50000000012 46757.000000000007 71.500000000000014 248498.50000000003 91.000000000000014
decision_type=2 2 2 2 2 2 2 2 2 2 2 2 2 2 2 2 2 2 2 2 2 2 2 2 2 2 2 2 2 2
left_child=1 2 3 7 -5 24 8 -1 -4 19 11 15 -13 14 -12 -3 -8 -15 23 20 -7 -20 -21 -11 25 -2 -27 28 -26 -29
right_child=5 10 6 4 -6 9 16 -9 -10 18 13 12 -14 17 -16 -17 -18 -19 21 22 -22 -23 -24 -25 27 26 -28 29 -30 -31
leaf_value=-0.010912989031957747 0.00057922784590424593 0.0086347212264050992 0.015718517970223399 -0.037715460990021051 -0.0094895064557617131 0.0080991231626316579 0.030725580146346 0.0085379793426134717 -0.0077919759747344585 0.014918594467621072 -0.03333709803543413 -0.017122260558651195 -0.10639876876201929 -0.053187477334173207 0.072489782599092445 -0.062713959867208846 0.058162400006464998 -0.0275462414308172 0.007376209938787146 0.0024750398615575576 0.011089161954063405 0.012827538856509136 0.0072191813741963196 0.018305982196256447 -1.4395896322624952e-05 -0.0037008346839633153 -0.0012366286829390116 -0.021593288079766196 0.0044544601597608317 -0.00097012298752192992
leaf_weight=5321 871 19 1027 4799 7652 6771 230 1494 1727 3659 108 536 19 1043 12.999999999999998 128 175 121 624 777 5722 10008 4828 1413 925 2359 1193 12.000000000000002 227 10.999999999999998
leaf_count=5321 871 19 1027 4799 7652 6771 230 1494 1727 3659 108 536 19 1043 13 128 175 121 624 777 5722 10008 4828 1413 925 2359 1193 12 227 11
internal_value=-6.34605e-09 -0.0147278 -0.0124408 -0.0155157 -0.0203689 0.00912525 0.00631229 -0.00664884 0.000975625 0.010902 -0.0405365 -0.0271759 -0.0201972 -0.0478327 -0.0219168 -0.0534924 0.0425924 -0.0505246 0.0135913 0.00856839 0.00946869 0.0125077 0.00656157 0.0158626 -0.00160327 -0.00219337 -0.00287325 0.000618027 0.000866496 -0.0117769
internal_weight=63812 24412 22425 19266 12451 39400 3159 6815 2754 33802 1987 702 555 1285 121 147 405 1164 15704 18098 12493 10632 5605 5072 5598 4423 3552 1175 1152 23
internal_count=63812 24412 22425 19266 12451 39400 3159 6815 2754 33802 1987 702 555 1285 121 147 405 1164 15704 18098 12493 10632 5605 5072 5598 4423 3552 1175 1152 23
is_linear=0
shrinkage=0.05


Tree=20
num_leaves=31
num_cat=0
split_feature=14 14 14 14 14 14 7 12 12 7 14 7 1 4 12 6 10 1 14 14 7 12 1 12 12 4 6 1 10 10
split_gain=3095.96 520.17 466.829 299.289 848.256 271.13 129.144 98.9733 98.9461 109.85 76.5776 66.1999 48.1559 47.637 46.8094 39.6434 29.3952 29.272 13.9467 11.8019 10.4324 5.80809 5.50089 4.46596 2.86896 2.33023 1.96268 1.97297 1.78462 1.78001
threshold=9.5000000000000018 8.5000000000000018 7.5000000000000009 2.5000000000000004 3.5000000000000004 10.500000000000002 111.50000000000001 131.50000000000003 47.500000000000007 106.50000000000001 13.500000000000002 29.500000000000004 3563419.5000000005 4.5000000000000009 758.50000000000011 0.85100000000000009 9.5000000000000018 3086419.0000000005 14.500000000000002 12.500000000000002 42.500000000000007 33.500000000000007 1617733.0000000002 39.500000000000007 14.500000000000002 3.5000000000000004 0.78710000000000002 17883942.000000004 18.500000000000004 64.500000000000014
decision_type=2 2 2 2 2 2 2 2 2 2 2 2 2 2 2 2 2 2 2 2 2 2 2 2 2 2 2 2 2 2
left_child=1 2 3 6 -5 24 -1 13 9 -4 19 14 -10 15 -9 -3 -13 -15 23 20 -7 -20 -21 -12 26 28 27 -2 -26 -28
right_child=5 7 8 4 -6 10 -8 11 12 -11 18 16 -14 17 -16 -17 -18 -19 21 22 -22 -23 -24 -25 25 -27 29 -29 -30 -31
leaf_value=-0.010142847041110847 -0.0046728302520395457 -0.038501821263660169 -0.010275779385959957 -0.035829727209428057 -0.0090150372497486836 0.0075915030733161226 0.0060641227155531956 0.015789576373933158 0.020518130222823325 0.018710241123141885 0.013653883112667915 -0.03739786127865749 -1.999814797720829e-05 0.02823804289311449 -0.065593769171492969 -0.055329152984575893 0.0030505788117475563 -0.10072447505651737 0.010720880917762469 0.0084607512174538369 0.010482887109470578 0.013059320572235442 0.0051315639427930056 0.016627625576379975 -0.0011390317934301566 0.0041232565878706129 -0.0017139297642439193 -0.033230498310972433 0.0059741564477363493 -0.019551942425495978
leaf_weight=5206 753 706 1208 4799 7652 6428 1609 146 1120 448 2658 329 383 32 20 697 52 4.9999999999999991 5352 1855 6065 5280 3750 2414 2750 250 1734 5.9999999999999991 91 13.999999999999998
leaf_count=5206 753 706 1208 4799 7652 6428 1609 146 1120 448 2658 329 383 32 20 697 52 5 5352 1855 6065 5280 3750 2414 2750 250 1734 6 91 14
internal_value=-1.47737e-08 -0.0139914 -0.0118188 -0.0147399 -0.0193505 0.008669 -0.0063164 -0.0385102 0.00599683 -0.00243349 0.0103569 -0.020399 0.0152849 -0.0453881 0.00595077 -0.0468649 -0.031878 0.0105862 0.0129118 0.00813998 0.00899526 0.0118823 0.0062335 0.0150695 -0.00152312 -0.000503697 -0.00277995 -0.00490293 -0.000910987 -0.00185791
internal_weight=63812 24412 22425 19266 12451 39400 6815 1987 3159 1656 33802 547 1503 1440 166 1403 381 37 15704 18098 12493 10632 5605 5072 5598 3091 2507 759 2841 1748
internal_count=63812 24412 22425 19266 12451 39400 6815 1987 3159 1656 33802 547 1503 1440 166 1403 381 37 15704 18098 12493 10632 5605 5072 5598 3091 2507 759 2841 1748
is_linear=0
shrinkage=0.05


Tree=21
num_leaves=31
num_cat=0
split_feature=14 14 14 14 14 14 0 0 12 12 14 9 4 12 6 0 1 1 9 14 14 9 0 7 12 4 9 0 1 6
split_gain=2794.12 469.476 421.316 270.109 765.553 244.698 220.37 157.464 142.634 89.322 69.1115 59.9261 42.9775 38.1105 35.7787 27.2219 26.4625 22.8247 12.9128 12.587 9.86349 6.99067 6.98139 4.43025 2.58955 2.1031 2.09293 1.95661 1.45022 1.41727
threshold=9.5000000000000018 8.5000000000000018 7.5000000000000009 2.5000000000000004 3.5000000000000004 10.500000000000002 234062.00000000003 12159.500000000002 47.500000000000007 131.50000000000003 13.500000000000002 9.5000000000000018 4.5000000000000009 758.50000000000011 0.85100000000000009 485131.00000000006 3086419.0000000005 3436522.0000000005 186.50000000000003 14.500000000000002 12.500000000000002 191.50000000000003 55985.500000000007 34.500000000000007 14.500000000000002 3.5000000000000004 38.500000000000007 124015.00000000001 3356974.0000000005 0.76400000000000012
decision_type=2 2 2 2 2 2 2 2 2 2 2 2 2 2 2 2 2 2 2 2 2 2 2 2 2 2 2 2 2 2
left_child=1 2 3 7 -5 24 8 -1 -4 12 18 13 14 -11 -3 -8 -14 -13 20 23 -7 -20 -21 -12 26 27 -2 -26 -28 -27
right_child=5 9 6 4 -6 10 15 -9 -10 11 19 17 16 -15 -16 -17 -18 -19 21 22 -22 -23 -24 -25 25 29 28 -29 -30 -31
leaf_value=-0.018753595637316808 -0.0039339828842392009 -0.03657700179397718 -0.010672153925506064 -0.034038278266263378 -0.0085642913655897442 0.0081234993983798284 0.02798193970575329 -0.0014711922814184591 0.012085234522909038 0.041555380700035588 0.012680373090854669 -0.019029686765476138 0.026830538684455826 -0.081701173748768563 -0.052563092865388121 0.053989774584455003 -0.095787001591102761 -0.044163070975816024 0.023339308608038872 0.01036773890851903 0.0054712833716935097 0.010968496854548291 0.013073028722994219 0.015653454313462354 -0.0013435765740634378 0.012284005723612698 -0.00090445361692270817 0.0027350732701040296 -0.027628594023339892 0.0022226290256841174
leaf_weight=1786 1392 706 1386 4799 7652 11293 216 5029 1368 54 2282 366 32 6.9999999999999991 697 189 4.9999999999999991 120 123 7015 5085 1597 3617 2790 2508 42 1110 333 4.9999999999999991 208
leaf_count=1786 1392 706 1386 4799 7652 11293 216 5029 1368 54 2282 366 32 7 697 189 5 120 123 7015 5085 1597 3617 2790 2508 42 1110 333 5 208
internal_value=-3.24543e-08 -0.0132919 -0.0112278 -0.014003 -0.0183829 0.00823555 0.00569703 -0.00600058 0.000632198 -0.0365853 0.0098391 -0.0193798 -0.0431192 0.0273006 -0.044522 0.0401293 0.0100471 -0.0252433 0.00773299 0.0122662 0.00730008 0.0118545 0.0112882 0.0143161 -0.00144701 -0.000478498 -0.00264107 -0.000865429 -0.00102676 0.00391718
internal_weight=63812 24412 22425 19266 12451 39400 3159 6815 2754 1987 33802 547 1440 61 1403 405 37 486 18098 15704 16378 1720 10632 5072 5598 3091 2507 2841 1115 250
internal_count=63812 24412 22425 19266 12451 39400 3159 6815 2754 1987 33802 547 1440 61 1403 405 37 486 18098 15704 16378 1720 10632 5072 5598 3091 2507 2841 1115 250
is_linear=0
shrinkage=0.05


Tree=22
num_leaves=31
num_cat=0
split_feature=14 14 14 14 14 14 0 0 12 12 14 7 2 7 6 12 2 10 14 0 1 0 2 0 1 0 12 4 2 0
split_gain=2521.71 423.726 380.244 243.773 690.914 220.841 198.923 150.47 129.079 80.6103 62.3733 56.327 41.6272 73.0509 46.5718 39.984 29.1861 26.9266 11.3599 11.2841 9.03107 6.30076 5.26027 4.1976 2.44993 2.69315 2.11311 1.86984 1.51845 1.23843
threshold=9.5000000000000018 8.5000000000000018 7.5000000000000009 2.5000000000000004 3.5000000000000004 10.500000000000002 248498.50000000003 68647.500000000015 47.500000000000007 131.50000000000003 13.500000000000002 29.500000000000004 31485.500000000004 12.500000000000002 0.92890000000000017 758.50000000000011 1254.0000000000002 9.5000000000000018 14.500000000000002 20347.500000000004 137459.00000000003 55985.500000000007 1040903.5000000001 55985.500000000007 953549.00000000012 46757.000000000007 236.50000000000003 5.5000000000000009 358766.00000000006 64538.000000000007
decision_type=2 2 2 2 2 2 2 2 2 2 2 2 2 2 2 2 2 2 2 2 2 2 2 2 2 2 2 2 2 2
left_child=1 2 3 7 -5 24 8 -1 -4 12 19 15 14 -14 -3 -11 -8 -13 23 22 -21 -20 -7 -12 27 28 -27 29 -26 -2
right_child=5 9 6 4 -6 10 16 -9 -10 11 18 17 13 -15 -16 -17 -18 -19 21 20 -22 -23 -24 -25 25 26 -28 -29 -30 -31
leaf_value=-0.010831858830539214 -0.00055684175257145511 -0.025105459390502523 -0.010042701431226635 -0.032336399730861644 -0.0081360824689505323 0.0058034543582319584 -0.080370502144682651 0.0050562608985855358 0.011567503207662755 0.014986655049530879 0.012577821044935987 -0.0342833151374679 0.12354053727916031 -0.050292973789291387 -0.057521081498314197 -0.060229829466202069 0.040143107419297691 0.0044268884637076655 0.0098493593945912297 0.016169630164303551 0.0081134369912755737 0.012419395484997061 0.048866974216111955 0.015627565828129433 -0.0032884867274822361 -0.0011506698549685525 0.0042295773447886742 0.008398454837612649 0.0057819393639415191 0.0040712529136350826
leaf_weight=4614 1161 532 1394 4799 7652 7392 4.9999999999999991 2201 1370 146 3372 329 5.9999999999999991 762 140 20 390 52 7015 360 10339 3617 6.9999999999999991 1700 2294 1656 205 70 47 165
leaf_count=4614 1161 532 1394 4799 7652 7392 5 2201 1370 146 3372 329 6 762 140 20 390 52 7015 360 10339 3617 7 1700 2294 1656 205 70 47 165
internal_value=-4.31745e-08 -0.0126274 -0.0106664 -0.0133028 -0.0174638 0.00782379 0.00541231 -0.00570057 0.00066861 -0.0347567 0.00934716 -0.0184117 -0.0409638 -0.048919 -0.0318663 0.00589362 0.0385977 -0.0290003 0.0116529 0.00734635 0.00838466 0.0107238 0.00584486 0.0136003 -0.00137468 -0.00197757 -0.000557809 0.000440045 -0.00310614 1.9316e-05
internal_weight=63812 24412 22425 19266 12451 39400 3159 6815 2764 1987 33802 547 1440 768 672 166 395 381 15704 18098 10699 10632 7399 5072 5598 4202 1861 1396 2341 1326
internal_count=63812 24412 22425 19266 12451 39400 3159 6815 2764 1987 33802 547 1440 768 672 166 395 381 15704 18098 10699 10632 7399 5072 5598 4202 1861 1396 2341 1326
is_linear=0
shrinkage=0.05


Tree=23
num_leaves=31
num_cat=0
split_feature=14 14 14 0 14 14 0 12 12 12 14 7 4 4 12 1 10 0 14 0 1 0 12 1 7 1 0 10 0 12
split_gain=2275.85 382.419 343.168 222.945 212.026 199.309 179.855 146.984 116.183 72.7463 56.2917 51.6551 38.9134 34.5539 30.3472 27.2641 27.1739 24.2381 10.2525 10.1837 8.2234 5.9391 4.57709 4.21247 2.291 2.59538 1.54152 1.22484 1.27086 0.882115
threshold=9.5000000000000018 8.5000000000000018 7.5000000000000009 16152.500000000002 6.5000000000000009 10.500000000000002 234062.00000000003 46.500000000000007 47.500000000000007 131.50000000000003 13.500000000000002 12.500000000000002 4.5000000000000009 1.5000000000000002 120.50000000000001 3436522.0000000005 10.500000000000002 517492.00000000006 14.500000000000002 20347.500000000004 194025.50000000003 12920.000000000002 774.00000000000011 3708198.5000000005 117.50000000000001 555936.50000000012 46757.000000000007 71.500000000000014 248498.50000000003 124.50000000000001
decision_type=2 2 2 2 2 2 2 2 2 2 2 2 2 2 2 2 2 2 2 2 2 2 2 2 2 2 2 2 2 2
left_child=1 2 3 7 -5 24 8 -1 -4 12 19 13 14 -11 -3 -13 -14 -8 23 22 -21 -20 -7 -12 25 -2 -27 28 -26 -29
right_child=5 9 6 4 -6 10 17 -9 -10 11 18 15 16 -15 -16 -17 -18 -19 21 20 -22 -23 -24 -25 27 26 -28 29 -30 -31
leaf_value=-0.028789100797557299 0.00061858062578053837 -0.039034525464600379 -0.0096364848920393494 -0.0067967628012482011 -0.027202292454280866 0.0053495194788513245 0.025559953797603757 -0.013177902994037366 0.010902684957403133 0.012100148087452266 0.013510911114319575 -0.015827386284398122 -0.0072893813054805013 0.124130157040961 -0.084914591404385967 -0.043075494144804459 0.10813985691695918 0.050272826955301088 0.0083553098427088211 0.014187251919881613 0.0076564397871215911 0.0109502398701583 0.013170683977059838 0.009400483455011481 6.2186417471811356e-05 -0.0031677418412198004 -0.00096220438699569366 -0.017856305514443786 0.0042364969960311761 0.0026493818487650085
leaf_weight=2871 871 1366 1386 11792 1427 7207 230 3176 1368 46 4343 371 31 7.9999999999999991 37 122 5.9999999999999991 175 3125 506 10193 7507 192 729 925 2359 1193 15.000000000000002 227 7.9999999999999991
leaf_count=2871 871 1366 1386 11792 1427 7207 230 3176 1368 46 4343 371 31 8 37 122 6 175 3125 506 10193 7507 192 729 925 2359 1193 15 227 8
internal_value=-4.27928e-08 -0.011996 -0.0101331 -0.0126377 -0.00899974 0.00743262 0.00514164 -0.0205902 0.000566004 -0.0330191 0.00887982 -0.0174918 -0.0389157 0.028896 -0.0402504 -0.0225777 0.0116699 0.0362481 0.0110703 0.00697905 0.00796544 0.0101876 0.00555265 0.0129203 -0.00130593 -0.00182727 -0.00242702 0.000656512 0.000885025 -0.0107433
internal_weight=63812 24412 22425 19266 13219 39400 3159 6047 2754 1987 33802 547 1440 54 1403 493 37 405 15704 18098 10699 10632 7399 5072 5598 4423 3552 1175 1152 23
internal_count=63812 24412 22425 19266 13219 39400 3159 6047 2754 1987 33802 547 1440 54 1403 493 37 405 15704 18098 10699 10632 7399 5072 5598 4423 3552 1175 1152 23
is_linear=0
shrinkage=0.05


Tree=24
num_leaves=31
num_cat=0
split_feature=14 14 0 1 7 14 14 14 14 12 14 7 2 7 6 12 12 1 14 14 12 7 0 0 12 5 0 4 0 5
split_gain=2053.96 345.129 319.656 341.603 288.75 221.32 179.877 114.2 125.544 65.6586 50.8033 48.0715 37.7511 66.0108 41.8692 35.6381 22.8738 13.9501 9.69023 9.40343 10.4888 8.72473 8.60039 5.0388 2.12371 1.81906 1.98417 1.74675 2.05738 1.65245
threshold=9.5000000000000018 8.5000000000000018 347831.50000000006 1617733.0000000002 103.50000000000001 3.5000000000000004 10.500000000000002 7.5000000000000009 6.5000000000000009 131.50000000000003 13.500000000000002 29.500000000000004 31485.500000000004 12.500000000000002 0.92890000000000017 758.50000000000011 1098.5000000000002 1183513.0000000002 12.500000000000002 15.500000000000002 39.500000000000007 42.500000000000007 13150.000000000002 4530.5000000000009 14.500000000000002 226696.50000000003 70226.500000000015 2.5000000000000004 46165.500000000007 73699.000000000015
decision_type=2 2 2 2 2 2 2 2 2 2 2 2 2 2 2 2 2 2 2 2 2 2 2 2 2 2 2 2 2 2
left_child=1 2 3 5 -5 -1 24 8 -4 12 18 15 14 -14 -3 -11 -13 -9 21 20 -12 -8 -21 -20 25 26 -2 29 -29 -26
right_child=6 9 7 4 -6 -7 10 17 -10 11 19 16 13 -15 -16 -17 -18 -19 23 22 -22 -23 -24 -25 27 -27 -28 28 -30 -31
leaf_value=-0.011334980495096205 -0.003155458578394272 -0.021897386631399274 0.010372620585457461 -0.020748193274022938 -0.0044716951615483263 0.0062294170348561545 0.0061214076386048961 -0.0074873714158866581 -0.032316077557283267 0.014421468437442138 0.0098828603467376978 -0.028793323770352167 0.11938450766391442 -0.045851522713964143 -0.052631251731997813 -0.056589903050468328 0.036141566350950415 0.042005972880028775 0.0011654995857500545 0.0058844523651569412 0.013110448392946936 0.0087655025705149509 0.010156705938539141 0.0055040441242800268 -0.0011200052251618012 -0.0097841352398605041 -0.00018131387327472898 0.00029516221040230172 0.0077151569194388904 0.0049065724002040215
leaf_weight=3610 1549 532 1365 9599 3805 3564 6428 14.999999999999998 197 146 5256 367 5.9999999999999991 762 140 20 13.999999999999998 270 777 1683 4835 6065 3930 4828 2530 79 879 308 134 119
leaf_count=3610 1549 532 1365 9599 3805 3564 6428 15 197 146 5256 367 6 762 140 20 14 270 777 1683 4835 6065 3930 4828 2530 79 879 308 134 119
internal_value=-3.10311e-08 -0.0113962 -0.00962647 -0.0114149 -0.0161278 -0.00260913 0.00706099 0.0102988 0.00498698 -0.031368 0.00843584 -0.0166165 -0.03697 -0.0445452 -0.0283072 0.00583696 -0.0263984 0.0393993 0.00663011 0.0105168 0.0114294 0.0074051 0.00887584 0.00490264 -0.00124064 -0.00232198 -0.00207879 -0.000363563 0.0025459 -0.000849101
internal_weight=63812 24412 22425 20578 13404 7174 39400 1847 1562 1987 33802 547 1440 768 672 166 381 285 18098 15704 10091 12493 5613 5605 5598 2507 2428 3091 442 2649
internal_count=63812 24412 22425 20578 13404 7174 39400 1847 1562 1987 33802 547 1440 768 672 166 381 285 18098 15704 10091 12493 5613 5605 5598 2507 2428 3091 442 2649
is_linear=0
shrinkage=0.05


Tree=25
num_leaves=31
num_cat=0
split_feature=14 14 14 14 14 14 0 0 1 1 1 1 14 9 0 2 9 9 9 9 14 0 8 2 9 2 7 0 4 8
split_gain=1853.7 311.481 296.956 222.7 619.021 162.34 152.023 126.122 101.811 54.1393 47.8552 53.5445 45.8502 31.3048 30.9461 28.5843 54.5951 26.8721 10.9894 9.28593 8.07133 6.5445 6.43246 5.40344 2.05365 2.31081 2.29286 1.60189 1.442 1.59491
threshold=9.5000000000000018 8.5000000000000018 7.5000000000000009 2.5000000000000004 3.5000000000000004 10.500000000000002 151281.50000000003 111664.50000000001 1617733.0000000002 1617733.0000000002 170615.50000000003 244952.00000000003 13.500000000000002 5.5000000000000009 485131.00000000006 5572.5000000000009 10.500000000000002 297.50000000000006 186.50000000000003 27.500000000000004 12.500000000000002 55985.500000000007 3.5000000000000004 24176.500000000004 38.500000000000007 14384.000000000002 1.0000000180025095e-35 47729.000000000007 5.5000000000000009 7.5000000000000009
decision_type=2 2 2 2 2 2 2 2 2 2 2 2 2 2 2 2 2 2 2 2 2 2 2 2 2 2 2 2 2 2
left_child=1 2 3 7 -5 24 8 -1 -4 10 13 -12 18 -3 -8 16 -11 -17 20 23 -7 -21 -20 -14 25 26 -2 -27 -26 -30
right_child=5 9 6 4 -6 12 14 -9 -10 15 11 -13 19 -15 -16 17 -18 -19 22 21 -22 -23 -24 -25 28 27 -28 -29 29 -31
leaf_value=-0.007812977536496216 -0.009757142558724884 0.045979638184819906 0.012298701392281508 -0.02952960474213083 -0.0066229696441183032 0.0066441149774019662 0.020188238870229969 0.0086275507931825278 -0.008047701804999724 -0.026808504430734337 0.037401478685542736 -0.016794573298265111 0.0094125587997688845 -0.049882687115738317 0.044889071141923712 -0.040396106540853821 0.067349128126686447 -0.010692912445434265 0.013376108613520891 0.0098918349398317441 0.0042449688534356321 0.012681107157410651 0.0072446888633191028 0.0061474937346551808 -0.00041327317246391454 -0.0044359233945341203 -0.00023562008227886287 -0.00096952782394109827 0.0069323529041969605 -0.0073802926097855425
leaf_weight=5321 66 8.9999999999999982 1008 4799 7652 11293 386 1494 1576 103 50 505 5484 138 189 1082 18 82 801 4858 5085 3713 919 1649 2355 1096 1455 479 124 23
leaf_count=5321 66 9 1008 4799 7652 11293 386 1494 1576 103 50 505 5484 138 189 1082 18 82 801 4858 5085 3713 919 1649 2355 1096 1455 479 124 23
internal_value=-2.8997e-08 -0.0108264 -0.00914515 -0.011475 -0.0154521 0.00670795 0.00506396 -0.00420877 -0.000110546 -0.0297997 -0.0186291 -0.0119062 0.00801406 -0.0439863 0.0283137 -0.0359003 -0.0127575 -0.0383047 0.00629861 0.00999096 0.00589926 0.0111003 0.0101007 0.00865784 -0.00117861 -0.00203951 -0.000649397 -0.00338183 -0.000113297 0.00468946
internal_weight=63812 24412 22425 19266 12451 39400 3159 6815 2584 1987 702 555 33802 147 575 1285 121 1164 18098 15704 16378 8571 1720 7133 5598 3096 1521 1575 2502 147
internal_count=63812 24412 22425 19266 12451 39400 3159 6815 2584 1987 702 555 33802 147 575 1285 121 1164 18098 15704 16378 8571 1720 7133 5598 3096 1521 1575 2502 147
is_linear=0
shrinkage=0.05


Tree=26
num_leaves=31
num_cat=0
split_feature=12 1 0 0 4 0 1 0 8 2 1 7 1 3 9 0 2 2 9 7 0 6 9 6 0 7 0 4 5 2
split_gain=150.628 146.609 134.843 94.3175 73.4632 67.7833 59.635 59.3776 51.2715 50.9875 49.8485 45.9503 43.978 44.0614 38.1458 37.9282 32.3691 32.1962 31.3921 30.6977 29.9962 24.1858 29.0138 20.7339 14.6631 23.1362 25.9684 15.4224 14.2621 11.7641
threshold=47.500000000000007 3318083.0000000005 300438.00000000006 13150.000000000002 2.5000000000000004 26413.500000000004 970402.00000000012 760406.00000000012 6.5000000000000009 316312.50000000006 2085995.0000000002 531.50000000000011 3230802.5000000005 1.0000000180025095e-35 88.500000000000014 30704.000000000004 9478.5000000000018 13640.000000000002 231.50000000000003 453.00000000000006 2718.0000000000005 0.82940000000000003 24.500000000000004 0.80820000000000014 559261.00000000012 10.500000000000002 347831.50000000006 11.500000000000002 648716.00000000012 34938.000000000007
decision_type=2 2 2 2 2 2 2 2 2 2 2 2 2 2 2 2 2 2 2 2 2 2 2 2 2 2 2 2 2 2
left_child=2 3 5 12 19 10 8 9 -7 18 16 -11 13 -2 -8 -6 -1 -14 -3 -5 -12 23 -23 -9 25 26 -4 28 -26 -27
right_child=1 7 24 4 15 6 14 21 -10 11 20 -13 17 -15 -16 -17 -18 -19 -20 -21 -22 22 -24 -25 27 29 -28 -29 -30 -31
leaf_value=-0.00094329084763351183 0.0035205314696036757 -0.0048146716830964123 -0.084127881802803228 0.0052323973661181607 0.0071346151435892754 0.011690411817926689 -0.003467916327713109 0.0090766189963571182 -0.091840980097282032 0.015236374663142255 -0.031475220126959927 -0.010653108794737113 0.10446785183142354 -0.0039518829302499009 0.001904488063590211 0.019931299106104198 -0.006420681247098799 0.022136394737982283 -0.020906827810758546 0.025195775496830886 -0.011507281537226539 0.00027047962755494834 0.038419664302546792 -0.040092531977028681 0.012378873879864121 0.016046504447719264 -0.0080104904426459272 -0.062605894419928684 -0.0094201950716648348 0.0042081337490584812
leaf_weight=3840 4379 6416 11.999999999999998 10707 926 1029 11085 120 11.999999999999998 581 222 243 14.999999999999998 3590 4707 1546 9064 56 318 196 1230 73 157 26 1469 250 152 6.9999999999999991 79 1305
leaf_count=3840 4379 6416 12 10707 926 1029 11085 120 12 581 222 243 15 3590 4707 1546 9064 56 318 196 1230 73 157 26 1469 250 152 7 79 1305
internal_value=-2.02146e-08 0.00263237 -0.00224179 0.00478337 0.00735605 -0.00325511 -0.00110249 -0.00317347 0.0104883 -0.00413831 -0.00577913 0.00760112 0.000503529 0.000154234 -0.0018666 0.0151382 -0.00479073 0.0396528 -0.00557489 0.0055915 -0.0145622 0.0162169 0.0263168 0.00029902 0.00741122 0.00422833 -0.0136279 0.0109293 0.0112659 0.00611232
internal_weight=63812 29349 34463 21415 13375 31189 16833 7934 1041 7558 14356 824 8040 7969 15792 2472 12904 71 6734 10903 1452 376 230 146 3274 1719 164 1555 1548 1555
internal_count=63812 29349 34463 21415 13375 31189 16833 7934 1041 7558 14356 824 8040 7969 15792 2472 12904 71 6734 10903 1452 376 230 146 3274 1719 164 1555 1548 1555
is_linear=0
shrinkage=0.05


Tree=27
num_leaves=31
num_cat=0
split_feature=14 14 14 14 14 14 9 12 12 12 9 14 2 5 1 12 1 11 9 14 12 2 2 5 7 5 1 10 6 9
split_gain=1678.75 281.679 267.747 205.422 324.596 146.534 66.9748 86.4543 66.8257 56.4587 44.3097 41.1289 38.3821 34.3156 33.5552 29.3016 22.9993 21.5221 9.22237 8.8374 6.43201 5.82249 4.95557 3.77168 1.75694 1.67216 1.50331 1.70208 0.954809 0.773636
threshold=9.5000000000000018 8.5000000000000018 7.5000000000000009 6.5000000000000009 3.5000000000000004 10.500000000000002 88.500000000000014 47.500000000000007 78.500000000000014 131.50000000000003 9.5000000000000018 13.500000000000002 659968.00000000012 226696.50000000003 1617733.0000000002 758.50000000000011 4870668.0000000009 1.0000000180025095e-35 24.500000000000004 14.500000000000002 682.50000000000011 3186.0000000000005 9478.5000000000018 43582.000000000007 1.0000000180025095e-35 965.00000000000011 544978.00000000012 15.500000000000002 0.7593000000000002 30.500000000000004
decision_type=2 2 2 2 2 2 2 2 2 2 2 2 2 2 2 2 2 2 2 2 2 2 2 2 2 2 2 2 2 2
left_child=1 2 3 4 -1 24 7 -4 -5 13 15 18 -8 14 -3 -11 -15 -12 22 23 -20 -21 -7 -13 25 28 29 -28 -2 -26
right_child=5 9 6 8 -6 11 12 -9 -10 10 17 19 -14 16 -16 -17 -18 -19 20 21 -22 -23 -24 -25 26 -27 27 -29 -30 -31
leaf_value=-0.013938422309822769 0.014366655453744499 -0.022241638642090722 -0.0085787676868135498 -0.033296509098867333 0.00067485715187401408 0.0060831366821279074 0.013805610784702339 0.010572145554351016 -0.014531838984694635 0.037968872008284006 -0.017049747084936132 0.011622553413923799 0.051595657784868833 0.033177269283438879 -0.039518838612634333 -0.07011374285523321 -0.081957300504048675 -0.061413064445416957 0.0067265622314823864 0.0039904925078934816 0.013362065427456335 0.0089695299621569656 0.0035294527813647079 0.0066561688627487878 -0.00044450572671964192 -0.013354482894845983 -0.0016299471612420025 0.0024769541370470169 -0.0068838840669339851 0.0024011682672485969
leaf_weight=11614 10.000000000000002 389 1235 1232 5648 3467 723 1127 772 54 457 4655 74 29 1017 6.9999999999999991 4.9999999999999991 29 10048 624 379 10008 4204 417 557 54 4280 268 10.999999999999998 418
leaf_count=11614 10 389 1235 1232 5648 3467 723 1127 772 54 457 4655 74 29 1017 7 5 29 10048 624 379 10008 4204 417 557 54 4280 268 11 418
internal_value=-2.64914e-08 -0.0103029 -0.00870404 -0.0109163 -0.00915709 0.00638356 0.00478817 0.000558922 -0.0260689 -0.0283456 -0.0146669 0.00762446 0.0173204 -0.0335403 -0.0347407 0.0254715 0.016055 -0.019709 0.00599973 0.00949681 0.00696787 0.00867735 0.00468368 0.0112144 -0.00110926 -0.00870553 -0.00100595 -0.00138789 0.00325555 0.000775607
internal_weight=63812 24412 22425 19266 17262 39400 3159 2362 2004 1987 547 33802 797 1440 1406 61 34 486 18098 15704 10427 10632 7671 5072 5598 75 5523 4548 21 975
internal_count=63812 24412 22425 19266 17262 39400 3159 2362 2004 1987 547 33802 797 1440 1406 61 34 486 18098 15704 10427 10632 7671 5072 5598 75 5523 4548 21 975
is_linear=0
shrinkage=0.05


Tree=28
num_leaves=31
num_cat=0
split_feature=14 14 0 14 14 1 14 9 7 0 1 1 1 14 9 2 9 9 9 14 14 0 9 9 7 5 4 0 8 6
split_gain=1515.08 254.23 264.09 216.833 184.599 132.928 132.248 103.128 96.2553 86.4393 43.3118 42.2086 48.2271 37.1189 27.7914 25.5701 49.4116 24.1917 8.55337 8.06412 7.30891 6.78856 6.18068 4.6637 1.58581 1.5097 1.47663 1.3691 1.34167 0.862587
threshold=9.5000000000000018 8.5000000000000018 16152.500000000002 7.5000000000000009 2.5000000000000004 1617733.0000000002 10.500000000000002 268.50000000000006 20.500000000000004 248498.50000000003 1617733.0000000002 170615.50000000003 244952.00000000003 13.500000000000002 5.5000000000000009 5572.5000000000009 10.500000000000002 239.50000000000003 186.50000000000003 15.500000000000002 12.500000000000002 13150.000000000002 191.50000000000003 18.500000000000004 1.0000000180025095e-35 965.00000000000011 5.5000000000000009 46757.000000000007 7.5000000000000009 0.7593000000000002
decision_type=2 2 2 2 2 2 2 2 2 2 2 2 2 2 2 2 2 2 2 2 2 2 2 2 2 2 2 2 2 2
left_child=1 2 5 4 -4 8 24 -7 -1 -5 11 14 -13 18 -3 16 -12 -17 20 23 -8 -21 -20 -15 25 29 27 -26 -28 -2
right_child=6 10 3 9 -6 7 13 -9 -10 -11 15 12 -14 19 -16 17 -18 -19 22 21 -22 -23 -24 -25 26 -27 28 -29 -30 -31
leaf_value=-0.019217003069316868 0.013655434832862105 0.044011562571420776 0.00096319182988701844 0.0052692183345073897 -0.011401189259806554 -0.024364923876555568 0.0060562273631300087 0.025897160433870799 -0.0019938342912590098 0.031078081998066099 -0.023867261174173756 0.036171129542196583 -0.015263203200719139 0.0083704813641539283 -0.046307537367514827 -0.037080726594561873 0.065707686629907863 -0.013184109656968227 0.019851735612804226 0.0048448089081919088 0.0037732218838625281 0.0086403998531773742 0.0082212543226326332 0.010639708451317103 -0.001722358398518038 -0.012687992999182116 0.0057666731456394024 -7.8425324594442019e-05 -0.007290042969055506 -0.0065427904797566916
leaf_weight=1384 10.000000000000002 8.9999999999999982 4665 1814 8554 3548 11293 105 1960 395 103 50 505 3436 138 1046 18 118 123 1683 5085 3930 1597 6655 3319 54 133 2048 23 10.999999999999998
leaf_count=1384 10 9 4665 1814 8554 3548 11293 105 1960 395 103 50 505 3436 138 1046 18 118 123 1683 5085 3930 1597 6655 3319 54 133 2048 23 11
internal_value=-3.75189e-08 -0.00978776 -0.00826883 -0.00461468 -0.00703781 -0.0163259 0.00606439 -0.0229195 -0.00912245 0.0098854 -0.0269289 -0.0169375 -0.0106238 0.00724324 -0.0407516 -0.0323855 -0.0104988 -0.0346596 0.00569975 0.00902198 0.00534743 0.00750244 0.00905407 0.00986712 -0.0010538 -0.00827065 -0.000955651 -0.00109506 0.00383821 0.00309455
internal_weight=63812 24412 22425 15428 13219 6997 39400 3653 3344 2209 1987 702 555 33802 147 1285 121 1164 18098 15704 16378 5613 1720 10091 5598 75 5523 5367 156 21
internal_count=63812 24412 22425 15428 13219 6997 39400 3653 3344 2209 1987 702 555 33802 147 1285 121 1164 18098 15704 16378 5613 1720 10091 5598 75 5523 5367 156 21
is_linear=0
shrinkage=0.05


Tree=29
num_leaves=31
num_cat=0
split_feature=14 0 1 9 0 14 9 14 1 6 14 14 14 14 9 9 6 3 9 14 12 9 1 0 12 5 10 5 5 10
split_gain=1367.36 235.997 311.57 221.813 197.406 119.354 110.931 97.7537 84.0326 77.9578 67.4013 72.5558 107.302 33.4998 20.6434 38.8283 26.6171 13.3223 8.09453 7.5708 6.25385 4.62316 4.41916 3.84843 1.48342 1.65596 1.42596 1.28132 1.42774 1.05881
threshold=9.5000000000000018 347831.50000000006 1617733.0000000002 53.500000000000007 8026.0000000000009 10.500000000000002 37.500000000000007 8.5000000000000018 3708198.5000000005 1.0575000000000003 8.5000000000000018 7.5000000000000009 6.5000000000000009 13.500000000000002 79.500000000000014 312.50000000000006 0.78710000000000002 1.0000000180025095e-35 24.500000000000004 14.500000000000002 39.500000000000007 20.500000000000004 16905791.000000004 49.000000000000007 14.500000000000002 796165.00000000012 71.500000000000014 73699.000000000015 47319.500000000007 1.0000000180025095e-35
decision_type=2 2 2 2 2 2 2 2 2 2 2 2 2 2 2 2 2 2 2 2 2 2 2 2 2 2 2 2 2 2
left_child=1 2 4 8 6 24 -1 -5 -4 -6 11 12 -3 18 16 -16 -12 -13 22 23 -20 -21 -7 -15 25 26 -2 28 -26 -29
right_child=5 10 3 7 9 13 -8 -9 -10 -11 14 17 -14 19 15 -17 -18 -19 20 21 -22 -23 -24 -25 27 -27 -28 29 -30 -31
leaf_value=-0.022956432779592327 -0.00172894671814797 0.010572241594477684 -0.017759653100027362 -0.0056909439881843542 0.0032806776367756934 0.0043466580623389766 0.0027084577283727606 -0.030072814248246146 -0.030220995899233695 -0.0252071069104709 0.056357381408972465 0.022957015714463964 -0.02889335085555178 0.033186967757360707 -0.061666394635539051 0.0039871660647568877 -0.019736320214063366 0.044664259701064829 0.0050679460409378818 0.0064468728853742012 0.0075179408335661864 0.0086088810239002243 -0.0045543098017733277 0.010077936945840155 -0.00033128948205518057 -0.021175085222935892 -0.017675390559519437 0.0090386083155149059 -0.009016210261709106 -0.00044685300341377597
leaf_weight=1522 2482 1365 7040 5382 5507 7529 582 445 1675 251 14.999999999999998 153 197 18 63 35 48 132 5091 3917 5336 6715 142 5054 2924 10.999999999999998 13.999999999999998 66 48 53
leaf_count=1522 2482 1365 7040 5382 5507 7529 582 445 1675 251 15 153 197 18 63 35 48 132 5091 3917 5336 6715 142 5054 2924 11 14 66 48 53
internal_value=-2.95021e-08 -0.00929837 -0.0107701 -0.0151056 -0.0027509 0.00576118 -0.0158573 -0.00755344 -0.020155 0.00203844 0.00712247 0.00982738 0.0055933 0.00688109 -0.0238952 -0.0382385 -0.00155817 0.033023 0.00541478 0.00857089 0.00632179 0.00781243 0.00418183 0.0101606 -0.00100112 -0.00190486 -0.00181909 -0.000268086 -0.000471856 0.00481716
internal_weight=63812 24412 22404 14542 7862 39400 2104 5827 8715 5758 2008 1847 1562 33802 161 98 63 285 18098 15704 10427 10632 7671 5072 5598 2507 2496 3091 2972 119
internal_count=63812 24412 22404 14542 7862 39400 2104 5827 8715 5758 2008 1847 1562 33802 161 98 63 285 18098 15704 10427 10632 7671 5072 5598 2507 2496 3091 2972 119
is_linear=0
shrinkage=0.05


Tree=30
num_leaves=31
num_cat=0
split_feature=14 12 0 1 0 0 14 14 14 14 1 14 2 14 14 1 14 6 14 5 14 12 0 1 1 0 7 4 4 4
split_gain=1234.05 225.801 236.111 227.019 139.826 123.673 118.788 229.484 116.426 107.718 96.4581 87.0193 68.0784 62.3974 51.2581 31.9559 30.2339 16.2694 7.28243 6.96326 6.8973 7.90714 6.04958 4.25947 1.44072 1.93717 1.55606 1.44691 0.676515 0.874838
threshold=9.5000000000000018 47.500000000000007 347831.50000000006 3318083.0000000005 17624.500000000004 690876.00000000012 3.5000000000000004 2.5000000000000004 8.5000000000000018 10.500000000000002 3708198.5000000005 2.5000000000000004 316312.50000000006 8.5000000000000018 7.5000000000000009 41346927.000000007 13.500000000000002 0.89415000000000011 12.500000000000002 105.00000000000001 15.500000000000002 39.500000000000007 13150.000000000002 1617733.0000000002 513542.00000000006 46757.000000000007 328.50000000000006 2.5000000000000004 5.5000000000000009 8.5000000000000018
decision_type=2 2 2 2 2 2 2 2 2 2 2 2 2 2 2 2 2 2 2 2 2 2 2 2 2 2 2 2 2 2
left_child=1 2 4 6 10 12 7 -3 -8 24 -1 -6 -5 14 -4 -7 18 -15 19 -11 21 -18 -22 -20 28 26 -26 -27 -2 -30
right_child=9 3 13 5 11 15 8 -9 -10 16 -12 -13 -14 17 -16 -17 20 -19 23 -21 22 -23 -24 -25 25 27 -28 -29 29 -31
leaf_value=-0.021511681391495382 0.00052188057369857612 0.0048447405354995702 0.0056472847743457774 -0.021049824367966027 -0.0035937998677997491 0.02463844826829531 0.0094386596036839989 -0.019787603266418315 -0.012444285464526852 0.0063686834700337289 -0.056441450657234819 -0.015158136626961589 0.0027096421756143477 -0.0113189222213037 0.034043949688644416 -0.091508542660807005 0.0075812215965278297 -0.052079656701573711 0.0056062758569968623 0.0032949586457974981 0.0042282988407165928 0.010383453209116737 0.0078112948327407356 0.0026769664741125732 -0.0023366544457775595 -0.00056675471370885985 0.0069294243509559986 0.0039606933655456653 0.012084410817096734 -0.0014923684002451634
leaf_weight=3623 888 2156 996 2490 2302 207 3841 1684 722 10246 209 5546 343 50 189 5.9999999999999991 5256 48 1855 2247 1683 4835 3930 3750 2656 1763 46 196 29 20
leaf_count=3623 888 2156 996 2490 2302 207 3841 1684 722 10246 209 5546 343 50 189 6 5256 48 1855 2247 1683 4835 3930 3750 2656 1763 46 196 29 20
internal_value=-3.34172e-08 -0.00883347 -0.0133527 -0.00371661 -0.0155891 -0.0154105 0.000522457 -0.0059578 0.00597594 0.00547312 -0.0234182 -0.0117661 -0.0181732 0.00700714 0.0101789 0.0213253 0.00653705 -0.0313161 0.00514404 0.00581587 0.00814236 0.00892397 0.00673707 0.00364652 -0.0009511 -0.00131074 -0.00217865 -0.0001136 0.000837842 0.00655112
internal_weight=63812 24412 12963 11449 11680 3046 8403 3840 4563 39400 3832 7848 2833 1283 1185 213 33802 98 18098 12493 15704 10091 5613 5605 5598 4661 2702 1959 937 49
internal_count=63812 24412 12963 11449 11680 3046 8403 3840 4563 39400 3832 7848 2833 1283 1185 213 33802 98 18098 12493 15704 10091 5613 5605 5598 4661 2702 1959 937 49
is_linear=0
shrinkage=0.05


Tree=31
num_leaves=31
num_cat=0
split_feature=14 14 14 14 14 14 14 2 7 12 7 12 5 5 12 14 10 1 9 14 14 9 2 1 7 5 2 9 6 6
split_gain=1113.74 209.599 227.135 600.296 228.786 346.925 97.2155 93.2254 65.2242 46.8029 39.8069 35.2778 30.585 31.3373 30.3781 27.2862 24.1042 20.873 7.47745 6.48791 5.98653 5.5737 4.89392 3.62902 1.4004 1.36005 1.25119 1.29423 0.960168 0.77946
threshold=9.5000000000000018 8.5000000000000018 3.5000000000000004 2.5000000000000004 4.5000000000000009 7.5000000000000009 10.500000000000002 142446.00000000003 85.500000000000014 131.50000000000003 29.500000000000004 22.500000000000004 226696.50000000003 20012.500000000004 758.50000000000011 13.500000000000002 9.5000000000000018 4870668.0000000009 186.50000000000003 14.500000000000002 12.500000000000002 191.50000000000003 3186.0000000000005 3708198.5000000005 1.0000000180025095e-35 965.00000000000011 930.50000000000011 38.500000000000007 0.92890000000000017 0.7994500000000001
decision_type=2 2 2 2 2 2 2 2 2 2 2 2 2 2 2 2 2 2 2 2 2 2 2 2 2 2 2 2 2 2
left_child=1 2 3 7 8 -6 24 -1 -4 12 14 -5 13 -3 -11 18 -12 -14 20 23 -8 -20 -21 -17 25 29 28 -28 -26 -2
right_child=6 9 4 11 5 -7 15 -9 -10 10 16 -13 17 -15 -16 19 -18 -19 21 22 -22 -23 -24 -25 26 -27 27 -29 -30 -31
leaf_value=-0.0051488604932481436 0.010627298718958181 -0.027215670094549893 0.0035654367331962727 -0.030087944680592928 -0.017460166302316716 0.0049935845310070297 0.0051989070510872577 0.0097967049352585441 0.017566487644287986 0.016852438781336514 -0.025402719711879764 -0.021479207718233792 0.034435560715567207 -0.051261516688373199 -0.04871160681567975 0.0097549247977860073 0.011212332871668363 -0.075257782842598722 0.018276520972204443 0.0027364901164268303 0.0031327440232381543 0.0072322654455109943 0.0073010060588426032 0.0059409973641673317 0.005298119991928695 -0.011878139888971025 -0.0015689204530906064 -2.7840251992729083e-05 0.029138483545359445 -0.0091088878703706067
leaf_weight=5529 13.000000000000002 1254 2666 2193 3777 3159 11293 1286 1209 146 329 2606 29 152 20 4343 52 4.9999999999999991 123 624 5085 1597 10008 729 25.000000000000004 54 2991 2502 4.9999999999999991 7.9999999999999991
leaf_count=5529 13 1254 2666 2193 3777 3159 11293 1286 1209 146 329 2606 29 152 20 4343 52 5 123 624 5085 1597 10008 729 25 54 2991 2502 5 8
internal_value=-4.40021e-08 -0.00839185 -0.00701268 -0.0118676 -0.00179705 -0.00723368 0.00519947 -0.00232851 0.00793411 -0.0239558 -0.0115022 -0.0254137 -0.0286854 -0.0298187 0.00892859 0.0062102 -0.0204038 0.0181308 0.00488684 0.00773526 0.00455743 0.00802307 0.00703314 0.00920688 -0.000903528 -0.00768538 -0.000811296 -0.000866989 0.00935512 0.00310121
internal_weight=63812 24412 22425 11614 10811 6936 39400 6815 3875 1987 547 4799 1440 1406 166 33802 381 34 18098 15704 16378 1720 10632 5072 5598 75 5523 5493 30 21
internal_count=63812 24412 22425 11614 10811 6936 39400 6815 3875 1987 547 4799 1440 1406 166 33802 381 34 18098 15704 16378 1720 10632 5072 5598 75 5523 5493 30 21
is_linear=0
shrinkage=0.05


Tree=32
num_leaves=31
num_cat=0
split_feature=14 0 14 14 14 12 1 8 14 1 0 0 2 12 14 4 0 14 9 0 1 9 12 2 1 0 9 6 9 8
split_gain=1005.15 205.709 169.329 171.573 160.048 137.749 98.8639 97.7638 87.7367 72.3501 70.0765 64.2935 48.6562 42.9906 41.2312 39.8618 38.2096 24.6257 6.9883 6.6053 9.53179 7.79181 5.68546 4.46871 1.30272 1.70918 2.05667 1.40825 0.740777 1.28191
threshold=9.5000000000000018 16152.500000000002 8.5000000000000018 7.5000000000000009 6.5000000000000009 47.500000000000007 2068349.0000000002 5.5000000000000009 10.500000000000002 4499798.5000000009 381.00000000000006 151281.50000000003 30369.500000000004 774.00000000000011 6.5000000000000009 5.5000000000000009 15829.500000000002 13.500000000000002 24.500000000000004 55985.500000000007 1617733.0000000002 10.500000000000002 682.50000000000011 9478.5000000000018 513542.00000000006 46757.000000000007 5.5000000000000009 1.1275000000000002 30.500000000000004 6.5000000000000009
decision_type=2 2 2 2 2 2 2 2 2 2 2 2 2 2 2 2 2 2 2 2 2 2 2 2 2 2 2 2 2 2
left_child=1 5 3 4 -3 6 10 9 24 -7 -1 -5 13 -4 -8 -14 -9 18 23 20 -19 -21 -20 -10 28 27 -27 -26 29 -2
right_child=8 2 12 11 -6 7 14 16 17 -11 -12 -13 15 -15 -16 -17 -18 19 22 21 -22 -23 -24 -25 25 26 -28 -29 -30 -31
leaf_value=0.0055779844658784446 -0.00014242882251257495 -0.0036276279828619442 -0.0074884446703445233 0.0044513718103609814 -0.021356289037966977 -0.007988525200307189 -0.036296282394400796 0.025941662177274828 0.0048258238753082668 -0.030687075072898987 -0.021246818001883661 0.02389029675283813 -0.030901133062765526 -0.13141431271190376 -0.074163816432553084 0.026766681846027592 -0.09182698248137891 0.0084512599950627692 0.0052584047500977334 0.0041821527731887324 0.0053653016003962434 0.0095785554603382769 0.011496666294059318 0.0024009059438211081 -0.0018554282643305949 -0.0057617077660284061 0.00038573564116873411 -0.010156672075212059 0.0024537802670715168 -0.025331105087317674
leaf_weight=265 527 11792 491 1634 1427 3356 271 234 3467 392 2991 575 841 6.9999999999999991 98 31 6.9999999999999991 4205 10048 785 6182 4532 379 4204 2650 147 1812 52 405 4.9999999999999991
leaf_count=265 527 11792 491 1634 1427 3356 271 234 3467 392 2991 575 841 7 98 31 7 4205 10048 785 6182 4532 379 4204 2650 147 1812 52 405 5
internal_value=-5.13028e-08 -0.0079723 -0.00488214 -0.00338613 -0.0055416 -0.0147896 -0.0218444 -0.00837826 0.00493951 -0.0103633 -0.0190635 0.00951215 -0.0217277 -0.00925641 -0.0463706 -0.0288482 0.0224843 0.0058997 0.00464251 0.0073485 0.00661467 0.00878193 0.00548526 0.00349693 -0.000858331 -0.00120032 -7.58285e-05 -0.00201556 0.000842774 -0.000383881
internal_weight=63812 24412 16798 15428 13219 7614 3625 3989 39400 3748 3256 2209 1370 498 369 872 241 33802 18098 15704 10387 5317 10427 7671 5598 4661 1959 2702 937 532
internal_count=63812 24412 16798 15428 13219 7614 3625 3989 39400 3748 3256 2209 1370 498 369 872 241 33802 18098 15704 10387 5317 10427 7671 5598 4661 1959 2702 937 532
is_linear=0
shrinkage=0.05


Tree=33
num_leaves=31
num_cat=0
split_feature=14 12 0 1 0 4 0 0 1 14 5 14 10 14 14 1 14 6 0 1 0 1 8 10 12 5 10 12 12 4
split_gain=907.163 192.988 203.576 203.367 116.485 124.884 109.923 107.249 80.525 79.1835 72.5909 70.2336 54.011 50.3173 39.3033 28.6792 22.2248 14.3538 6.66777 6.30303 5.96132 8.60247 5.77027 5.64372 1.24054 1.48004 1.33213 1.27789 1.73244 1.07493
threshold=9.5000000000000018 47.500000000000007 347831.50000000006 3318083.0000000005 16152.500000000002 2.5000000000000004 690876.00000000012 17624.500000000004 3708198.5000000005 10.500000000000002 196945.50000000003 2.5000000000000004 14.500000000000002 8.5000000000000018 7.5000000000000009 41346927.000000007 13.500000000000002 0.89415000000000011 33908.000000000007 448039.00000000006 55985.500000000007 1617733.0000000002 4.5000000000000009 41.500000000000007 14.500000000000002 796165.00000000012 71.500000000000014 109.50000000000001 189.50000000000003 3.5000000000000004
decision_type=2 2 2 2 2 2 2 2 2 2 2 2 2 2 2 2 2 2 2 2 2 2 2 2 2 2 2 2 2 2
left_child=1 2 7 4 10 -6 12 8 -1 24 -3 -9 -5 14 -4 -8 18 -15 22 -20 21 -18 -11 -22 25 26 -2 29 -29 -26
right_child=9 3 13 6 5 -7 15 11 -10 16 -12 -13 -14 17 -16 -17 20 -19 19 -21 23 -23 -24 -25 27 -27 -28 28 -30 -31
leaf_value=-0.018943138353113884 -0.0014737026684715439 -0.0054953158212576389 0.0060332617907926153 -0.018900525576205907 0.0022767120505677468 0.022690279510789405 0.023860676349682589 -0.0031382651290616601 -0.050857660709379228 0.003888891967726257 -0.11536943419090172 -0.013527537817640401 0.0034693530288261959 -0.0084833279103338124 0.030899222445733832 -0.086172100950459976 0.0080287070041464275 -0.046762921860956597 0.010217371245766669 0.0050579782401981048 0.0086241769707508988 0.0050970409045876597 -0.00057686085502583063 -0.0010886334936212481 0.00064003087883061395 -0.019859705606962111 -0.016886428553373255 -0.0031028682098155104 0.00016889821750632085 0.0064445256143939702
leaf_weight=3623 2482 3378 996 2531 4093 917 207 2302 209 9071 14.999999999999998 5546 302 50 189 5.9999999999999991 4205 48 642 7599 5163 6182 786 154 1272 10.999999999999998 13.999999999999998 643 1091 85
leaf_count=3623 2482 3378 996 2531 4093 917 207 2302 209 9071 15 5546 302 50 189 6 4205 48 642 7599 5163 6182 786 154 1272 11 14 643 1091 85
internal_value=-7.68978e-08 -0.00757376 -0.0117517 -0.00284327 0.00116889 0.00601347 -0.0139113 -0.0138284 -0.0206851 0.00469254 -0.00598444 -0.0104802 -0.0165158 0.00715335 0.0100015 0.0207222 0.00560472 -0.0272611 0.00441039 0.00546003 0.00698109 0.00628394 0.00353279 0.00834284 -0.000815451 -0.0016419 -0.00156083 -0.000145113 -0.00104444 0.00100406
internal_weight=63812 24412 12963 11449 8403 5010 3046 11680 3832 39400 3393 7848 2833 1283 1185 213 33802 98 18098 8241 15704 10387 9857 5317 5598 2507 2496 3091 1734 1357
internal_count=63812 24412 12963 11449 8403 5010 3046 11680 3832 39400 3393 7848 2833 1283 1185 213 33802 98 18098 8241 15704 10387 9857 5317 5598 2507 2496 3091 1734 1357
is_linear=0
shrinkage=0.05


Tree=34
num_leaves=31
num_cat=0
split_feature=14 12 0 1 0 4 0 0 1 14 5 1 2 14 14 14 1 14 5 9 14 2 1 2 4 8 0 10 5 12
split_gain=818.723 174.17 184.07 183.54 105.131 112.709 99.1977 90.8848 72.6795 71.4639 65.5612 64.2966 55.432 41.4888 74.9874 59.9546 25.9183 20.0579 6.57872 5.92256 5.85519 5.22596 4.2809 3.12869 1.19923 1.19325 1.16932 2.2378 1.94237 0.988053
threshold=9.5000000000000018 47.500000000000007 288632.00000000006 3318083.0000000005 16152.500000000002 2.5000000000000004 690876.00000000012 17624.500000000004 3708198.5000000005 10.500000000000002 196945.50000000003 970402.00000000012 316312.50000000006 4.5000000000000009 7.5000000000000009 3.5000000000000004 41346927.000000007 13.500000000000002 5134.0000000000009 27.500000000000004 12.500000000000002 24176.500000000004 11692330.000000002 316312.50000000006 5.5000000000000009 7.5000000000000009 160631.50000000003 21.500000000000004 224779.50000000003 219.50000000000003
decision_type=2 2 2 2 2 2 2 2 2 2 2 2 2 2 2 2 2 2 2 2 2 2 2 2 2 2 2 2 2 2
left_child=1 2 7 4 10 -6 12 8 -1 24 -3 -9 -5 15 -15 -4 -8 18 20 21 -11 -19 -21 -20 26 -26 27 -2 -28 -27
right_child=9 3 13 6 5 -7 16 11 -10 17 -12 -13 -14 14 -16 -17 -18 19 23 22 -22 -23 -24 -25 25 29 28 -29 -30 -31
leaf_value=-0.017996007704981942 -0.001315229444619491 -0.0052205581028454129 0.0037287817665213429 -0.018285807096464025 0.0021628790025505227 0.021555889379478874 0.022668218508442368 0.0052556590699641068 -0.048315993511968261 0.0052487623625026205 -0.10963916561461443 -0.011573983415283901 0.003153405419158057 -0.026239961905878531 0.0095894714389173456 0.031734376661022905 -0.081934128628402478 0.0063096016167293991 0.001632058685845745 0.0072955592478873392 0.0031387618610484898 0.0030991176882463434 0.013138072571195423 0.011316559252393532 0.0053650048844954305 -0.015987378495340123 0.0016674596931274682 0.0078814659342613929 -0.0088361258966543742 0.0048445689279844268
leaf_weight=3623 4656 3378 713 2490 4093 917 207 618 209 10581 14.999999999999998 6940 343 252 347 261 5.9999999999999991 5484 2660 8245 4771 1649 326 86 133 13.000000000000002 672 67 47 9.9999999999999982
leaf_count=3623 4656 3378 713 2490 4093 917 207 618 209 10581 15 6940 343 252 347 261 6 5484 2660 8245 4771 1649 326 86 133 13 672 67 47 10
internal_value=-9.44929e-08 -0.00719513 -0.0111642 -0.00270118 0.00111038 0.00571282 -0.0132158 -0.0133783 -0.0196509 0.00445791 -0.0056854 -0.0101978 -0.0156901 0.00486825 -0.00548588 0.0112358 0.0196846 0.00532449 0.00418988 0.00663204 0.00459305 0.00556746 0.00751793 0.00193576 -0.000774709 0.0035463 -0.000898638 -0.0011846 0.000979722 -0.00694825
internal_weight=63812 24412 12963 11449 8403 5010 3046 11390 3832 39400 3393 7558 2833 1573 599 974 213 33802 18098 15704 15352 7133 8571 2746 5598 156 5442 4723 719 23
internal_count=63812 24412 12963 11449 8403 5010 3046 11390 3832 39400 3393 7558 2833 1573 599 974 213 33802 18098 15704 15352 7133 8571 2746 5598 156 5442 4723 719 23
is_linear=0
shrinkage=0.05


Tree=35
num_leaves=31
num_cat=0
split_feature=14 14 14 14 14 14 2 14 9 12 9 4 9 5 10 4 9 14 9 14 12 8 5 2 7 5 2 4 4 5
split_gain=738.904 172.56 203.294 535.446 204.876 288.024 77.5332 64.4965 55.1945 37.121 37.1299 31.307 31.2784 29.3021 25.14 23.7111 21.4272 18.1023 6.36075 5.88431 6.66229 5.6258 5.08732 4.05214 1.20483 1.22298 1.15413 1.06596 0.752192 0.715993
threshold=9.5000000000000018 8.5000000000000018 3.5000000000000004 2.5000000000000004 4.5000000000000009 7.5000000000000009 142446.00000000003 10.500000000000002 157.50000000000003 131.50000000000003 9.5000000000000018 4.5000000000000009 170.50000000000003 226696.50000000003 10.500000000000002 1.5000000000000002 11.500000000000002 13.500000000000002 186.50000000000003 15.500000000000002 39.500000000000007 3.5000000000000004 5134.0000000000009 98701.000000000015 1.0000000180025095e-35 965.00000000000011 930.50000000000011 5.5000000000000009 1.0000000180025095e-35 32259.500000000004
decision_type=2 2 2 2 2 2 2 2 2 2 2 2 2 2 2 2 2 2 2 2 2 2 2 2 2 2 2 2 2 2
left_child=1 2 3 6 8 -6 -1 24 -4 11 15 13 -5 -3 -13 -11 -12 18 22 20 -19 -20 -9 -21 25 -2 28 -28 -26 -27
right_child=7 9 4 12 5 -7 -8 17 -10 10 16 14 -14 -15 -16 -17 -18 19 21 23 -22 -23 -24 -25 26 29 27 -29 -30 -31
leaf_value=-0.003740061940558113 0.0032011876765515 -0.027505826827574839 0.0061676208106608921 -0.024442293697951398 -0.015112462951037717 0.0053465896671393235 0.0098897144772800254 0.0040651445399099732 0.023451399060361946 0.015548654341323099 -0.069467141396469534 0.0019218989399372574 -0.011895088471149418 0.01943925320228174 0.11297211197556044 0.11279158525063959 -0.012475115026896681 0.0057898918475203058 0.009935790588716617 0.0042334274754096922 0.008361962626535175 0.0042025530523672836 0.0016779903115261723 0.0073498601598248579 0.0038899105898506266 -0.019852380276952658 -0.00082302893887150361 0.0033688013648290925 0.021125638386705413 -0.0072338294947955004
leaf_weight=5529 21 1369 3339 4236 3777 3159 1286 13712 536 54 17 31 563 34 5.9999999999999991 6.9999999999999991 469 5256 801 4228 4835 919 2666 1385 21 15.999999999999998 5337 156 9.0000000000000018 38
leaf_count=5529 21 1369 3339 4236 3777 3159 1286 13712 536 54 17 31 563 34 6 7 469 5256 801 4228 4835 919 2666 1385 21 16 5337 156 9 38
internal_value=-1.03428e-07 -0.00683541 -0.00558403 -0.0101771 -0.000649728 -0.00579445 -0.001168 0.00423502 0.0085589 -0.0209574 -0.0098665 -0.0251694 -0.0229706 -0.0263669 0.020186 0.026874 -0.0144825 0.00505827 0.00398039 0.00630045 0.00702234 0.00687293 0.00367658 0.00500252 -0.000735979 -0.00702646 -0.000650431 -0.000703923 0.00911364 -0.0110024
internal_weight=63812 24412 22425 11614 10811 6936 6815 39400 3875 1987 547 1440 4799 1403 37 61 486 33802 18098 15704 10091 1720 16378 5613 5598 75 5523 5493 30 54
internal_count=63812 24412 22425 11614 10811 6936 6815 39400 3875 1987 547 1440 4799 1403 37 61 486 33802 18098 15704 10091 1720 16378 5613 5598 75 5523 5493 30 54
is_linear=0
shrinkage=0.05


Tree=36
num_leaves=31
num_cat=0
split_feature=14 12 1 0 14 14 7 0 14 0 14 4 12 14 14 1 14 6 0 1 14 5 4 0 1 6 0 10 10 0
split_gain=666.858 156.582 167.5 165.098 95.3109 172.829 92.5978 89.2284 84.8652 77.3498 58.2082 50.9317 44.9379 43.6053 33.1395 23.2973 16.3374 12.7957 5.9912 6.4849 5.56581 4.5748 3.50631 3.50166 1.1189 1.29906 1.8638 1.28863 1.77072 1.33532
threshold=9.5000000000000018 47.500000000000007 3318083.0000000005 347831.50000000006 3.5000000000000004 2.5000000000000004 104.50000000000001 690876.00000000012 8.5000000000000018 10143.000000000002 10.500000000000002 2.5000000000000004 1180.0000000000002 8.5000000000000018 7.5000000000000009 41346927.000000007 13.500000000000002 0.89415000000000011 20347.500000000004 137459.00000000003 14.500000000000002 57117.500000000007 15.500000000000002 49.000000000000007 953549.00000000012 0.71945000000000003 381.00000000000006 15.500000000000002 71.500000000000014 172805.50000000003
decision_type=2 2 2 2 2 2 2 2 2 2 2 2 2 2 2 2 2 2 2 2 2 2 2 2 2 2 2 2 2 2
left_child=1 3 4 6 5 -3 9 12 -6 -1 24 -8 -4 14 -5 -9 18 -15 21 -20 23 -12 -22 -18 25 26 -2 29 -29 -26
right_child=10 2 7 13 8 -7 11 15 -10 -11 16 -13 -14 17 -16 -17 20 -19 19 -21 22 -23 -24 -25 27 -27 -28 28 -30 -31
leaf_value=-0.022314132752244212 -0.032378580348164432 0.0049785859060740498 -0.015633812266659757 0.0057755753789120916 0.0092498549880030128 -0.016397981657269307 -0.0009267253024982105 0.021754722323633808 -0.009433167378909927 -0.01178388344234111 0.0029677141583460982 -0.020095864132717658 0.024628785829178983 -0.0075407894012218942 0.028608670155062195 -0.077418624377641521 0.029307886011363395 -0.043681708789912677 0.011134220495965783 0.0043081327382335039 0.005382689269616197 -0.0028257699245995307 -0.011999895468136595 0.0072696111855368797 -0.0016829628363948142 0.0013184175603873959 -0.0018867515649791129 0.0035944682066037662 -0.011209708049037911 0.0010678984864586013
leaf_weight=2361 4.9999999999999991 2156 2762 996 3841 1684 2235 207 722 6674 7041 410 71 50 189 5.9999999999999991 18 48 360 10339 10603 358 29 5054 3439 1100 291 235 22 506
leaf_count=2361 5 2156 2762 996 3841 1684 2235 207 722 6674 7041 410 71 50 189 6 18 48 360 10339 10603 358 29 5054 3439 1100 291 235 22 506
internal_value=-8.31697e-08 -0.00649361 -0.00223262 -0.0102569 0.00140858 -0.00439611 -0.0121271 -0.0122773 0.00629351 -0.0145358 0.00402328 -0.00389877 -0.0146239 0.00676804 0.00941942 0.0189261 0.00480537 -0.0252689 0.00378138 0.00453792 0.00598543 0.00268736 0.00533516 0.0073484 -0.000699177 0.000527202 -0.00241258 -0.00110661 0.00232332 -0.00133011
internal_weight=63812 24412 11449 12963 8403 3840 11680 3046 4563 9035 39400 2645 2833 1283 1185 213 33802 98 18098 10699 15704 7399 10632 5072 5598 1396 296 4202 257 3945
internal_count=63812 24412 11449 12963 8403 3840 11680 3046 4563 9035 39400 2645 2833 1283 1185 213 33802 98 18098 10699 15704 7399 10632 5072 5598 1396 296 4202 257 3945
is_linear=0
shrinkage=0.05


Tree=37
num_leaves=31
num_cat=0
split_feature=14 14 14 14 14 14 0 14 0 12 9 12 12 0 10 12 5 14 9 1 0 1 9 9 12 5 1 5 5 12
split_gain=601.843 149.514 171.799 467.341 186.289 258.884 76.6394 52.5337 51.5452 32.8711 33.5411 29.5863 29.4341 27.5541 23.6852 23.108 19.5122 14.7445 5.66229 5.41996 5.23179 7.56313 6.78714 4.9747 1.07132 1.29535 1.27222 1.24247 1.24724 1.012
threshold=9.5000000000000018 8.5000000000000018 3.5000000000000004 2.5000000000000004 4.5000000000000009 7.5000000000000009 111664.50000000001 10.500000000000002 10143.000000000002 131.50000000000003 9.5000000000000018 122.50000000000001 4.5000000000000009 100629.50000000001 5.5000000000000009 758.50000000000011 87648.000000000015 13.500000000000002 186.50000000000003 251942.50000000003 55985.500000000007 1617733.0000000002 10.500000000000002 191.50000000000003 14.500000000000002 796165.00000000012 18960584.000000004 73699.000000000015 47319.500000000007 16.500000000000004
decision_type=2 2 2 2 2 2 2 2 2 2 2 2 2 2 2 2 2 2 2 2 2 2 2 2 2 2 2 2 2 2
left_child=1 2 3 6 8 -6 -1 24 -4 11 15 13 -5 -3 -13 -11 -12 18 19 -9 21 -19 -22 -20 25 26 -2 28 -26 -29
right_child=7 9 4 12 5 -7 -8 17 -10 10 16 14 -14 -15 -16 -17 -18 20 23 -21 22 -23 -24 -25 27 -27 -28 29 -30 -31
leaf_value=-0.0036193724018262225 -0.0013052993967575198 -0.018094641809070951 -0.0023412232315546426 -0.025853859923609168 -0.014208013377872274 0.0051884760084392884 0.0091964053647617863 0.0059730967218037771 0.011434053204088579 0.037136233475424225 -0.012132923207906286 -0.094480412011324608 -0.017896923477850317 -0.034056158861340773 0.016294922985014369 -0.058859732789053043 -0.10214039512345048 0.0066690469396147034 0.016007635468552019 0.002995470310447031 0.0026691016001649864 0.0039202481663597102 0.0077053201167425773 0.0055744313425237224 -0.00011060365142709696 -0.018475450172617629 -0.026304256390122811 0.023277049753027905 -0.008227988475403146 0.0038020617499312822
leaf_weight=5321 2491 1045 878 1979 3777 3159 1494 1706 2997 54 480 24.000000000000004 2820 365 5.9999999999999991 6.9999999999999991 5.9999999999999991 4205 123 14672 785 6182 4532 1597 2924 10.999999999999998 4.9999999999999991 6.9999999999999991 48 112
leaf_count=5321 2491 1045 878 1979 3777 3159 1494 1706 2997 54 480 24 2820 365 6 7 6 4205 123 14672 785 6182 4532 1597 2924 11 5 7 48 112
internal_value=-8.88941e-08 -0.00616896 -0.00500413 -0.00922647 -0.00046813 -0.00537394 -0.000809774 0.00382211 0.00831286 -0.0193141 -0.00887755 -0.0232777 -0.0211787 -0.0222286 -0.0723448 0.026042 -0.0132649 0.00456511 0.00359231 0.00330567 0.00568617 0.00503311 0.00696184 0.00632141 -0.000664255 -0.00143228 -0.00135643 -4.13135e-05 -0.000241978 0.00496623
internal_weight=63812 24412 22425 11614 10811 6936 6815 39400 3875 1987 547 1440 4799 1410 30 61 486 33802 18098 16378 15704 10387 5317 1720 5598 2507 2496 3091 2972 119
internal_count=63812 24412 22425 11614 10811 6936 6815 39400 3875 1987 547 1440 4799 1410 30 61 486 33802 18098 16378 15704 10387 5317 1720 5598 2507 2496 3091 2972 119
is_linear=0
shrinkage=0.05


Tree=38
num_leaves=31
num_cat=0
split_feature=14 12 1 0 0 2 0 9 8 1 5 8 12 14 14 10 2 14 9 12 14 12 0 2 9 2 9 6 0 5
split_gain=543.171 139.39 152.525 147.195 91.901 86.5976 80.8131 79.7534 91.3099 65.1821 58.8358 52.806 47.6638 47.4123 35.6585 29.2852 13.69 13.3069 5.47257 5.26056 5.02982 5.80488 4.93071 4.13258 1.05136 2.0618 1.55937 1.3473 1.78712 1.13276
threshold=9.5000000000000018 47.500000000000007 3318083.0000000005 347831.50000000006 16152.500000000002 26944.500000000004 197411.50000000003 88.500000000000014 5.5000000000000009 3436522.0000000005 196945.50000000003 3.5000000000000004 1180.0000000000002 10.500000000000002 8.5000000000000018 85.500000000000014 86778.500000000015 13.500000000000002 24.500000000000004 39.500000000000007 15.500000000000002 39.500000000000007 13150.000000000002 9478.5000000000018 38.500000000000007 20641.000000000004 12.500000000000002 1.1275000000000002 90887.000000000015 27404.000000000004
decision_type=2 2 2 2 2 2 2 2 2 2 2 2 2 2 2 2 2 2 2 2 2 2 2 2 2 2 2 2 2 2
left_child=1 3 4 7 10 -6 12 8 -1 -8 -3 -9 -4 24 15 -5 -16 18 23 -20 21 -19 -22 -15 25 29 -27 -26 -29 -2
right_child=13 2 6 14 5 -7 9 11 -10 -11 -12 -13 -14 17 16 -17 -18 20 19 -21 22 -23 -24 -25 27 26 -28 28 -30 -31
leaf_value=-0.012655081422372486 0.00022316582713452534 -0.0042791626601992221 -0.01707169466523021 0.0076480238603838643 0.015004515130187003 0.0011716275684992531 -0.10300988413340657 0.0023249216038078759 -0.05029108658793912 0.0055855912887776303 -0.10319684929405618 -0.012772228060479713 0.027330251701548097 0.0036768825596597285 0.0065045321929905423 0.052785536613204891 -0.034408138409882313 0.0049188994575067226 0.0030085912199577301 0.0052554750811278465 0.0019371948215505077 0.0073197131935676995 0.0051716749083852865 0.0013450103671505701 0.00034350470172690169 -0.0070391312470486399 -0.0021078217119239484 -0.012200644864300513 0.0029774782569887484 -0.0031302727136449725
leaf_weight=9027 1684 3378 2279 1148 1726 3284 13.999999999999998 1572 164 691 14.999999999999998 917 62 3467 29 37 69 5256 5091 5336 1683 4835 3930 4204 2421 194 922 49 32 296
leaf_count=9027 1684 3378 2279 1148 1726 3284 14 1572 164 691 15 917 62 3467 29 37 69 5256 5091 5336 1683 4835 3930 4204 2421 194 922 49 32 296
internal_value=-1.06412e-07 -0.00586057 -0.0018403 -0.00941126 0.00163432 0.00593741 -0.0114255 -0.0111771 -0.0133272 0.00341478 -0.00471949 -0.00323748 -0.0158946 0.00363101 0.00666411 0.00906172 -0.022307 0.00433686 0.0034127 0.00415847 0.00540187 0.00606929 0.0042019 0.00239896 -0.000631066 -0.00124704 -0.00296561 0.000131164 -0.00620807 -0.000278289
internal_weight=63812 24412 11449 12963 8403 5010 3046 11680 9191 705 3393 2489 2341 39400 1283 1185 98 33802 18098 10427 15704 10091 5613 7671 5598 3096 1116 2502 81 1980
internal_count=63812 24412 11449 12963 8403 5010 3046 11680 9191 705 3393 2489 2341 39400 1283 1185 98 33802 18098 10427 15704 10091 5613 7671 5598 3096 1116 2502 81 1980
is_linear=0
shrinkage=0.05


Tree=39
num_leaves=31
num_cat=0
split_feature=14 14 14 14 14 14 9 9 14 2 7 2 9 9 7 7 14 14 14 9 6 2 1 7 5 2 6 6 6 5
split_gain=490.216 133.706 153.612 422.593 168.503 234.595 68.1078 46.5408 42.79 35.2992 58.8854 51.7505 27.8193 26.6105 43.6637 28.4938 12.0095 5.4717 6.21598 4.80016 5.36644 4.78797 3.65449 1.03074 1.08626 1.04113 1.05922 0.825045 0.718998 0.652283
threshold=9.5000000000000018 8.5000000000000018 3.5000000000000004 2.5000000000000004 4.5000000000000009 7.5000000000000009 23.500000000000004 157.50000000000003 10.500000000000002 31485.500000000004 12.500000000000002 39684.500000000007 35.500000000000007 49.500000000000007 59.500000000000007 50.500000000000007 13.500000000000002 12.500000000000002 11.500000000000002 27.500000000000004 0.78310000000000013 27363.500000000004 1617733.0000000002 1.0000000180025095e-35 965.00000000000011 930.50000000000011 1.1275000000000002 0.92890000000000017 0.7593000000000002 32259.500000000004
decision_type=2 2 2 2 2 2 2 2 2 2 2 2 2 2 2 2 2 2 2 2 2 2 2 2 2 2 2 2 2 2
left_child=1 2 3 6 7 -6 -1 -4 23 13 -11 -12 -5 15 -15 -3 17 18 -10 21 -21 -18 -19 24 28 27 -27 -25 -2 -26
right_child=8 9 4 12 5 -7 -8 -9 16 10 11 -13 -14 14 -16 -17 19 22 -20 20 -22 -23 -24 25 29 26 -28 -29 -30 -31
leaf_value=-0.0065674003371841167 0.012861108139968741 -0.011150416198152529 0.0059785708008089564 -0.023498345800791406 -0.013252085369557765 0.0052121076786123309 0.0036323766838056606 0.021849739816983502 0.0028624231783538844 0.11939858298906139 -0.058245193230779979 -0.021437695682789512 -0.015877777890967781 0.10893101633087661 -0.012529948775056768 -0.078289282988317263 0.0048118542887216655 0.0037592663388353849 0.0051175669610961632 0.0034800411276009178 0.006568488238634972 0.0015448413961605149 0.0010460585388976603 0.004992247718679477 -0.01861090011177411 -0.00046179418463222587 -0.0049772690511832524 0.027092282094207467 -0.0055807357368705514 -0.0065693810870602054
leaf_weight=2731 10.000000000000002 867 3339 2485 3777 3159 4084 536 7164 6.9999999999999991 106 960 2314 12.000000000000002 19 15.999999999999998 5739 1855 5329 1774 6797 1394 3750 25.000000000000004 15.999999999999998 5360 133 4.9999999999999991 10.999999999999998 38
leaf_count=2731 10 867 3339 2485 3777 3159 4084 536 7164 7 106 960 2314 12 19 16 5739 1855 5329 1774 6797 1394 3750 25 16 5360 133 5 11 38
internal_value=-1.17371e-07 -0.00556759 -0.00446606 -0.00845866 -0.000176873 -0.00484262 -0.000455054 0.00817442 0.00344946 -0.0179984 -0.0241491 -0.0251028 -0.0198242 -0.0107759 0.0346863 -0.0123757 0.00412002 0.00324207 0.00382441 0.00513178 0.0059293 0.00417341 0.00194406 -0.000599532 -0.00641781 -0.000520407 -0.000571214 0.00875336 0.00322043 -0.010165
internal_weight=63812 24412 22425 11614 10811 6936 6815 3875 39400 1987 1073 1066 4799 914 31 883 33802 18098 12493 15704 8571 7133 5605 5598 75 5523 5493 30 21 54
internal_count=63812 24412 22425 11614 10811 6936 6815 3875 39400 1987 1073 1066 4799 914 31 883 33802 18098 12493 15704 8571 7133 5605 5598 75 5523 5493 30 21 54
is_linear=0
shrinkage=0.05


Tree=40
num_leaves=31
num_cat=0
split_feature=14 0 1 0 7 4 0 0 7 1 7 0 8 5 14 14 10 14 0 8 1 14 1 4 1 0 7 4 5 5
split_gain=442.42 128.193 111.157 143.16 88.5031 85.1945 77.7467 82.1712 75.1333 74.096 62.1903 67.8035 59.2014 44.9651 38.6179 34.2647 14.242 10.8386 5.37446 5.45107 5.09641 4.77234 3.41506 3.18374 0.978291 1.41465 1.29011 1.17563 0.64191 1.50328
threshold=9.5000000000000018 16152.500000000002 1617733.0000000002 347831.50000000006 5.5000000000000009 4.5000000000000009 381.00000000000006 227.50000000000003 544.50000000000011 1204783.0000000002 37.500000000000007 34581.000000000007 4.5000000000000009 327570.50000000006 10.500000000000002 8.5000000000000018 27.500000000000004 13.500000000000002 33908.000000000007 4.5000000000000009 448039.00000000006 14.500000000000002 3708198.5000000005 15.500000000000002 513542.00000000006 46757.000000000007 328.50000000000006 2.5000000000000004 57448.000000000007 54505.000000000007
decision_type=2 2 2 2 2 2 2 2 2 2 2 2 2 2 2 2 2 2 2 2 2 2 2 2 2 2 2 2 2 2
left_child=1 4 10 5 6 -4 7 -1 9 -6 11 -3 -12 -8 24 -5 -10 18 19 -16 -20 22 -19 -23 28 26 -26 -27 29 -2
right_child=14 2 3 15 8 -7 13 -9 16 -11 12 -13 -14 -15 17 -17 -18 21 20 -21 -22 23 -24 -25 25 27 -28 -29 -30 -31
leaf_value=-0.032630961629288704 0.00087631606984235892 0.0025790984819045524 -0.0082747701489184079 0.0096182021177348802 -0.0034357966830216914 0.018796370505155705 -0.029231408615283991 0.110392365437835 0.028319324615574973 -0.013869976737912388 -0.0049169460184526432 0.021651675848209255 0.014832722325295887 -0.083440640528851764 0.0026382048340192208 -0.015541377180413599 0.097215110425791021 0.0066688153059590851 0.0083000069377487471 -0.001702170444607655 0.0036608109709892669 0.0043183759414396573 0.002969941549289444 -0.012244558957552608 -0.0017514632593512659 -0.00025137663866581797 0.0066855084272242939 0.0038296288970693215 0.0097436782491592613 -0.024028101172603549
leaf_weight=20 911 1081 10271 1692 2985 299 560 20 13.000000000000002 3957 2022 819 467 41 9071 147 18 4343 642 786 7599 10603 729 29 2656 1763 46 196 20 5.9999999999999991
leaf_count=20 911 1081 10271 1692 2985 299 560 20 13 3957 2022 819 467 41 9071 147 18 4343 642 786 7599 10603 729 29 2656 1763 46 196 20 6
internal_value=-1.06614e-07 -0.00528921 -0.0028498 -0.00526873 -0.0106709 -0.00750882 -0.0284494 0.0389777 -0.00903623 -0.00938348 0.00398919 0.0108011 -0.00121096 -0.0329428 0.00327699 0.00760634 0.0685073 0.00391402 0.00307997 0.00229209 0.00402232 0.0048752 0.00613724 0.00427308 -0.000569547 -0.000865905 -0.00160759 0.000157107 0.000904587 0.000710762
internal_weight=63812 24412 16798 12409 7614 10570 641 40 6973 6942 4389 1900 2489 601 39400 1839 31 33802 18098 9857 8241 15704 5072 10632 5598 4661 2702 1959 937 917
internal_count=63812 24412 16798 12409 7614 10570 641 40 6973 6942 4389 1900 2489 601 39400 1839 31 33802 18098 9857 8241 15704 5072 10632 5598 4661 2702 1959 937 917
is_linear=0
shrinkage=0.05


Tree=41
num_leaves=31
num_cat=0
split_feature=14 12 1 0 14 14 7 8 0 0 7 10 14 14 14 14 8 14 0 1 0 1 9 9 7 6 0 9 12 0
split_gain=399.282 120.046 134.309 120.106 76.1851 129.883 75.6946 88.2897 71.9732 64.4654 46.2104 41.03 34.8528 31.5288 33.4676 32.7196 24.1549 9.78182 4.97081 5.32433 4.56814 6.58277 5.95085 3.56122 0.92071 0.843587 1.14213 0.937334 0.766252 1.01709
threshold=9.5000000000000018 47.500000000000007 3318083.0000000005 288632.00000000006 3.5000000000000004 2.5000000000000004 226.50000000000003 6.5000000000000009 690876.00000000012 70226.500000000015 250.50000000000003 14.500000000000002 10.500000000000002 2.5000000000000004 1.5000000000000002 3.5000000000000004 3.5000000000000004 13.500000000000002 20347.500000000004 137459.00000000003 55985.500000000007 1617733.0000000002 10.500000000000002 1.0000000180025095e-35 1.0000000180025095e-35 1.1275000000000002 2218.0000000000005 38.500000000000007 2.5000000000000004 3186.0000000000005
decision_type=2 2 2 2 2 2 2 2 2 2 2 2 2 2 2 2 2 2 2 2 2 2 2 2 2 2 2 2 2 2
left_child=1 3 4 6 5 -3 7 -1 11 -6 -8 -4 24 14 -5 -15 -10 18 23 -20 21 -19 -22 -14 28 27 -27 -26 -2 -30
right_child=12 2 8 13 9 -7 10 -9 16 -11 -12 -13 17 15 -16 -17 -18 20 19 -21 22 -23 -24 -25 25 26 -28 -29 29 -31
leaf_value=-0.010882061154806826 -0.010045803543947665 0.0049038771717322084 -0.01447446079349562 -0.01832211227431994 0.0033148050831027344 -0.013627418924798761 0.028211173191049106 -0.056943345503025579 0.029509799352295148 0.018032252668385082 -0.0015108716774765033 0.0050222795589286578 -0.0043353941804623198 -0.013771945431399181 0.022337591714957368 0.0053793402124649344 -0.0063246385793543072 0.0055474340772458577 0.0095919757851482754 0.0034068801550756647 0.0018039749351013018 0.0029830161371449757 0.0065195895606517968 0.0021215338878071972 -0.00096435873270095103 0.018835023191629677 -0.0052974096035074787 0.00036131013370316605 -0.019959815408048375 0.004618251274434302
leaf_weight=10323 46 2156 2531 59 3627 1684 156 105 143 936 806 302 220 301 353 860 70 4205 360 10339 785 6182 4532 7179 2968 4.9999999999999991 129 2421 5.0000000000000027 24
leaf_count=10323 46 2156 2531 59 3627 1684 156 105 143 936 806 302 220 301 353 860 70 4205 360 10339 785 6182 4532 7179 2968 5 129 2421 5 24
internal_value=-9.17051e-08 -0.00502472 -0.00129383 -0.00831984 0.00196671 -0.00322301 -0.0101084 -0.0113464 -0.0102884 0.0063341 0.00331135 -0.012396 0.00311314 0.00463073 0.0165119 0.000413434 0.0177358 0.00371832 0.00292598 0.00361508 0.00463144 0.00402122 0.00582342 0.00192949 -0.000541074 -0.000466293 -0.00438357 -0.000368808 -0.00604004 0.000326625
internal_weight=63812 24412 11449 12963 8403 3840 11390 10428 3046 4563 962 2833 39400 1573 412 1161 213 33802 18098 10699 15704 10387 5317 7399 5598 5523 134 5389 75 29
internal_count=63812 24412 11449 12963 8403 3840 11390 10428 3046 4563 962 2833 39400 1573 412 1161 213 33802 18098 10699 15704 10387 5317 7399 5598 5523 134 5389 75 29
is_linear=0
shrinkage=0.05


Tree=42
num_leaves=31
num_cat=0
split_feature=1 0 0 9 2 4 1 9 2 2 0 9 2 0 8 0 4 1 7 11 0 10 2 1 8 8 5 2 9 9
split_gain=64.004 97.2049 67.1483 50.4041 37.5256 46.251 63.305 33.4296 41.2888 37.1246 32.7573 32.85 41.0597 32.2214 31.4854 29.852 26.5484 31.4398 26.5206 61.7861 25.9323 24.5605 24.3241 22.0737 20.7773 20.762 17.302 10.6483 25.026 14.008
threshold=1617733.0000000002 70226.500000000015 9195.0000000000018 17.500000000000004 13887.500000000002 1.5000000000000002 1474865.0000000002 53.500000000000007 26146.000000000004 23063.000000000004 760406.00000000012 74.500000000000014 34938.000000000007 118760.00000000001 8.5000000000000018 19114.000000000004 3.5000000000000004 428049.50000000006 12.500000000000002 7.5000000000000009 692.00000000000011 85.500000000000014 6572.0000000000009 46406.000000000007 1.5000000000000002 7.5000000000000009 19490.000000000004 303658.50000000006 136.50000000000003 24.500000000000004
decision_type=2 2 2 2 2 2 2 2 2 2 2 2 2 2 2 2 2 2 2 2 2 2 2 2 2 2 2 2 2 2
left_child=2 7 3 18 5 14 -7 8 9 -2 11 12 -3 -13 -4 -10 21 -18 19 -1 26 -6 -5 -20 -24 -22 -9 29 -29 -12
right_child=1 10 4 22 16 6 -8 20 15 -11 27 13 -14 -15 -16 -17 17 -19 23 -21 25 -23 24 -25 -26 -27 -28 28 -30 -31
leaf_value=-0.0033131666970184354 -0.0030455990332685294 0.0023080107626990941 0.0049498173855080461 0.06772816371410452 0.0014715203753011136 0.015656033608066604 0.08935013656006302 0.015366423522673462 -0.010936546941935441 0.007856845923567812 0.0053516733788762346 0.0084596735749674998 -0.0049949279378586845 0.0013718740465733937 0.077335423783750731 -0.0044205095121751308 0.016518133648827118 0.0018591014968311311 -0.031580583501925379 0.095105873686926704 -0.00039814762356461326 0.063284348904716292 0.0080022931222498376 -0.0097040137148113569 -0.00049329604063904134 -0.01409613566926015 -0.034808759243119484 -0.028253397444700359 0.0077657427566576445 0.018823449170017516
leaf_weight=1676 10417 4288 2951 13.999999999999998 8682 921 30 341 2952 844 332 2391 3492 4868 14.999999999999998 4345 700 766 127 15.999999999999998 7584 15.999999999999998 1006 1246 2528 287 18 54 444 461
leaf_count=1676 10417 4288 2951 14 8682 921 30 341 2952 844 332 2391 3492 4868 15 4345 700 766 127 16 7584 16 1006 1246 2528 287 18 54 444 461
internal_value=-8.74566e-08 -0.00109711 0.00228566 -0.00187039 0.00423751 0.00839534 0.0179899 -0.00295067 -0.00412691 -0.00222841 0.0019435 0.00128735 -0.000969886 0.00370657 0.00531849 -0.00705668 0.00263509 0.00885929 -0.00656685 -0.00237692 -0.000298313 0.00158595 0.0021868 -0.0117297 0.00192524 -0.00089779 0.0128417 0.00958643 0.00385516 0.0131847
internal_weight=63812 43118 20694 6613 14081 3917 951 26788 18558 11261 16330 15039 7780 7259 2966 7297 10164 1466 3065 1692 8230 8698 3548 1373 3534 7871 359 1291 498 793
internal_count=63812 43118 20694 6613 14081 3917 951 26788 18558 11261 16330 15039 7780 7259 2966 7297 10164 1466 3065 1692 8230 8698 3548 1373 3534 7871 359 1291 498 793
is_linear=0
shrinkage=0.05


Tree=43
num_leaves=31
num_cat=0
split_feature=14 14 14 14 14 14 9 7 2 7 2 14 12 9 12 7 14 14 14 14 2 10 1 7 2 6 2 1 6 2
split_gain=362.625 121.763 129.493 366.157 153.444 213.644 58.3158 39.7149 32.2149 53.516 46.0524 31.4289 24.0843 23.7897 40.2051 25.8241 8.73842 4.95557 5.52082 4.33579 3.85426 3.49284 2.94596 0.826783 0.93716 0.871396 0.776529 0.892262 0.734427 0.666664
threshold=9.5000000000000018 8.5000000000000018 3.5000000000000004 2.5000000000000004 4.5000000000000009 7.5000000000000009 23.500000000000004 85.500000000000014 31485.500000000004 12.500000000000002 39684.500000000007 10.500000000000002 4.5000000000000009 49.500000000000007 477.50000000000006 50.500000000000007 13.500000000000002 12.500000000000002 11.500000000000002 14.500000000000002 3186.0000000000005 23.500000000000004 3708198.5000000005 1.0000000180025095e-35 930.50000000000011 1.1275000000000002 9478.5000000000018 3038419.0000000005 0.92890000000000017 24176.500000000004
decision_type=2 2 2 2 2 2 2 2 2 2 2 2 2 2 2 2 2 2 2 2 2 2 2 2 2 2 2 2 2 2
left_child=1 2 3 6 7 -6 -1 -4 13 -10 -11 23 -5 15 -15 -3 17 18 -13 22 -21 -19 -18 26 28 -26 27 -2 -25 -28
right_child=11 8 4 12 5 -7 -8 -9 9 10 -12 16 -14 14 -16 -17 19 21 -20 20 -22 -23 -24 24 25 -27 29 -29 -30 -31
leaf_value=-0.0056089728243151719 -0.012657000288423013 -0.010097763808236848 0.0047611173164533744 -0.022211478608338851 -0.012276769497176264 0.0053436390922666855 0.0038291450233032226 0.015686563356866867 0.11431846484332019 -0.054700621869853944 -0.019978753504476324 0.0024402165399209433 -0.015014137079567219 0.058230295377672853 -0.095344696559158046 -0.074013362760129181 0.0061012007523045114 0.0013460663803261063 0.0045655076417979827 1.8108620947117611e-05 0.0040683621198764246 0.0089317883987130083 0.0026657733952052034 0.0048170368598989275 -0.00038135247300137982 -0.0044769511031054086 0.010131601274998719 0.0013011910928043056 0.025669114408539796 -0.0091733797912446555
leaf_weight=2731 40 867 2666 1979 3777 3159 4084 1209 6.9999999999999991 106 960 7164 2820 26.000000000000004 4.9999999999999991 15.999999999999998 4343 5449 5329 624 10008 156 729 25.000000000000004 5360 133 12.000000000000002 15.999999999999998 4.9999999999999991 6.9999999999999991
leaf_count=2731 40 867 2666 1979 3777 3159 4084 1209 7 106 960 7164 2820 26 5 16 4343 5449 5329 624 10008 156 729 25 5360 133 12 16 5 7
internal_value=-5.4686e-08 -0.00478848 -0.0037373 -0.00740308 0.000200788 -0.0042516 4.69466e-05 0.00817017 -0.0166512 -0.022527 -0.0234362 0.00296683 -0.0179826 -0.00975149 0.0332332 -0.0112642 0.00354152 0.00279262 0.00334681 0.00440456 0.00383065 0.00155735 0.00560749 -0.000503257 -0.000432393 -0.000480597 -0.00571418 -0.00867374 0.00836612 0.00300845
internal_weight=63812 24412 22425 11614 10811 6936 6815 3875 1987 1073 1066 39400 4799 914 31 883 33802 18098 12493 15704 10632 5605 5072 5598 5523 5493 75 56 30 19
internal_count=63812 24412 22425 11614 10811 6936 6815 3875 1987 1073 1066 39400 4799 914 31 883 33802 18098 12493 15704 10632 5605 5072 5598 5523 5493 75 56 30 19
is_linear=0
shrinkage=0.05


Tree=44
num_leaves=31
num_cat=0
split_feature=14 14 14 14 14 14 9 9 14 12 12 7 4 4 9 8 10 14 5 14 14 12 6 1 12 7 10 10 5 12
split_gain=327.271 109.895 116.868 330.458 138.484 192.814 53.121 36.1027 28.3645 25.6902 38.4802 31.6767 28.6375 26.1263 24.1802 21.4355 17.9946 7.88642 4.69691 4.38411 4.05761 4.78429 4.1258 3.08632 0.784764 1.33232 2.52168 1.1958 1.21441 1.17266
threshold=9.5000000000000018 8.5000000000000018 3.5000000000000004 2.5000000000000004 4.5000000000000009 7.5000000000000009 13.500000000000002 52.500000000000007 10.500000000000002 130.50000000000003 122.50000000000001 13.500000000000002 1.5000000000000002 4.5000000000000009 26.500000000000004 1.5000000000000002 5.5000000000000009 13.500000000000002 5134.0000000000009 12.500000000000002 15.500000000000002 39.500000000000007 0.90775000000000017 34501922.500000007 14.500000000000002 4.5000000000000009 1.0000000180025095e-35 71.500000000000014 226696.50000000003 109.50000000000001
decision_type=2 2 2 2 2 2 2 2 2 2 2 2 2 2 2 2 2 2 2 2 2 2 2 2 2 2 2 2 2 2
left_child=1 2 3 6 7 -6 -1 -4 24 10 13 12 -11 -3 -5 -13 -12 18 19 -10 21 -19 -22 -20 27 26 -26 28 -2 -27
right_child=8 9 4 14 5 -7 -8 -9 17 11 16 15 -14 -15 -16 -17 -18 20 23 -21 22 -23 -24 -25 25 29 -28 -29 -30 -31
leaf_value=-0.0073936716051663494 -0.00085344903000589094 -0.019421186734119238 0.0039280372565431076 -0.021140128620901224 -0.011662947274396106 0.0050764658044111727 0.0026643213490015662 0.013837582120174495 0.0035610350001218254 0.013801198926119069 -0.10657002599858445 -0.027460123814488209 0.11465962359934678 0.023111454430199418 -0.013976882325553209 -0.0043339663764709975 0.00057591410244212441 0.0037394429284689002 0.00066304095796487273 0.0017352948154382181 0.0021302251390641317 0.0059189434704314337 0.0049888401505323145 0.033671482033293017 0.0086529730328416248 0.0010188238479041543 -0.027676226753814551 -0.015655600102552288 -0.0071495766361454787 -0.00097403328856378421
leaf_weight=1775 2414 1373 2376 2081 3777 3159 5040 1499 10581 54 18.000000000000004 140 7.9999999999999991 37 2718 352 4.9999999999999991 5256 2739 4771 3696 4835 1917 6.9999999999999991 76 1297 4.9999999999999991 13.999999999999998 79 1713
leaf_count=1775 2414 1373 2376 2081 3777 3159 5040 1499 10581 54 18 140 8 37 2718 352 5 5256 2739 4771 3696 4835 1917 7 76 1297 5 14 79 1713
internal_value=-5.6774e-08 -0.00454908 -0.00355044 -0.00703295 0.000190755 -0.00403902 4.4598e-05 0.00776169 0.0028185 -0.0158188 -0.0193537 -0.00667346 0.0269789 -0.0183035 -0.0170835 -0.0109188 -0.0833758 0.00336445 0.00265299 0.00299366 0.00418433 0.00478378 0.0031066 0.000748408 -0.000478081 5.5075e-05 0.00637907 -0.00113541 -0.00105324 -0.000115312
internal_weight=63812 24412 22425 11614 10811 6936 6815 3875 39400 1987 1433 554 62 1410 4799 492 23 33802 18098 15352 15704 10091 5613 2746 5598 3091 81 2507 2493 3010
internal_count=63812 24412 22425 11614 10811 6936 6815 3875 39400 1987 1433 554 62 1410 4799 492 23 33802 18098 15352 15704 10091 5613 2746 5598 3091 81 2507 2493 3010
is_linear=0
shrinkage=0.05


Tree=45
num_leaves=31
num_cat=0
split_feature=14 0 1 0 0 7 2 2 4 2 2 6 7 6 10 14 14 14 7 2 14 2 0 0 2 7 10 10 10 1
split_gain=295.363 107.129 89.7211 113.615 80.4297 97.9407 77.3593 76.3796 72.9971 64.9243 64.6152 58.9898 52.5281 38.997 31.462 30.9961 25.5996 7.11744 4.41726 4.18325 3.71287 3.44148 3.21009 3.03839 0.836209 1.24202 1.23477 1.01925 0.726736 0.622398
threshold=9.5000000000000018 16152.500000000002 1617733.0000000002 347831.50000000006 381.00000000000006 5.5000000000000009 13887.500000000002 6015.0000000000009 4.5000000000000009 11534.500000000002 10042.500000000002 1.0950000000000004 2.5000000000000004 1.1275000000000002 101.50000000000001 3.5000000000000004 10.500000000000002 13.500000000000002 5.5000000000000009 4623.5000000000009 14.500000000000002 3186.0000000000005 49.000000000000007 5723.0000000000009 324577.00000000006 510.50000000000006 71.500000000000014 1.0000000180025095e-35 91.000000000000014 5149149.5000000009
decision_type=2 2 2 2 2 2 2 2 2 2 2 2 2 2 2 2 2 2 2 2 2 2 2 2 2 2 2 2 2 2
left_child=1 4 6 8 12 10 9 -7 -4 -3 -6 -8 15 -14 -5 -1 24 18 23 -20 22 -22 -19 -18 25 27 29 -2 -28 -26
right_child=16 2 3 14 5 7 11 -9 -10 -11 -12 -13 13 -15 -16 -17 17 20 19 -21 21 -23 -24 -25 26 -27 28 -29 -30 -31
leaf_value=0.0289983094578058 6.2115966661230985e-05 0.0096567171463530638 -0.0069694480385051015 0.006191483933391897 -0.024951520797756605 0.0045802851696160954 0.0016327382147750002 -0.011101565037976538 0.018088889471784577 0.040706576123014843 -0.083231993405695384 -0.033913264644211488 0.0077823165155551091 -0.11933947146916001 0.049421767692304198 0.17776477168983137 -0.0050908230587941453 0.026110614469861456 0.0059982937065760633 0.0025414877820892643 -0.00015853584075389566 0.0036686641751297808 0.0050129017021677737 0.00093626176822180569 0.0018955137550116996 -0.025265723174693541 -0.017526318711682781 -0.0013317130695840787 0.00022886541927954904 0.0080733189108931364
leaf_weight=6.9999999999999982 2851 832 10271 1796 549 903 3225 5539 299 211 52 121 551 5.9999999999999991 43 7 267 18 926 15942 624 10008 5054 963 241 4.9999999999999991 12.000000000000002 2429 10.999999999999998 49
leaf_count=7 2851 832 10271 1796 549 903 3225 5539 299 211 52 121 551 6 43 7 267 18 926 15942 624 10008 5054 963 241 5 12 2429 11 49
internal_value=-5.55645e-08 -0.00432163 -0.00209164 -0.00426485 -0.00924136 -0.0107046 0.00405262 -0.00890334 -0.00626044 0.0159414 -0.0300071 0.000346328 0.00880561 0.00639179 0.00720494 0.104115 0.00267757 0.00319623 0.00252035 0.00273129 0.00397512 0.00344404 0.00508829 -0.000372364 -0.000454215 -0.000602944 0.00205647 -0.000579111 -0.00907048 0.00294177
internal_weight=63812 24412 16798 12409 7614 7043 4389 6442 10570 1043 601 3346 571 557 1839 14 39400 33802 18098 16868 15704 10632 5072 1230 5598 5285 313 5280 23 290
internal_count=63812 24412 16798 12409 7614 7043 4389 6442 10570 1043 601 3346 571 557 1839 14 39400 33802 18098 16868 15704 10632 5072 1230 5598 5285 313 5280 23 290
is_linear=0
shrinkage=0.05


Tree=46
num_leaves=31
num_cat=0
split_feature=14 14 0 14 14 12 4 5 10 2 7 2 14 5 5 5 12 0 6 0 4 0 4 8 12 12 0 10 8 2
split_gain=266.564 99.8365 110.271 93.5675 88.4345 77.9329 74.2453 59.567 43.2473 28.6856 48.3796 41.2823 23.1041 21.8073 40.26 26.0261 7.34843 11.246 11.8651 5.40205 5.32052 5.36891 0.791065 1.01841 0.950085 0.851472 0.823548 1.72625 1.61445 0.761505
threshold=9.5000000000000018 8.5000000000000018 58609.000000000007 7.5000000000000009 4.5000000000000009 22.500000000000004 2.5000000000000004 73699.000000000015 1.0000000180025095e-35 31485.500000000004 12.500000000000002 39684.500000000007 10.500000000000002 24845.500000000004 3681.0000000000005 226696.50000000003 65.500000000000014 218853.00000000003 0.83355000000000012 151.50000000000003 24.500000000000004 13693.500000000002 5.5000000000000009 7.5000000000000009 162.50000000000003 219.50000000000003 160631.50000000003 21.500000000000004 1.0000000180025095e-35 153340.00000000003
decision_type=2 2 2 2 2 2 2 2 2 2 2 2 2 2 2 2 2 2 2 2 2 2 2 2 2 2 2 2 2 2
left_child=1 2 5 4 -4 7 -7 -1 -5 13 -11 -12 22 14 -3 -15 17 19 -19 -14 21 -18 26 24 -24 -25 27 -2 -28 -22
right_child=12 9 3 8 -6 6 -8 -9 -10 10 11 -13 16 15 -16 -17 20 18 -20 -21 29 -23 23 25 -26 -27 28 -29 -30 -31
leaf_value=-0.0087363164515410069 -0.00088691512497866712 -0.0086293626286693247 0.0021172397356635157 0.028142850132959703 -0.011809348225828725 -0.004753756542116537 0.0082495522858036362 -0.026811476067467845 0.0077764771125150766 0.10971855277746496 -0.050856767540040954 -0.017982943281403291 0.0090898273459172202 -0.035252571548931272 0.031109819398626965 0.02495372699688396 0.0025735907627937185 0.0010080283972946306 0.0085158303867398557 0.001912542456299219 -0.014482339630361466 0.0046835958964101939 0.0014742170296616127 -0.015007871935385782 0.010195707363223365 0.0043317118272332865 -0.0085785195371362675 0.0071904651661737987 0.0016272383052795985 -0.039054490311045041
leaf_weight=5259 4656 702 5587 389 1432 7173 1296 499 790 6.9999999999999991 106 960 266 121 70 21 4551 832 1432 17774 5.9999999999999982 8934 83 13.000000000000002 50 9.9999999999999982 41 67 678 7
leaf_count=5259 4656 702 5587 389 1432 7173 1296 499 790 7 106 960 266 121 70 21 4551 832 1432 17774 6 8934 83 13 50 10 41 67 678 7
internal_value=-4.72417e-08 -0.00410554 -0.0031537 0.00146517 -0.000724158 -0.00581522 -0.0027638 -0.0103032 0.014498 -0.0148471 -0.0203917 -0.0212563 0.00254369 -0.00833655 -0.00502251 -0.0263375 0.00303643 0.00243531 0.00575695 0.00201842 0.00394061 0.00397152 -0.000431534 0.0030779 0.00475817 -0.00661701 -0.00053219 -0.00077218 0.00104416 -0.0279106
internal_weight=63812 24412 22425 8198 7019 14227 8469 5758 1179 1987 1073 1066 39400 914 772 142 33802 20304 2264 18040 13498 13485 5598 156 133 23 5442 4723 719 13
internal_count=63812 24412 22425 8198 7019 14227 8469 5758 1179 1987 1073 1066 39400 914 772 142 33802 20304 2264 18040 13498 13485 5598 156 133 23 5442 4723 719 13
is_linear=0
shrinkage=0.05


Tree=47
num_leaves=29
num_cat=0
split_feature=12 0 4 7 12 2 0 12 7 8 0 12 12 2 9 4 12 6 12 6 8 2 0 8 2 8 7 2
split_gain=57.1553 52.3719 45.396 42.9056 48.6928 42.717 64.2624 39.9325 30.1446 36.4379 29.7282 47.3398 29.7164 26.4204 82.9439 26.1411 73.9698 26.7987 25.0292 24.7446 24.4666 23.7014 23.0477 22.3149 17.7388 12.9584 11.098 8.54105
threshold=62.500000000000007 300438.00000000006 2.5000000000000004 438.50000000000006 219.50000000000003 214177.00000000003 30704.000000000004 404.00000000000006 226.50000000000003 6.5000000000000009 84.000000000000014 64.500000000000014 43.500000000000007 261311.00000000003 164.50000000000003 7.5000000000000009 187.50000000000003 0.76915000000000011 67.500000000000014 0.90775000000000017 2.5000000000000004 27363.500000000004 1711053.0000000002 2.5000000000000004 721.50000000000011 10.500000000000002 1217.0000000000002 413348.50000000006
decision_type=2 2 2 2 2 2 2 2 2 2 2 2 2 2 2 2 2 2 2 2 2 2 2 2 2 2 2 2
left_child=1 8 3 10 18 6 7 -4 9 21 11 -2 -11 14 -10 17 -17 -7 -5 -6 -15 -1 -12 -8 -3 26 -26 -27
right_child=2 24 5 4 19 15 23 -9 13 12 22 -13 -14 20 -16 16 -18 -19 -20 -21 -22 -23 -24 -25 25 27 -28 -29
leaf_value=-0.00070177454767557444 0.078722675180517121 -0.06151661512875322 0.0060022724886874624 0.074925878474793109 -0.02052015910399323 0.04112681936779064 0.0080522401329057216 -0.012590119814348238 0.093708732053381483 -0.022878093713014674 0.00025084579297821817 0.0096385260374362292 0.01769701567355136 0.0085694242458791547 0.0077399382691661972 -0.064017588087232596 0.03650982717049988 -0.014131277761866123 0.022959615237087776 0.010464135797479799 -0.0042063330572666147 -0.0034679239940240063 0.031785143733268247 0.020989199539510936 0.0040348126766276545 -0.0131864419653396 0.028480318847513755 0.032741902955466799
leaf_weight=15456 29 9.9999999999999982 1797 25 106 23 507 344 29 338 21455 168 52 551 784 23 88 439 306 164 1171 15520 58 974 3273 11.999999999999998 47 63
leaf_count=15456 29 10 1797 25 106 23 507 344 29 338 21455 168 52 551 784 23 88 439 306 164 1171 15520 58 974 3273 12 47 63
internal_value=-4.31789e-08 -0.00126138 0.00177522 0.00087796 0.0140552 0.00654716 0.00855396 0.00301454 -0.0018551 -0.00227897 0.000513112 0.0198431 -0.0174649 0.00338937 0.0108176 -0.00613733 0.0156409 -0.011372 0.026906 -0.00170316 -0.000118127 -0.00208771 0.000336011 0.0165613 0.00464976 0.00484646 0.00438173 0.0253856
internal_weight=63812 37306 26506 22311 601 4195 3622 2141 33901 31366 21710 197 390 2535 813 573 111 462 331 270 1722 30976 21513 1481 3405 3395 3320 75
internal_count=63812 37306 26506 22311 601 4195 3622 2141 33901 31366 21710 197 390 2535 813 573 111 462 331 270 1722 30976 21513 1481 3405 3395 3320 75
is_linear=0
shrinkage=0.05


Tree=48
num_leaves=31
num_cat=0
split_feature=14 0 2 1 1 0 2 4 0 2 6 9 9 6 14 14 9 2 6 2 0 2 6 7 5 2 5 6 6 6
split_gain=241.899 91.3668 80.178 93.0662 79.6933 95.2726 70.6154 63.722 59.1451 57.8105 52.808 50.384 28.1499 21.3791 20.8595 20.1997 6.69595 10.9391 7.97756 6.24986 9.82843 5.3554 3.00188 0.718829 0.889871 0.843771 0.783369 0.780691 0.66088 0.513871
threshold=9.5000000000000018 16152.500000000002 476015.00000000006 4499798.5000000009 1617733.0000000002 327606.00000000006 13887.500000000002 4.5000000000000009 381.00000000000006 11534.500000000002 1.0950000000000004 124.50000000000001 9.5000000000000018 0.74070000000000003 10.500000000000002 4.5000000000000009 23.500000000000004 9724.5000000000018 0.7732500000000001 153340.00000000003 67258.500000000015 126500.00000000001 0.83100000000000007 1.0000000180025095e-35 1446.5000000000002 930.50000000000011 32259.500000000004 1.1275000000000002 0.92890000000000017 0.7994500000000001
decision_type=2 2 2 2 2 2 2 2 2 2 2 2 2 2 2 2 2 2 2 2 2 2 2 2 2 2 2 2 2 2
left_child=1 2 3 8 6 7 9 -6 -1 -3 -8 -5 -7 -4 23 -15 19 22 -19 21 -21 -16 -18 24 29 28 -26 -27 -25 -2
right_child=14 4 13 11 5 12 10 -9 -10 -11 -12 -13 -14 15 16 -17 17 18 -20 20 -22 -23 -24 25 26 27 -28 -29 -30 -31
leaf_value=0.0086584909727005967 0.0083571780913984321 0.0093675136783631149 -0.031378782457775541 -0.034790752400429885 -0.0064520181236606914 -0.0088474659682351627 0.0016152706571948734 0.016963440755553279 -0.0087136494875823031 0.038667036791147663 -0.032016690126770199 0.010372823499845219 0.008690922302818687 0.030298412854430343 0.0020437375750247877 0.088555707028884989 0.037601833119679288 0.0013652908459220441 0.0039000980053489642 0.01971054133437164 -0.044674523752073793 0.021599329265094551 0.015664150797970545 0.0046437917818942381 -0.018951448288264006 -0.0002895629476926116 -0.0051289259664179009 -0.004166139755398035 0.024424952619216025 -0.007258233326820681
leaf_weight=530 15.000000000000002 832 7.9999999999999991 472 10174 265 3225 299 6472 211 121 71 1671 35 13800 26 24 3850 16022 9.0000000000000018 17 35 45 25.000000000000004 13.999999999999998 5360 38 133 4.9999999999999991 7.9999999999999991
leaf_count=530 15 832 8 472 10174 265 3225 299 6472 211 121 71 1671 35 13800 26 24 3850 16022 9 17 35 45 25 14 5360 38 133 5 8
internal_value=-1.61853e-08 -0.00391095 -0.00845436 -0.00894527 -0.00185153 -0.0038997 0.00393919 -0.00578336 -0.0073986 0.015298 0.000398132 -0.0288846 0.00628993 0.0451608 0.00242318 0.0552337 0.00289137 0.00347809 0.00340901 0.00204727 -0.0223973 0.00209337 0.023338 -0.000403833 -0.00526266 -0.000337758 -0.00887961 -0.000383499 0.00801084 0.00291782
internal_weight=63812 24412 7614 7545 16798 12409 4389 10473 7002 1043 3346 543 1936 69 39400 61 33802 19941 19872 13861 26 13835 69 5598 75 5523 52 5493 30 23
internal_count=63812 24412 7614 7545 16798 12409 4389 10473 7002 1043 3346 543 1936 69 39400 61 33802 19941 19872 13861 26 13835 69 5598 75 5523 52 5493 30 23
is_linear=0
shrinkage=0.05


Tree=49
num_leaves=29
num_cat=0
split_feature=1 12 4 1 0 0 0 6 2 4 0 9 2 0 12 2 2 0 1 2 1 12 4 12 2 3 1 1
split_gain=52.7637 84.8416 50.47 63.8306 48.6343 44.0041 41.61 36.9536 32.654 33.5307 31.4467 46.8 33.1186 25.1434 33.8938 24.6197 31.8204 21.9767 21.6562 20.0155 16.7932 15.9494 14.6743 11.4474 11.3786 10.2886 3.3038 1.84943
threshold=3632778.5000000005 39.500000000000007 2.5000000000000004 3503689.5000000005 30704.000000000004 559261.00000000012 1711053.0000000002 0.87085000000000012 62079.500000000007 13.500000000000002 8026.0000000000009 54.500000000000007 29997.500000000004 151.50000000000003 149.50000000000003 126500.00000000001 27363.500000000004 56711.000000000007 26552089.000000004 21868.000000000004 3038419.0000000005 36.500000000000007 11.500000000000002 120.50000000000001 123895.00000000001 1.0000000180025095e-35 7829347.0000000009 10980510.000000002
decision_type=2 2 2 2 2 2 2 2 2 2 2 2 2 2 2 2 2 2 2 2 2 2 2 2 2 2 2 2
left_child=1 5 10 4 -4 15 8 -5 13 17 11 -3 -12 14 -2 16 -1 -10 -15 25 22 -17 -7 -11 -21 -8 -27 -26
right_child=6 2 3 7 -6 20 19 -9 9 23 12 -13 -14 18 -16 21 -18 -19 -20 24 -22 -23 -24 -25 27 26 -28 -29
leaf_value=-0.00056210831920188407 -0.01795409260252815 -0.0039019815926400153 0.0028578252622183282 0.029388138768373508 0.01408743898331687 0.0079531050927467428 -0.0077097822033183674 0.13025987351903265 -0.0048405474177162806 -0.0016050156369641589 0.0054980548312877258 0.0096263735050834374 0.00068577046852573908 -0.0059348819150276261 0.069223080030772308 0.0013457139536279016 -0.0042439678053801484 0.0026613853297723822 -0.017562883562706025 -0.032388263335781743 -0.083283471418362051 -0.058641574152552334 -0.06410719239166085 -0.06734987120496562 0.0089305451765271573 0.075761413444643433 0.047150432166219551 0.027645008724140024
leaf_weight=12734 20 3967 2408 21 1608 1475 6.9999999999999991 15.999999999999998 1584 8.9999999999999982 6833 762 7499 4445 25 6370 10884 2544 440 13.999999999999998 4.9999999999999991 10.999999999999998 6.9999999999999991 25 27 15.999999999999998 30 26
leaf_count=12734 20 3967 2408 21 1608 1475 7 16 1584 9 6833 762 7499 4445 25 6370 10884 2544 440 14 5 11 7 25 27 16 30 26
internal_value=-3.63996e-09 0.000590562 0.00289093 0.00795767 0.00735438 -0.00109815 -0.00350029 0.0732419 -0.00388646 -0.000625206 0.00181354 -0.00172195 0.00298012 -0.00663961 0.0305238 -0.00151432 -0.00225885 -0.000217311 -0.00698257 0.0257379 0.00729724 0.00124139 0.00760844 -0.0500026 0.00755407 0.0486676 0.0572448 0.018146
internal_weight=63812 54600 23114 4053 4016 31486 9212 37 9092 4162 19061 4729 14332 4930 45 29999 23618 4128 4885 120 1487 6381 1482 34 67 53 46 53
internal_count=63812 54600 23114 4053 4016 31486 9212 37 9092 4162 19061 4729 14332 4930 45 29999 23618 4128 4885 120 1487 6381 1482 34 67 53 46 53
is_linear=0
shrinkage=0.05


Tree=50
num_leaves=31
num_cat=0
split_feature=14 14 14 14 14 14 0 0 2 2 2 0 0 0 12 14 14 12 6 1 14 8 6 10 2 2 10 8 0 12
split_gain=219.942 91.1495 102.627 300.132 125.687 165.607 56.0539 33.8655 26.1176 34.3048 39.5765 33.0667 19.9842 27.0457 19.0864 18.8209 6.31359 4.26486 4.42845 3.96368 3.46105 4.13573 3.70355 0.765851 0.968602 0.954022 0.642941 0.635373 0.585474 0.261446
threshold=9.5000000000000018 8.5000000000000018 3.5000000000000004 2.5000000000000004 4.5000000000000009 7.5000000000000009 4886.5000000000009 10143.000000000002 31485.500000000004 39684.500000000007 37623.000000000007 1383168.5000000002 985517.00000000012 100629.50000000001 4.5000000000000009 10.500000000000002 13.500000000000002 682.50000000000011 0.88685000000000014 4787.5000000000009 15.500000000000002 13.500000000000002 0.90775000000000017 71.500000000000014 324577.00000000006 261311.00000000003 91.000000000000014 11.500000000000002 690876.00000000012 187.50000000000003
decision_type=2 2 2 2 2 2 2 2 2 2 2 2 2 2 2 2 2 2 2 2 2 2 2 2 2 2 2 2 2 2
left_child=1 2 3 6 7 -6 -1 -4 12 10 -10 -11 13 -3 -5 23 17 18 -17 -19 21 -18 -22 24 25 -2 28 -26 -25 -28
right_child=15 8 4 14 5 -7 -8 -9 9 11 -12 -13 -14 -15 -16 16 20 19 -20 -21 22 -23 -24 26 27 -27 29 -29 -30 -31
leaf_value=-0.0109774863119584 -0.0003868525043647941 -0.0054895645297193549 -0.0007371357619311025 -0.019426030399274916 -0.010409082225506692 0.0051044154614066266 0.0024283934798685048 0.010428641534625048 -0.030153954744905981 -0.015177061480350957 -0.10412267431036218 -0.092323908991847489 0.065950751140877437 -0.033170667921468298 -0.013018927502668776 0.0013286908965608002 0.0040760878752469105 -0.018178652462937078 0.0029521033209062232 0.006980080747428891 0.0015685326080572234 -0.026463124989154374 0.0042768805109156677 -0.0062055813728785882 0.0020785541055348983 -0.0048058557145998814 -0.0076837909606392281 0.016284582101636465 -0.028336041530624762 0.0076566057727106051
leaf_weight=898 5160 806 878 1979 3777 3159 5917 2997 84 952 23 13.999999999999998 8.9999999999999982 99 2820 10508 10080 15.999999999999998 6999 575 3696 10.999999999999998 1917 6.0000000000000018 282 125 5.9999999999999982 7.9999999999999991 6 5
leaf_count=898 5160 806 878 1979 3777 3159 5917 2997 84 952 23 14 9 99 2820 10508 10080 16 6999 575 3696 11 1917 6 282 125 6 8 6 5
internal_value=1.49064e-09 -0.00372922 -0.00281974 -0.00608317 0.000686111 -0.00334349 0.00066179 0.00789874 -0.0139929 -0.0192834 -0.0461361 -0.0163046 -0.00778055 -0.00852099 -0.0156614 0.00231061 0.00275533 0.00211877 0.00197772 0.006296 0.00348892 0.00404254 0.00249357 -0.000374711 -0.00033706 -0.000491459 -0.00946001 0.00247592 -0.0174135 -0.000704724
internal_weight=63812 24412 22425 11614 10811 6936 6815 3875 1987 1073 107 966 914 905 4799 39400 33802 18098 17507 591 15704 10091 5613 5598 5575 5285 23 290 12 11
internal_count=63812 24412 22425 11614 10811 6936 6815 3875 1987 1073 107 966 914 905 4799 39400 33802 18098 17507 591 15704 10091 5613 5598 5575 5285 23 290 12 11
is_linear=0
shrinkage=0.05


Tree=51
num_leaves=30
num_cat=0
split_feature=1 12 4 1 0 0 0 6 8 7 8 7 0 6 0 1 7 6 6 6 12 1 0 12 7 4 1 1 1
split_gain=48.1607 76.2502 45.8066 57.7486 43.7081 40.0522 37.4652 33.3528 31.4992 30.6986 52.4094 33.0865 29.8348 27.6543 57.4287 30.953 37.6477 24.9445 22.7417 20.4627 19.4598 15.2676 13.4419 9.95022 15.4722 13.26 1.62309 1.2319 1.02809
threshold=3632778.5000000005 39.500000000000007 2.5000000000000004 3503689.5000000005 30704.000000000004 559261.00000000012 1711053.0000000002 0.87085000000000012 8.5000000000000018 226.50000000000003 6.5000000000000009 231.50000000000003 12159.500000000002 0.85950000000000004 55985.500000000007 4031242.0000000005 1045.5000000000002 0.86020000000000019 1.1475000000000002 0.84960000000000002 1180.0000000000002 3038419.0000000005 601135.50000000012 83.500000000000014 101.50000000000001 1.0000000180025095e-35 10980510.000000002 20422623.500000004 12633441.000000002
decision_type=2 2 2 2 2 2 2 2 2 2 2 2 2 2 2 2 2 2 2 2 2 2 2 2 2 2 2 2 2
left_child=1 5 8 4 -4 9 13 -5 12 10 -1 -11 -3 15 18 19 -17 -16 -15 -2 -10 22 -7 25 27 -8 -26 -25 -27
right_child=6 2 3 7 -6 21 23 -9 20 11 -12 -13 -14 14 17 16 -18 -19 -20 -21 -22 -23 -24 24 26 28 -28 -29 -30
leaf_value=-0.0017126145682626736 -0.019072064916370222 -0.0011594245124534881 0.0027353918819109711 0.028005136627156587 0.013381098512528625 0.022305749154075443 0.038161281323590819 0.12383710208886899 0.030178476604032296 0.031771230867309229 -0.021022184627012677 0.0023916566885526852 0.0030009463256193926 -0.0072414766377515254 0.035497063401960523 -0.0058157037433439925 0.073298256326195424 0.0034010619360777534 0.019983353914355087 -0.088143126250387324 -0.038753875875258234 -0.079395365189103534 0.0057610125126762108 0.071824776367371126 0.0087133865817226597 -0.0074235248103947694 0.026247919033998729 0.050750100380734887 -0.03099565091047515
leaf_weight=26639 324 6640 2408 21 1608 135 14.999999999999998 15.999999999999998 134 99 356 2905 12276 2541 62 3654 14.999999999999998 2406 79 10.999999999999998 10.999999999999998 4.9999999999999991 1347 15.999999999999998 27 7.0000000000000009 26 15.000000000000002 14
leaf_count=26639 324 6640 2408 21 1608 135 15 16 134 99 356 2905 12276 2541 62 3654 15 2406 79 11 11 5 1347 16 27 7 26 15 14
internal_value=-2.17824e-08 0.000564197 0.00274499 0.00757196 0.00699814 -0.00103673 -0.00334414 0.0696681 0.00171858 -0.00143378 -0.00196734 0.00336092 0.00154055 -0.00371058 -0.00126432 -0.00681901 -0.00549027 0.00420877 -0.00641984 -0.0213657 0.024926 0.0069728 0.00726953 0.0243997 0.0338158 0.00239584 0.0173485 0.0618233 -0.0232107
internal_weight=63812 54600 23114 4053 4016 31486 9212 37 19061 29999 26995 3004 18916 9092 5088 4004 3669 2468 2620 335 145 1487 1482 120 84 36 53 31 21
internal_count=63812 54600 23114 4053 4016 31486 9212 37 19061 29999 26995 3004 18916 9092 5088 4004 3669 2468 2620 335 145 1487 1482 120 84 36 53 31 21
is_linear=0
shrinkage=0.05


Tree=52
num_leaves=30
num_cat=0
split_feature=1 12 0 9 0 0 2 9 7 1 0 12 8 10 4 2 0 2 2 9 10 2 12 2 2 0 1 1 1
split_gain=44.1559 73.4436 57.996 60.1527 44.8958 44.7443 36.4646 49.8953 49.0124 36.0888 33.4967 33.0316 26.5127 50.1914 25.9288 31.8815 24.3215 19.5614 16.1444 14.7795 14.2022 26.1741 10.3715 9.40421 6.71058 4.20239 3.60549 1.46544 1.11239
threshold=3318083.0000000005 1.5000000000000002 8026.0000000000009 37.500000000000007 248498.50000000003 5723.0000000000009 26944.500000000004 124.50000000000001 10.500000000000002 3230802.5000000005 1711053.0000000002 1180.0000000000002 3.5000000000000004 16.500000000000004 13.500000000000002 316312.50000000006 23014.500000000004 721.50000000000011 21868.000000000004 15.500000000000002 1.0000000180025095e-35 43649.500000000007 120.50000000000001 123895.00000000001 5202.0000000000009 27987.500000000004 7829347.0000000009 10980510.000000002 20422623.500000004
decision_type=2 2 2 2 2 2 2 2 2 2 2 2 2 2 2 2 2 2 2 2 2 2 2 2 2 2 2 2 2
left_child=1 4 3 9 12 -5 8 -8 -4 -3 11 14 13 -1 15 -2 -14 -6 24 -19 25 -22 -16 -20 26 -13 -12 -25 -26
right_child=10 2 6 5 17 -7 7 -9 -10 -11 18 20 16 -15 22 -17 -18 19 23 -21 21 -23 -24 27 28 -27 -28 -29 -30
leaf_value=-0.0017947351750461134 -0.0045413829549843347 -0.0046761637767152231 -0.00022757636342286358 0.0090455669331609562 -0.079238283067521925 -0.012510232157961834 -0.00028472081503758454 0.0073480377734279874 0.008174942019729254 0.051165302712918352 -0.0070575761648131079 -0.0090278028836989314 -0.011083680716216656 0.01348048000852111 -0.0012166038114618471 0.0052119038165999998 -0.0029717770920976655 -0.0032157489689862533 -0.029456858250522223 0.0051853120308893684 -0.069615400889340581 0.049106957221652772 -0.063792170904784562 0.0082793252824417338 0.068255843259162771 0.0138306311700164 0.036265853817099764 0.024940551711795888 0.048229400290558666
leaf_weight=18245 8707 5072 2314 1677 6.9999999999999991 281 7850 2944 6942 29 7.0000000000000009 27 1417 554 8.9999999999999982 927 2656 624 13.999999999999998 3249 4.9999999999999991 53 25 27 15.999999999999998 78 15 26 15.000000000000002
leaf_count=18245 8707 5072 2314 1677 7 281 7850 2944 6942 29 7 27 1417 554 9 927 2656 624 14 3249 5 53 25 27 16 78 15 26 15
internal_value=2.08639e-09 0.000565343 0.00239947 -0.00149812 -0.00129326 0.00595153 0.0037717 0.00179712 0.00607433 -0.0043577 -0.00305995 -0.00338055 -0.00213691 -0.00134451 -0.00375695 -0.00360286 -0.00579412 0.00367982 0.0231862 0.00383172 0.0189335 0.0387701 -0.0472802 0.00685509 0.0437794 0.00794975 0.0225116 0.0164843 0.0587519
internal_weight=63812 53861 27109 7059 26752 1958 20050 10794 9256 5101 9951 9831 22872 18799 9668 9634 4073 3880 120 3873 163 58 34 67 53 105 22 53 31
internal_count=63812 53861 27109 7059 26752 1958 20050 10794 9256 5101 9951 9831 22872 18799 9668 9634 4073 3880 120 3873 163 58 34 67 53 105 22 53 31
is_linear=0
shrinkage=0.05


Tree=53
num_leaves=29
num_cat=0
split_feature=1 12 0 0 2 0 4 1 0 12 9 9 8 4 4 2 9 2 10 10 2 8 12 2 3 0 1 1
split_gain=39.8498 66.2838 53.7014 40.9359 33.9664 39.6254 39.4619 32.6985 30.2458 29.8098 26.9178 25.3372 36.3727 26.0329 23.4115 28.7733 20.2505 14.5815 13.1112 12.8157 23.6527 11.0657 9.36406 8.49258 7.55634 3.79355 2.43966 1.32311
threshold=3318083.0000000005 1.5000000000000002 12920.000000000002 300438.00000000006 29997.500000000004 56711.000000000007 4.5000000000000009 3230802.5000000005 1711053.0000000002 1180.0000000000002 29.500000000000004 186.50000000000003 8.5000000000000018 1.5000000000000002 13.500000000000002 316312.50000000006 24.500000000000004 21868.000000000004 135.50000000000003 1.0000000180025095e-35 43649.500000000007 10.500000000000002 120.50000000000001 123895.00000000001 1.0000000180025095e-35 27987.500000000004 7829347.0000000009 10980510.000000002
decision_type=2 2 2 2 2 2 2 2 2 2 2 2 2 2 2 2 2 2 2 2 2 2 2 2 2 2 2 2
left_child=1 3 7 11 5 -4 -6 10 9 14 -3 12 -1 -13 15 -2 -9 24 21 25 -21 -5 -16 -19 -10 -11 -26 -25
right_child=8 2 4 18 6 -7 -8 16 17 19 -12 13 -14 -15 22 -17 -18 23 -20 20 -22 -23 -24 27 26 -27 -28 -29
leaf_value=-0.0023581512939376617 -0.0043143164044058303 -0.0026573287253086261 0.0045023895801284816 0.0034795637465686691 0.00090096618618277884 0.013056807374928307 0.01160377802787747 -0.012839906390255958 -0.006709667893362717 -0.008578078429527387 0.0027734147456230144 0.0075900329458583639 -0.036115016456584124 -0.0030782798436424282 -0.0011564409769662133 0.0049513366858793557 0.044954747108565632 -0.027994461073573181 0.061005779014125766 -0.066202880997283789 0.046656232720097134 0.022906872766903452 -0.060615270751049791 0.00786688670900915 0.064864249263676052 0.013139984905528963 0.040282621268071611 0.023698301743216441
leaf_weight=21192 8707 6749 5735 3062 8364 1772 960 20 6.9999999999999991 27 3447 1330 80 1003 8.9999999999999982 927 62 13.999999999999998 9.9999999999999982 4.9999999999999991 53 75 25 27 15.999999999999998 78 30 26
leaf_count=21192 8707 6749 5735 3062 8364 1772 960 20 7 27 3447 1330 80 1003 9 927 62 14 10 5 53 75 25 27 16 78 30 26
internal_value=5.73652e-09 0.000537074 0.00227951 -0.00122862 0.00401852 0.00652178 0.00200304 -0.00056827 -0.00290692 -0.00321156 -0.000821328 -0.00194277 -0.00248527 0.00300359 -0.00356914 -0.00342272 0.03086 0.0220331 0.004128 0.0179864 0.0368298 0.00394475 -0.0449257 0.00651261 0.0416042 0.00755249 0.0489549 0.0156632
internal_weight=63812 53861 27109 26752 16831 7507 9324 10278 9951 9831 10196 23605 21272 2333 9668 9634 82 120 3147 163 58 3137 34 67 53 105 46 53
internal_count=63812 53861 27109 26752 16831 7507 9324 10278 9951 9831 10196 23605 21272 2333 9668 9634 82 120 3147 163 58 3137 34 67 53 105 46 53
is_linear=0
shrinkage=0.05


Tree=54
num_leaves=31
num_cat=0
split_feature=14 14 14 14 14 14 0 0 2 4 1 1 8 8 4 14 8 14 14 14 10 0 4 0 10 12 8 6 10 0
split_gain=203.325 83.1007 90.6741 271.815 114.512 150.684 48.6488 28.7113 24.9963 54.2219 25.1438 99.996 24.6228 18.4948 17.5148 17.0125 12.0651 5.59106 4.19382 4.68033 3.66703 8.88295 4.41487 2.6859 0.886011 0.853846 1.04414 0.96149 0.532364 0.567183
threshold=9.5000000000000018 8.5000000000000018 3.5000000000000004 2.5000000000000004 4.5000000000000009 7.5000000000000009 4886.5000000000009 10143.000000000002 5376.0000000000009 1.5000000000000002 170615.50000000003 471113.00000000006 5.5000000000000009 1.5000000000000002 4.5000000000000009 10.500000000000002 1.5000000000000002 13.500000000000002 12.500000000000002 11.500000000000002 41.500000000000007 151281.50000000003 15.500000000000002 4530.5000000000009 71.500000000000014 1098.5000000000002 12.500000000000002 0.93690000000000018 91.000000000000014 690876.00000000012
decision_type=2 2 2 2 2 2 2 2 2 2 2 2 2 2 2 2 2 2 2 2 2 2 2 2 2 2 2 2 2 2
left_child=1 2 3 6 7 -6 -1 -4 9 13 12 -12 -10 -3 -5 24 -11 18 19 -17 22 -22 -19 -20 25 26 -2 -27 29 -26
right_child=15 8 4 14 5 -7 -8 -9 10 16 11 -13 -14 -15 -16 17 -18 20 23 -21 21 -23 -24 -25 28 27 -28 -29 -30 -31
leaf_value=-0.010209010735890624 -0.00024854155141001429 0.0057363592835643958 -0.00048888557356255248 -0.015516523915191878 -0.01000782530781681 0.0047902160452308589 0.0022800213551193559 0.0097921655629248806 -0.041754959170980405 0.13698187344510784 0.02396137557276929 -0.017612057740863888 0.054130438347937362 -0.028989371013727901 -0.00010342424687430582 0.0017205006459477573 0.052511526120675583 0.0034611800484382008 -0.0018191360669644276 0.0036773137365072577 0.011778292629370895 -0.010934474783353536 -0.014045529563490745 0.0013481428606501927 -0.0063061955400177672 -0.0095521455351832325 0.017716454456985734 0.0036786563337640882 -0.0021218998265360388 -0.028093432305289098
leaf_weight=898 5499 126 878 4607 3777 3159 5917 2997 122 7.0000000000000027 160 1499 6.9999999999999991 55 192 7164 10.999999999999998 15473 777 5329 64 131 36 4828 6.0000000000000018 49 7.9999999999999991 19 10.999999999999998 6
leaf_count=898 5499 126 878 4607 3777 3159 5917 2997 122 7 160 1499 7 55 192 7164 11 15473 777 5329 64 131 36 4828 6 49 8 19 11 6
internal_value=1.65363e-08 -0.00358556 -0.00271716 -0.00578466 0.000578204 -0.00326809 0.000634239 0.00746273 -0.0133856 0.00342285 -0.0152564 -0.0136014 -0.036514 -0.00482584 -0.0148999 0.00222162 0.0859364 0.00264444 0.0020454 0.00255522 0.00333477 -0.00347781 0.00342045 0.00090905 -0.000331432 -0.000290936 -0.000222123 -0.00585533 -0.0101035 -0.017342
internal_weight=63812 24412 22425 11614 10811 6936 6815 3875 1987 199 1788 1659 129 181 4799 39400 18 33802 18098 12493 15704 195 15509 5605 5598 5575 5507 68 23 12
internal_count=63812 24412 22425 11614 10811 6936 6815 3875 1987 199 1788 1659 129 181 4799 39400 18 33802 18098 12493 15704 195 15509 5605 5598 5575 5507 68 23 12
is_linear=0
shrinkage=0.05


Tree=55
num_leaves=31
num_cat=0
split_feature=14 12 0 4 7 12 0 9 2 7 14 14 10 2 0 9 14 14 14 14 10 0 0 0 10 12 9 12 10 0
split_gain=183.498 75.8069 76.9471 66.1825 62.4498 70.7392 55.7241 67.4578 55.284 72.1205 52.5313 57.4265 39.0805 38.5507 36.6901 29.5387 15.354 5.0459 3.78493 4.22401 3.30947 8.01786 4.18319 2.42404 0.800983 0.770725 1.22562 0.986874 0.481341 0.512766
threshold=9.5000000000000018 47.500000000000007 26413.500000000004 2.5000000000000004 453.00000000000006 205.50000000000003 381.00000000000006 4.5000000000000009 659968.00000000012 769.00000000000011 2.5000000000000004 3.5000000000000004 6.5000000000000009 179265.00000000003 829572.00000000012 612.50000000000011 10.500000000000002 13.500000000000002 12.500000000000002 11.500000000000002 41.500000000000007 151281.50000000003 160631.50000000003 4530.5000000000009 71.500000000000014 1098.5000000000002 7.5000000000000009 592.00000000000011 91.000000000000014 690876.00000000012
decision_type=2 2 2 2 2 2 2 2 2 2 2 2 2 2 2 2 2 2 2 2 2 2 2 2 2 2 2 2 2 2
left_child=1 2 6 4 12 -6 7 -1 9 -5 14 -12 -3 -8 -4 -10 24 18 19 -18 22 -22 -19 -20 25 27 -27 -2 29 -26
right_child=16 3 10 8 5 -7 13 -9 15 -11 11 -13 -14 -15 -16 -17 17 20 23 -21 21 -23 -24 -25 28 26 -28 -29 -30 -31
leaf_value=0.064724059492783342 -0.00033192996159008676 -0.0016943851581538291 0.0021942632379238192 0.0089839374950742585 0.04958255954130189 -0.0022894001746065732 -0.013207131579985994 -0.00033761488609995017 -0.010028410178925987 0.11217606190302032 -0.013878157727626659 -0.002478483201442882 -0.012493362799370952 0.006309853695351763 0.035284181920989033 -0.079597374112660657 0.0016344767978812289 0.0029356937647814101 -0.0017281909322878698 0.0034934515071264453 0.011190296800199798 -0.010388168033026302 0.0053990726345754326 0.0012807371200840491 -0.0059960543132219143 -0.029143572437996965 -0.0036483005426452154 0.0034934750339925716 -0.0020167607885391058 -0.02671178906667428
leaf_weight=48 5333 8442 2193 1732 123 141 4509 232 39 17 1510 4116 930 268 87 25 7164 13534 777 5329 64 131 1975 4828 6.0000000000000018 4.9999999999999991 63 174 10.999999999999998 6
leaf_count=48 5333 8442 2193 1732 123 141 4509 232 39 17 1510 4116 930 268 87 25 7164 13534 777 5329 64 131 1975 4828 6 5 63 174 11 6
internal_value=2.63451e-08 -0.00340625 -0.00602474 -0.000441466 -0.00209044 0.0218878 -0.0108413 0.0108349 0.00832237 0.0099933 -0.00294375 -0.00553831 -0.00276611 -0.0121121 0.0034584 -0.0372856 0.00211054 0.00251222 0.00194314 0.00242746 0.00316803 -0.0033039 0.00324943 0.000863597 -0.000314883 -0.000276379 -0.005563 -0.000211001 -0.00960623 -0.0164891
internal_weight=63812 24412 12963 11449 9636 264 5057 280 1813 1749 7906 5626 9372 4777 2280 64 39400 33802 18098 12493 15704 195 15509 5605 5598 5575 68 5507 23 12
internal_count=63812 24412 12963 11449 9636 264 5057 280 1813 1749 7906 5626 9372 4777 2280 64 39400 33802 18098 12493 15704 195 15509 5605 5598 5575 68 5507 23 12
is_linear=0
shrinkage=0.05


Tree=56
num_leaves=31
num_cat=0
split_feature=14 14 14 14 14 14 0 1 2 7 2 5 5 5 0 14 8 0 7 0 5 2 2 0 6 6 1 6 0 10
split_gain=165.605 75.3618 80.8355 236.543 103.544 136.364 42.6816 28.5569 23.3962 44.5059 32.2112 19.4018 36.3974 23.7676 16.9938 13.8576 5.17513 6.12586 6.89447 6.06645 5.14307 4.59057 1.20873 0.76261 4.01509 1.43656 1.25358 0.756988 1.02256 0.823122
threshold=9.5000000000000018 8.5000000000000018 3.5000000000000004 2.5000000000000004 4.5000000000000009 7.5000000000000009 4886.5000000000009 1617733.0000000002 31485.500000000004 12.500000000000002 39684.500000000007 24845.500000000004 3681.0000000000005 226696.50000000003 1153118.0000000002 10.500000000000002 1.0000000180025095e-35 1341.5000000000002 10.500000000000002 3971.5000000000005 796165.00000000012 3186.0000000000005 14646.500000000002 1513.5000000000002 0.79060000000000008 0.63335000000000019 323111.50000000006 1.1275000000000002 378836.00000000006 71.500000000000014
decision_type=2 2 2 2 2 2 2 2 2 2 2 2 2 2 2 2 2 2 2 2 2 2 2 2 2 2 2 2 2 2
left_child=1 2 3 6 7 -6 -1 -4 11 -10 -11 12 -3 -13 -5 23 20 18 -18 -19 21 -17 -22 24 25 -2 -26 29 -29 -25
right_child=15 8 4 14 5 -7 -8 -9 9 10 -12 13 -14 -15 -16 16 17 19 -20 -21 22 -23 -24 27 26 -27 -28 28 -30 -31
leaf_value=-0.0094737756543973942 0.00075092732428229435 -0.0069926803150429017 0.013321386423780422 -0.014131851837162663 -0.0093664356790744766 0.0047108863710933176 0.0022242616770033656 0.0042148326109612668 0.10721268284488733 -0.044551892144628347 -0.015513786083226427 -0.032187785642586106 0.030791878785284377 0.025343491673752029 0.013555685368676983 -0.0036763423413191023 0.012391801845116873 -0.00019462581178276761 0.004014759137371619 0.0025858374480116214 0.0059443072726329147 0.0012589237208788743 0.029370797726001527 -0.00030912298863275736 0.014687800460038423 -0.010094730572111563 0.0044486809506356032 -0.0051922608058303787 0.015783631410755096 -0.0099795111981789454
leaf_weight=898 56 702 1291 4743 3777 3159 5917 2584 6.9999999999999991 106 960 121 70 21 56 651 296 2112 1442 27570 8.0000000000000018 1705 18 5112 36 67 175 124 5.9999999999999991 22
leaf_count=898 56 702 1291 4743 3777 3159 5917 2584 7 106 960 121 70 21 56 651 296 2112 1442 27570 8 1705 18 5112 36 67 175 124 6 22
internal_value=3.22884e-08 -0.00323591 -0.00240893 -0.00530524 0.000702518 -0.00295495 0.000682716 0.00724905 -0.0125685 -0.0175757 -0.0184052 -0.00668881 -0.00356307 -0.0236678 -0.0138085 0.002005 0.00238661 0.00255695 0.00544209 0.002388 0.00013966 -0.000104866 0.022213 -0.000299196 0.00201725 -0.00516027 0.00620177 -0.00044621 -0.00421275 -0.000350756
internal_weight=63812 24412 22425 11614 10811 6936 6815 3875 1987 1073 1066 914 772 142 4799 39400 33802 31420 1738 29682 2382 2356 26 5598 334 123 211 5264 130 5134
internal_count=63812 24412 22425 11614 10811 6936 6815 3875 1987 1073 1066 914 772 142 4799 39400 33802 31420 1738 29682 2382 2356 26 5598 334 123 211 5264 130 5134
is_linear=0
shrinkage=0.05


Tree=57
num_leaves=29
num_cat=0
split_feature=1 12 0 0 2 0 4 1 0 12 2 4 2 10 3 5 2 8 1 0 6 2 10 8 2 3 1 1
split_gain=36.5495 57.9574 46.7406 36.4406 30.9925 35.4409 34.2315 29.8825 27.2535 27.6372 29.8189 33.5714 26.5393 24.512 22.2493 21.583 43.5766 27.1561 18.217 16.6002 15.4493 13.2779 12.1265 10.1832 7.61969 6.8691 2.19957 1.23238
threshold=3318083.0000000005 1.5000000000000002 12920.000000000002 300438.00000000006 29997.500000000004 56711.000000000007 4.5000000000000009 3230802.5000000005 1711053.0000000002 262.50000000000006 316312.50000000006 2.5000000000000004 179265.00000000003 32.500000000000007 1.0000000180025095e-35 7849.5000000000009 281710.00000000006 4.5000000000000009 3356974.0000000005 46165.500000000007 0.7994500000000001 21868.000000000004 135.50000000000003 10.500000000000002 123895.00000000001 1.0000000180025095e-35 7829347.0000000009 10980510.000000002
decision_type=2 2 2 2 2 2 2 2 2 2 2 2 2 2 2 2 2 2 2 2 2 2 2 2 2 2 2 2
left_child=1 3 7 15 5 -4 -6 14 9 10 12 -12 -2 18 -3 17 -17 -1 -11 -15 -9 25 23 -5 -23 -10 -27 -26
right_child=8 2 4 22 6 -7 -8 20 21 13 11 -13 -14 19 -16 16 -18 -19 -20 -21 -22 24 -24 -25 27 26 -28 -29
leaf_value=-0.00049986250231295166 -0.00451717645464874 0.0013849453249055073 0.0042474839416540922 0.0032947880761557413 0.000814439669544274 0.012337623830556964 0.010782755932357391 0.068939049147966641 -0.0064971329460681328 -0.058436334217813884 0.0098407318742255844 -0.023263496275944692 -0.015267078748492655 0.020633129261138028 -0.0033042701773857716 -0.0064193634199674696 0.018772908844915261 -0.0064791421021104662 0.0030848481221202682 -0.038057912473478506 0.017556178242576246 -0.026605380672618008 0.058617456889904967 0.021931379148364568 0.0072254793807809206 0.061681741235419085 0.038339249679874447 0.022501750321081086
leaf_weight=17634 6265 5543 5735 3062 8364 1772 960 19 6.9999999999999991 11.999999999999998 586 88 632 14.999999999999998 4653 3663 180 2128 2173 60 63 13.999999999999998 9.9999999999999982 75 27 15.999999999999998 30 26
leaf_count=17634 6265 5543 5735 3062 8364 1772 960 19 7 12 586 88 632 15 4653 3663 180 2128 2173 60 63 14 10 75 27 16 30 26
internal_value=4.09503e-08 0.000514389 0.00214371 -0.00113668 0.00376611 0.00615727 0.00184088 -0.000513099 -0.00278391 -0.00307309 -0.0045215 0.00551571 -0.00550244 0.00177907 -0.000755015 -0.00181048 -0.00523894 -0.00114375 0.00274432 -0.0263079 0.0295314 0.0208903 0.00391727 0.00374104 0.00608003 0.0395661 0.0465746 0.0147478
internal_weight=63812 53861 27109 26752 16831 7507 9324 10278 9951 9831 7571 674 6897 2260 10196 23605 3843 19762 2185 75 82 120 3147 3137 67 53 46 53
internal_count=63812 53861 27109 26752 16831 7507 9324 10278 9951 9831 7571 674 6897 2260 10196 23605 3843 19762 2185 75 82 120 3147 3137 67 53 46 53
is_linear=0
shrinkage=0.05


Tree=58
num_leaves=31
num_cat=0
split_feature=14 1 12 0 9 0 7 5 9 0 10 1 9 9 9 14 14 14 1 1 0 14 8 0 12 9 12 12 0 12
split_gain=150.473 69.471 114.657 101.69 100.051 83.6386 75.1607 63.2066 55.238 43.8753 41.5584 37.4074 36.9019 32.5526 30.3264 26.2134 12.5256 4.51859 3.51993 5.0323 4.93924 3.45251 4.42199 2.14386 0.727573 1.11 0.848296 0.984469 0.892165 0.75193
threshold=9.5000000000000018 3708198.5000000005 1.0000000180025095e-35 8026.0000000000009 37.500000000000007 189385.50000000003 104.50000000000001 260560.50000000003 484.50000000000006 172805.50000000003 1.5000000000000002 2504229.0000000005 54.500000000000007 302.50000000000006 856.50000000000011 2.5000000000000004 10.500000000000002 13.500000000000002 11692330.000000002 9985897.5000000019 18871.000000000004 12.500000000000002 4.5000000000000009 2875.5000000000005 1098.5000000000002 7.5000000000000009 592.00000000000011 510.50000000000006 2380.0000000000005 1227.0000000000002
decision_type=2 2 2 2 2 2 2 2 2 2 2 2 2 2 2 2 2 2 2 2 2 2 2 2 2 2 2 2 2 2
left_child=1 2 6 4 -4 9 7 -1 13 12 -8 -5 -3 -7 -10 -11 24 21 19 -19 -20 22 -18 -23 26 -26 27 -2 -28 -27
right_child=16 5 3 11 -6 8 10 -9 14 15 -12 -13 -14 -15 -16 -17 17 18 20 -21 -22 23 -24 -25 25 29 28 -29 -30 -31
leaf_value=-0.0097863300824175409 -0.00026127785788847849 -0.017999916089211657 -0.013278886146188619 0.0055220608046822554 0.0079841998191304518 0.0040724878375085968 0.011515643627053908 0.016333152946924133 -0.074460946616396267 0.0076499780019124363 -0.0025041041829597863 -0.0042141813122042009 -0.0058808511072859782 0.034929848904093425 0.040278306650653697 -0.096194493625149785 0.0025209911051146915 0.0028359292929643737 -0.00095157984996068173 -0.0074826836453846142 0.009882531571998138 -0.0022658143167296799 -0.0005421745706653382 0.0010263790390286716 -0.027857161912263614 -0.011576947457254377 0.016936153676864265 -0.0072346553297571239 0.0022830728142836905 0.00013770664786312754
leaf_weight=6566 5305 1566 1879 7244 784 585 669 240 31 7.9999999999999991 2517 1142 1049 100 6.9999999999999991 25 11176 15057 145 119 383 548 1317 5057 4.9999999999999991 20 10.999999999999998 51 163 43
leaf_count=6566 5305 1566 1879 7244 784 585 669 240 31 8 2517 1142 1049 100 7 25 11176 15057 145 119 383 548 1317 5057 5 20 11 51 163 43
internal_value=5.40184e-08 -0.00308451 -0.00201686 0.0014931 -0.00701887 -0.00974823 -0.0058981 -0.00886505 0.00532365 -0.0138634 0.000440048 0.00419615 -0.0131388 0.00858165 -0.0532745 -0.071073 0.00191123 0.00227403 0.00289463 0.00275497 0.00690764 0.00173551 0.00219807 0.000704467 -0.000279428 -0.00541605 -0.000216169 -0.000327812 0.00321861 -0.00359368
internal_weight=63812 24412 21041 11049 2663 3371 9992 6806 723 2648 3186 8386 2615 685 38 33 39400 33802 15704 15176 528 18098 12493 5605 5598 68 5530 5356 174 63
internal_count=63812 24412 21041 11049 2663 3371 9992 6806 723 2648 3186 8386 2615 685 38 33 39400 33802 15704 15176 528 18098 12493 5605 5598 68 5530 5356 174 63
is_linear=0
shrinkage=0.05


Tree=59
num_leaves=31
num_cat=0
split_feature=14 14 14 14 14 14 9 10 2 9 3 1 1 9 4 6 14 6 1 4 10 14 1 6 10 7 7 4 10 10
split_gain=135.803 68.4843 71.7532 214.168 93.9134 123.87 38.9853 25.6877 22.4302 59.8808 29.2085 23.8836 89.6134 17.0062 14.6022 12.1233 11.3046 4.87895 7.68966 6.2926 5.39816 4.9842 4.9375 3.98932 0.686495 0.733216 3.92728 0.427993 0.424377 0.302784
threshold=9.5000000000000018 8.5000000000000018 3.5000000000000004 2.5000000000000004 4.5000000000000009 7.5000000000000009 13.500000000000002 52.500000000000007 5376.0000000000009 10.500000000000002 1.0000000180025095e-35 170615.50000000003 331614.50000000006 26.500000000000004 3.5000000000000004 0.73745000000000016 10.500000000000002 0.88950000000000007 12633441.000000002 2.5000000000000004 62.500000000000007 11.500000000000002 2604375.0000000005 0.89945000000000019 71.500000000000014 544.50000000000011 522.00000000000011 8.5000000000000018 91.000000000000014 102.50000000000001
decision_type=2 2 2 2 2 2 2 2 2 2 2 2 2 2 2 2 2 2 2 2 2 2 2 2 2 2 2 2 2 2
left_child=1 2 3 6 7 -6 -1 -4 9 10 -3 14 -13 -5 -10 -11 24 20 19 -19 22 -22 -18 -20 25 26 -2 -27 -26 -30
right_child=16 8 4 13 5 -7 -8 -9 11 15 -12 12 -14 -15 -16 -17 17 18 23 -21 21 -23 -24 -25 28 27 -28 -29 29 -31
leaf_value=-0.0055452018757979555 -0.00023409453620695035 -0.02810498265152804 0.0065675687100248308 -0.016363760456420458 -0.0088044601276747996 0.0046124805317541489 0.003071254449707482 0.043337152054893496 -0.041516470701513111 0.0028114108478321733 0.013106256472542634 0.036795066830552663 -0.014753578045138466 -0.010356661797065604 0.004934855954564033 0.089084170526947101 0.0020891957240105211 0.0029761382584704379 -0.0063618800191770769 -0.0011548126698727949 -0.03187192227002851 -0.0039980037956937166 5.0226228857219637e-05 0.010048816872317366 -0.015329789832111231 0.0035491279756324164 -0.028750959845367543 0.017379576431923227 0.0057915957381215995 -0.010719735759730432
leaf_weight=1775 5488 83 3827 2081 3777 3159 5040 48 109 5.0000000000000027 89 89 1570 2718 20 22 16639 11933 40 999 21 67 3614 489 12.000000000000002 69 11.999999999999998 5.9999999999999991 5.9999999999999982 5
leaf_count=1775 5488 83 3827 2081 3777 3159 5040 48 109 5 89 89 1570 2718 20 22 16639 11933 40 999 21 67 3614 489 12 69 12 6 6 5
internal_value=4.19992e-08 -0.0029303 -0.00214196 -0.00487071 0.000789487 -0.00269374 0.000827008 0.00702414 -0.0118268 0.00409514 -0.00678534 -0.013599 -0.0119861 -0.0129618 -0.0343165 0.0731771 0.00181567 0.00216033 0.00289876 0.00265701 0.00167164 -0.0106784 0.00172536 0.00880696 -0.000265482 -0.000229836 -0.000296835 0.00467723 -0.0088672 -0.00174252
internal_weight=63812 24412 22425 11614 10811 6936 6815 3875 1987 199 172 1788 1659 4799 129 27 39400 33802 13461 12932 20341 88 20253 529 5598 5575 5500 75 23 11
internal_count=63812 24412 22425 11614 10811 6936 6815 3875 1987 199 172 1788 1659 4799 129 27 39400 33802 13461 12932 20341 88 20253 529 5598 5575 5500 75 23 11
is_linear=0
shrinkage=0.05


Tree=60
num_leaves=29
num_cat=0
split_feature=1 12 0 1 6 0 5 5 12 0 0 8 10 6 4 10 2 7 0 2 1 6 0 12 2 2 3 0
split_gain=30.1971 48.204 41.7758 42.3768 41.5737 32.8896 29.5818 27.157 25.8725 25.0191 24.5131 23.837 42.9195 31.5152 20.6321 24.1845 16.9781 13.0724 12.1959 12.1223 11.7941 16.7269 12.3054 8.14177 6.90111 6.75002 6.18652 0.725326
threshold=3318083.0000000005 1.5000000000000002 55985.500000000007 1320477.5000000002 1.0492500000000002 248498.50000000003 226696.50000000003 359213.50000000006 1180.0000000000002 4886.5000000000009 1711053.0000000002 3.5000000000000004 16.500000000000004 0.89415000000000011 13.500000000000002 14.500000000000002 721.50000000000011 22.500000000000004 22595.500000000004 21868.000000000004 4173791.5000000005 0.97915000000000008 80441.000000000015 120.50000000000001 9292.0000000000018 123895.00000000001 1.0000000180025095e-35 82967.000000000015
decision_type=2 2 2 2 2 2 2 2 2 2 2 2 2 2 2 2 2 2 2 2 2 2 2 2 2 2 2 2
left_child=1 5 7 4 -4 11 -5 9 10 -3 14 12 -1 -13 15 -2 -7 -18 -9 26 22 24 -10 -16 -22 -21 -12 -23
right_child=8 2 3 6 -6 16 -8 18 20 -11 19 13 -14 -15 23 -17 17 -19 -20 25 21 27 -24 -25 -26 -27 -28 -29
leaf_value=-0.0014252556608800107 -0.0037832275468018019 -0.0022021341823246806 0.002850986039586344 0.0093116528384866136 -0.027766679271207646 -0.07403088130161796 0.03909580169611207 -0.099461675017744611 0.01094551702947107 0.0019054040418130297 -0.00627813477751235 -0.0093142100132313013 0.012700116083928851 -0.0004941229896894215 -0.0011488089931535198 0.0050209114017740024 -0.0030141776806566264 0.0046835809774925337 -0.022455514801188934 -0.025322774174154229 0.021661248285670759 0.036480237612661143 0.077403502526464829 -0.056592216050118743 -0.0063476444218312699 0.013598612420218812 0.044086342606766235 0.053091824609548477
leaf_weight=18245 8778 4786 3017 2638 115 6.9999999999999991 86 9.0000000000000018 13 16446 6.9999999999999991 2186 554 1887 8.9999999999999982 856 666 3207 11.999999999999998 13.999999999999998 31 15 15 25 75 53 46 14
leaf_count=18245 8778 4786 3017 2638 115 7 86 9 13 16446 7 2186 554 1887 9 856 666 3207 12 14 31 15 15 25 75 53 46 14
internal_value=4.16487e-08 0.00046756 0.00195348 0.00569269 0.00172592 -0.00103819 0.0102534 0.00092316 -0.00253044 0.000979499 -0.00285952 -0.00176027 -0.00100892 -0.00522802 -0.00313837 -0.00300092 0.00321831 0.00335983 -0.0557731 0.0195907 0.01722 0.0110763 0.0466968 -0.0419624 0.00185633 0.00544017 0.0374351 0.0446545
internal_weight=63812 53861 27109 5856 3132 26752 2724 21253 9951 21232 9788 22872 18799 4073 9668 9634 3880 3873 21 120 163 135 28 34 106 67 53 29
internal_count=63812 53861 27109 5856 3132 26752 2724 21253 9951 21232 9788 22872 18799 4073 9668 9634 3880 3873 21 120 163 135 28 34 106 67 53 29
is_linear=0
shrinkage=0.05


Tree=61
num_leaves=24
num_cat=0
split_feature=9 11 2 0 1 12 0 1 12 9 6 2 1 8 9 1 7 4 6 12 7 6 3
split_gain=27.26 57.1372 49.7339 43.6968 30.7512 43.9081 30.0461 47.6088 35.3716 34.8826 32.956 39.4345 28.3585 40.1687 24.7467 20.9036 38.4825 20.5209 18.0906 12.9385 10.8842 10.384 0.00118646
threshold=10.500000000000002 7.5000000000000009 4836.0000000000009 147339.00000000003 54366.000000000007 10.500000000000002 56711.000000000007 4499798.5000000009 80.500000000000014 54.500000000000007 0.72875000000000012 20641.000000000004 448039.00000000006 1.5000000000000002 224.50000000000003 315695.00000000006 23.500000000000004 1.5000000000000002 0.85345000000000015 349.50000000000006 13.500000000000002 0.90775000000000017 1.0000000180025095e-35
decision_type=2 2 2 2 2 2 2 2 2 2 2 2 2 2 2 2 2 2 2 2 2 2 2
left_child=1 4 3 12 5 -1 7 8 -4 -9 14 -12 19 -14 -8 16 -6 -7 -17 -2 22 -22 -5
right_child=2 -3 6 20 15 17 10 9 -10 -11 11 -13 13 -15 -16 18 -18 -19 -20 -21 21 -23 -24
leaf_value=0.060075004899639961 -0.016873302964125089 0.092101136072081813 -0.0013686893204876147 -0.0053134506017389451 0.003061972791801414 -0.025272386941621927 -0.0047579333773468367 -0.010486453950144838 0.002238576162272929 9.0626317637189564e-05 0.010162364808902686 0.0019679321551950395 0.013660532655810357 0.05050553946869845 0.013148124904840786 -0.0011934923174466753 0.078545857068390873 -0.11207176073336267 -0.0054509202551093951 0.018274528522598282 -0.099569766239805527 -0.02702245180209813 -0.0041754984266155369
leaf_weight=14.999999999999998 56 15.999999999999998 16761 6.9999999999999973 1343 173 2365 1965 11430 1292 1632 14619 170 131 210 7872 17 6.9999999999999991 3653 49 9 11 9
leaf_count=15 56 16 16761 7 1343 173 2365 1965 11430 1292 1632 14619 170 131 210 7872 17 7 3653 49 9 11 9
internal_value=3.90274e-08 -0.00203364 0.000525184 0.017222 -0.00214949 -0.0218515 0.000378354 -0.000567393 9.3874e-05 -0.00629082 0.00195818 0.00279091 0.021905 0.0297075 -0.00329718 -0.00185116 0.00401123 -0.0287083 -0.00254298 -0.0004692 -0.0355057 -0.0600017 -0.00470326
internal_weight=63812 13096 50716 442 13080 195 50274 31448 28191 3257 18826 16251 406 301 2575 12885 1360 180 11525 105 36 20 16
internal_count=63812 13096 50716 442 13080 195 50274 31448 28191 3257 18826 16251 406 301 2575 12885 1360 180 11525 105 36 20 16
is_linear=0
shrinkage=0.05


Tree=62
num_leaves=31
num_cat=0
split_feature=14 14 0 1 12 0 2 12 0 8 9 12 1 11 1 14 0 0 8 1 8 0 2 0 0 6 6 12 11 9
split_gain=124.182 62.1998 72.148 68.0491 113.41 48.7869 20.9566 31.0788 64.9472 32.0131 21.0674 36.1757 20.1401 18.8656 14.6079 10.2265 10.0676 4.46858 6.67702 6.52461 5.10448 5.16244 4.56159 1.29981 0.772408 3.60527 1.31807 1.16237 1.02082 1.0888
threshold=9.5000000000000018 8.5000000000000018 760406.00000000012 3708198.5000000005 1.0000000180025095e-35 52938.500000000007 31485.500000000004 1098.5000000000002 81470.000000000015 5.5000000000000009 49.500000000000007 477.50000000000006 2184312.5000000005 1.0000000180025095e-35 41346927.000000007 10.500000000000002 829572.00000000012 1341.5000000000002 1.0000000180025095e-35 33432592.500000004 13.500000000000002 24084.000000000004 24524.000000000004 147339.00000000003 1513.5000000000002 0.79060000000000008 0.63335000000000019 205.50000000000003 1.5000000000000002 33.500000000000007
decision_type=2 2 2 2 2 2 2 2 2 2 2 2 2 2 2 2 2 2 2 2 2 2 2 2 2 2 2 2 2 2
left_child=1 2 3 4 -1 -5 10 9 -9 -8 12 -12 -3 14 -4 24 -15 18 22 -20 21 -19 -17 -22 25 26 -2 -27 -26 -30
right_child=15 6 13 5 -6 -7 7 8 -10 -11 11 -13 -14 16 -16 17 -18 20 19 -21 23 -23 -24 -25 28 27 -28 -29 29 -31
leaf_value=-0.0055529051834481459 0.00094844547802592344 -0.0037224066851917481 0.016537012998374286 -0.015686214902284949 0.0022150370012743127 -0.00275239982207761 -0.019890661796355569 0.14818103298728849 -0.079850806909448957 0.0088271734390449174 0.058436134651702935 -0.087256979708578083 -0.023826333188478509 0.0028291113186078003 -0.068463273784693565 -0.013345930570221818 -0.085101111673972982 0.0011983228781188089 0.0053595063046372503 -0.034948099920950319 -0.026608123155365211 0.0024871294770497342 0.028649685650237535 -0.0079838665096327588 -0.00032288024639376081 0.0043651021860496297 -0.0094399590086158593 0.014224861931685265 -0.025640716877910249 -0.0044875741350678443
leaf_weight=8860 56 733 615 1556 10004 1372 952 7.9999999999999982 5 108 26.000000000000004 4.9999999999999991 150 5.9999999999999982 4.9999999999999991 73 7 13344 1728 9.9999999999999982 17 18602 6.9999999999999991 21 5214 175 67 36 6.9999999999999991 43
leaf_count=8860 56 733 615 1556 10004 1372 952 8 5 108 26 5 150 6 5 73 7 13344 1728 10 17 18602 7 21 5214 175 67 36 7 43
internal_value=3.94576e-08 -0.00280212 -0.00205082 -0.00253421 -0.0014334 -0.009626 -0.0112806 -0.0160196 0.0605364 -0.0169641 -0.00571607 0.0347322 -0.00713988 0.0145882 0.0158406 0.00173624 -0.0448061 0.00206406 0.00447534 0.00512559 0.00192699 0.00194879 -0.00964013 -0.0163637 -0.000243183 0.0020881 -0.00471335 0.00605328 -0.000391139 -0.00749428
internal_weight=63812 24412 22425 21792 18864 2928 1987 1073 13 1060 914 31 883 633 620 39400 13 33802 1818 1738 31984 31946 80 38 5598 334 123 211 5264 50
internal_count=63812 24412 22425 21792 18864 2928 1987 1073 13 1060 914 31 883 633 620 39400 13 33802 1818 1738 31984 31946 80 38 5598 334 123 211 5264 50
is_linear=0
shrinkage=0.05


Tree=63
num_leaves=31
num_cat=0
split_feature=14 14 14 14 1 12 2 10 7 14 14 14 9 2 7 7 12 4 12 9 9 8 9 2 5 9 7 2 7 14
split_gain=115.79 194.065 55.2662 129.29 65.6675 70.7076 35.6056 36.852 33.3133 32.5915 24.7011 49.3394 24.1788 86.7207 46.332 30.8112 25.1253 18.6881 17.4623 17.1925 16.5836 15.8574 15.0015 34.5608 17.7813 20.0945 15.6191 13.7512 11.9581 4.01255
threshold=3.5000000000000004 2.5000000000000004 4.5000000000000009 7.5000000000000009 4499798.5000000009 88.500000000000014 142446.00000000003 8.5000000000000018 87.500000000000014 1.0000000180025095e-35 10.500000000000002 8.5000000000000018 52.500000000000007 43997.000000000007 58.500000000000007 19.500000000000004 189.50000000000003 4.5000000000000009 122.50000000000001 26.500000000000004 153.50000000000003 4.5000000000000009 35.500000000000007 12874.500000000002 821.00000000000011 191.50000000000003 21.500000000000004 17153.000000000004 26.500000000000004 13.500000000000002
decision_type=2 2 2 2 2 2 2 2 2 2 2 2 2 2 2 2 2 2 2 2 2 2 2 2 2 2 2 2 2 2
left_child=1 6 12 4 5 -4 7 9 -6 -1 11 -5 13 15 -14 -2 -15 -16 21 -9 -20 -8 23 28 27 -26 -25 -24 -3 -12
right_child=2 22 3 10 8 -7 18 19 -10 -11 29 -13 14 16 17 -17 -18 -19 20 -21 -22 -23 24 26 25 -27 -28 -29 -30 -31
leaf_value=-0.1074211790528096 0.0023352522387890579 -0.0099304271814475049 -0.011221006058009497 0.0044589085317254876 -0.038152845020375768 0.0040932698155066709 0.015585487053847198 -0.090757283228180136 -0.010255999691148999 -0.00022591608022894496 0.0014533783015195541 -0.0029779851216886408 0.11350108320648607 -0.01984238219801341 0.0091908401257969913 0.015111524121419195 0.012919814438010716 0.028695846346053929 0.015410282916061575 -0.025332322306993005 -0.0081314606935908983 0.00012667922234987564 0.039599651335090996 -0.029131622043530127 -0.028873377096605785 0.020641777857944563 -0.017042602532375401 -0.0082912890022530644 0.012278246431060824 0.0025456687698984814
leaf_weight=6.9999999999999991 986 1119 2187 3159 256 1150 715 11.999999999999998 184 5450 18098 7585 10.999999999999998 417 1353 905 68 135 107 60 248 216 14.999999999999998 376 183 23 926 2093 64 15704
leaf_count=7 986 1119 2187 3159 256 1150 715 12 184 5450 18098 7585 11 417 1353 905 68 135 107 60 248 216 15 376 183 23 926 2093 64 15704
internal_value=2.01762e-08 -0.0045153 0.00100468 0.000543959 -0.00833784 -0.00594342 0.000908423 -0.000834601 -0.0264919 -0.000365387 0.00129705 -0.000791335 0.00674992 0.00361256 0.0117222 0.00845023 -0.0152472 0.0109623 0.00840182 -0.0363472 -0.00103344 0.0119993 -0.0122173 -0.0149152 -0.00931958 -0.0233377 -0.0205357 -0.00794865 -0.00872801 0.00196085
internal_weight=63812 11614 52198 48323 3777 3337 6815 5529 440 5457 44546 10744 3875 2376 1499 1891 485 1488 1286 72 355 931 4799 2485 2314 206 1302 2108 1183 33802
internal_count=63812 11614 52198 48323 3777 3337 6815 5529 440 5457 44546 10744 3875 2376 1499 1891 485 1488 1286 72 355 931 4799 2485 2314 206 1302 2108 1183 33802
is_linear=0
shrinkage=0.05


Tree=64
num_leaves=31
num_cat=0
split_feature=14 14 14 14 14 14 0 6 2 0 9 5 14 6 7 9 12 9 2 4 12 0 6 6 0 1 0 9 14 9
split_gain=104.505 175.14 49.8814 117.438 54.6137 71.7254 48.3474 61.1293 55.7155 36.7408 33.4466 30.7622 30.1927 25.1605 54.6905 30.2671 30.0215 39.9343 28.064 27.9157 15.6655 13.8641 23.1235 25.5819 21.0091 13.7454 13.5786 13.4139 7.76545 5.91679
threshold=3.5000000000000004 2.5000000000000004 4.5000000000000009 5.5000000000000009 9.5000000000000018 6.5000000000000009 503.00000000000006 0.82940000000000003 2253.5000000000005 829572.00000000012 13.500000000000002 226696.50000000003 1.0000000180025095e-35 0.94730000000000014 56.500000000000007 55.500000000000007 8.5000000000000018 157.50000000000003 45767.000000000007 2.5000000000000004 187.50000000000003 151.50000000000003 0.88335000000000008 0.74915000000000009 8236.0000000000018 31201440.500000004 985517.00000000012 46.500000000000007 11.500000000000002 2.5000000000000004
decision_type=2 2 2 2 2 2 2 2 2 2 2 2 2 2 2 2 2 2 2 2 2 2 2 2 2 2 2 2 2 2
left_child=1 9 13 6 5 -5 7 -4 -8 10 11 -1 -12 16 18 -16 17 -2 -15 -18 29 22 23 -3 27 -26 -22 -23 -6 -11
right_child=2 21 3 4 28 -7 8 -9 -10 20 12 -13 -14 14 15 -17 19 -19 -20 -21 26 24 -24 -25 25 -27 -28 -29 -30 -31
leaf_value=-0.007114316090508839 -0.0012110428901864773 0.049128139341199722 -0.078293667120092059 0.0090695204621191339 0.00057232364877491488 -0.0047099687910859642 0.05422169112023853 0.13112363568297378 -0.024819994013187643 -0.0083197728259327974 -0.10874684912259464 0.024240032233179852 0.0025611950926310821 -0.0073389481526851819 0.048381095785580711 0.0070195026860514018 0.0099505731036930774 0.022906640358587072 -0.040085056144390944 0.026658423626538842 0.044249878253465803 -0.022211865315436688 0.051497189449025441 -0.043244170698284845 -0.0099615128250311186 -0.039764576670153977 -0.033647868187984868 -0.0083656635922540242 0.0020723285225386231 0.036081529755201312
leaf_weight=1660 1052 10.999999999999998 4.9999999999999991 1088 12762 7150 23 10.999999999999998 646 7.9999999999999991 5.9999999999999991 82 4920 379 50 378 1429 205 79 303 8.0000000000000018 686 23 23 3782 39 18 235 26638 113
leaf_count=1660 1052 11 5 1088 12762 7150 23 11 646 8 6 82 4920 379 50 378 1429 205 79 303 8 686 23 23 3782 39 18 235 26638 113
internal_value=1.05928e-08 -0.00428963 0.000954457 0.000516756 0.000812349 -0.00289001 -0.0200372 0.0656009 -0.0220949 0.000862854 0.000317573 -0.00563709 0.00242341 0.00641263 -0.000987424 0.0118616 0.00860612 0.00272374 -0.0129948 0.0128749 0.0255801 -0.0116065 0.0128891 -0.0133026 -0.0119012 -0.0102667 -0.00960162 -0.0186802 0.00158647 0.0331415
internal_weight=63812 11614 52198 48323 47638 8238 685 16 669 6815 6668 1742 4926 3875 886 428 2989 1257 458 1732 147 4799 57 34 4742 3821 26 921 39400 121
internal_count=63812 11614 52198 48323 47638 8238 685 16 669 6815 6668 1742 4926 3875 886 428 2989 1257 458 1732 147 4799 57 34 4742 3821 26 921 39400 121
is_linear=0
shrinkage=0.05


Tree=65
num_leaves=31
num_cat=0
split_feature=14 14 14 14 0 1 12 0 2 1 0 14 0 1 12 0 0 1 7 14 14 12 12 9 2 1 0 5 9 12
split_gain=94.3172 158.064 45.0192 111.167 97.4897 66.0234 57.45 34.1826 29.7694 35.8602 29.479 27.9346 23.4729 38.6717 30.4122 30.0693 29.3507 29.5124 22.2086 19.24 47.0198 14.8838 14.1375 13.2104 37.3745 40.868 19.7537 11.89 16.5589 10.5149
threshold=3.5000000000000004 2.5000000000000004 4.5000000000000009 7.5000000000000009 131114.00000000003 2432640.0000000005 214.50000000000003 4886.5000000000009 155678.00000000003 4241301.0000000009 829572.00000000012 1.0000000180025095e-35 10143.000000000002 1576923.0000000002 24.500000000000004 288632.00000000006 381.00000000000006 454766.00000000006 3.5000000000000004 10.500000000000002 8.5000000000000018 477.50000000000006 187.50000000000003 26.500000000000004 12454.000000000002 1249862.0000000002 197411.50000000003 8798.5000000000018 191.50000000000003 425.50000000000006
decision_type=2 2 2 2 2 2 2 2 2 2 2 2 2 2 2 2 2 2 2 2 2 2 2 2 2 2 2 2 2 2
left_child=1 7 12 4 5 -4 -6 8 9 -1 11 -9 16 14 -14 -15 17 -2 -18 20 -5 -10 -12 24 26 -26 -3 29 -29 -25
right_child=2 23 3 19 6 -7 -8 10 21 -11 22 -13 13 15 -16 -17 18 -19 -20 -21 -22 -23 -24 27 25 -27 -28 28 -30 -31
leaf_value=-0.0077570988485243025 -0.020210360601487287 -0.0096788915507762113 -7.298320014515875e-05 0.0044714611238839911 -0.029202454951850761 -0.019337426753126892 0.0071259712504021123 -0.097480735308687463 0.017613583932055251 -0.046405851799843072 0.031485533629391042 0.0017577802318998277 0.046021379865526651 0.0019537139700098582 0.014148471050169885 0.01754494616351036 -0.037197952513077649 0.042223022625324701 -0.002128524555382664 0.0017750867846489131 -0.0027885159031785776 0.10677400406669169 -0.0091195130877739158 -0.0067378787546649018 -0.0052052759739352646 -0.027870215595717757 0.015800727447370082 -0.023593316476416281 0.022843495788167439 -0.018612060328585096
leaf_weight=770 26 1037 2436 3159 667 544 130 6.9999999999999991 58 65 121 5763 83 1784 756 374 48 69 735 33802 7585 4.9999999999999991 26 2279 281 681 82 215 21 203
leaf_count=770 26 1037 2436 3159 667 544 130 7 58 65 121 5763 83 1784 756 374 48 69 735 33802 7585 5 26 2279 281 681 82 215 21 203
internal_value=1.64538e-08 -0.00407518 0.000906749 0.000490927 -0.00774487 -0.00359024 -0.0232767 0.000819674 -0.00826953 -0.0107709 0.00219922 0.0016357 0.00609209 0.00819833 0.0173067 0.0046565 -0.00109757 0.0251327 -0.00428285 0.00118925 -0.000653883 0.0248478 0.0243024 -0.0110262 -0.0140245 -0.021251 -0.00781051 -0.00873012 -0.0194533 -0.00770977
internal_weight=63812 11614 52198 48323 3777 2980 797 6815 898 835 5917 5770 3875 2997 839 2158 878 95 783 44546 10744 63 147 4799 2081 962 1119 2718 236 2482
internal_count=63812 11614 52198 48323 3777 2980 797 6815 898 835 5917 5770 3875 2997 839 2158 878 95 783 44546 10744 63 147 4799 2081 962 1119 2718 236 2482
is_linear=0
shrinkage=0.05


Tree=66
num_leaves=31
num_cat=0
split_feature=14 0 2 0 1 2 4 9 9 14 10 12 7 12 6 14 10 0 4 4 14 12 6 10 6 1 12 4 14 6
split_gain=86.7099 54.0959 65.036 61.1854 74.4825 54.6888 102.713 69.5374 69.3768 62.4189 53.1482 49.8034 46.4931 38.6358 26.6921 6.27666 3.48202 7.27202 7.9815 3.85241 3.34272 2.70764 2.68654 4.45085 4.40279 3.65332 4.70353 3.28562 2.78904 2.60219
threshold=9.5000000000000018 16152.500000000002 476015.00000000006 381.00000000000006 4303501.5000000009 26944.500000000004 1.5000000000000002 52.500000000000007 31.500000000000004 8.5000000000000018 14.500000000000002 149.50000000000003 2.5000000000000004 304.50000000000006 0.74070000000000003 13.500000000000002 41.500000000000007 151281.50000000003 12.500000000000002 15.500000000000002 15.500000000000002 682.50000000000011 0.88950000000000007 67.500000000000014 0.88335000000000008 12633441.000000002 193.50000000000003 2.5000000000000004 11.500000000000002 0.79690000000000005
decision_type=2 2 2 2 2 2 2 2 2 2 2 2 2 2 2 2 2 2 2 2 2 2 2 2 2 2 2 2 2 2
left_child=1 2 3 12 -5 6 7 -3 10 -10 -7 -8 -1 14 -4 22 19 21 -19 20 -17 -18 23 24 -2 27 -27 -24 -25 -21
right_child=15 5 13 4 -6 8 11 -9 9 -11 -12 -13 -14 -15 -16 16 17 18 -20 29 -22 -23 25 28 -26 26 -28 -29 -30 -31
leaf_value=0.099253347368105094 0.00063497453097895867 -0.00053369835541623798 -0.028830967061681513 -0.0060728508969192276 -0.025536077780891654 -0.010456115866271258 0.009388980748634309 0.071152130660773014 0.0003003768284371626 -0.014695781308583575 -0.11556491797620601 0.032337951056140193 0.0072937001087952195 -0.060317035040093794 0.068839653477549778 0.0028956316402821373 0.012396076262350212 -0.013874083790156864 0.044715579904493742 -0.025982655172725092 0.0013620851757574241 -0.025599777990696477 0.001667340187074502 -0.023962793077351496 -0.0094027090005637526 0.0024401917093703008 0.0142936581748698 -0.0018727197082427944 -0.00083321987276340458 0.001034175307541993
leaf_weight=13.999999999999998 14070 4260 7.9999999999999991 6452 532 2019 658 34 8692 754 11.999999999999998 369 547 7.9999999999999991 53 9943 59 125 5.9999999999999991 20 5530 4.9999999999999991 8377 30 110 249 126 711 23 15.999999999999998
leaf_count=14 14070 4260 8 6452 532 2019 658 34 8692 754 12 369 547 8 53 9943 59 125 6 20 5530 5 8377 30 110 249 126 711 23 16
internal_value=1.31703e-08 -0.00234151 -0.00583749 -0.00627964 -0.00755579 -0.000756869 0.00343303 3.55556e-05 -0.00269942 -0.000896792 -0.0110828 0.0176369 0.00960587 0.0424499 0.0560042 0.00145081 0.00222602 -0.00441227 -0.0111585 0.00230951 0.00234756 0.00939234 0.000937051 0.00050294 0.000557042 0.00158997 0.00642571 0.00139037 -0.0139459 -0.0140056
internal_weight=63812 24412 7614 7545 6984 16798 5321 4294 11477 9446 2031 1027 561 69 61 39400 15704 195 131 15509 15473 64 23696 14233 14180 9463 375 9088 53 36
internal_count=63812 24412 7614 7545 6984 16798 5321 4294 11477 9446 2031 1027 561 69 61 39400 15704 195 131 15509 15473 64 23696 14233 14180 9463 375 9088 53 36
is_linear=0
shrinkage=0.05


Tree=67
num_leaves=31
num_cat=0
split_feature=14 14 14 14 0 6 2 14 14 6 0 7 12 2 0 6 7 2 0 9 9 2 10 0 4 0 11 14 5 4
split_gain=80.5112 142.708 42.6459 100.582 43.0321 55.1657 50.4323 41.114 66.7682 30.22 33.3382 28.3811 27.0416 25.3453 33.3878 22.5922 48.5215 30.7694 56.8328 56.5982 27.5747 25.1821 21.7227 12.7696 13.181 16.9635 16.1605 5.69644 4.08061 2.75992
threshold=3.5000000000000004 2.5000000000000004 4.5000000000000009 5.5000000000000009 503.00000000000006 0.82940000000000003 2253.5000000000005 9.5000000000000018 6.5000000000000009 0.92100000000000015 8236.0000000000018 21.500000000000004 20.500000000000004 3186.0000000000005 67258.500000000015 0.94730000000000014 56.500000000000007 30369.500000000004 8026.0000000000009 52.500000000000007 55.500000000000007 45767.000000000007 59.000000000000007 1153118.0000000002 4.5000000000000009 151.50000000000003 1.0000000180025095e-35 11.500000000000002 796165.00000000012 2.5000000000000004
decision_type=2 2 2 2 2 2 2 2 2 2 2 2 2 2 2 2 2 2 2 2 2 2 2 2 2 2 2 2 2 2
left_child=1 9 15 4 5 -4 -6 8 -5 10 11 -1 -12 14 -11 17 21 18 -2 -19 -18 -17 -15 24 25 -3 -26 -9 29 -25
right_child=2 23 3 7 6 -7 -8 27 -10 13 12 -13 -14 22 -16 16 20 19 -20 -21 -22 -23 -24 28 26 -27 -28 -29 -30 -31
leaf_value=-0.018768000113478303 -0.003349642195262831 0.016387233818237232 -0.074489785175697473 0.0090331020364865667 0.052077350678381984 0.12444936584781957 -0.023122841030165538 0.00050967075465839387 -0.0042616890288947867 -0.04050031451777341 -0.0032987349058847138 -0.0018182091569370123 0.0050020091180952774 0.0067266566309985209 0.045595431951343593 -0.0070798983872666426 0.045832296495071194 -0.0094710597103077609 0.019757600908521508 0.0100946427022542 0.006353460233965217 -0.038099186308917454 0.051831511869971605 0.013272485891955919 0.005412621509435357 -0.011529282588316973 -0.062854429072403656 0.0017943986852680699 -0.029358677419961673 0.049186952900691111
leaf_weight=443 364 55 4.9999999999999991 1088 23 10.999999999999998 646 12762 7150 56 1939 558 1986 1792 13.999999999999998 379 50 564 989 1072 378 79 27 45 183 4496 8.9999999999999982 26638 4.9999999999999991 5.9999999999999991
leaf_count=443 364 55 5 1088 23 11 646 12762 7150 56 1939 558 1986 1792 14 379 50 564 989 1072 378 79 27 45 183 4496 9 26638 5 6
internal_value=1.30118e-08 -0.00376512 0.000837758 0.000433045 -0.0185888 0.0622044 -0.0205301 0.000706604 -0.00250575 0.000885882 -0.00117597 -0.00932059 0.000901356 0.0062624 -0.0232407 0.00588457 -0.00112763 0.00796309 0.0135412 0.00334933 0.0109751 -0.0124375 0.00739897 -0.0103698 -0.0106502 -0.0111916 0.00218155 0.00137827 0.0133494 0.0175857
internal_weight=63812 11614 52198 48323 685 16 669 47638 8238 6815 4926 1001 3925 1889 70 3875 886 2989 1353 1636 428 458 1819 4799 4743 4551 192 39400 56 51
internal_count=63812 11614 52198 48323 685 16 669 47638 8238 6815 4926 1001 3925 1889 70 3875 886 2989 1353 1636 428 458 1819 4799 4743 4551 192 39400 56 51
is_linear=0
shrinkage=0.05


Tree=68
num_leaves=31
num_cat=0
split_feature=14 14 14 14 0 0 9 0 9 5 0 10 6 7 10 14 14 0 7 0 0 6 1 1 9 14 9 1 7 10
split_gain=72.6613 128.795 38.4883 93.3544 88.9986 64.4562 49.919 29.136 26.7843 28.1182 25.2108 20.8305 24 36.4001 32.2327 16.6661 90.5501 53.5671 12.255 11.6518 16.7335 20.8854 13.172 12.4457 11.487 10.7761 12.5067 11.455 6.7652 0.911603
threshold=3.5000000000000004 2.5000000000000004 4.5000000000000009 7.5000000000000009 131114.00000000003 72596.000000000015 510.00000000000006 829572.00000000012 13.500000000000002 226696.50000000003 68647.500000000015 52.500000000000007 0.94730000000000014 56.500000000000007 1.5000000000000002 8.5000000000000018 9.5000000000000018 62757.000000000007 1127.0000000000002 8236.0000000000018 151.50000000000003 0.88335000000000008 15922.500000000002 31201440.500000004 46.500000000000007 1.5000000000000002 177.50000000000003 1339084.0000000002 569.50000000000011 1.0000000180025095e-35
decision_type=2 2 2 2 2 2 2 2 2 2 2 2 2 2 2 2 2 2 2 2 2 2 2 2 2 2 2 2 2 2
left_child=1 7 11 4 5 -4 -6 8 9 -1 -10 12 14 -14 -2 17 -17 -5 28 20 21 -3 29 -24 -22 26 -9 -27 -13 -21
right_child=2 19 3 15 6 -7 -8 25 10 -11 -12 18 13 -15 -16 16 -18 -19 -20 22 24 -23 23 -25 -26 27 -28 -29 -30 -31
leaf_value=-0.0063850048309936295 0.011305012630390517 -0.013338005590823388 -0.0062350447309350195 -0.0002904970460739794 -0.0247378115353665 0.014452629799123965 0.034670626056804814 -0.030168133710629364 -0.00033402444177501288 0.023591566045885401 0.0072101169941386116 -0.0038373370965321865 -0.011816151706468095 0.0087175842079773719 0.00049061603400334401 -0.0096299318010115431 0.0013093535418124077 0.013306069275232335 -0.014174020613779079 -0.079329223536393254 -0.019616718722037421 0.048245131969451904 -0.0081545668529745801 -0.036512904193090355 -0.0068042560432305128 -0.043721587050194841 0.035495221799562791 0.033016531863627852 0.058366966704207081 -0.048311850514079706
leaf_weight=1660 1870 34 2538 2034 760 442 37 18.000000000000004 3245 82 1681 4.9999999999999991 458 408 1091 1987 39400 1125 8.9999999999999982 4.9999999999999982 686 23 3771 39 235 4.9999999999999991 11.999999999999998 112 34 6
leaf_count=1660 1870 34 2538 2034 760 442 37 18 3245 82 1681 5 458 408 1091 1987 39400 1125 9 5 686 23 3771 39 235 5 12 112 34 6
internal_value=2.29431e-08 -0.00357686 0.00079588 0.000411401 -0.00713579 -0.00316622 -0.0219758 0.000841621 0.000356039 -0.00497266 0.00224051 0.00559037 0.00517924 -0.00214217 0.00732053 0.00105133 0.000784134 0.00455185 0.0382902 -0.00985137 -0.0147215 0.0115523 -0.00860449 -0.0084458 -0.0163486 0.0228526 -0.00387213 0.0297026 0.0504026 -0.0629983
internal_weight=63812 11614 52198 48323 3777 2980 797 6815 6668 1742 4926 3875 3827 866 2961 44546 41387 3159 48 4799 978 57 3821 3810 921 147 30 117 39 11
internal_count=63812 11614 52198 48323 3777 2980 797 6815 6668 1742 4926 3875 3827 866 2961 44546 41387 3159 48 4799 978 57 3821 3810 921 147 30 117 39 11
is_linear=0
shrinkage=0.05


Tree=69
num_leaves=30
num_cat=0
split_feature=14 14 14 14 0 9 2 14 14 0 2 1 14 0 0 12 9 4 14 12 8 4 0 4 2 0 2 5 4
split_gain=65.579 116.242 34.7365 87.2078 38.8241 48.1746 45.6991 34.2484 119.981 26.3558 25.7921 31.0864 25.6037 23.1452 19.6487 22.2412 44.9961 30.1617 15.0413 13.6034 12.1731 21.5655 11.4407 11.8693 14.6005 14.0376 9.97348 3.6893 2.49512
threshold=3.5000000000000004 2.5000000000000004 4.5000000000000009 5.5000000000000009 503.00000000000006 17.500000000000004 2253.5000000000005 7.5000000000000009 6.5000000000000009 4886.5000000000009 155678.00000000003 4241301.0000000009 1.0000000180025095e-35 829572.00000000012 760406.00000000012 1.0000000180025095e-35 157.50000000000003 2.5000000000000004 8.5000000000000018 477.50000000000006 5.5000000000000009 1.5000000000000002 1153118.0000000002 4.5000000000000009 161874.00000000003 151.50000000000003 38256.500000000007 796165.00000000012 2.5000000000000004
decision_type=2 2 2 2 2 2 2 2 2 2 2 2 2 2 2 2 2 2 2 2 2 2 2 2 2 2 2 2 2
left_child=1 9 14 4 5 -4 -6 8 -5 10 11 -1 -11 -14 15 16 -2 -17 -9 -12 26 -22 23 25 -25 -3 -16 28 -24
right_child=2 22 3 7 6 -7 -8 18 -10 12 19 -13 13 -15 20 17 -18 -19 -20 -21 21 -23 27 24 -26 -27 -28 -29 -30
leaf_value=-0.0067038964632691288 -0.0037864474690241148 0.014949737836736948 -0.052056326240789701 0.008923732277696465 0.049950625731315451 0.12615811293668086 -0.021633362053909217 0.0043242808547997577 -0.011700005077918987 -0.092881844077311773 0.016728134856282023 -0.042688070414995588 0.0016249436339826296 0.021709817234062061 0.058767155347117385 0.0054476498217231814 0.019490909285570096 0.021879990669425767 0.00074492609455178256 0.10196644535251694 -0.079781983244482088 0.043491236235893946 0.013017157448389612 0.011065303219914488 -0.019754021965219814 -0.010445288412942047 0.022521844856657664 -0.027519792318344116 0.047168964367420955
leaf_weight=770 1272 55 5.9999999999999991 1088 23 9.9999999999999982 646 3159 2004 6.9999999999999991 58 65 5763 147 25 1910 248 327 41387 4.9999999999999991 6.9999999999999982 7 45 139 53 4496 79 4.9999999999999991 5.9999999999999991
leaf_count=770 1272 55 6 1088 23 10 646 3159 2004 7 58 65 5763 147 25 1910 248 327 41387 5 7 7 45 139 53 4496 79 5 6
internal_value=1.6061e-08 -0.00339808 0.000756093 0.000390834 -0.0173213 0.0594195 -0.0191652 0.000645557 -0.00444296 0.000799553 -0.00718153 -0.00950984 0.00201091 0.00212488 0.00531091 0.00467953 1.24694e-05 0.00785057 0.000998767 0.023644 0.0253926 -0.0182741 -0.00935897 -0.00962431 0.00255203 -0.0101381 0.0312827 0.0130919 0.0171195
internal_weight=63812 11614 52198 48323 685 16 669 47638 3092 6815 898 835 5917 5910 3875 3757 1520 2237 44546 63 118 14 4799 4743 192 4551 104 56 51
internal_count=63812 11614 52198 48323 685 16 669 47638 3092 6815 898 835 5917 5910 3875 3757 1520 2237 44546 63 118 14 4799 4743 192 4551 104 56 51
is_linear=0
shrinkage=0.05


Tree=70
num_leaves=31
num_cat=0
split_feature=14 12 1 0 1 7 4 0 9 5 10 2 0 12 2 6 14 1 6 0 1 14 9 2 7 7 5 5 2 7
split_gain=59.9774 47.9339 64.9536 52.7887 57.5135 49.7751 47.5385 44.8001 61.0639 41.7974 39.2614 38.485 34.5304 30.9738 29.8005 17.9013 5.34916 3.43463 5.60824 7.16114 4.28612 3.43483 2.47824 4.19544 5.51885 4.29275 3.84685 8.69115 2.66824 2.45643
threshold=9.5000000000000018 47.500000000000007 3318083.0000000005 26413.500000000004 1617733.0000000002 34.500000000000007 4.5000000000000009 381.00000000000006 4.5000000000000009 242942.50000000003 61.500000000000007 753572.00000000012 690876.00000000012 1894.0000000000002 179265.00000000003 0.82940000000000003 13.500000000000002 11692330.000000002 0.91840000000000011 16694.000000000004 9985897.5000000019 14.500000000000002 1.0000000180025095e-35 4623.5000000000009 3.5000000000000004 14.500000000000002 53880.000000000007 260560.50000000003 2797.5000000000005 45.500000000000007
decision_type=2 2 2 2 2 2 2 2 2 2 2 2 2 2 2 2 2 2 2 2 2 2 2 2 2 2 2 2 2 2
left_child=1 3 6 7 5 -5 10 8 -1 -6 -3 -8 13 -4 -9 -14 22 20 19 -19 21 -18 26 25 -25 -24 28 -28 -2 -20
right_child=16 2 12 4 9 -7 11 14 -10 -11 -12 -13 15 -15 -16 -17 17 18 29 -21 -22 -23 23 24 -26 -27 27 -29 -30 -31
leaf_value=0.06268812632362461 -0.010476540061230173 0.0013958423407496208 -0.0076742250668740261 0.022902674908567316 -0.0034603181020292813 -0.008002095883352647 0.017812518496747035 -0.01012123525853487 0.00078612605474404963 0.016338225073463077 0.06282350489462929 -0.060500516168634333 -0.0051206340315692444 0.06662021103110298 0.0070380777704533984 0.024801321304945528 0.0029524344344671557 -0.010972889581219778 0.0052299632562478977 0.0061002179264192701 -0.0076637251825931261 0.0013374342025946643 0.0028895747793095164 -0.012230495549766428 0.00068024541867487765 0.026721176315898671 0.0076186049471716104 -0.010163829427078089 -0.0023462545263504028 0.016918148985397372
leaf_weight=48 148 7742 2819 419 7021 189 619 4509 232 277 26 15.999999999999998 80 13.999999999999998 268 133 4863 81 71 253 119 10194 1784 83 21022 19 224 99 317 123
leaf_count=48 148 7742 2819 419 7021 189 619 4509 232 277 26 16 80 14 268 133 4863 81 71 253 119 10194 1784 83 21022 19 224 99 317 123
internal_value=3.25783e-08 -0.00194738 0.000410159 -0.00402956 -0.00147767 0.013296 0.0026776 -0.00801902 0.0114165 -0.00270864 0.00160225 0.0158301 -0.00584491 -0.00730474 -0.00915843 0.0135659 0.00120664 0.00192228 0.00588627 0.00195769 0.00178433 0.00185905 0.000732358 0.000827196 0.000629413 0.00314218 -0.00202446 0.0021668 -0.00493565 0.0126454
internal_weight=63812 24412 11449 12963 7906 608 8403 5057 280 7298 7768 635 3046 2833 4777 213 39400 15704 528 334 15176 15057 23696 22908 21105 1803 788 323 465 194
internal_count=63812 24412 11449 12963 7906 608 8403 5057 280 7298 7768 635 3046 2833 4777 213 39400 15704 528 334 15176 15057 23696 22908 21105 1803 788 323 465 194
is_linear=0
shrinkage=0.05


Tree=71
num_leaves=31
num_cat=0
split_feature=14 14 14 14 6 0 14 14 6 9 9 7 10 10 0 6 6 10 6 5 0 1 14 5 5 1 1 10 1 1
split_gain=55.1832 105.326 33.0536 77.7096 37.874 32.9475 29.5083 107.924 27.0149 26.8547 23.8162 21.0624 19.3562 26.4517 18.1262 46.1117 48.7239 44.1628 36.324 35.91 32.1286 15.4031 14.7717 11.0861 20.982 20.6719 14.4982 11.4275 11.5725 10.2834
threshold=3.5000000000000004 2.5000000000000004 4.5000000000000009 5.5000000000000009 1.1025000000000003 503.00000000000006 7.5000000000000009 6.5000000000000009 0.92100000000000015 210.50000000000003 375.50000000000006 5.5000000000000009 59.000000000000007 54.500000000000007 10143.000000000002 0.79060000000000008 1.0875000000000001 1.5000000000000002 0.7994500000000001 34890.500000000007 10571.000000000002 2157267.0000000005 8.5000000000000018 8798.5000000000018 49470.000000000007 759488.50000000012 194025.50000000003 13.500000000000002 4241301.0000000009 590018.50000000012
decision_type=2 2 2 2 2 2 2 2 2 2 2 2 2 2 2 2 2 2 2 2 2 2 2 2 2 2 2 2 2 2
left_child=1 8 14 4 5 -4 7 -5 9 11 -11 -1 13 -10 15 17 -17 -2 19 -16 -20 -6 -8 27 25 -25 -26 28 -3 -29
right_child=2 23 3 6 21 -7 22 -9 12 10 -12 -13 -14 -15 18 16 -18 -19 20 -21 -22 -23 -24 24 26 -27 -28 29 -30 -31
leaf_value=-0.012974100861779631 -0.0078356156340934329 -0.0075274570443968824 0.056430272434068764 0.0085317921949631496 -0.1033523218673572 -0.01598963841998564 0.0042011877069390918 -0.011028275899157813 0.00569245324777784 0.020243674924203092 -0.006695573155354898 -0.0010682096780844893 0.047915744112761144 -0.09860020350725926 0.021961949118003435 0.011201931234894805 -0.056397953809792456 -0.057229842116123211 0.075901772259481692 0.0013620429882002102 0.0026972302308923071 -0.0035133689057593254 0.00065406480958649809 -0.00040584423944419704 -0.069785486210833553 -0.031769175722401982 -0.0059832686541467272 -0.040458161278185273 -0.016082550630228898 0.0032145370414288278
leaf_weight=408 277 3306 15.999999999999998 1088 17.000000000000004 647 3159 2004 1856 259 120 4139 27 5.9999999999999991 632 519 28 54 14.999999999999998 318 2032 4.9999999999999991 41387 68 8.9999999999999982 231 416 13.999999999999998 449 306
leaf_count=408 277 3306 16 1088 17 647 3159 2004 1856 259 120 4139 27 6 632 519 28 54 15 318 2032 5 41387 68 9 231 416 14 449 306
internal_value=4.70091e-08 -0.00311709 0.000693612 0.00033731 -0.0163824 -0.0142337 0.000577762 -0.00414551 0.000878587 -0.00107086 0.0117146 -0.00213678 0.005962 0.00535111 0.00513673 -0.00118124 0.00773193 -0.0159087 0.00698761 0.0150673 0.00323734 -0.0807802 0.00090562 -0.0087912 -0.0144927 -0.0246389 -0.00735047 -0.00777789 -0.00855082 0.00129181
internal_weight=63812 11614 52198 48323 685 663 47638 3092 6815 4926 379 4547 1889 1862 3875 878 547 331 2997 950 2047 22 44546 4799 724 299 425 4075 3755 320
internal_count=63812 11614 52198 48323 685 663 47638 3092 6815 4926 379 4547 1889 1862 3875 878 547 331 2997 950 2047 22 44546 4799 724 299 425 4075 3755 320
is_linear=0
shrinkage=0.05


Tree=72
num_leaves=30
num_cat=0
split_feature=14 0 12 4 12 9 8 0 11 2 5 14 4 14 0 8 2 0 9 2 5 2 0 2 2 2 10 6 14
split_gain=51.1275 35.4979 38.0977 51.9686 70.0648 34.5202 30.4239 29.5471 22.3553 18.3194 25.2233 17.0893 6.54627 5.42606 4.04373 5.97182 5.44895 10.0115 4.78632 8.91037 6.15596 5.27365 9.56946 5.01246 4.12673 3.53928 3.07384 2.87987 2.2983
threshold=10.500000000000002 760406.00000000012 22.500000000000004 2.5000000000000004 28.500000000000004 677.50000000000011 4.5000000000000009 151.50000000000003 1.0000000180025095e-35 3715.5000000000005 64746.500000000007 8.5000000000000018 5.5000000000000009 9.5000000000000018 1341.5000000000002 1.0000000180025095e-35 4050.0000000000005 304.00000000000006 23.500000000000004 9724.5000000000018 796165.00000000012 153340.00000000003 50300.500000000007 126500.00000000001 24524.000000000004 4334.0000000000009 1.0000000180025095e-35 0.83100000000000007 6.5000000000000009
decision_type=2 2 2 2 2 2 2 2 2 2 2 2 2 2 2 2 2 2 2 2 2 2 2 2 2 2 2 2 2
left_child=1 2 5 7 -5 6 -1 -4 9 10 -3 -11 28 -7 15 24 17 -17 21 27 -21 23 -23 -16 26 -18 -2 -20 -10
right_child=14 8 3 4 -6 13 -8 -9 12 11 -12 -13 -14 -15 18 16 25 -19 19 20 -22 22 -24 -25 -26 -27 -28 -29 -30
leaf_value=-0.0031086219179106028 -0.0082174843766564237 0.079318818766876575 0.018609153742610528 0.062891920928648801 0.0053412475431786864 0.04947473608259844 -0.011187039462715371 -0.0016149509503204616 -0.044384446850077038 0.011881560247034666 0.010666561353940769 -0.0075383677654242923 0.00052598542442508782 0.0012451746619083514 0.00045319421261363712 -0.0036932745742559027 -0.015798564737515824 0.019625263180041513 0.035290778566028268 0.0016716323805076286 -0.026013935791022742 0.032998326127646381 -0.038572890741926671 0.019373800170387638 0.026699865394285028 0.0035162019136682088 -0.034228515566874909 0.01284882138811564 -0.089461095478446759
leaf_weight=12067 59 22 183 54 2359 35 1290 13226 6.0000000000000018 575 34 141 4.9999999999999991 6.9999999999999991 12840 69 24 138 21 18997 20 6.0000000000000027 20 35 6.9999999999999991 1507 13.999999999999998 45 6
leaf_count=12067 59 22 183 54 2359 35 1290 13226 6 575 34 141 5 7 12840 69 24 138 21 18997 20 6 20 35 7 1507 14 45 6
internal_value=2.21983e-08 -0.00150202 -0.00178461 -0.000123193 0.00663171 -0.00374645 -0.0038889 -0.0013388 0.00896252 0.0102138 0.0377304 0.00805673 -0.0475892 0.0414585 0.00133357 0.00362734 0.00424231 0.0118544 0.00120317 0.00170609 0.00164238 0.000459267 -0.0219933 0.000504779 -0.00972168 0.00321241 -0.0132459 0.020032 -0.0674759
internal_weight=63812 30010 29221 15822 2413 13399 13357 13409 789 772 56 716 17 42 33802 1818 1738 207 31984 19083 19017 12901 26 12875 80 1531 73 66 12
internal_count=63812 30010 29221 15822 2413 13399 13357 13409 789 772 56 716 17 42 33802 1818 1738 207 31984 19083 19017 12901 26 12875 80 1531 73 66 12
is_linear=0
shrinkage=0.05


Tree=73
num_leaves=31
num_cat=0
split_feature=14 14 14 14 6 2 14 14 6 0 12 2 9 9 2 9 2 9 5 0 9 10 2 0 0 6 12 6 12 12
split_gain=47.3483 95.2254 30.9945 69.6514 34.1223 30.7489 27.0593 52.6109 24.5364 26.4517 23.2901 22.173 31.5555 22.1361 19.759 23.214 55.9647 29.9093 22.8918 25.5734 22.9454 16.4258 13.9912 10.6744 12.86 18.8818 11.7599 11.9421 11.4144 10.5812
threshold=3.5000000000000004 2.5000000000000004 4.5000000000000009 5.5000000000000009 1.1025000000000003 2253.5000000000005 9.5000000000000018 6.5000000000000009 0.92100000000000015 8236.0000000000018 738.50000000000011 3186.0000000000005 4.5000000000000009 25.500000000000004 3008.0000000000005 52.500000000000007 43997.000000000007 62.500000000000007 216544.50000000003 36166.000000000007 1.5000000000000002 57.500000000000007 54848.000000000007 8236.0000000000018 151.50000000000003 0.88335000000000008 4.5000000000000009 0.86915000000000009 83.500000000000014 956.50000000000011
decision_type=2 2 2 2 2 2 2 2 2 2 2 2 2 2 2 2 2 2 2 2 2 2 2 2 2 2 2 2 2 2
left_child=1 8 14 4 5 -4 7 -5 9 13 -11 12 -10 -1 18 16 -16 -17 19 -2 -20 -13 -6 24 25 -3 27 -25 -28 -26
right_child=2 23 3 6 22 -7 -8 -9 11 10 -12 21 -14 -15 15 17 -18 -19 20 -21 -22 -23 -24 26 29 -27 28 -29 -30 -31
leaf_value=-0.014431408617980515 0.015140130604507042 -0.01357508096789335 0.041958344551537546 0.008161737817841937 -0.12011950735998622 -0.015581038870422182 0.0010699909337538273 -0.0036396821502454389 0.0039897514612766615 0.00025933088833295461 0.023900462151005046 0.0062240869254711131 -0.06539558251013701 0.00067128641839734118 0.0051112277824900592 0.028081177705498485 -0.0141502911711837 0.006305331041475265 0.0066647597681309557 0.058362838355224128 -0.091743265485597983 0.044752807611619455 -0.039744325413191617 -0.014412660058633196 -0.015083609907418151 0.044978494768018851 0.00033373459755717673 -0.0059362758057192652 -0.0073049452311186262 0.025825710215183519
leaf_weight=588 119 34 24 1088 10.000000000000002 639 39400 7150 44 3818 107 1791 26 413 1694 179 485 1320 22.000000000000004 48 7.9999999999999991 28 11.999999999999998 846 905 23 749 817 1409 15.999999999999998
leaf_count=588 119 34 24 1088 10 639 39400 7150 44 3818 107 1791 26 413 1694 179 485 1320 22 48 8 28 12 846 905 23 749 817 1409 16
internal_value=2.9594e-08 -0.00288736 0.000642474 0.00029745 -0.0155317 -0.0134922 0.000525093 -0.00208098 0.000911905 -0.000945964 0.000904408 0.00575652 -0.0218385 -0.00820078 0.00494497 0.00411833 0.000823562 0.00890735 0.0203684 0.0275909 -0.019795 0.00681959 -0.0766567 -0.00828255 -0.0129438 0.0100892 -0.00708918 -0.010249 -0.00465381 -0.0143702
internal_weight=63812 11614 52198 48323 685 663 47638 8238 6815 4926 3925 1889 70 1001 3875 3678 2179 1499 197 167 30 1819 22 4799 978 57 3821 1663 2158 921
internal_count=63812 11614 52198 48323 685 663 47638 8238 6815 4926 3925 1889 70 1001 3875 3678 2179 1499 197 167 30 1819 22 4799 978 57 3821 1663 2158 921
is_linear=0
shrinkage=0.05


Tree=74
num_leaves=28
num_cat=0
split_feature=0 10 9 2 5 12 0 0 6 10 2 5 7 12 2 0 2 9 9 12 8 6 5 7 6 6 0
split_gain=19.9427 25.0946 60.3656 50.5553 38.0863 30.32 30.0589 26.6977 25.2975 24.1212 48.1297 23.6919 26.8337 26.1699 27.1746 20.3354 21.5083 44.984 43.8057 19.8277 19.4935 18.9636 17.9128 17.6749 15.444 13.6749 2.9399
threshold=56711.000000000007 1.0000000180025095e-35 16.500000000000004 9478.5000000000018 242942.50000000003 1894.0000000000002 985517.00000000012 189385.50000000003 0.97915000000000008 16.500000000000004 261311.00000000003 100910.50000000001 35.500000000000007 15.500000000000002 2622.5000000000005 381.00000000000006 26944.500000000004 52.500000000000007 35.500000000000007 6.5000000000000009 6.5000000000000009 0.94915000000000005 494318.50000000006 825.00000000000011 1.1116500000000002 0.86465000000000003 151.50000000000003
decision_type=2 2 2 2 2 2 2 2 2 2 2 2 2 2 2 2 2 2 2 2 2 2 2 2 2 2 2
left_child=11 2 4 8 21 9 -5 -6 -4 23 -11 15 13 19 -15 24 17 -17 -18 -13 22 -2 -14 -3 25 -1 -26
right_child=1 5 3 6 7 -7 -8 -9 -10 10 -12 12 20 14 -16 16 18 -19 -20 -21 -22 -23 -24 -25 26 -27 -28
leaf_value=0.0015908469064201966 -0.0050498059862253662 -0.0012136186286096262 0.035951696450764813 0.0055718835678877712 0.034113350967137218 0.070784357789632504 0.037494158044118889 0.0024305433703250413 -0.02582144143461193 0.026531844646769359 0.0021547035052090903 -0.0071239553553234863 -0.03270936254712558 -0.045201359981299871 0.0071379917610569056 0.00025138478149597113 -0.005676195760853201 0.020471255847565571 -0.00034547634069704083 -0.032674127348100046 0.03813184545306135 0.0043976475338817255 0.015132537844898472 0.033353082901569749 -0.016729394328003088 0.011218362451193318 -0.051862795782623775
leaf_weight=822 2478 11552 200 4095 120 14.999999999999998 75 149 18 220 2530 706 173 26 498 19045 5323 279 13963 85 11.999999999999998 676 22 37 12 669 12
leaf_count=822 2478 11552 200 4095 120 15 75 149 18 220 2530 706 173 26 498 19045 5323 279 13963 85 12 676 22 37 12 669 12
internal_value=2.0324e-08 0.00121164 0.00349228 0.00737444 -0.00148441 -2.9422e-05 0.00614691 0.0165716 0.0308417 -0.000103993 0.00410577 -0.000644821 -0.00676781 -0.00413285 0.00453287 -0.00041255 -0.000635525 0.000543424 -0.00181679 -0.00987333 -0.0234967 -0.00302485 -0.0273068 -0.00110297 0.00526967 0.0059111 -0.0344384
internal_weight=63812 22165 7811 4388 3423 14354 4170 269 218 14339 2750 41647 1522 1315 524 40125 38610 19324 19286 791 207 3154 195 11589 1515 1491 24
internal_count=63812 22165 7811 4388 3423 14354 4170 269 218 14339 2750 41647 1522 1315 524 40125 38610 19324 19286 791 207 3154 195 11589 1515 1491 24
is_linear=0
shrinkage=0.05


Tree=75
num_leaves=31
num_cat=0
split_feature=14 14 9 7 10 1 14 14 9 5 5 8 5 1 7 10 14 10 10 4 4 8 4 8 9 12 4 12 12 1
split_gain=42.8612 45.337 41.2538 71.8458 53.1186 64.2257 47.1516 37.7747 33.7465 18.9019 27.7312 42.4082 19.4482 15.1719 18.8059 11.0014 4.48536 3.26484 6.05985 4.68857 3.5327 3.15533 2.47854 2.06746 3.95953 3.37279 2.92016 2.62477 3.23808 0.952959
threshold=9.5000000000000018 8.5000000000000018 53.500000000000007 58.500000000000007 2.5000000000000004 2504229.0000000005 6.5000000000000009 7.5000000000000009 54.500000000000007 226696.50000000003 20012.500000000004 1.0000000180025095e-35 42020.000000000007 1753265.0000000002 10.500000000000002 2.5000000000000004 13.500000000000002 41.500000000000007 44.500000000000007 12.500000000000002 15.500000000000002 13.500000000000002 18.000000000000004 3.5000000000000004 186.50000000000003 774.00000000000011 11.500000000000002 1661.0000000000002 572.00000000000011 3265040.5000000005
decision_type=2 2 2 2 2 2 2 2 2 2 2 2 2 2 2 2 2 2 2 2 2 2 2 2 2 2 2 2 2 2
left_child=1 2 4 8 5 -1 -6 -5 -4 10 11 -3 -12 15 -15 -11 23 20 29 -20 21 -18 -22 24 26 -26 -2 28 -25 -19
right_child=16 9 3 7 6 -7 -8 -9 -10 13 12 -13 -14 14 -16 -17 17 18 19 -21 22 -23 -24 27 25 -27 -28 -29 -30 -31
leaf_value=0.00018338885641802364 0.00066311845079892963 0.038257233722632386 0.016300673591114624 5.5436348768545541e-05 -0.0061963211027969371 -0.0094684063568428456 -0.025175728088069282 0.0095583538846288323 0.11011406179197235 0.027938435126466356 -0.051940068628658555 -0.0088767555204978862 -0.017293522281998996 0.047586013791991073 -0.072154738533664761 0.10231356007952086 0.0018108807308397741 -0.021498061546522548 -0.0027009800214205246 0.041961951822531034 -0.038234669968117904 -0.026145605020003744 -0.0067936010771427711 -0.00068887086184207563 0.00337817609318559 0.02357192341044051 -0.015762251525141324 -0.03315209505743668 0.004686543083049435 -0.04561755835425621
leaf_weight=10033 18085 49 17 7212 1411 2081 426 1223 22 17.000000000000004 57 1704 140 5.9999999999999982 7 6.9999999999999991 15463 24.000000000000004 160 5.9999999999999991 7.9999999999999991 9.9999999999999982 28 4216 1041 21 27 5.9999999999999991 300 4.9999999999999991
leaf_count=10033 18085 49 17 7212 1411 2081 426 1223 22 17 57 1704 140 6 7 7 15463 24 160 6 8 10 28 4216 1041 21 27 6 300 5
internal_value=2.89039e-08 -0.00164622 -0.0010048 0.00174684 -0.00267619 -0.00147471 -0.0105988 0.00143337 0.0693673 -0.00888476 -0.00955697 -0.00755716 -0.0273394 0.026473 -0.0169484 0.0499657 0.00102004 0.00167536 -0.0047525 -0.00106237 0.0017562 0.00179264 -0.0138671 0.000585736 0.000812544 0.00377967 0.000638546 -0.000375964 -0.000331684 -0.0257991
internal_weight=63812 24412 22425 8474 13951 12114 1837 8435 39 1987 1950 1753 197 37 13 24 39400 15704 195 166 15509 15473 36 23696 19174 1062 18112 4522 4516 29
internal_count=63812 24412 22425 8474 13951 12114 1837 8435 39 1987 1950 1753 197 37 13 24 39400 15704 195 166 15509 15473 36 23696 19174 1062 18112 4522 4516 29
is_linear=0
shrinkage=0.05


Tree=76
num_leaves=29
num_cat=0
split_feature=14 14 14 14 0 6 2 14 14 14 0 2 2 7 9 4 7 7 9 0 14 2 2 7 0 2 6 9
split_gain=40.8267 86.1988 28.8976 62.5323 30.9413 48.6094 37.5862 24.5154 90.1648 22.5989 22.3052 21.9926 17.9345 40.8339 62.7411 27.5424 25.9129 59.5233 48.2026 17.9075 15.8677 10.2963 15.3178 23.7555 15.9943 13.8661 14.24 5.76972
threshold=3.5000000000000004 2.5000000000000004 4.5000000000000009 5.5000000000000009 503.00000000000006 0.82940000000000003 2253.5000000000005 7.5000000000000009 6.5000000000000009 1.0000000180025095e-35 4886.5000000000009 155678.00000000003 3008.0000000000005 5.5000000000000009 1.5000000000000002 1.5000000000000002 19.500000000000004 26.500000000000004 15.500000000000002 829572.00000000012 8.5000000000000018 120843.50000000001 12874.500000000002 21.500000000000004 208259.00000000003 130568.50000000001 0.84710000000000008 71.500000000000014
decision_type=2 2 2 2 2 2 2 2 2 2 2 2 2 2 2 2 2 2 2 2 2 2 2 2 2 2 2 2
left_child=1 9 12 4 5 -4 -6 8 -5 -1 11 -11 13 14 -2 -15 18 -18 -14 -12 -9 22 24 -24 -3 27 -27 -23
right_child=2 21 3 7 6 -7 -8 20 -10 10 19 -13 16 15 -16 -17 17 -19 -20 -21 -22 25 23 -25 -26 26 -28 -29
leaf_value=-0.088224058419885787 0.034301062832750133 -0.0059255188068997114 -0.074486239283692621 0.0077613730395435154 0.046298850279349789 0.11221782473830491 -0.018619643511316057 0.0041936183300605783 -0.010117062787084302 -0.0084651219502283014 0.001702407880794165 0.022149337227342809 -0.001021959394590978 0.06807466496726472 -0.033153981529547773 -0.037382022175990362 0.026986734803010278 0.0036942239941620686 -0.054791396471107902 0.019369148593244002 0.00051725577972516128 0.040246347623381445 -0.022846130066350938 -0.0092308467440669548 0.017213357119505921 -0.013486089594483251 -0.00082387346083287547 0.0088408456524823719
leaf_weight=6.9999999999999991 79 1105 4.9999999999999991 1088 23 10.999999999999998 646 3159 2004 835 5763 63 760 50 61 6.9999999999999991 307 2567 44 147 41387 20 376 2165 80 333 666 54
leaf_count=7 79 1105 5 1088 23 11 646 3159 2004 835 5763 63 760 50 61 7 307 2567 44 147 41387 20 376 2165 80 333 666 54
internal_value=3.11104e-08 -0.00268114 0.000596593 0.000263444 -0.0147349 0.0537725 -0.0163812 0.00047914 -0.00382603 0.000933568 0.00102653 -0.00631511 0.004751 0.0194451 0.00490725 0.0550811 0.00396345 0.00618318 -0.00397101 0.00214215 0.000777976 -0.00781426 -0.00905709 -0.0112464 -0.00436208 -0.00349805 -0.00504554 0.0173717
internal_weight=63812 11614 52198 48323 685 16 669 47638 3092 6815 6808 898 3875 197 140 57 3678 2874 804 5910 44546 4799 3726 2541 1185 1073 999 74
internal_count=63812 11614 52198 48323 685 16 669 47638 3092 6815 6808 898 3875 197 140 57 3678 2874 804 5910 44546 4799 3726 2541 1185 1073 999 74
is_linear=0
shrinkage=0.05


Tree=77
num_leaves=31
num_cat=0
split_feature=14 1 12 0 9 0 9 4 0 0 8 4 8 7 14 14 8 12 7 9 1 1 5 9 0 1 7 8 0 0
split_gain=37.1609 32.5862 59.0395 54.8228 60.3818 44.9909 46.4377 41.4712 39.9421 38.1888 31.8217 28.1756 25.5385 20.3433 17.5893 12.9964 3.30518 6.16144 5.69605 5.44299 5.23013 7.27982 6.07601 4.96548 4.63952 5.80234 5.44342 4.30689 3.95183 1.18066
threshold=10.500000000000002 3708198.5000000005 1.0000000180025095e-35 8026.0000000000009 37.500000000000007 189385.50000000003 484.50000000000006 2.5000000000000004 172805.50000000003 347831.50000000006 3.5000000000000004 1.5000000000000002 1.0000000180025095e-35 9.5000000000000018 2.5000000000000004 8.5000000000000018 1.0000000180025095e-35 133.50000000000003 1.5000000000000002 1.0000000180025095e-35 307764.50000000006 513542.00000000006 43582.000000000007 1.0000000180025095e-35 1341.5000000000002 33432592.500000004 10.500000000000002 13.500000000000002 3971.5000000000005 147339.00000000003
decision_type=2 2 2 2 2 2 2 2 2 2 2 2 2 2 2 2 2 2 2 2 2 2 2 2 2 2 2 2 2 2
left_child=1 2 9 4 -4 8 12 -5 13 10 -1 -8 -7 -3 -10 -11 17 20 23 -20 22 -22 -2 -19 25 26 -18 28 -26 -29
right_child=16 5 3 7 -6 6 11 -9 14 15 -12 -13 -14 -15 -16 -17 24 18 19 -21 21 -23 -24 -25 27 -27 -28 29 -30 -31
leaf_value=-0.0028438046794008074 0.017837524378870828 0.0028460771024810018 -0.008248863385290366 0.0020800828774258004 0.006654851444589458 -0.040119722691739176 0.0010533340131215628 0.010727153666588296 0.006931879270223925 0.0069737285526691997 -0.009817711212515106 -0.081621338680958472 0.0092587025896539565 -0.0088957597601990283 -0.076398185970249319 -0.0047368037904521954 0.010188556392874375 0.023075067409963318 -0.042307456315473752 -0.0090195816777373372 -0.016152649996310647 0.00024248056011158694 -0.017989006818186309 -0.027675868546376464 -0.0009388266890202094 -0.034005464690894181 0.002730846750135415 -0.025437867780875041 0.0013073554644182749 -0.007687011119505165
leaf_weight=8900 74 423 2344 8521 957 27 18 1656 7.9999999999999991 1140 2004 24 778 2881 30 299 295 23.000000000000004 12.999999999999998 199 70 1983 13.999999999999998 5.9999999999999991 2108 9.9999999999999982 1433 17 27536 21
leaf_count=8900 74 423 2344 8521 957 27 18 1656 8 1140 2004 24 778 2881 30 299 295 23 13 199 70 1983 14 6 2108 10 1433 17 27536 21
internal_value=3.23058e-08 -0.00128053 -0.000616892 0.00167108 -0.00392802 -0.00537106 0.00492143 0.00348722 -0.00797966 -0.00311525 -0.00412559 -0.046271 0.00759775 -0.00739245 -0.0588829 0.00454032 0.00113693 -0.00065872 -0.00823648 -0.0110798 0.000194609 -0.000317295 0.0121239 0.0125159 0.00127307 0.00378388 0.00400452 0.00112604 0.00114763 -0.0156741
internal_weight=63812 30010 25821 13478 3301 4189 847 10177 3342 12343 10904 42 805 3304 38 1439 33802 2382 241 212 2141 2053 88 29 31420 1738 1728 29682 29644 38
internal_count=63812 30010 25821 13478 3301 4189 847 10177 3342 12343 10904 42 805 3304 38 1439 33802 2382 241 212 2141 2053 88 29 31420 1738 1728 29682 29644 38
is_linear=0
shrinkage=0.05


Tree=78
num_leaves=30
num_cat=0
split_feature=14 14 14 14 2 2 6 14 6 14 7 2 12 2 0 7 10 6 7 2 7 2 2 7 0 2 6 10 0
split_gain=35.0578 77.8674 26.9653 56.1547 31.5444 75.4181 21.8089 21.6989 88.2923 81.1814 21.4193 33.8491 23.028 19.7842 28.1698 20.5272 17.1631 20.2176 31.7974 27.7829 10.6476 9.26333 13.9779 21.3655 14.0316 12.4993 12.8693 7.03406 6.21739
threshold=3.5000000000000004 2.5000000000000004 4.5000000000000009 5.5000000000000009 721.50000000000011 2253.5000000000005 0.92100000000000015 6.5000000000000009 0.77550000000000019 7.5000000000000009 5.5000000000000009 6356.0000000000009 1180.0000000000002 3186.0000000000005 67258.500000000015 12.500000000000002 52.500000000000007 0.94730000000000014 56.500000000000007 30369.500000000004 1127.0000000000002 120843.50000000001 12874.500000000002 21.500000000000004 208259.00000000003 130568.50000000001 0.84710000000000008 6.5000000000000009 601135.50000000012
decision_type=2 2 2 2 2 2 2 2 2 2 2 2 2 2 2 2 2 2 2 2 2 2 2 2 2 2 2 2 2
left_child=1 6 16 4 -4 -6 10 8 -5 -9 11 -1 -12 14 -8 -15 17 19 -19 -2 28 22 24 -24 -3 27 -27 -23 -18
right_child=2 21 3 7 5 -7 13 9 -10 -11 12 -13 -14 15 -16 -17 20 18 -20 -21 -22 25 23 -25 -26 26 -28 -29 -30
leaf_value=-0.0025255500971343185 0.011437800305231964 -0.0055215293523010155 -0.13788176517860565 0.029773155962043187 0.084905934739487335 -0.015878942394027585 -0.036402164083538635 -0.0095720017686869927 -0.0016578842123385442 0.00071513532046834759 -0.000159930785120945 -0.03420192930975649 0.036563298353825949 0.023447288151152074 0.042678292682196237 0.0048554359886520265 0.064962528275316622 -0.011568611543044151 0.0076230720506651932 0.001715187229830919 -0.014642747119069099 0.009389010615457832 -0.021634232894188386 -0.0087220038403057927 0.016151127208968379 -0.012762609523944993 -0.00072522433587212786 0.049795953827049905 0.024859885404773876
leaf_weight=289 1353 1105 4.9999999999999991 314 19 661 56 2004 774 44546 4475 119 43 163 13.999999999999998 1656 20 458 408 1608 8.9999999999999982 61 376 2165 80 333 666 12.999999999999998 19
leaf_count=289 1353 1105 5 314 19 661 56 2004 774 44546 4475 119 43 163 14 1656 20 458 408 1608 9 61 376 2165 80 333 666 13 19
internal_value=6.25897e-09 -0.00248453 0.000552816 0.000230998 -0.013982 -0.0130508 0.000951054 0.0004354 0.00741511 0.000272249 -0.000800514 -0.0117706 0.000190384 0.00551847 -0.0205478 0.00652264 0.00456592 0.00419275 -0.00252697 0.00615808 0.0342479 -0.00736327 -0.00854212 -0.0106334 -0.00405716 -0.00326931 -0.00473856 0.0165451 0.0455389
internal_weight=63812 11614 52198 48323 685 680 6815 47638 1088 46550 4926 408 4518 1889 70 1819 3875 3827 866 2961 48 4799 3726 2541 1185 1073 999 74 39
internal_count=63812 11614 52198 48323 685 680 6815 47638 1088 46550 4926 408 4518 1889 70 1819 3875 3827 866 2961 48 4799 3726 2541 1185 1073 999 74 39
is_linear=0
shrinkage=0.05


Tree=79
num_leaves=29
num_cat=0
split_feature=14 14 14 14 6 1 14 0 7 9 14 1 14 0 6 6 10 6 5 0 1 1 6 6 9 1 1 7
split_gain=31.6392 70.2753 24.3375 50.6833 30.4016 29.8052 20.4031 19.6331 43.4972 35.4276 19.584 91.362 73.2666 16.0854 42.1826 43.0067 38.9323 31.2512 31.5499 28.5694 13.6266 9.85821 20.868 10.2078 9.3395 15.8015 15.3892 7.48646
threshold=3.5000000000000004 2.5000000000000004 4.5000000000000009 5.5000000000000009 1.1025000000000003 22711961.500000004 1.0000000180025095e-35 111664.50000000001 348.50000000000006 375.50000000000006 6.5000000000000009 3265040.5000000005 7.5000000000000009 10143.000000000002 0.79060000000000008 1.0875000000000001 1.5000000000000002 0.7994500000000001 33216.000000000007 10571.000000000002 2157267.0000000005 22711961.500000004 0.94915000000000005 0.98585000000000012 26.500000000000004 1687672.5000000002 1249862.0000000002 49.500000000000007
decision_type=2 2 2 2 2 2 2 2 2 2 2 2 2 2 2 2 2 2 2 2 2 2 2 2 2 2 2 2
left_child=1 6 13 4 5 -4 -1 8 -8 -9 11 -5 -12 14 16 -16 -2 18 -15 -19 -6 24 27 -24 26 -26 -3 -23
right_child=2 21 3 10 20 -7 7 9 -10 -11 12 -13 -14 17 15 -17 -18 19 -20 -21 -22 22 23 -25 25 -27 -28 -29
leaf_value=-0.083811987873534097 -0.0081196137509355459 -0.0034078864258474009 -0.0099737548769626358 0.013170896176914266 -0.092208758432265586 -0.092607515352266342 -0.0011277145109210881 0.0084567450618648812 0.028944124829305518 -0.018664667449724479 -0.0090934256311277131 -0.027213525439954974 0.00067937861371533746 0.020114663675064471 0.010171262286779274 -0.053338717868107489 -0.054497199611610939 0.071124054787569488 0.00087974914379881388 0.0020934905281090039 0.001597097107008392 -0.024912202880845814 0.038606938962157521 -0.022704989400528772 -0.0071053172766858191 0.0015586864626126278 -0.01244728850563926 -0.066348340201042424
leaf_weight=6.9999999999999991 277 729 652 923 17.000000000000004 10.999999999999998 5192 1361 123 132 2004 165 44546 627 519 28 54 14.999999999999998 323 2032 4.9999999999999991 21 14.000000000000002 12.999999999999998 1948 721 1330 23
leaf_count=7 277 729 652 923 17 11 5192 1361 123 132 2004 165 44546 627 519 28 54 15 323 2032 5 21 14 13 1948 721 1330 23
internal_value=1.33689e-08 -0.00236028 0.000525179 0.000219443 -0.0132834 -0.0113585 0.000903526 0.000991861 -0.000431259 0.00605778 0.000413632 0.00704448 0.000258636 0.00433773 -0.00161389 0.00691114 -0.0156999 0.00608131 0.0135756 0.00260278 -0.0709785 -0.00699508 -0.0254764 0.00911153 -0.00671702 -0.00476486 -0.00924716 -0.0466733
internal_weight=63812 11614 52198 48323 685 663 6815 6808 5315 1493 47638 1088 46550 3875 878 547 331 2997 950 2047 22 4799 71 27 4728 2669 2059 44
internal_count=63812 11614 52198 48323 685 663 6815 6808 5315 1493 47638 1088 46550 3875 878 547 331 2997 950 2047 22 4799 71 27 4728 2669 2059 44
is_linear=0
shrinkage=0.05


Tree=80
num_leaves=31
num_cat=0
split_feature=14 1 12 0 2 7 0 6 7 7 4 0 4 1 2 6 12 1 4 0 1 4 12 12 12 10 2 12 0 6
split_gain=29.349 28.6269 52.7169 48.7251 66.525 50.4073 39.8907 38.2224 35.7394 53.2812 37.5578 34.9463 21.7691 19.9013 10.1545 3.65722 7.1388 6.90164 5.75565 6.00494 5.63659 12.0087 8.72408 5.62968 5.47868 5.40043 4.84145 4.72841 3.97223 3.50968
threshold=10.500000000000002 3708198.5000000005 1.0000000180025095e-35 8026.0000000000009 30369.500000000004 35.500000000000007 189385.50000000003 1.1475000000000002 226.50000000000003 231.50000000000003 9.5000000000000018 172805.50000000003 13.500000000000002 4031242.0000000005 36112.000000000007 0.88950000000000007 682.50000000000011 12633441.000000002 2.5000000000000004 151.50000000000003 2546982.0000000005 3.5000000000000004 592.00000000000011 982.00000000000011 1098.5000000000002 59.000000000000007 4050.0000000000005 193.50000000000003 327606.00000000006 1.3950000000000002
decision_type=2 2 2 2 2 2 2 2 2 2 2 2 2 2 2 2 2 2 2 2 2 2 2 2 2 2 2 2 2 2
left_child=1 2 8 5 -5 -4 7 11 10 -10 -1 -3 13 -8 -9 16 20 18 19 -17 22 -22 -2 26 -25 -20 -18 29 -29 -19
right_child=15 6 3 4 -6 -7 12 14 9 -11 -12 -13 -14 -15 -16 17 23 27 25 -21 21 -23 -24 24 -26 -27 -28 28 -30 -31
leaf_value=-0.0038131706709687188 0.00090386091636683911 -0.0076606384630599255 -0.0083632750170722497 0.0074457262241057866 -0.00063976570028650612 0.0044367508380149055 -0.030918999372560974 -0.0095811652032830198 0.052581029160846851 0.0021777133471686167 -0.059744962778845889 -0.055829890910780493 -0.089397358112647901 0.0070294568915675584 0.037795860243788094 0.011374769430451849 0.024526296673623396 0.0031805407558276018 -0.0027901209375556153 0.001595461563453898 -0.00075487864121366816 -0.014492643163285879 -0.012678667149130386 -0.011914454888468597 0.0041523815005127347 0.021670371939093519 0.0073398129807620022 0.0097167333873352316 0.027277534021254886 0.041445614861660318
leaf_weight=10558 16045 3232 2081 5032 5145 1220 36 13.999999999999998 54 1701 30 38 5.9999999999999991 805 58 159 46 343 976 11774 3313 167 119 71 209 23 371 138 42 5.9999999999999991
leaf_count=10558 16045 3232 2081 5032 5145 1220 36 14 54 1701 30 38 6 805 58 159 46 343 976 11774 3313 167 119 71 209 23 371 138 42 6
internal_value=-1.78642e-08 -0.00113805 -0.000516034 0.00164596 0.00335813 -0.00363259 -0.00497202 -0.00742833 -0.00287683 0.00373149 -0.00397221 -0.00822209 0.00471953 0.00540155 0.0285831 0.00101034 0.000587255 0.00164967 0.00142065 0.00172586 0.0004108 -0.00141453 0.000803788 0.00555962 7.54917e-05 -0.00222485 0.00924111 0.00724688 0.0138271 0.00385008
internal_weight=63812 30010 25821 13478 10177 3301 4189 3342 12343 1755 10588 3270 847 841 72 33802 20341 13461 12932 11933 19644 3480 16164 697 280 999 417 529 180 349
internal_count=63812 30010 25821 13478 10177 3301 4189 3342 12343 1755 10588 3270 847 841 72 33802 20341 13461 12932 11933 19644 3480 16164 697 280 999 417 529 180 349
is_linear=0
shrinkage=0.05


Tree=81
num_leaves=31
num_cat=0
split_feature=14 14 14 14 2 2 6 9 9 12 14 6 14 2 9 7 2 7 9 7 7 9 9 0 0 6 12 12 12 6
split_gain=26.9871 63.5892 22.7682 45.4288 28.5729 67.9743 19.439 21.2824 20.8128 19.1141 17.9251 79.5916 65.2021 17.692 27.9202 18.7204 16.0198 36.5565 56.2896 23.9615 53.382 43.6524 19.574 8.22094 11.2967 16.6955 9.4666 9.02446 11.0877 9.751
threshold=3.5000000000000004 2.5000000000000004 4.5000000000000009 5.5000000000000009 721.50000000000011 2253.5000000000005 0.92100000000000015 210.50000000000003 375.50000000000006 1180.0000000000002 6.5000000000000009 0.77550000000000019 7.5000000000000009 3186.0000000000005 4.5000000000000009 12.500000000000002 3008.0000000000005 5.5000000000000009 1.5000000000000002 19.500000000000004 26.500000000000004 15.500000000000002 4.5000000000000009 8236.0000000000018 151.50000000000003 0.88950000000000007 956.50000000000011 4.5000000000000009 83.500000000000014 0.86915000000000009
decision_type=2 2 2 2 2 2 2 2 2 2 2 2 2 2 2 2 2 2 2 2 2 2 2 2 2 2 2 2 2 2
left_child=1 6 16 4 -4 -6 7 9 -9 -1 11 -5 -12 14 -8 -15 17 18 -2 21 -21 -18 -19 24 25 -3 -26 29 -29 -25
right_child=2 23 3 10 5 -7 13 8 -10 -11 12 -13 -14 15 -16 -17 19 22 -20 20 -22 -23 -24 27 26 -27 -28 28 -30 -31
leaf_value=-0.0019911476652362307 0.032146849767240207 -0.010549717760536067 -0.13051279619628309 0.027944795263113394 0.08128814032564613 -0.014393360128184164 0.0048799907288127609 0.018626229763850539 -0.0065570070395101921 0.031856381902891494 -0.0085975196854571594 -0.0018973802256655006 0.00062176072777256428 0.02234912473079706 -0.060384263366574986 0.0045943358537000557 -0.0013950797423490991 0.11911667310274565 -0.031745960166199218 0.025263917361539191 0.003205741179467233 -0.052563825052003466 0.038930560905571537 -0.012071748943156806 -0.012691150109693468 0.044935879158488228 0.02600031304433479 0.0015074133862977635 -0.0060210398986269764 -0.0044126100628160197
leaf_weight=4505 79 35 4.9999999999999991 314 19 661 44 259 120 42 2004 774 44546 163 26 1656 760 8.9999999999999982 61 307 2567 44 48 846 905 22 15.999999999999998 749 1409 817
leaf_count=4505 79 35 5 314 19 661 44 259 120 42 2004 774 44546 163 26 1656 760 9 61 307 2567 44 48 846 905 22 16 749 1409 817
internal_value=-2.04241e-08 -0.00217989 0.000485002 0.000189288 -0.0125945 -0.0117083 0.000924769 -0.000728894 0.010653 -0.00167781 0.000373135 0.00671694 0.000224849 0.00523689 -0.0194126 0.00618648 0.00417259 0.0180602 0.00430505 0.00342828 0.00556279 -0.00420155 0.051778 -0.00658871 -0.0106792 0.010907 -0.0120162 -0.00554147 -0.00340811 -0.00830945
internal_weight=63812 11614 52198 48323 685 680 6815 4926 379 4547 47638 1088 46550 1889 70 1819 3875 197 140 3678 2874 804 57 4799 978 57 921 3821 2158 1663
internal_count=63812 11614 52198 48323 685 680 6815 4926 379 4547 47638 1088 46550 1889 70 1819 3875 197 140 3678 2874 804 57 4799 978 57 921 3821 2158 1663
is_linear=0
shrinkage=0.05


Tree=82
num_leaves=31
num_cat=0
split_feature=14 10 2 9 0 9 7 2 9 7 0 12 2 1 5 9 9 1 4 5 2 9 0 2 2 1 4 12 12 12
split_gain=24.8 27.6543 42.0134 69.0851 49.0345 43.3704 48.3051 36.4546 75.2971 68.2482 62.2902 51.5308 36.7158 32.8372 28.1293 14.452 3.05526 5.56365 9.14022 5.43466 5.04932 10.0797 7.50791 9.1585 7.05776 6.43524 4.99466 4.72292 4.60523 4.22499
threshold=10.500000000000002 16.500000000000004 358766.00000000006 302.50000000000006 227749.50000000003 135.50000000000003 263.50000000000006 30369.500000000004 35.500000000000007 18.500000000000004 5723.0000000000009 1661.0000000000002 6015.0000000000009 428049.50000000006 352.00000000000006 357.50000000000006 26.500000000000004 20422623.500000004 3.5000000000000004 796165.00000000012 9478.5000000000018 17.500000000000004 22225.000000000004 9724.5000000000018 9067.0000000000018 2789413.0000000005 1.5000000000000002 43.500000000000007 701.50000000000011 71.500000000000014
decision_type=2 2 2 2 2 2 2 2 2 2 2 2 2 2 2 2 2 2 2 2 2 2 2 2 2 2 2 2 2 2
left_child=1 7 3 4 -3 6 -4 9 11 12 -11 -9 -1 -7 -10 -5 20 19 27 28 21 24 26 -24 -2 -23 -22 -19 -18 -20
right_child=16 2 5 15 -6 13 -8 8 14 10 -12 -13 -14 -15 -16 -17 17 18 29 -21 22 25 23 -25 -26 -27 -28 -29 -30 -31
leaf_value=0.00086634672560580617 0.00059834714015653866 0.023721379417193194 -0.019055908954065927 0.061655225394097318 -0.014659790126845229 -0.07511546909062633 -0.15302278206382003 -0.010171909661133172 -0.00046357436089690304 -0.006620146381923514 0.0067510228649629266 0.082408275159186875 -0.0062566402342032869 0.0044686903042904947 -0.009204039418065765 0.13008199056776446 0.001098031640608371 -0.0092995231998456197 -0.05119856602543002 -0.025435624829449579 -0.0010627833571726639 0.0063420166435052454 -0.018295956086739278 0.0013615484036621061 0.010387937688483792 0.0241566278649686 -0.0054499779824329197 0.010129070642341453 0.0054022890432195401 -0.0050929111537632646
leaf_weight=3520 5844 266 130 35 121 12.999999999999998 6.9999999999999991 3315 10595 1056 4970 14.999999999999998 3722 1227 1008 9.9999999999999982 17666 34 9.0000000000000018 19 3486 399 60 4204 190 58 797 381 644 10.999999999999998
leaf_count=3520 5844 266 130 35 121 13 7 3315 10595 1056 4970 15 3722 1227 1008 10 17666 34 9 19 3486 399 60 4204 190 58 797 381 644 11
internal_value=-9.40521e-09 -0.00104613 0.00494653 0.0185487 0.0117204 0.000678151 -0.0260076 -0.00143056 -0.00312505 0.000476595 0.00440778 -0.00975242 -0.00279452 0.00362835 -0.00122297 0.0771159 0.000928755 0.00135431 0.0069424 0.00122165 0.000397756 0.00144908 -0.00040068 0.00108452 0.000906771 0.00860774 -0.00187928 0.00853547 0.00124945 -0.025992
internal_weight=63812 30010 1809 432 387 1377 137 28201 14933 13268 6026 3330 7242 1240 11603 45 33802 18764 435 18329 15038 6491 8547 4264 6034 457 4283 415 18310 20
internal_count=63812 30010 1809 432 387 1377 137 28201 14933 13268 6026 3330 7242 1240 11603 45 33802 18764 435 18329 15038 6491 8547 4264 6034 457 4283 415 18310 20
is_linear=0
shrinkage=0.05


Tree=83
num_leaves=29
num_cat=0
split_feature=14 14 14 14 0 6 10 14 7 12 11 14 1 14 7 7 0 12 7 7 7 1 6 6 4 11 0 7
split_gain=22.9612 57.4953 21.4317 40.7921 27.7484 44.5526 28.2221 18.4419 17.2212 24.9465 17.3815 16.342 81.5559 58.0607 15.7309 35.715 43.727 33.178 32.2809 45.4897 20.8094 8.74771 18.7153 9.22211 8.3407 14.4304 9.5538 6.65439
threshold=3.5000000000000004 2.5000000000000004 4.5000000000000009 5.5000000000000009 503.00000000000006 0.82940000000000003 71.500000000000014 1.0000000180025095e-35 7.5000000000000009 155.50000000000003 8.5000000000000018 6.5000000000000009 3265040.5000000005 7.5000000000000009 85.500000000000014 39.500000000000007 4530.5000000000009 81.500000000000014 122.50000000000001 131.50000000000003 107.50000000000001 22711961.500000004 0.94915000000000005 0.98585000000000012 4.5000000000000009 1.0000000180025095e-35 151.50000000000003 49.500000000000007
decision_type=2 2 2 2 2 2 2 2 2 2 2 2 2 2 2 2 2 2 2 2 2 2 2 2 2 2 2 2
left_child=1 7 14 4 5 -4 -6 -1 9 -9 -10 12 -5 -13 15 16 -2 -17 20 -20 -16 24 27 -24 26 -26 -3 -23
right_child=2 21 3 11 6 -7 -8 8 10 -11 -12 13 -14 -15 18 17 -18 -19 19 -21 -22 22 23 -25 25 -27 -28 -29
leaf_value=-0.079599764985097965 -0.012284771064366944 0.014323225511937737 -0.069886878424999771 0.012180187908222095 -0.014410458922502848 0.10886865961659063 0.10367509781145584 -0.0034635392622136491 0.0019444943953906566 -0.036296496792535146 -0.071347979851710958 -0.0081321251089104939 -0.025975428589324674 0.00056764087446799553 0.013055102233426395 -0.014590447446488875 0.0093322978401421293 0.0049829086501343 -0.040288888403094511 0.0066472310633909175 0.03939524899664229 -0.023172288638720579 0.037175666646543114 -0.021102101748226257 0.0073609453759461499 -0.057158235629385983 -0.0066262146613710327 -0.062234720687918132
leaf_weight=6.9999999999999991 277 55 4.9999999999999991 923 664 10.999999999999998 4.9999999999999991 594 6142 64 7.9999999999999991 2004 165 44546 223 512 1502 375 55 818 113 21 14.000000000000002 12.999999999999998 182 8.9999999999999982 4482 23
leaf_count=7 277 55 5 923 664 11 5 594 6142 64 8 2004 165 44546 223 512 1502 375 55 818 113 21 14 13 182 9 4482 23
internal_value=-1.2157e-08 -0.00201073 0.000447372 0.000160469 -0.0119533 0.0529204 -0.0135125 0.000941425 0.00102541 -0.00666205 0.001848 0.000334681 0.00639186 0.000193095 0.00402509 0.00187962 0.0059659 -0.00631572 0.00875559 0.00368593 0.0219226 -0.00620297 -0.0236121 0.00914167 -0.00594105 0.00429246 -0.00637194 -0.0436861
internal_weight=63812 11614 52198 48323 685 16 669 6815 6808 658 6150 47638 1088 46550 3875 2666 1779 887 1209 873 336 4799 71 27 4728 191 4537 44
internal_count=63812 11614 52198 48323 685 16 669 6815 6808 658 6150 47638 1088 46550 3875 2666 1779 887 1209 873 336 4799 71 27 4728 191 4537 44
is_linear=0
shrinkage=0.05


Tree=84
num_leaves=30
num_cat=0
split_feature=14 14 0 1 6 12 14 14 2 0 0 12 9 1 12 9 0 1 9 2 2 1 11 0 0 2 9 14 2
split_gain=21.0878 46.2669 41.2264 61.3568 71.335 52.5763 46.8251 29.7804 27.011 19.0802 55.5154 44.4831 28.8173 22.6867 31.9084 17.827 3.46916 6.33811 4.03646 4.84704 4.26625 3.74293 6.1085 3.80973 3.34253 8.02222 4.94944 1.05952 1.02229
threshold=9.5000000000000018 8.5000000000000018 58609.000000000007 2546982.0000000005 0.80710000000000004 1.0000000180025095e-35 7.5000000000000009 4.5000000000000009 18818.500000000004 100629.50000000001 85959.500000000015 1098.5000000000002 236.50000000000003 448039.00000000006 231.50000000000003 68.500000000000014 1341.5000000000002 33432592.500000004 1.0000000180025095e-35 24524.000000000004 4050.0000000000005 4787.5000000000009 1.5000000000000002 2218.0000000000005 24084.000000000004 100820.00000000001 12.500000000000002 14.500000000000002 25332.500000000004
decision_type=2 2 2 2 2 2 2 2 2 2 2 2 2 2 2 2 2 2 2 2 2 2 2 2 2 2 2 2 2
left_child=1 2 3 5 -5 -1 7 -4 -8 10 11 -3 -12 15 -15 -11 17 18 19 -2 -20 22 27 -24 25 -23 -26 -18 -19
right_child=16 9 6 4 -6 -7 8 -9 -10 13 12 -13 -14 14 -16 -17 21 28 20 -21 -22 24 23 -25 26 -27 -28 -29 -30
leaf_value=-0.0047590915252184018 -0.015265579719718494 -0.0086362139215098634 0.0024174419655823101 0.00086418030067340131 -0.016896556226634257 0.0020284713841105103 0.027290416794512315 -0.0056642011376630413 0.0079004477237163331 -0.01505477947763877 0.052170417631798673 0.074943714260314556 -0.054865819467625157 -0.019768825763674554 0.019601983656435451 -0.1038782278090033 0.00010392947441285796 -0.020602882806946277 0.0093481298559151358 0.028789885866809903 0.0024040324366407183 -0.00031398105946291502 0.0071902123152040925 -0.041985548667362711 -0.00057545477667900365 0.0035357688121929673 0.0013762723766937682 0.027676127924054279 -0.05057580622972227
leaf_weight=4748 52 1427 5587 964 1367 7148 221 1432 958 10.000000000000002 56 15.999999999999998 6.9999999999999991 399 59 12.999999999999998 10.999999999999998 6.9999999999999982 252 6.9999999999999991 1805 13993 5.0000000000000027 18 3975 1498 17767 4.9999999999999991 5
leaf_count=4748 52 1427 5587 964 1367 7148 221 1432 958 10 56 16 7 399 59 13 11 7 252 7 1805 13993 5 18 3975 1498 17767 5 5
internal_value=-2.61937e-08 -0.00115475 -0.000506795 -0.00213417 -0.00955177 -0.000680637 0.00231738 0.000768587 0.011537 -0.00846714 -0.00569745 -0.00770435 0.0402094 -0.017136 -0.0146939 -0.0654917 0.000715438 0.00267893 0.00288514 -0.00999879 0.00325516 0.000603327 -0.0148585 -0.0313103 0.000619563 5.83152e-05 0.00101945 0.00883863 -0.0334064
internal_weight=63812 24412 22425 14227 2331 11896 8198 7019 1179 1987 1506 1443 63 481 458 23 39400 2128 2116 59 2057 37272 39 23 37233 15491 21742 16 12
internal_count=63812 24412 22425 14227 2331 11896 8198 7019 1179 1987 1506 1443 63 481 458 23 39400 2128 2116 59 2057 37272 39 23 37233 15491 21742 16 12
is_linear=0
shrinkage=0.05


Tree=85
num_leaves=30
num_cat=0
split_feature=14 14 14 14 6 1 6 0 1 7 0 6 14 1 14 10 10 0 0 10 1 7 0 1 6 12 7 5 4
split_gain=20.0668 52.0584 19.6342 35.8315 27.4694 26.2665 17.4014 18.6456 20.9491 20.0863 15.6705 23.22 15.6222 73.3766 49.9127 15.1184 17.7124 34.8092 32.3383 14.51 12.3072 9.5233 7.96895 7.44636 17.0016 8.2253 5.65191 3.0494 2.18515
threshold=3.5000000000000004 2.5000000000000004 4.5000000000000009 5.5000000000000009 1.1025000000000003 22711961.500000004 0.92100000000000015 8236.0000000000018 773854.50000000012 21.500000000000004 49.000000000000007 1.0087500000000003 6.5000000000000009 10501202.000000002 7.5000000000000009 52.500000000000007 1.0000000180025095e-35 18358.500000000004 151.50000000000003 57.500000000000007 2157267.0000000005 1127.0000000000002 1153118.0000000002 22711961.500000004 0.94915000000000005 1.5000000000000002 569.50000000000011 796165.00000000012 2.5000000000000004
decision_type=2 2 2 2 2 2 2 2 2 2 2 2 2 2 2 2 2 2 2 2 2 2 2 2 2 2 2 2 2
left_child=1 6 15 4 5 -4 7 9 -9 -1 11 -8 13 -5 -14 16 17 -2 -18 -12 -6 26 23 25 -25 -3 -17 28 -24
right_child=2 22 3 12 20 -7 10 8 -10 -11 19 -13 14 -15 -16 21 18 -19 -20 -21 -22 -23 27 24 -26 -27 -28 -29 -30
leaf_value=-0.014674039002797137 -0.00055986229247992716 -0.0083630640498064818 -0.0080805978932148147 0.0085638533613620962 -0.086227355296151664 -0.085652361045012615 -0.13219607577604409 0.0084334805846430824 -0.00085716292682464575 -0.00041491170277372811 0.0048011941326757263 0.01910266689225739 -0.0075505400352034284 -0.065959023765105304 0.00051571143838724032 -0.0071320048734253537 0.064903004192478991 0.013139342731948153 -0.00047701159094237815 0.041003733575078943 0.0028950186336741731 -0.014531301170751292 0.012687063392379761 -0.041284242550929051 0.0090660148496117532 -0.004097065245563432 0.049659597280481693 -0.024062435854883758 0.044651956648611636
leaf_weight=443 844 1915 652 1054 17.000000000000004 10.999999999999998 4.9999999999999982 750 3175 558 1851 5 2004 34 44546 4.9999999999999991 19 1029 1935 28 4.9999999999999991 8.9999999999999982 45 44 27 2757 34 4.9999999999999991 5.9999999999999991
leaf_count=443 844 1915 652 1054 17 11 5 750 3175 558 1851 5 2004 34 44546 5 19 1029 1935 28 5 9 45 44 27 2757 34 5 6
internal_value=-3.20402e-08 -0.00187975 0.000418205 0.000143597 -0.0112098 -0.00938033 0.000929358 -0.000635239 0.000918289 -0.00672623 0.00500922 -0.0571066 0.000306873 0.00622917 0.00016844 0.00384261 0.00349238 0.00696659 0.000162009 0.00534282 -0.0660508 0.0317003 -0.00586886 -0.00609034 -0.0221511 -0.00584579 0.042379 0.0128671 0.0165277
internal_weight=63812 11614 52198 48323 685 663 6815 4926 3925 1001 1889 10 47638 1088 46550 3875 3827 1873 1954 1879 22 48 4799 4743 71 4672 39 56 51
internal_count=63812 11614 52198 48323 685 663 6815 4926 3925 1001 1889 10 47638 1088 46550 3875 3827 1873 1954 1879 22 48 4799 4743 71 4672 39 56 51
is_linear=0
shrinkage=0.05


Tree=86
num_leaves=29
num_cat=0
split_feature=14 14 1 1 14 7 14 9 7 12 14 10 14 9 9 5 2 10 2 2 7 3 2 3 10 12 2 12
split_gain=18.1107 46.9821 18.2557 38.4313 64.076 74.2546 37.8863 35.4548 68.0548 57.3926 16.6392 16.3073 33.4582 24.6103 15.541 32.4748 20.8165 10.3871 7.49446 13.0595 14.5883 13.0448 11.5789 12.2022 6.46784 4.6342 5.8552 3.93769
threshold=3.5000000000000004 2.5000000000000004 2432640.0000000005 1717139.0000000002 8.5000000000000018 110.50000000000001 9.5000000000000018 23.500000000000004 27.500000000000004 147.50000000000003 1.0000000180025095e-35 2.5000000000000004 9.5000000000000018 268.50000000000006 13.500000000000002 159548.50000000003 27363.500000000004 32.500000000000007 120843.50000000001 66598.000000000015 48.500000000000007 1.0000000180025095e-35 130568.50000000001 1.0000000180025095e-35 6.5000000000000009 259.50000000000006 12874.500000000002 219.50000000000003
decision_type=2 2 2 2 2 2 2 2 2 2 2 2 2 2 2 2 2 2 2 2 2 2 2 2 2 2 2 2
left_child=1 10 3 11 5 -5 7 9 -9 -4 -1 13 -13 -2 15 -12 -16 -6 19 21 -21 -3 24 -24 -20 27 -27 -8
right_child=2 18 6 4 17 -7 25 8 -10 -11 14 12 -14 -15 16 -17 -18 -19 22 20 -22 -23 23 -25 -26 26 -28 -29
leaf_value=-0.075620681047439575 0.00089222696922493802 -0.0020408572206133293 -0.024806081330411532 0.010406479760450319 0.0017315245026463411 0.048454113726491485 -9.0576663783241421e-05 0.071910380732354728 -0.0039531357374850131 0.0023564480116251129 -0.0050649697108971457 -0.0059850658580542946 0.00046541319965952098 0.013521297669083242 0.0080562014834842152 0.019777064700431963 0.00055924782085897055 0.027108269293822002 0.010312717380505147 -0.036192955428227522 -0.010671437679535357 -0.0085362399868286806 -0.0088491807710917841 0.0022018656621204491 0.049064412769925507 0.0083739299973409047 0.0010809271223646637 -0.0053326022604422377
leaf_weight=6.9999999999999991 28241 1543 546 531 2138 169 5739 30 1654 302 1631 2743 7525 391 1223 143 3811 41 61 62 572 1549 498 501 12.999999999999998 341 1425 382
leaf_count=7 28241 1543 546 531 2138 169 5739 30 1654 302 1631 2743 7525 391 1223 143 3811 41 61 62 572 1549 498 501 13 341 1425 382
internal_value=-4.78867e-08 -0.0017858 0.000397282 0.000864238 0.0064384 0.0195979 -0.00147515 -0.00679637 -0.00259746 -0.0151335 0.000882835 0.000451677 -0.00125781 0.00106474 0.000962606 -0.00306148 0.00238074 0.00221023 -0.00557542 -0.00663574 -0.0131725 -0.00529502 -0.00189318 -0.0033074 0.0171775 0.000233211 0.00248954 -0.000417803
internal_weight=63812 11614 52198 41779 2879 700 10419 2532 1684 848 6815 38900 10268 28632 6808 1774 5034 2179 4799 3726 634 3092 1073 999 74 7887 1766 6121
internal_count=63812 11614 52198 41779 2879 700 10419 2532 1684 848 6815 38900 10268 28632 6808 1774 5034 2179 4799 3726 634 3092 1073 999 74 7887 1766 6121
is_linear=0
shrinkage=0.05


Tree=87
num_leaves=31
num_cat=0
split_feature=14 14 14 14 0 7 10 0 5 9 6 7 9 10 9 0 7 14 6 14 12 0 5 5 1 5 5 9 14 0
split_gain=16.3455 42.4009 18.4352 32.2111 24.8798 41.2512 25.3742 16.2218 17.0697 16.3657 14.9674 34.6067 27.8048 19.5042 26.4383 23.0914 19.2137 14.252 71.6477 44.2539 11.9399 12.3119 7.25775 19.3892 16.9103 13.589 10.7398 7.87878 4.94709 0.719352
threshold=3.5000000000000004 2.5000000000000004 4.5000000000000009 5.5000000000000009 503.00000000000006 21.500000000000004 71.500000000000014 829572.00000000012 796165.00000000012 856.50000000000011 0.94730000000000014 56.500000000000007 55.500000000000007 1.5000000000000002 52.500000000000007 22225.000000000004 52.500000000000007 6.5000000000000009 0.77550000000000019 7.5000000000000009 187.50000000000003 985517.00000000012 8798.5000000000018 49470.000000000007 759488.50000000012 61461.500000000007 8349.0000000000018 35.500000000000007 1.5000000000000002 428815.00000000006
decision_type=2 2 2 2 2 2 2 2 2 2 2 2 2 2 2 2 2 2 2 2 2 2 2 2 2 2 2 2 2 2
left_child=1 7 10 4 5 -4 -6 8 9 -1 13 16 -13 15 -15 -2 -12 18 -5 -19 28 -22 26 24 -24 -25 27 -3 -9 -10
right_child=2 22 3 17 6 -7 -8 20 29 -11 11 12 -14 14 -16 -17 -18 19 -20 -21 21 -23 23 25 -26 -27 -28 -29 -30 -31
leaf_value=0.000449471242827132 0.0029192732126519091 -0.0068752613203456117 -0.052331900010343463 0.026063424572751844 -0.012981199657584042 0.11254477589437278 0.09898657658520868 0.0049784475202050158 0.072603928261115919 -0.075502643912610884 -0.008993204026733868 0.043211073307933924 0.0035693716271111686 -0.00969099280148112 0.0061573397607495479 0.014031903732648383 -0.052403167769917706 -0.00713432953937363 -0.0022503243192131396 0.00046091900355127381 0.03786421157879593 -0.036322811196522163 0.0022512629392957549 0.01942431894667998 -0.026111710045892911 -0.0066003838545906392 0.061820336785472808 -0.0024705391018658446 0.029278857932241949 0.04603410997718084
leaf_weight=6649 929 1945 5.9999999999999991 314 664 9.9999999999999982 4.9999999999999991 27 5.9999999999999982 6.9999999999999991 431 50 378 423 696 941 27 2004 774 44546 8.0000000000000018 18 68 58 231 367 5.9999999999999991 2124 94 6
leaf_count=6649 929 1945 6 314 664 10 5 27 6 7 431 50 378 423 696 941 27 2004 774 44546 8 18 68 58 231 367 6 2124 94 6
internal_value=-3.85029e-08 -0.00169653 0.000377432 0.00011134 -0.0106532 0.050775 -0.0121297 0.000838655 0.000476328 0.000368461 0.00369563 -0.00201178 0.00820942 0.00538744 0.000166084 0.0085117 -0.0115632 0.000266148 0.00592275 0.000133925 0.0172625 -0.0134384 -0.00529666 -0.00990962 -0.0196627 -0.00304504 -0.00447686 -0.00457613 0.023865 0.0598093
internal_weight=63812 11614 52198 48323 685 16 669 6815 6668 6656 3875 886 428 2989 1119 1870 458 47638 1088 46550 147 26 4799 724 299 425 4075 4069 121 12
internal_count=63812 11614 52198 48323 685 16 669 6815 6668 6656 3875 886 428 2989 1119 1870 458 47638 1088 46550 147 26 4799 724 299 425 4075 4069 121 12
is_linear=0
shrinkage=0.05


Tree=88
num_leaves=25
num_cat=0
split_feature=9 11 2 0 14 8 14 1 14 12 14 12 2 14 0 9 10 2 14 14 1 2 14 12
split_gain=15.9713 51.5563 46.2774 39.4564 33.8003 44.9659 29.2121 27.3287 41.9501 77.9153 19.081 35.095 19.0141 33.9545 65.8343 25.2706 31.1895 28.3166 15.3405 13.1478 9.67558 7.06862 5.365 3.99429
threshold=10.500000000000002 7.5000000000000009 4836.0000000000009 147339.00000000003 9.5000000000000018 1.5000000000000002 2.5000000000000004 54366.000000000007 8.5000000000000018 67.500000000000014 9.5000000000000018 94.500000000000014 16550.000000000004 8.5000000000000018 8026.0000000000009 26.500000000000004 14.500000000000002 18262.500000000004 9.5000000000000018 9.5000000000000018 713118.50000000012 136247.00000000003 8.5000000000000018 10.500000000000002
decision_type=2 2 2 2 2 2 2 2 2 2 2 2 2 2 2 2 2 2 2 2 2 2 2 2
left_child=1 7 3 4 5 -2 -5 8 9 -1 11 -9 13 14 -4 16 -14 -17 -15 -3 -6 -12 -8 -10
right_child=2 19 12 6 20 -7 22 10 23 -11 21 -13 15 18 -16 17 -18 -19 -20 -21 -22 -23 -24 -25
leaf_value=0.010165427558610531 0.017986833795593779 0.12756949335664183 -0.0045925661180698822 -0.12450494648705067 -0.0051543047300249382 0.071513637687816101 -0.049091469653895187 -0.0062297160170336017 0.030719760851359662 -0.097962619417616179 0.00014810657484204835 0.003943717921523684 -0.0026264994157448691 -0.01188400353481258 0.012146325715680997 -0.011747504573386613 -0.06081592882640692 0.00056919246191039106 0.0007512685642635811 0.035733257800760407 0.016092007918339896 -0.039779528555972082 0.00089205728161119229 -0.0055678157311004825
leaf_weight=29 104 8.9999999999999982 849 6.9999999999999991 81 63 7.0000000000000027 3684 7.9999999999999991 39 8089 1101 7434 252 1906 473 23 34239 5098 6.9999999999999991 158 10.999999999999998 22 119
leaf_count=29 104 9 849 7 81 63 7 3684 8 39 8089 1101 7434 252 1906 473 23 34239 5098 7 158 11 22 119
internal_value=-1.44006e-08 -0.00155666 0.000401949 0.0165081 0.0209581 0.0382103 -0.0335961 -0.00166671 -0.02024 -0.051902 -0.00138547 -0.00388884 0.000260314 0.00247827 0.00698797 -0.000165989 -0.00280679 0.000401327 0.000155901 0.0878626 0.00889223 9.33934e-05 -0.0113002 -0.00325961
internal_weight=63812 13096 50716 442 406 167 36 13080 195 68 12885 4785 50274 8105 2755 42169 7457 34712 5350 16 239 8100 29 127
internal_count=63812 13096 50716 442 406 167 36 13080 195 68 12885 4785 50274 8105 2755 42169 7457 34712 5350 16 239 8100 29 127
is_linear=0
shrinkage=0.05


Tree=89
num_leaves=30
num_cat=0
split_feature=14 0 1 12 10 6 9 10 11 2 5 14 2 0 6 12 1 6 4 0 12 0 12 0 1 2 12 0 12
split_gain=15.1277 25.3689 28.8756 50.7441 45.7325 30.2554 29.5315 22.017 20.212 16.4463 22.3526 14.3791 10.5987 6.95096 3.10684 5.89402 5.84234 5.28445 5.27648 5.34918 5.32694 5.22729 5.07371 5.27424 5.00189 4.40629 4.11479 3.50679 3.24278
threshold=10.500000000000002 760406.00000000012 3708198.5000000005 1.0000000180025095e-35 25.500000000000004 1.1475000000000002 677.50000000000011 68.500000000000014 1.0000000180025095e-35 3715.5000000000005 64746.500000000007 8.5000000000000018 4623.5000000000009 829572.00000000012 0.88950000000000007 682.50000000000011 12633441.000000002 0.88335000000000008 2.5000000000000004 151.50000000000003 304.50000000000006 258009.00000000003 982.00000000000011 7158.5000000000009 2432640.0000000005 4050.0000000000005 193.50000000000003 327606.00000000006 81.500000000000014
decision_type=2 2 2 2 2 2 2 2 2 2 2 2 2 2 2 2 2 2 2 2 2 2 2 2 2 2 2 2 2
left_child=1 2 3 6 -5 7 -1 -4 9 10 -3 -11 -7 -10 15 17 18 24 19 -16 -20 -19 25 -24 -2 -17 28 -28 -18
right_child=14 8 5 4 -6 12 -8 -9 13 11 -12 -13 -14 -15 16 22 26 21 20 -21 -22 -23 23 -25 -26 -27 27 -29 -30
leaf_value=-0.0029560973081779532 0.00062834122012999077 0.074441140271065867 -0.0054585416680651214 0.001298842412281775 0.024028129300849597 -0.046675864680140629 0.038995018294700499 -0.06595383949627151 -0.011585178555069879 0.010683956629061346 0.0098144997818029531 -0.0071295094019571672 0.027584491907667621 -0.075643794631565009 0.010502949576656026 0.022930150738474861 0.0078318576770721425 -0.012865260415330452 -0.0008453059080776121 0.0012730679722714197 -0.011035648618556972 0.013429973223899825 -0.018190513023141761 0.0022855578338561769 -0.0014379406687166235 0.0065348246930996765 0.0087411346650432195 0.025240123139488604 -0.0018228112080342738
leaf_weight=11859 15901 22 3856 13133 225 4.9999999999999991 42 14.999999999999998 8.0000000000000018 575 34 141 86 8.9999999999999982 159 46 185 131 848 11774 151 22 36 244 3590 371 138 42 164
leaf_count=11859 15901 22 3856 13133 225 5 42 15 8 575 34 141 86 9 159 46 185 131 848 11774 151 22 36 244 3590 371 138 42 164
internal_value=-2.08736e-08 -0.000817059 -0.00105595 -0.000433444 0.00168187 -0.00502451 -0.00280772 -0.00569466 0.00802939 0.00921926 0.035291 0.00717549 0.0234575 -0.0457426 0.00072536 0.000335405 0.00131462 0.000175072 0.00110391 0.00139614 -0.00238654 -0.00907794 0.00485351 -0.000352634 0.000247752 0.00834849 0.0064644 0.0126028 0.00329577
internal_weight=63812 30010 29221 25259 13358 3962 11901 3871 789 772 56 716 91 17 33802 20341 13461 19644 12932 11933 999 153 697 280 19491 417 529 180 349
internal_count=63812 30010 29221 25259 13358 3962 11901 3871 789 772 56 716 91 17 33802 20341 13461 19644 12932 11933 999 153 697 280 19491 417 529 180 349
is_linear=0
shrinkage=0.05


Tree=90
num_leaves=15
num_cat=0
split_feature=14 9 11 2 1 14 1 14 14 2 9 7 4 14
split_gain=14.6467 14.6464 46.5193 41.7408 37.9667 31.7725 24.7835 37.8829 23.2805 18.356 40.8546 33.9837 17.12 11.8781
threshold=1.0000000180025095e-35 10.500000000000002 7.5000000000000009 5045.5000000000009 8910983.5000000019 9.5000000000000018 54366.000000000007 8.5000000000000018 8.5000000000000018 30369.500000000004 35.500000000000007 74.500000000000014 5.5000000000000009 9.5000000000000018
decision_type=2 2 2 2 2 2 2 2 2 2 2 2 2 2
left_child=-1 2 6 4 5 -3 7 -2 -6 11 -11 -5 -8 -4
right_child=1 3 13 9 8 -7 12 -9 -10 10 -12 -13 -14 -15
leaf_value=-0.071810391167519805 -0.049362549323057996 0.032017163118702868 0.12119688306535994 0.0018119206495475577 -0.11140295044406426 0.0068535247351900587 -0.0012831832762751653 -0.0031382583505250544 -0.0070714436183534277 -0.0040316633222806817 0.00041446012297918268 -0.02968567675539335 -0.092910340895839771 0.033908820278208025
leaf_weight=6.9999999999999991 68 208 8.9999999999999982 15893 9.0000000000000018 316 12879 127 12.999999999999998 6344 27841 86 4.9999999999999991 6.9999999999999991
leaf_count=7 68 208 9 15893 9 316 12879 127 13 6344 27841 86 5 7
internal_value=-1.7903e-08 7.97289e-06 -0.00148276 0.000392932 0.0141417 0.0168463 -0.00158731 -0.0192745 -0.0500635 0.000243259 -0.000410654 0.00164221 -0.00131946 0.0834562
internal_weight=63812 63805 13095 50710 546 524 13079 195 22 50164 34185 15979 12884 16
internal_count=63812 63805 13095 50710 546 524 13079 195 22 50164 34185 15979 12884 16
is_linear=0
shrinkage=0.05


Tree=91
num_leaves=26
num_cat=0
split_feature=0 0 14 5 2 14 2 2 2 14 7 14 14 8 1 1 14 7 0 8 2 0 1 14 2
split_gain=14.7769 21.5939 42.7283 60.0347 48.5329 26.5447 20.7942 42.0704 29.6315 15.3969 15.3017 30.7415 24.2891 15.128 10.0555 28.4075 24.2252 7.97374 4.52449 7.16147 4.39653 4.00651 3.25572 1.77001 0.335065
threshold=381.00000000000006 16152.500000000002 9.5000000000000018 390747.00000000006 476015.00000000006 1.0000000180025095e-35 47182.500000000007 58918.000000000007 42392.500000000007 5.5000000000000009 2.5000000000000004 9.5000000000000018 3.5000000000000004 1.0000000180025095e-35 1034626.0000000001 970402.00000000012 7.5000000000000009 25.500000000000004 1341.5000000000002 1.0000000180025095e-35 107914.50000000001 49.000000000000007 1717139.0000000002 15.500000000000002 5202.0000000000009
decision_type=2 2 2 2 2 2 2 2 2 2 2 2 2 2 2 2 2 2 2 2 2 2 2 2 2
left_child=10 2 3 4 -2 -3 8 -8 -7 -5 11 12 -1 17 15 -15 -16 21 19 -4 -20 -12 23 -13 -24
right_child=1 5 18 9 -6 6 7 -9 -10 -11 13 22 -14 14 16 -17 -18 -19 20 -21 -22 -23 24 -25 -26
leaf_value=0.028216654146221327 -0.004611844309079567 -0.10378244079527309 -0.014367604013380279 -0.040977558261768333 0.040891168371170711 0.0011562957114246888 -0.0065788911101042737 0.00025519421000630508 0.0084878257182263144 -0.1021905117575696 -0.05818697196595804 0.034121117198172915 0.15995938761133544 0.00076421954588257103 0.020611684918137634 -0.093556459119290489 0.0026971495902682868 -0.090829020621729845 -0.00035401790819553005 0.004102279543002455 0.0031069343763572717 -0.0063678041523229992 -0.0090284913673367283 -0.0036443825445923138 -0.026090160450514623
leaf_weight=6.9999999999999982 6936 5.9999999999999991 55 33 59 18502 2536 20098 1489 14.999999999999998 5.0000000000000044 7.9999999999999991 7 552 266 7.9999999999999991 649 4.9999999999999991 10433 1106 1006 14 7 5.0000000000000009 5
leaf_count=7 6936 6 55 33 59 18502 2536 20098 1489 15 5 8 7 552 266 8 649 5 10433 1106 1006 14 7 5 5
internal_value=-3.0679e-08 -0.000119608 -0.00149125 -0.00461032 -0.00422747 0.000512402 0.000527326 -0.000510549 0.00170241 -0.0602793 0.00484138 0.0357208 0.0947553 0.00403565 0.00467738 -0.000599682 0.00790677 -0.0352601 0.000252241 0.00322614 -4.96208e-05 -0.0202377 0.00241564 0.019679 -0.0162944
internal_weight=63812 62274 19643 7043 6995 42631 42625 22634 19991 48 1538 39 14 1499 1475 560 915 24 12600 1161 11439 19 25 13 12
internal_count=63812 62274 19643 7043 6995 42631 42625 22634 19991 48 1538 39 14 1499 1475 560 915 24 12600 1161 11439 19 25 13 12
is_linear=0
shrinkage=0.05


Tree=92
num_leaves=24
num_cat=0
split_feature=10 14 0 7 0 12 6 8 0 14 7 7 14 4 2 10 10 0 10 2 0 14 14
split_gain=14.0016 13.8101 22.5756 32.4057 32.2287 36.7322 34.8102 24.9693 20.5798 8.25807 6.67361 6.00915 4.33701 3.25348 5.25079 7.96808 3.91252 9.7146 4.59128 3.24014 0.722403 0.401359 0.256048
threshold=101.50000000000001 10.500000000000002 381.00000000000006 2.5000000000000004 4886.5000000000009 1.5000000000000002 1.0875000000000001 7.5000000000000009 227.50000000000003 9.5000000000000018 1320.0000000000002 1217.0000000000002 7.5000000000000009 11.500000000000002 1040903.5000000001 16.500000000000004 41.500000000000007 151281.50000000003 40.500000000000007 1286391.5000000002 644507.00000000012 14.500000000000002 4.5000000000000009
decision_type=2 2 2 2 2 2 2 2 2 2 2 2 2 2 2 2 2 2 2 2 2 2 2
left_child=1 2 3 8 6 -6 -4 -5 -1 10 11 12 -2 16 15 -15 18 -18 -3 -11 -21 -22 -13
right_child=9 13 4 7 5 -7 -8 -9 -10 19 -12 22 -14 14 -16 -17 17 -19 -20 20 21 -23 -24
leaf_value=0.013446451072961517 0.019442052715670514 0.00074631256999189597 -0.0048609848565196682 0.0052078915943725851 -0.002625113390944794 0.0011703245749909088 -0.035422248228934756 0.08440080934231825 0.12769273365591907 0.030610101218794435 -0.0084575457833664224 0.058988702620883474 0.070383479782179292 -0.004776918445788877 0.039404473588114886 -0.046910979761934479 0.0071153621474379924 -0.0097748728422643472 0.025935673211490252 -0.024450341276094009 -0.0074274699937626216 0.0088048146343698685 0.077454162171294152
leaf_weight=6.9999999999999973 24.000000000000004 33197 3066 689 11097 14980 96 9.9999999999999982 9 6.9999999999999991 7.9999999999999991 5.9999999999999982 4.9999999999999991 155 5.9999999999999991 11.999999999999998 126 262 18 5.0000000000000027 15.000000000000002 4.9999999999999991 7
leaf_count=7 24 33197 3066 689 11097 14980 96 10 9 7 8 6 5 155 6 12 126 262 18 5 15 5 7
internal_value=-4.92206e-08 -2.66324e-05 -0.000808211 0.00796907 -0.00102287 -0.000444818 -0.00578993 0.00635275 0.078104 0.0206351 0.0333086 0.0412652 0.0284367 0.000666505 -0.00617074 -0.00783078 0.000701724 -0.00428948 0.000760041 0.000790802 -0.00764729 -0.00334578 0.069447
internal_weight=63812 63730 29954 715 29239 26077 3162 699 16 82 50 42 29 33776 173 167 33603 388 33215 32 25 20 13
internal_count=63812 63730 29954 715 29239 26077 3162 699 16 82 50 42 29 33776 173 167 33603 388 33215 32 25 20 13
is_linear=0
shrinkage=0.05


Tree=93
num_leaves=28
num_cat=0
split_feature=1 1 7 2 1 9 10 10 2 4 6 8 10 1 8 10 12 2 10 2 2 10 8 8 12 10 1
split_gain=14.5499 41.2111 45.4497 39.8885 32.4082 22.0992 27.5653 30.4861 21.0562 18.1884 17.9485 19.427 17.8877 17.5142 34.4892 24.1337 20.5319 38.1562 25.9477 17.3112 16.2309 30.089 21.8114 12.045 7.0229 1.25084 0.0569685
threshold=2546982.0000000005 1687672.5000000002 136.50000000000003 36112.000000000007 1841374.5000000002 612.50000000000011 42.500000000000007 37.500000000000007 1006.0000000000001 13.500000000000002 1.0775000000000003 6.5000000000000009 2.5000000000000004 2789413.0000000005 5.5000000000000009 8.5000000000000018 262.50000000000006 9292.0000000000018 14.500000000000002 1286391.5000000002 187916.00000000003 32.500000000000007 4.5000000000000009 6.5000000000000009 120.50000000000001 22.500000000000004 7485604.0000000009
decision_type=2 2 2 2 2 2 2 2 2 2 2 2 2 2 2 2 2 2 2 2 2 2 2 2 2 2 2
left_child=1 5 3 8 -5 10 7 -7 -3 13 12 -12 -1 14 15 -2 18 -18 -15 -8 22 -22 -4 -16 -11 26 -26
right_child=9 2 20 4 -6 6 19 -9 -10 24 11 -13 -14 16 23 -17 17 -19 -20 -21 21 -23 -24 -25 25 -27 -28
leaf_value=0.0006701131326527685 -0.0027249579048444494 -0.061939810981621615 0.017820001332122311 0.010846272132463392 -0.0089029036636112564 0.022215419945245049 -0.021030073221174089 0.096295474293809497 0.007105226559737856 -0.00011564048191348275 -0.0038044453153287996 -0.031763772610952722 -0.0016027884979467472 -0.0028908552489454358 -0.08212007485811984 -0.029698795642370397 0.017087006363028873 0.00035020025722925022 0.0071031311351553387 0.013498188019210551 0.0014753520605864424 0.03522380576789113 0.048645583200157112 -0.024736987225362779 -0.033898277975180566 -0.063465452760704297 -0.043740232969507763
leaf_weight=33323 605 10.999999999999998 299 266 947 102 59 15.999999999999998 2156 8.9999999999999982 2023 64 11694 8233 20 96 403 2194 705 94 295 85 71 17 5.0000000000000009 12 7.9999999999999991
leaf_count=33323 605 11 299 266 947 102 59 16 2156 9 2023 64 11694 8233 20 96 403 2194 705 94 295 85 71 17 5 12 8
internal_value=-1.33747e-08 0.000369051 0.00515917 0.00268817 -0.00457155 -4.85466e-05 0.0141861 0.0323332 0.0067519 -0.00154454 -0.000130472 -0.00466333 7.96826e-05 -0.00144321 -0.0089101 -0.00642266 -0.000965413 0.00294796 -0.00210249 0.000178329 0.0162933 0.00903163 0.0237467 -0.0558926 -0.0380106 -0.051598 -0.0402425
internal_weight=63812 51505 4130 3380 1213 47375 271 118 2167 12307 47104 2087 45017 12273 738 701 11535 2597 8938 153 750 380 370 37 34 25 13
internal_count=63812 51505 4130 3380 1213 47375 271 118 2167 12307 47104 2087 45017 12273 738 701 11535 2597 8938 153 750 380 370 37 34 25 13
is_linear=0
shrinkage=0.05


Tree=94
num_leaves=28
num_cat=0
split_feature=0 10 7 2 2 2 5 12 0 12 5 7 12 2 0 12 12 8 12 10 2 0 5 0 6 2 6
split_gain=13.7258 19.032 43.3925 33.8604 45.291 39.1297 31.8826 29.7399 25.5064 24.7586 17.8946 23.0952 21.7037 24.1535 19.7096 25.1781 22.8362 17.3843 17.3463 16.5367 42.1769 17.3026 16.3903 14.8034 21.1987 15.419 10.4888
threshold=56711.000000000007 1.0000000180025095e-35 20.500000000000004 20641.000000000004 56635.500000000007 19514.000000000004 242942.50000000003 376.50000000000006 189385.50000000003 1894.0000000000002 100910.50000000001 35.500000000000007 15.500000000000002 2622.5000000000005 52938.500000000007 330.50000000000006 309.50000000000006 6.5000000000000009 6.5000000000000009 16.500000000000004 261311.00000000003 67258.500000000015 494318.50000000006 151.50000000000003 0.88335000000000008 550532.50000000012 0.90775000000000017
decision_type=2 2 2 2 2 2 2 2 2 2 2 2 2 2 2 2 2 2 2 2 2 2 2 2 2 2 2
left_child=10 2 6 5 -5 -4 7 -2 -8 19 14 12 18 -14 23 16 -16 22 -12 21 -21 -3 -13 24 -1 -25 -17
right_child=1 9 3 4 -6 -7 8 -9 -10 -11 11 17 13 -15 15 26 -18 -19 -20 20 -22 -23 -24 25 -26 -27 -28
leaf_value=-0.00031764143251639262 -0.0040616626684460509 0.0042038765993615444 0.011055929196166808 -0.0023900832551939886 0.0092373311434605383 0.043996775936387428 0.032448262298468242 0.013743725582308883 0.0014811244646136012 0.063914956389278771 -0.0060681756811637377 -0.030142578738082501 -0.042408582515358006 0.0069357751666919171 -0.0068284579289724845 -0.065420964369142201 0.045800294020870852 0.036819979332941621 -0.029965895928495013 0.024336069056646616 0.0015162093030473749 -0.0016915543195833418 0.015617718357525396 -0.00038190708908246348 0.01659283928708687 0.011476635132814741 -0.016774432400046887
leaf_weight=444 2907 1418 909 1552 1819 100 120 255 149 14.999999999999998 706 173 26 498 893 25 21 11.999999999999998 85 220 2530 10171 22 38128 318 276 20
leaf_count=444 2907 1418 909 1552 1819 100 120 255 149 15 706 173 26 498 893 25 21 12 85 220 2530 10171 22 38128 318 276 20
internal_value=-2.31895e-08 0.00100516 0.00299129 0.00628958 0.00388419 0.0143247 -0.00121936 -0.00262536 0.0153024 -7.56442e-05 -0.000534993 -0.00585638 -0.0034119 0.00447977 -0.000333131 -0.0074146 -0.00561439 -0.0213762 -0.00863966 -0.00014303 0.00334262 -0.000970175 -0.0249745 -0.000159719 0.00674074 -0.000296653 -0.0438854
internal_weight=63812 22165 7811 4380 3371 1009 3431 3162 269 14354 41647 1522 1315 524 40125 959 914 207 791 14339 2750 11589 195 39166 762 38404 45
internal_count=63812 22165 7811 4380 3371 1009 3431 3162 269 14354 41647 1522 1315 524 40125 959 914 207 791 14339 2750 11589 195 39166 762 38404 45
is_linear=0
shrinkage=0.05


Tree=95
num_leaves=31
num_cat=0
split_feature=1 1 0 14 7 9 14 14 14 0 6 6 9 9 9 2 9 10 10 0 6 0 10 7 6 1 0 9 10 6
split_gain=13.1349 36.78 46.6751 47.3919 38.039 37.5138 33.6902 33.0355 23.7279 42.8537 73.0046 60.4695 80.7867 61.0796 54.7514 43.56 19.6153 24.9341 27.5545 16.7881 16.32 24.7182 15.9597 8.82352 4.75248 7.68659 6.86271 9.81283 8.58408 4.93203
threshold=2546982.0000000005 1687672.5000000002 72596.000000000015 9.5000000000000018 201.50000000000003 5.5000000000000009 4.5000000000000009 9.5000000000000018 9.5000000000000018 58609.000000000007 0.83585000000000009 0.80710000000000004 53.500000000000007 2.5000000000000004 501.00000000000006 11534.500000000002 612.50000000000011 42.500000000000007 37.500000000000007 1383168.5000000002 1.0775000000000003 18871.000000000004 2.5000000000000004 1.5000000000000002 0.90125000000000011 12633441.000000002 202620.00000000003 484.50000000000006 22.500000000000004 0.91840000000000011
decision_type=2 2 2 2 2 2 2 2 2 2 2 2 2 2 2 2 2 2 2 2 2 2 2 2 2 2 2 2 2 2
left_child=1 16 4 6 5 -3 -4 -6 9 11 14 12 -2 -13 -11 -12 20 18 -18 -19 22 -22 -1 -5 26 29 28 -28 -10 -26
right_child=8 2 3 23 7 -7 -8 -9 24 10 15 13 -14 -15 -16 -17 17 19 -20 -21 21 -23 -24 -25 25 -27 27 -29 -30 -31
leaf_value=0.00063705116751904271 -0.0067213431612260345 0.014616636790342839 0.015145429769491734 -0.037457244632350027 0.039179345167762641 -0.002083811602142428 0.043659874927178495 0.0043709460218175405 -0.0004115516414054863 -0.0098743677275754185 0.032667188222454534 0.051924429901416928 0.02725113297777837 -0.016778468962863103 -0.09568553922103025 0.0043811059159358104 0.021007433615991597 0.0039552448045906538 0.091435266022356396 -0.070009380027099902 -0.012286972049427327 -0.00066849365562701745 -0.0015098658307592292 0.0057108003996477804 0.0080035428347620518 0.0072519434341133254 -0.0047762731953332437 -0.04438742555631614 0.013151448027701502 -9.6893326972474916e-05
leaf_weight=33323 825 389 252 11.999999999999998 121 2476 176 156 4073 697 152 33 222 1439 19 1295 102 145 15.999999999999998 7.9999999999999991 678 1409 11694 548 206 537 544 15.999999999999998 120 2129
leaf_count=33323 825 389 252 12 121 2476 176 156 4073 697 152 33 222 1439 19 1295 102 145 16 8 678 1409 11694 548 206 537 544 16 120 2129
internal_value=-1.16432e-08 0.000350646 0.00487592 0.0143543 0.00189508 0.00018415 0.0268785 0.0195847 -0.00146751 -0.00426921 0.000892993 -0.00870172 0.000483904 -0.0152348 -0.0121645 0.00735447 -4.38622e-05 0.013367 0.0306263 4.46116e-05 -0.000121046 -0.00444338 7.93476e-05 0.00477925 0.000252855 0.00185866 -0.000717471 -0.00591574 -2.3086e-05 0.000618061
internal_weight=63812 51505 4130 988 3142 2865 428 277 12307 4682 2163 2519 1047 1472 716 1447 47375 271 118 153 47104 2087 45017 560 7625 2872 4753 560 4193 2335
internal_count=63812 51505 4130 988 3142 2865 428 277 12307 4682 2163 2519 1047 1472 716 1447 47375 271 118 153 47104 2087 45017 560 7625 2872 4753 560 4193 2335
is_linear=0
shrinkage=0.05


Tree=96
num_leaves=26
num_cat=0
split_feature=9 11 11 2 9 6 14 14 14 1 12 2 12 6 8 14 14 14 12 14 6 14 1 14 8
split_gain=13.5764 41.9841 32.076 31.3526 44.8592 53.909 58.706 23.9011 23.2191 20.8824 35.8018 21.166 16.4037 15.25 23.3533 20.0553 55.8827 17.8259 16.9438 16.7763 11.9134 10.9077 10.353 3.91838 2.92883
threshold=13.500000000000002 7.5000000000000009 1.0000000180025095e-35 9478.5000000000018 17.500000000000004 0.98585000000000012 9.5000000000000018 9.5000000000000018 9.5000000000000018 54366.000000000007 67.500000000000014 5376.0000000000009 956.50000000000011 0.90775000000000017 1.0000000180025095e-35 7.5000000000000009 6.5000000000000009 9.5000000000000018 1098.5000000000002 8.5000000000000018 0.86465000000000003 9.5000000000000018 24096296.500000004 3.5000000000000004 1.5000000000000002
decision_type=2 2 2 2 2 2 2 2 2 2 2 2 2 2 2 2 2 2 2 2 2 2 2 2 2
left_child=1 2 9 4 12 6 -6 -7 23 10 -1 -11 22 15 17 16 -5 -15 -16 -17 -14 -3 -2 -4 -10
right_child=3 21 8 13 5 7 -8 -9 24 11 -12 -13 20 14 18 19 -18 -19 -20 -21 -22 -23 -24 -25 -26
leaf_value=0.0054330447758285001 0.0019289012486890128 0.1156263135291718 -0.080922716899829716 -0.0012124748751418789 0.034494914668813527 -0.076388837036928295 0.0073402245502420449 -0.0053394972398272296 -0.0059664802902863034 0.0011652949489760333 -0.032029761492673656 -0.002518175716794289 -0.018764876737342187 -0.059479271429251891 0.001268530455149438 0.0055822221438158823 -0.014466837917736956 -0.0092805056112688269 0.015262516135584082 -8.6796563608499119e-05 -0.091390812690828896 0.031992120432182101 -0.027774535744540713 -0.1469191172543694 -0.046540930237568605
leaf_weight=115 1155 8.9999999999999982 5.0000000000000018 7756 326 21 511 27 12.000000000000002 6635 143 9461 28 26 16969 1407 886 55 219 17990 6.9999999999999991 6.9999999999999991 30 5 6.9999999999999991
leaf_count=115 1155 9 5 7756 326 21 511 27 12 6635 143 9461 28 26 16969 1407 886 55 219 17990 7 7 30 5 7
internal_value=-4.68378e-09 -0.00124008 -0.00131938 0.00042891 0.00639389 0.0149631 0.0179195 -0.0365178 -0.0537673 -0.00122605 -0.0153356 -0.000999799 0.000176947 0.000151765 0.00132063 -0.000568131 -0.0025715 -0.0254472 0.00144692 0.000324444 -0.0335091 0.0794623 0.00117464 -0.115049 -0.0210804
internal_weight=63812 16399 16383 47413 2105 885 837 48 29 16354 258 16096 1220 45308 17269 28039 8642 81 17188 19397 35 16 1185 10 19
internal_count=63812 16399 16383 47413 2105 885 837 48 29 16354 258 16096 1220 45308 17269 28039 8642 81 17188 19397 35 16 1185 10 19
is_linear=0
shrinkage=0.05


Tree=97
num_leaves=26
num_cat=0
split_feature=9 11 14 1 12 12 0 6 6 0 12 6 6 9 9 6 1 0 1 14 14 14 1 0 1
split_gain=12.3506 38.1344 20.8243 46.494 55.4678 33.7369 19.0901 17.0746 27.8807 21.8112 19.5346 20.8322 16.7449 22.9139 29.6177 21.1623 38.2843 19.7967 15.1966 14.252 9.85428 9.32815 4.65764 4.91245 3.86931
threshold=10.500000000000002 7.5000000000000009 9.5000000000000018 82075.500000000015 12.500000000000002 94.500000000000014 151.50000000000003 0.82940000000000003 0.83355000000000012 84.000000000000014 42.500000000000007 0.74915000000000009 0.67335000000000012 224.50000000000003 142.50000000000003 0.6966500000000001 1617733.0000000002 227.50000000000003 4241301.0000000009 5.5000000000000009 9.5000000000000018 9.5000000000000018 6599705.0000000009 28388.000000000004 17883942.000000004
decision_type=2 2 2 2 2 2 2 2 2 2 2 2 2 2 2 2 2 2 2 2 2 2 2 2 2
left_child=1 2 3 4 -1 -5 7 10 21 -10 19 -12 13 14 -8 16 -14 -17 -15 -2 -3 -9 23 -4 -24
right_child=6 20 22 5 -6 -7 12 8 9 -11 11 -13 15 18 -16 17 -18 -19 -20 -21 -22 -23 24 -25 -26
leaf_value=0.090788362938680769 -0.045015361736115721 0.10990852870783963 0.00071453782500232406 -0.0055699057026939135 -0.044972952479630519 0.0045214644013861797 -0.0018534520591150985 0.11911168584117185 0.0029268393087756332 0.030165822069452116 0.038122164759850551 -0.0034982504147307498 0.0252684881236745 0.019958787717696828 -0.016716728711322942 -0.01820558352721954 -0.0039656422385607867 0.00055363781894764185 -0.0084414646123932967 -0.0050643852443805482 0.030415043969389422 0.042172193343256732 0.0075652721096489371 -0.0019131176262143037 -0.0026172747297679975
leaf_weight=7.9999999999999991 29 8.9999999999999982 4973 3676 107 1069 5972 7.9999999999999991 187 121 51 73 236 186 355 141 213 42977 63 96 6.9999999999999991 7.9999999999999991 351 2769 127
leaf_count=8 29 9 4973 3676 107 1069 5972 8 187 121 51 73 236 186 355 141 213 42977 63 96 7 8 351 2769 127
internal_value=-3.56962e-08 -0.00136891 -0.00146356 -0.00405812 -0.035458 -0.00329638 0.00035344 0.00942729 0.016992 0.0136342 -0.000418763 0.0136367 0.000249732 -0.00210207 -0.00268766 0.000604717 0.0114024 0.000492251 0.0127727 -0.0143616 0.0755351 0.0811428 7.04816e-05 -0.000225281 0.00485989
internal_weight=63812 13096 13080 4860 115 4745 50716 573 324 308 249 124 50143 6576 6327 43567 449 43118 249 125 16 16 8220 7742 478
internal_count=63812 13096 13080 4860 115 4745 50716 573 324 308 249 124 50143 6576 6327 43567 449 43118 249 125 16 16 8220 7742 478
is_linear=0
shrinkage=0.05


Tree=98
num_leaves=30
num_cat=0
split_feature=1 1 0 7 9 2 6 12 9 10 10 9 2 0 0 5 5 1 0 4 2 12 2 6 2 2 1 12 1
split_gain=11.9461 33.1291 42.047 34.2367 34.5906 27.4693 23.0281 32.9785 17.4643 22.5777 24.9633 16.004 20.0576 16.8554 15.9599 17.1512 27.6541 17.8368 17.791 15.5113 15.2078 14.5181 10.2934 8.92401 6.11377 3.90027 2.41168 1.10364 0.655446
threshold=2546982.0000000005 1687672.5000000002 72596.000000000015 198.50000000000003 5.5000000000000009 281710.00000000006 0.98075000000000012 1098.5000000000002 612.50000000000011 42.500000000000007 37.500000000000007 375.50000000000006 476015.00000000006 760406.00000000012 1711053.0000000002 260560.50000000003 175724.50000000003 2731191.0000000005 71276.500000000015 13.500000000000002 1286391.5000000002 66.500000000000014 21868.000000000004 1.1650000000000003 123895.00000000001 5202.0000000000009 7829347.0000000009 118.50000000000001 20422623.500000004
decision_type=2 2 2 2 2 2 2 2 2 2 2 2 2 2 2 2 2 2 2 2 2 2 2 2 2 2 2 2 2
left_child=1 8 3 4 -3 -5 7 -4 11 10 -10 13 -13 -1 15 16 19 -17 -18 -2 -11 -19 25 -8 -24 26 -16 -26 -27
right_child=14 2 6 5 -6 -7 23 -9 9 20 -12 12 -14 -15 22 17 18 21 -20 -21 -22 -23 24 -25 27 28 -28 -29 -30
leaf_value=-0.00010226175709385183 -0.0014587302767145643 0.014017713495353785 0.011017049551847085 0.02927260014323076 -0.0020210714937881919 -0.0040054884923765603 0.038798954140002617 -0.11653103781681436 0.019882409990720461 -0.019941075854696802 0.086916729159977113 -0.016397519791454443 -0.00083376388106114392 0.0078565835672334255 -0.0071980810238861694 -0.075542403536068434 0.031215628474322306 -0.020595544136147712 -0.004952132429308565 -0.035230193710462612 0.01242161660992583 0.0019323195270869399 -0.025572653754171754 0.013665351569795562 -0.00057504194002624953 0.051883326114519783 0.028219455223999275 0.015780767990404839 0.036529623120036339
leaf_weight=45554 11694 389 820 190 2471 92 111 4.9999999999999991 102 59 15.999999999999998 336 539 675 7.0000000000000009 10.999999999999998 106 167 50 34 94 125 13.999999999999998 52 13.999999999999998 15.999999999999998 15 39 15.000000000000002
leaf_count=45554 11694 389 820 190 2471 92 111 5 102 59 16 336 539 675 7 11 106 167 50 34 94 125 14 52 14 16 15 39 15
internal_value=-5.36637e-09 0.000334408 0.00462922 0.00180002 0.000160841 0.0184183 0.0136254 0.01023 -4.00092e-05 0.0126142 0.0290377 -0.000112838 -0.00681144 1.39639e-05 -0.00139952 -0.00157825 -0.00127868 -0.0133233 0.0196277 -0.00155693 -6.2988e-05 -0.0109544 0.0167383 0.0307942 0.00370113 0.0331813 0.0169687 0.0114674 0.0445955
internal_weight=63812 51505 4130 3142 2860 282 988 825 47375 271 118 47104 875 46229 12307 12187 11884 303 156 11728 153 292 120 163 67 53 22 53 31
internal_count=63812 51505 4130 3142 2860 282 988 825 47375 271 118 47104 875 46229 12307 12187 11884 303 156 11728 153 292 120 163 67 53 22 53 31
is_linear=0
shrinkage=0.05


Tree=99
num_leaves=16
num_cat=0
split_feature=14 0 2 5 14 14 2 2 14 2 14 2 8 14 0
split_gain=11.8657 11.7264 35.2416 24.5495 31.1779 20.3316 18.3806 36.5905 39.4967 27.528 34.1372 25.1705 21.0196 10.0465 1.89659
threshold=1.0000000180025095e-35 16152.500000000002 1040903.5000000001 418950.00000000006 9.5000000000000018 9.5000000000000018 47182.500000000007 58918.000000000007 7.5000000000000009 42392.500000000007 2.5000000000000004 67558.000000000015 6.5000000000000009 6.5000000000000009 6751.0000000000009
decision_type=2 2 2 2 2 2 2 2 2 2 2 2 2 2 2
left_child=-1 2 3 5 -5 -2 9 8 -8 12 -11 -9 -3 -4 -15
right_child=1 6 13 4 -6 -7 7 11 -10 10 -12 -13 -14 14 -16
leaf_value=-0.064634283243770338 -0.0029883226613767813 0.0012351211236147578 0.098302794026804474 -0.058489133931271677 -0.001750829785771916 0.00025084436740665806 -0.015706006063908449 0.0060218717446559704 -0.0020755899496217862 0.030741471611940588 0.0055947905954066872 -0.00031660444890124219 -0.01547711667326597 0.017151415184303954 0.049004805707695456
leaf_weight=6.9999999999999991 7557 18312 9.0000000000000018 42 57 13496 758 1712 1778 150 1339 18386 190 9 10
leaf_count=7 7557 18312 9 42 57 13496 758 1712 1778 150 1339 18386 190 9 10
internal_value=2.74037e-10 7.19254e-06 -0.000954406 -0.00102874 -0.0258564 -0.000911867 0.000485004 -0.000490782 -0.00615012 0.00158979 0.00812993 0.000223351 0.00106342 0.0550029 0.0340852
internal_weight=63812 63805 21180 21152 99 21053 42625 22634 2536 19991 1489 20098 18502 28 19
internal_count=63812 63805 21180 21152 99 21053 42625 22634 2536 19991 1489 20098 18502 28 19
is_linear=0
shrinkage=0.05


Tree=100
num_leaves=26
num_cat=0
split_feature=9 11 11 2 9 6 14 4 14 14 1 14 12 6 4 7 9 12 12 2 6 1 14 14 11
split_gain=11.5346 34.3788 28.7737 28.2533 40.3376 48.6347 53.2676 22.6452 21.5364 20.6441 17.9277 14.4836 14.4537 13.1006 22.1407 50.011 34.7566 13.0504 30.7642 22.9735 10.2962 9.32198 8.94081 3.73354 2.45584
threshold=13.500000000000002 7.5000000000000009 1.0000000180025095e-35 9478.5000000000018 17.500000000000004 0.98585000000000012 9.5000000000000018 4.5000000000000009 9.5000000000000018 9.5000000000000018 54366.000000000007 9.5000000000000018 956.50000000000011 0.90775000000000017 2.5000000000000004 27.500000000000004 264.50000000000006 184.50000000000003 124.50000000000001 38256.500000000007 0.86465000000000003 24096296.500000004 9.5000000000000018 3.5000000000000004 1.5000000000000002
decision_type=2 2 2 2 2 2 2 2 2 2 2 2 2 2 2 2 2 2 2 2 2 2 2 2 2
left_child=1 2 7 4 12 6 -6 10 -7 23 -1 -9 21 14 16 -16 -5 18 -15 -19 -14 -2 -3 -4 -11
right_child=3 22 9 13 5 8 -8 11 -10 24 -12 -13 20 17 15 -17 -18 19 -20 -21 -22 -23 -24 -25 -26
leaf_value=-0.014148970353765306 0.0018147640199303108 0.10462632316809435 -0.07551873183133552 -0.0017396819526985649 0.032780771305809142 -0.072561333459135485 0.0069144407460439419 -0.12377114374129501 -0.0051180120365096199 0.0034578226401772282 -0.00086596625621899364 -0.014094735266732387 -0.01774960838496897 0.0013498674269737132 0.023773514465524882 0.0012159325440603233 0.0067720963018144328 -0.0027067391947826194 -0.0061927378173161785 0.0063156349545967182 -0.085268835996238287 -0.026370883043669781 0.028908386616639692 -0.13969761250065821 -0.033705216755490167
leaf_weight=258 1155 8.9999999999999982 5.0000000000000018 20964 326 21 511 5.9999999999999982 27 7.0000000000000027 16084 6 28 12153 257 5546 1272 964 1521 2631 6.9999999999999991 30 6.9999999999999991 5 11.999999999999998
leaf_count=258 1155 9 5 20964 326 21 511 6 27 7 16084 6 28 12153 257 5546 1272 964 1521 2631 7 30 7 5 12
internal_value=3.9373e-09 -0.00114303 -0.00121479 0.000395353 0.00605783 0.0141838 0.0169917 -0.00112639 -0.034714 -0.0508896 -0.00107576 -0.0695026 0.000162526 0.000132263 -0.000534975 0.00221534 -0.00125274 0.00121563 0.000510842 0.00389628 -0.0314579 0.00109904 0.071885 -0.108674 -0.0200672
internal_weight=63812 16399 16383 47413 2105 885 837 16354 48 29 16342 12 1220 45308 28039 5803 22236 17269 13674 3595 35 1185 16 10 19
internal_count=63812 16399 16383 47413 2105 885 837 16354 48 29 16342 12 1220 45308 28039 5803 22236 17269 13674 3595 35 1185 16 10 19
is_linear=0
shrinkage=0.05


Tree=101
num_leaves=15
num_cat=0
split_feature=14 9 2 11 2 14 14 14 6 2 9 7 14 4
split_gain=10.8448 10.6857 37.638 31.2336 28.1358 25.5369 22.4798 17.9309 38.9039 15.4149 33.7895 29.9922 8.07738 7.36675
threshold=1.0000000180025095e-35 10.500000000000002 4836.0000000000009 7.5000000000000009 3715.5000000000005 9.5000000000000018 3.5000000000000004 9.5000000000000018 0.71945000000000003 30369.500000000004 35.500000000000007 74.500000000000014 9.5000000000000018 1.5000000000000002
decision_type=2 2 2 2 2 2 2 2 2 2 2 2 2 2
left_child=-1 3 4 7 6 -6 -3 8 -2 11 -11 -4 -5 -9
right_child=1 2 9 12 5 -7 -8 13 -10 10 -12 -13 -14 -15
leaf_value=-0.06179125082324928 0.0010776326138334062 -0.10047113637865326 0.0016428281411839715 0.09945249295496679 0.033431118992603502 0.0079904346391503189 -0.0062332405897555076 0.00043446056714379309 -0.0078975286024639615 -0.0036857110857366595 0.00035773606411037688 -0.027946767984574683 0.027483324874454824 -0.0060972341035173449
leaf_weight=6.9999999999999991 2240 7.9999999999999991 15997 8.9999999999999982 170 235 29 7763 2619 6344 27841 86 6.9999999999999991 457
leaf_count=7 2240 8 15997 9 170 235 29 7763 2619 6344 27841 86 7 457
internal_value=-2.77318e-08 6.84817e-06 0.000335663 -0.00126647 0.0148608 0.0186749 -0.0268249 -0.00135213 -0.00376004 0.000207915 -0.000392649 0.00148443 0.0683323 7.1254e-05
internal_weight=63812 63805 50710 13095 442 405 37 13079 4859 50268 34185 16083 16 8220
internal_count=63812 63805 50710 13095 442 405 37 13079 4859 50268 34185 16083 16 8220
is_linear=0
shrinkage=0.05


Tree=102
num_leaves=25
num_cat=0
split_feature=0 0 14 7 2 2 14 2 2 4 6 14 7 8 14 14 6 8 2 6 12 14 12 12
split_gain=11.4952 16.6601 31.706 52.9224 74.349 53.9635 21.7495 17.3442 31.9941 26.81 12.5548 13.4891 33.2107 27.7774 20.9805 11.2395 5.07761 8.42784 6.55326 4.09779 3.98043 2.86006 2.71088 1.70839
threshold=381.00000000000006 16152.500000000002 9.5000000000000018 5.5000000000000009 6015.0000000000009 10042.500000000002 1.0000000180025095e-35 47182.500000000007 58918.000000000007 4.5000000000000009 1.1116500000000002 9.5000000000000018 2.5000000000000004 5.5000000000000009 3.5000000000000004 7.5000000000000009 1.0112500000000002 1.5000000000000002 10905.500000000002 0.72875000000000012 118.50000000000001 11.500000000000002 313.50000000000006 73.500000000000014
decision_type=2 2 2 2 2 2 2 2 2 2 2 2 2 2 2 2 2 2 2 2 2 2 2 2
left_child=10 2 3 5 -5 -2 -3 9 -9 -8 11 12 14 -14 -1 -12 18 -18 -4 20 -13 -17 -21 -23
right_child=1 6 16 4 -6 -7 7 8 -10 -11 15 19 13 -15 -16 21 17 -19 -20 22 -22 23 -24 -25
leaf_value=0.02492731347889968 -0.013568061858153471 -0.093956141198267715 0.0015100727386116156 0.010629719772932275 -0.0048419824873929818 -0.066820323410052493 0.0012581207271287278 -0.0057766879640803051 0.00018304295034411396 0.013587424366446554 -0.084380060224465883 -0.011346770774827007 0.0062216568160625629 0.054158176495650107 0.14734261388510045 0.014977466105155535 -0.0020796564951481469 0.0068822861088159368 -0.00099445322183391231 0.0035798815073559555 0.008730554166960754 -0.046829309058832203 -0.0056636874372187661 -0.0055730246445711918
leaf_weight=6.9999999999999982 549 5.9999999999999991 4013 903 5539 52 19540 2536 20098 451 7.0000000000000027 107 517 32 7 7.0000000000000027 427 680 7480 723 32 4.9999999999999982 89 5
leaf_count=7 549 6 4013 903 5539 52 19540 2536 20098 451 7 107 517 32 7 7 427 680 7480 723 32 5 89 5
internal_value=-2.96744e-08 -0.000105496 -0.00131029 -0.00399712 -0.00267312 -0.0181859 0.000449637 0.000463146 -0.000484731 0.00153634 0.00427007 0.00483971 0.0109729 0.00902513 0.0867458 -0.0315357 0.000191577 0.00342555 -0.000119945 0.00120806 -0.0067217 -0.00941005 0.00256616 -0.0264606
internal_weight=63812 62274 19643 7043 6442 601 42631 42625 22634 19991 1538 1514 563 549 14 24 12600 1107 11493 951 139 17 812 10
internal_count=63812 62274 19643 7043 6442 601 42631 42625 22634 19991 1538 1514 563 549 14 24 12600 1107 11493 951 139 17 812 10
is_linear=0
shrinkage=0.05


Tree=103
num_leaves=31
num_cat=0
split_feature=1 1 0 14 14 2 6 14 14 0 6 6 7 7 0 2 6 0 14 0 0 5 0 1 6 1 0 0 10 6
split_gain=10.5836 29.79 38.6086 61.2815 42.5621 27.4494 33.0587 20.3226 19.7209 35.8556 64.0387 56.3511 61.6824 43.2686 40.5743 37.1818 14.1706 22.3937 58.6913 19.5479 14.7235 27.6421 14.6598 5.11752 3.74525 7.02712 6.22047 8.96334 7.46908 4.55648
threshold=2546982.0000000005 1687672.5000000002 17043.500000000004 9.5000000000000018 5.5000000000000009 6015.0000000000009 0.96710000000000018 4.5000000000000009 9.5000000000000018 58609.000000000007 0.83585000000000009 0.80710000000000004 6.5000000000000009 9.5000000000000018 1711053.0000000002 11534.500000000002 1.0775000000000003 18871.000000000004 9.5000000000000018 25976.000000000004 1038.5000000000002 7023.5000000000009 559261.00000000012 1809478.0000000002 0.90125000000000011 12633441.000000002 202620.00000000003 248498.50000000003 22.500000000000004 0.91840000000000011
decision_type=2 2 2 2 2 2 2 2 2 2 2 2 2 2 2 2 2 2 2 2 2 2 2 2 2 2 2 2 2 2
left_child=1 16 5 4 -4 7 -7 -3 9 11 14 12 -2 -13 -11 -12 20 18 -18 -19 21 -1 -22 -5 26 29 28 -28 -10 -26
right_child=8 2 3 23 -6 6 -8 -9 24 10 15 13 -14 -15 -16 -17 17 19 -20 -21 22 -23 -24 -25 25 -27 27 -29 -30 -31
leaf_value=0.0055382020958916409 -0.025956271288318025 0.033336226670760014 0.009447506080754689 0.0075999093340848008 0.029606386773860828 -0.010761443480179635 0.010371959133671525 0.0030973304503015887 -0.00031158353725694102 -0.014237467022831199 0.03028835027731519 0.015773832063676 0.00641588647971344 -0.016680948467632749 0.038149806173027628 0.0041550317617837021 -0.031333448644225305 0.016078861376534557 -0.00060316507295038262 -0.0025550598743331425 -0.00023569520121737481 -0.017882498621344733 0.0047306425275233819 0.00026783505848504928 0.0075891375603142561 0.0068333259095900633 -0.020931647244712248 -0.0029560653786337271 0.012339921491367931 -0.00019678380138028474
leaf_weight=2082 177 77 731 289 408 843 237 199 4073 677 152 111 870 1361 39 1295 241 158 437 1282 41500 134 1541 1346 206 537 81 479 120 2129
leaf_count=2082 177 77 731 289 408 843 237 199 4073 677 152 111 870 1361 39 1295 241 158 437 1282 41500 134 1541 1346 206 537 81 479 120 2129
internal_value=-3.19311e-08 0.000314733 0.00438736 0.00776724 0.0166706 -0.00252701 -0.0061233 0.0115426 -0.00131732 -0.00387152 0.000850404 -0.00792599 0.000941273 -0.0142327 -0.011379 0.00690211 -4.03133e-05 -0.00403754 -0.0115295 -0.00050953 0.000146763 0.00412123 -5.78745e-05 0.00156423 0.00025107 0.00167659 -0.000610316 -0.00555938 5.07771e-05 0.000490407
internal_weight=63812 51505 4130 2774 1139 1356 1080 276 12307 4682 2163 2519 1047 1472 716 1447 47375 2118 678 1440 45257 2216 43041 1635 7625 2872 4753 560 4193 2335
internal_count=63812 51505 4130 2774 1139 1356 1080 276 12307 4682 2163 2519 1047 1472 716 1447 47375 2118 678 1440 45257 2216 43041 1635 7625 2872 4753 560 4193 2335
is_linear=0
shrinkage=0.05


Tree=104
num_leaves=26
num_cat=0
split_feature=9 2 9 6 14 0 4 0 0 2 9 1 0 1 14 14 6 4 7 9 10 14 4 0 1
split_gain=10.5173 24.1687 36.5724 43.6511 48.1692 27.4783 20.3871 17.3566 26.3141 16.6232 25.0534 28.9535 27.5401 21.4216 17.8879 13.0309 11.5544 19.1541 45.097 30.7902 12.5082 26.7123 16.5256 10.8717 7.93056
threshold=13.500000000000002 9478.5000000000018 17.500000000000004 0.98585000000000012 9.5000000000000018 23695.000000000004 4.5000000000000009 151.50000000000003 8629.5000000000018 5376.0000000000009 10.500000000000002 4787.5000000000009 116893.00000000001 19672.500000000004 9.5000000000000018 9.5000000000000018 0.90775000000000017 2.5000000000000004 27.500000000000004 264.50000000000006 59.000000000000007 6.5000000000000009 1.5000000000000002 6317.0000000000009 347211.50000000006
decision_type=2 2 2 2 2 2 2 2 2 2 2 2 2 2 2 2 2 2 2 2 2 2 2 2 2
left_child=6 2 7 4 -4 -5 9 24 -9 10 11 -1 -12 23 -15 -8 17 19 -19 -3 22 -22 -18 -11 -2
right_child=1 16 3 5 -6 -7 15 8 -10 13 12 -13 -14 14 -16 -17 20 18 -20 -21 21 -23 -24 -25 -26
leaf_value=0.05240746546479591 -0.024497570360408113 -0.0016183837439296741 0.031026720869387316 -0.013451424776882014 0.0064294232630947683 -0.10628568713027653 -0.11744407552187563 -0.010726228674411954 0.0046941054244965912 -0.023384231182051379 0.014019703488859461 -0.00036678267903927496 -0.017116238118772904 -0.0050980654566097176 -0.00062779631568409759 -0.013412618246234832 0.0018624448048676239 0.0225372896386196 0.0011165984014262968 0.0063930123833784496 0.035201202884236719 0.00031939373711114644 -0.0017935420913378509 -0.11512589943213541 0.042814203935480938
leaf_weight=26 4.9999999999999991 20964 326 38 511 9.9999999999999982 5.9999999999999982 441 742 6.9999999999999982 572 6137 81 3575 5983 6 12969 257 5546 1272 84 158 4058 6 32
leaf_count=26 5 20964 326 38 511 10 6 441 742 7 572 6137 81 3575 5983 6 12969 257 5546 1272 84 158 4058 6 32
internal_value=-2.27349e-08 0.000377489 0.00561468 0.0133521 0.0160123 -0.0329727 -0.00109149 1.27408e-06 -0.00105472 -0.00104357 0.000843503 -0.000143296 0.0101555 -0.00238745 -0.00229986 -0.0659691 0.000134159 -0.000492466 0.00206564 -0.00116007 0.00115158 0.0124367 0.000991118 -0.0662821 0.0336765
internal_weight=63812 47413 2105 885 837 48 16399 1220 1183 16387 6816 6163 653 9571 9558 12 45308 28039 5803 22236 17269 242 17027 13 37
internal_count=63812 47413 2105 885 837 48 16399 1220 1183 16387 6816 6163 653 9571 9558 12 45308 28039 5803 22236 17269 242 17027 13 37
is_linear=0
shrinkage=0.05


Tree=105
num_leaves=26
num_cat=0
split_feature=0 0 14 7 0 7 14 1 1 11 1 14 6 14 6 1 1 1 10 1 0 6 6 8 0
split_gain=9.68381 14.0075 27.125 46.8482 42.2944 38.7421 19.9943 15.3484 27.1334 13.6964 11.2918 27.4505 31.0482 62.1946 45.1235 25.4616 17.6916 35.3117 25.5634 9.68407 7.07686 4.58063 6.14255 4.86277 2.25721
threshold=381.00000000000006 16152.500000000002 9.5000000000000018 5.5000000000000009 11261.500000000002 544.50000000000011 1.0000000180025095e-35 137459.00000000003 120552.50000000001 1.0000000180025095e-35 1034626.0000000001 7.5000000000000009 0.76915000000000011 5.5000000000000009 0.8035000000000001 970402.00000000012 238224.50000000003 194025.50000000003 1.0000000180025095e-35 1183513.0000000002 84.000000000000014 0.70165000000000011 1.0112500000000002 2.5000000000000004 84.000000000000014
decision_type=2 2 2 2 2 2 2 2 2 2 2 2 2 2 2 2 2 2 2 2 2 2 2 2 2
left_child=10 2 3 4 -2 -5 -3 8 -8 -9 15 12 13 -12 -14 16 17 -1 -18 24 -21 23 -23 -4 -13
right_child=1 6 21 5 -6 -7 7 9 -10 -11 11 19 14 -15 -16 -17 18 -19 -20 20 -22 22 -24 -25 -26
leaf_value=-0.003755520651947588 -0.01068374091971447 -0.090104090385749708 0.0011136491923087097 -0.0026684809892867601 -0.044738568329018853 0.063646667729641782 0.0022605645632720298 0.00028341730588894021 0.019089660278926918 -0.015001026516397854 0.028719798375088441 0.014772197182633375 -0.037823154016986223 0.15763990352819635 0.021651094818648096 -0.089720304549476257 -0.017588786189885595 0.040038549005134982 0.01027858794988634 -0.0064714729031216563 0.0043428351124427901 -0.0007996510862100922 0.0031596348733276035 0.0070879317421213874 0.040637383684080243
leaf_weight=134 489 5.9999999999999991 2594 6420 112 22 1471 40721 286 147 60 17 39 10.999999999999998 173 7.9999999999999991 221 70 131 236 421 8507 1107 392 17
leaf_count=134 489 6 2594 6420 112 22 1471 40721 286 147 60 17 39 11 173 8 221 70 131 236 421 8507 1107 392 17
internal_value=-3.97836e-08 -9.68408e-05 -0.00120157 -0.00368672 -0.0170365 -0.00244102 0.000412184 0.000425136 0.00500089 0.000228403 0.00391921 0.00717908 0.0202924 0.048887 0.0106974 -0.0017107 -0.000428468 0.0112841 -0.00721772 0.00180633 0.00045785 0.000187571 -0.000343733 0.00189816 0.027786
internal_weight=63812 62274 19643 7043 601 6442 42631 42625 1757 40868 1538 974 283 71 212 564 556 204 352 691 657 12600 9614 2986 34
internal_count=63812 62274 19643 7043 601 6442 42631 42625 1757 40868 1538 974 283 71 212 564 556 204 352 691 657 12600 9614 2986 34
is_linear=0
shrinkage=0.05


Tree=106
num_leaves=28
num_cat=0
split_feature=0 6 0 14 6 9 9 2 4 14 14 6 14 0 2 7 14 14 14 2 2 2 14 2 2 0 8
split_gain=9.10763 19.1166 27.5638 23.1715 35.2663 18.0233 20.8791 25.231 17.8135 22.2213 20.9536 17.3205 11.7425 11.0294 29.7634 21.4766 32.6702 22.8402 18.0758 15.9157 28.4445 25.8101 8.55988 5.0851 3.52092 1.62844 0.630195
threshold=151.50000000000003 0.88335000000000008 84.000000000000014 9.5000000000000018 0.97915000000000008 64.500000000000014 14.500000000000002 9478.5000000000018 1.5000000000000002 6.5000000000000009 2.5000000000000004 0.73745000000000016 7.5000000000000009 16152.500000000002 1040903.5000000001 114.50000000000001 9.5000000000000018 2.5000000000000004 1.0000000180025095e-35 47182.500000000007 58918.000000000007 42392.500000000007 6.5000000000000009 111668.00000000001 16805.000000000004 6751.0000000000009 2.5000000000000004
decision_type=2 2 2 2 2 2 2 2 2 2 2 2 2 2 2 2 2 2 2 2 2 2 2 2 2 2 2
left_child=1 5 8 4 -4 6 11 -8 10 -10 -3 -1 23 14 15 16 -2 -17 -15 21 -21 -20 -16 -7 -5 -24 -14
right_child=13 2 3 24 -6 12 7 -9 9 -11 -12 -13 26 18 22 17 -18 -19 19 20 -22 -23 25 -25 -26 -27 -28
leaf_value=0.012573090123313525 -0.0044563925012494638 -0.073966870235430235 0.084174755127282161 0.025060231805657203 -0.0066355904996000387 -0.10608261994651109 0.050180586307745557 0.0046898054259637834 0.073028849797290671 0.0046550058628744484 -0.0020288605242765319 -0.02099567161686865 0.00017606491436723793 -0.085672741175675013 0.090367426584055111 0.019575854931322374 -5.7731570686058787e-05 0.0020233361396756323 0.00092223975519067903 -0.0054938945278766096 0.00012551960416715697 0.0077647095267014176 0.01541325155195299 -0.042573222706855179 0.0045310223208325905 0.044918328228563363 -0.018397005661317582
leaf_weight=55 6555 10.999999999999998 37 45 14.999999999999998 5.9999999999999982 36 196 17 39 115 127 6.0000000000000027 5.9999999999999991 9.0000000000000018 207 11857 1764 18502 2536 20098 1489 9 7 39 10 19
leaf_count=55 6555 11 37 45 15 6 36 196 17 39 115 127 6 6 9 207 11857 1764 18502 2536 20098 1489 9 7 39 10 19
internal_value=-3.03108e-08 0.00540456 0.0147951 0.0318153 0.058017 -0.00120386 0.00182424 0.0117673 0.00206617 0.0255045 -0.00836284 -0.0108499 -0.0341124 -6.60509e-05 -0.00102184 -0.00109272 -0.00162375 0.00386765 0.000391565 0.00040388 -0.000504123 0.00143193 0.0504014 -0.0724713 0.0155455 0.0310961 -0.0139565
internal_weight=63812 770 318 136 52 452 414 232 182 56 126 182 38 63042 20411 20383 18412 1971 42631 42625 22634 19991 28 13 84 19 25
internal_count=63812 770 318 136 52 452 414 232 182 56 126 182 38 63042 20411 20383 18412 1971 42631 42625 22634 19991 28 13 84 19 25
is_linear=0
shrinkage=0.05


Tree=107
num_leaves=31
num_cat=0
split_feature=1 1 0 14 6 9 14 9 14 9 2 0 2 0 9 8 14 10 9 6 3 0 1 1 4 6 0 1 0 2
split_gain=9.71697 26.8812 35.7425 40.2782 29.3143 24.8398 35.2045 32.9209 17.2077 37.8351 54.3238 46.1706 45.8615 33.5391 14.6383 20.7651 25.439 18.3075 16.1077 17.9411 14.2448 13.8348 6.70519 6.16711 4.21798 10.843 9.66451 3.8297 7.70968 5.1631
threshold=2546982.0000000005 1687672.5000000002 72596.000000000015 9.5000000000000018 1.0087500000000003 5.5000000000000009 8.5000000000000018 93.500000000000014 9.5000000000000018 23.500000000000004 10610.000000000002 151.50000000000003 12874.500000000002 116893.00000000001 612.50000000000011 7.5000000000000009 8.5000000000000018 83.500000000000014 375.50000000000006 0.75550000000000017 1.0000000180025095e-35 760406.00000000012 2246315.5000000005 4382363.0000000009 3.5000000000000004 0.88040000000000018 277449.00000000006 11692330.000000002 85959.500000000015 57714.500000000007
decision_type=2 2 2 2 2 2 2 2 2 2 2 2 2 2 2 2 2 2 2 2 2 2 2 2 2 2 2 2 2 2
left_child=1 14 5 4 -4 6 -3 -7 9 11 20 23 -12 -13 18 16 -16 -17 21 -20 -11 -1 -5 -2 27 26 -26 28 -10 -29
right_child=8 2 3 22 -6 7 -8 -9 24 10 12 13 -14 -15 15 17 -18 -19 19 -21 -22 -23 -24 -25 25 -27 -28 29 -30 -31
leaf_value=-8.0449684144436905e-05 0.050047886568111377 0.034854675470840459 0.018564161707856824 2.4621658102315326e-05 0.055485980109962529 -0.0027481554334990305 0.0028493740010545748 0.011219620673448618 0.00097080630738096026 0.033082384143916649 -0.10727901638734459 -0.014483727831964142 -0.00055812166961556381 0.0033737538324814954 0.049640885700741724 0.0034271571971513908 0.0060999309035255512 -0.061027377316620481 0.016211901937554628 -0.0090469919504403383 0.12650775732380326 0.0071300748322530695 0.011921251941415351 0.11625646176885387 -0.0094094735867685519 0.0066297905524680019 -0.047957396597822721 -0.00022483644614712064 -0.0030921929674719573 0.0061163732889728409
leaf_weight=45554 8.9999999999999982 128 365 390 63 2233 261 520 4472 7.0000000000000009 9.9999999999999982 1249 3058 333 60 123 76 11.999999999999998 77 798 10 675 170 5.9999999999999991 161 110 18 648 1580 636
leaf_count=45554 9 128 365 390 63 2233 261 520 4472 7 10 1249 3058 333 60 123 76 12 77 798 10 675 170 6 161 110 18 648 1580 636
internal_value=-2.30159e-08 0.00030158 0.00417027 0.0124647 0.0240106 0.00156178 0.0133869 -0.000109542 -0.00126223 -0.00364813 -0.000414151 -0.00989495 -0.000909459 -0.0107249 -3.56874e-05 0.0115495 0.0253315 -0.00234307 -0.000102364 -0.00682261 0.0884569 2.4848e-05 0.00363758 0.0771258 0.00020282 -0.00572105 -0.0133104 0.000436264 -8.99574e-05 0.00291637
internal_weight=63812 51505 4130 988 428 3142 389 2753 12307 4682 3085 1597 3068 1582 47375 271 136 135 47104 875 17 46229 560 15 7625 289 179 7336 6052 1284
internal_count=63812 51505 4130 988 428 3142 389 2753 12307 4682 3085 1597 3068 1582 47375 271 136 135 47104 875 17 46229 560 15 7625 289 179 7336 6052 1284
is_linear=0
shrinkage=0.05


Tree=108
num_leaves=30
num_cat=0
split_feature=4 4 1 0 14 12 0 9 9 7 0 12 2 9 14 10 2 14 8 0 10 14 12 14 14 0 14 14 14
split_gain=9.17177 13.5531 35.5329 21.7012 36.665 22.7982 13.0014 22.3425 35.8535 23.0695 19.4675 24.3229 23.9992 11.9494 19.1928 13.9757 17.3481 11.8494 3.83496 3.79425 4.45642 3.5289 3.32787 2.50933 2.46811 1.90625 1.06604 0.311477 0.288354
threshold=15.500000000000002 4.5000000000000009 11692330.000000002 55985.500000000007 9.5000000000000018 40.500000000000007 559261.00000000012 475.50000000000006 491.50000000000006 446.50000000000006 601135.50000000012 227.50000000000003 130568.50000000001 677.50000000000011 7.5000000000000009 4.5000000000000009 138875.00000000003 9.5000000000000018 11.500000000000002 51114.500000000007 3.5000000000000004 6.5000000000000009 187.50000000000003 10.500000000000002 3.5000000000000004 277449.00000000006 12.500000000000002 12.500000000000002 2.5000000000000004
decision_type=2 2 2 2 2 2 2 2 2 2 2 2 2 2 2 2 2 2 2 2 2 2 2 2 2 2 2 2 2
left_child=1 6 3 5 -5 -3 7 9 -9 -1 11 -8 -12 14 15 16 -2 22 -19 23 -21 28 -4 -16 -17 27 -27 -23 -15
right_child=13 2 17 4 -6 -7 10 8 -10 -11 12 -13 -14 21 19 24 -18 18 -20 20 -22 25 -24 -25 -26 26 -28 -29 -30
leaf_value=-0.00028504636931381093 -0.099419953271013745 -0.0090694904483254873 -0.05310309079347874 0.024645863901481782 0.0025746057035931492 0.0045606551810337854 0.02209603327538754 -0.045518833527823606 -0.0055866158939609873 0.0085812645764016798 0.0080249572438169155 -0.036805091869495613 -0.0028613640770401715 0.043441421699290196 0.032523993035437362 -0.062233275788671841 -0.0011225289648823572 -0.044959502525566027 -0.0050213180543962595 -0.045359948705328577 -0.0067638355048046904 -0.023581018196601494 -0.10832929863056667 -0.00087821274494058086 -0.10956047972043358 0.00030424971317435495 0.026925856811584714 -0.0066160318121069768 0.026666002794050833
leaf_weight=57720 6.0000000000000027 411 4.9999999999999982 309 481 1209 214 65 412 743 919 19 1127 4.9999999999999982 6.9999999999999991 4.9999999999999991 17 12.000000000000002 11.999999999999998 9.9999999999999982 29 5 7 27 7.9999999999999991 7.9999999999999991 7.0000000000000009 6 7
leaf_count=57720 6 411 5 309 481 1209 214 65 412 743 919 19 1127 5 7 5 17 12 12 10 29 5 7 27 8 8 7 6 7
internal_value=1.98741e-09 2.88158e-05 0.00367841 0.00441579 0.0112096 0.00110229 -0.000117009 -0.000260293 -0.0110365 -0.000172351 0.00358847 0.0172792 0.00202859 -0.0124706 -0.0208829 -0.050706 -0.0270847 -0.0455604 -0.0250941 -0.00612643 -0.016751 0.0116508 -0.0859474 0.00607392 -0.0919717 0.00126502 0.0128237 -0.0144704 0.033957
internal_weight=63812 63665 2446 2410 790 1620 61219 58940 477 58463 2279 233 2046 147 109 36 23 36 24 73 39 38 12 34 13 26 15 11 12
internal_count=63812 63665 2446 2410 790 1620 61219 58940 477 58463 2279 233 2046 147 109 36 23 36 24 73 39 38 12 34 13 26 15 11 12
is_linear=0
shrinkage=0.05


Tree=109
num_leaves=29
num_cat=0
split_feature=12 0 12 9 0 9 0 0 1 6 7 9 9 1 1 1 3 7 2 0 0 2 2 8 7 4 3 0
split_gain=8.71228 15.7822 38.2425 23.6679 32.8781 21.0078 15.0564 15.636 29.9553 16.6282 15.0148 26.1785 19.1689 65.6021 18.9298 25.585 18.6085 27.1686 23.7317 18.0081 17.6691 14.8573 16.5716 15.5214 10.6838 7.00163 5.95755 1.98479
threshold=66.500000000000014 381.00000000000006 62.500000000000007 4.5000000000000009 227.50000000000003 130.50000000000003 9622.5000000000018 11014.500000000002 759488.50000000012 1.1425000000000003 5.5000000000000009 3.5000000000000004 2.5000000000000004 9612890.0000000019 4978889.0000000009 4870668.0000000009 1.0000000180025095e-35 1.5000000000000002 2094.0000000000005 189385.50000000003 41092.000000000007 142446.00000000003 26944.500000000004 3.5000000000000004 4.5000000000000009 1.5000000000000002 1.0000000180025095e-35 49.000000000000007
decision_type=2 2 2 2 2 2 2 2 2 2 2 2 2 2 2 2 2 2 2 2 2 2 2 2 2 2 2 2
left_child=1 2 3 4 -1 -5 21 8 -8 -9 11 16 13 20 15 -14 18 -18 -2 -16 -12 22 -3 -23 -13 -4 -26 -27
right_child=10 6 25 5 -6 -7 7 9 -10 -11 12 24 14 -15 19 -17 17 -19 -20 -21 -22 23 -24 -25 26 27 -28 -29
leaf_value=0.0011161188984757479 0.00026049997783836277 -0.0016150884149266687 0.078893905986618537 -0.0018723564306777568 0.053621947807444018 0.036307088991631986 0.021404241291726859 -0.00050453430684676854 0.00076491729389128278 0.008068706919473834 -0.013618626122799418 0.011347288763477603 0.0013603004795819155 0.10315329548138291 -0.0035940971217201636 0.025529952762102022 0.030456541420033813 -0.0032615681966788111 -0.032349940507627177 0.0035533707489796571 0.027196303650876216 0.012349582856683495 -0.0069163540065787961 -0.0070251775367607327 -0.030000364395736875 0.024583115988636606 -0.061905991539593141 0.050624010826837498
leaf_weight=68 133 4844 14.999999999999998 663 53 38 242 28341 642 577 59 12.999999999999998 19854 20 3836 110 80 235 96 1144 48 314 2119 154 65 15.999999999999998 19 14.000000000000002
leaf_count=68 133 4844 15 663 53 38 242 28341 642 577 59 13 19854 20 3836 110 80 235 96 1144 48 314 2119 154 65 16 19 14
internal_value=-3.46765e-08 -0.000479978 0.0061884 0.00372835 0.0241398 0.000202169 -0.000635272 -0.000133195 0.00641683 -0.000333445 0.000711143 -0.00684474 0.000904354 0.0202727 0.000805661 0.0014936 -0.0025756 0.00530871 -0.0134184 -0.00195215 0.00469917 -0.00264882 -0.00322846 0.00597399 -0.0307598 0.0510174 -0.0372821 0.0368633
internal_weight=63812 38100 867 822 121 701 37233 29802 884 28918 25712 641 25071 127 24944 19964 544 315 229 4980 107 7431 6963 468 97 45 84 30
internal_count=63812 38100 867 822 121 701 37233 29802 884 28918 25712 641 25071 127 24944 19964 544 315 229 4980 107 7431 6963 468 97 45 84 30
is_linear=0
shrinkage=0.05


Tree=110
num_leaves=24
num_cat=0
split_feature=8 8 10 14 10 9 0 9 4 7 14 14 0 10 4 4 4 0 14 2 2 4 0
split_gain=8.59503 14.8094 12.0146 21.4073 11.7306 11.8921 27.4941 17.0465 9.49256 7.86389 6.44879 5.52465 5.14441 3.09602 2.9291 2.63257 1.95186 1.93834 1.36217 1.18099 0.694397 0.217021 0.0473072
threshold=13.500000000000002 11.500000000000002 3.5000000000000004 8.5000000000000018 101.50000000000001 475.50000000000006 37343.500000000007 456.50000000000006 4.5000000000000009 741.50000000000011 9.5000000000000018 8.5000000000000018 829572.00000000012 135.50000000000003 1.0000000180025095e-35 4.5000000000000009 12.500000000000002 1625.5000000000002 9.5000000000000018 413348.50000000006 214177.00000000003 1.5000000000000002 147339.00000000003
decision_type=2 2 2 2 2 2 2 2 2 2 2 2 2 2 2 2 2 2 2 2 2 2 2
left_child=1 4 3 9 5 7 -7 -1 14 -3 13 12 22 -6 -4 -5 -12 -13 -10 20 -19 -21 -2
right_child=11 2 8 15 10 6 -8 -9 18 -11 16 17 -14 -15 -16 -17 -18 19 -20 21 -22 -23 -24
leaf_value=2.5155867147769854e-06 -0.071722830627478779 0.085338498503841134 0.033319748451446633 0.013198236334117458 0.024903188383513297 0.012680119596078633 -0.011030808510228113 0.020652349022418061 -0.060535629590352392 0.03334090722198705 -0.0058977232673467486 0.015103345290875772 -0.011256718631534851 0.05899916414493396 0.005011645496077478 -0.018557362570580875 0.024077937741514663 -0.012410173146629035 -0.023056972698838104 0.0010379036809776865 -0.032849049420802155 -0.0091708413700559242 -0.05719897852224462
leaf_weight=62670 5.0000000000000018 17.000000000000004 10.999999999999998 23 40 153 607 100 4.9999999999999982 12.999999999999998 23.000000000000004 6.9999999999999991 7.9999999999999991 7.9999999999999991 52 8.9999999999999982 6.9999999999999991 8.0000000000000018 5 7.0000000000000027 8.9999999999999982 20 5
leaf_count=62670 5 17 11 23 40 153 607 100 5 13 23 7 8 8 52 9 7 8 5 7 9 20 5
internal_value=-7.26511e-09 1.90985e-05 0.0165558 0.0327224 -1.60247e-05 -3.98319e-05 -0.00625638 3.54461e-05 0.00279937 0.0629918 0.0193499 -0.0176246 -0.0413636 0.0306967 0.0099993 0.00423699 0.00115335 -0.0091816 -0.0422101 -0.0130706 -0.0233596 -0.00653007 -0.0650991
internal_weight=63812 63743 135 62 63608 63530 760 62770 73 30 78 69 18 48 63 32 30 51 10 44 17 27 10
internal_count=63812 63743 135 62 63608 63530 760 62770 73 30 78 69 18 48 63 32 30 51 10 44 17 27 10
is_linear=0
shrinkage=0.05


Tree=111
num_leaves=24
num_cat=0
split_feature=9 11 11 2 9 6 9 1 4 1 12 7 9 1 1 7 6 9 6 4 12 1 1
split_gain=8.47239 25.3349 25.6369 21.5132 32.4065 39.3395 25.0709 19.1607 17.0798 16.0873 12.7868 10.9831 36.8767 33.97 18.6193 17.7452 31.4341 19.746 9.4768 8.72882 2.57552 1.24515 0.778957
threshold=13.500000000000002 7.5000000000000009 1.0000000180025095e-35 9478.5000000000018 17.500000000000004 0.98585000000000012 18.500000000000004 1091390.5000000002 4.5000000000000009 54366.000000000007 956.50000000000011 19.500000000000004 15.500000000000002 612272.00000000012 2941099.0000000005 23.500000000000004 0.69125000000000003 14.500000000000002 0.86465000000000003 2.5000000000000004 1428.5000000000002 1617733.0000000002 9617.0000000000018
decision_type=2 2 2 2 2 2 2 2 2 2 2 2 2 2 2 2 2 2 2 2 2 2 2
left_child=1 2 8 4 10 6 -6 -7 9 -1 19 12 13 -5 -14 16 -13 -17 -12 -2 22 -10 -4
right_child=3 -3 20 11 5 7 -8 -9 21 -11 18 15 14 -15 -16 17 -18 -19 -20 -21 -22 -23 -24
leaf_value=-0.013297802285846583 0.0018770784109491132 0.061711210098048169 -0.070802234637905123 -0.028631897426178152 0.027765038616434496 -0.092640355376914008 0.0091797090464417058 -0.015100965853242738 -0.079755922158559187 -0.00071508995265209515 -0.01659579483586698 0.015050811665468797 -0.027244556670787002 0.0070844132585747887 0.0087785214453659031 -0.018612342485030728 0.0010018071209680257 5.7442466579581764e-05 -0.081369224148736874 -0.017528260560933373 -0.021105695515871048 -0.045543870665657689 -0.049153715914843098
leaf_weight=258 1124 15.999999999999998 7.0000000000000044 78 266 9.9999999999999982 571 38 4.9999999999999982 16084 28 545 215 451 43 142 1477 42357 6.9999999999999991 61 6.9999999999999991 7 15
leaf_count=258 1124 16 7 78 266 10 571 38 5 16084 28 545 215 451 43 142 1477 42357 7 61 7 7 15
internal_value=-5.79416e-09 -0.000979631 -0.00104123 0.000338824 0.00527993 0.0125633 0.0150888 -0.031414 -0.000957794 -0.00091382 -4.11131e-06 0.00010925 -0.00574555 0.0018137 -0.0212396 0.000212759 0.00478906 -4.9817e-06 -0.0297454 0.000876759 -0.0479302 -0.0603402 -0.0563311
internal_weight=63812 16399 16383 47413 2105 885 837 48 16354 16342 1220 45308 787 529 258 44521 2022 42499 35 1185 29 12 22
internal_count=63812 16399 16383 47413 2105 885 837 48 16354 16342 1220 45308 787 529 258 44521 2022 42499 35 1185 29 12 22
is_linear=0
shrinkage=0.05


Tree=112
num_leaves=31
num_cat=0
split_feature=1 1 0 14 9 12 12 14 9 12 12 0 7 9 12 6 14 0 0 0 11 14 7 1 4 6 6 12 1 1
split_gain=8.54171 23.5773 32.084 51.429 50.4004 22.5356 32.1335 15.9039 34.4455 49.2583 70.7183 44.7269 39.5731 24.7834 14.3236 13.7986 19.5598 19.7109 12.2299 23.4692 17.399 12.0463 9.20963 4.53714 3.66085 9.49848 8.55449 3.69273 3.89977 3.73065
threshold=2546982.0000000005 1687672.5000000002 17043.500000000004 9.5000000000000018 1.0000000180025095e-35 956.50000000000011 231.50000000000003 9.5000000000000018 23.500000000000004 592.00000000000011 682.50000000000011 151.50000000000003 28.500000000000004 484.50000000000006 572.00000000000011 1.0775000000000003 1.5000000000000002 18871.000000000004 1513.5000000000002 2875.5000000000005 5.5000000000000009 8.5000000000000018 22.500000000000004 1809478.0000000002 3.5000000000000004 0.88040000000000018 0.74070000000000003 35.500000000000007 12633441.000000002 3086419.0000000005
decision_type=2 2 2 2 2 2 2 2 2 2 2 2 2 2 2 2 2 2 2 2 2 2 2 2 2 2 2 2 2 2
left_child=1 15 5 4 -4 6 -3 8 9 11 -11 -2 14 -14 -10 18 22 -18 20 -20 -1 -7 -17 -5 27 26 -26 29 -29 -9
right_child=7 2 3 23 -6 21 -8 24 12 10 -12 -13 13 -15 -16 16 17 -19 19 -21 -22 -23 -24 -25 25 -27 -28 28 -30 -31
leaf_value=0.0028505345669667561 0.073291154615334336 0.00013665388130841731 0.067554307455311019 0.0069875774302633259 0.013031242078601742 0.074753140304105486 -0.020816295721305902 -0.0098764928414929749 0.046523386144468791 0.094174631741417353 0.0025012534209093986 -0.013221722452294846 -0.00036901536957544863 -0.025083015195238492 -0.024591588679655101 -0.10983943705465274 -0.010526144457127865 -0.00014564645328126033 -0.005893447924523839 0.00017662147251705702 0.034864793788736768 0.0079581943902236815 -0.032857063918085821 8.3796134358399971e-05 0.032326073892930948 0.006265901182400703 -0.015060946573272 0.00033486939902470413 0.0036290407912863533 -0.0011254125079661881
leaf_weight=2777 14.999999999999998 1110 44 289 1095 14.000000000000002 219 140 58 25 130 1427 2914 105 7.9999999999999991 5.0000000000000027 674 1422 1657 40780 43 12.999999999999998 17 1346 9.9999999999999982 110 169 5177 1087 932
leaf_count=2777 15 1110 44 289 1095 14 219 140 58 25 130 1427 2914 105 8 5 674 1422 1657 40780 43 13 17 1346 10 110 169 5177 1087 932
internal_value=-4.04224e-08 0.000282736 0.00390588 0.00698697 0.0151432 -0.00239723 -0.0033174 -0.00118346 -0.0034772 -0.00943762 0.0173385 -0.0123168 -0.00039148 -0.00122936 0.0378792 -3.31257e-05 -0.00397754 -0.00348399 0.000151479 -6.04045e-05 0.00333991 0.0427407 -0.0507709 0.00130445 0.000225001 -0.0052938 -0.0123971 0.000442482 0.00090656 -0.00226909
internal_weight=63812 51505 4130 2774 1139 1356 1329 12307 4682 1597 155 1442 3085 3019 66 47375 2118 2096 45257 42437 2820 27 22 1635 7625 289 179 7336 6264 1072
internal_count=63812 51505 4130 2774 1139 1356 1329 12307 4682 1597 155 1442 3085 3019 66 47375 2118 2096 45257 42437 2820 27 22 1635 7625 289 179 7336 6264 1072
is_linear=0
shrinkage=0.05


Tree=113
num_leaves=30
num_cat=0
split_feature=5 5 10 9 7 9 2 0 12 7 5 12 12 8 9 9 0 8 9 0 8 8 8 0 10 9 5 2 0
split_gain=8.03436 20.1886 29.5833 25.6521 35.4113 17.4065 30.0427 30.0925 16.1907 15.3901 15.5901 15.1329 23.6568 24.971 17.9237 23.0995 21.2221 17.795 14.5927 14.486 14.3745 13.6772 10.7485 9.22607 5.54528 4.19024 3.55587 2.20496 1.58886
threshold=5413.0000000000009 3465.0000000000005 1.5000000000000002 13.500000000000002 23.500000000000004 224.50000000000003 86778.500000000015 82967.000000000015 28.500000000000004 114.50000000000001 175724.50000000003 191.50000000000003 288.50000000000006 1.0000000180025095e-35 677.50000000000011 475.50000000000006 1383168.5000000002 6.5000000000000009 124.50000000000001 300438.00000000006 2.5000000000000004 2.5000000000000004 1.5000000000000002 1918.0000000000002 9.5000000000000018 260.50000000000006 251856.00000000003 550532.50000000012 690876.00000000012
decision_type=2 2 2 2 2 2 2 2 2 2 2 2 2 2 2 2 2 2 2 2 2 2 2 2 2 2 2 2 2
left_child=1 11 3 4 -3 6 9 20 -9 10 -2 14 17 -14 15 -1 -16 -13 -11 24 -8 22 -4 -5 25 -7 -26 -21 -29
right_child=5 2 21 23 -6 19 7 8 -10 18 -12 12 13 -15 16 -17 -18 -19 -20 27 -22 -23 -24 -25 26 -27 -28 28 -30
leaf_value=-0.00022147611711083797 -0.0017901168029998513 0.0066926460948689356 0.028786992286859284 0.030334622179577643 0.069007088404252709 0.026599693900117505 -0.01237294743811156 0.0015081019858691209 -0.014639334886832993 0.035643188392968553 0.0038165179225515093 0.003831417273630447 -0.026931639993289704 0.0003260414119917684 0.020303820286334755 -0.011935412940008151 -0.06272222752464407 0.016068005620061575 -0.014283759287785533 0.012026563065476939 -0.030599052042317394 -0.042291598211900872 0.067281710136403397 -0.022610744397796426 0.032206214221972979 -0.00052647287504482745 0.0030176126020998997 -0.021487760477840241 -0.0023098953932688382
leaf_weight=42183 6630 249 52 8.9999999999999982 25 22 311 579 212 54 1525 3832 85 6639 156 425 7.9999999999999991 322 20 9.9999999999999982 166 4.9999999999999991 28 87 81 40 11.999999999999998 27 18
leaf_count=42183 6630 249 52 9 25 22 311 579 212 54 1525 3832 85 6639 156 425 8 322 20 10 166 5 28 87 81 40 12 27 18
internal_value=-2.28743e-08 0.000237617 0.0107242 0.0046092 0.0124014 -0.00132457 -0.00163948 -0.00880324 -0.00282096 -0.000535525 -0.000741632 0.000148661 0.00181379 -1.89261e-05 -0.000274827 -0.000338346 0.016218 0.00478031 0.0221484 0.0129106 -0.0187209 0.0373059 0.0423273 -0.0176207 0.0207297 0.00912627 0.0284472 -0.00912267 -0.0138387
internal_weight=63812 54105 455 370 274 9707 9497 1268 791 8229 8155 53650 10878 6724 42772 42608 164 4154 74 210 477 85 80 96 155 62 93 55 45
internal_count=63812 54105 455 370 274 9707 9497 1268 791 8229 8155 53650 10878 6724 42772 42608 164 4154 74 210 477 85 80 96 155 62 93 55 45
is_linear=0
shrinkage=0.05


Tree=114
num_leaves=20
num_cat=0
split_feature=8 8 10 10 9 9 9 10 1 1 0 10 2 10 0 0 1 0 0
split_gain=7.89126 12.9286 10.9531 10.3129 9.8992 24.9877 15.6391 5.73482 6.04879 4.59009 3.9423 2.49103 2.43113 2.27508 1.92426 0.966242 0.393533 0.067447 0.0272397
threshold=13.500000000000002 11.500000000000002 3.5000000000000004 101.50000000000001 475.50000000000006 491.50000000000006 468.50000000000006 21.500000000000004 1617733.0000000002 1593284.5000000002 644507.00000000012 135.50000000000003 109579.00000000001 123.50000000000001 1625.5000000000002 829572.00000000012 24096296.500000004 1153118.0000000002 61910.000000000007
decision_type=2 2 2 2 2 2 2 2 2 2 2 2 2 2 2 2 2 2 2
left_child=1 3 10 4 6 -6 -1 8 -4 18 12 13 -3 -5 -11 16 -16 -17 -2
right_child=9 2 7 11 5 -7 -8 -9 -10 14 -12 -13 -14 -15 15 17 -18 -19 -20
leaf_value=9.7526110104323378e-06 -0.052974639862191454 0.049227354945717283 -0.030957068797651227 0.018467756376959216 -0.029397660511498842 -0.002238922452474331 0.028239358402409282 -0.040370698126269061 0.012942803906188747 0.011159238738962164 0.061409398094638371 0.041353635932549399 0.020689708300044681 -0.007291382104896083 -0.026372521652938415 -0.0096827040768944286 -0.014441581954824102 -0.0040651433409588161 -0.042187291727054349
leaf_weight=62721 4.9999999999999982 8.9999999999999982 8.9999999999999982 58 97 663 49 6.9999999999999991 57 7.9999999999999991 8.9999999999999982 9.9999999999999982 44 9.9999999999999982 15.999999999999998 12 13.000000000000002 10 5
leaf_count=62721 5 9 9 58 97 663 49 7 57 8 9 10 44 10 16 12 13 10 5
internal_value=-1.44724e-08 1.82924e-05 0.0154693 -1.45247e-05 -3.6847e-05 -0.00570865 3.18344e-05 0.00233506 0.00691868 -0.0168877 0.0309052 0.0181435 0.0256193 0.0146745 -0.0115332 -0.0151077 -0.0210922 -0.00715922 -0.0480521
internal_weight=63812 63743 135 63608 63530 760 62770 73 66 69 62 78 53 68 59 51 29 22 10
internal_count=63812 63743 135 63608 63530 760 62770 73 66 69 62 78 53 68 59 51 29 22 10
is_linear=0
shrinkage=0.05


Tree=115
num_leaves=24
num_cat=0
split_feature=4 6 4 1 6 0 0 0 9 9 7 0 6 7 1 1 6 4 8 6 1 0 0
split_gain=7.95974 13.3154 11.9936 29.0225 21.8598 30.3682 24.6731 11.0458 16.9741 29.3772 19.58 16.6176 26.0407 14.8277 7.18472 5.07145 4.77755 4.38597 2.89809 2.12542 0.422703 0.209442 0.161416
threshold=15.500000000000002 0.77840000000000009 4.5000000000000009 11692330.000000002 0.86355000000000015 147339.00000000003 55985.500000000007 559261.00000000012 475.50000000000006 491.50000000000006 446.50000000000006 601135.50000000012 1.0950000000000004 52.500000000000007 14021444.500000002 7485604.0000000009 0.77055000000000018 21.500000000000004 14.500000000000002 0.87535000000000018 555936.50000000012 109349.00000000001 89164.000000000015
decision_type=2 2 2 2 2 2 2 2 2 2 2 2 2 2 2 2 2 2 2 2 2 2 2
left_child=2 16 7 4 5 -4 -6 8 10 -10 -1 12 -9 -13 -5 17 21 20 -16 -19 -3 -2 -18
right_child=1 15 3 14 6 -7 -8 11 9 -11 -12 13 -14 -15 18 -17 22 19 -20 -21 -22 -23 -24
leaf_value=-0.00026959118243493057 -0.025043816290345494 -0.027683746580984062 0.002708087912256549 -0.096189952364154896 0.00249835284872661 -0.024038803417604553 0.020323134164110145 0.018686124798723874 -0.040848159440828868 -0.004702108439813564 0.0078986855321531834 0.0078043894227870546 -0.086020000156809079 -0.0011857666993000137 -0.044816451507378674 -0.037761282405735536 -0.0580711052113888 0.015049499281107666 -0.013725014965099687 -0.0091581089308837779 -0.01121716968488792 -0.015801753308543397 -0.045419450705222658
leaf_weight=57720 8.9999999999999982 5.0000000000000027 1518 4.9999999999999991 406 114 372 227 65 412 743 694 5.9999999999999991 1352 18 7.9999999999999991 5.0000000000000027 50 13.000000000000002 10.999999999999998 18 23 18
leaf_count=57720 9 5 1518 5 406 114 372 227 65 412 743 694 6 1352 18 8 5 50 13 11 18 23 18
internal_value=-1.50407e-08 -0.0116175 2.68275e-05 0.00346004 0.00412644 0.00083838 0.0110228 -0.000110352 -0.00024242 -0.0096352 -0.000165768 0.0033051 0.0159541 0.00186391 -0.04104 2.43283e-05 -0.0310558 0.00366358 -0.0318642 0.0106763 -0.0149012 -0.018471 -0.0484093
internal_weight=63812 147 63665 2446 2410 1632 778 61219 58940 477 58463 2279 233 2046 36 92 55 84 31 61 23 32 23
internal_count=63812 147 63665 2446 2410 1632 778 61219 58940 477 58463 2279 233 2046 36 92 55 84 31 61 23 32 23
is_linear=0
shrinkage=0.05


Tree=116
num_leaves=30
num_cat=0
split_feature=14 2 9 7 9 3 8 0 10 7 2 2 2 14 14 2 10 10 0 2 10 7 4 10 10 1 2 14 14
split_gain=8.35192 21.1228 62.7725 47.9659 72.2927 52.5058 47.6736 43.1076 40.7424 31.4385 26.9401 36.8888 29.6038 25.6817 15.6602 10.4905 3.37785 4.89962 4.51604 5.70402 4.06347 3.67556 3.44892 5.37115 3.10642 2.69979 2.23876 1.96837 0.0770833
threshold=10.500000000000002 30369.500000000004 35.500000000000007 74.500000000000014 52.500000000000007 1.0000000180025095e-35 3.5000000000000004 8026.0000000000009 14.500000000000002 28.500000000000004 39684.500000000007 46363.500000000007 39026.500000000007 7.5000000000000009 6.5000000000000009 197706.50000000003 41.500000000000007 44.500000000000007 690876.00000000012 1040903.5000000001 40.500000000000007 1045.5000000000002 11.500000000000002 16.500000000000004 39.500000000000007 3265040.5000000005 505427.50000000006 12.500000000000002 13.500000000000002
decision_type=2 2 2 2 2 2 2 2 2 2 2 2 2 2 2 2 2 2 2 2 2 2 2 2 2 2 2 2 2
left_child=1 3 8 4 7 13 -6 -1 9 -3 12 -12 -4 -5 -7 -10 20 25 21 -20 22 -19 24 -24 -2 27 -22 -18 -28
right_child=16 2 10 5 6 14 -8 -9 15 -11 11 -13 -14 -15 -16 -17 17 18 19 -21 26 -23 23 -25 -26 -27 28 -29 -30
leaf_value=-0.0041709741755942154 0.0006252458523189837 -0.00053132163564309574 -0.0066606107768058288 -0.12518714282525145 0.040250890794698208 0.070841757603633565 -0.0080390245030592927 0.0022965394840210943 -0.11440177328951724 -0.010920960335502316 0.011649863052977591 -0.00033147573233777741 -0.047473023157179231 -0.018221437517139647 -0.035318343121497356 -0.026528390014872835 -0.00021345556484467072 -0.00069226772885026648 0.012386554949053004 -0.016099843790410705 -0.00068117629309169547 0.015802565314098637 -0.00419575499986472 -0.04020568074004071 -0.032451177488120507 -0.044108298917611449 0.031192332628320482 -0.020519665282834727 0.041531159740979554
leaf_weight=3546 33190 1079 786 19.000000000000004 189 7.9999999999999982 70 9422 10.999999999999998 2239 679 11896 47 7.9999999999999991 6 4.9999999999999991 19 214 22 86 6.0000000000000027 40 155 10.999999999999998 6.9999999999999991 7.9999999999999991 5.9999999999999982 32 6
leaf_count=3546 33190 1079 786 19 189 8 70 9422 11 2239 679 11896 47 8 6 5 19 214 22 86 6 40 155 11 7 8 6 32 6
internal_value=-5.08839e-08 -0.000607136 -0.00178803 0.000882956 0.00105053 -0.0530485 0.0272015 0.000528029 -0.00792766 -0.00754241 -0.000261315 0.000315556 -0.00896877 -0.0936778 0.0254168 -0.0872767 0.00053893 -0.00391123 -0.00173153 -0.010291 0.000595067 0.00191054 0.000582216 -0.00660472 0.000618174 -0.0172595 0.0242795 -0.0129698 0.0366623
internal_weight=63812 30010 16742 13268 13227 41 259 12968 3334 3318 13408 12575 833 27 14 16 33802 421 362 108 33381 254 33363 166 33197 59 18 51 12
internal_count=63812 30010 16742 13268 13227 41 259 12968 3334 3318 13408 12575 833 27 14 16 33802 421 362 108 33381 254 33363 166 33197 59 18 51 12
is_linear=0
shrinkage=0.05


Tree=117
num_leaves=24
num_cat=0
split_feature=9 11 11 2 7 3 0 0 6 6 2 9 8 7 9 2 7 6 9 8 12 2 0
split_gain=7.63318 21.6532 23.0877 19.0015 29.8793 23.8457 35.3694 25.8549 23.0944 15.546 15.5024 25.0008 17.8222 9.91019 33.1723 18.6263 15.9679 28.4348 17.618 15.4214 2.31699 2.10557 0.730584
threshold=13.500000000000002 7.5000000000000009 1.0000000180025095e-35 9478.5000000000018 26.500000000000004 1.0000000180025095e-35 9622.5000000000018 151.50000000000003 0.85950000000000004 0.77840000000000009 5376.0000000000009 10.500000000000002 4.5000000000000009 19.500000000000004 15.500000000000002 15127.500000000002 23.500000000000004 0.69125000000000003 14.500000000000002 1.5000000000000002 1428.5000000000002 9067.0000000000018 11918.500000000002
decision_type=2 2 2 2 2 2 2 2 2 2 2 2 2 2 2 2 2 2 2 2 2 2 2
left_child=1 2 10 4 5 7 -7 -2 9 -6 11 -1 -12 14 15 -5 17 -15 -18 -16 22 -10 -4
right_child=3 -3 20 13 8 6 -8 -9 21 -11 12 -13 -14 16 19 -17 18 -19 -20 -21 -22 -23 -24
leaf_value=-6.7743015427573856e-05 0.036991156606698265 0.057026995577334622 -0.067431511803412059 -0.006673431601321507 -0.019653575097928283 -0.0065534782220081217 0.015113628474810091 -0.0029988249905236204 -0.020389087867028637 0.06584559810134559 -0.0019282778093485339 0.010243657437128663 -0.019070939189892829 0.014305113714586938 -0.01362848396805286 0.012205194110650554 -0.017578581864188605 0.00094315620305001648 5.6518772175419441e-05 -0.043087202259673753 -0.020040514236184914 0.0087353556521051791 -0.046524554491043091
leaf_weight=6138 42 15.999999999999998 7.0000000000000044 294 5.9999999999999991 255 720 1012 10.000000000000002 44 9412 650 154 545 201 235 142 1477 42357 57 6.9999999999999991 15.999999999999998 15
leaf_count=6138 42 16 7 294 6 255 720 1012 10 44 9412 650 154 545 201 235 142 1477 42357 57 7 16 15
internal_value=-7.42287e-08 -0.000929918 -0.000986868 0.000321537 0.00496526 0.00381142 0.00944676 -0.00140194 0.0357242 0.0555669 -0.000907686 0.000919784 -0.00220445 0.000105781 -0.0054557 0.00171383 0.000204103 0.0045452 -2.44582e-06 -0.020151 -0.0454836 -0.00250155 -0.0534518
internal_weight=63812 16399 16383 47413 2105 2029 975 1054 76 50 16354 6788 9566 45308 787 529 44521 2022 42499 258 29 26 22
internal_count=63812 16399 16383 47413 2105 2029 975 1054 76 50 16354 6788 9566 45308 787 529 44521 2022 42499 258 29 26 22
is_linear=0
shrinkage=0.05


Tree=118
num_leaves=31
num_cat=0
split_feature=1 1 0 14 14 7 9 14 14 9 2 2 12 12 0 9 12 4 6 11 10 6 14 7 0 1 6 10 10 12
split_gain=7.90072 20.9341 30.3167 33.4366 27.0512 26.924 28.8948 26.2235 14.3066 31.078 44.478 50.5347 44.2431 63.3839 40.0412 12.7258 12.6141 22.7659 19.1295 17.7454 16.032 11.2687 9.03608 7.96636 3.77539 10.3238 6.63314 4.90289 4.75767 9.41022
threshold=2546982.0000000005 1687672.5000000002 72596.000000000015 9.5000000000000018 4.5000000000000009 204.50000000000003 5.5000000000000009 9.5000000000000018 9.5000000000000018 23.500000000000004 11315.500000000002 12874.500000000002 592.00000000000011 682.50000000000011 151.50000000000003 25.500000000000004 510.50000000000006 6.5000000000000009 1.1925000000000001 7.5000000000000009 2.5000000000000004 0.74585000000000012 9.5000000000000018 1.5000000000000002 227749.50000000003 7344867.0000000009 0.81940000000000002 51.500000000000007 11.500000000000002 219.50000000000003
decision_type=2 2 2 2 2 2 2 2 2 2 2 2 2 2 2 2 2 2 2 2 2 2 2 2 2 2 2 2 2 2
left_child=1 16 5 4 -4 6 -3 -7 9 12 15 -12 14 -14 -2 -11 19 18 -18 20 -1 -19 -21 -5 28 26 -26 -27 -10 -30
right_child=8 2 3 23 -6 7 -8 -9 24 10 11 -13 13 -15 -16 -17 17 21 -20 22 -22 -23 -24 -25 25 27 -28 -29 29 -31
leaf_value=0.00069705802180958199 0.069295787320330454 0.012536306571468148 0.011332305917180728 -0.036849033703242454 0.036881302979979443 0.033791951493954885 -0.0021174028989682943 0.0023918047182888607 0.00024634290578205687 0.11513362987206713 -0.11849580295793304 -0.00049377061470872504 0.089143760086768178 0.0023543827642302255 -0.012560195159522067 0.030213244673278589 -0.0045076117180405844 -0.0018233161343157818 -0.051297078343167296 0.077309447768572195 -0.0014204997258656293 0.034775633650566511 0.0097685878748422147 0.0041676714912587407 -0.016578109170509371 0.003704268450459776 -0.0039103653164004456 -0.026265643959772506 0.0099658838463684354 -0.0058058274213300797
leaf_weight=33099 14.999999999999998 389 252 11.999999999999998 176 120 2484 149 6239 10 8.9999999999999982 3058 25 130 1427 8 1900 34 22 11.000000000000002 12245 55 8.9999999999999982 548 150 425 332 13.999999999999998 333 132
leaf_count=33099 15 389 252 12 176 120 2484 149 6239 10 9 3058 25 130 1427 8 1900 34 22 11 12245 55 9 548 150 425 332 14 333 132
internal_value=-7.5548e-08 0.000271884 0.00368591 0.0113249 0.0218446 0.00128356 -0.000132945 0.0164067 -0.00113822 -0.00331373 -0.000382722 -0.000843895 -0.00897531 0.0164011 -0.011704 0.0777667 -2.57468e-05 -0.00390066 -0.00504582 0.000146038 0.000125217 0.0208077 0.0471159 0.00328232 0.000197634 -0.00280389 -0.00785523 0.00274274 0.000610021 0.00548847
internal_weight=63812 51505 4130 988 428 3142 2873 269 12307 4682 3085 3067 1597 155 1442 18 47375 2011 1922 45364 45344 89 20 560 7625 921 482 439 6704 465
internal_count=63812 51505 4130 988 428 3142 2873 269 12307 4682 3085 3067 1597 155 1442 18 47375 2011 1922 45364 45344 89 20 560 7625 921 482 439 6704 465
is_linear=0
shrinkage=0.05


Tree=119
num_leaves=31
num_cat=0
split_feature=14 2 9 14 12 7 9 3 12 14 2 2 2 2 14 5 2 2 9 7 2 2 9 7 9 9 3 8 1 5
split_gain=7.64176 12.0352 42.2014 39.5491 50.285 37.8245 59.2163 42.387 41.4454 33.3484 29.6532 22.2431 27.0949 21.9308 12.6327 3.42531 2.34251 8.61773 6.27328 6.76485 6.18115 7.21229 6.14182 4.81894 7.57343 6.73706 4.27875 4.48288 4.21532 3.05416
threshold=11.500000000000002 30369.500000000004 35.500000000000007 9.5000000000000018 1661.0000000000002 74.500000000000014 52.500000000000007 1.0000000180025095e-35 39.500000000000007 7.5000000000000009 29997.500000000004 39684.500000000007 46363.500000000007 39026.500000000007 6.5000000000000009 183454.50000000003 155678.00000000003 89599.000000000015 255.50000000000003 287.50000000000006 214177.00000000003 226664.50000000003 286.50000000000006 64.500000000000014 38.500000000000007 57.500000000000007 1.0000000180025095e-35 2.5000000000000004 1091390.5000000002 207969.50000000003
decision_type=2 2 2 2 2 2 2 2 2 2 2 2 2 2 2 2 2 2 2 2 2 2 2 2 2 2 2 2 2 2
left_child=1 5 3 4 -3 6 10 9 -8 -7 -1 13 -13 -4 -9 -5 17 23 19 -19 26 -22 -20 24 -2 -25 27 -18 -28 -23
right_child=16 2 11 15 -6 7 8 14 -10 -11 -12 12 -14 -15 -16 -17 20 18 22 -21 21 29 -24 25 -26 -27 28 -29 -30 -31
leaf_value=7.2512191248265908e-05 0.00035770880753115434 -0.009879447058776105 -0.0054274964040227427 0.0011938710362503473 0.088325651774879638 -0.11856441820011088 -0.014070093631744385 0.067454687423176243 0.031269343628476505 -0.016839158675032308 0.025652111293384801 0.0090983344746786172 -0.0001529091229646581 -0.03703839724551624 -0.020927479421650925 -0.012234743896970438 -0.0021002118563988848 0.0036433153112142799 -0.032173418714297762 -0.053992560096815523 0.010169706207909754 0.00043803019139610958 0.0094112316146492958 -0.0071099947373447353 0.0034537133652009313 -0.00040427166699381548 0.008382265988531255 -0.011007946065408385 -0.0023610845327060774 -0.011062286691755914
leaf_weight=16127 14291 2664 988 1446 12.999999999999998 19 63 7.9999999999999991 251 13.999999999999998 114 837 14515 58 7.9999999999999991 49 281 3051 24 4.9999999999999991 194 2493 13.999999999999998 441 2292 2483 107 284 619 59
leaf_count=16127 14291 2664 988 1446 13 19 63 8 251 14 114 837 14515 58 8 49 281 3051 24 5 194 2493 14 441 2292 2483 107 284 619 59
internal_value=-5.1268e-08 -0.000463228 -0.00127151 -0.00576138 -0.00939926 0.000538125 0.000668086 -0.0432819 0.022171 -0.0755895 0.000252219 -0.000129168 0.00035153 -0.00718367 0.0234081 0.000752947 0.000646322 0.000844486 0.00329598 0.00354725 -0.000463085 0.000878414 -0.0168683 0.000455641 0.000785638 -0.00141584 -0.00331635 -0.00657888 -0.000776762 0.00017173
internal_weight=63812 37174 20570 4172 2677 16604 16555 49 314 33 16241 16398 15352 1046 16 1495 26638 22601 3094 3056 4037 2746 38 19507 16583 2924 1291 565 726 2552
internal_count=63812 37174 20570 4172 2677 16604 16555 49 314 33 16241 16398 15352 1046 16 1495 26638 22601 3094 3056 4037 2746 38 19507 16583 2924 1291 565 726 2552
is_linear=0
shrinkage=0.05


Tree=120
num_leaves=25
num_cat=0
split_feature=0 14 14 12 10 14 1 1 0 14 9 14 14 2 12 12 4 11 14 0 10 10 8 14
split_gain=7.77002 15.253 18.9962 10.5203 10.4722 18.1763 8.81712 18.8689 27.4147 30.2946 20.3479 14.915 27.2043 31.3611 21.5625 11.5457 20.3895 15.999 7.27622 4.24873 8.8511 4.40926 4.23447 0.672923
threshold=1711053.0000000002 1.5000000000000002 8.5000000000000018 83.500000000000014 6.5000000000000009 9.5000000000000018 2546982.0000000005 1687672.5000000002 72596.000000000015 9.5000000000000018 5.5000000000000009 9.5000000000000018 4.5000000000000009 2094.0000000000005 738.50000000000011 510.50000000000006 6.5000000000000009 7.5000000000000009 4.5000000000000009 227749.50000000003 43.500000000000007 25.500000000000004 4.5000000000000009 15.500000000000002
decision_type=2 2 2 2 2 2 2 2 2 2 2 2 2 2 2 2 2 2 2 2 2 2 2 2
left_child=6 -2 3 18 23 -6 7 15 10 -10 -9 12 14 -14 -8 17 -17 -1 -3 21 -21 -13 -5 -4
right_child=1 2 4 22 5 -7 11 8 9 -11 -12 19 13 -15 -16 16 -18 -19 -20 20 -22 -23 -24 -25
leaf_value=0.0001158996344731603 -0.057972852692559917 0.03025581599488808 0.014256291388290985 0.065304993952981269 -0.10724399136561975 -0.008037371500234012 -0.0015988784007928145 0.011913327713188458 0.020772559191057877 0.0031039278614094726 -0.00030201453279853183 0.00035421781602311506 -0.050667264137909757 -0.0074549895667818337 0.017496618791110457 -0.0048197434251326179 0.019647237406280542 0.044734364495941654 -0.0070472555192886968 -0.0020753941046818278 -0.026424990904986706 0.0089380704970564405 0.031064522579960438 0.00019399607830708571
leaf_weight=45244 7.9999999999999991 32 57 20 4.9999999999999991 49 2792 389 428 560 2753 6551 43 1632 156 1922 89 20 22 821 39 153 17 9.9999999999999982
leaf_count=45244 8 32 57 20 5 49 2792 389 428 560 2753 6551 43 1632 156 1922 89 20 22 821 39 153 17 10
internal_value=-5.62468e-08 0.00937817 0.0119459 0.029191 -0.00103704 -0.0174044 -3.25154e-05 0.000254152 0.00349513 0.0107593 0.00121066 -0.00124168 -0.00347906 -0.00856728 -0.000587838 -2.89904e-05 -0.003736 0.000135713 0.0150733 0.000125806 -0.00318256 0.000550251 0.049699 0.0121609
internal_weight=63812 220 212 91 121 54 63592 51405 4130 988 3142 12187 4623 1675 2948 47275 2011 45264 54 7564 860 6704 37 67
internal_count=63812 220 212 91 121 54 63592 51405 4130 988 3142 12187 4623 1675 2948 47275 2011 45264 54 7564 860 6704 37 67
is_linear=0
shrinkage=0.05


Tree=121
num_leaves=29
num_cat=0
split_feature=0 1 14 6 14 6 0 0 14 9 5 5 14 4 8 0 4 14 5 1 14 12 9 8 5 14 1 3
split_gain=7.33296 22.4091 24.8662 30.2651 21.0501 22.0309 17.7696 31.3709 36.415 41.9816 24.0988 22.73 17.3936 18.7739 16.2038 15.0009 30.5709 56.3404 33.6476 17.8195 30.7989 14.1455 13.3902 7.10733 6.20454 2.07698 2.02667 1.35724
threshold=248498.50000000003 428049.50000000006 7.5000000000000009 0.90775000000000017 1.5000000000000002 1.1275000000000002 142911.00000000003 151281.50000000003 9.5000000000000018 1.5000000000000002 746009.50000000012 408008.50000000006 2.5000000000000004 10.500000000000002 6.5000000000000009 70226.500000000015 1.5000000000000002 8.5000000000000018 238786.00000000003 10501202.000000002 9.5000000000000018 80.500000000000014 15.500000000000002 5.5000000000000009 61461.500000000007 11.500000000000002 307764.50000000006 1.0000000180025095e-35
decision_type=2 2 2 2 2 2 2 2 2 2 2 2 2 2 2 2 2 2 2 2 2 2 2 2 2 2 2 2
left_child=6 2 3 26 5 14 15 8 9 -8 11 -9 13 -6 -3 19 18 -18 -17 21 -21 -1 -14 27 -10 -25 -2 -4
right_child=1 4 23 -5 12 -7 7 10 24 -11 -12 -13 22 -15 -16 16 17 -19 -20 20 -22 -23 -24 25 -26 -27 -28 -29
leaf_value=-0.00085595514644645407 -0.089569300267041851 -0.0078251685758897981 -0.012614401533817316 0.017001216376169786 0.011127021025269294 -0.12216450303208595 0.046438371207540408 -0.002047427834635086 -0.0075973215691772875 -0.040774706832404993 -0.093749786136855556 0.030921754303604027 -0.0039354062956309796 -0.070652846824115434 -0.07216347297569653 -0.00035740051393299367 0.017375904658243742 0.00099939245873477607 0.021792071309413449 -0.017338051601806424 -0.00050935339738839664 0.0010004697304903769 0.0025450879891119865 -0.0012802898254193054 0.014163923100882143 0.034928748895833785 -0.13499020486150259 -0.035259931417536139
leaf_weight=26870 5.0000000000000027 83 15 5.9999999999999991 618 4.9999999999999991 14.999999999999998 3380 280 162 6.9999999999999991 53 969 6.9999999999999991 10.999999999999998 6510 824 1448 176 415 788 16601 4491 6.9999999999999991 37 8.9999999999999982 7.9999999999999991 12
leaf_count=26870 5 83 15 6 618 5 15 3380 280 162 7 53 969 7 11 6510 824 1448 176 415 788 16601 4491 7 37 9 8 12
internal_value=-5.38591e-08 0.00162713 -0.0282589 -0.0757339 0.00192722 -0.0209316 -0.000176608 -0.00342012 -0.0152012 -0.0333617 -0.00172791 -0.00153755 0.00229946 0.0101999 -0.0154228 6.13145e-05 0.00192871 0.00693926 0.000225972 -0.000313138 -0.00631572 -0.00014701 0.00139493 -0.00715455 -0.0050537 0.0191777 -0.118338 -0.0227721
internal_weight=63812 6246 62 19 6184 99 57566 3934 494 177 3440 3433 6085 625 94 53632 8958 2272 6686 44674 1203 43471 5460 43 317 16 13 27
internal_count=63812 6246 62 19 6184 99 57566 3934 494 177 3440 3433 6085 625 94 53632 8958 2272 6686 44674 1203 43471 5460 43 317 16 13 27
is_linear=0
shrinkage=0.05


Tree=122
num_leaves=31
num_cat=0
split_feature=5 5 10 14 9 0 12 12 5 14 5 2 14 9 14 0 14 1 9 12 12 14 10 9 9 0 0 14 0 2
split_gain=7.28811 18.3922 27.0972 22.9279 22.8953 29.9192 15.7374 51.8604 34.2329 51.8677 45.6573 32.6278 33.1637 26.2204 29.1184 21.5471 39.5656 28.5406 17.9855 12.532 21.0602 41.7772 21.8055 15.6403 19.1418 18.8173 10.6289 9.80472 8.66846 4.86851
threshold=5413.0000000000009 3465.0000000000005 1.5000000000000002 9.5000000000000018 13.500000000000002 16349.000000000002 159.50000000000003 142.50000000000003 53880.000000000007 9.5000000000000018 47319.500000000007 22263.000000000004 9.5000000000000018 1.0000000180025095e-35 7.5000000000000009 13693.500000000002 9.5000000000000018 780122.50000000012 5.5000000000000009 191.50000000000003 288.50000000000006 8.5000000000000018 6.5000000000000009 677.50000000000011 475.50000000000006 1383168.5000000002 9868.0000000000018 2.5000000000000004 5349.0000000000009 5846.5000000000009
decision_type=2 2 2 2 2 2 2 2 2 2 2 2 2 2 2 2 2 2 2 2 2 2 2 2 2 2 2 2 2 2
left_child=1 19 4 26 5 -3 7 15 9 10 -8 12 -9 14 -10 16 -2 -17 -15 23 21 -21 -22 24 -1 -25 -4 -13 -6 -11
right_child=6 2 3 -5 28 -7 8 11 13 29 -12 27 -14 18 -16 17 -18 -19 -20 20 22 -23 -24 25 -26 -27 -28 -29 -30 -31
leaf_value=-0.00019699154186576169 -0.014413471104151174 0.0022454669437886789 0.10289962487366365 0.014421858653469911 0.013573322571931085 0.040475645376076702 -0.022916557015269564 0.06511071956053778 0.10646326384268517 -0.013188920265873233 -0.10906316997101589 0.045286383907325936 0.014571274405875523 -0.015915153853061942 0.013580213211397258 0.011046844341571074 -6.9147762929935245e-05 -0.00053647815267477837 0.0039723898368986535 0.011149520306719573 0.00098343739886362939 0.00069961061451275072 -0.0077496423826757602 0.019009864292167784 -0.010860323331180116 -0.059170417545110356 0.045073792973965826 -0.023721912127337069 -0.024076328069290533 -0.00078774238742382774
leaf_weight=42183 755 206 12.999999999999998 51 19 68 349 63 11.999999999999998 94 15.999999999999998 5.9999999999999991 67 141 28 593 1323 5144 585 1493 5911 2661 813 156 425 7.9999999999999991 21 33 77 498
leaf_count=42183 755 206 13 51 19 68 349 63 12 94 16 6 67 141 28 593 1323 5144 585 1493 5911 2661 813 156 425 8 21 33 77 498
internal_value=-9.15668e-08 0.000226243 0.0102354 0.0356757 0.004383 0.0117446 -0.00126163 -0.000326354 -0.00559521 -0.0119001 -0.0267217 0.0270684 0.0390947 0.00228224 0.0416411 -0.000919107 -0.00528132 0.000660994 0.000108273 0.000141337 0.00165664 0.00445562 -7.25803e-05 -0.000244044 -0.00030338 0.0151625 0.0674206 -0.0130166 -0.0166185 -0.00275874
internal_weight=63812 54105 455 85 370 274 9707 7984 1723 957 365 169 130 766 40 7815 2078 5737 726 53650 10878 4154 6724 42772 42608 164 34 39 96 592
internal_count=63812 54105 455 85 370 274 9707 7984 1723 957 365 169 130 766 40 7815 2078 5737 726 53650 10878 4154 6724 42772 42608 164 34 39 96 592
is_linear=0
shrinkage=0.05


Tree=123
num_leaves=27
num_cat=0
split_feature=10 2 4 9 6 12 2 2 12 2 0 2 2 0 9 7 9 9 10 7 2 2 0 0 4 0
split_gain=7.49363 49.4398 34.2487 31.8362 20.8995 20.4368 20.2128 19.5678 16.186 14.8425 11.6568 11.5736 39.4328 34.9861 16.6994 36.5813 14.3051 10.3933 8.00308 6.77644 11.7569 6.2516 6.24772 2.98528 0.293999 0.259277
threshold=22.500000000000004 272877.50000000006 4.5000000000000009 157.50000000000003 0.96710000000000018 501.50000000000006 338873.50000000006 182535.00000000003 956.50000000000011 550532.50000000012 1711053.0000000002 261311.00000000003 303658.50000000006 5349.0000000000009 187.50000000000003 245.50000000000003 184.50000000000003 294.50000000000006 10.500000000000002 26.500000000000004 18818.500000000004 123895.00000000001 109349.00000000001 358547.00000000006 1.5000000000000002 288632.00000000006
decision_type=2 2 2 2 2 2 2 2 2 2 2 2 2 2 2 2 2 2 2 2 2 2 2 2 2 2
left_child=10 2 7 4 6 9 -3 25 -7 -5 11 14 17 -14 16 -16 -1 -13 19 20 -12 -21 -4 -9 -6 -2
right_child=1 3 22 5 24 8 -8 23 -10 -11 18 12 13 -15 15 -17 -18 -19 -20 21 -22 -23 -24 -25 -26 -27
leaf_value=-0.00011068791004617868 -0.017725268962209696 0.005846541454209135 0.057245881573958241 0.011887169615874538 0.022932219476582694 -0.038505287956215904 -0.025740215097266674 0.044724227752764127 0.0044407208924731973 0.0019687948815779576 0.021948437394719883 -0.014757816079539741 0.022467489821367072 -0.0012831066795409834 0.011545333345085389 -0.0011761995005652155 -0.016222979662252709 -0.0022608986010062711 -0.042532409556576473 0.045602150864442415 -0.021374866551963606 0.016083460203379956 0.10477700440779976 0.014247256154949602 0.034270488994789634 -0.029875209241515335
leaf_weight=55638 9 67 13.000000000000002 529 20 50 207 31 39 1314 37 703 167 2151 976 1342 138 218 5.9999999999999991 26 27 58 15.999999999999998 10.999999999999998 9.0000000000000018 10
leaf_count=55638 9 67 13 529 20 50 207 31 39 1314 37 703 167 2151 976 1342 138 218 6 26 27 58 16 11 9 10
internal_value=-7.0696e-08 0.00278628 0.0390994 0.00132232 -0.0137436 0.00368574 -0.0180171 0.0177746 -0.0197024 0.00481618 -0.000105435 -0.000139943 -0.00304872 0.000428897 2.22392e-05 0.0041805 -0.000150582 -0.0118004 0.0136291 0.0159331 0.00366659 0.0252636 0.0837399 0.036795 0.0265567 -0.0242429
internal_weight=63812 2325 90 2235 303 1932 274 61 89 1843 61487 61333 3239 2318 58094 2318 55776 921 154 148 64 84 29 42 29 19
internal_count=63812 2325 90 2235 303 1932 274 61 89 1843 61487 61333 3239 2318 58094 2318 55776 921 154 148 64 84 29 42 29 19
is_linear=0
shrinkage=0.05


Tree=124
num_leaves=25
num_cat=0
split_feature=4 14 7 1 6 14 14 4 2 7 9 0 14 0 14 14 6 14 14 14 14 0 0 0
split_gain=7.23948 16.0085 19.8864 19.1794 17.878 12.8057 10.8697 9.64467 26.1561 36.9423 22.2251 21.1827 20.231 10.0208 12.2875 44.2165 10.6333 12.612 9.75681 9.33454 7.78539 4.10741 5.7467 3.36994
threshold=14.500000000000002 7.5000000000000009 270.50000000000006 6515025.0000000009 0.8035000000000001 4.5000000000000009 8.5000000000000018 4.5000000000000009 659968.00000000012 825.00000000000011 16.500000000000004 644507.00000000012 9.5000000000000018 381.00000000000006 9.5000000000000018 8.5000000000000018 1.1116500000000002 9.5000000000000018 7.5000000000000009 9.5000000000000018 2.5000000000000004 517492.00000000006 65721.000000000015 1341.5000000000002
decision_type=2 2 2 2 2 2 2 2 2 2 2 2 2 2 2 2 2 2 2 2 2 2 2 2
left_child=7 2 4 5 -2 -4 -3 13 9 10 -9 12 -10 16 15 -15 17 -1 -18 -11 -13 22 -8 -16
right_child=1 6 3 -5 -6 -7 21 8 11 19 -12 20 -14 14 23 -17 18 -19 -20 -21 -22 -23 -24 -25
leaf_value=0.010590842742676423 -0.13937449119460418 0.060342166205527084 0.015294176914142544 -0.09709659805063342 -0.026304542913403308 -0.052950701870761077 0.0042880733179120742 -0.054925651653953217 -0.098948783010033015 0.11310215310736019 0.0040266373111896075 -0.046786712505567228 -0.02390971946793486 -0.00045213284338843055 0.0030901522581752994 -0.0085010639942528932 -0.07821183200453366 0.00095591583371319841 -0.008364866487681864 0.035583073614348835 0.0067414665183233823 0.033331258406101821 -0.019413924484850298 0.00028549761497411412
leaf_weight=538 6.9999999999999982 6.9999999999999991 28 5.9999999999999991 7 8.9999999999999982 59 15.999999999999998 13.999999999999998 8.9999999999999982 2297 7.9999999999999991 25 21009 1104 1857 7.0000000000000027 921 17 6.9999999999999991 42 6.9999999999999991 45 35766
leaf_count=538 7 7 28 6 7 9 59 16 14 9 2297 8 25 21009 1104 1857 7 921 17 7 42 7 45 35766
internal_value=-5.08331e-08 -0.0101528 -0.0318861 -0.0149507 -0.083427 -0.00140391 0.000363577 2.78849e-05 0.00312505 0.00414201 0.00361648 -0.023462 -0.051031 -9.44505e-05 -0.000195246 -0.00110584 0.0039654 0.00450924 -0.0289769 0.0796192 -0.00189933 -0.00346977 -0.0059764 0.000369486
internal_weight=63812 175 57 43 14 37 118 63637 2418 2329 2313 89 39 61219 59736 22866 1483 1459 24 16 50 111 104 36870
internal_count=63812 175 57 43 14 37 118 63637 2418 2329 2313 89 39 61219 59736 22866 1483 1459 24 16 50 111 104 36870
is_linear=0
shrinkage=0.05


Tree=125
num_leaves=31
num_cat=0
split_feature=14 14 14 14 7 9 2 2 7 9 4 7 7 9 6 2 1 2 5 7 0 14 6 14 9 7 9 9 9 4
split_gain=6.98402 39.4381 22.3826 29.4914 26.9542 53.3349 32.6085 16.0129 31.6862 49.732 24.8598 18.685 45.1616 44.6463 15.0448 20.4448 18.411 16.9527 14.8104 17.2286 11.9205 11.5309 67.424 33.5759 6.89448 15.4529 11.8757 11.4579 8.34175 6.23066
threshold=3.5000000000000004 2.5000000000000004 4.5000000000000009 5.5000000000000009 250.50000000000003 312.50000000000006 118146.00000000001 3008.0000000000005 5.5000000000000009 1.5000000000000002 1.5000000000000002 19.500000000000004 26.500000000000004 15.500000000000002 0.97415000000000018 3186.0000000000005 489292.00000000006 1658.5000000000002 214900.00000000003 3.5000000000000004 2534.5000000000005 6.5000000000000009 0.77550000000000019 7.5000000000000009 475.50000000000006 594.50000000000011 418.50000000000006 375.50000000000006 519.00000000000011 3.5000000000000004
decision_type=2 2 2 2 2 2 2 2 2 2 2 2 2 2 2 2 2 2 2 2 2 2 2 2 2 2 2 2 2 2
left_child=1 14 7 4 6 -6 -4 8 9 -2 -10 13 -13 -9 18 17 -17 -16 19 -1 -20 22 -5 -23 26 -26 27 -3 -27 -28
right_child=2 24 3 21 5 -7 -8 11 10 -11 -12 12 -14 -15 15 16 -18 -19 20 -21 -22 23 -24 -25 25 28 29 -29 -30 -31
leaf_value=-0.013106796658426519 0.031149809561344867 -0.0043727185357859254 -0.011853926717800597 0.024727625410027734 -0.096180884317420001 -0.0022992508233088869 0.020975048929689696 -0.0007407025990591341 0.061526025929850736 -0.028906312549361768 -0.038637833066389599 0.023164479799498296 0.0028756649603988013 -0.052488588751240919 0.0098978870069783027 -0.0089793646954954929 0.010596285107158992 -0.053639467994856888 -0.048771719697495587 0.00045299795188912635 0.01740950660284624 -0.0063482841309874726 -0.0027388318951563264 0.00026748475332358717 -0.068927542740152087 0.041864481295498329 0.034950788527249865 -0.03824672665432155 -0.015670879988029681 -0.02090952252266837
leaf_weight=245 79 4664 535 314 26 36 88 760 50 61 6.9999999999999991 307 2567 44 18 138 923 25 6.9999999999999991 5293 166 2004 774 44546 12.999999999999998 6.9999999999999991 28 25 56 5.9999999999999991
leaf_count=245 79 4664 535 314 26 36 88 760 50 61 7 307 2567 44 18 138 923 25 7 5293 166 2004 774 44546 13 7 28 25 56 6
internal_value=-7.70905e-08 -0.00110901 0.000246661 -4.65375e-05 -0.0103466 -0.0417605 -0.00721415 0.00390289 0.0177874 0.00498054 0.0491791 0.00315874 0.00504364 -0.00357885 0.00133599 0.00667891 0.00804955 -0.0270812 0.000303046 -0.00014711 0.014705 0.000101591 0.00518961 -1.73403e-05 -0.00458108 -0.0195118 -0.00434042 -0.00455413 -0.00922185 0.0250607
internal_weight=63812 11614 52198 48323 685 62 623 3875 197 140 57 3678 2874 804 6815 1104 1061 43 5711 5538 173 47638 1088 46550 4799 76 4723 4689 63 34
internal_count=63812 11614 52198 48323 685 62 623 3875 197 140 57 3678 2874 804 6815 1104 1061 43 5711 5538 173 47638 1088 46550 4799 76 4723 4689 63 34
is_linear=0
shrinkage=0.05


Tree=126
num_leaves=24
num_cat=0
split_feature=8 8 14 2 10 6 9 0 9 10 14 14 14 14 14 12 10 0 4 2 2 6 2
split_gain=6.92609 11.5799 10.3992 26.0307 8.97863 8.80066 7.17642 22.2316 13.8483 5.80858 5.3435 5.32633 4.96031 4.77669 4.11552 3.59555 2.21201 1.58696 1.55705 0.987273 0.791721 0.644149 0.615757
threshold=13.500000000000002 11.500000000000002 6.5000000000000009 584580.00000000012 101.50000000000001 0.99875000000000014 475.50000000000006 37343.500000000007 456.50000000000006 3.5000000000000004 9.5000000000000018 9.5000000000000018 9.5000000000000018 8.5000000000000018 3.5000000000000004 315.50000000000006 135.50000000000003 1625.5000000000002 12.500000000000002 413348.50000000006 659968.00000000012 0.87415000000000009 214177.00000000003
decision_type=2 2 2 2 2 2 2 2 2 2 2 2 2 2 2 2 2 2 2 2 2 2 2
left_child=1 4 3 9 6 12 8 -8 -1 -3 16 -7 -4 14 15 -2 -6 -15 -12 22 -5 -21 -19
right_child=13 2 5 20 10 11 7 -9 -10 -11 18 -13 -14 17 -16 -17 -18 19 -20 21 -22 -23 -24
leaf_value=-6.0302314145969889e-06 0.0025418724073179087 0.07548780354429345 -0.030787882345323349 -0.013315116772886186 0.022354643661853978 0.080657413777183093 0.012163826776752073 -0.0091573504077246386 0.018606184397477073 0.034418645107911691 -0.0059282983375060078 0.017617821619652287 0.0032199511198916309 0.013999673688758008 -0.071404296965872666 -0.05262026482937382 0.051192578710155728 -0.010608358469642235 0.020844256426666825 0.0024969772918270686 -0.038320126038202097 -0.012916850177108819 -0.029826677230360744
leaf_weight=62670 7.0000000000000018 18 12.999999999999998 5.9999999999999982 40 4.9999999999999991 153 607 100 17 23.000000000000004 9.9999999999999982 59 6.9999999999999991 5.9999999999999991 5 7.9999999999999991 8.0000000000000018 6.9999999999999991 13.000000000000002 7 13.999999999999998 8.9999999999999982
leaf_count=62670 7 18 13 6 40 5 153 607 100 17 23 10 59 7 6 5 8 8 7 13 7 14 9
internal_value=-9.1498e-08 1.70593e-05 0.01464 0.0332972 -1.3999e-05 0.00431998 -3.48273e-05 -0.00486403 2.36508e-05 0.0556948 0.0169287 0.039026 -0.00295454 -0.0158213 -0.037894 -0.0206873 0.0272574 -0.00797202 0.000367127 -0.0114913 -0.0269691 -0.00551355 -0.0208977
internal_weight=63812 63743 135 48 63608 87 63530 760 62770 35 78 15 72 69 18 12 48 51 30 44 13 27 17
internal_count=63812 63743 135 48 63608 87 63530 760 62770 35 78 15 72 69 18 12 48 51 30 44 13 27 17
is_linear=0
shrinkage=0.05


Tree=127
num_leaves=24
num_cat=0
split_feature=0 2 14 6 2 0 0 14 14 5 5 14 2 1 0 4 14 5 1 14 1 14 2
split_gain=6.77727 23.4567 19.2048 20.0572 20.6674 15.4833 28.0864 32.4634 40.9039 21.8576 20.2623 14.8992 17.4395 13.3993 13.3694 26.9829 50.7428 29.8522 16.0738 27.4417 12.6866 6.04097 5.90208
threshold=248498.50000000003 721.50000000000011 1.5000000000000002 1.1275000000000002 18818.500000000004 142911.00000000003 151281.50000000003 9.5000000000000018 2.5000000000000004 746009.50000000012 408008.50000000006 2.5000000000000004 4334.0000000000009 15287250.000000002 70226.500000000015 1.5000000000000002 8.5000000000000018 238786.00000000003 10501202.000000002 9.5000000000000018 7344867.0000000009 9.5000000000000018 111668.00000000001
decision_type=2 2 2 2 2 2 2 2 2 2 2 2 2 2 2 2 2 2 2 2 2 2 2
left_child=5 21 3 4 -3 14 7 8 -7 10 -8 12 -4 -13 18 17 -17 -16 20 -20 -1 -2 -9
right_child=1 2 11 -5 -6 6 9 22 -10 -11 -12 13 -14 -15 15 16 -18 -19 19 -21 -22 -23 -24
leaf_value=-0.00028896422968281959 -0.099242638582821771 0.036745302517962007 0.042146736218195577 -0.11671262161404479 -0.02548374472216974 0.0068072756106859287 -0.0018964180888629844 0.0010374674698998591 -0.046563446087972284 -0.089234584653881246 0.029231653479497927 0.00060430166651357069 0.0072421661206312563 0.010892960467171614 -0.00033398680816282256 0.016427170722806951 0.00088546376662472525 0.020528908418613122 -0.016406484932109885 -0.00052144051353101076 0.0048703567699445727 -0.034161397798375771 -0.012784075031825291
leaf_weight=42245 5.9999999999999991 15.999999999999998 38 4.9999999999999991 78 50 3380 184 127 6.9999999999999991 53 5166 591 337 6510 824 1448 176 415 788 1226 8.9999999999999982 133
leaf_count=42245 6 16 38 5 78 50 3380 184 127 7 53 5166 591 337 6510 824 1448 176 415 788 1226 9 133
internal_value=-8.0578e-08 0.00156424 0.00171505 -0.0201202 -0.0148638 -0.000169814 -0.00319747 -0.0143447 -0.0314916 -0.0015963 -0.00141501 0.00206789 0.00935723 0.00123456 5.22759e-05 0.0018152 0.00652254 0.0002155 -0.000301227 -0.00600223 -0.000143447 -0.0606787 -0.00476368
internal_weight=63812 6246 6231 99 94 57566 3934 494 177 3440 3433 6132 629 5503 53632 8958 2272 6686 44674 1203 43471 15 317
internal_count=63812 6246 6231 99 94 57566 3934 494 177 3440 3433 6132 629 5503 53632 8958 2272 6686 44674 1203 43471 15 317
is_linear=0
shrinkage=0.05


Tree=128
num_leaves=30
num_cat=0
split_feature=10 0 0 10 4 9 12 7 0 10 8 7 0 8 10 4 0 6 4 6 10 7 7 0 0 6 0 7 0
split_gain=6.8009 18.1615 27.9552 23.7314 33.4439 23.3468 22.7957 18.343 18.0629 18.5314 15.6201 15.2115 13.3483 11.1595 10.4006 14.8468 10.8272 20.6892 44.7595 16.2106 8.43232 15.2602 12.9855 7.93743 13.0214 6.19155 3.79886 1.45026 0.179394
threshold=22.500000000000004 165775.00000000003 102445.00000000001 27.500000000000004 2.5000000000000004 159.50000000000003 126.50000000000001 201.50000000000003 183600.00000000003 30.500000000000004 5.5000000000000009 1045.5000000000002 65721.000000000015 1.0000000180025095e-35 21.500000000000004 1.0000000180025095e-35 559261.00000000012 0.82940000000000003 1.5000000000000002 1.0492500000000002 2.5000000000000004 76.500000000000014 215.50000000000003 55985.500000000007 156683.50000000003 0.86465000000000003 327606.00000000006 177.50000000000003 428815.00000000006
decision_type=2 2 2 2 2 2 2 2 2 2 2 2 2 2 2 2 2 2 2 2 2 2 2 2 2 2 2 2 2
left_child=14 2 10 6 -5 7 -4 27 25 -10 11 -2 -12 -9 16 26 20 18 -18 -19 22 -22 -1 -17 -25 -7 -16 -3 -28
right_child=1 5 3 4 -6 8 -8 13 9 -11 12 -13 -14 -15 15 23 17 19 -20 -21 21 -23 -24 24 -26 -27 28 -29 -30
leaf_value=8.6558662032166718e-06 0.0044293075414344645 0.0041212380909528877 0.062669085538403821 0.018001766660465646 -0.05139408053840018 -0.05495350482250682 0.0093973086816128166 0.025812570706452476 0.013150133371372009 -0.0010407856243274231 -0.023894236012616466 0.055387904756511286 0.014629606138976707 -0.028748500743123174 -0.0057920941021933244 -0.06552862946025946 0.00077823371158452332 0.0096479748312772711 -0.045631396739700375 -0.0099022440231033779 -0.0035594688827555649 -9.2839041367499348e-05 0.0050196177470711555 0.0097057296700347948 -0.027093816800180415 -0.01639642944980052 0.022413220035262624 0.033255148580334834 0.032019820263367575
leaf_weight=43906 487 6.0000000000000009 54 191 19 14.999999999999998 32 9.9999999999999982 311 883 89 14.999999999999998 30 134 12.999999999999998 8.9999999999999982 491 1039 58 118 4732 9645 1332 33 88 34 10 15 13
leaf_count=43906 487 6 54 191 19 15 32 10 311 883 89 15 30 134 13 9 491 1039 58 118 4732 9645 1332 33 88 34 10 15 13
internal_value=-9.7416e-08 0.00265434 0.00812977 0.0207719 0.0117016 -0.000912011 0.042881 -0.0185777 0.0014343 0.0026563 0.00210151 0.0059627 -0.0141782 -0.0249443 -0.000100473 -0.0125952 -6.6629e-05 0.00386071 -0.0041322 0.00765341 -0.000179024 -0.00123385 0.000156211 -0.0204613 -0.0170578 -0.0282875 0.0157883 0.0249902 0.0279581
internal_weight=63812 2325 917 296 210 1408 86 165 1243 1194 621 502 119 144 61487 166 61321 1706 549 1157 59615 14377 45238 130 121 49 36 21 23
internal_count=63812 2325 917 296 210 1408 86 165 1243 1194 621 502 119 144 61487 166 61321 1706 549 1157 59615 14377 45238 130 121 49 36 21 23
is_linear=0
shrinkage=0.05


Tree=129
num_leaves=31
num_cat=0
split_feature=1 1 14 2 2 2 12 8 8 14 14 12 14 14 12 12 14 7 10 2 14 6 14 1 12 12 6 10 14 7
split_gain=6.78562 19.0898 23.0443 49.4869 104.005 41.119 12.6329 21.7739 24.2021 30.6547 21.4063 18.958 33.9149 22.1091 14.6565 26.7681 36.6289 14.6514 14.5132 23.0715 21.7305 12.0416 17.5844 30.8176 11.0194 32.5532 29.1043 6.85925 14.0583 6.47497
threshold=2432640.0000000005 1687672.5000000002 8.5000000000000018 107914.50000000001 37623.000000000007 226664.50000000003 262.50000000000006 3.5000000000000004 1.0000000180025095e-35 7.5000000000000009 4.5000000000000009 304.50000000000006 5.5000000000000009 5.5000000000000009 222.50000000000003 216.50000000000003 9.5000000000000018 453.00000000000006 2.5000000000000004 153340.00000000003 9.5000000000000018 1.0775000000000003 7.5000000000000009 1624641.0000000002 288.50000000000006 234.50000000000003 0.99875000000000014 32.500000000000007 9.5000000000000018 315.50000000000006
decision_type=2 2 2 2 2 2 2 2 2 2 2 2 2 2 2 2 2 2 2 2 2 2 2 2 2 2 2 2 2 2
left_child=1 21 3 4 -3 -5 14 8 9 -8 -10 13 -13 -9 15 17 -17 -2 20 -20 -16 24 23 -23 25 -1 -26 29 -29 -4
right_child=6 2 27 5 -6 -7 7 11 10 -11 -12 12 -14 -15 18 16 -18 -19 19 -21 -22 22 -24 -25 26 -27 -28 28 -30 -31
leaf_value=0.0001673768738885839 -0.0020739800812619772 0.01425272579191361 0.00064703373981460323 0.038182806255230115 -0.018569138589236475 -0.0019837754616280246 -0.096470704970469001 0.040486898378821731 0.014309227827957269 -0.0042985023745044397 0.0024223182345385831 -0.028075252191083117 -0.0020850569299355188 -0.001255163979312285 -0.033884075949165864 0.053594545183270718 -0.00083342309349045812 0.0094621765873693555 0.021886059703533783 -0.010198846707888632 -0.0070788806190333307 -0.011536786654562724 -0.00064184818075025719 0.10138043956678422 -0.0036951183572799628 0.0086145356259662471 0.010080350237806728 0.097678885740392352 0.0099506468354785601 -0.015728381242312121
leaf_weight=39906 8819 758 2162 218 354 90 12.999999999999998 44 500 29 1561 170 479 113 116 52 76 284 79 192 217 651 1461 5.9999999999999991 3750 1174 427 4.9999999999999991 44 62
leaf_count=39906 8819 758 2162 218 354 90 13 44 500 29 1561 170 479 113 116 52 76 284 79 192 217 651 1461 6 3750 1174 427 5 44 62
internal_value=-9.3612e-08 0.000257475 0.00371985 0.0087167 0.00380331 0.026449 -0.00103222 0.00186231 0.00454028 -0.0329894 0.00530664 -0.00512472 -0.00889624 0.0104616 -0.00188838 -0.00139459 0.0213025 -0.00171397 -0.0094335 -0.000841059 -0.0164238 -1.24337e-05 -0.00369717 -0.0104903 0.000160018 0.000408803 -0.00228669 0.000597952 0.0190832 0.000189838
internal_weight=63812 51068 3693 1420 1112 308 12744 2909 2103 42 2061 806 649 157 9835 9231 128 9103 604 271 333 47375 2118 657 45257 41080 4177 2273 49 2224
internal_count=63812 51068 3693 1420 1112 308 12744 2909 2103 42 2061 806 649 157 9835 9231 128 9103 604 271 333 47375 2118 657 45257 41080 4177 2273 49 2224
is_linear=0
shrinkage=0.05


Tree=130
num_leaves=16
num_cat=0
split_feature=14 4 14 7 6 14 4 2 7 10 0 14 14 9 12
split_gain=6.77875 6.67062 14.4875 17.8745 16.2822 9.73583 8.38031 22.805 34.1806 19.1134 9.08536 10.8732 9.5289 8.11356 5.75157
threshold=1.0000000180025095e-35 14.500000000000002 7.5000000000000009 270.50000000000006 0.8035000000000001 8.5000000000000018 4.5000000000000009 659968.00000000012 825.00000000000011 101.50000000000001 381.00000000000006 9.5000000000000018 9.5000000000000018 677.50000000000011 787.50000000000011
decision_type=2 2 2 2 2 2 2 2 2 2 2 2 2 2 2
left_child=-1 6 3 4 -3 -4 10 8 -8 -9 12 -12 -2 -5 -7
right_child=1 2 5 13 -6 14 7 9 -10 -11 11 -13 -14 -15 -16
leaf_value=-0.0488531139849777 0.0090336191509382182 -0.13267088691953205 0.057028182375598972 -0.028628051763654152 -0.024772243495558347 -0.0065481859987834698 0.0033632838488400758 -0.038823921674230932 0.076469967176455156 0.0097688138320251496 -0.0010346204935172041 0.00035333208352160157 0.00072411178516130689 0.018536828245029193 0.037210172341193684
leaf_weight=6.9999999999999991 546 6.9999999999999982 6.9999999999999991 30 7 103 2313 58 15.999999999999998 31 22859 36870 937 12.999999999999998 7.9999999999999991
leaf_count=7 546 7 7 30 7 103 2313 58 16 31 22859 36870 937 13 8
internal_value=-7.44627e-08 5.36173e-06 -0.00974034 -0.0304154 -0.0792799 0.000264052 3.21804e-05 0.0029192 0.00386878 -0.0219064 -8.18675e-05 -0.000177855 0.00378385 -0.014359 -0.00336378
internal_weight=63812 63805 175 57 14 118 63630 2418 2329 89 61212 59729 1483 43 111
internal_count=63812 63805 175 57 14 118 63630 2418 2329 89 61212 59729 1483 43 111
is_linear=0
shrinkage=0.05


end of trees

feature_importances:
patient_id_enc=723
dist_to_nearest_tss=591
gene_length=356
dist_to_nearest_cancer_tss=352
encode_enhancer_count=310
ot_disease_count=308
encode_ccre_count=228
cpg_mean_obs_exp=211
encode_ctcf_count=176
cpg_island_count=151
cpg_nearest_dist=130
encode_promoter_count=106
ot_cancer_hallmark_count=29
in_repeat=20

parameters:
[boosting: gbdt]
[objective: regression]
[metric: rmse]
[tree_learner: serial]
[device_type: cpu]
[data_sample_strategy: bagging]
[data: ]
[valid: ]
[num_iterations: 500]
[learning_rate: 0.05]
[num_leaves: 31]
[num_threads: 0]
[seed: 42]
[deterministic: 0]
[force_col_wise: 0]
[force_row_wise: 0]
[histogram_pool_size: -1]
[max_depth: 5]
[min_data_in_leaf: 5]
[min_sum_hessian_in_leaf: 0.001]
[bagging_fraction: 0.8]
[pos_bagging_fraction: 1]
[neg_bagging_fraction: 1]
[bagging_freq: 0]
[bagging_seed: 400]
[bagging_by_query: 0]
[feature_fraction: 0.8]
[feature_fraction_bynode: 1]
[feature_fraction_seed: 30056]
[extra_trees: 0]
[extra_seed: 12879]
[early_stopping_round: 0]
[early_stopping_min_delta: 0]
[first_metric_only: 0]
[max_delta_step: 0]
[lambda_l1: 0]
[lambda_l2: 0.1]
[linear_lambda: 0]
[min_gain_to_split: 0]
[drop_rate: 0.1]
[max_drop: 50]
[skip_drop: 0.5]
[xgboost_dart_mode: 0]
[uniform_drop: 0]
[drop_seed: 17869]
[top_rate: 0.2]
[other_rate: 0.1]
[min_data_per_group: 100]
[max_cat_threshold: 32]
[cat_l2: 10]
[cat_smooth: 10]
[max_cat_to_onehot: 4]
[top_k: 20]
[monotone_constraints: ]
[monotone_constraints_method: basic]
[monotone_penalty: 0]
[feature_contri: ]
[forcedsplits_filename: ]
[refit_decay_rate: 0.9]
[cegb_tradeoff: 1]
[cegb_penalty_split: 0]
[cegb_penalty_feature_lazy: ]
[cegb_penalty_feature_coupled: ]
[path_smooth: 0]
[interaction_constraints: ]
[verbosity: -1]
[saved_feature_importance_type: 0]
[use_quantized_grad: 0]
[num_grad_quant_bins: 4]
[quant_train_renew_leaf: 0]
[stochastic_rounding: 1]
[linear_tree: 0]
[max_bin: 255]
[max_bin_by_feature: ]
[min_data_in_bin: 3]
[bin_construct_sample_cnt: 200000]
[data_random_seed: 175]
[is_enable_sparse: 1]
[enable_bundle: 1]
[use_missing: 1]
[zero_as_missing: 0]
[feature_pre_filter: 1]
[pre_partition: 0]
[two_round: 0]
[header: 0]
[label_column: ]
[weight_column: ]
[group_column: ]
[ignore_column: ]
[categorical_feature: ]
[forcedbins_filename: ]
[precise_float_parser: 0]
[parser_config_file: ]
[objective_seed: 16083]
[num_class: 1]
[is_unbalance: 0]
[scale_pos_weight: 1]
[sigmoid: 1]
[boost_from_average: 1]
[reg_sqrt: 0]
[alpha: 0.9]
[fair_c: 1]
[poisson_max_delta_step: 0.7]
[tweedie_variance_power: 1.5]
[lambdarank_truncation_level: 30]
[lambdarank_norm: 1]
[label_gain: ]
[lambdarank_position_bias_regularization: 0]
[eval_at: ]
[multi_error_top_k: 1]
[auc_mu_weights: ]
[num_machines: 1]
[local_listen_port: 12400]
[time_out: 120]
[machine_list_filename: ]
[machines: ]
[gpu_platform_id: -1]
[gpu_device_id: -1]
[gpu_use_dp: 0]
[num_gpu: 1]

end of parameters

pandas_categorical:null
