tree
version=v4
num_class=1
num_tree_per_iteration=1
label_index=0
max_feature_idx=19
objective=regression
feature_names=dist_to_nearest_tss dist_to_nearest_cancer_tss gene_length in_repeat cpg_island_count cpg_nearest_dist cpg_mean_obs_exp encode_ccre_count encode_promoter_count encode_enhancer_count encode_ctcf_count ot_cancer_hallmark_count ot_disease_count ot_is_cancer_driver ext_log_unique_sites ext_log_n_patients ext_n_datasets ext_max_abundance tcell_h3k27ac_count replication_timing
feature_infos=[1:2909057] [23:44668657] [95:2473538] [0:1] [0:71] [0:2598352] [0:1.76] [0:1613] [0:25] [0:1151] [0:148] [0:10] [0:4041] [0:1] [0:10.277874705073431] [0:4.0943445622221004] [0:2] none [0:31] [-7.1664971052631579:88.065100000000001]
tree_sizes=2838 2994 2990 2978 2972 2980 2988 2998 2987 2998 2971 3004 2988 2994 2980 3007 2995 2984 3016 3012 3027 3044 3021 3030 3023 3003 2986 3025 3009 3012 3050 3047 3039 3011 3038 3033 3036 3031 3005 3025 3040 3058 3039 3021 2988 3003 3027

Tree=0
num_leaves=31
num_cat=0
split_feature=14 14 14 14 14 14 14 19 19 19 19 19 19 14 14 14 14 7 14 19 19 1 7 19 2 19 14 0 7 14
split_gain=634.391 109.677 80.9584 17.9438 17.5512 14.2989 9.94445 6.53564 5.64613 5.59501 5.54527 5.05273 3.05508 2.97637 2.53225 2.23635 2.17025 2.12793 2.8633 1.91606 1.88815 1.85845 1.96787 1.80248 1.42353 1.39321 1.34231 1.31939 1.29527 1.2386
threshold=5.9750802605835984 6.916218251276935 4.8081027000528378 5.5032948732385458 7.5938777178365546 6.3927539336716181 4.1510089048756038 76.123431521739136 44.77429589371981 66.392326008403373 71.014784285714299 76.123431521739136 59.348888503401376 7.1876568784542938 3.1132683346437333 6.7244330414940263 8.6219296577985371 82.500000000000014 5.6401308701359305 76.621729999999999 50.594389705882371 1157005.0000000002 1.0000000180025095e-35 79.642594166666669 48904.500000000007 55.881409799876216 5.3589392201907193 760406.00000000012 3.5000000000000004 4.5379471377116305
decision_type=2 2 2 2 2 2 2 2 2 2 2 2 2 2 2 2 2 2 2 2 2 2 2 2 2 2 2 2 2 2
left_child=2 5 6 10 8 11 14 15 -3 28 24 -2 -5 -10 -1 -7 23 21 -19 -15 -8 22 -14 -11 -4 -16 -26 -17 -6 -22
right_child=1 4 3 12 9 7 20 -9 13 16 -12 -13 17 19 25 27 -18 18 -20 -21 29 -23 -24 -25 26 -27 -28 -29 -30 -31
leaf_value=0.49197408188144365 0.50408344332167754 0.5083241858762626 0.49870371290377108 0.50053437441314319 0.50416575032338473 0.50604522946769781 0.49490302658225499 0.50955855003882133 0.51103298454153745 0.5163051573732329 0.50014248116072912 0.50659958445246789 0.51668104238879575 0.51236704501352359 0.49288036975889193 0.50831989311480619 0.52351584147238417 0.49768742572647451 0.50227747957577518 0.51526812521474941 0.49622558553085394 0.50181254238717399 0.50361122356671362 0.52001555230244112 0.49671461795556632 0.49486163273706102 0.49900413323554488 0.50294523686850989 0.51348404166494621 0.49765123972829822
leaf_weight=1412 6708 1175 3445 3290 39 4334 1436 2890 2760 1153 5203 2840 29 1564 1173 2030 158 505 1038 898 3136 2217 2802 460 2640 3672 846 121 869 2969
leaf_count=1412 6708 1175 3445 3290 39 4334 1436 2890 2760 1153 5203 2840 29 1564 1173 2030 158 505 1038 898 3136 2217 2802 460 2640 3672 846 121 869 2969
internal_value=0.502723 0.508361 0.498315 0.500197 0.51288 0.506194 0.495312 0.507581 0.511457 0.516278 0.498909 0.504832 0.501779 0.512161 0.493838 0.5067 0.517914 0.5024 0.500775 0.513426 0.496535 0.502897 0.503746 0.517364 0.497983 0.494382 0.49727 0.508018 0.513084 0.496919
internal_weight=63812 27999 35813 22015 9076 18923 13798 9375 6397 2679 12134 9548 9881 5222 6257 6485 1771 6591 1543 2462 7541 5048 2831 1613 6931 4845 3486 2151 908 6105
internal_count=63812 27999 35813 22015 9076 18923 13798 9375 6397 2679 12134 9548 9881 5222 6257 6485 1771 6591 1543 2462 7541 5048 2831 1613 6931 4845 3486 2151 908 6105
is_linear=0
shrinkage=1


Tree=1
num_leaves=31
num_cat=0
split_feature=15 15 15 19 19 15 15 19 15 15 15 19 15 19 19 19 4 2 5 12 9 15 18 2 10 6 7 15 6 9
split_gain=476.66 74.6019 43.6911 18.366 14.7819 10.2596 7.82926 6.09614 5.66472 5.46557 4.31823 3.30662 3.18546 2.59608 2.38734 2.27834 2.15162 1.94158 1.92857 1.89578 1.89113 1.79957 1.76275 1.81256 1.67288 1.83844 1.59485 1.54484 1.43495 1.42465
threshold=3.9415346756528771 4.0517471391904856 3.7256208424938384 70.010208677978099 72.053041428571433 3.9981586158983733 3.1984648276080736 59.348888503401376 3.9796379800581989 4.0859410030639109 4.0859410030639109 67.869553333333343 3.8815106545092593 16.035783828282831 76.468001085818955 31.961603534482766 3.5000000000000004 12643.000000000002 11516.500000000002 10.500000000000002 484.50000000000006 3.9019216517693867 1.0000000180025095e-35 5376.0000000000009 3.5000000000000004 1.0087500000000003 825.00000000000011 3.5694334999727619 0.92890000000000017 294.50000000000006
decision_type=2 2 2 2 2 2 2 2 2 2 2 2 2 2 2 2 2 2 2 2 2 2 2 2 2 2 2 2 2 2
left_child=2 3 6 5 10 15 -1 21 -5 14 16 -8 17 -7 29 -2 -3 28 -16 -17 -18 -4 26 -24 25 -12 -10 -13 -9 -6
right_child=1 4 7 8 9 13 11 12 22 -11 24 27 -14 -15 18 19 20 -19 -20 -21 -22 -23 23 -25 -26 -27 -28 -29 -30 -31
leaf_value=-0.0091549294060429345 -0.0042998904695773516 0.0042844696660086588 -0.0052526996374853809 0.0014948325494660579 0.0048634589886231601 -0.0033677843568030285 -0.0073878699454708154 -0.0025584623249479623 0.0051935682257552374 0.010674708089370816 0.0074791702421420844 -0.0063670336793530437 -0.0013376149848717124 0.0018963365383011467 0.0077720832997814245 0.0052099753840980584 0.010321787956886147 -0.0038365986381883122 0.012917574884600056 -0.0010681216142612757 0.0002654179761059021 -0.0030223833170726546 0.006879577276280544 0.0033778517872220938 0.0055255304792276201 0.013103632489219308 0.020989518774592358 -0.0046223242882497614 0.00084404924677596428 0.01460905628436057
leaf_weight=3463 552 5843 3256 2675 934 242 4341 1640 2360 1893 1173 2579 4052 7197 2791 124 260 3766 195 3874 57 1253 401 4715 1072 166 15.999999999999998 2501 382 39
leaf_count=3463 552 5843 3256 2675 934 242 4341 1640 2360 1893 1173 2579 4052 7197 2791 124 260 3766 195 3874 57 1253 401 4715 1072 166 16 2501 382 39
internal_value=4.92845e-09 0.00372868 -0.0050083 0.00190682 0.00652731 0.000581141 -0.0071218 -0.00311054 0.00347006 0.00846454 0.00520455 -0.00637437 -0.00241286 0.00172505 0.0074075 -0.00128908 0.00450227 -0.00316557 0.00810853 -0.000873278 0.0085142 -0.004633 0.00417528 0.00365245 0.00699857 0.00817738 0.00530082 -0.00550818 -0.00191564 0.00525555
internal_weight=63812 36579 27233 22156 14423 11989 12884 14349 10167 5852 8571 9421 9840 7439 3959 4550 6160 5788 2986 3998 317 4509 7492 5116 2411 1339 2376 5080 2022 973
internal_count=63812 36579 27233 22156 14423 11989 12884 14349 10167 5852 8571 9421 9840 7439 3959 4550 6160 5788 2986 3998 317 4509 7492 5116 2411 1339 2376 5080 2022 973
is_linear=0
shrinkage=0.05


Tree=2
num_leaves=31
num_cat=0
split_feature=14 14 14 14 14 14 14 19 19 19 19 19 14 19 19 14 14 14 14 14 2 19 19 18 19 19 18 0 6 0
split_gain=525.388 94.8142 65.1591 15.3323 12.0844 11.4142 10.8144 5.26451 4.86873 4.7976 4.37442 4.23191 2.6299 2.53445 2.16448 2.15337 1.96333 1.93489 1.80434 1.59076 2.33259 1.57391 1.56278 1.35763 1.30572 1.23501 1.1951 1.45722 2.23638 1.30378
threshold=5.9750802605835984 6.916218251276935 4.945201156493737 7.5938777178365546 6.3927539336716181 5.5032948732385458 4.1510089048756038 76.123431521739136 44.77429589371981 66.392326008403373 80.331852564102576 71.014784285714299 7.1876568784542938 59.348888503401376 68.998422698927428 3.1132683346437333 8.6219296577985371 6.7086942120556854 4.5798392285869785 5.6646935841241897 50217.500000000007 79.642594166666669 76.621729999999999 5.5000000000000009 68.575074166666681 55.881409799876216 2.5000000000000004 202620.00000000003 0.82940000000000003 118760.00000000001
decision_type=2 2 2 2 2 2 2 2 2 2 2 2 2 2 2 2 2 2 2 2 2 2 2 2 2 2 2 2 2 2
left_child=2 4 6 8 10 11 15 17 -3 -5 24 -4 -10 26 -8 -1 21 -6 -16 20 23 -11 -14 -15 -2 -17 27 -7 -29 -28
right_child=1 3 5 9 7 13 14 -9 12 16 -12 -13 22 19 18 25 -18 -19 -20 -21 -22 -23 -24 -25 -26 -27 29 28 -30 -31
leaf_value=-0.0097536721690092611 0.00090227803431479402 0.0050934627732364185 -0.004174457516117426 0.0095509157670334039 0.0029674010235205186 -0.0017942715133778282 -0.0060726917549472608 0.006166053583256891 0.0075960360939402935 0.012511080108304854 0.0045559623679017622 -0.0021151333721552072 0.0088889728153916017 -0.00049622746369883553 -0.0056317130702038705 -0.0089469366287476173 0.019350939308358552 0.0047793956755355655 -0.0036209467279730112 0.00024113324958953842 -0.0036563093876477142 0.015978027873748604 0.011509111834073521 0.010788651107642044 0.0021769018446505806 -0.0070816950608462107 -0.002264051079417261 -0.0087556775276505083 -0.0025452378624666316 0.0029765520675664567
leaf_weight=1412 4777 1175 5856 908 4221 2133 4987 2890 2760 1153 1303 4347 1564 1612 2091 1173 158 2264 2394 4189 763 460 898 27 3468 3672 245 209 473 230
leaf_count=1412 4777 1175 5856 908 4221 2133 4987 2890 2760 1153 1303 4347 1564 1612 2091 1173 158 2264 2394 4189 763 460 898 27 3468 3672 245 209 473 230
internal_value=1.14218e-08 0.00513107 -0.00401151 0.00933235 0.00311599 -0.0021241 -0.00642147 0.00439113 0.00800218 0.0125082 0.00186392 -0.00329711 0.00865655 -0.000912847 -0.00535578 -0.00803463 0.0140237 0.00360006 -0.00455851 -0.000347073 -0.00137285 0.0135007 0.00984508 -0.00030968 0.00143843 -0.00753346 -0.00204624 -0.00243768 -0.00444944 0.000273597
internal_weight=63812 27999 35813 9076 18923 20084 15729 9375 6397 2679 9548 10203 5222 9881 9472 6257 1771 6485 4485 6591 2402 1613 2462 1639 8245 4845 3290 2815 682 475
internal_count=63812 27999 35813 9076 18923 20084 15729 9375 6397 2679 9548 10203 5222 9881 9472 6257 1771 6485 4485 6591 2402 1613 2462 1639 8245 4845 3290 2815 682 475
is_linear=0
shrinkage=0.05


Tree=3
num_leaves=31
num_cat=0
split_feature=14 14 14 14 14 14 19 14 19 19 19 14 19 14 19 14 14 19 14 19 19 7 14 2 7 7 0 19 2 9
split_gain=474.353 77.6976 66.189 13.8379 13.4999 9.76012 8.29294 6.08912 4.39404 4.33 4.07958 2.83756 2.43328 2.37354 1.95343 1.94345 1.77224 1.7696 1.62843 1.42055 1.41045 1.39056 1.32493 1.42551 1.32015 1.1493 1.12611 1.11463 1.08432 1.05773
threshold=6.0414437724798988 6.916218251276935 4.945201156493737 7.5938777178365546 5.6039604435878507 4.1510089048756038 76.123431521739136 6.527226388596671 44.77429589371981 66.392326008403373 71.014784285714299 6.6502782118072528 59.348888503401376 7.1876568784542938 68.998422698927428 3.1132683346437333 8.6219296577985371 80.421300000000016 4.5798392285869785 79.642594166666669 76.621729999999999 12.500000000000002 5.3821962081647756 114284.00000000001 36.500000000000007 3.5000000000000004 829572.00000000012 55.881409799876216 388780.00000000006 130.50000000000003
decision_type=2 2 2 2 2 2 2 2 2 2 2 2 2 2 2 2 2 2 2 2 2 2 2 2 2 2 2 2 2 2
left_child=2 6 5 8 10 15 7 -2 28 25 22 17 -6 -10 -7 -1 19 29 -16 -11 -15 -12 23 -4 -19 -5 -9 -17 -3 -8
right_child=1 3 4 9 12 14 11 26 13 16 21 -13 -14 20 18 27 -18 24 -20 -21 -22 -23 -24 -25 -26 -27 -28 -29 -30 -31
leaf_value=-0.0092660230166218115 0.0015736957241832415 0.0058523631044426396 -0.0036771963209457376 0.00067465215483132526 -0.0015438492774636249 -0.0057690631983497373 0.0034529193202336456 0.0040730523434448348 0.0072162479795598996 0.011885580487253942 -0.00029184510818491973 0.0067871356647766362 0.00019370160604177862 0.0084445523965327521 -0.0053501411463057575 -0.0084996280329572363 0.018384004935414863 0.0063370179180428964 -0.0034399069571948945 0.015179299860358743 0.010933720140643572 -0.0022748263469852029 -0.0027779456489800433 -0.0056972836789372936 0.0037302302290460783 0.0094502313101085846 0.00033947594657384226 -0.0067276199371796843 0.002561531311211744 -0.00053285221403422968
leaf_weight=1412 7602 813 3407 39 2999 4987 1838 4274 2760 1153 1123 1346 6140 1564 2091 1173 158 1111 2394 460 898 4156 2577 1175 864 869 212 3672 362 183
leaf_count=1412 7602 813 3407 39 2999 4987 1838 4274 2760 1153 1123 1346 6140 1564 2091 1173 158 1111 2394 460 898 4156 2577 1175 864 869 212 3672 362 183
internal_value=1.54535e-08 0.00511431 -0.00363371 0.00886578 -0.00183553 -0.00610041 0.00316084 0.00243579 0.00760209 0.0118829 -0.00290757 0.00480144 -0.000376493 0.00822375 -0.005088 -0.00763292 0.0133227 0.00413243 -0.0043306 0.0128258 0.00935287 -0.001853 -0.00368517 -0.00419534 0.00519688 0.00907342 0.00389662 -0.0071568 0.00483881 0.003092
internal_weight=63812 26506 37306 9076 21577 15729 17430 12088 6397 2679 12438 5342 9139 5222 9472 6257 1771 3996 4485 1613 2462 5279 7159 4582 1975 908 4486 4845 1175 2021
internal_count=63812 26506 37306 9076 21577 15729 17430 12088 6397 2679 12438 5342 9139 5222 9472 6257 1771 3996 4485 1613 2462 5279 7159 4582 1975 908 4486 4845 1175 2021
is_linear=0
shrinkage=0.05


Tree=4
num_leaves=31
num_cat=0
split_feature=14 14 14 14 14 14 14 14 0 10 10 10 14 0 14 14 4 0 8 7 5 6 0 14 15 0 0 16 14 7
split_gain=428.411 77.1249 53.0713 12.688 11.6362 10.0343 6.62097 3.50583 3.16746 2.61398 2.48328 2.46976 2.33757 2.15113 2.14102 1.94842 1.73859 1.50436 1.47271 1.30738 1.37736 1.19522 1.67017 1.19195 1.13895 1.13406 1.12207 1.07849 1.07178 1.45672
threshold=5.9750802605835984 6.916218251276935 4.8081027000528378 7.7708534907042859 5.5032948732385458 6.3927539336716181 3.7494348669884654 7.3469749393815045 1383168.5000000002 1.5000000000000002 3.5000000000000004 31.500000000000004 8.6219296577985371 134221.50000000003 4.516324041782946 6.7244330414940263 11.500000000000002 29611.500000000004 7.5000000000000009 247.50000000000003 64746.500000000007 0.76915000000000011 22595.500000000004 6.1344814670391949 3.9981586158983733 137141.50000000003 14946.000000000002 1.5000000000000002 5.6646935841241897 92.500000000000014
decision_type=2 2 2 2 2 2 2 2 2 2 2 2 2 2 2 2 2 2 2 2 2 2 2 2 2 2 2 2 2 2
left_child=2 5 6 7 9 17 -1 11 19 -4 15 21 13 -5 25 26 18 -2 28 20 -9 22 -3 -19 -25 -8 -7 -12 29 -6
right_child=1 3 4 12 16 10 14 8 -10 -11 27 -13 -14 -15 -16 -17 -18 23 -20 -21 -22 -23 -24 24 -26 -27 -28 -29 -30 -31
leaf_value=-0.0078532319226979116 0.0024308168062074764 0.0084013711621277083 -0.0026423895219813156 0.013153033496304421 -0.00082845779082006156 0.0050980669888335654 -0.0058497608388953723 0.01021754475573709 0.0014545589383694372 -0.0042273587682618088 0.0090231857063697973 0.0012096668859890762 0.017818393470320396 0.0092652042338393359 -0.0044703967451373604 0.0057426294740010458 -0.011214761022812783 0.00024161184058599084 -0.0051880643857805152 0.0071295914231723385 0.0023916046072611917 0.007411486365720258 0.0042088159888606985 0.0036432671335525375 0.0013011591055575476 -0.0098900813820937249 0.0034029146428846031 0.0025049571709296428 -0.00031230910315975996 -0.0032549094003462621
leaf_weight=3730 3897 346 8356 950 2546 1395 5985 1911 132 3778 65 195 174 571 3904 2113 40 2192 186 504 58 3476 759 636 2823 179 3257 2545 6292 817
leaf_count=3730 3897 346 8356 950 2546 1395 5985 1911 132 3778 65 195 174 571 3904 2113 40 2192 186 504 58 3476 759 636 2823 179 3257 2545 6292 817
internal_value=1.94749e-08 0.00463339 -0.00362241 0.00842254 -0.00209859 0.00281598 -0.00605365 0.00752646 0.00900229 -0.00313591 0.00397793 0.00672132 0.0123239 0.0116942 -0.00538687 0.00448341 -0.000824727 0.00167505 -0.000782382 0.00940509 0.00998715 0.0069559 0.00552224 0.00115383 0.00173189 -0.00596725 0.00391134 0.00266763 -0.000697456 -0.00141801
internal_weight=63812 27999 35813 9076 22015 18923 13798 7381 2605 12134 9375 4776 1695 1521 10068 6765 9881 9548 9841 2473 1969 4581 1105 5651 3459 6164 4652 2610 9655 3363
internal_count=63812 27999 35813 9076 22015 18923 13798 7381 2605 12134 9375 4776 1695 1521 10068 6765 9881 9548 9841 2473 1969 4581 1105 5651 3459 6164 4652 2610 9655 3363
is_linear=0
shrinkage=0.05


Tree=5
num_leaves=31
num_cat=0
split_feature=14 14 14 14 14 14 14 19 19 19 19 14 19 19 19 14 19 14 19 4 7 4 14 14 7 19 12 7 14 2
split_gain=386.644 69.6061 48.039 11.4514 9.05601 8.36934 7.9884 5.02051 4.41417 3.46043 3.36609 2.42632 2.4108 2.17553 2.07774 2.01828 1.73926 1.6684 1.61054 1.53161 1.38937 1.50808 1.31582 1.3096 1.29163 1.1701 1.16656 1.14244 1.13009 1.10672
threshold=5.9750802605835984 6.916218251276935 4.945201156493737 7.7708534907042859 6.3927539336716181 5.5032948732385458 4.1510089048756038 73.215379962721371 79.752972629310349 80.331852564102576 71.014784285714299 7.3469749393815045 66.948847537619727 81.518064285714303 45.325040521739133 6.6234007758748676 68.998422698927428 3.1132683346437333 22.93870701540871 11.500000000000002 1.0000000180025095e-35 1.0000000180025095e-35 5.8096417414785728 4.5379471377116305 36.500000000000007 73.215379962721371 18.500000000000004 12.500000000000002 7.2185432730112344 153340.00000000003
decision_type=2 2 2 2 2 2 2 2 2 2 2 2 2 2 2 2 2 2 2 2 2 2 2 2 2 2 2 2 2 2
left_child=2 4 6 7 9 10 17 14 15 -2 -4 -9 -5 18 -3 25 -8 -1 -7 22 21 -18 -20 -22 -10 -6 -15 -12 -16 -17
right_child=1 3 5 12 8 13 16 11 24 -11 27 -13 -14 26 28 29 20 -19 19 -21 23 -23 -24 -25 -26 -27 -28 -29 -30 -31
leaf_value=-0.00841012110387249 0.0012128684011453576 0.0044527638506940475 -0.0036075999653188218 0.0092247115221359473 0.001965313345913267 -0.0047259834327444926 -0.0052372836024067162 0.0076755518450817087 0.0075778736862398806 0.0039856472900930799 -0.00027343256632031545 0.010638310513284432 0.013142592242710261 0.0074487197536543598 0.0058371035627091134 0.0046493427153350697 -0.0042484214288055697 -0.0064558990276505608 -0.0013010967226599903 -0.010655421208580979 -0.0050238007168233942 0.011581961767890328 9.5248793121580381e-06 -0.0032716134753391461 0.004744854783893632 0.0039018060040775238 0.00096122543078873922 -0.0022097193560689527 0.0077984041675808928 0.0027753825982912081
leaf_weight=1412 8245 1381 5856 621 2873 285 4987 1999 805 1303 985 1058 1074 75 1492 2708 30 4845 5700 40 1795 30 2884 2630 806 1071 897 3362 1451 1112
leaf_count=1412 8245 1381 5856 621 2873 285 4987 1999 805 1303 985 1058 1074 75 1492 2708 30 4845 5700 40 1795 30 2884 2630 806 1071 897 3362 1451 1112
internal_value=2.32457e-08 0.00440174 -0.00344129 0.00800146 0.00267519 -0.00182069 -0.00551058 0.00715017 0.00377905 0.0015913 -0.00282513 0.00870125 0.0117078 -0.000783502 0.0060534 0.00328475 -0.00459465 -0.00689703 -0.00102856 -0.00090632 -0.00387999 0.00367287 -0.000860767 -0.00398249 0.00616087 0.00249126 0.00146252 -0.00177099 0.00680432 0.00410392
internal_weight=63812 27999 35813 9076 18923 20084 15729 7381 9375 9548 10203 3057 1695 9881 4324 7764 9472 6257 8909 8624 4485 60 8584 4425 1611 3944 972 4347 2943 3820
internal_count=63812 27999 35813 9076 18923 20084 15729 7381 9375 9548 10203 3057 1695 9881 4324 7764 9472 6257 8909 8624 4485 60 8584 4425 1611 3944 972 4347 2943 3820
is_linear=0
shrinkage=0.05


Tree=6
num_leaves=31
num_cat=0
split_feature=14 14 14 14 14 14 14 19 19 2 19 19 19 19 0 14 19 2 14 19 1 16 7 4 12 14 14 16 1 7
split_gain=349.342 57.0173 48.7393 9.92367 8.7992 8.59892 7.20959 5.45907 5.03138 3.35966 2.54858 2.31346 2.17573 2.09271 2.07202 1.57253 1.56969 1.55908 1.50577 1.31543 1.27571 1.27075 1.25412 1.36152 1.22854 1.2122 1.18193 1.14688 1.11062 1.03051
threshold=6.0414437724798988 7.0026107065950418 4.945201156493737 5.6039604435878507 6.6234007758748676 7.7708534907042859 4.1510089048756038 73.215379962721371 75.284318048780491 71085.000000000015 57.830795882352952 18.389739807162538 66.948847537619727 59.348888503401376 760406.00000000012 5.3958951239350581 68.998422698927428 24176.500000000004 3.1132683346437333 76.123431521739136 370934.00000000006 1.5000000000000002 1.0000000180025095e-35 1.0000000180025095e-35 15.500000000000002 7.3469749393815045 4.5379471377116305 1.5000000000000002 9404345.5000000019 17.500000000000004
decision_type=2 2 2 2 2 2 2 2 2 2 2 2 2 2 2 2 2 2 2 2 2 2 2 2 2 2 2 2 2 2
left_child=2 4 6 9 7 8 18 27 11 10 -4 -3 -7 -5 19 -12 29 28 -1 -6 -10 -19 23 -18 -21 -13 -24 -2 -9 -8
right_child=1 5 3 13 14 12 16 17 20 -11 15 25 -14 -15 -16 -17 22 21 -20 24 -22 -23 26 -25 -26 -27 -28 -29 -30 -31
leaf_value=-0.0079896449003882125 0.0048548059181882444 0.0021304823949198129 -0.0035166747166728604 -0.001406928758045018 0.0041365784388775109 0.0087635502584752865 -0.0038104741217902735 0.0044976336030729501 0.011189265842869008 -0.0037720038038175372 -0.0020279592569635374 0.0057059028718608419 0.012485523812121268 0.00020444492967043072 3.7649135442827511e-05 -0.00040007318591488091 -0.004036706077102015 0.0093588367085098885 -0.0061331107528060352 0.011979288828489464 0.0083688151237954859 0.0023830530007633273 -0.0047726246872683616 0.011004787194465234 0.0054948509547586601 0.0075307820936134397 -0.003108039073976315 0.0012336008293022472 -0.0027481822190245069 -0.0054192204846169132
leaf_weight=1412 225 338 2036 2999 3626 621 1376 2428 553 3640 4564 2238 1074 6140 249 2198 30 67 4845 76 1471 2432 1795 30 1869 1537 2630 7648 54 3611
leaf_count=1412 225 338 2036 2999 3626 621 1376 2428 553 3640 4564 2238 1074 6140 249 2198 30 67 4845 76 1471 2432 1795 30 1869 1537 2630 7648 54 3611
internal_value=2.63113e-08 0.00438897 -0.00311833 -0.00157529 0.00288712 0.00796978 -0.00523506 0.00215677 0.00709886 -0.00249443 -0.00196582 0.00609425 0.0111225 -0.000324344 0.00450011 -0.00149883 -0.00436492 0.00345222 -0.00655219 0.00469956 0.00913994 0.00257045 -0.00368599 0.00348984 0.00574883 0.00644909 -0.00378337 0.00133715 0.00433988 -0.00497542
internal_weight=63812 26506 37306 21577 18674 7832 15729 12854 6137 12438 8798 4113 1695 9139 5820 6762 9472 4981 6257 5571 2024 2499 4485 60 1945 3775 4425 7873 2482 4987
internal_count=63812 26506 37306 21577 18674 7832 15729 12854 6137 12438 8798 4113 1695 9139 5820 6762 9472 4981 6257 5571 2024 2499 4485 60 1945 3775 4425 7873 2482 4987
is_linear=0
shrinkage=0.05


Tree=7
num_leaves=31
num_cat=0
split_feature=14 14 14 14 14 14 14 2 14 10 1 14 0 14 15 14 7 7 1 7 14 0 15 10 1 12 0 0 0 1
split_gain=315.283 51.6116 43.9873 9.42159 8.95614 6.50669 5.82243 3.0321 2.64739 2.3751 2.29117 2.17771 1.76011 1.73723 1.37435 1.3521 1.32097 1.29058 1.24 1.71255 1.22438 1.26368 1.13734 1.41441 1.19417 1.09125 1.09085 1.07763 1.02699 1.1661
threshold=6.0414437724798988 6.916218251276935 4.945201156493737 7.5938777178365546 5.6039604435878507 4.1510089048756038 6.3927539336716181 71085.000000000015 8.6219296577985371 6.5000000000000009 2450606.0000000005 7.1708872968977238 109349.00000000001 6.6637708581706061 2.524928003624769 4.5379471377116305 453.00000000000006 28.500000000000004 1157005.0000000002 1.0000000180025095e-35 5.3958951239350581 248498.50000000003 3.9981586158983733 1.0000000180025095e-35 7207998.0000000009 1200.0000000000002 1383168.5000000002 601135.50000000012 15829.500000000002 875593.00000000012
decision_type=2 2 2 2 2 2 2 2 2 2 2 2 2 2 2 2 2 2 2 2 2 2 2 2 2 2 2 2 2 2
left_child=2 6 5 9 7 14 22 20 12 11 13 -3 -5 28 -1 -7 -15 -17 19 -6 -4 -22 -2 24 -24 -21 -13 -25 29 -8
right_child=1 3 4 8 18 15 10 -9 -10 -11 -12 26 -14 16 -16 17 -18 -19 -20 25 21 -23 23 27 -26 -27 -28 -29 -30 -31
leaf_value=-0.0081229265509340839 0.0026667718212512997 0.0056568414527950091 -0.0022789066378393805 0.010371824177537381 0.017172800685396259 -0.0048585286689774134 0.0055772633246430788 -0.0035834087730164596 0.015682421256624921 0.0043313531412222045 0.0024185545556852546 0.0078471056773602443 0.0076573825155400871 0.0052410395644103581 -0.0059349251550816539 -0.0027964332334348037 -0.0013687260885378312 -0.0043294880975352657 -0.00081062486772358062 0.00041432275150519077 -0.00085145088824416834 -0.0074667205566517755 0.0024809027048053479 0.00079602930601070817 -0.00099066595804693058 -0.0059256851026187251 -0.0022505647365374977 -0.0033076049273200376 0.0026781694151613387 0.0019907774354804885
leaf_weight=828 1884 2546 5919 1517 14.999999999999998 3915 784 3640 174 1362 3530 2462 988 2409 5429 2481 78 3076 5239 3816 2805 74 2413 3314 276 69 27 168 2255 319
leaf_count=828 1884 2546 5919 1517 15 3915 784 3640 174 1362 3530 2462 988 2409 5429 2481 78 3076 5239 3816 2805 74 2413 3314 276 69 27 168 2255 319
internal_value=2.98636e-08 0.00416954 -0.00296242 0.00722707 -0.00149653 -0.00497331 0.00257742 -0.00236971 0.00971657 0.00618436 0.00342449 0.00668552 0.00930157 0.00403196 -0.00622459 -0.00414668 0.00503369 -0.0036451 -0.000308127 0.000366899 -0.00186754 -0.00102174 0.0015915 0.00126319 0.00212456 0.000301571 0.00773748 0.000597947 0.00328993 0.00454029
internal_weight=63812 26506 37306 9076 21577 15729 17430 12438 2679 6397 9375 5035 2505 5845 6257 9472 2487 5557 9139 3900 8798 2879 8055 6171 2689 3885 2489 3482 3358 1103
internal_count=63812 26506 37306 9076 21577 15729 17430 12438 2679 6397 9375 5035 2505 5845 6257 9472 2487 5557 9139 3900 8798 2879 8055 6171 2689 3885 2489 3482 3358 1103
is_linear=0
shrinkage=0.05


Tree=8
num_leaves=31
num_cat=0
split_feature=15 15 15 1 15 15 15 16 16 15 1 2 2 2 2 4 6 15 7 1 12 2 6 2 15 9 18 1 15 16
split_gain=232.042 35.3355 22.5244 6.88785 6.31925 4.05941 3.04974 2.89836 2.79386 2.69165 2.45511 1.9664 1.75179 1.55894 1.51304 1.71876 1.50731 1.50146 1.42875 1.30171 1.26362 1.19978 1.1914 1.19036 1.15757 1.43666 1.26858 0.986918 0.925391 0.923216
threshold=3.9415346756528771 4.0517471391904856 3.7256208424938384 2450606.0000000005 3.9796379800581989 3.1984648276080736 4.0859410030639109 1.5000000000000002 1.5000000000000002 3.8815106545092593 3037596.0000000005 145297.00000000003 27363.500000000004 12643.000000000002 65616.000000000015 2.5000000000000004 1.0416500000000002 4.0689902272260703 96.500000000000014 2775264.5000000005 21.500000000000004 17153.000000000004 1.2250000000000003 153340.00000000003 4.0342014792848504 475.50000000000006 2.5000000000000004 159944.00000000003 2.2499048351651334 1.5000000000000002
decision_type=2 2 2 2 2 2 2 2 2 2 2 2 2 2 2 2 2 2 2 2 2 2 2 2 2 2 2 2 2 2
left_child=2 4 5 6 8 28 12 -6 21 13 14 27 -3 16 18 -16 -4 -5 -9 -11 -21 -2 -8 29 25 -12 -26 -10 -1 -7
right_child=1 3 9 17 7 23 22 10 11 19 24 -13 -14 -15 15 -17 -18 -19 -20 20 -22 -23 -24 -25 26 -27 -28 -29 -30 -31
leaf_value=-0.0085297484360234554 0.00077577999186591697 0.0058633911483473187 -0.001908112333606736 0.0021641782974437425 0.0064831413093369029 -0.0032041447442700977 0.0068666843508612884 0.0024740494775636968 0.0018465015131969257 -0.00075873628087376422 0.00055848622060451422 -0.0029149277080750512 0.004079814420779755 -0.0031517400680598859 0.00078032757629354721 0.0034590440454187253 0.0045410915397653927 0.0038219455115360104 0.0067492238306572404 0.0011219678306231523 -0.0027360607112652288 0.0058975641465268307 -0.006381927580948462 -0.0068945390732054928 0.0014817634161212697 -0.0066124851986996405 0.0056789815744865552 -0.00039557815764479799 -0.0061498447999065366 -0.004569900267503894
leaf_weight=474 210 2255 2441 2182 327 1485 2776 6976 569 3790 3960 722 3539 5893 2865 757 94 3654 201 239 1892 251 17 482 1474 71 205 3568 2989 7454
leaf_count=474 210 2255 2441 2182 327 1485 2776 6976 569 3790 3960 722 3539 5893 2865 757 94 3654 201 239 1892 251 17 482 1474 71 205 3568 2989 7454
internal_value=3.13652e-08 0.00260159 -0.00349434 0.00452767 0.00134774 -0.00501186 0.00542848 0.00182241 -0.000154437 -0.00213173 0.00173005 -0.000507396 0.00477406 -0.00270572 0.00217343 0.00134026 -0.0016688 0.00320218 0.00259387 -0.00131468 -0.00230334 0.0035651 0.00678582 -0.00447366 0.000891498 0.000432019 0.00199454 -8.7167e-05 -0.00647583 -0.00434305
internal_weight=63812 36579 27233 14423 22156 12884 8587 16836 5320 14349 16509 4859 5794 8428 10799 3622 2535 5836 7177 5921 2131 461 2793 9421 5710 4031 1679 4137 3463 8939
internal_count=63812 36579 27233 14423 22156 12884 8587 16836 5320 14349 16509 4859 5794 8428 10799 3622 2535 5836 7177 5921 2131 461 2793 9421 5710 4031 1679 4137 3463 8939
is_linear=0
shrinkage=0.05


Tree=9
num_leaves=31
num_cat=0
split_feature=15 15 15 1 15 15 15 16 16 15 0 1 6 0 10 9 0 15 12 15 9 0 10 2 15 2 6 10 15 9
split_gain=209.418 31.8903 20.3285 6.21629 5.70313 3.71115 2.75237 2.61588 2.52156 2.42921 2.31258 2.21576 1.64345 1.51293 1.49889 1.48168 1.38497 1.3722 1.74346 1.35507 1.23803 1.21861 1.20248 1.12256 1.1168 1.08285 1.07556 1.0525 1.04475 1.29677
threshold=3.9415346756528771 4.0517471391904856 3.7256208424938384 2450606.0000000005 3.9796379800581989 3.3842466058243152 4.0859410030639109 1.5000000000000002 1.5000000000000002 3.8815106545092593 82967.000000000015 3037596.0000000005 1.0683500000000004 160631.50000000003 1.5000000000000002 1.5000000000000002 98532.000000000015 3.9981586158983733 12.500000000000002 4.0689902272260703 1.0000000180025095e-35 139157.50000000003 7.5000000000000009 18262.500000000004 2.2499048351651334 17153.000000000004 1.2250000000000003 92.500000000000014 4.0342014792848504 475.50000000000006
decision_type=2 2 2 2 2 2 2 2 2 2 2 2 2 2 2 2 2 2 2 2 2 2 2 2 2 2 2 2 2 2
left_child=2 4 5 6 8 24 12 -6 25 14 15 17 13 -3 -4 -10 -11 21 -19 -5 -12 -9 -7 -17 -1 -2 -8 -15 29 -13
right_child=1 3 9 19 7 22 26 11 10 16 20 28 -14 27 -16 23 -18 18 -20 -21 -22 -23 -24 -25 -26 -27 -28 -29 -30 -31
leaf_value=-0.0081033508273048224 0.00073700942970574739 0.0051067275868113583 -0.0021545286139264832 0.0020559743789538439 0.0061590832925296065 -0.0039423012835317784 0.0065233625342858929 0.0013699097534220685 0.0056283438197674519 -0.00091293396651752421 -0.011377840105198184 0.00053056258569801943 0.0011029128103369982 0.0026230829332624314 -0.003639675739453055 0.0011891634864982907 -0.0029893928645420963 0.0061827192355586331 0.0022132454979304039 0.0036308534790639412 -0.0020988280467952492 -0.002307052051709228 -0.0074086468764670531 -0.00068586560900312865 -0.0055570050761171268 0.0056028032933923928 -0.0060646972177844302 0.016396481094630901 0.0018948311573052301 -0.0062823259650235776
leaf_weight=474 210 4584 6068 2182 327 7395 2776 1876 119 4963 37 3960 329 867 2360 1216 958 286 8381 3654 1164 256 259 2323 4756 251 17 13.999999999999998 1679 71
leaf_count=474 210 4584 6068 2182 327 7395 2776 1876 119 4963 37 3960 329 867 2360 1216 958 286 8381 3654 1164 256 259 2323 4756 251 17 14 1679 71
internal_value=3.06268e-08 0.00247151 -0.00331963 0.0043013 0.00128036 -0.00476128 0.00515706 0.00173129 -0.00014671 -0.00202515 -0.000482028 0.00164355 0.00453537 0.00474198 -0.00257044 0.00014301 -0.00124894 0.00206476 0.0023443 0.00304207 -0.00238562 0.000928311 -0.00405969 -4.15904e-05 -0.00578793 0.00338692 0.00644653 0.00284379 0.000846924 0.000410411
internal_weight=63812 36579 27233 14423 22156 12884 8587 16836 5320 14349 4859 16509 5794 5465 8428 3658 5921 10799 8667 5836 1201 2132 7654 3539 5230 461 2793 881 5710 4031
internal_count=63812 36579 27233 14423 22156 12884 8587 16836 5320 14349 4859 16509 5794 5465 8428 3658 5921 10799 8667 5836 1201 2132 7654 3539 5230 461 2793 881 5710 4031
is_linear=0
shrinkage=0.05


Tree=10
num_leaves=31
num_cat=0
split_feature=14 14 14 14 14 14 14 1 7 15 0 0 14 7 14 9 14 10 18 15 0 0 7 9 15 0 18 0 9 5
split_gain=240.45 43.1557 31.3223 7.80223 6.95004 6.42256 3.9742 2.69325 1.99355 1.96586 1.78036 1.77663 1.73285 1.68633 1.45107 1.42488 1.29877 1.28992 1.16616 1.12416 1.11969 1.05267 1.03206 1.29375 0.993146 1.00355 0.990496 1.11565 0.990263 1.15565
threshold=6.0414437724798988 7.0026107065950418 5.173316863805991 4.516324041782946 7.818828482699506 6.6234007758748676 5.6646935841241897 2632933.5000000005 87.500000000000014 3.0677824455408698 32352.000000000004 760406.00000000012 8.6219296577985371 23.500000000000004 7.1876568784542938 101.50000000000001 6.3234621011542984 44.500000000000007 2.5000000000000004 4.0342014792848504 398651.00000000006 134221.50000000003 149.50000000000003 13.500000000000002 3.795426061844291 47729.000000000007 5.5000000000000009 98532.000000000015 2.5000000000000004 113225.50000000001
decision_type=2 2 2 2 2 2 2 2 2 2 2 2 2 2 2 2 2 2 2 2 2 2 2 2 2 2 2 2 2 2
left_child=2 5 3 9 7 10 8 14 26 -1 15 19 21 -5 -3 16 -2 24 22 -7 -15 -6 23 -9 -8 -26 27 -4 -11 -30
right_child=1 4 6 13 12 11 17 18 -10 28 -12 -13 -14 20 -16 -17 -18 -19 -20 -21 -22 -23 -24 -25 25 -27 -28 -29 29 -31
leaf_value=-0.0061232334733592603 0.0018445219825506912 0.0054192220848713083 -0.001101979412833429 -0.0021114385464243261 0.010250643533424164 0.0051779340545194509 -0.0095469874008376407 0.0022670057817091374 -0.0029220263342148506 -0.0028751819639251091 0.0012062856208031535 -0.00041927125584221978 0.014518838285937658 -0.0034007339534850665 0.0074532911858202072 5.9525649777751502e-06 0.0034753602102305294 -0.0075171023937323431 0.0070631059368895096 0.0035031895406343627 -0.010627325065175757 0.007291057652543835 0.0025382300648553145 0.0059732701670171581 0.00032889002237084159 -0.00083019439249599775 0.0059278221729739461 -0.0029570406275192078 -0.0046344651674614414 -0.00939682566526444
leaf_weight=2612 2410 1286 6128 3685 853 1311 28 320 2579 810 7410 249 174 6090 2766 559 2475 60 414 4260 54 466 660 893 4715 3092 47 934 6342 130
leaf_count=2612 2410 1286 6128 3685 853 1311 28 320 2579 810 7410 249 174 6090 2766 559 2475 60 414 4260 54 466 660 893 4715 3092 47 934 6342 130
internal_value=2.95237e-08 0.00364126 -0.00258707 -0.00395501 0.00675653 0.00233466 -0.00105263 0.00603349 -0.00173122 -0.00494623 0.00171069 0.0037127 0.00982581 -0.0029572 0.00680788 0.00239721 0.00267085 -0.000219927 0.00466124 0.00389739 -0.00346442 0.00920566 0.00412999 0.00499579 -0.00016395 -0.000130176 -0.00129918 -0.00134736 -0.00452396 -0.00473027
internal_weight=63812 26506 37306 19723 7832 18674 17583 6339 9688 9894 12854 5820 1493 9829 4052 5444 4885 7895 2287 5571 6144 1319 1873 1213 7835 7807 7109 7062 7282 6472
internal_count=63812 26506 37306 19723 7832 18674 17583 6339 9688 9894 12854 5820 1493 9829 4052 5444 4885 7895 2287 5571 6144 1319 1873 1213 7835 7807 7109 7062 7282 6472
is_linear=0
shrinkage=0.05


Tree=11
num_leaves=31
num_cat=0
split_feature=14 14 14 14 14 19 14 14 19 19 19 19 14 10 19 19 14 9 9 19 15 12 14 19 8 16 18 4 4 15
split_gain=217.008 39.0784 28.4015 8.6668 5.79314 4.55937 4.43621 2.99557 2.87348 2.77279 2.61464 1.73763 1.67078 1.52473 1.47833 1.40396 1.24374 1.1758 1.1349 1.12601 1.06519 0.983362 0.976036 0.987616 0.972852 0.958566 0.947782 0.946912 0.937737 0.931532
threshold=6.0414437724798988 6.8569880235699889 4.945201156493737 7.5205054857687132 5.6039604435878507 80.331852564102576 4.1510089048756038 6.4433357115843206 76.123431521739136 63.506980703012921 78.571830952380964 59.348888503401376 8.6219296577985371 17.500000000000004 18.389739807162538 68.998422698927428 7.2813854267391038 7.5000000000000009 24.500000000000004 34.164830253658543 3.4498615536424366 1097.5000000000002 3.1132683346437333 55.881409799876216 7.5000000000000009 1.5000000000000002 16.500000000000004 2.5000000000000004 15.500000000000002 4.0517471391904856
decision_type=2 2 2 2 2 2 2 2 2 2 2 2 2 2 2 2 2 2 2 2 2 2 2 2 2 2 2 2 2 2
left_child=2 5 6 8 9 7 22 14 13 -4 12 21 19 29 -2 -8 -10 -11 -7 -5 -19 -6 -1 -24 -13 -16 -27 -9 -21 -3
right_child=1 3 4 10 11 18 15 27 16 17 -12 24 -14 -15 25 -17 -18 20 -20 28 -22 -23 23 -25 -26 26 -28 -29 -30 -31
leaf_value=-0.006264012568712396 -0.0031142524054371774 0.005846779757391226 -0.0028900416246573826 0.004708262497396247 -0.0011520448549053204 0.0049914049825675443 -0.0039683389948303865 0.0022078756379056859 0.0057258525552639451 5.2069174500131188e-05 0.010746119255183506 0.00022395764236893614 0.013802150519981935 0.0021274291088981688 0.00408340682738699 -0.0027489752309934451 0.0084388762741274253 -0.011538782333559958 0.0028270064751657964 0.007661747248889985 -0.0016036886713853733 -0.0064848010704197274 -0.0060328251752161891 -0.0043655970184290271 -0.0058297059684714256 0.00091520323845166321 0.007326758926711887 0.0041672893185412344 -0.0063208148252865502 0.0041417054654776268
leaf_weight=1412 217 1107 5017 424 2910 1258 4987 5410 1757 1218 723 6073 95 730 255 4485 557 27 1169 1820 6176 89 1173 3672 67 7311 58 696 11.999999999999998 2907
leaf_count=1412 217 1107 5017 424 2910 1258 4987 5410 1757 1218 723 6073 95 730 255 4485 557 27 1169 1820 6176 89 1173 3672 67 7311 58 696 12 2907
internal_value=2.95877e-08 0.00345921 -0.00245773 0.00589979 -0.00127982 0.00194898 -0.00407356 0.00160091 0.00493458 -0.00198209 0.00811572 -0.000324038 0.00730638 0.00422979 0.000954254 -0.003391 0.00637924 -0.00136824 0.00394905 0.00703224 -0.00164712 -0.00131051 -0.00510675 -0.00476936 0.000157806 0.00107009 0.000965766 0.00243129 0.00756982 0.00461207
internal_weight=63812 26506 37306 10132 21577 16374 15729 13947 7058 12438 3074 9139 2351 4744 7841 9472 2314 7421 2427 2256 6203 2999 6257 4845 6140 7624 7369 6106 1832 4014
internal_count=63812 26506 37306 10132 21577 16374 15729 13947 7058 12438 3074 9139 2351 4744 7841 9472 2314 7421 2427 2256 6203 2999 6257 4845 6140 7624 7369 6106 1832 4014
is_linear=0
shrinkage=0.05


Tree=12
num_leaves=31
num_cat=0
split_feature=14 14 14 14 14 19 19 14 14 19 19 14 1 7 19 9 18 7 4 12 19 9 4 9 12 1 14 0 1 7
split_gain=196.047 38.7617 22.9682 7.82884 4.93693 4.70385 3.97291 3.35152 3.14828 2.28681 2.27981 1.7269 1.67635 1.56047 1.51421 1.3229 1.2822 1.18089 1.16642 1.1644 1.11545 1.08227 1.04755 1.02981 1.00242 1.25814 0.993457 1.07983 0.982377 1.72259
threshold=5.9750802605835984 6.8569880235699889 4.8081027000528378 7.3469749393815045 5.3958951239350581 80.331852564102576 59.135501190476198 6.4433357115843206 3.7494348669884654 71.014784285714299 60.155544981513707 7.9249763208304893 2275250.5000000005 47.500000000000007 67.869553333333343 1.0000000180025095e-35 2.5000000000000004 82.500000000000014 8.5000000000000018 647.50000000000011 18.389739807162538 70.500000000000014 1.5000000000000002 39.500000000000007 109.50000000000001 8346812.0000000009 7.7441362521724226 1383168.5000000002 1074954.5000000002 1.0000000180025095e-35
decision_type=2 2 2 2 2 2 2 2 2 2 2 2 2 2 2 2 2 2 2 2 2 2 2 2 2 2 2 2 2 2
left_child=2 5 8 12 9 7 22 20 -1 13 16 21 -3 23 -10 -16 18 28 19 -6 -2 -8 26 -4 -19 -26 27 -5 29 -12
right_child=1 3 4 6 10 -7 11 -9 14 -11 17 -13 -14 -15 15 -17 -18 24 -20 -21 -22 -23 -24 -25 25 -27 -28 -29 -30 -31
leaf_value=-0.005290785686020396 -0.0023790586951505897 0.0050819679470295483 -0.0022542692400757225 0.0036227699488422223 -0.0017706130137242139 0.0037167282853602969 0.0084601906528567125 0.0023097273292067176 -0.0042198734289369587 -0.0013912672562728231 0.012786019299038496 0.010092055683581985 0.0033394403438459577 -0.0037672667569947759 0.00072197544503109859 -0.0031651267881053062 0.00044841816538937512 0.00011946395024434436 -0.013776484329553577 -0.0058029817991121961 0.00089414759787966643 0.0062093602670599754 0.0075865948790599276 0.0044118676705631804 -0.0029206917913967546 0.0027460150962287759 0.0059505918609301135 -0.0026738909651571243 -0.0006138559632695318 0.00056601888958081965
leaf_weight=3730 268 3587 2968 490 3370 2561 1192 6106 4900 4345 29 868 2245 2766 229 4939 597 674 21 189 8932 971 278 59 960 109 422 79 2710 3218
leaf_count=3730 268 3587 2968 490 3370 2561 1192 6106 4900 4345 29 868 2245 2766 229 4939 597 674 21 189 8932 971 278 59 960 109 422 79 2710 3218
internal_value=3.02815e-08 0.00313438 -0.00245044 0.00560483 -0.00144798 0.00173342 0.00722351 0.00140155 -0.00404986 -0.00225841 -0.000756202 0.00820699 0.00441126 -0.00290877 -0.00359008 -0.00299287 -0.00169673 -0.00024598 -0.00205446 -0.00198491 0.000798773 0.0074501 0.004874 -0.0021242 -0.00139065 -0.00234269 0.00411236 0.00274822 8.8964e-05 0.00067555
internal_weight=63812 27999 35813 10132 22015 17867 4300 15306 13798 10138 11877 3031 5832 5793 10068 5168 4177 7700 3580 3559 9200 2163 1269 3027 1743 1069 991 569 5957 3247
internal_count=63812 27999 35813 10132 22015 17867 4300 15306 13798 10138 11877 3031 5832 5793 10068 5168 4177 7700 3580 3559 9200 2163 1269 3027 1743 1069 991 569 5957 3247
is_linear=0
shrinkage=0.05


Tree=13
num_leaves=31
num_cat=0
split_feature=14 14 14 14 14 19 19 14 14 19 19 19 15 1 19 19 7 19 9 19 4 15 1 2 12 19 14 7 0 10
split_gain=176.947 32.2652 23.2873 6.90921 5.93687 4.70239 3.97572 3.00877 2.54384 1.86776 1.73527 1.59219 1.45775 1.42884 1.38401 1.356 1.34553 1.33756 1.26649 1.11141 1.1339 1.08828 1.06143 1.05313 1.0193 1.00476 1.00231 0.977631 0.955758 0.938807
threshold=6.0414437724798988 7.1252827678962758 5.173316863805991 6.7244330414940263 4.516324041782946 66.252015526634395 68.689875837320599 5.6646935841241897 7.8720355343422375 68.998422698927428 78.888969241573037 59.348888503401376 3.0677824455408698 482545.00000000006 80.331852564102576 76.123431521739136 1.0000000180025095e-35 50.594389705882371 2.5000000000000004 19.26143226324238 11.500000000000002 4.0689902272260703 24275603.500000004 1900.5000000000002 19.500000000000004 18.389739807162538 6.176905692078182 36.500000000000007 2218.0000000000005 1.5000000000000002
decision_type=2 2 2 2 2 2 2 2 2 2 2 2 2 2 2 2 2 2 2 2 2 2 2 2 2 2 2 2 2 2
left_child=2 3 4 6 12 25 26 10 13 29 19 -9 -1 -7 24 21 -12 -14 -19 -4 -21 22 -5 -13 -8 -3 -2 -16 -18 -6
right_child=1 5 7 15 9 8 14 11 -10 -11 16 23 17 -15 27 -17 28 18 -20 20 -22 -23 -24 -25 -26 -27 -28 -29 -30 -31
leaf_value=-0.0052769984456694325 -0.00036694563134044518 0.0020168245438378948 -0.0057623759265478212 0.0035745815728802119 -0.002630966511398988 0.0083306552560506349 0.0054672796934125125 -0.001163845272282777 0.0096826496158982107 -0.0017963290958804879 0.0095865576796000176 0.0052434642231578834 -0.0053342340646534338 0.0059039226378824567 0.0043470924003549648 0.0047811718242961581 0.0025598655888179824 -0.0014536726353880126 -0.0038297503200135476 -0.0016742477422294804 -0.0094565651686011869 0.0020572377757316672 0.0097748793461183217 0.00023368795988198572 0.0017815522159285143 0.0049573993606510649 0.0010416271247150825 0.002228568729037303 -0.00075761143030137542 -0.0040021581620635566
leaf_weight=2612 1643 334 174 2409 3134 865 195 2674 891 4619 35 107 1329 2038 1246 1727 252 627 5326 7616 47 1532 71 5114 4888 2240 5459 968 1564 2076
leaf_count=2612 1643 334 174 2409 3134 865 195 2674 891 4619 35 107 1329 2038 1246 1727 252 627 5326 7616 47 1532 71 5114 4888 2240 5459 968 1564 2076
internal_value=3.10398e-08 0.00312364 -0.0022193 0.00214265 -0.00339881 0.00622583 0.00155794 -0.000896235 0.00734505 -0.00252841 -0.00148667 -0.000171696 -0.00426345 0.00662727 0.00237758 0.00360962 -0.000109745 -0.00389983 -0.00357952 -0.00181188 -0.0017221 0.00310521 0.00375248 0.000336458 0.00192305 0.00457593 0.000715763 0.00342098 -0.000297141 -0.0031774
internal_weight=63812 26506 37306 20138 19723 6368 14399 17583 3794 9829 9688 7895 9894 2903 7297 5739 1851 7282 5953 7837 7663 4012 2480 5221 5083 2574 7102 2214 1816 5210
internal_count=63812 26506 37306 20138 19723 6368 14399 17583 3794 9829 9688 7895 9894 2903 7297 5739 1851 7282 5953 7837 7663 4012 2480 5221 5083 2574 7102 2214 1816 5210
is_linear=0
shrinkage=0.05


Tree=14
num_leaves=31
num_cat=0
split_feature=15 15 15 19 19 15 19 15 16 1 1 19 15 19 0 4 11 12 19 7 0 19 2 10 7 10 0 19 0 15
split_gain=124.813 18.5162 12.8734 7.33671 5.55807 3.56294 2.64291 2.30523 2.22316 1.77574 1.6881 1.48809 1.39755 1.12293 1.11459 1.08668 1.33591 1.07043 1.04365 1.03984 1.10747 1.03801 0.997525 1.32714 0.918692 0.916248 0.977837 0.900244 1.17315 0.871961
threshold=3.9415346756528771 4.0517471391904856 3.7256208424938384 72.735168815459943 72.053041428571433 3.9796379800581989 59.348888503401376 3.3842466058243152 1.5000000000000002 3377867.0000000005 20460673.500000004 18.389739807162538 4.0859410030639109 67.869553333333343 147339.00000000003 3.5000000000000004 3.5000000000000004 12.500000000000002 76.468001085818955 12.500000000000002 118760.00000000001 80.331852564102576 64106.000000000007 9.5000000000000018 1127.0000000000002 1.5000000000000002 2056.5000000000005 73.492719859813107 327606.00000000006 2.2499048351651334
decision_type=2 2 2 2 2 2 2 2 2 2 2 2 2 2 2 2 2 2 2 2 2 2 2 2 2 2 2 2 2 2
left_child=2 3 7 5 15 -2 -4 29 -7 12 14 -10 18 25 22 16 -3 -13 -6 -8 -21 -16 -5 -24 -17 -9 -27 -11 -29 -1
right_child=1 4 6 10 9 8 19 13 11 27 -12 17 -14 -15 21 24 -18 -19 -20 20 -22 -23 23 -25 -26 26 -28 28 -30 -31
leaf_value=-0.0065648212036983431 -0.0012337634761128413 0.002285203056661857 -0.0025350809549531525 0.0023807898636000035 0.0024860461906043643 0.0072825831113079824 -8.8587034831687553e-05 -0.0032262457740142528 -0.0022395208974429108 0.0063576372600737787 -0.0041017242864706495 0.0039075254894608618 0.0060085399006690812 -0.0025999973637072637 0.0038725310183474852 0.005566894464287069 0.0077108181011721457 0.00066900416019286565 0.0046807408275970136 -0.0012083574104834157 -0.0040296337355843542 0.011841750209841243 0.00044925868238108427 0.0049138849782513682 -0.0036394043805164085 0.0017146329244637334 -0.0052269258623282395 0.00073876941578563738 0.0072719767110162306 -0.0043151419347910881
leaf_weight=474 3043 8027 4509 6711 676 127 2107 2290 433 113 107 262 1679 4147 205 400 115 9638 2734 7368 365 51 1390 189 29 53 1164 572 78 4756
leaf_count=474 3043 8027 4509 6711 676 127 2107 2290 433 113 107 262 1679 4147 205 400 115 9638 2734 7368 365 51 1390 189 29 53 1164 572 78 4756
internal_value=3.2623e-08 0.00190804 -0.00256277 0.00100039 0.00330231 0.000272034 -0.00153265 -0.00371001 0.000710105 0.00449018 0.00213698 0.000629255 0.00482745 -0.00315707 0.00221514 0.00249122 0.00236193 0.000754749 0.00424575 -0.00107328 -0.00134157 0.00546415 0.00211475 0.000983934 0.00494385 -0.0038157 -0.00492451 0.00224039 0.00152375 -0.00451915
internal_weight=63812 36579 27233 22156 14423 13503 14349 12884 10460 5852 8653 10333 5089 7654 8546 8571 8142 9900 3410 9840 7733 256 8290 1579 429 3507 1217 763 650 5230
internal_count=63812 36579 27233 22156 14423 13503 14349 12884 10460 5852 8653 10333 5089 7654 8546 8571 8142 9900 3410 9840 7733 256 8290 1579 429 3507 1217 763 650 5230
is_linear=0
shrinkage=0.05


Tree=15
num_leaves=31
num_cat=0
split_feature=14 14 14 14 14 19 14 19 14 19 19 18 19 15 7 15 18 14 19 7 12 7 0 10 18 19 2 4 0 6
split_gain=147.303 24.4535 23.5189 6.05356 4.2461 3.96488 2.87501 2.46805 2.20681 2.05041 1.91259 1.38022 1.35953 1.29236 1.28146 1.20395 1.20272 1.22293 1.179 1.13951 1.1332 1.09126 1.04061 1.03551 1.02598 0.988136 0.954816 0.947773 0.911394 0.910742
threshold=6.176905692078182 5.3205649864913136 7.1252827678962758 4.516324041782946 6.7244330414940263 66.252015526634395 5.7573219937320976 80.331852564102576 7.8720355343422375 60.155544981513707 68.998422698927428 1.0000000180025095e-35 72.735168815459943 4.0163424379838117 82.500000000000014 3.0677824455408698 6.5000000000000009 7.7441362521724226 50.594389705882371 656.50000000000011 107.50000000000001 2.5000000000000004 1383168.5000000002 1.5000000000000002 2.5000000000000004 19.26143226324238 68817.500000000015 3.5000000000000004 36166.000000000007 0.79260000000000008
decision_type=2 2 2 2 2 2 2 2 2 2 2 2 2 2 2 2 2 2 2 2 2 2 2 2 2 2 2 2 2 2
left_child=1 3 4 15 7 16 9 13 26 24 23 -12 -8 -2 -11 -1 17 22 -17 27 -16 -20 -4 -5 25 -3 -7 -6 -22 -28
right_child=2 6 5 10 19 8 12 -9 -10 14 11 -13 -14 -15 20 18 -18 -19 21 -21 28 -23 -24 -25 -26 -27 29 -29 -30 -31
leaf_value=-0.004777170433940779 0.0022769060973089838 -0.0067354571403909023 0.0036692730613268436 -0.0022794211518585915 0.0031868393826504147 0.0068155319026083992 -0.00030566414908651834 0.0033382829571568804 0.0089557923172608033 -0.00014608121108990199 -0.00034709111592334541 -0.0020323511402834719 0.00096671115797825101 0.00095567919537895701 -0.00023537978574931866 -0.0048722982245544711 0.0088472510505701023 0.0058399624317838107 -0.00065737663656579475 -0.0015868645823533516 -0.0054246420242449467 -0.0034033992765631627 -0.00070774868112761765 -0.0035707645383235525 0.00017806823219959116 -0.0022392054470164657 0.00137764403308995 0.0053995691457839256 -0.0018051834379368571 0.0055268087689273743
leaf_weight=2612 2518 128 1642 3889 5087 1809 5475 1772 891 4682 1695 4290 3405 6986 561 1329 134 650 387 117 286 5566 148 2585 430 2665 154 535 444 940
leaf_count=2612 2518 128 1642 3889 5087 1809 5475 1772 891 4682 1695 4290 3405 6986 561 1329 134 650 387 117 286 5566 148 2585 430 2665 154 535 444 940
internal_value=3.40507e-08 -0.00182692 0.00315882 -0.00293272 0.0021887 0.00575085 -0.000459471 0.00162518 0.00677856 -0.00107911 -0.00219944 -0.00155509 0.000182228 0.00130575 -0.000530664 -0.00385607 0.00423584 0.00398224 -0.00352562 0.00329586 -0.00192529 -0.0032249 0.00330735 -0.00279509 -0.00209548 -0.0024455 0.00611003 0.0033975 -0.00322377 0.00494292
internal_weight=63812 40429 23383 22353 17015 6368 18076 11276 3794 9196 12459 5985 8880 9504 5973 9894 2574 2440 7282 5739 1291 5953 1790 6474 3223 2793 2903 5622 730 1094
internal_count=63812 40429 23383 22353 17015 6368 18076 11276 3794 9196 12459 5985 8880 9504 5973 9894 2574 2440 7282 5739 1291 5953 1790 6474 3223 2793 2903 5622 730 1094
is_linear=0
shrinkage=0.05


Tree=16
num_leaves=31
num_cat=0
split_feature=14 14 14 14 19 14 19 14 19 14 19 14 19 19 10 19 4 9 19 15 7 7 15 18 7 15 18 0 19 14
split_gain=133.159 27.6594 15.0759 6.96958 3.31855 3.26886 2.88831 2.14594 1.96454 1.64011 1.58345 1.51738 1.32521 1.29988 1.16921 1.1614 1.159 1.10189 1.1018 0.991187 0.944706 1.16978 0.92962 0.895606 1.00087 0.883718 0.874905 0.858247 1.05048 0.929942
threshold=5.9750802605835984 6.7679181684570118 4.8081027000528378 7.3469749393815045 80.331852564102576 5.5032948732385458 53.877201744186053 3.7494348669884654 71.014784285714299 8.6219296577985371 76.468001085818955 6.3234621011542984 25.122834052459019 79.642594166666669 16.500000000000004 50.594389705882371 11.500000000000002 1.0000000180025095e-35 81.747700127118648 3.9981586158983733 36.500000000000007 243.50000000000003 4.0163424379838117 10.500000000000002 117.50000000000001 3.0201273556387074 15.500000000000002 4369.5000000000009 71.146221078581263 6.0718911310514487
decision_type=2 2 2 2 2 2 2 2 2 2 2 2 2 2 2 2 2 2 2 2 2 2 2 2 2 2 2 2 2 2
left_child=2 4 7 10 11 8 -5 -1 23 13 14 19 -7 -8 -3 -9 18 -17 -14 27 -6 -22 -13 24 -4 -19 -24 28 -2 -29
right_child=1 3 5 6 20 12 9 15 -10 -11 -12 22 16 -15 -16 17 -18 25 -20 -21 21 -23 26 -25 -26 -27 -28 29 -30 -31
leaf_value=-0.0043398367538021211 0.00012542689932360849 0.0033379306944479239 -0.0020323675665626993 0.0037664897070117196 0.0038222446019158781 -0.003566918152287062 0.0059887527433358607 -0.0040617161240732126 -0.0010228282259496884 0.011517415746874224 0.0046666755337778053 0.002571756576009387 -0.0005576983612776298 0.0084873990614090303 0.0011256948062098712 -0.00020038599019516997 -0.0089042042463348993 -0.0085292390524097424 0.0013024441365835759 7.8662534434065999e-05 0.0015410655949707561 0.011386585805169831 0.0011212638371989514 0.0040416235642756135 -0.0034728551606182222 -0.0027652249302573461 0.0069079323437166345 -0.00046669469157228607 0.007558907714436177 0.0019455281677003328
leaf_weight=3730 80 4369 5316 1040 1402 347 2422 1866 5203 174 2108 1551 8617 664 692 425 40 67 877 4990 1012 31 5563 55 1560 7710 66 632 117 1086
leaf_count=3730 80 4369 5316 1040 1402 347 2422 1866 5203 174 2108 1551 8617 664 692 425 40 67 877 4990 1012 31 5563 55 1560 7710 66 632 117 1086
internal_value=3.36239e-08 0.0025832 -0.00201952 0.00446985 0.00127417 -0.00120735 0.00606138 -0.00331533 -0.00175715 0.00679336 0.00351518 0.000978988 -0.000532178 0.00652663 0.00303548 -0.00293573 -0.000421689 -0.00267952 -0.000385857 0.000449779 0.00297452 0.00183476 0.00148791 -0.00230837 -0.00235923 -0.00281499 0.00118923 0.00141676 0.00454183 0.00105817
internal_weight=63812 27999 35813 11469 16530 22015 4300 13798 12134 3260 7169 14085 9881 3086 5061 10068 9534 8202 9494 6905 2445 1043 7180 6931 6876 7777 5629 1915 197 1718
internal_count=63812 27999 35813 11469 16530 22015 4300 13798 12134 3260 7169 14085 9881 3086 5061 10068 9534 8202 9494 6905 2445 1043 7180 6931 6876 7777 5629 1915 197 1718
is_linear=0
shrinkage=0.05


Tree=17
num_leaves=31
num_cat=0
split_feature=14 14 14 14 14 19 19 19 14 14 1 7 19 1 7 18 14 18 4 9 14 0 19 14 2 15 7 4 0 9
split_gain=120.213 23.1462 15.3381 4.38748 3.93239 3.49889 2.72793 2.0256 1.9959 1.49026 1.45124 1.42664 1.37775 1.37578 1.34025 1.28037 1.15818 1.139 1.1979 1.04982 1.10482 1.01302 1.00116 0.933858 0.91669 0.896191 0.944043 0.935177 0.88522 0.878168
threshold=6.0414437724798988 7.0833874957266092 5.173316863805991 6.6234007758748676 4.516324041782946 66.252015526634395 73.215379962721371 60.155544981513707 7.8720355343422375 5.6646935841241897 1906804.5000000002 12.500000000000002 64.82184860465118 482545.00000000006 429.50000000000006 6.5000000000000009 7.7441362521724226 7.5000000000000009 4.5000000000000009 77.500000000000014 6.3843505169408665 829572.00000000012 55.5757075651156 5.7349567871884704 1900.5000000000002 3.0677824455408698 2.5000000000000004 6.5000000000000009 1383168.5000000002 5.5000000000000009
decision_type=2 2 2 2 2 2 2 2 2 2 2 2 2 2 2 2 2 2 2 2 2 2 2 2 2 2 2 2 2 2
left_child=2 3 4 6 22 15 -2 17 13 11 14 -9 -6 -7 -5 16 28 18 23 20 -8 -12 -1 -4 -11 -24 -27 -28 -3 -13
right_child=1 5 7 10 12 8 19 9 -10 24 21 29 -14 -15 -16 -17 -18 -19 -20 -21 -22 -23 25 -25 -26 26 27 -29 -30 -31
leaf_value=-0.0043592693663671127 0.00058395321702398191 0.0031741187174740581 -0.0020050678206734859 0.0035413494427434795 -0.0027784600055439888 0.0070121539177949044 0.0017066174811655585 0.00064523753802391774 0.0081278094530498352 0.004848050622723434 0.0021467198016999235 -0.0096192338303258563 -0.0015776834773702929 0.0047388411758476096 -0.0016027324342628491 0.0082858823249205796 0.0053064207910432431 0.0025535692085299189 -0.0083019382633133573 0.00042938269434297728 0.0033553281469437808 -0.00155326942047612 -0.0041263151954494736 -0.00068834861445547628 0.00017304687825849324 -0.00039770500828201401 -0.0031410432083569181 0.0017891843010154986 -0.00084585589346501677 -0.0011914623048711293
leaf_weight=2483 7873 1827 3754 3744 4096 965 2422 1243 891 107 2802 31 5733 2150 131 146 650 169 66 808 1751 198 1928 2100 5008 360 5025 98 148 5105
leaf_count=2483 7873 1827 3754 3744 4096 965 2422 1243 891 107 2802 31 5733 2150 131 146 650 169 66 808 1751 198 1928 2100 5008 360 5025 98 148 5105
internal_value=3.51884e-08 0.00257465 -0.00182923 0.00170866 -0.00278648 0.00509562 0.00116333 -0.00075547 0.00604056 -0.00036486 0.0027282 -0.000874668 -0.0020781 0.0054433 0.00336741 0.00372936 0.00347563 -0.00149279 -0.00160835 0.00207908 0.00239848 0.00190248 -0.00349018 -0.00153274 0.000270936 -0.00319894 -0.00287278 -0.0030467 0.00287285 -0.00124252
internal_weight=63812 26506 37306 19729 19723 6777 12854 17583 4006 11494 6875 6379 9829 3115 3875 2771 2625 6089 5920 4981 4173 3000 9894 5854 5115 7411 5483 5123 1975 5136
internal_count=63812 26506 37306 19729 19723 6777 12854 17583 4006 11494 6875 6379 9829 3115 3875 2771 2625 6089 5920 4981 4173 3000 9894 5854 5115 7411 5483 5123 1975 5136
is_linear=0
shrinkage=0.05


Tree=18
num_leaves=31
num_cat=0
split_feature=14 14 14 14 14 19 19 19 14 7 14 7 7 9 14 12 0 14 15 18 18 19 14 0 2 12 2 9 0 0
split_gain=108.697 18.0684 17.4308 4.50406 3.10717 2.97047 2.11345 1.97826 1.65763 1.57779 1.44314 1.20953 1.19434 1.14689 1.11232 1.05227 1.04525 1.04896 1.00709 1.00092 0.9663 0.956387 0.947402 1.05296 0.946812 0.892529 0.885753 0.842912 0.827946 0.804811
threshold=6.176905692078182 5.3205649864913136 7.1252827678962758 4.5379471377116305 6.7679181684570118 66.252015526634395 59.348888503401376 80.331852564102576 7.8720355343422375 21.500000000000004 5.6646935841241897 86.500000000000014 36.500000000000007 423.00000000000006 5.7349567871884704 311.50000000000006 151281.50000000003 3.1132683346437333 4.0163424379838117 1.0000000180025095e-35 6.5000000000000009 64.82184860465118 7.7708534907042859 1383168.5000000002 44417.000000000007 200.50000000000003 66598.000000000015 85.500000000000014 19430.000000000004 1625.5000000000002
decision_type=2 2 2 2 2 2 2 2 2 2 2 2 2 2 2 2 2 2 2 2 2 2 2 2 2 2 2 2 2 2
left_child=1 3 4 16 7 20 14 18 25 24 11 28 -9 -6 -3 19 17 -1 -2 -16 22 -11 23 -4 29 26 -7 -21 -8 -5
right_child=2 6 5 9 13 8 10 12 -10 21 -12 -13 -14 -15 15 -17 -18 -19 -20 27 -22 -23 -24 -25 -26 -27 -28 -29 -30 -31
leaf_value=-0.0045046196650734205 0.0020067372595840931 -0.0018820446550986076 0.0032253866692928466 0.00098971938363894268 0.0030509857290868334 0.0054004316691636384 -0.00095751408261102427 0.0040077450586658942 0.0077214646161578417 -0.0028946347035202387 0.00043628989037954166 -0.0021957751095997131 0.0014475332597608302 -0.0011019661539460287 -0.001158001244791192 -0.0021884628861731674 -0.0069602492849246524 -0.0030207380130622507 0.00086282952169303411 -2.2221583693451035e-05 0.0077669342453185247 -0.0017920287025274938 0.0051808205545642695 -0.00099249679915643465 0.0040386161417039655 0.0065255504574132164 0.0031487096708383462 0.0025672575428763223 0.00053663555231871251 -0.0014217796069467589
leaf_weight=1383 2594 2813 1703 381 4929 1310 1999 1082 891 3564 7230 1036 787 172 1120 737 191 8598 7451 940 134 4390 575 162 88 937 656 472 1729 3758
leaf_count=1383 2594 2813 1703 381 4929 1310 1999 1082 891 3564 7230 1036 787 172 1120 737 191 8598 7451 940 134 4390 575 162 88 937 656 472 1729 3758
internal_value=3.47126e-08 -0.00156935 0.00271349 -0.00251988 0.00187832 0.00494496 -0.00039391 0.00143618 0.0058345 -0.00187127 -8.91213e-06 -0.00068456 0.00292982 0.00291093 -0.00115313 -0.000525858 -0.00329657 -0.00322639 0.00115825 -4.18488e-05 0.00363362 -0.00228611 0.00340632 0.00285897 -0.00109063 0.0052551 0.00464929 0.000843504 -0.00026455 -0.00119978
internal_weight=63812 40429 23383 22353 17015 6368 18076 11914 3794 12181 11994 4764 1869 5101 6082 3269 10172 9981 10045 2532 2574 7954 2440 1865 4227 2903 1966 1412 3728 4139
internal_count=63812 40429 23383 22353 17015 6368 18076 11914 3794 12181 11994 4764 1869 5101 6082 3269 10172 9981 10045 2532 2574 7954 2440 1865 4227 2903 1966 1412 3728 4139
is_linear=0
shrinkage=0.05


Tree=19
num_leaves=31
num_cat=0
split_feature=14 14 14 14 14 14 14 7 15 1 1 14 6 12 12 16 12 15 10 15 0 0 9 0 14 1 3 6 9 15
split_gain=98.1567 20.5475 11.1821 3.82161 2.85823 2.40195 1.64649 1.57662 1.48378 1.46748 1.36818 1.22848 1.22178 1.06534 0.987272 0.961735 0.955022 0.950115 0.922945 0.914775 0.869878 0.830077 1.51184 0.774481 0.772489 2.02992 0.845941 0.958047 0.770056 0.766161
threshold=5.9750802605835984 6.916218251276935 4.8081027000528378 7.7441362521724226 6.3234621011542984 5.3958951239350581 3.7494348669884654 47.500000000000007 4.0517471391904856 2450606.0000000005 1861334.0000000002 8.6219296577985371 0.77840000000000009 113.50000000000001 12.500000000000002 1.5000000000000002 311.50000000000006 3.0201273556387074 3.5000000000000004 3.5972184255501674 267652.00000000006 1743.5000000000002 141.50000000000003 33391.000000000007 5.8096417414785728 97379.000000000015 1.0000000180025095e-35 0.89945000000000019 38.500000000000007 3.9607678160667752
decision_type=2 2 2 2 2 2 2 2 2 2 2 2 2 2 2 2 2 2 2 2 2 2 2 2 2 2 2 2 2 2
left_child=2 4 6 8 21 7 -1 -4 23 14 -10 -5 -12 24 -6 -11 -14 -8 -16 -15 28 22 -2 -3 26 -26 27 -7 -9 -21
right_child=1 3 5 11 9 13 17 20 10 15 12 -13 16 19 18 -17 -18 -19 -20 29 -22 -23 -24 -25 25 -27 -28 -29 -30 -31
leaf_value=-0.0037472743101131033 0.0037334844232647228 0.0063056220701966969 -0.0010992296308590542 0.0057646521531464342 0.0052727720110681822 -0.0004948594612009591 -0.0078423018833436303 -0.0048801384732136063 0.0039676971583301112 0.0054194584349047392 3.6602034098149806e-05 0.010174506165767663 0.0021839382795164992 -0.011405242277062123 0.0024209180233958649 0.00093317264176970337 0.0045286400652007853 -0.00247303203480414 0.00089121179929204297 -0.00033000202863932423 -0.0056682150245145604 0.00044131234283271514 -0.0068573865260065335 0.0040994255748176703 0.0080762390213869484 0.00044391024651059188 -0.0011043470730120273 0.0016885334955814247 -0.0020193708122078825 -0.0014632261286566209
leaf_weight=3730 368 645 6166 1723 261 1389 83 252 2998 123 454 174 1414 21 5312 4046 627 9985 1211 2616 191 7565 37 1041 93 1356 2145 787 3529 3470
leaf_count=3730 368 645 6166 1723 261 1389 83 252 2998 123 454 174 1414 21 5312 4046 627 9985 1211 2616 191 7565 37 1041 93 1356 2145 787 3529 3470
internal_value=3.51492e-08 0.00221786 -0.00173389 0.00417366 0.00127979 -0.00103442 -0.00284988 -0.00159971 0.00364615 0.00180397 0.00324778 0.00616966 0.00238261 -0.000551896 0.00225767 0.00106566 0.00290442 -0.00251737 0.00213694 -0.00101218 -0.00237659 0.000559398 0.00276447 0.00494376 -6.47155e-05 0.000934293 -0.000399736 0.000294856 -0.00221016 -0.000976136
internal_weight=63812 27999 35813 9076 18923 22015 13798 10138 7179 10953 5493 1897 2495 11877 6784 4169 2041 10068 6523 6107 3972 7970 405 1686 5770 1449 4321 2176 3781 6086
internal_count=63812 27999 35813 9076 18923 22015 13798 10138 7179 10953 5493 1897 2495 11877 6784 4169 2041 10068 6523 6107 3972 7970 405 1686 5770 1449 4321 2176 3781 6086
is_linear=0
shrinkage=0.05


Tree=20
num_leaves=31
num_cat=0
split_feature=14 14 14 14 14 19 19 19 7 14 14 9 1 7 6 15 15 2 19 19 2 2 0 1 10 0 1 7 6 14
split_gain=88.6538 14.7201 14.4473 3.74047 2.82357 2.49027 1.88178 1.64916 1.35308 1.21722 1.20915 1.12588 1.09374 1.08064 0.965328 1.16634 0.946409 0.917706 0.887126 0.882296 0.860248 0.776797 0.772244 0.766219 0.755432 0.749979 0.787471 0.739228 1.19159 0.734866
threshold=6.176905692078182 5.3205649864913136 7.1708872968977238 4.516324041782946 6.7244330414940263 65.90400182178935 59.348888503401376 80.331852564102576 23.500000000000004 7.8720355343422375 5.6646935841241897 423.00000000000006 237545.50000000003 86.500000000000014 0.82940000000000003 3.8606743063089746 4.0163424379838117 44417.000000000007 55.5757075651156 64.82184860465118 19514.000000000004 1900.5000000000002 100629.50000000001 1906804.5000000002 2.5000000000000004 19430.000000000004 1074954.5000000002 20.500000000000004 0.79060000000000008 8.6219296577985371
decision_type=2 2 2 2 2 2 2 2 2 2 2 2 2 2 2 2 2 2 2 2 2 2 2 2 2 2 2 2 2 2
left_child=1 3 4 18 7 29 14 16 17 12 13 23 -7 25 15 -3 -2 -5 -1 20 -10 -12 -21 -6 -9 26 -8 -14 -29 -4
right_child=2 6 5 8 11 9 10 24 19 -11 21 -13 27 -15 -16 -17 -18 -19 -20 22 -22 -23 -24 -25 -26 -27 -28 28 -30 -31
leaf_value=-0.0038191220825050613 0.0018238612867262677 -0.0069938179006012614 0.0032409174758339966 -0.0011304169996682763 0.0032072867903244137 0.0070306758689205459 -0.00012293638315564093 0.0030337941909363143 -0.0062803848669117897 0.0070081391034821005 0.004101321786302385 -0.0010030722440835748 0.0064642059963056983 -0.0020399313032286189 -0.00061210183044661066 -0.0016621123566461808 0.00069322662634542672 0.0036400218365965076 -0.0027269206344673808 -0.0014443751561427566 -0.0025172910480198915 0.00034160206061219429 -0.0042164502823457857 0.0020603012684653021 -0.00015367238154442484 0.00054802050803095268 -0.0021851733768365991 0.0011665394994796626 0.0045679053770640177 0.013962950395501179
leaf_weight=2483 2518 108 2344 4559 3381 484 1271 1561 159 891 140 211 365 1036 3963 2011 6986 103 7411 4003 3367 7090 268 2559 211 1729 728 309 1547 15.999999999999998
leaf_count=2483 2518 108 2344 4559 3381 484 1271 1561 159 891 140 211 365 1036 3963 2011 6986 103 7411 4003 3367 7090 268 2559 211 1729 728 309 1547 16
internal_value=3.47188e-08 -0.00141729 0.00245058 -0.00227524 0.00172399 0.00457649 -0.000356339 0.00125391 -0.00169884 0.00540479 6.94577e-06 0.0025857 0.00487642 -0.000611507 -0.00107274 -0.00193417 0.000992794 -0.00102495 -0.00300106 -0.00210175 -0.00268716 0.00041446 -0.00161841 0.0027132 0.00265426 -0.000214508 -0.000874038 0.00440667 0.00400172 0.0033142
internal_weight=63812 40429 23383 22353 17427 5956 18076 11276 12459 3596 11994 6151 2705 4764 6082 2119 9504 4662 9894 7797 3526 7230 4271 5940 1772 3728 1999 2221 1856 2360
internal_count=63812 40429 23383 22353 17427 5956 18076 11276 12459 3596 11994 6151 2705 4764 6082 2119 9504 4662 9894 7797 3526 7230 4271 5940 1772 3728 1999 2221 1856 2360
is_linear=0
shrinkage=0.05


Tree=21
num_leaves=31
num_cat=0
split_feature=14 14 14 14 14 19 14 19 19 15 19 19 19 15 12 4 4 5 14 15 18 19 4 15 12 18 14 15 0 7
split_gain=80.2182 16.8085 9.16988 2.88039 2.70857 2.64646 2.14313 1.60731 1.31252 1.27103 1.20016 1.11931 1.02284 0.96274 1.12992 0.946745 0.943558 0.911838 0.896471 0.872142 0.854536 0.846256 0.779422 0.775386 0.806557 0.744126 0.699881 0.669341 0.665396 0.995599
threshold=5.9750802605835984 7.0026107065950418 4.5591125415341898 6.3927539336716181 5.3821962081647756 45.325040521739133 7.5938777178365546 79.752972629310349 68.998422698927428 4.0689902272260703 22.93870701540871 76.123431521739136 79.642594166666669 3.8393944990995768 14.500000000000002 11.500000000000002 3.5000000000000004 64746.500000000007 8.6219296577985371 2.524928003624769 2.5000000000000004 79.145059593023277 15.500000000000002 4.0342014792848504 1242.0000000000002 1.0000000180025095e-35 6.6106951390002369 3.1984648276080736 109349.00000000001 16.500000000000004
decision_type=2 2 2 2 2 2 2 2 2 2 2 2 2 2 2 2 2 2 2 2 2 2 2 2 2 2 2 2 2 2
left_child=2 3 19 11 8 20 9 16 -4 -7 -6 -2 18 27 -15 -16 23 -9 22 -1 -3 -18 -8 26 -25 -10 -5 -12 -13 -30
right_child=1 5 4 7 10 6 12 17 25 -11 13 28 -14 14 15 -17 21 -19 -20 -21 -22 -23 -24 24 -26 -27 -28 -29 29 -31
leaf_value=-0.0043674193081685393 0.00025908375509627512 0.0015989364038399051 -0.002029319260155042 0.0013517605801219056 -0.0034385350333445914 0.0047698827754093006 0.0048514211734783557 0.0032773365058348155 -0.00016629051064044788 0.0030014693344172687 0.012249186871127346 0.0013008274047128614 0.0076404723859081914 0.0023758659588507128 -0.00041214192639032451 -0.0081088416315522275 0.0039207799886957001 -0.0049752824495292525 0.0091216884141078602 -0.0026797798490315996 0.0053813390389926032 -0.0065362435923101599 -0.007895073553254783 0.0011448587902632339 -0.00364975893008183 -0.0013693772131446779 0.0030529226952932123 -0.0032582877986837896 -0.0093019447187976095 0.0073120515018189397
leaf_weight=832 6708 1279 6853 1313 341 1749 1562 1859 1785 2427 6.9999999999999991 2745 507 368 11024 40 525 34 127 9614 169 20 11.999999999999998 5658 89 4591 1121 358 9.9999999999999982 85
leaf_count=832 6708 1279 6853 1313 341 1749 1562 1859 1785 2427 7 2745 507 368 11024 40 525 34 127 9614 169 20 12 5658 89 4591 1121 358 10 85
internal_value=3.50215e-08 0.00200498 -0.00156746 0.00124153 -0.00105403 0.00397081 0.00440855 0.00180814 -0.00154893 0.00374222 -0.000514645 0.000611343 0.00566855 -0.000430099 -0.000349376 -0.000440041 0.00152159 0.00312886 0.00508038 -0.00281424 0.00204073 0.00353591 0.00475375 0.00138736 0.00107055 -0.00103257 0.00213534 -0.00295761 0.00144333 0.00555527
internal_weight=63812 27999 35813 20167 25367 7832 6384 10619 13229 4176 12138 9548 2208 11797 11432 11064 8726 1893 1701 10446 1448 545 1574 8181 5747 6376 2434 365 2840 95
internal_count=63812 27999 35813 20167 25367 7832 6384 10619 13229 4176 12138 9548 2208 11797 11432 11064 8726 1893 1701 10446 1448 545 1574 8181 5747 6376 2434 365 2840 95
is_linear=0
shrinkage=0.05


Tree=22
num_leaves=31
num_cat=0
split_feature=14 14 14 14 19 19 19 14 14 2 18 12 19 2 7 19 19 9 14 7 7 5 14 16 2 6 7 4 19 7
split_gain=72.3972 15.2536 8.30654 4.10116 2.25437 1.91288 1.81124 1.55446 1.32894 1.26759 1.06426 1.13355 1.02178 0.952825 0.902437 0.865667 0.85801 0.946975 0.855292 0.838703 0.943732 0.814494 0.78626 0.764323 0.716985 0.697346 0.841852 0.683716 0.663708 0.666673
threshold=5.9750802605835984 6.7679181684570118 4.8081027000528378 7.3469749393815045 68.575074166666681 73.664407133546646 78.316202857142869 5.5154408213148463 3.7494348669884654 454452.00000000006 2.5000000000000004 376.50000000000006 19.26143226324238 83012.500000000015 1.0000000180025095e-35 80.331852564102576 50.594389705882371 1.0000000180025095e-35 8.6219296577985371 243.50000000000003 36.500000000000007 41936.500000000007 5.8096417414785728 1.5000000000000002 2797.5000000000005 1.0112500000000002 463.50000000000006 1.0000000180025095e-35 76.353470098039239 11.500000000000002
decision_type=2 2 2 2 2 2 2 2 2 2 2 2 2 2 2 2 2 2 2 2 2 2 2 2 2 2 2 2 2 2
left_child=2 4 8 9 -2 7 12 25 -1 21 11 22 -5 -13 -7 -6 -10 24 -14 20 -17 28 -9 -22 -18 26 -4 -26 -3 -30
right_child=1 3 5 6 15 14 -8 10 16 -11 -12 13 18 -15 -16 19 17 -19 -20 -21 23 -23 -24 -25 27 -27 -28 -29 29 -31
leaf_value=-0.0032571640537397009 0.0003330322267697715 0.0025683149395300574 -0.0017773298695216079 0.00086179395985701811 0.0011798617222724518 0.0056925668054970246 0.0063934408719467572 -0.0011147643335719247 -0.0031199940346712269 8.3167710084525913e-05 0.00085542195099156965 -0.0014449509077405572 0.0040616935581886818 -0.0054424057904938275 -0.00031096148204732329 0.0030297144946883903 -0.0027960998727736921 -0.0020576067245179222 0.0088809648854070427 0.010454532843071164 0.012586140859845683 0.0011445518115711188 0.00030202267484307431 0.00086264516099235702 -0.0004997001989510625 -0.00029989657674582559 -0.0062436419482630734 0.0042978010278257647 0.007078195968780703 0.003438906465975423
leaf_weight=3730 8046 3993 7167 246 6039 63 998 2894 1866 477 1008 417 2961 232 7833 1402 126 7777 95 31 13.999999999999998 706 1480 998 162 814 107 137 135 1858
leaf_count=3730 8046 3993 7167 246 6039 63 998 2894 1866 477 1008 417 2961 232 7833 1402 126 7777 95 31 14 706 1480 998 162 814 107 137 135 1858
internal_value=3.44003e-08 0.00190474 -0.00148909 0.0033058 0.000932631 -0.000886231 0.00452665 -0.00123477 -0.00245094 0.00257347 -0.000627205 -0.000924745 0.00396225 -0.00287455 -0.00026299 0.00150126 -0.00215222 -0.00193201 0.00421179 0.00229503 0.00218982 0.00275098 -0.00063538 0.00102606 0.000366123 -0.00168781 -0.00184311 0.00169919 0.00294042 0.00368576
internal_weight=63812 27999 35813 11469 16530 22015 4300 14119 13798 7169 6031 5023 3302 649 7896 8484 10068 8202 3056 2445 2414 6692 4374 1012 425 8088 7274 299 5986 1993
internal_count=63812 27999 35813 11469 16530 22015 4300 14119 13798 7169 6031 5023 3302 649 7896 8484 10068 8202 3056 2445 2414 6692 4374 1012 425 8088 7274 299 5986 1993
is_linear=0
shrinkage=0.05


Tree=23
num_leaves=31
num_cat=0
split_feature=14 14 14 14 14 14 14 0 0 9 15 9 10 10 12 7 0 4 0 12 7 12 0 18 18 10 8 12 18 14
split_gain=65.6322 10.902 10.7616 2.26888 2.04488 1.85485 1.64993 1.27845 1.11597 1.20262 0.980753 0.967424 0.878497 0.859817 0.807685 0.794845 0.733239 0.728521 0.863882 0.897773 0.813537 0.720788 0.710734 0.6921 0.689631 0.685748 0.669012 0.66744 0.661826 0.638513
threshold=6.176905692078182 5.173316863805991 7.1708872968977238 4.1510089048756038 6.7244330414940263 5.7252164247697896 7.9249763208304893 1383168.5000000002 277449.00000000006 3.5000000000000004 4.0163424379838117 423.00000000000006 1.5000000000000002 44.500000000000007 315.50000000000006 13.500000000000002 47729.000000000007 2.5000000000000004 5199.0000000000009 20.500000000000004 2.5000000000000004 41.500000000000007 398651.00000000006 1.0000000180025095e-35 1.5000000000000002 48.000000000000007 7.5000000000000009 172.50000000000003 11.500000000000002 8.6219296577985371
decision_type=2 2 2 2 2 2 2 2 2 2 2 2 2 2 2 2 2 2 2 2 2 2 2 2 2 2 2 2 2 2
left_child=1 3 4 23 10 8 7 -4 9 15 16 -6 -5 17 21 -3 28 18 20 -20 -7 -10 27 -1 -13 -15 -11 -14 -2 -8
right_child=2 5 6 12 11 13 29 -9 14 26 -12 24 22 25 -16 -17 -18 -19 19 -21 -22 -23 -24 -25 -26 -27 -28 -29 -30 -31
leaf_value=-0.0034969604580821776 0.0025761473668895899 0.0015165091232371333 0.0037170714183904102 -0.0014364701452169787 0.0023329439188435105 -0.012750613881219734 0.0051614692334111889 -0.00026249423610566654 -0.0099902724403079304 -0.00084532740471472863 0.00080011376751189635 -0.0051650057955991788 -0.0027355729908740464 -0.015860757714993245 -0.0077370725819789479 -0.0083348982177356961 0.00083138928068022481 0.0013305890980860849 0.0018778178509830828 -0.00034949577459001953 0.0015134029343197872 -0.0016632866310516495 -0.0086383217056873168 -0.0024215044266343898 0.00090261256747671244 -0.0028513745096045684 -0.0040456543808915389 -0.0013593739794357821 -0.0044541481095079416 0.0084607246522809074
leaf_weight=2478 1867 693 4629 9549 5940 9.9999999999999982 942 211 28 9714 8268 70 2517 10.999999999999998 83 21 1107 1137 484 6914 981 347 44 3779 141 117 166 1356 34 174
leaf_count=2478 1867 693 4629 9549 5940 10 942 211 28 9714 8268 70 2517 11 83 21 1107 1137 484 6914 981 347 44 3779 141 117 166 1356 34 174
internal_value=3.62729e-08 -0.00121946 0.00210853 -0.00206073 0.00148143 -0.000418122 0.00394334 0.00354358 -0.000860412 -0.000755926 0.00108139 0.00221476 -0.00169515 8.82199e-05 -0.00327659 0.00122564 0.00185448 0.000142937 -1.80447e-05 -0.000203755 0.0013682 -0.00228753 -0.00232573 -0.00284747 -0.00111183 -0.00398088 -0.000899138 -0.00225379 0.00245018 0.00567658
internal_weight=63812 40429 23383 19723 17427 20706 5956 4840 11052 10594 11276 6151 13466 9654 458 714 3008 9526 8389 7398 991 375 3917 6257 211 128 9880 3873 1901 1116
internal_count=63812 40429 23383 19723 17427 20706 5956 4840 11052 10594 11276 6151 13466 9654 458 714 3008 9526 8389 7398 991 375 3917 6257 211 128 9880 3873 1901 1116
is_linear=0
shrinkage=0.05


Tree=24
num_leaves=31
num_cat=0
split_feature=14 14 14 14 19 19 19 14 15 7 18 18 0 2 19 12 4 14 7 2 15 14 12 7 7 4 19 11 0 6
split_gain=59.236 10.2021 9.43716 2.56621 1.86138 1.81618 1.52667 1.1883 1.19845 1.12838 1.07412 1.04822 0.912218 0.906429 0.893957 0.892913 0.869354 0.857956 0.934124 0.800286 0.77238 0.766978 0.984551 0.968143 1.59353 0.761732 0.744578 0.728051 0.725564 0.719896
threshold=6.2015223456153068 5.3205649864913136 7.1708872968977238 4.5379471377116305 66.725405000000009 76.123431521739136 59.348888503401376 6.5743780037801338 4.0517471391904856 21.500000000000004 1.0000000180025095e-35 1.0000000180025095e-35 151281.50000000003 68817.500000000015 79.991050000000016 1242.0000000000002 3.5000000000000004 5.6646935841241897 86.500000000000014 44417.000000000007 2.2499048351651334 6.6502782118072528 15.500000000000002 138.50000000000003 290.50000000000006 8.5000000000000018 60.868854285714285 4.5000000000000009 5349.0000000000009 1.1925000000000001
decision_type=2 2 2 2 2 2 2 2 2 2 2 2 2 2 2 2 2 2 2 2 2 2 2 2 2 2 2 2 2 2
left_child=1 3 5 12 10 7 11 27 -9 19 16 15 20 -13 -6 25 -4 18 -8 -5 -1 23 -23 -7 -25 -3 -19 -2 -28 -20
right_child=2 6 4 9 14 21 17 8 -10 -11 -12 13 -14 -15 -16 -17 -18 26 29 -21 -22 22 -24 24 -26 -27 28 -29 -30 -31
leaf_value=-0.0043661989347855311 0.00053091358313348545 -0.0014662064762322926 0.0012080577486594118 -0.00081077620670982941 0.0040417294134281875 0.0019353824723350498 -0.00010616017599976108 0.0025309811793617822 0.0010426341076339375 -0.001721396248547983 0.0036254363147285302 -0.0012838701789535164 -0.005868776028850109 0.00034522506117472463 0.005920931575585456 -0.0090526525149507413 0.0077671928777624261 0.0028439681342062695 -0.0019687361119028537 0.0040051904485838979 -0.0022833790003622101 0.0081924218031069473 0.002681441577910088 -0.0044392567113267561 0.0040952740346555426 -0.011758846678457207 0.001473051658980493 0.006062337996774414 7.1194035095293584e-05 0.0086881830270245947
leaf_weight=467 5851 2668 1041 4139 2653 2699 3728 2150 3647 7954 1377 1472 191 2033 832 40 53 295 1020 88 9514 84 2251 153 85 18 1086 60 6147 15.999999999999998
leaf_count=467 5851 2668 1041 4139 2653 2699 3728 2150 3647 7954 1377 1472 191 2033 832 40 53 295 1020 88 9514 84 2251 153 85 18 1086 60 6147 16
internal_value=2.94859e-08 -0.0011411 0.00203372 -0.00186017 0.00374619 0.00143303 -0.000273354 0.00108602 0.00159467 -0.00137058 0.00269626 -0.000910905 -0.00244642 -0.000338966 0.00449052 -0.00164625 0.0015265 4.98344e-05 -0.000475264 -0.000710422 -0.00238087 0.00220364 0.00288004 0.00166581 -0.00139077 -0.00153562 0.000382138 0.000587162 0.000281694 -0.00180333
internal_weight=63812 40876 22936 22353 5956 16980 18523 11708 5797 12181 2471 6231 10172 3505 3485 2726 1094 12292 4764 4227 9981 5272 2335 2937 238 2686 7528 5911 7233 1036
internal_count=63812 40876 22936 22353 5956 16980 18523 11708 5797 12181 2471 6231 10172 3505 3485 2726 1094 12292 4764 4227 9981 5272 2335 2937 238 2686 7528 5911 7233 1036
is_linear=0
shrinkage=0.05


Tree=25
num_leaves=31
num_cat=0
split_feature=14 14 14 14 19 19 19 14 15 18 7 1 14 14 2 19 14 1 7 12 19 18 4 1 1 9 12 7 12 2
split_gain=53.5974 10.4648 6.97839 2.18116 1.7429 1.65989 1.59321 1.29283 1.05224 1.02518 1.11215 1.01398 0.998836 0.998621 1.23363 0.979841 0.912208 0.890715 1.10947 0.864885 0.833816 0.829274 0.798548 0.790249 0.77938 0.770081 0.857968 0.738984 0.749622 0.946971
threshold=6.0414437724798988 7.1252827678962758 4.945201156493737 6.6234007758748676 65.90400182178935 73.215379962721371 59.898525793650805 4.1510089048756038 4.0342014792848504 2.5000000000000004 394.50000000000006 4844888.5000000009 5.4315338162543414 5.6646935841241897 71085.000000000015 36.786848951182307 7.8720355343422375 643455.50000000012 210.50000000000003 217.50000000000003 38.131359230769242 6.5000000000000009 3.5000000000000004 26350620.500000004 2775264.5000000005 77.500000000000014 1037.0000000000002 114.50000000000001 74.500000000000014 111668.00000000001
decision_type=2 2 2 2 2 2 2 2 2 2 2 2 2 2 2 2 2 2 2 2 2 2 2 2 2 2 2 2 2 2
left_child=2 3 7 5 21 27 9 -1 -5 10 11 24 -13 14 -8 -10 17 18 -6 -19 -17 22 -3 25 -4 26 -7 -2 -29 -30
right_child=1 4 6 8 16 23 13 -9 15 -11 -12 12 -14 -15 -16 20 -18 19 -20 -21 -22 -23 -24 -25 -26 -27 -28 28 29 -31
leaf_value=-0.0025801083307792788 -3.366571545970891e-05 0.0020739093946242283 -0.0013808631214194728 0.0030195668914386842 0.0053009740727502745 0.0019673132880416674 -0.00034901784073506178 -0.0016538939478128935 -4.6899243049756793e-05 0.00026149044209140495 -0.0046147260158116831 -0.0017720364063629171 0.00039252649314052497 0.00022652631789587532 -0.0017936353452122718 0.010249328188265313 0.0055643603486927517 0.0023082154700605709 -0.00057792266051313846 0.0046736891111581018 0.0017598986311542003 0.0063041242044491984 0.006592544027224246 -0.003539941167934821 -0.0029700888315415163 0.00014286145140340761 -0.0022221520986129835 0.0031275802325746224 0.004338079162117878 0.00038865804069284195
leaf_weight=6257 5168 2322 2800 1525 1032 3978 7221 9472 830 989 269 891 1326 5158 1858 29 891 1238 87 562 4900 134 102 77 1065 800 126 355 163 2187
leaf_count=6257 5168 2322 2800 1525 1032 3978 7221 9472 830 989 269 891 1326 5158 1858 29 891 1238 87 562 4900 134 102 77 1065 800 126 355 163 2187
internal_value=2.97291e-08 0.00171915 -0.00122141 0.00116047 0.00348587 0.000768745 -0.000637542 -0.00202236 0.00185172 -0.00123591 -0.00146909 -0.00132989 -0.00047744 -0.000329042 -0.000644673 0.00154243 0.00416369 0.00373597 0.00484389 0.00304699 0.00181005 0.00247618 0.00226431 0.00148307 -0.00181884 0.00156201 0.00183864 0.000316799 0.000986351 0.00066277
internal_weight=63812 26506 37306 20138 6368 12854 21577 15729 7284 7340 6351 6082 2217 14237 9079 5759 3810 2919 1119 1800 4929 2558 2424 4981 3865 4904 4104 7873 2705 2350
internal_count=63812 26506 37306 20138 6368 12854 21577 15729 7284 7340 6351 6082 2217 14237 9079 5759 3810 2919 1119 1800 4929 2558 2424 4981 3865 4904 4104 7873 2705 2350
is_linear=0
shrinkage=0.05


Tree=26
num_leaves=31
num_cat=0
split_feature=14 14 14 14 14 14 14 0 0 9 9 0 2 12 1 12 1 10 12 2 9 7 16 7 1 0 14 10 1 5
split_gain=48.4212 8.06973 7.89866 1.69438 1.5695 1.39084 1.35096 1.07148 0.96042 1.06812 0.92649 0.798419 0.763157 1.06292 0.89444 0.815064 0.752777 0.745024 0.720424 0.794933 0.93207 0.718021 0.71011 0.845511 0.709803 0.699005 0.665468 0.658137 0.686932 0.905979
threshold=6.176905692078182 5.173316863805991 7.1708872968977238 4.1510089048756038 6.7679181684570118 5.7252164247697896 7.9249763208304893 1383168.5000000002 277449.00000000006 3.5000000000000004 423.00000000000006 147339.00000000003 68817.500000000015 217.50000000000003 643455.50000000012 660.50000000000011 446534.00000000006 44.500000000000007 315.50000000000006 56635.500000000007 108.50000000000001 13.500000000000002 1.5000000000000002 33.500000000000007 2196299.5000000005 8854.0000000000018 5.1089666311285624 33.500000000000007 728875.50000000012 513502.00000000006
decision_type=2 2 2 2 2 2 2 2 2 2 2 2 2 2 2 2 2 2 2 2 2 2 2 2 2 2 2 2 2 2
left_child=1 3 4 -1 22 8 7 12 9 21 -6 -5 14 -14 -4 -16 -13 27 19 -10 -21 -3 23 -2 26 -24 -18 28 29 -7
right_child=2 5 6 11 10 17 -8 -9 18 -11 -12 16 13 -15 15 -17 24 -19 -20 20 -22 -23 25 -25 -26 -27 -28 -29 -30 -31
leaf_value=-0.0024511049830661723 0.00096584214742421114 0.0014998545891675794 0.0050886771218929417 -0.0013530462593455905 0.002096824539875653 0.00064063643544024418 0.0049513378217005176 -0.00046303653929092269 -0.0054023985539273763 -0.00077903041093551977 -0.0013775615558231232 -0.0086784828715149153 0.001561071110179957 0.003708692341127957 0.003338774380782466 -0.0019799022858536532 0.00038081101707248296 -0.0037072835681679359 -0.0071950502521061447 0.0044418457678297328 -0.0023279323454932195 -0.0078634125273233345 0.0018080567962216445 0.0060959119732029304 -0.003557435075275095 0.00072277123049764808 -0.0077411516758470779 0.004793575462623538 -0.00020928153143457155 0.014348456374377259
leaf_weight=6257 180 693 871 12579 5314 3169 1116 211 120 9880 199 53 1264 1059 1359 76 246 128 83 70 185 21 1747 145 560 9842 28 75 6270 11.999999999999998
leaf_count=6257 180 693 871 12579 5314 3169 1116 211 120 9880 199 53 1264 1059 1359 76 246 128 83 70 185 21 1747 145 560 9842 28 75 6270 12
internal_value=3.09987e-08 -0.00104744 0.00181109 -0.00177123 0.00127384 -0.000358001 0.003383 0.00302128 -0.000740993 -0.000644063 0.00197139 -0.0014553 0.00318011 0.00254024 0.00382455 0.00305697 -0.00290515 8.04566e-05 -0.00298246 -0.0020484 -0.000468549 0.0012234 0.00095105 0.00325581 -0.00253726 0.000886388 -0.000451692 0.00013139 9.43426e-05 0.000692797
internal_weight=63812 40429 23383 19723 17427 20706 5956 4840 11052 10594 5513 13466 4629 2323 2306 1435 887 9654 458 375 255 714 11914 325 834 11589 274 9526 9451 3181
internal_count=63812 40429 23383 19723 17427 20706 5956 4840 11052 10594 5513 13466 4629 2323 2306 1435 887 9654 458 375 255 714 11914 325 834 11589 274 9526 9451 3181
is_linear=0
shrinkage=0.05


Tree=27
num_leaves=31
num_cat=0
split_feature=15 19 15 15 15 1 19 19 15 16 1 19 15 18 4 18 7 5 18 9 2 1 7 7 1 4 7 11 2 12
split_gain=31.8865 5.05475 3.38236 3.02341 1.84049 1.36734 1.29663 1.2006 1.16087 1.10595 0.998186 0.880812 0.869474 0.845791 0.872367 0.961013 0.826322 0.864471 0.820293 0.766087 0.709453 0.705953 0.678771 0.671838 0.655575 0.636348 0.644788 0.62913 0.603964 0.672253
threshold=3.9219243190762363 75.284318048780491 3.7256208424938384 4.0517471391904856 4.0517471391904856 3447398.0000000005 59.348888503401376 18.389739807162538 3.9796379800581989 1.5000000000000002 5793992.0000000009 67.869553333333343 3.0677824455408698 11.500000000000002 3.5000000000000004 6.5000000000000009 64.500000000000014 41936.500000000007 5.5000000000000009 236.50000000000003 12454.000000000002 176052.00000000003 1.0000000180025095e-35 24.500000000000004 10934243.500000002 2.5000000000000004 12.500000000000002 5.5000000000000009 13351.500000000002 73.500000000000014
decision_type=2 2 2 2 2 2 2 2 2 2 2 2 2 2 2 2 2 2 2 2 2 2 2 2 2 2 2 2 2 2
left_child=2 3 11 7 10 21 -4 -2 18 -10 25 -1 -13 14 16 -16 17 -5 19 -9 22 -6 -14 -24 -11 27 -27 -3 29 -23
right_child=1 4 6 13 5 -7 -8 8 9 24 -12 12 20 -15 15 -17 -18 -19 -20 -21 -22 28 23 -25 -26 26 -28 -29 -30 -31
leaf_value=-0.0023997399119867631 -0.0022002179411063222 0.001196067812539915 -0.0015615756786913817 0.0019197516095224969 0.0015959190736671372 -9.355954364839341e-05 -0.00044232654439083237 -0.00044145653755300174 0.0047161749344224188 0.00027539631877515641 -0.0010458505671217494 -0.0027489646339019696 0.0033103919182715345 0.0043340554575157873 0.0041160169607472961 -0.0031049302718807693 0.00063187657157323445 -0.00022350318786103058 0.0022304030194525964 -0.0032981312124681244 -0.0017487853420580749 0.0026671703546204597 -0.0010823431347365701 0.0020391195718549794 0.0015173056989387828 -0.015390631907126485 0.0024238996513551592 -0.0065848236201934062 0.0027206162581569458 0.0054396378825714697
leaf_weight=6046 547 5707 3772 3185 968 457 8241 4675 151 9853 446 1275 106 212 400 52 5289 552 273 247 3417 385 1850 190 1191 4.9999999999999991 1371 26 2416 507
leaf_count=6046 547 5707 3772 3185 968 457 8241 4675 151 9853 446 1275 106 212 400 52 5289 552 273 247 3417 385 1850 190 1191 5 1371 26 2416 507
internal_value=2.9556e-08 0.000894028 -0.00139732 0.000506909 0.00173287 0.00250599 -0.000793773 0.000103911 0.000180822 0.000467471 0.0012485 -0.00196006 -0.00157128 0.00121129 0.0011414 0.00328479 0.00103403 0.00160317 -0.000436892 -0.000584877 -0.00130132 0.00278381 -0.000588777 -0.000791533 0.000409338 0.00139246 0.00235805 0.00116067 0.00313136 0.00424343
internal_weight=63812 38915 24897 26627 12288 4733 12013 16937 16390 11195 7555 12884 6838 9690 9478 452 9026 3737 5195 4922 5563 4276 2146 2040 11044 7109 1376 5733 3308 892
internal_count=63812 38915 24897 26627 12288 4733 12013 16937 16390 11195 7555 12884 6838 9690 9478 452 9026 3737 5195 4922 5563 4276 2146 2040 11044 7109 1376 5733 3308 892
is_linear=0
shrinkage=0.05


Tree=28
num_leaves=31
num_cat=0
split_feature=14 14 14 14 19 19 19 14 0 19 9 1 14 1 18 0 8 1 19 18 19 10 16 0 10 10 9 1 2 19
split_gain=40.9681 8.29234 5.56536 1.92643 1.54453 1.24809 1.14036 1.25468 1.13117 0.99735 0.88558 0.858962 0.850745 0.831153 0.806009 1.19183 1.16264 1.00837 0.906424 0.771544 0.757696 0.757177 0.753462 0.72899 0.770994 0.867982 0.772251 0.716874 0.714946 0.697086
threshold=6.3234621011542984 5.3821962081647756 7.3469749393815045 4.516324041782946 76.123431521739136 78.316202857142869 80.94887551487416 5.8096417414785728 71276.500000000015 44.77429589371981 16.500000000000004 4330423.5000000009 6.7679181684570118 1001406.0000000001 2.5000000000000004 202620.00000000003 4.5000000000000009 5226041.5000000009 73.917750000000012 15.500000000000002 19.26143226324238 16.500000000000004 1.5000000000000002 517492.00000000006 9.5000000000000018 44.500000000000007 50.500000000000007 24275603.500000004 43124.500000000007 55.5757075651156
decision_type=2 2 2 2 2 2 2 2 2 2 2 2 2 2 2 2 2 2 2 2 2 2 2 2 2 2 2 2 2 2
left_child=1 3 4 29 12 20 7 14 -8 -5 13 -6 19 -11 15 16 -3 -17 -16 22 -4 27 -2 24 26 -26 -9 -14 -20 -1
right_child=2 6 5 9 11 -7 8 23 -10 10 -12 -13 21 -15 18 17 -18 -19 28 -21 -22 -23 -24 -25 25 -27 -28 -29 -30 -31
leaf_value=-0.002748417830387412 0.0039880738171373664 -0.00052498577856755098 0.00032899953965237689 -0.0021587329168603251 0.0023204046650156297 0.0050167796859174338 0.00072697334990396226 0.00041815203225624252 0.0073113212432717872 -0.0010464983716893014 -0.0012589449455806181 -0.00070444299684530671 0.0017375064303400826 0.00035539233737893978 0.0014163441887347782 -0.0046508765367261635 -0.0032685116165547794 -0.00064565809425059671 0.0006863398569255648 0.0066926125884266552 0.0032135804985998031 5.020732313687292e-05 0.00054069097691972462 -0.0020512685942495113 0.0019185413927237226 -0.0025632003082203185 -0.00056122182332610476 0.0062215518011863868 -0.0041553553997453673 -0.0017803267508110284
leaf_weight=2483 163 5540 246 1943 4696 998 2342 5235 67 2148 7608 247 4166 2082 793 376 415 270 149 53 3056 692 5621 372 1002 121 3270 91 156 7411
leaf_count=2483 163 5540 246 1943 4696 998 2342 5235 67 2148 7608 247 4166 2082 793 376 415 270 149 53 3056 692 5621 372 1002 121 3270 91 156 7411
internal_value=2.79849e-08 -0.000856849 0.00187314 -0.001491 0.00143734 0.00346718 -0.000110199 -0.000249116 0.000910396 -0.00110883 -0.000936485 0.00216924 0.00110191 -0.000356498 -0.000728895 -0.000937544 -0.000716232 -0.00297723 0.000525439 0.000693 0.00299869 0.00158416 0.00063791 0.000120269 0.000204192 0.00143546 4.16005e-05 0.0018335 -0.00179062 -0.0020233
internal_weight=63812 43783 20029 23675 15729 4300 20108 17699 2409 13781 11838 4943 10786 4230 7699 6601 5955 646 1098 5837 3302 4949 5784 10000 9628 1123 8505 4257 305 9894
internal_count=63812 43783 20029 23675 15729 4300 20108 17699 2409 13781 11838 4943 10786 4230 7699 6601 5955 646 1098 5837 3302 4949 5784 10000 9628 1123 8505 4257 305 9894
is_linear=0
shrinkage=0.05


Tree=29
num_leaves=31
num_cat=0
split_feature=14 14 14 15 1 14 14 1 10 14 12 1 18 0 4 16 18 12 0 12 1 15 5 14 0 0 0 15 1 15
split_gain=36.974 7.48384 5.02276 1.76291 1.24319 0.984767 0.89874 0.884841 0.970966 0.874712 0.974467 0.874703 0.864364 0.853839 0.851307 0.850186 0.836972 1.19149 0.971029 0.767717 0.749753 0.927829 0.743771 0.705449 0.908748 0.974165 0.674953 0.823624 0.78966 0.64428
threshold=6.3234621011542984 5.3821962081647756 7.3469749393815045 3.4498615536424366 2275250.5000000005 8.6219296577985371 6.8442827141072451 3082269.5000000005 1.5000000000000002 5.8096417414785728 739.00000000000011 3037596.0000000005 17.500000000000004 4369.5000000000009 11.500000000000002 1.5000000000000002 2.5000000000000004 174.50000000000003 104496.00000000001 12.500000000000002 102579.50000000001 4.0342014792848504 64746.500000000007 6.4433357115843206 16349.000000000002 31056.000000000004 39848.000000000007 4.0689902272260703 515578.00000000006 3.9981586158983733
decision_type=2 2 2 2 2 2 2 2 2 2 2 2 2 2 2 2 2 2 2 2 2 2 2 2 2 2 2 2 2 2
left_child=1 3 4 -1 6 26 12 11 -9 10 14 -5 19 -13 16 -6 18 -18 -3 22 21 -11 -2 24 -17 -26 28 -28 -4 -12
right_child=2 9 5 7 15 -7 -8 8 -10 20 29 13 -14 -15 -16 23 17 -19 -20 -21 -22 -23 -24 -25 25 -27 27 -29 -30 -31
leaf_value=-0.0021396290252401321 0.0054930393809591513 -0.00025946133964456779 0.0055330660328427438 -0.00093118017116318582 0.0044652064995024917 0.006978089215596609 0.0023355641200695073 -0.0011477616135280731 -0.0024696655656698228 0.0025965141098876878 -0.0013026793595673745 0.014122956710336096 0.01416548059983108 -0.00084303781702256336 -0.008627206099090852 0.0036639790881262107 -0.00042401063877906095 0.0027801965652054948 -0.001723104169914003 0.0011913724312781482 7.6132510389186043e-05 -0.0015131215468145811 -0.0024562200997024775 0.00097843970663205647 -0.0047082328573360317 -0.00026762952697762611 0.0043525193316627199 0.0021894687238887814 0.003137225203957868 -0.0056899404590304604
leaf_weight=6215 183 5891 531 11570 156 174 3704 3583 2269 612 208 19 12.999999999999998 19 31 121 711 490 1403 5500 10445 177 35 5042 145 830 560 2057 978 140
leaf_count=6215 183 5891 531 11570 156 174 3704 3583 2269 612 208 19 13 19 31 121 711 490 1403 5500 10445 177 35 5042 145 830 560 2057 978 140
internal_value=2.77477e-08 -0.000814008 0.00177949 -0.00141645 0.00136548 0.00329383 0.00172854 -0.00115902 -0.00166034 -0.000104691 -0.000475732 -0.000906281 0.00133618 0.00665739 -0.000369858 0.000821212 -0.000339624 0.000883407 -0.000541013 0.00130677 0.000188405 0.00167451 0.00421624 0.000728528 -0.000421144 -0.000928442 0.0031383 0.00265248 0.00398061 -0.0030688
internal_weight=63812 43783 20029 23675 15729 4300 9435 17460 5852 20108 8874 11608 5731 38 8526 6294 8495 1201 7294 5718 11234 789 218 6138 1096 975 4126 2617 1509 348
internal_count=63812 43783 20029 23675 15729 4300 9435 17460 5852 20108 8874 11608 5731 38 8526 6294 8495 1201 7294 5718 11234 789 218 6138 1096 975 4126 2617 1509 348
is_linear=0
shrinkage=0.05


Tree=30
num_leaves=31
num_cat=0
split_feature=14 14 14 14 19 1 19 19 14 18 19 19 9 1 14 10 10 1 2 19 9 4 4 18 9 4 1 9 6 9
split_gain=33.3693 6.75411 4.53313 1.62738 1.36152 1.14258 1.09714 1.01683 0.98572 1.45633 0.847967 0.824343 0.819027 0.792764 0.756754 0.821351 0.867535 0.740044 0.733359 1.90911 1.19259 0.725421 0.721451 0.712006 0.699917 0.691628 0.684185 0.745156 0.663958 0.709569
threshold=6.3234621011542984 5.3821962081647756 7.3469749393815045 4.5379471377116305 74.243812804878075 9404345.5000000019 53.877201744186053 75.987709090909092 5.8096417414785728 5.5000000000000009 44.77429589371981 75.889461666666676 16.500000000000004 6681221.0000000009 6.6234007758748676 3.5000000000000004 1.0000000180025095e-35 1001406.0000000001 17153.000000000004 76.846046960887975 2.5000000000000004 1.5000000000000002 15.500000000000002 15.500000000000002 4.5000000000000009 12.500000000000002 10520043.000000002 9.5000000000000018 0.82450000000000012 347.50000000000006
decision_type=2 2 2 2 2 2 2 2 2 2 2 2 2 2 2 2 2 2 2 2 2 2 2 2 2 2 2 2 2 2
left_child=1 3 4 -1 14 -6 28 8 9 -3 21 26 17 18 23 16 -16 -12 19 -9 -20 -5 -8 -2 -18 -17 27 -10 29 -4
right_child=2 7 6 10 5 -7 22 13 11 -11 12 -13 -14 -15 15 25 24 -19 20 -21 -22 -23 -24 -25 -26 -27 -28 -29 -30 -31
leaf_value=-0.0018232498591315028 0.00033182520971710458 -0.00095232179037131224 -0.00060774012004202347 -0.0015664235157784778 0.0019998600459498364 -0.0030534082197638903 0.0036255859259178486 0.0062531086636125046 -0.0012575576473947549 0.0030032103738521728 -0.00091718152464379833 -0.0069387824666187793 -0.0011382636326666901 -0.0020927760273478833 0.0011376635095774656 0.00048691652671678038 -0.0025818622089976008 0.00042134979674822448 0.014036265356059105 0.00082807851170237741 -5.3108085101906967e-05 -0.0043547887270516498 -0.0086104933264826954 0.0061604338391156067 0.0029780696197626829 0.0077650624290783957 0.0013721719928768757 0.00013614280150725123 0.0026320515490578997 0.0084515711881252599
leaf_weight=10172 3952 5994 336 1601 5740 114 3248 173 1144 242 2108 42 7497 290 2064 2360 59 2024 14.999999999999998 2569 2806 273 11.999999999999998 53 1354 33 903 5930 681 23
leaf_count=10172 3952 5994 336 1601 5740 114 3248 173 1144 242 2108 42 7497 290 2064 2360 59 2024 15 2569 2806 273 12 53 1354 33 903 5930 681 23
internal_value=2.94561e-08 -0.000773309 0.00169053 -0.00134563 0.00129721 0.0019014 0.00312917 -9.94596e-05 -0.000327292 -0.000798774 -0.00098582 3.93628e-05 -0.000826748 0.000455423 0.000939027 0.00130057 0.00179122 -0.000261527 0.000588296 0.00117057 2.23037e-05 -0.00197284 0.00358028 0.00040911 0.00274575 0.000587604 7.61903e-05 -8.92596e-05 0.00171489 -2.51466e-05
internal_weight=63812 43783 20029 23675 15729 5854 4300 20108 14255 6236 13503 8019 11629 5853 9875 5870 3477 4132 5563 2742 2821 1874 3260 4005 1413 2393 7977 7074 1040 359
internal_count=63812 43783 20029 23675 15729 5854 4300 20108 14255 6236 13503 8019 11629 5853 9875 5870 3477 4132 5563 2742 2821 1874 3260 4005 1413 2393 7977 7074 1040 359
is_linear=0
shrinkage=0.05


Tree=31
num_leaves=31
num_cat=0
split_feature=14 14 14 15 19 15 18 19 19 1 18 7 10 19 1 19 18 4 7 1 1 8 1 1 12 14 7 11 1 11
split_gain=30.1159 6.10517 4.13925 1.41688 1.22342 1.17634 1.16191 1.08478 1.05175 0.990926 1.07273 0.998286 1.1479 0.946715 0.871638 0.801934 0.794027 0.788473 0.786852 0.832829 1.14148 0.822963 0.798641 0.7393 1.04557 0.729239 0.692668 0.660277 0.64462 0.634757
threshold=6.3234621011542984 5.344720891341141 7.1708872968977238 3.4175922930736511 79.642594166666669 3.8393944990995768 1.0000000180025095e-35 75.284318048780491 76.123431521739136 10520043.000000002 1.0000000180025095e-35 10.500000000000002 1.5000000000000002 62.779779934210531 5793992.0000000009 45.751785596221964 14.500000000000002 3.5000000000000004 18.500000000000004 1543868.0000000002 1518915.0000000002 1.0000000180025095e-35 1001406.0000000001 14562386.000000002 907.50000000000011 5.0594204191876377 1.0000000180025095e-35 4.5000000000000009 9404345.5000000019 3.5000000000000004
decision_type=2 2 2 2 2 2 2 2 2 2 2 2 2 2 2 2 2 2 2 2 2 2 2 2 2 2 2 2 2 2
left_child=1 3 8 -1 6 -3 17 9 29 10 13 -11 -13 -7 26 16 23 -4 22 20 -20 -21 -17 27 -25 -24 -9 -5 -10 -2
right_child=2 5 4 15 -6 7 -8 14 28 11 -12 12 -14 -15 -16 18 -18 -19 19 21 -22 -23 25 24 -26 -27 -28 -29 -30 -31
leaf_value=-0.0019825082727251762 0.0007970716070628388 -0.0026047491310098253 0.0010258450366116873 -0.0023594492244124214 0.00442289403000531 -0.0016433598039596198 0.0029333026862663793 0.006730429614023376 0.0018557059092072427 0.0046499085098026024 -0.0001010322775603989 -0.0011831667726398824 0.001669057290887988 -0.00018458466940639057 -0.001843854287099358 -0.001073576107314023 0.010901726166571469 0.005503046344947974 -0.00083235748235079671 -0.0066532161357811441 0.0053766201849848282 -0.0015721474110583378 -0.00030040478768726491 -0.00021375337136716425 0.019166209302108054 0.001642844970727652 0.00057784621059809433 0.0063271745491553753 -0.0031200743163407483 0.0040958372599826992
leaf_weight=5707 9539 465 1530 2225 888 2782 3433 46 4320 157 7856 615 827 1853 380 2184 11.999999999999998 105 5170 81 75 4623 1701 352 6.9999999999999991 674 5969 22 66 148
leaf_count=5707 9539 465 1530 2225 888 2782 3433 46 4320 157 7856 615 827 1853 380 2184 12 105 5170 81 75 4623 1701 352 7 674 5969 22 66 148
internal_value=2.99964e-08 -0.000734643 0.00160601 -0.0013002 0.00271089 -0.000118251 0.00241083 -6.17965e-05 0.00113838 -0.000306921 -0.000456947 0.000864994 0.000452612 -0.00106018 0.00047828 -0.00107282 -0.00187825 0.00131369 -0.000927463 -0.00117673 -0.000743472 -0.00165978 -0.000383491 -0.00193752 0.000169361 0.000251115 0.000625009 -0.00227412 0.00178076 0.000847513
internal_weight=63812 43783 20029 22833 5956 20950 5068 20485 14073 14090 12491 1599 1442 4635 6395 17126 2618 1635 14508 9949 5245 4704 4559 2606 359 2375 6015 2247 4386 9687
internal_count=63812 43783 20029 22833 5956 20950 5068 20485 14073 14090 12491 1599 1442 4635 6395 17126 2618 1635 14508 9949 5245 4704 4559 2606 359 2375 6015 2247 4386 9687
is_linear=0
shrinkage=0.05


Tree=32
num_leaves=31
num_cat=0
split_feature=14 14 15 19 19 19 14 14 15 18 4 8 9 14 15 19 6 6 19 15 1 1 14 1 18 10 16 14 0 9
split_gain=27.2924 6.19149 3.12107 1.44535 1.26358 1.19434 0.977315 0.874508 1.09062 0.990474 0.910222 1.02918 0.807519 0.800732 0.798556 0.781376 0.735137 0.979185 0.730343 0.72531 0.729045 0.715196 0.713792 0.695361 0.677752 0.665364 0.648996 0.655078 0.780314 0.645324
threshold=5.9750802605835984 7.0026107065950418 3.7256208424938384 45.325040521739133 70.010208677978099 79.991050000000016 7.9249763208304893 6.527226388596671 3.9981586158983733 16.500000000000004 3.5000000000000004 1.5000000000000002 1.0000000180025095e-35 5.5548938233105778 4.0689902272260703 69.520393385136501 0.7593000000000002 0.97415000000000018 22.93870701540871 2.2499048351651334 1016402.5000000001 937904.00000000012 5.8096417414785728 10520043.000000002 10.500000000000002 10.500000000000002 1.5000000000000002 5.5154408213148463 21001.500000000004 334.50000000000006
decision_type=2 2 2 2 2 2 2 2 2 2 2 2 2 2 2 2 2 2 2 2 2 2 2 2 2 2 2 2 2 2
left_child=2 5 13 16 15 7 14 8 23 25 11 -9 21 19 -5 18 -3 -18 -4 20 -1 -6 24 -2 -20 -10 -21 -28 -29 -13
right_child=1 3 4 6 12 -7 -8 10 9 -11 -12 29 -14 -15 -16 -17 17 -19 22 26 -22 -23 -24 -25 -26 -27 27 28 -30 -31
leaf_value=-0.0010671667649627861 0.00095227166360545865 -0.0011330225257284133 -0.0023817903244362521 0.0031900685680126225 -0.0012449606980816355 0.0015836821984573008 0.0041824519679530903 0.0016152179028403213 -0.00025631258676613923 0.0070491449854312022 0.0031946151211027238 0.00048553518507150006 -0.0001976983006957003 -0.011270100601741348 0.001948172570406711 -0.0035346415109901047 0.0023730715274265057 -0.0011111436684064734 -0.00093712516392358079 -0.00069568881660398633 -0.0050649247975020732 0.0057150542289776786 0.00020758538646962907 0.004379674201082511 0.003079865735443792 0.0010801358271177088 -0.0016444943005928022 -0.0058322628040217072 0.011081133924989621 -0.0020150036446072539
leaf_weight=192 2316 331 717 2116 56 3252 932 2483 6840 49 438 3273 9749 21 3336 273 853 264 10219 2329 281 108 1708 158 106 1078 10023 10.000000000000002 21 280
leaf_count=192 2316 331 717 2116 56 3252 932 2483 6840 49 438 3273 9749 21 3336 273 853 264 10219 2329 281 108 1708 158 106 1078 10023 10 21 280
internal_value=3.25672e-08 0.0011695 -0.00091427 0.0023626 -0.000564522 0.00070614 0.00268609 0.000537419 0.000254321 -3.04498e-05 0.000993978 0.000834239 -0.000139152 -0.00153722 0.00243022 -0.000888308 0.00093631 0.00154956 -0.000831618 -0.00152123 -0.00344272 0.00333915 -0.00073923 0.00117133 -0.000895856 -7.43498e-05 -0.00144781 -0.00162203 0.00562399 0.000288425
internal_weight=63812 27999 35813 7832 22936 20167 6384 16915 10441 7967 6474 6036 9913 12877 5452 13023 1448 1117 12750 12856 473 164 12033 2474 10325 7918 12383 10054 31 3553
internal_count=63812 27999 35813 7832 22936 20167 6384 16915 10441 7967 6474 6036 9913 12877 5452 13023 1448 1117 12750 12856 473 164 12033 2474 10325 7918 12383 10054 31 3553
is_linear=0
shrinkage=0.05


Tree=33
num_leaves=31
num_cat=0
split_feature=15 19 15 15 1 15 4 6 19 16 0 2 10 0 8 4 8 1 19 15 19 9 1 19 1 16 12 19 1 9
split_gain=17.4795 3.25779 1.87178 1.26349 1.19848 1.29514 1.03313 0.969768 1.03658 0.893943 0.918253 0.822808 0.789357 0.772974 0.756302 0.74324 0.727998 0.721491 0.816333 0.721037 0.717502 0.957179 0.831295 0.796249 0.717 0.660268 0.944707 0.666845 0.652192 0.68892
threshold=3.8815106545092593 75.284318048780491 3.9981586158983733 3.4498615536424366 26350620.500000004 4.0517471391904856 3.5000000000000004 0.83355000000000012 14.730067943805876 1.5000000000000002 98532.000000000015 2094.0000000000005 1.5000000000000002 70226.500000000015 5.5000000000000009 4.5000000000000009 9.5000000000000018 8544094.5000000019 72.895575000000022 4.0689902272260703 70.181926046176059 5.5000000000000009 8098416.5000000009 76.217504809437401 446534.00000000006 1.5000000000000002 98.500000000000014 58.664021290322587 5969285.5000000009 7.5000000000000009
decision_type=2 2 2 2 2 2 2 2 2 2 2 2 2 2 2 2 2 2 2 2 2 2 2 2 2 2 2 2 2 2
left_child=3 2 9 -1 5 -3 7 8 -4 13 28 -12 14 -2 25 -13 -8 19 -19 -9 24 -22 23 -23 -14 26 -5 -28 -11 -30
right_child=1 4 6 12 -6 -7 16 17 -10 10 11 15 20 -15 -16 -17 -18 18 -20 -21 21 22 -24 -25 -26 -27 27 -29 29 -31
leaf_value=-0.0017672297185036363 0.00031835510502788741 0.00092309910339722148 -0.0034127179108580097 -0.00076511069774941472 -0.0027167359884788648 0.0019571175119234979 0.0025401544806843237 0.00027214966742716964 0.00012466303762981908 -0.00033695494563192627 -0.0081237355399779495 -0.00095690376983361108 -0.0041279270187670521 0.0038222410611032675 -0.0027662745445363804 -0.0070474926681201285 -0.003543277746137954 0.0018444835511726996 -0.0026784044352371594 0.0011987244701050159 0.0078919547226799086 0.0007544481043401329 -0.0057842845555196639 -0.0019493906416481685 -0.0016559098037863284 -0.00077775573908590617 -0.0013118833390907414 0.002553998996709622 0.004149347753560865 0.00050249471020779018
leaf_weight=6235 503 8737 214 844 190 4635 881 6214 6333 5281 42 2542 331 229 425 51 52 1970 105 3171 33 647 76 470 2576 9001 141 533 145 1205
leaf_count=6235 503 8737 214 844 190 4635 881 6214 6333 5281 42 2542 331 229 425 51 52 1970 105 3171 33 647 76 470 2576 9001 141 533 145 1205
internal_value=3.20163e-08 0.000586036 0.00028635 -0.00116856 0.00122549 0.00128152 0.000578515 0.000494449 8.98727e-06 -0.000267121 -0.000400012 -0.00118959 -0.00092098 0.00141489 -0.000698641 -0.00107696 0.00220076 0.000771787 0.0016155 0.00058523 -0.00150969 -0.000495201 -0.000727843 -0.000383319 -0.00193751 -0.000615077 0.000349516 0.00174519 -8.624e-05 0.000894472
internal_weight=63812 42500 28938 21312 13562 13372 18940 18007 6547 9998 9266 2635 15077 732 10944 2593 933 11460 2075 9385 4133 1226 1193 1117 2907 10519 1518 674 6631 1350
internal_count=63812 42500 28938 21312 13562 13372 18940 18007 6547 9998 9266 2635 15077 732 10944 2593 933 11460 2075 9385 4133 1226 1193 1117 2907 10519 1518 674 6631 1350
is_linear=0
shrinkage=0.05


Tree=34
num_leaves=31
num_cat=0
split_feature=14 14 14 14 19 1 19 7 1 19 7 19 9 19 15 7 6 6 6 15 18 18 14 15 9 14 11 19 4 9
split_gain=23.1455 4.41363 3.38455 1.13506 0.969778 0.883157 0.878345 0.843094 0.877186 0.817329 0.727482 0.738309 1.3697 0.776552 0.72128 0.748868 1.1224 0.720118 0.766485 0.949174 0.679668 0.64985 0.637587 1.05589 0.835652 0.63459 0.597042 0.567042 0.672164 0.589072
threshold=6.3234621011542984 5.3958951239350581 7.3469749393815045 4.5379471377116305 74.243812804878075 9404345.5000000019 78.316202857142869 579.50000000000011 2377821.5000000005 19.26143226324238 47.500000000000007 45.751785596221964 38.500000000000007 31.241290859213255 3.8393944990995768 1.0000000180025095e-35 0.98585000000000012 1.1925000000000001 1.0775000000000003 3.9415346756528771 3.5000000000000004 5.5000000000000009 6.7244330414940263 4.0517471391904856 83.500000000000014 7.7708534907042859 6.5000000000000009 55.5757075651156 4.5000000000000009 132.50000000000003
decision_type=2 2 2 2 2 2 2 2 2 2 2 2 2 2 2 2 2 2 2 2 2 2 2 2 2 2 2 2 2 2
left_child=1 3 4 27 20 -6 25 9 -9 -3 11 12 13 -5 -11 16 -16 18 -12 -20 22 -17 -2 -24 -25 -4 -22 28 -1 -29
right_child=2 7 6 10 5 -7 -8 8 -10 14 17 -13 -14 -15 15 21 -18 -19 19 -21 26 -23 23 24 -26 -27 -28 29 -30 -31
leaf_value=-0.0020501107748835444 0.00020277628222701064 -0.0022147873155852634 0.0017207152647701709 -0.00046661980028039917 0.0016645621808432792 -0.0027781146571144635 0.0039509471555162377 0.00053969501854504351 -0.0051987902389869171 -0.0022609740345622712 -0.0013353160935399584 -0.0003430714390631209 0.0076702500347078165 -0.0032875302565436859 0.0014751996316493537 -5.5712096779042846e-05 0.012310278989195414 -0.0073552574098822727 0.002611554532420993 -0.0100015270269204 0.0018460715652252723 0.0014087622906036939 0.0021527101479578629 0.0011166706962010432 -0.00065808355926977573 0.0031524904301982065 0.012590443814983804 -0.0013707195402592092 -0.0093316340897336755 0.00094225957414899655
leaf_weight=2558 4453 428 2063 418 5740 114 998 113 162 348 5026 7430 37 586 134 17842 29 48 203 15.999999999999998 1014 791 1456 1928 1011 1239 12.999999999999998 7296 32 286
leaf_count=2558 4453 428 2063 418 5740 114 998 113 162 348 5026 7430 37 586 134 17842 29 48 203 16 1014 791 1456 1928 1011 1239 13 7296 32 286
internal_value=2.878e-08 -0.000644036 0.00140794 -0.00110116 0.00106808 0.001578 0.00265103 -9.27277e-05 -0.00284146 -5.40918e-05 -0.000805156 -0.000517808 -0.00176482 -0.00211325 -5.77414e-06 3.59917e-05 0.00340928 -0.00126501 -0.00120914 0.00168591 0.000765789 6.46436e-06 0.000624451 0.00105168 0.000506163 0.00225804 0.00198329 -0.00150168 -0.00214043 -0.00128346
internal_weight=63812 43783 20029 23936 15729 5854 4300 19847 275 19572 13764 8471 1041 1004 19144 18796 163 5293 5245 219 9875 18633 8848 4395 2939 3302 1027 10172 2590 7582
internal_count=63812 43783 20029 23936 15729 5854 4300 19847 275 19572 13764 8471 1041 1004 19144 18796 163 5293 5245 219 9875 18633 8848 4395 2939 3302 1027 10172 2590 7582
is_linear=0
shrinkage=0.05


Tree=35
num_leaves=31
num_cat=0
split_feature=19 0 12 0 1 19 1 5 7 9 19 10 19 6 1 19 10 11 4 7 8 1 6 0 1 12 12 6 6 12
split_gain=3.21251 1.74842 2.12459 1.33532 1.11834 1.09502 1.08331 1.01429 0.977527 1.03053 0.852371 0.945113 0.74731 0.795879 0.918064 0.964999 0.793375 0.844478 0.830583 0.737891 0.710455 0.699497 0.667846 0.659578 0.655581 1.14825 0.643421 0.624859 0.656611 0.600953
threshold=70.010208677978099 18871.000000000004 47.500000000000007 49474.500000000007 14562386.000000002 80.331852564102576 1543868.0000000002 207969.50000000003 11.500000000000002 233.50000000000003 77.482897375000007 1.0000000180025095e-35 44.77429589371981 0.83710000000000007 1591485.5000000002 39.216510157222928 33.500000000000007 6.5000000000000009 11.500000000000002 70.500000000000014 1.0000000180025095e-35 3914325.0000000005 0.99570000000000014 644507.00000000012 390798.00000000006 78.500000000000014 92.500000000000014 0.85345000000000015 0.85950000000000004 229.50000000000003
decision_type=2 2 2 2 2 2 2 2 2 2 2 2 2 2 2 2 2 2 2 2 2 2 2 2 2 2 2 2 2 2
left_child=1 2 -1 6 12 24 -2 19 10 -10 11 -8 13 14 15 -3 17 18 -14 22 -12 -7 -4 -18 25 -5 -24 -15 -29 -16
right_child=3 4 7 5 -6 21 8 -9 9 -11 20 -13 16 27 29 -17 23 -19 -20 -21 -22 -23 26 -25 -26 -27 -28 28 -30 -31
leaf_value=-0.0022742859806854855 0.00043037313051085013 0.0014645391232952743 -0.001015933575909087 -0.0035586848752661594 0.00089400610688714554 0.0032267313272135059 -0.00073247441817465668 -0.0058370641930307878 -0.00069859119405331967 0.0036602632948053481 -0.00066298832274097098 0.0048990627978176627 -9.0749010080406651e-05 0.0017166090215274628 -0.0021764452823499164 -0.0022118158520318607 0.0033486339646160591 0.0054240967632256526 -0.0054327915785719536 0.00037851890126412138 0.0044282111346879913 -0.00055358056389796665 0.0034529599051447146 -0.0016753526917225757 0.0010538200638671299 0.00052281302941078144 -0.00031129790650857143 -0.011149177948633831 -0.00033873382064478555 -0.00043669175940572289
leaf_weight=2224 16686 538 3708 221 2456 783 553 87 5390 139 93 86 15768 393 1803 267 293 69 73 2034 260 145 167 84 3963 781 354 13.999999999999998 3695 685
leaf_count=2224 16686 538 3708 221 2456 783 553 87 5390 139 93 86 15768 393 1803 267 293 69 73 2034 260 145 167 84 3963 781 354 14 3695 685
internal_value=2.78636e-08 -0.000324796 -0.00094437 0.000387494 -0.000121555 0.00105962 0.000216815 -0.000478557 -0.000329638 -0.000588945 0.00111554 2.60956e-05 -0.000226879 -0.000643709 -0.00122263 0.000245053 -3.76177e-05 -9.13427e-05 -0.000115401 -0.00040403 0.0030871 0.00263606 -0.000780408 0.00222908 0.000764927 -0.000377663 0.000895719 -0.000178947 -0.000379838 -0.00169749
internal_weight=63812 34712 8574 29100 26138 5893 23207 6350 6521 5529 992 639 23682 7395 3293 805 16287 15910 15841 6263 353 928 4229 377 4965 1002 521 4102 3709 2488
internal_count=63812 34712 8574 29100 26138 5893 23207 6350 6521 5529 992 639 23682 7395 3293 805 16287 15910 15841 6263 353 928 4229 377 4965 1002 521 4102 3709 2488
is_linear=0
shrinkage=0.05


Tree=36
num_leaves=31
num_cat=0
split_feature=14 14 15 19 15 19 19 14 7 19 1 14 14 19 9 7 6 1 7 19 15 2 2 7 7 19 19 2 4 4
split_gain=20.5831 3.71434 3.15739 1.2136 0.900875 1.0219 0.897907 0.886085 0.870801 0.771245 0.852921 0.762755 0.745331 0.742613 0.740746 1.25648 0.734285 0.756126 0.713082 0.708694 0.613698 0.962968 0.743901 0.732588 0.724026 0.590379 0.586284 0.578525 0.697233 0.640758
threshold=6.2015223456153068 7.1252827678962758 3.7726948748059117 70.697449576014549 4.0163424379838117 83.648906504065067 40.815464874121638 6.7244330414940263 1.5000000000000002 22.93870701540871 10934243.500000002 8.6219296577985371 5.5548938233105778 67.466299242424256 41.500000000000007 48.500000000000007 0.7593000000000002 5319658.0000000009 1.0000000180025095e-35 38.131359230769242 3.0677824455408698 12643.000000000002 18262.500000000004 164.50000000000003 25.500000000000004 69.520393385136501 28.698205102843655 24176.500000000004 1.5000000000000002 1.0000000180025095e-35
decision_type=2 2 2 2 2 2 2 2 2 2 2 2 2 2 2 2 2 2 2 2 2 2 2 2 2 2 2 2 2 2
left_child=2 4 12 8 5 -2 19 -6 16 -10 25 -8 13 14 -1 -16 17 -4 -5 -3 23 24 -23 -15 -22 -11 -19 28 -9 -29
right_child=1 6 3 18 7 -7 11 27 9 10 -12 -13 -14 20 15 -17 -18 26 -20 -21 21 22 -24 -25 -26 -27 -28 29 -30 -31
leaf_value=-0.0019936277209682595 0.0013952760339356869 0.0012278604255005661 -0.0011203891480382397 0.0060179832460221178 0.00028807366734221715 0.007331250462927397 0.0023802936731263102 0.0024395709165893841 -0.0021555774113927121 -0.00065880123325946782 0.00045519871388206032 0.0057460132183803705 -0.0080624928023257381 -0.0020383406215172496 0.0058598930648376757 -0.0010877559567378783 0.006229527216711348 -0.0016093844599074517 3.8866808210590497e-05 -0.0041567296892713575 -0.00022062012913324011 -0.0024694624966518914 -0.00084593240809191592 0.0094226388696660394 0.0028713779158829854 -0.0021804369544435472 0.0069131800054892893 -0.0014852652985120503 -8.1891258046136941e-05 0.00097036726100309812
leaf_weight=4498 3381 997 196 50 8030 74 5132 1292 842 11734 1692 174 40 1275 67 2159 74 29 10681 65 2462 904 3214 13.999999999999998 205 674 66 290 348 3153
leaf_count=4498 3381 997 196 50 8030 74 5132 1292 842 11734 1692 174 40 1275 67 2159 74 29 10681 65 2462 904 3214 14 205 674 66 290 348 3153
internal_value=2.61342e-08 0.00119883 -0.000672639 -0.000340907 0.000804349 0.00152262 0.00222515 0.000615088 -0.000626717 -0.000685663 -0.00059787 0.00249077 -0.00125476 -0.0012363 -0.00162444 -0.000878386 0.00178589 0.000654139 6.67817e-05 0.000897935 -0.000913049 -0.000723029 -0.00120239 -0.00191314 1.71463e-05 -0.000741473 0.0043126 0.00113168 0.00190456 0.000763495
internal_weight=63812 22936 40876 26038 16568 3455 6368 13113 15307 14942 14100 5306 14838 14798 6724 2226 365 291 10731 1062 8074 6785 4118 1289 2667 12408 95 5083 1640 3443
internal_count=63812 22936 40876 26038 16568 3455 6368 13113 15307 14942 14100 5306 14838 14798 6724 2226 365 291 10731 1062 8074 6785 4118 1289 2667 12408 95 5083 1640 3443
is_linear=0
shrinkage=0.05


Tree=37
num_leaves=31
num_cat=0
split_feature=14 14 14 14 1 6 12 10 15 7 1 14 2 14 5 12 7 4 12 1 1 1 10 14 15 2 1 9 1 15
split_gain=18.6832 4.39299 1.96852 1.0191 0.822411 0.919288 0.987923 0.741869 1.23305 0.782999 0.780563 0.803639 0.796771 0.764418 0.722242 0.710403 0.719564 0.706664 0.693139 0.679911 0.624765 0.722276 0.624407 0.615241 0.686626 0.816647 0.781356 0.64761 0.957719 0.667231
threshold=5.9750802605835984 7.0026107065950418 4.5591125415341898 7.7441362521724226 630374.00000000012 0.76915000000000011 7.5000000000000009 3.5000000000000004 4.0342014792848504 79.500000000000014 9067288.5000000019 6.527226388596671 87824.500000000015 6.3234621011542984 159548.50000000003 967.50000000000011 463.50000000000006 2.5000000000000004 248.50000000000003 5319658.0000000009 24275603.500000004 28901399.000000004 4.5000000000000009 5.5664324555418956 3.9607678160667752 4191.0000000000009 446534.00000000006 7.5000000000000009 1445242.5000000002 3.4175922930736511
decision_type=2 2 2 2 2 2 2 2 2 2 2 2 2 2 2 2 2 2 2 2 2 2 2 2 2 2 2 2 2 2
left_child=2 7 -1 4 -3 6 -6 13 10 -10 11 12 -9 20 -12 16 23 -18 -7 -13 -2 -22 -11 27 26 -26 -25 28 -4 -29
right_child=1 3 15 -5 5 18 -8 8 9 22 14 19 -14 -15 -16 -17 17 -19 -20 -21 21 -23 -24 24 25 -27 -28 29 -30 -31
leaf_value=-0.0013341151269054478 0.00041385215121250382 0.0025950339363284528 -0.00083077884817380474 0.002981458946837213 0.0076474545141229471 0.0011571010978405692 -0.00047689337159981807 0.0025925706318635539 -0.0021921031736070649 -0.0027822311199965045 0.0036399942751961512 0.0038113367193801 -0.000546790884437009 0.0010537620056249245 -0.0072000900642101816 -0.0022286725619459161 -0.00054623930219914257 -0.0050801942531824261 0.0026791045214803353 -0.001457328685078169 -0.0062731053497106564 3.9554310212348804e-05 5.0769483638374976e-05 0.0018708433601883783 0.0022637794661416401 -0.00059221022874842051 3.2062137458396166e-05 -0.0060225774389931841 0.0010015673271904146 -0.00074243889526956659
leaf_weight=10446 5770 1659 1462 1897 39 2245 870 247 584 211 341 284 1110 8865 15.999999999999998 593 177 167 1122 78 76 112 2473 782 264 4791 2211 60 1392 13468
leaf_count=10446 5770 1659 1462 1897 39 2245 870 247 584 211 341 284 1110 8865 16 593 177 167 1122 78 76 112 2473 782 264 4791 2211 60 1392 13468
internal_value=2.71332e-08 0.00096762 -0.000756448 0.00197261 0.0016501 0.00128344 -0.000127521 0.000577319 7.22511e-05 -0.000533086 0.00102514 0.000583221 2.4782e-05 0.000759404 0.00315228 -0.000518564 -0.000477621 -0.00274815 0.00166435 0.00267601 0.000321414 -0.00251435 -0.000172039 -0.000445639 -8.76474e-05 -0.000443013 0.000512539 -0.000621508 6.29271e-05 -0.000765902
internal_weight=63812 27999 35813 7832 5935 4276 909 20167 5344 3268 2076 1719 1357 14823 357 25367 24774 344 3367 362 5958 188 2684 24430 8048 5055 2993 16382 2854 13528
internal_count=63812 27999 35813 7832 5935 4276 909 20167 5344 3268 2076 1719 1357 14823 357 25367 24774 344 3367 362 5958 188 2684 24430 8048 5055 2993 16382 2854 13528
is_linear=0
shrinkage=0.05


Tree=38
num_leaves=31
num_cat=0
split_feature=14 14 14 14 19 15 19 19 8 5 0 12 15 7 5 19 1 1 5 12 7 8 15 5 1 2 8 10 5 0
split_gain=16.8691 4.18929 1.68654 1.29334 0.992209 0.901665 0.788944 0.73601 0.687004 0.636994 0.63608 0.741682 0.609058 0.838135 0.657301 0.623695 0.602595 1.05035 0.58617 0.581002 0.67429 0.638916 0.965113 0.717246 0.775267 0.558997 0.66796 0.556661 0.55504 0.612753
threshold=5.9388537289014298 6.7679181684570118 4.5591125415341898 7.7441362521724226 68.575074166666681 4.0517471391904856 22.93870701540871 76.468001085818955 5.5000000000000009 41936.500000000007 124015.00000000001 41.500000000000007 4.0163424379838117 133.50000000000003 136213.50000000003 71.281046825396842 288218.00000000006 1337109.5000000002 33216.000000000007 41.500000000000007 68.500000000000014 3.5000000000000004 4.0517471391904856 303347.50000000006 4995789.5000000009 2253.5000000000005 2.5000000000000004 1.0000000180025095e-35 513502.00000000006 189385.50000000003
decision_type=2 2 2 2 2 2 2 2 2 2 2 2 2 2 2 2 2 2 2 2 2 2 2 2 2 2 2 2 2 2
left_child=2 4 -1 5 19 9 -4 -7 28 -3 11 -10 14 16 -6 -15 18 -18 -14 20 -2 23 -23 24 -21 -9 -27 -17 -8 -30
right_child=1 3 6 -5 12 7 8 25 10 -11 -12 -13 13 15 -16 27 17 -19 -20 21 -22 22 -24 -25 -26 26 -28 -29 29 -31
leaf_value=-0.0012674100021934328 -0.00067896031892019271 0.0024609319877087511 -0.0021459444457598794 0.002832393868110435 0.0014178554483332882 0.00078384254131986749 -0.00041100127942710437 0.010226615255151816 -0.0059489159289808601 -6.2068841882471142e-05 -0.0037134604326569832 -0.00060682918713210725 3.3429740045286089e-06 0.0014165597382024991 -0.0025085408673968532 0.00073472453358707488 0.0018880976558550552 0.00012012441893830034 -0.0051726176617128833 4.6144443008735297e-05 -0.0048818957440659241 0.00022471861931851287 -0.0021035136895999605 -0.0034106944340764446 0.0012707651048113333 0.0009658933747880553 0.0028330682998911807 -0.0031360848525190084 0.0082649287646709702 -0.0019280546213426776
leaf_weight=10446 762 2348 715 1897 3354 5001 22654 20 70 280 278 889 1301 165 110 125 1738 1626 57 3402 109 1213 703 119 2084 1019 904 361 38 24
leaf_count=10446 762 2348 715 1897 3354 5001 22654 20 70 280 278 889 1301 165 110 125 1738 1626 57 3402 109 1213 703 119 2084 1019 904 361 38 24
internal_value=2.54266e-08 0.000899271 -0.000734912 0.00163969 0.00040638 0.00140329 -0.000509414 0.00110473 -0.000460554 0.00219213 -0.00160801 -0.000997342 0.000776139 0.000442831 0.0012931 -0.00123891 0.000674706 0.00103357 -0.000214275 1.70102e-05 -0.00120543 0.000158594 -0.000629599 0.000428034 0.000511363 0.00193056 0.00184375 -0.00214056 -0.000398063 0.00432251
internal_weight=63812 28698 35114 11469 17229 9572 24668 6944 23953 2628 1237 959 8837 5373 3464 651 4722 3364 1358 8392 871 7521 1916 5605 5486 1943 1923 486 22716 62
internal_count=63812 28698 35114 11469 17229 9572 24668 6944 23953 2628 1237 959 8837 5373 3464 651 4722 3364 1358 8392 871 7521 1916 5605 5486 1943 1923 486 22716 62
is_linear=0
shrinkage=0.05


Tree=39
num_leaves=31
num_cat=0
split_feature=15 19 18 19 19 1 1 1 2 15 7 15 3 0 16 1 1 0 2 19 19 18 19 7 15 8 2 1 16 19
split_gain=10.4485 2.16964 1.18025 1.12389 0.997329 1.06528 0.989633 1.30901 0.988606 0.858957 0.878659 0.821011 0.807681 0.699361 0.667369 0.665563 0.775992 0.67789 0.643498 0.637822 0.626219 0.758607 0.622365 0.616154 0.781203 0.592729 0.577088 0.745193 0.539716 0.535974
threshold=3.8815106545092593 75.284318048780491 2.5000000000000004 52.447709872574968 53.147792999638305 14562386.000000002 1091060.0000000002 846817.00000000012 14875.500000000002 3.9796379800581989 26.500000000000004 3.4175922930736511 1.0000000180025095e-35 14238.500000000002 1.5000000000000002 26350620.500000004 1518915.0000000002 23695.000000000004 26146.000000000004 82.305351436781621 78.453658489583361 2.5000000000000004 53.147792999638305 14.500000000000002 4.0163424379838117 7.5000000000000009 26600.500000000004 279154.00000000006 1.5000000000000002 77.941983333333354
decision_type=2 2 2 2 2 2 2 2 2 2 2 2 2 2 2 2 2 2 2 2 2 2 2 2 2 2 2 2 2 2
left_child=11 2 4 -4 5 -2 7 -3 29 10 13 -1 -12 -6 20 16 17 19 -19 -8 -13 26 -5 -10 -25 28 27 -22 -11 -9
right_child=1 6 3 22 9 -7 15 8 23 25 12 14 -14 -15 -16 -17 -18 18 -20 -21 21 -23 -24 24 -26 -27 -28 -29 -30 -31
leaf_value=-0.0014153549640581224 -0.00055922520429913295 0.0010617537006380831 0.0020655668666555295 -0.0054288341995729281 -0.0008171563047544904 0.00093487312662508457 0.00084302297929032734 0.0078450789010823477 0.011762198924228846 0.0034953878408459389 2.9416297883164683e-05 -0.00035623773331475264 -0.0017047283671055005 0.0013484035697482362 -0.00084226707436191707 -0.0025380029301916001 0.00085675775959980513 -0.0052402404372760177 -0.00085740221775987887 -0.0044386043211854945 0.0043454268850782731 -0.0073342127951332983 0.00048717348926271528 -0.00076666091425867079 0.0029176202114011406 0.0042503863740212715 0.0058652082587139238 -0.00035359458840750424 0.00048521018128112691 0.0037344229508523771
leaf_weight=5728 7968 8199 1498 45 558 1403 528 117 14.999999999999998 151 1358 1562 1328 1123 13545 190 3229 133 226 64 130 22 3114 230 384 108 85 240 10284 247
leaf_count=5728 7968 8199 1498 45 558 1403 528 117 15 151 1358 1562 1328 1123 13545 190 3229 133 226 64 130 22 3114 230 384 108 85 240 10284 247
internal_value=2.39578e-08 0.000453091 0.000208523 0.000937642 6.86775e-05 -0.000335525 0.000974934 0.00126943 0.00298388 0.000322721 -0.000266942 -0.000903472 -0.000828003 0.00062955 -0.000715318 0.000355469 0.000487048 -0.000768214 -0.00248213 0.000271383 0.000128001 0.00171345 0.000402731 0.00178328 0.00153761 0.000566965 0.00215243 0.00129814 0.000528802 0.0050575
internal_weight=63812 42500 28938 4657 24281 9371 13562 9192 993 14910 4367 21312 2686 1681 15584 4370 4180 951 359 592 2039 477 3159 629 614 10543 455 370 10435 364
internal_count=63812 42500 28938 4657 24281 9371 13562 9192 993 14910 4367 21312 2686 1681 15584 4370 4180 951 359 592 2039 477 3159 629 614 10543 455 370 10435 364
is_linear=0
shrinkage=0.05


Tree=40
num_leaves=31
num_cat=0
split_feature=14 14 14 10 15 7 5 8 8 18 0 14 4 15 9 16 4 7 0 0 18 1 4 0 15 2 1 5 9 14
split_gain=14.5933 2.65943 2.24598 0.842762 0.806852 0.668389 0.663959 0.87514 0.697228 0.696728 1.10956 0.649307 0.63839 0.644211 0.624345 0.621443 0.706142 0.58847 0.565947 0.831953 0.565898 0.559672 0.553679 0.539267 0.537188 0.659365 0.543163 0.534329 0.521805 0.486609
threshold=6.3234621011542984 5.5032948732385458 7.3469749393815045 3.5000000000000004 3.1984648276080736 463.50000000000006 207969.50000000003 1.0000000180025095e-35 6.5000000000000009 4.5000000000000009 137141.50000000003 8.6219296577985371 9.5000000000000018 4.0859410030639109 3.5000000000000004 1.5000000000000002 4.5000000000000009 1.0000000180025095e-35 57746.000000000007 23014.500000000004 1.0000000180025095e-35 279154.00000000006 15.500000000000002 28915.000000000004 3.8606743063089746 6015.0000000000009 3765051.0000000005 513502.00000000006 186.50000000000003 7.1708872968977238
decision_type=2 2 2 2 2 2 2 2 2 2 2 2 2 2 2 2 2 2 2 2 2 2 2 2 2 2 2 2 2 2
left_child=1 4 3 29 -1 14 8 27 9 17 -11 22 13 -5 24 16 -16 23 19 -14 -10 -12 -4 -3 26 -26 -6 -8 -17 -2
right_child=2 6 11 12 5 -7 7 -9 20 10 21 -13 18 -15 15 28 -18 -19 -20 -21 -22 -23 -24 -25 25 -27 -28 -29 -30 -31
leaf_value=-0.0015460673606932907 0.00096292072839582361 0.0057119062174763868 0.0020356967248948048 0.00040101866035694393 0.00020568390086370968 -0.0038477553723240084 -0.0013059458290135058 -0.0047330253469670446 -0.0039133206398230353 0.00057485351380585751 0.011140045099008313 0.0051220058294541128 0.0050276368772147473 -0.0014120864551947139 0.00023208741994243539 -0.00093869683159751572 -0.0069294684696571103 -4.5790187771810091e-05 0.0066618192636403997 -0.010516947242662522 -0.00069707332942302519 0.0037038422218183594 -0.0086772077339739833 0.00034449550027509045 -3.4913238947582135e-06 0.0038530162369953846 -0.0018199627732411667 0.0055495262685433455 0.00028132638325653435 0.0020621328319667749
leaf_weight=3455 10127 85 4114 3815 1325 170 104 171 185 728 31 174 22 562 1778 17351 35 15743 71 13.999999999999998 524 137 11.999999999999998 104 262 192 441 39 923 1118
leaf_count=3455 10127 85 4114 3815 1325 170 104 171 185 728 31 174 22 562 1778 17351 35 15743 71 14 524 137 12 104 262 192 441 39 923 1118
internal_value=2.43004e-08 -0.000511389 0.00111796 0.000841112 -0.000834702 -0.00072535 -4.17121e-05 -0.00232023 -9.02263e-07 6.3814e-05 0.00142038 0.0021306 0.000261517 0.000168192 -0.000701537 -0.000789476 9.34589e-05 -1.24864e-05 0.00407542 -0.00102987 -0.00153673 0.00508181 0.00200433 0.00276015 9.41469e-05 0.00162794 -0.000300229 0.0005663 -0.000877074 0.00107222
internal_weight=63812 43783 20029 15729 25932 22477 17851 314 17537 16828 896 4300 4484 4377 22307 20087 1813 15932 107 36 709 168 4126 189 2220 454 1766 143 18274 11245
internal_count=63812 43783 20029 15729 25932 22477 17851 314 17537 16828 896 4300 4484 4377 22307 20087 1813 15932 107 36 709 168 4126 189 2220 454 1766 143 18274 11245
is_linear=0
shrinkage=0.05


Tree=41
num_leaves=31
num_cat=0
split_feature=14 14 14 10 14 7 1 18 16 6 5 8 9 7 14 9 14 1 5 4 6 18 14 18 7 4 1 1 9 5
split_gain=13.1704 2.40018 2.02699 0.760595 0.713073 0.637624 0.731118 0.644368 0.616968 0.612351 0.5923 0.839542 0.605961 0.930671 0.921074 0.577571 0.69252 0.807773 0.639245 0.576164 1.02441 0.561644 0.544588 0.541053 0.525656 0.510462 0.491101 0.537508 0.691091 0.482346
threshold=6.3234621011542984 5.5032948732385458 7.3469749393815045 3.5000000000000004 3.7494348669884654 579.50000000000011 2377821.5000000005 4.5000000000000009 1.5000000000000002 1.1025000000000003 207969.50000000003 1.0000000180025095e-35 47.500000000000007 76.500000000000014 5.6401308701359305 7.5000000000000009 5.0594204191876377 1337109.5000000002 216544.50000000003 9.5000000000000018 0.76400000000000012 2.5000000000000004 8.6219296577985371 1.0000000180025095e-35 36.500000000000007 15.500000000000002 1493301.0000000002 8346812.0000000009 101.50000000000001 513502.00000000006
decision_type=2 2 2 2 2 2 2 2 2 2 2 2 2 2 2 2 2 2 2 2 2 2 2 2 2 2 2 2 2 2
left_child=1 4 3 -2 24 7 -7 10 21 22 12 29 13 -3 -14 16 18 -18 -10 -5 -21 -6 25 -17 -1 -4 -26 -28 -29 -12
right_child=2 5 9 19 8 6 -8 -9 15 -11 11 -13 14 -15 -16 23 17 -19 -20 20 -22 -23 -24 -25 26 -27 27 28 -30 -31
leaf_value=-0.001841423120119424 0.0010186140788625471 0.00015082263944841466 0.0020399939736008414 0.00015978109286383856 0.00023924928708796598 0.00075144003837524756 -0.0046014306613934609 0.0011993786994478751 -0.0004948257257126464 -0.0013953015379249364 -0.0012407112458823017 -0.0047099394272672561 -0.0018503121010114137 0.0045254851655393792 -0.00016571898332693109 -0.0013783372752870114 -0.00062020892138673917 0.0020472371460248965 -0.0043140135763227476 -0.01051780547074101 0.0055297272928319799 -0.0034327516499262282 0.0048660526494375212 -0.00072694993115887468 0.00042735694954982532 -0.0082469326405485814 -0.0025241954300422222 -0.0011939173353554397 0.0060334103909238301 0.0052727595361097314
leaf_weight=2530 11245 9820 3987 4377 2288 106 160 1048 1947 127 104 163 957 123 5331 4304 524 619 116 10.999999999999998 96 109 174 12295 608 11.999999999999998 429 117 46 39
leaf_count=2530 11245 9820 3987 4377 2288 106 160 1048 1947 127 104 163 957 123 5331 4304 524 619 116 11 96 109 174 12295 608 12 429 117 46 39
internal_value=2.36738e-08 -0.000485819 0.00106206 0.000799057 -0.000792969 -3.96219e-05 -0.00246885 -2.86225e-06 -0.000685496 0.00202407 -7.90587e-05 -0.00225803 -3.79652e-05 0.000204984 -0.00042213 -0.000777192 -0.000162796 0.000824419 -0.000709773 0.000248442 0.0038717 7.21343e-05 0.00212817 -0.000895857 -0.00143264 0.00200892 -0.000570722 -0.00159568 0.000848145 0.000538133
internal_weight=63812 43783 20029 15729 25932 17851 266 17585 22202 4300 16537 306 16231 9943 6288 19805 3206 1143 2063 4484 107 2397 4173 16599 3730 3999 1200 592 163 143
internal_count=63812 43783 20029 15729 25932 17851 266 17585 22202 4300 16537 306 16231 9943 6288 19805 3206 1143 2063 4484 107 2397 4173 16599 3730 3999 1200 592 163 143
is_linear=0
shrinkage=0.05


Tree=42
num_leaves=31
num_cat=0
split_feature=14 14 14 15 19 19 6 19 12 12 1 9 15 19 7 7 5 1 14 12 9 15 2 1 1 19 15 1 1 5
split_gain=11.8863 2.17759 1.85279 0.812391 0.786734 0.733183 0.719538 0.687563 0.700612 0.686799 0.672459 0.906414 0.657068 1.10997 0.655066 0.636364 0.69309 0.634524 0.58636 0.676393 0.586905 0.579326 0.578336 0.577619 0.575404 0.540385 0.51048 0.532682 0.504358 0.497668
threshold=6.3234621011542984 5.344720891341141 7.1252827678962758 3.8393944990995768 68.998422698927428 79.991050000000016 0.7732500000000001 19.26143226324238 14.500000000000002 7.5000000000000009 307052.00000000006 157.50000000000003 4.0342014792848504 83.648906504065067 579.50000000000011 1.0000000180025095e-35 1446.5000000000002 2678392.5000000005 8.2052283176051706 202.50000000000003 163.50000000000003 3.1984648276080736 48254.500000000007 10520043.000000002 36869.000000000007 85.542212500000019 2.524928003624769 108321.00000000001 2775264.5000000005 269314.50000000006
decision_type=2 2 2 2 2 2 2 2 2 2 2 2 2 2 2 2 2 2 2 2 2 2 2 2 2 2 2 2 2 2
left_child=1 4 12 21 26 6 9 -5 29 -4 11 22 13 -2 23 16 28 -16 19 20 -8 -3 25 -10 -24 -6 27 -1 -12 -9
right_child=2 3 5 7 10 -7 18 8 14 -11 15 -13 -14 -15 17 -17 -18 -19 -20 -21 -22 -23 24 -25 -26 -27 -28 -29 -30 -31
leaf_value=0.0066133711536396425 0.0011105922779048761 0.012016013684407087 0.0069213602572793858 -0.0019532812009949471 -0.0010784671635825427 0.0030340149510807101 0.0015364968958914093 0.0020020562061163895 -0.00010523720754102256 0.00018255248438127584 0.0076490616236219505 0.0077605230660837314 0.00045645597914308067 0.0076930213706373337 0.00051708336412332144 -0.00032193037859486461 -0.00045044932697073115 -0.0045194789558873853 0.0038118537792757585 0.0023796830024668436 -0.00030577831811229078 -0.0023789913540950406 0.00043715722224633898 0.00089932400739051025 -0.0041894815475029224 0.0044496674173224527 -0.0010080707673455487 -0.002924941408432977 -0.0043198998814614701 -0.0029599162417813839
leaf_weight=14.999999999999998 3961 6.9999999999999991 39 462 2239 902 1664 611 17537 1146 70 28 9635 65 103 7883 79 159 333 1700 584 458 88 1558 284 45 11606 486 9.9999999999999982 55
leaf_count=15 3961 7 39 462 2239 902 1664 611 17537 1146 70 28 9635 65 103 7883 79 159 333 1700 584 458 88 1558 284 45 11606 486 10 55
internal_value=2.13148e-08 -0.000461529 0.00100896 -9.34031e-05 -0.000799294 0.00171331 0.00149532 -4.64876e-05 -2.4817e-06 0.000404901 -0.000487468 -0.00117274 0.000680617 0.00121705 -5.73462e-05 -0.000258747 0.00287202 -0.00254001 0.00179713 0.00162711 0.00105791 -0.00215976 -0.00126721 -2.32687e-05 -0.00309518 -0.00096936 -0.00107554 -0.0026381 0.00614942 0.0015919
internal_weight=63812 43783 20029 20950 22833 6368 5466 20485 20023 1185 10726 2684 13661 4026 19357 8042 159 262 4281 3948 2248 465 2656 19095 372 2284 12107 501 80 666
internal_count=63812 43783 20029 20950 22833 6368 5466 20485 20023 1185 10726 2684 13661 4026 19357 8042 159 262 4281 3948 2248 465 2656 19095 372 2284 12107 501 80 666
is_linear=0
shrinkage=0.05


Tree=43
num_leaves=31
num_cat=0
split_feature=14 14 14 14 0 8 4 18 1 0 10 18 2 2 7 0 1 7 2 0 8 7 4 0 1 4 16 2 0 8
split_gain=10.8118 2.56168 1.22942 0.899851 0.682432 0.678589 0.751881 0.741544 0.535797 1.10591 0.78326 0.621472 0.645388 0.550646 0.508886 0.497318 0.60474 0.493773 0.89311 0.671483 0.603814 0.533405 0.529388 0.483531 0.482505 0.477114 0.476774 1.30716 0.481145 0.519339
threshold=6.0414437724798988 6.7679181684570118 4.5591125415341898 7.7441362521724226 1383168.5000000002 5.5000000000000009 11.500000000000002 10.500000000000002 598161.00000000012 42113.500000000007 4.5000000000000009 1.5000000000000002 26146.000000000004 2094.0000000000005 741.50000000000011 124015.00000000001 159944.00000000003 404.50000000000006 388780.00000000006 151281.50000000003 2.5000000000000004 60.500000000000007 6.5000000000000009 102445.00000000001 22296391.000000004 23.500000000000004 1.5000000000000002 18555.000000000004 517492.00000000006 4.5000000000000009
decision_type=2 2 2 2 2 2 2 2 2 2 2 2 2 2 2 2 2 2 2 2 2 2 2 2 2 2 2 2 2 2
left_child=2 25 17 4 8 6 7 -4 9 13 -11 24 -13 -3 -6 -7 -17 18 19 22 -21 -22 -1 -24 -10 26 27 -2 -28 -30
right_child=1 3 5 -5 14 15 -8 -9 11 10 -12 12 -14 -15 -16 16 -18 -19 -20 20 21 -23 23 -25 -26 -27 28 -29 29 -31
leaf_value=-0.0009995962517660563 -0.00079618432267763474 0.010298851845197347 -0.00031942589430554821 0.0023298251320138033 -0.0021948795005602016 -0.00088126671789801264 -0.0054828323995642705 0.0030125015553619976 0.00054899941042469552 -0.00031334944087234258 0.0029082990142287549 0.0038493036195352613 0.0013189805528283176 0.0025203976092096937 0.0093039697644734156 0.0079475094541168415 -0.003425439514695647 -0.0064130541636230262 0.0074736652510252648 -0.0053136232992366745 0.0070509808888367569 -0.0038368947556651975 0.0012701564924657797 0.013163507826483021 0.0041866269483802213 0.0078562650988452231 0.00035149480690367088 0.0043913353288198773 -0.00024587864092543847 -0.0033253339883386615
leaf_weight=10020 236 23 25268 1897 204 992 70 168 4382 741 253 288 2014 1564 9.9999999999999982 11.999999999999998 350 42 31 158 21 24 141 8.9999999999999982 93 21 13702 250 655 173
leaf_count=10020 236 23 25268 1897 204 992 70 168 4382 741 253 288 2014 1564 10 12 350 42 31 158 21 24 141 9 93 21 13702 250 655 173
internal_value=2.36169e-08 0.000772143 -0.00054857 0.00133497 0.00113779 -0.000369567 -0.00031166 -0.000297407 0.00120163 0.0018147 0.000506858 0.000968126 0.0016357 0.00263377 -0.00165346 -0.0014603 -0.00304634 -0.00100883 -0.000986956 -0.00101231 -0.00385907 0.00124848 -0.000955452 0.00199205 0.000624689 0.000342858 0.000332298 0.00187265 0.000280764 -0.000889615
internal_weight=63812 26506 37306 11469 9572 26860 25506 25436 9358 2581 994 6777 2302 1587 214 1354 362 10446 10404 10373 203 45 10170 150 4475 15037 15016 486 14530 828
internal_count=63812 26506 37306 11469 9572 26860 25506 25436 9358 2581 994 6777 2302 1587 214 1354 362 10446 10404 10373 203 45 10170 150 4475 15037 15016 486 14530 828
is_linear=0
shrinkage=0.05


Tree=44
num_leaves=31
num_cat=0
split_feature=14 14 15 15 14 18 0 10 6 7 6 14 5 1 5 14 7 10 9 9 10 7 1 10 0 0 15 1 5 2
split_gain=9.75777 2.32506 1.16286 0.717253 1.01608 0.63172 0.62692 0.596962 0.621343 0.563442 1.37418 0.618564 0.848879 0.720822 0.538473 0.615964 0.529275 0.526558 0.50987 0.961272 0.860713 1.01224 0.79609 0.79065 0.759084 0.725236 0.699828 0.682422 0.664387 0.556926
threshold=6.0414437724798988 6.916218251276935 3.7256208424938384 4.0517471391904856 7.5938777178365546 1.5000000000000002 760406.00000000012 1.5000000000000002 0.86915000000000009 4.5000000000000009 0.90775000000000017 4.8559213341406453 65470.500000000007 13406146.500000002 8676.5000000000018 6.9721374280137729 370.00000000000006 38.500000000000007 32.500000000000007 10.500000000000002 9.5000000000000018 141.50000000000003 3704986.0000000005 3.5000000000000004 8629.5000000000018 8437.5000000000018 3.9219243190762363 9067288.5000000019 692071.00000000012 75159.000000000015
decision_type=2 2 2 2 2 2 2 2 2 2 2 2 2 2 2 2 2 2 2 2 2 2 2 2 2 2 2 2 2 2
left_child=2 6 16 14 5 -5 18 8 -8 10 11 12 -4 -13 -3 -16 -1 -11 19 22 23 -22 28 26 25 -21 -20 -25 -2 -24
right_child=1 3 9 4 -6 -7 7 -9 -10 17 -12 13 -14 -15 15 -17 -18 -19 20 24 21 -23 29 27 -26 -27 -28 -29 -30 -31
leaf_value=-0.00088526365596182073 0.000369239591347034 0.0025643277229277389 0.0064983833018254682 0.00027130026076562338 0.0020152643501878363 0.001442060321045986 -0.0025949665981397016 -0.0026626597809328366 0.0037587152105244439 -0.00035021331724297152 0.0047088433470907076 -0.00081645727249534837 -0.0027286148632592912 0.005485723888125898 0.0045626138737491625 -0.0010410270955136321 -0.0059841679893944365 -0.0030064261868716891 -0.0078958529975422277 0.0024623157568976223 0.004416351228039064 0.00074958754532509044 -0.0018775535104123787 -0.0012434980582953054 0.00092568343460949559 0.014333248764049006 0.00031037442648072517 0.0014148078116055303 0.0075062060773687786 0.0062112772860458939
leaf_weight=12832 2199 1689 76 2904 2290 1910 66 314 92 23089 185 800 37 48 63 220 51 188 26 737 211 1737 576 1749 3704 12.999999999999998 5671 280 33 22
leaf_count=12832 2199 1689 76 2904 2290 1910 66 314 92 23089 185 800 37 48 63 220 51 188 26 737 211 1737 576 1749 3704 13 5671 280 33 22
internal_value=2.6844e-08 0.000733544 -0.00052114 0.0013825 0.00114828 0.000735831 0.00039562 -0.00140159 0.00110468 -0.000318391 0.000763911 4.06952e-06 0.00347741 -0.000459125 0.00222614 0.000207598 -0.000905495 -0.000371679 0.000445651 0.000761607 0.000207747 0.00114696 4.10095e-05 -2.90745e-05 0.00121945 0.00266996 0.000272785 -0.000876603 0.000475091 -0.00157898
internal_weight=63812 26506 37306 9076 7104 4814 17430 472 158 24423 1146 961 113 848 1972 283 12883 23277 16958 7284 9674 1948 2830 7726 4454 750 5697 2029 2232 598
internal_count=63812 26506 37306 9076 7104 4814 17430 472 158 24423 1146 961 113 848 1972 283 12883 23277 16958 7284 9674 1948 2830 7726 4454 750 5697 2029 2232 598
is_linear=0
shrinkage=0.05


Tree=45
num_leaves=31
num_cat=0
split_feature=14 14 14 10 9 0 19 1 1 18 9 14 4 8 0 12 0 6 7 12 19 4 18 19 0 0 1 12 2 10
split_gain=8.8422 1.69151 1.38606 0.858654 0.806686 0.795418 0.72961 0.723194 0.806832 0.755316 0.698271 0.62239 0.568917 0.568598 0.596487 0.545214 0.538025 0.532537 0.835695 0.573483 0.529998 0.529846 0.51632 0.944686 0.878852 0.79356 0.652444 0.805108 0.679908 0.586798
threshold=6.3234621011542984 5.6039604435878507 7.5205054857687132 3.5000000000000004 475.50000000000006 601135.50000000012 55.5757075651156 7054023.0000000009 6785231.0000000009 4.5000000000000009 643.00000000000011 7.1708872968977238 1.0000000180025095e-35 6.5000000000000009 381.00000000000006 14.500000000000002 23695.000000000004 0.98585000000000012 4.5000000000000009 2.5000000000000004 20.570784502712481 4.5000000000000009 1.0000000180025095e-35 55.5757075651156 690876.00000000012 189385.50000000003 9615285.5000000019 69.500000000000014 1900.5000000000002 9.5000000000000018
decision_type=2 2 2 2 2 2 2 2 2 2 2 2 2 2 2 2 2 2 2 2 2 2 2 2 2 2 2 2 2 2
left_child=1 4 3 11 6 13 7 8 21 20 -6 -2 -11 14 -5 17 -4 19 -19 -3 -9 -1 23 26 25 -25 28 -28 -17 -24
right_child=2 15 16 5 10 -7 -8 9 -10 12 -12 -13 -14 -15 -16 22 -18 18 -20 -21 -22 -23 29 24 -26 -27 27 -29 -30 -31
leaf_value=-0.0012157996745425525 0.00076040727215352557 -0.0032413566763948368 0.0030882217601872022 -0.004557092750456816 -0.0072481760062644857 -0.001304931842145192 -0.00045966572648945751 -0.0026488303303158827 -0.0069068030702985773 0.010873235560534321 0.001660583130829655 0.001731741790408481 0.0019617267540154907 0.0027112715886918209 0.0003451159460860229 -0.0072703023763612557 0.0014944173100011793 0.01040773838511703 -0.00052204485984528107 0.0017504404593983499 -0.00010932986751853221 -0.0063315941118352748 5.5736627522773236e-05 -0.00012557233426130837 -0.015466252833113567 0.0028487675334895536 0.0041943322494980501 -0.0010118007067532445 -0.00165073375746106 0.0014264498209303107
leaf_weight=5381 10127 68 680 63 82 804 20637 236 64 23 30 1970 80 253 3738 56 2394 40 31 371 1583 51 9212 3042 8.9999999999999982 242 105 253 1334 853
leaf_count=5381 10127 68 680 63 82 804 20637 236 64 23 30 1970 80 253 3738 56 2394 40 31 371 1583 51 9212 3042 9 242 105 253 1334 853
internal_value=2.85462e-08 -0.000398056 0.000870232 0.000693118 -0.000629459 0.000131626 -0.000612542 -0.00103784 -0.00132978 -0.000202988 -0.00486255 0.000918602 0.00396029 0.000416553 0.000263746 1.93321e-05 0.00184707 0.00162707 0.00564156 0.000976662 -0.000438936 -0.00126395 -3.49577e-05 -0.000448003 5.06939e-05 9.36887e-05 -0.00138743 0.000515883 -0.00187764 0.000171916
internal_weight=63812 43783 20029 16955 28167 4858 28055 7418 5496 1922 112 12097 103 4054 3801 15616 3074 510 71 439 1819 5432 15106 5041 3293 3284 1748 358 1390 10065
internal_count=63812 43783 20029 16955 28167 4858 28055 7418 5496 1922 112 12097 103 4054 3801 15616 3074 510 71 439 1819 5432 15106 5041 3293 3284 1748 358 1390 10065
is_linear=0
shrinkage=0.05


Tree=46
num_leaves=31
num_cat=0
split_feature=14 14 15 6 15 19 19 19 4 14 16 15 14 6 6 6 19 0 0 12 14 0 19 18 6 19 9 12 12 12
split_gain=8.02863 2.18952 0.90607 0.971731 0.856241 0.705931 0.682021 1.11178 0.86366 0.672255 0.624792 0.535196 0.702436 0.703552 1.07313 0.562511 0.591825 0.528147 0.646672 0.56905 0.525611 0.658368 0.524036 0.517506 0.512795 0.726871 0.959246 0.563985 0.584824 0.569319
threshold=5.9388537289014298 6.7679181684570118 4.0163424379838117 1.0816500000000002 3.7256208424938384 79.876816071428578 78.652010699300718 78.818114193548396 1.5000000000000002 5.5548938233105778 1.5000000000000002 4.0517471391904856 7.7441362521724226 0.77365000000000006 0.74915000000000009 0.97415000000000018 37.588702222222231 55985.500000000007 60433.000000000007 93.500000000000014 5.5154408213148463 21001.500000000004 61.423240474308308 12.500000000000002 0.89945000000000019 64.553836247086267 3.5000000000000004 410.50000000000006 390.50000000000006 416.50000000000006
decision_type=2 2 2 2 2 2 2 2 2 2 2 2 2 2 2 2 2 2 2 2 2 2 2 2 2 2 2 2 2 2
left_child=4 2 -2 24 9 11 -6 8 -8 20 -9 15 13 14 -13 -3 -17 19 -19 -12 -1 -22 -18 -15 27 26 -26 28 -4 -29
right_child=1 5 3 -5 6 -7 7 10 -10 -11 17 12 -14 23 -16 16 22 18 -20 -21 21 -23 -24 -25 25 -27 -28 29 -30 -31
leaf_value=-0.00083254549216034966 0.00076761180074621973 0.0018889055000593348 1.5775670601909497e-06 -0.0020275957460432563 -0.00045138892258074286 0.0021055560496531203 0.0074599475897928636 0.002013564138129162 0.00024985933810293915 -0.0097490583030039098 0.00046383949752355096 3.1004669940013028e-05 0.0018070567565007989 0.00074008910864513183 -0.0044730900803502506 -0.0059101523414444345 0.0037580384567392315 0.008306195823478163 0.00097467748350304377 -0.00083658539065571257 -0.0048508237180585898 0.010687453672289848 -0.001313251315483955 0.0045246510927228669 -0.0064674985008834288 0.0011609365453774877 1.4595167942543813e-05 -0.0060301700204572648 0.0043316618804307722 -0.00087758034221648213
leaf_weight=12825 5883 2215 5498 560 18105 1671 93 382 75 21 1525 1013 1353 4708 152 43 79 38 143 1876 10.000000000000002 21 143 92 59 2219 1665 56 79 1210
leaf_count=12825 5883 2215 5498 560 18105 1671 93 382 75 21 1525 1013 1353 4708 152 43 79 38 143 1876 10 21 143 92 59 2219 1665 56 79 1210
internal_value=2.59649e-08 0.000620399 0.000264067 2.97078e-06 -0.000506993 0.00115568 -0.000319104 0.00026052 0.00424322 -0.000831451 9.16246e-05 0.000993666 0.000778524 0.000545203 -0.000556988 0.00162845 -0.000548446 -0.00011339 0.00251763 -0.000253482 -0.000816808 0.00567563 0.000492276 0.000812719 0.000108414 0.00056258 -0.000207602 -0.000153285 6.29912e-05 -0.00110596
internal_weight=63812 28698 17229 11346 35114 11469 22237 4132 168 12877 3964 9798 7318 5965 1165 2480 265 3582 181 3401 12856 31 222 4800 10786 3943 1724 6843 5577 1266
internal_count=63812 28698 17229 11346 35114 11469 22237 4132 168 12877 3964 9798 7318 5965 1165 2480 265 3582 181 3401 12856 31 222 4800 10786 3943 1724 6843 5577 1266
is_linear=0
shrinkage=0.05


end of trees

feature_importances:
ext_log_unique_sites=313
replication_timing=220
ext_log_n_patients=121
dist_to_nearest_cancer_tss=115
encode_ccre_count=98
dist_to_nearest_tss=97
encode_enhancer_count=61
gene_length=58
ot_disease_count=57
tcell_h3k27ac_count=56
cpg_island_count=50
encode_ctcf_count=46
cpg_mean_obs_exp=39
cpg_nearest_dist=25
ext_n_datasets=25
encode_promoter_count=20
ot_cancer_hallmark_count=7
in_repeat=2

parameters:
[boosting: gbdt]
[objective: regression]
[metric: rmse]
[tree_learner: serial]
[device_type: cpu]
[data_sample_strategy: bagging]
[data: ]
[valid: ]
[num_iterations: 47]
[learning_rate: 0.05]
[num_leaves: 31]
[num_threads: 0]
[seed: 42]
[deterministic: 0]
[force_col_wise: 0]
[force_row_wise: 0]
[histogram_pool_size: -1]
[max_depth: 7]
[min_data_in_leaf: 5]
[min_sum_hessian_in_leaf: 0.001]
[bagging_fraction: 0.8]
[pos_bagging_fraction: 1]
[neg_bagging_fraction: 1]
[bagging_freq: 0]
[bagging_seed: 400]
[bagging_by_query: 0]
[feature_fraction: 0.8]
[feature_fraction_bynode: 1]
[feature_fraction_seed: 30056]
[extra_trees: 0]
[extra_seed: 12879]
[early_stopping_round: 0]
[early_stopping_min_delta: 0]
[first_metric_only: 0]
[max_delta_step: 0]
[lambda_l1: 0]
[lambda_l2: 0.1]
[linear_lambda: 0]
[min_gain_to_split: 0]
[drop_rate: 0.1]
[max_drop: 50]
[skip_drop: 0.5]
[xgboost_dart_mode: 0]
[uniform_drop: 0]
[drop_seed: 17869]
[top_rate: 0.2]
[other_rate: 0.1]
[min_data_per_group: 100]
[max_cat_threshold: 32]
[cat_l2: 10]
[cat_smooth: 10]
[max_cat_to_onehot: 4]
[top_k: 20]
[monotone_constraints: ]
[monotone_constraints_method: basic]
[monotone_penalty: 0]
[feature_contri: ]
[forcedsplits_filename: ]
[refit_decay_rate: 0.9]
[cegb_tradeoff: 1]
[cegb_penalty_split: 0]
[cegb_penalty_feature_lazy: ]
[cegb_penalty_feature_coupled: ]
[path_smooth: 0]
[interaction_constraints: ]
[verbosity: -1]
[saved_feature_importance_type: 0]
[use_quantized_grad: 0]
[num_grad_quant_bins: 4]
[quant_train_renew_leaf: 0]
[stochastic_rounding: 1]
[linear_tree: 0]
[max_bin: 255]
[max_bin_by_feature: ]
[min_data_in_bin: 3]
[bin_construct_sample_cnt: 200000]
[data_random_seed: 175]
[is_enable_sparse: 1]
[enable_bundle: 1]
[use_missing: 1]
[zero_as_missing: 0]
[feature_pre_filter: 1]
[pre_partition: 0]
[two_round: 0]
[header: 0]
[label_column: ]
[weight_column: ]
[group_column: ]
[ignore_column: ]
[categorical_feature: ]
[forcedbins_filename: ]
[precise_float_parser: 0]
[parser_config_file: ]
[objective_seed: 16083]
[num_class: 1]
[is_unbalance: 0]
[scale_pos_weight: 1]
[sigmoid: 1]
[boost_from_average: 1]
[reg_sqrt: 0]
[alpha: 0.9]
[fair_c: 1]
[poisson_max_delta_step: 0.7]
[tweedie_variance_power: 1.5]
[lambdarank_truncation_level: 30]
[lambdarank_norm: 1]
[label_gain: ]
[lambdarank_position_bias_regularization: 0]
[eval_at: ]
[multi_error_top_k: 1]
[auc_mu_weights: ]
[num_machines: 1]
[local_listen_port: 12400]
[time_out: 120]
[machine_list_filename: ]
[machines: ]
[gpu_platform_id: -1]
[gpu_device_id: -1]
[gpu_use_dp: 0]
[num_gpu: 1]

end of parameters

pandas_categorical:null
